code,unit_id,distance,school_type,credential_level,school_name,locale,carnegie_size_setting,admission_rate_overall,median_family_income,students_with_pell_grant,open_admissions_policy,age_entry,title_iv_eligibility_type,selectivity_bucket,actual,pred,title,4_yr_working_count,error,school_count,confidence,pct_error,score
1205,132374,1,Public,1,Atlantic Technical College,21,-2,,16748.0,,1.0,26.0,1,,22265.0,32497.172,Culinary Arts and Related Services.,28,-10232.171875,6,medium,-0.3148634568681216,-0.3009746758249195
4603,132374,2,Public,1,Atlantic Technical College,21,-2,,16748.0,,1.0,26.0,1,,41177.000000000015,41086.582,Electrical and Power Transmission Installers.,27,90.41796875001457,5,low,0.0022006690330493,0.0020995334415421
4702,132374,1,Public,1,Atlantic Technical College,21,-2,,16748.0,,1.0,26.0,1,,47325.00000000001,41659.6,"Heating, Air Conditioning, Ventilation and Refrigeration Maintenance Technology/Technician (HAC, HACR, HVAC, HVACR).",48,5665.398437500007,13,medium,0.1359926217489254,0.1327571175191751
4706,132374,1,Public,1,Atlantic Technical College,21,-2,,16748.0,,1.0,26.0,1,,42838.99999999996,51169.758,Vehicle Maintenance and Repair Technologies/Technicians.,28,-8330.757812500036,24,high,-0.1628062779391337,-0.1556248134108369
5108,132374,1,Public,1,Atlantic Technical College,21,-2,,16748.0,,1.0,26.0,1,,33080.999999999985,34282.832,Allied Health and Medical Assisting Services.,29,-1201.8320312500146,33,high,-0.0350563812859597,-0.0335701563555428
5139,132374,1,Public,1,Atlantic Technical College,21,-2,,16748.0,,1.0,26.0,1,,55723.99999999997,56208.805,"Practical Nursing, Vocational Nursing and Nursing Assistants.",46,-484.8046875000291,47,high,-0.0086250666634055,-0.008409500802617
3906,132408,3,"Private, nonprofit",3,Baptist University of Florida,42,7,0.3599,33739.0,0.7795698925,2.0,26.0,1,mid,42321.99999999996,49480.445,Theological and Ministerial Studies.,30,-7158.445312500036,4,low,-0.144672208733975,-0.1387698620187428
1101,132471,2,"Private, nonprofit",3,Barry University,21,13,0.7724,28822.0,0.7126805778,2.0,26.0,1,open,65950.99999999996,103450.58,"Computer and Information Sciences, General.",32,-37499.57812500005,19,high,-0.3624878546322773,-0.3487446700741549
1304,132471,2,"Private, nonprofit",5,Barry University,21,13,0.7724,28822.0,0.7126805778,2.0,26.0,1,open,79566.99999999994,68930.555,Educational Administration and Supervision.,91,10636.445312499942,20,high,0.1543066838896158,0.1525645278264725
1313,132471,2,"Private, nonprofit",5,Barry University,21,13,0.7724,28822.0,0.7126805778,2.0,26.0,1,open,69283.99999999999,59614.156,"Teacher Education and Professional Development, Specific Subject Areas.",20,9669.843749999984,8,medium,0.1622071728977961,0.1517983810305916
2201,132471,1,"Private, nonprofit",7,Barry University,21,13,0.7724,28822.0,0.7126805778,2.0,26.0,1,open,82024.00000000001,100120.484,Law.,302,-18096.484374999985,8,medium,-0.1807470717702466,-0.1802435494508815
2401,132471,1,"Private, nonprofit",3,Barry University,21,13,0.7724,28822.0,0.7126805778,2.0,26.0,1,open,51734.00000000003,58434.527,"Liberal Arts and Sciences, General Studies and Humanities.",44,-6700.527343749971,12,medium,-0.1146672634884697,-0.1116503158780632
2601,132471,1,"Private, nonprofit",3,Barry University,21,13,0.7724,28822.0,0.7126805778,2.0,26.0,1,open,60470.99999999997,56796.52,"Biology, General.",41,3674.480468749971,24,high,0.0646955218220411,0.0628489140826252
3105,132471,1,"Private, nonprofit",3,Barry University,21,13,0.7724,28822.0,0.7126805778,2.0,26.0,1,open,47018.99999999997,54610.363,"Sports, Kinesiology, and Physical Education/Fitness.",26,-7591.363281250029,18,high,-0.1390095730027208,-0.1323441978504633
3105,132471,2,"Private, nonprofit",5,Barry University,21,13,0.7724,28822.0,0.7126805778,2.0,26.0,1,open,56461.99999999997,58413.465,"Sports, Kinesiology, and Physical Education/Fitness.",29,-1951.464843750029,6,medium,-0.0334077913195184,-0.0319914588143399
4201,132471,1,"Private, nonprofit",3,Barry University,21,13,0.7724,28822.0,0.7126805778,2.0,26.0,1,open,44015.99999999998,54721.094,"Psychology, General.",29,-10705.093750000022,29,high,-0.1956301129306287,-0.1873363204651116
4228,132471,1,"Private, nonprofit",5,Barry University,21,13,0.7724,28822.0,0.7126805778,2.0,26.0,1,open,57962.000000000015,70028.48,"Clinical, Counseling and Applied Psychology.",55,-12066.476562499984,9,medium,-0.1723081402710614,-0.1688075605227418
4404,132471,2,"Private, nonprofit",3,Barry University,21,13,0.7724,28822.0,0.7126805778,2.0,26.0,1,open,97701.99999999994,64534.418,Public Administration.,70,33167.58203124994,7,medium,0.5139518271833015,0.5060676002132478
4404,132471,2,"Private, nonprofit",5,Barry University,21,13,0.7724,28822.0,0.7126805778,2.0,26.0,1,open,81624.99999999996,80072.555,Public Administration.,111,1552.4453124999563,10,medium,0.0193879827933391,0.0192144770436397
4407,132471,2,"Private, nonprofit",5,Barry University,21,13,0.7724,28822.0,0.7126805778,2.0,26.0,1,open,64500.00000000002,67699.19,Social Work.,226,-3199.187499999978,9,medium,-0.0472559216460312,-0.0470715446818784
5107,132471,2,"Private, nonprofit",3,Barry University,21,13,0.7724,28822.0,0.7126805778,2.0,26.0,1,open,89971.00000000003,64506.734,Health and Medical Administrative Services.,27,25464.26562500003,18,high,0.394753600096502,0.3766120084960346
5109,132471,1,"Private, nonprofit",3,Barry University,21,13,0.7724,28822.0,0.7126805778,2.0,26.0,1,open,134968.0,68777.76,"Allied Health Diagnostic, Intervention, and Treatment Professions.",30,66190.2421875,7,medium,0.9623785987316712,0.9231154105164512
5109,132471,1,"Private, nonprofit",5,Barry University,21,13,0.7724,28822.0,0.7126805778,2.0,26.0,1,open,127659.99999999996,137557.16,"Allied Health Diagnostic, Intervention, and Treatment Professions.",167,-9897.156250000044,9,medium,-0.0719494101202026,-0.0715499625823932
5112,132471,1,"Private, nonprofit",7,Barry University,21,13,0.7724,28822.0,0.7126805778,2.0,26.0,1,open,111889.99999999993,84172.77,Medicine.,85,27717.226562499927,7,medium,0.3292896910790344,0.3252632971925759
5123,132471,2,"Private, nonprofit",5,Barry University,21,13,0.7724,28822.0,0.7126805778,2.0,26.0,1,open,75401.99999999994,73499.32,Rehabilitation and Therapeutic Professions.,66,1902.6796874999416,9,medium,0.0258870378584487,0.0254617047144003
5138,132471,1,"Private, nonprofit",3,Barry University,21,13,0.7724,28822.0,0.7126805778,2.0,26.0,1,open,93608.0,80868.68,"Registered Nursing, Nursing Administration, Nursing Research and Clinical Nursing.",164,12739.320312499984,57,high,0.1575309546505323,0.1566376698642309
5138,132471,1,"Private, nonprofit",5,Barry University,21,13,0.7724,28822.0,0.7126805778,2.0,26.0,1,open,145767.00000000003,121505.52,"Registered Nursing, Nursing Administration, Nursing Research and Clinical Nursing.",212,24261.47656250003,18,high,0.199673857419162,0.1988345681927256
5138,132471,2,"Private, nonprofit",6,Barry University,21,13,0.7724,28822.0,0.7126805778,2.0,26.0,1,open,138165.99999999988,128412.17,"Registered Nursing, Nursing Administration, Nursing Research and Clinical Nursing.",29,9753.828124999884,8,medium,0.0759571930182329,0.0727369669205266
5202,132471,2,"Private, nonprofit",3,Barry University,21,13,0.7724,28822.0,0.7126805778,2.0,26.0,1,open,64210.00000000001,76654.87,"Business Administration, Management and Operations.",197,-12444.867187499993,58,high,-0.1623493411978588,-0.1616060164915927
5202,132471,2,"Private, nonprofit",5,Barry University,21,13,0.7724,28822.0,0.7126805778,2.0,26.0,1,open,84090.00000000004,76308.555,"Business Administration, Management and Operations.",92,7781.445312500044,35,high,0.1019734333112026,0.1008367521473701
901,132602,1,"Private, nonprofit",3,Bethune-Cookman University,13,11,0.8824,22913.0,0.866638796,2.0,20.0,1,open,30852.000000000004,51155.47,Communication and Media Studies.,27,-20303.46875,15,medium,-0.3968973258601994,-0.3786572155956872
1313,132602,1,"Private, nonprofit",3,Bethune-Cookman University,13,11,0.8824,22913.0,0.866638796,2.0,20.0,1,open,33933.000000000015,49343.832,"Teacher Education and Professional Development, Specific Subject Areas.",39,-15410.832031249984,11,medium,-0.3123152661003331,-0.3028727983182477
2401,132602,1,"Private, nonprofit",3,Bethune-Cookman University,13,11,0.8824,22913.0,0.866638796,2.0,20.0,1,open,42126.99999999999,46578.777,"Liberal Arts and Sciences, General Studies and Humanities.",113,-4451.777343750015,12,medium,-0.0955752296994837,-0.0947375945789906
4201,132602,1,"Private, nonprofit",3,Bethune-Cookman University,13,11,0.8824,22913.0,0.866638796,2.0,20.0,1,open,37792.99999999997,36464.56,"Psychology, General.",47,1328.441406249971,29,high,0.0364310294017288,0.0355428857245408
4301,132602,1,"Private, nonprofit",3,Bethune-Cookman University,13,11,0.8824,22913.0,0.866638796,2.0,20.0,1,open,46540.00000000003,46783.97,Criminal Justice and Corrections.,31,-243.9687499999709,23,high,-0.0052147937962183,-0.0050098134087275
5138,132602,1,"Private, nonprofit",3,Bethune-Cookman University,13,11,0.8824,22913.0,0.866638796,2.0,20.0,1,open,76641.00000000003,82966.63,"Registered Nursing, Nursing Administration, Nursing Research and Clinical Nursing.",22,-6325.632812499971,57,high,-0.0762430943388476,-0.0718385374606183
5210,132602,3,"Private, nonprofit",5,Bethune-Cookman University,13,11,0.8824,22913.0,0.866638796,2.0,20.0,1,open,49834.99999999999,62024.688,Human Resources Management and Services.,24,-12189.687500000016,7,medium,-0.1965296076663024,-0.1862228655240234
901,132657,0,"Private, nonprofit",5,Lynn University,13,11,0.7347,41024.0,0.604197901,2.0,21.0,1,open,74355.99999999997,78052.78,Communication and Media Studies.,23,-3696.781250000029,3,low,-0.0473625819707741,-0.0447581313775546
1003,132657,1,"Private, nonprofit",3,Lynn University,13,11,0.7347,41024.0,0.604197901,2.0,21.0,1,open,36590.0,59872.03,Graphic Communications.,31,-23282.03125,4,low,-0.3888632265169724,-0.373577994163171
1304,132657,3,"Private, nonprofit",5,Lynn University,13,11,0.7347,41024.0,0.604197901,2.0,21.0,1,open,68722.00000000003,65972.195,Educational Administration and Supervision.,21,2749.804687500029,20,high,0.0416812670015698,0.0391463344472674
1304,132657,3,"Private, nonprofit",6,Lynn University,13,11,0.7347,41024.0,0.604197901,2.0,21.0,1,open,83158.00000000006,93211.016,Educational Administration and Supervision.,22,-10053.015624999942,5,low,-0.1078522270956098,-0.101621613388156
2601,132657,1,"Private, nonprofit",3,Lynn University,13,11,0.7347,41024.0,0.604197901,2.0,21.0,1,open,38783.000000000015,55189.27,"Biology, General.",23,-16406.269531249985,24,high,-0.2972728153606057,-0.2809258948993922
3105,132657,1,"Private, nonprofit",3,Lynn University,13,11,0.7347,41024.0,0.604197901,2.0,21.0,1,open,41208.99999999999,50264.445,"Sports, Kinesiology, and Physical Education/Fitness.",20,-9055.445312500016,18,high,-0.1801560776449683,-0.1685955092538285
4201,132657,2,"Private, nonprofit",3,Lynn University,13,11,0.7347,41024.0,0.604197901,2.0,21.0,1,open,47373.0,49428.426,"Psychology, General.",25,-2055.42578125,29,high,-0.0415838811121858,-0.0395003347694634
4301,132657,2,"Private, nonprofit",3,Lynn University,13,11,0.7347,41024.0,0.604197901,2.0,21.0,1,open,68824.0,51716.285,Criminal Justice and Corrections.,21,17107.71484375,23,high,0.3307993757104285,0.3106811267522165
5202,132657,3,"Private, nonprofit",3,Lynn University,13,11,0.7347,41024.0,0.604197901,2.0,21.0,1,open,72801.99999999996,57897.566,"Business Administration, Management and Operations.",22,14904.433593749956,58,high,0.2574276350264876,0.2425560631112264
5202,132657,2,"Private, nonprofit",5,Lynn University,13,11,0.7347,41024.0,0.604197901,2.0,21.0,1,open,77698.99999999994,83000.195,"Business Administration, Management and Operations.",247,-5301.195312500058,35,high,-0.0638696727464409,-0.0636449492099005
5211,132657,2,"Private, nonprofit",3,Lynn University,13,11,0.7347,41024.0,0.604197901,2.0,21.0,1,open,74456.00000000004,54341.41,International Business.,23,20114.589843750044,7,medium,0.3701521507431215,0.349797623002652
5139,132675,1,Public,1,North Florida Technical College,32,-2,,17719.0,,1.0,29.0,1,,52814.99999999999,49270.902,"Practical Nursing, Vocational Nursing and Nursing Assistants.",24,3544.097656249985,47,high,0.071930845339989,0.0681585248036644
1104,132693,1,Public,3,Eastern Florida State College,13,12,,22005.0,0.8466486121,1.0,25.0,1,,70868.99999999997,67766.37,Information Science/Studies.,43,3102.632812499971,5,low,0.0457842576084301,0.0445472570846469
2401,132693,1,Public,2,Eastern Florida State College,13,12,,22005.0,0.8466486121,1.0,25.0,1,,42427.99999999999,43976.85,"Liberal Arts and Sciences, General Studies and Humanities.",1032,-1548.8515625000146,36,high,-0.0352197009897078,-0.0351958236020641
4301,132693,1,Public,1,Eastern Florida State College,13,12,,22005.0,0.8466486121,1.0,25.0,1,,56068.000000000015,54401.77,Criminal Justice and Corrections.,68,1666.2304687500146,19,high,0.0306282402779726,0.0301422276480019
4302,132693,1,Public,1,Eastern Florida State College,13,12,,22005.0,0.8466486121,1.0,25.0,1,,55413.99999999996,62340.598,Fire Protection.,23,-6926.597656250044,6,medium,-0.1111089389043676,-0.1049991000864579
4706,132693,1,Public,1,Eastern Florida State College,13,12,,22005.0,0.8466486121,1.0,25.0,1,,68047.00000000004,45382.996,Vehicle Maintenance and Repair Technologies/Technicians.,28,22664.003906250044,24,high,0.4993941752860882,0.4773656540223327
5109,132693,1,Public,1,Eastern Florida State College,13,12,,22005.0,0.8466486121,1.0,25.0,1,,62987.99999999998,58415.754,"Allied Health Diagnostic, Intervention, and Treatment Professions.",39,4572.246093749978,22,high,0.0782707709479854,0.075904350496678
5109,132693,1,Public,2,Eastern Florida State College,13,12,,22005.0,0.8466486121,1.0,25.0,1,,54621.99999999998,68801.44,"Allied Health Diagnostic, Intervention, and Treatment Professions.",55,-14179.437500000022,39,high,-0.206092169222482,-0.2019052395003426
5110,132693,1,Public,2,Eastern Florida State College,13,12,,22005.0,0.8466486121,1.0,25.0,1,,67936.00000000004,55164.01,Clinical/Medical Laboratory Science/Research and Allied Professions.,20,12771.988281250044,4,low,0.2315275463714852,0.2166704842659531
5122,132693,1,Public,3,Eastern Florida State College,13,12,,22005.0,0.8466486121,1.0,25.0,1,,53408.0,51172.008,Public Health.,49,2235.9921875,12,medium,0.0436956117823816,0.0426805530767684
5138,132693,2,Public,2,Eastern Florida State College,13,12,,22005.0,0.8466486121,1.0,25.0,1,,77666.99999999993,80155.305,"Registered Nursing, Nursing Administration, Nursing Research and Clinical Nursing.",106,-2488.3046875000728,58,high,-0.0310435434959817,-0.0307503410800023
5202,132693,1,Public,2,Eastern Florida State College,13,12,,22005.0,0.8466486121,1.0,25.0,1,,42612.99999999999,45273.71,"Business Administration, Management and Operations.",28,-2660.7109375000077,26,high,-0.0587694466038601,-0.0561770975773008
5202,132693,3,Public,3,Eastern Florida State College,13,12,,22005.0,0.8466486121,1.0,25.0,1,,54132.99999999996,55413.62,"Business Administration, Management and Operations.",286,-1280.6210937500437,58,high,-0.0231102221524823,-0.0230416442358284
1101,132709,2,Public,3,Broward College,12,15,,20743.0,0.9264472291,1.0,24.0,1,,68626.00000000001,69885.56,"Computer and Information Sciences, General.",32,-1259.5624999999854,19,high,-0.0180232147376646,-0.0173398915219898
1310,132709,1,Public,3,Broward College,12,15,,20743.0,0.9264472291,1.0,24.0,1,,59330.00000000001,51182.062,Special Education and Teaching.,21,8147.937500000007,6,medium,0.1591951770212466,0.1495133927150282
2203,132709,1,Public,2,Broward College,12,15,,20743.0,0.9264472291,1.0,24.0,1,,48911.00000000002,45035.664,Legal Support Services.,21,3875.335937500022,10,medium,0.0860503784760867,0.0808170465406428
2401,132709,2,Public,2,Broward College,12,15,,20743.0,0.9264472291,1.0,24.0,1,,44116.99999999997,41504.113,"Liberal Arts and Sciences, General Studies and Humanities.",1403,2612.886718749971,36,high,0.0629548859662151,0.0629247884374063
4301,132709,2,Public,2,Broward College,12,15,,20743.0,0.9264472291,1.0,24.0,1,,44828.99999999997,45704.36,Criminal Justice and Corrections.,30,-875.3593750000291,10,medium,-0.0191526451080472,-0.0183712541765701
4901,132709,2,Public,2,Broward College,12,15,,20743.0,0.9264472291,1.0,24.0,1,,75637.00000000001,64681.19,Air Transportation.,24,10955.808593750016,5,low,0.1693816758095674,0.1604986719867513
5109,132709,1,Public,1,Broward College,12,15,,20743.0,0.9264472291,1.0,24.0,1,,79695.00000000001,53810.39,"Allied Health Diagnostic, Intervention, and Treatment Professions.",35,25884.60937500001,22,high,0.4810336642115765,0.4645687504364437
5109,132709,1,Public,2,Broward College,12,15,,20743.0,0.9264472291,1.0,24.0,1,,75878.99999999997,66003.6,"Allied Health Diagnostic, Intervention, and Treatment Professions.",66,9875.39843749997,39,high,0.1496190844699403,0.1471607902473556
5138,132709,1,Public,2,Broward College,12,15,,20743.0,0.9264472291,1.0,24.0,1,,83358.00000000004,83814.15,"Registered Nursing, Nursing Administration, Nursing Research and Clinical Nursing.",103,-456.14843749995634,58,high,-0.0054423799084483,-0.0053892216971345
5202,132709,2,Public,2,Broward College,12,15,,20743.0,0.9264472291,1.0,24.0,1,,49180.00000000004,48266.844,"Business Administration, Management and Operations.",59,913.1562500000364,26,high,0.0189189136693868,0.0185646959755887
5202,132709,2,Public,3,Broward College,12,15,,20743.0,0.9264472291,1.0,24.0,1,,61029.000000000015,53109.633,"Business Administration, Management and Operations.",129,7919.367187500015,58,high,0.1491135744707332,0.1479942250352446
4228,132842,2,"Private, nonprofit",5,Albizu University-Miami,13,6,0.7571,16091.0,0.4821052632,2.0,26.0,1,open,51234.99999999997,66970.92,"Clinical, Counseling and Applied Psychology.",49,-15735.92187500003,9,medium,-0.2349664814883516,-0.229508158264732
4228,132842,1,"Private, nonprofit",6,Albizu University-Miami,13,6,0.7571,16091.0,0.4821052632,2.0,26.0,1,open,93577.99999999993,71013.6,"Clinical, Counseling and Applied Psychology.",113,22564.398437499927,3,low,0.3177475573836472,0.3149627718868996
1105,132851,0,Public,99,College of Central Florida,13,12,,21993.0,0.8733662504,1.0,24.0,1,,46212.99999999997,44098.98,Computer Systems Analysis.,20,2114.019531249971,1,low,0.0479380590838837,0.0448618863684126
2401,132851,3,Public,2,College of Central Florida,13,12,,21993.0,0.8733662504,1.0,24.0,1,,42065.99999999996,40149.285,"Liberal Arts and Sciences, General Studies and Humanities.",690,1916.714843749964,36,high,0.0477397003779926,0.047688420694316
4301,132851,0,Public,99,College of Central Florida,13,12,,21993.0,0.8733662504,1.0,24.0,1,,52149.99999999999,40145.688,Criminal Justice and Corrections.,57,12004.312499999984,4,low,0.2990187302185318,0.2931910206443292
5107,132851,0,Public,99,College of Central Florida,13,12,,21993.0,0.8733662504,1.0,24.0,1,,46953.000000000015,38650.684,Health and Medical Administrative Services.,44,8302.316406250015,1,low,0.2148038697973388,0.2091522827447157
5109,132851,1,Public,2,College of Central Florida,13,12,,21993.0,0.8733662504,1.0,24.0,1,,63118.99999999995,58444.562,"Allied Health Diagnostic, Intervention, and Treatment Professions.",25,4674.437499999949,39,high,0.0799807082138727,0.0759733017950783
5109,132851,0,Public,99,College of Central Florida,13,12,,21993.0,0.8733662504,1.0,24.0,1,,50312.0,54784.277,"Allied Health Diagnostic, Intervention, and Treatment Professions.",44,-4472.27734375,4,low,-0.0816343221192496,-0.0794864861497483
5138,132851,1,Public,2,College of Central Florida,13,12,,21993.0,0.8733662504,1.0,24.0,1,,75665.0,78899.97,"Registered Nursing, Nursing Administration, Nursing Research and Clinical Nursing.",95,-3234.96875,58,high,-0.0410008875954085,-0.0405606911205699
5138,132851,1,Public,3,College of Central Florida,13,12,,21993.0,0.8733662504,1.0,24.0,1,,93193.00000000007,89248.8,"Registered Nursing, Nursing Administration, Nursing Research and Clinical Nursing.",48,3944.2031250000728,57,high,0.0441933478445008,0.0431419101853188
5202,132851,1,Public,2,College of Central Florida,13,12,,21993.0,0.8733662504,1.0,24.0,1,,32335.0,41489.47,"Business Administration, Management and Operations.",41,-9154.468750000004,26,high,-0.2206456005778575,-0.2143477013999837
5202,132851,1,Public,3,College of Central Florida,13,12,,21993.0,0.8733662504,1.0,24.0,1,,51258.00000000004,47340.86,"Business Administration, Management and Operations.",181,3917.140625000037,58,high,0.0827433358142336,0.0823251563078191
5202,132851,0,Public,99,College of Central Florida,13,12,,21993.0,0.8733662504,1.0,24.0,1,,40768.000000000015,40595.598,"Business Administration, Management and Operations.",131,172.40234375001455,1,low,0.0042468236386088,0.0042155123950958
5207,132851,0,Public,99,College of Central Florida,13,12,,21993.0,0.8733662504,1.0,24.0,1,,30038.999999999975,42295.996,Entrepreneurial and Small Business Operations.,33,-12256.996093750022,1,low,-0.2897909311931588,-0.2791824553527983
5212,132851,0,Public,99,College of Central Florida,13,12,,21993.0,0.8733662504,1.0,24.0,1,,33676.000000000015,43522.37,Management Information Systems and Services.,22,-9846.371093749984,1,low,-0.2262370097562071,-0.2131673175293531
402,132903,1,Public,3,University of Central Florida,21,15,0.4011,31400.0,0.7045342864,2.0,23.0,1,mid,64825.99999999999,63204.97,Architecture.,24,1621.0312499999854,4,low,0.0256472122692092,0.0243021772555746
901,132903,2,Public,3,University of Central Florida,21,15,0.4011,31400.0,0.7045342864,2.0,23.0,1,mid,58782.99999999997,58101.17,Communication and Media Studies.,178,681.8281249999709,15,medium,0.0117351871398888,0.0116747103672932
904,132903,1,Public,3,University of Central Florida,21,15,0.4011,31400.0,0.7045342864,2.0,23.0,1,mid,60886.99999999999,57006.96,Journalism.,32,3880.0390624999854,6,medium,0.0680625488307277,0.065482059145009
907,132903,1,Public,3,University of Central Florida,21,15,0.4011,31400.0,0.7045342864,2.0,23.0,1,mid,48753.00000000001,57360.016,"Radio, Television, and Digital Communication.",54,-8607.015624999993,7,medium,-0.1500525327829353,-0.1469384028999348
909,132903,1,Public,3,University of Central Florida,21,15,0.4011,31400.0,0.7045342864,2.0,23.0,1,mid,62139.99999999996,58438.207,"Public Relations, Advertising, and Applied Communication.",72,3701.792968749956,11,medium,0.063345423427697,0.062405111542158
1101,132903,1,Public,3,University of Central Florida,21,15,0.4011,31400.0,0.7045342864,2.0,23.0,1,mid,98525.99999999993,104771.68,"Computer and Information Sciences, General.",302,-6245.679687500073,19,high,-0.0596122893717931,-0.0594462224036637
1101,132903,1,Public,5,University of Central Florida,21,15,0.4011,31400.0,0.7045342864,2.0,23.0,1,mid,123587.00000000007,92859.23,"Computer and Information Sciences, General.",36,30727.773437500087,5,low,0.3309070576505222,0.3199400853529736
1301,132903,1,Public,6,University of Central Florida,21,15,0.4011,31400.0,0.7045342864,2.0,23.0,1,mid,81029.99999999999,105222.28,"Education, General.",24,-24192.28125000001,2,low,-0.2299159547065989,-0.217858308595686
1304,132903,1,Public,5,University of Central Florida,21,15,0.4011,31400.0,0.7045342864,2.0,23.0,1,mid,63413.000000000015,71745.44,Educational Administration and Supervision.,79,-8332.437499999985,20,high,-0.1161389182413165,-0.1145919809824558
1305,132903,3,Public,5,University of Central Florida,21,15,0.4011,31400.0,0.7045342864,2.0,23.0,1,mid,78410.0,76852.29,Educational/Instructional Media Design.,23,1557.7109375,4,low,0.0202688944792938,0.0191543155848603
1310,132903,2,Public,5,University of Central Florida,21,15,0.4011,31400.0,0.7045342864,2.0,23.0,1,mid,60920.00000000004,66229.45,Special Education and Teaching.,30,-5309.453124999964,8,medium,-0.0801675519648187,-0.0768968706698518
1311,132903,1,Public,5,University of Central Florida,21,15,0.4011,31400.0,0.7045342864,2.0,23.0,1,mid,57137.00000000004,60654.723,Student Counseling and Personnel Services.,34,-3517.722656249964,9,medium,-0.0579958575721471,-0.055943894053285
1312,132903,1,Public,3,University of Central Florida,21,15,0.4011,31400.0,0.7045342864,2.0,23.0,1,mid,51784.0,54975.785,"Teacher Education and Professional Development, Specific Levels and Methods.",288,-3191.78515625,24,high,-0.0580580185836079,-0.0578871235500467
1312,132903,2,Public,5,University of Central Florida,21,15,0.4011,31400.0,0.7045342864,2.0,23.0,1,mid,56186.00000000001,62320.266,"Teacher Education and Professional Development, Specific Levels and Methods.",25,-6134.265624999993,7,medium,-0.0984313138508063,-0.0934994460573717
1313,132903,1,Public,3,University of Central Florida,21,15,0.4011,31400.0,0.7045342864,2.0,23.0,1,mid,53197.00000000004,48850.285,"Teacher Education and Professional Development, Specific Subject Areas.",290,4346.714843750036,11,medium,0.0889803371637823,0.0887205169345158
1313,132903,3,Public,5,University of Central Florida,21,15,0.4011,31400.0,0.7045342864,2.0,23.0,1,mid,53076.99999999999,62541.39,"Teacher Education and Professional Development, Specific Subject Areas.",44,-9464.390625000007,8,medium,-0.1513300316865157,-0.1473484700481734
1402,132903,1,Public,3,University of Central Florida,21,15,0.4011,31400.0,0.7045342864,2.0,23.0,1,mid,96971.99999999996,76139.48,"Aerospace, Aeronautical, and Astronautical/Space Engineering.",64,20832.52343749997,5,low,0.273610016485986,0.268950308960448
1408,132903,1,Public,3,University of Central Florida,21,15,0.4011,31400.0,0.7045342864,2.0,23.0,1,mid,86803.0,82092.61,Civil Engineering.,59,4710.390625,8,medium,0.0573789852809146,0.0563046819570629
1409,132903,1,Public,3,University of Central Florida,21,15,0.4011,31400.0,0.7045342864,2.0,23.0,1,mid,106680.00000000007,109203.81,Computer Engineering.,65,-2523.8124999999127,13,medium,-0.0231110292051379,-0.022724486892863
1410,132903,1,Public,3,University of Central Florida,21,15,0.4011,31400.0,0.7045342864,2.0,23.0,1,mid,99442.00000000006,104209.56,"Electrical, Electronics, and Communications Engineering.",86,-4767.562499999942,10,medium,-0.045749760248729,-0.0451979514704421
1419,132903,1,Public,3,University of Central Florida,21,15,0.4011,31400.0,0.7045342864,2.0,23.0,1,mid,89663.00000000004,92197.06,Mechanical Engineering.,209,-2534.0624999999563,12,medium,-0.0274852845772603,-0.0273678215504897
1419,132903,3,Public,5,University of Central Florida,21,15,0.4011,31400.0,0.7045342864,2.0,23.0,1,mid,104337.00000000004,100453.984,Mechanical Engineering.,27,3883.015625000044,2,low,0.0386546700875949,0.0368782271672301
1435,132903,1,Public,3,University of Central Florida,21,15,0.4011,31400.0,0.7045342864,2.0,23.0,1,mid,91630.00000000007,88120.32,Industrial Engineering.,40,3509.6796875000728,4,low,0.0398282674762613,0.0386586660039871
1435,132903,3,Public,5,University of Central Florida,21,15,0.4011,31400.0,0.7045342864,2.0,23.0,1,mid,118190.99999999996,103004.125,Industrial Engineering.,20,15186.874999999956,2,low,0.1474394836129131,0.1379783305053259
2203,132903,0,Public,3,University of Central Florida,21,15,0.4011,31400.0,0.7045342864,2.0,23.0,1,mid,61853.00000000005,61489.684,Legal Support Services.,24,363.3164062500509,4,low,0.0059085749839015,0.0055987073791648
2301,132903,3,Public,3,University of Central Florida,21,15,0.4011,31400.0,0.7045342864,2.0,23.0,1,mid,46532.00000000003,46339.656,"English Language and Literature, General.",169,192.3437500000291,11,medium,0.004150737523005,0.0041280115703241
2401,132903,1,Public,3,University of Central Florida,21,15,0.4011,31400.0,0.7045342864,2.0,23.0,1,mid,52861.99999999996,53473.875,"Liberal Arts and Sciences, General Studies and Humanities.",231,-611.8750000000364,12,medium,-0.0114425034654779,-0.0113989813303765
2601,132903,1,Public,3,University of Central Florida,21,15,0.4011,31400.0,0.7045342864,2.0,23.0,1,mid,51313.0,52156.457,"Biology, General.",174,-843.45703125,24,high,-0.0161716703790795,-0.0160860904254793
2701,132903,1,Public,3,University of Central Florida,21,15,0.4011,31400.0,0.7045342864,2.0,23.0,1,mid,69005.0,66924.125,Mathematics.,21,2080.875,6,medium,0.0310930475370428,0.0292020594725208
3000,132903,3,Public,3,University of Central Florida,21,15,0.4011,31400.0,0.7045342864,2.0,23.0,1,mid,51959.00000000003,53243.51,"Multi-/Interdisciplinary Studies, General.",344,-1284.511718749971,7,medium,-0.0241252253520614,-0.0240674322616608
4201,132903,3,Public,3,University of Central Florida,21,15,0.4011,31400.0,0.7045342864,2.0,23.0,1,mid,49760.000000000015,50085.387,"Psychology, General.",597,-325.38671874998545,29,high,-0.0064966398398232,-0.0064883999864136
4301,132903,2,Public,3,University of Central Florida,21,15,0.4011,31400.0,0.7045342864,2.0,23.0,1,mid,52446.99999999997,56102.76,Criminal Justice and Corrections.,197,-3655.761718750029,23,high,-0.0651618852040976,-0.0648635382023684
4301,132903,3,Public,5,University of Central Florida,21,15,0.4011,31400.0,0.7045342864,2.0,23.0,1,mid,60329.00000000003,69122.65,Criminal Justice and Corrections.,37,-8793.64843749997,10,medium,-0.1272180484440074,-0.123132110712239
4404,132903,1,Public,3,University of Central Florida,21,15,0.4011,31400.0,0.7045342864,2.0,23.0,1,mid,55259.0,60445.684,Public Administration.,39,-5186.68359375,7,medium,-0.0858073444682871,-0.0832130649899736
4404,132903,3,Public,5,University of Central Florida,21,15,0.4011,31400.0,0.7045342864,2.0,23.0,1,mid,79042.99999999996,77415.98,Public Administration.,23,1627.0234374999563,10,medium,0.0210166364844137,0.0198609395379701
4407,132903,1,Public,3,University of Central Florida,21,15,0.4011,31400.0,0.7045342864,2.0,23.0,1,mid,51153.00000000004,52525.64,Social Work.,59,-1372.6406249999636,12,medium,-0.026132772654783,-0.0256434903088676
4407,132903,3,Public,5,University of Central Florida,21,15,0.4011,31400.0,0.7045342864,2.0,23.0,1,mid,58122.99999999999,63869.86,Social Work.,115,-5746.859375000007,9,medium,-0.089977642525536,-0.0892050832666995
4501,132903,3,Public,3,University of Central Florida,21,15,0.4011,31400.0,0.7045342864,2.0,23.0,1,mid,46387.99999999999,53326.85,"Social Sciences, General.",22,-6938.851562500007,5,low,-0.1301192806098359,-0.1226023011722859
4502,132903,3,Public,3,University of Central Florida,21,15,0.4011,31400.0,0.7045342864,2.0,23.0,1,mid,39319.000000000015,47948.945,Anthropology.,31,-8629.945312499985,7,medium,-0.1799819632372646,-0.1729073263470241
4510,132903,3,Public,3,University of Central Florida,21,15,0.4011,31400.0,0.7045342864,2.0,23.0,1,mid,64056.00000000002,59099.94,Political Science and Government.,138,4956.058593750022,14,medium,0.0838589425949228,0.0832771671155835
4511,132903,3,Public,3,University of Central Florida,21,15,0.4011,31400.0,0.7045342864,2.0,23.0,1,mid,52197.00000000002,50122.99,Sociology.,60,2074.011718750022,12,medium,0.0413784530785022,0.0406187365012392
5001,132903,1,Public,3,University of Central Florida,21,15,0.4011,31400.0,0.7045342864,2.0,23.0,1,mid,52921.99999999996,52057.664,"Visual and Performing Arts, General.",120,864.3359374999636,5,low,0.0166034330019543,0.0164677965307319
5001,132903,1,Public,5,University of Central Florida,21,15,0.4011,31400.0,0.7045342864,2.0,23.0,1,mid,84762.00000000007,65549.07,"Visual and Performing Arts, General.",42,19212.929687500076,1,low,0.29310758483536,0.2849705254409673
5005,132903,1,Public,3,University of Central Florida,21,15,0.4011,31400.0,0.7045342864,2.0,23.0,1,mid,42953.99999999997,38154.48,Drama/Theatre Arts and Stagecraft.,54,4799.519531249971,11,medium,0.1257917673700462,0.1231811356496927
5006,132903,1,Public,3,University of Central Florida,21,15,0.4011,31400.0,0.7045342864,2.0,23.0,1,mid,41255.00000000002,46644.035,Film/Video and Photographic Arts.,73,-5389.035156249978,7,medium,-0.1155353549108171,-0.1138477220807349
5007,132903,1,Public,3,University of Central Florida,21,15,0.4011,31400.0,0.7045342864,2.0,23.0,1,mid,46778.99999999998,40377.062,Fine and Studio Arts.,119,6401.937499999978,12,medium,0.1585538200060982,0.1572458256444379
5009,132903,1,Public,3,University of Central Florida,21,15,0.4011,31400.0,0.7045342864,2.0,23.0,1,mid,39897.99999999998,41551.16,Music.,27,-1653.1601562500218,10,medium,-0.039786137138733,-0.0379576956725763
5010,132903,1,Public,3,University of Central Florida,21,15,0.4011,31400.0,0.7045342864,2.0,23.0,1,mid,59649.00000000002,43338.883,"Arts, Entertainment, and Media Management.",51,16310.117187500022,3,low,0.376339123877826,0.3679929123241955
5100,132903,1,Public,3,University of Central Florida,21,15,0.4011,31400.0,0.7045342864,2.0,23.0,1,mid,56147.99999999996,59068.555,"Health Services/Allied Health/Health Sciences, General.",317,-2920.5546875000364,15,medium,-0.0494434763632041,-0.0493132665391676
5100,132903,3,Public,5,University of Central Florida,21,15,0.4011,31400.0,0.7045342864,2.0,23.0,1,mid,86073.99999999997,73885.64,"Health Services/Allied Health/Health Sciences, General.",55,12188.35937499997,4,low,0.1649624916546491,0.1616111447211254
5102,132903,1,Public,3,University of Central Florida,21,15,0.4011,31400.0,0.7045342864,2.0,23.0,1,mid,51149.00000000001,55232.914,Communication Disorders Sciences and Services.,111,-4083.9140624999927,5,low,-0.073939862341479,-0.0732781642481306
5102,132903,1,Public,5,University of Central Florida,21,15,0.4011,31400.0,0.7045342864,2.0,23.0,1,mid,71169.00000000001,68397.66,Communication Disorders Sciences and Services.,49,2771.3437500000146,8,medium,0.0405181098584794,0.0395768652238541
5107,132903,3,Public,3,University of Central Florida,21,15,0.4011,31400.0,0.7045342864,2.0,23.0,1,mid,56075.0,64087.074,Health and Medical Administrative Services.,281,-8012.07421875,18,high,-0.1250185675726463,-0.1246399096706524
5107,132903,3,Public,5,University of Central Florida,21,15,0.4011,31400.0,0.7045342864,2.0,23.0,1,mid,97349.99999999993,79126.63,Health and Medical Administrative Services.,37,18223.367187499927,12,medium,0.2303063651233886,0.2229094786074139
5123,132903,0,Public,6,University of Central Florida,21,15,0.4011,31400.0,0.7045342864,2.0,23.0,1,mid,84715.99999999997,80390.33,Rehabilitation and Therapeutic Professions.,27,4325.671874999971,8,medium,0.0538083619745142,0.0513355046594875
5138,132903,2,Public,3,University of Central Florida,21,15,0.4011,31400.0,0.7045342864,2.0,23.0,1,mid,83737.00000000001,82353.25,"Registered Nursing, Nursing Administration, Nursing Research and Clinical Nursing.",398,1383.7500000000146,57,high,0.0168026155616203,0.0167686119466896
5138,132903,3,Public,5,University of Central Florida,21,15,0.4011,31400.0,0.7045342864,2.0,23.0,1,mid,115126.0,121885.15,"Registered Nursing, Nursing Administration, Nursing Research and Clinical Nursing.",63,-6759.148437500015,18,high,-0.0554550617868423,-0.0544931429976116
5201,132903,1,Public,3,University of Central Florida,21,15,0.4011,31400.0,0.7045342864,2.0,23.0,1,mid,66912.0,72153.64,"Business/Commerce, General.",328,-5241.640625,9,medium,-0.072645546081896,-0.0724616494534683
5201,132903,1,Public,5,University of Central Florida,21,15,0.4011,31400.0,0.7045342864,2.0,23.0,1,mid,108978.00000000006,84980.64,"Business/Commerce, General.",148,23997.35937500006,3,low,0.2823861905312632,0.2805809233167575
5202,132903,1,Public,3,University of Central Florida,21,15,0.4011,31400.0,0.7045342864,2.0,23.0,1,mid,69111.00000000003,64322.625,"Business Administration, Management and Operations.",106,4788.375000000029,58,high,0.0744430905921521,0.0737399848395045
5202,132903,1,Public,5,University of Central Florida,21,15,0.4011,31400.0,0.7045342864,2.0,23.0,1,mid,94282.99999999993,93253.336,"Business Administration, Management and Operations.",71,1029.6640624999272,35,high,0.011041578857726,0.0108749776358301
5203,132903,1,Public,3,University of Central Florida,21,15,0.4011,31400.0,0.7045342864,2.0,23.0,1,mid,79562.99999999993,79955.88,Accounting and Related Services.,180,-392.8828125000728,24,high,-0.004913744913822,-0.0048887501264445
5203,132903,1,Public,5,University of Central Florida,21,15,0.4011,31400.0,0.7045342864,2.0,23.0,1,mid,105203.00000000004,98289.29,Accounting and Related Services.,51,6913.710937500044,19,high,0.070340430818497,0.0687804651409044
5208,132903,1,Public,3,University of Central Florida,21,15,0.4011,31400.0,0.7045342864,2.0,23.0,1,mid,82006.99999999996,83845.805,Finance and Financial Management Services.,240,-1838.804687500044,15,medium,-0.0219307894336921,-0.0218510028483006
5209,132903,2,Public,3,University of Central Florida,21,15,0.4011,31400.0,0.7045342864,2.0,23.0,1,mid,54921.0,50907.31,Hospitality Administration/Management.,469,4013.69140625,7,medium,0.0788431271878861,0.0787111133045315
5209,132903,1,Public,5,University of Central Florida,21,15,0.4011,31400.0,0.7045342864,2.0,23.0,1,mid,61130.00000000005,72386.32,Hospitality Administration/Management.,32,-11256.320312499947,2,low,-0.1555034192082859,-0.1496077397743735
5214,132903,1,Public,3,University of Central Florida,21,15,0.4011,31400.0,0.7045342864,2.0,23.0,1,mid,72440.00000000001,65490.64,Marketing.,142,6949.359375000015,17,high,0.1061122522039768,0.1054002731264057
5215,132903,1,Public,3,University of Central Florida,21,15,0.4011,31400.0,0.7045342864,2.0,23.0,1,mid,72063.00000000004,71434.05,Real Estate.,34,628.9531250000437,2,low,0.0088046688171066,0.0084931489954384
5401,132903,3,Public,3,University of Central Florida,21,15,0.4011,31400.0,0.7045342864,2.0,23.0,1,mid,48896.00000000004,55195.266,History.,74,-6299.265624999964,9,medium,-0.114126919286838,-0.1124861343173849
5139,132976,1,Public,1,Charlotte Technical College,22,-2,,18431.0,,1.0,26.0,1,,56414.00000000002,51205.258,"Practical Nursing, Vocational Nursing and Nursing Assistants.",40,5208.742187500022,47,high,0.1017227997674193,0.0987355963586157
2401,133021,1,Public,2,Chipola College,32,6,,21653.0,,1.0,23.0,1,,43985.00000000004,45119.535,"Liberal Arts and Sciences, General Studies and Humanities.",130,-1134.5351562499636,36,high,-0.0251450985104576,-0.0249580386733447
4301,133021,1,Public,1,Chipola College,32,6,,21653.0,,1.0,23.0,1,,45658.00000000003,51768.785,Criminal Justice and Corrections.,45,-6110.785156249971,19,high,-0.1180399566612627,-0.1150138646569217
5138,133021,1,Public,2,Chipola College,32,6,,21653.0,,1.0,23.0,1,,65740.99999999997,72691.6,"Registered Nursing, Nursing Administration, Nursing Research and Clinical Nursing.",44,-6950.601562500029,58,high,-0.095617669897174,-0.093101925717599
5138,133021,3,Public,3,Chipola College,32,6,,21653.0,,1.0,23.0,1,,84823.99999999996,84959.65,"Registered Nursing, Nursing Administration, Nursing Research and Clinical Nursing.",23,-135.64843750004366,57,high,-0.0015966219257584,-0.0015088242857511
5202,133021,1,Public,3,Chipola College,32,6,,21653.0,,1.0,23.0,1,,52491.00000000001,54667.9,"Business Administration, Management and Operations.",22,-2176.8984374999927,58,high,-0.0398204156318313,-0.0375199937105273
1101,133386,3,Public,3,Daytona State College,13,12,,21285.0,0.8535849057,1.0,25.0,1,,69566.99999999996,70417.57,"Computer and Information Sciences, General.",27,-850.5703125000437,19,high,-0.0120789500223505,-0.0115238407637792
1204,133386,1,Public,1,Daytona State College,13,12,,21285.0,0.8535849057,1.0,25.0,1,,30232.0,24169.086,Cosmetology and Related Personal Grooming Services.,56,6062.9140625,80,high,0.2508540901455016,0.2458634154344701
1204,133386,0,Public,99,Daytona State College,13,12,,21285.0,0.8535849057,1.0,25.0,1,,20816.00000000002,48872.79,Cosmetology and Related Personal Grooming Services.,37,-28056.78906249998,1,low,-0.5740779194455244,-0.555639917442452
1205,133386,1,Public,2,Daytona State College,13,12,,21285.0,0.8535849057,1.0,25.0,1,,33702.99999999999,38604.34,Culinary Arts and Related Services.,30,-4901.339843750007,6,medium,-0.1269634415091164,-0.1217835782962454
1312,133386,2,Public,3,Daytona State College,13,12,,21285.0,0.8535849057,1.0,25.0,1,,50619.00000000004,52836.63,"Teacher Education and Professional Development, Specific Levels and Methods.",48,-2217.628906249964,24,high,-0.0419714306562741,-0.0409728563242948
2401,133386,3,Public,2,Daytona State College,13,12,,21285.0,0.8535849057,1.0,25.0,1,,42773.99999999997,41617.23,"Liberal Arts and Sciences, General Studies and Humanities.",1125,1156.769531249971,36,high,0.02779544717947,0.0277783671933466
2401,133386,0,Public,99,Daytona State College,13,12,,21285.0,0.8535849057,1.0,25.0,1,,52394.99999999999,37347.168,"Liberal Arts and Sciences, General Studies and Humanities.",20,15047.832031249993,1,low,0.4029176199877101,0.3770625016772272
4301,133386,1,Public,1,Daytona State College,13,12,,21285.0,0.8535849057,1.0,25.0,1,,55104.99999999999,63780.32,Criminal Justice and Corrections.,126,-8675.320312500007,19,high,-0.1360187636248006,-0.1349692285469478
4302,133386,1,Public,1,Daytona State College,13,12,,21285.0,0.8535849057,1.0,25.0,1,,61737.00000000005,46259.12,Fire Protection.,34,15477.878906250053,6,medium,0.334590855604069,0.3227526268376382
4702,133386,1,Public,1,Daytona State College,13,12,,21285.0,0.8535849057,1.0,25.0,1,,47479.00000000005,47878.805,"Heating, Air Conditioning, Ventilation and Refrigeration Maintenance Technology/Technician (HAC, HACR, HVAC, HVACR).",21,-399.80468749995634,13,medium,-0.0083503481364967,-0.0078425044250719
4706,133386,1,Public,1,Daytona State College,13,12,,21285.0,0.8535849057,1.0,25.0,1,,33960.00000000003,58786.44,Vehicle Maintenance and Repair Technologies/Technicians.,20,-24826.44140624997,24,high,-0.4223157723510458,-0.3952158796760808
5006,133386,1,Public,2,Daytona State College,13,12,,21285.0,0.8535849057,1.0,25.0,1,,34180.0,32218.518,Film/Video and Photographic Arts.,26,1961.482421875,4,low,0.0608805919489841,0.0579614261961079
5106,133386,1,Public,1,Daytona State College,13,12,,21285.0,0.8535849057,1.0,25.0,1,,33589.00000000001,40600.363,Dental Support Services and Allied Professions.,21,-7011.363281249993,17,high,-0.1726921316609984,-0.1621895021127445
5106,133386,1,Public,2,Daytona State College,13,12,,21285.0,0.8535849057,1.0,25.0,1,,63799.99999999996,59453.707,Dental Support Services and Allied Professions.,20,4346.292968749964,10,medium,0.073103817840416,0.0684127649664573
5108,133386,1,Public,2,Daytona State College,13,12,,21285.0,0.8535849057,1.0,25.0,1,,44934.0,44364.266,Allied Health and Medical Assisting Services.,65,569.734375,22,high,0.0128421910511451,0.0126273996552481
5109,133386,1,Public,1,Daytona State College,13,12,,21285.0,0.8535849057,1.0,25.0,1,,56695.00000000005,63747.305,"Allied Health Diagnostic, Intervention, and Treatment Professions.",104,-7052.304687499956,22,high,-0.110629064586676,-0.1095606437748332
5109,133386,1,Public,2,Daytona State College,13,12,,21285.0,0.8535849057,1.0,25.0,1,,78835.99999999994,58667.883,"Allied Health Diagnostic, Intervention, and Treatment Professions.",47,20168.11718749994,39,high,0.3437675985676245,0.3353869674379575
5110,133386,1,Public,1,Daytona State College,13,12,,21285.0,0.8535849057,1.0,25.0,1,,33429.00000000001,46532.25,Clinical/Medical Laboratory Science/Research and Allied Professions.,25,-13103.249999999993,8,medium,-0.2815950228067629,-0.2674857991314887
5138,133386,1,Public,2,Daytona State College,13,12,,21285.0,0.8535849057,1.0,25.0,1,,80355.00000000003,77395.31,"Registered Nursing, Nursing Administration, Nursing Research and Clinical Nursing.",274,2959.687500000029,58,high,0.0382411725516326,0.0381219040082158
5138,133386,3,Public,3,Daytona State College,13,12,,21285.0,0.8535849057,1.0,25.0,1,,91166.00000000004,90739.73,"Registered Nursing, Nursing Administration, Nursing Research and Clinical Nursing.",116,426.2734375000291,57,high,0.0046977597756636,0.0046578306422741
5139,133386,1,Public,1,Daytona State College,13,12,,21285.0,0.8535849057,1.0,25.0,1,,55001.00000000004,46795.168,"Practical Nursing, Vocational Nursing and Nursing Assistants.",47,8205.832031250036,47,high,0.1753563965563693,0.1710814233422272
5202,133386,2,Public,1,Daytona State College,13,12,,21285.0,0.8535849057,1.0,25.0,1,,45981.99999999998,45906.617,"Business Administration, Management and Operations.",41,75.38281249997817,5,low,0.0016420903372619,0.0015952200649431
5202,133386,2,Public,2,Daytona State College,13,12,,21285.0,0.8535849057,1.0,25.0,1,,52330.99999999996,44784.85,"Business Administration, Management and Operations.",42,7546.148437499956,26,high,0.1684977882972068,0.1638200638638103
5202,133386,3,Public,3,Daytona State College,13,12,,21285.0,0.8535849057,1.0,25.0,1,,52531.99999999998,55026.188,"Business Administration, Management and Operations.",323,-2494.187500000022,58,high,-0.0453272816692964,-0.045210478266026
5207,133386,2,Public,1,Daytona State College,13,12,,21285.0,0.8535849057,1.0,25.0,1,,50464.00000000003,39982.004,Entrepreneurial and Small Business Operations.,28,10481.99609375003,4,low,0.2621678522749451,0.2506035001172466
4201,133465,3,"Private, for-profit",3,South University-West Palm Beach,21,6,,20000.0,0.7772579044,1.0,30.0,1,,39694.0,39741.56,"Psychology, General.",121,-47.55859375,29,high,-0.001196696743481,-0.001187015135549
4301,133465,3,"Private, for-profit",3,South University-West Palm Beach,21,6,,20000.0,0.7772579044,1.0,30.0,1,,46322.00000000002,49814.34,Criminal Justice and Corrections.,122,-3492.339843749978,23,high,-0.0701071188477899,-0.0695453662550214
4301,133465,3,"Private, for-profit",5,South University-West Palm Beach,21,6,,20000.0,0.7772579044,1.0,30.0,1,,55949.99999999996,60854.617,Criminal Justice and Corrections.,61,-4904.617187500044,10,medium,-0.0805956460524328,-0.0791441024410638
5107,133465,3,"Private, for-profit",2,South University-West Palm Beach,21,6,,20000.0,0.7772579044,1.0,30.0,1,,36905.000000000015,41780.836,Health and Medical Administrative Services.,195,-4875.835937499985,15,medium,-0.1167002963941112,-0.1161595840192701
5107,133465,3,"Private, for-profit",3,South University-West Palm Beach,21,6,,20000.0,0.7772579044,1.0,30.0,1,,46885.00000000002,48962.824,Health and Medical Administrative Services.,257,-2077.824218749978,18,high,-0.0424367722226751,-0.0422941926120032
5107,133465,3,"Private, for-profit",5,South University-West Palm Beach,21,6,,20000.0,0.7772579044,1.0,30.0,1,,65166.99999999994,64372.273,Health and Medical Administrative Services.,216,794.7265624999418,12,medium,0.01234578988843,0.0122950144042892
5108,133465,1,"Private, for-profit",2,South University-West Palm Beach,21,6,,20000.0,0.7772579044,1.0,30.0,1,,50680.99999999999,43708.88,Allied Health and Medical Assisting Services.,567,6972.121093749993,22,high,0.1595126955487535,0.1592980299009319
5108,133465,1,"Private, for-profit",5,South University-West Palm Beach,21,6,,20000.0,0.7772579044,1.0,30.0,1,,220550.00000000012,65241.105,Allied Health and Medical Assisting Services.,43,155308.89453125015,2,low,2.3805374451486254,2.316220008973964
5109,133465,1,"Private, for-profit",5,South University-West Palm Beach,21,6,,20000.0,0.7772579044,1.0,30.0,1,,129131.00000000004,114895.27,"Allied Health Diagnostic, Intervention, and Treatment Professions.",210,14235.726562500044,9,medium,0.1239017597207243,0.1233751809271757
5115,133465,1,"Private, for-profit",5,South University-West Palm Beach,21,6,,20000.0,0.7772579044,1.0,30.0,1,,55052.0,68465.4,Mental and Social Health Services and Allied Professions.,152,-13413.3984375,12,medium,-0.1959149985776346,-0.1947009557279582
5122,133465,3,"Private, for-profit",3,South University-West Palm Beach,21,6,,20000.0,0.7772579044,1.0,30.0,1,,45992.99999999999,48584.25,Public Health.,73,-2591.2500000000146,12,medium,-0.0533351857855172,-0.0525561150794147
5138,133465,2,"Private, for-profit",3,South University-West Palm Beach,21,6,,20000.0,0.7772579044,1.0,30.0,1,,91363.00000000007,91616.13,"Registered Nursing, Nursing Administration, Nursing Research and Clinical Nursing.",1140,-253.13281249992724,57,high,-0.0027629720304608,-0.0027612996225413
5138,133465,3,"Private, for-profit",5,South University-West Palm Beach,21,6,,20000.0,0.7772579044,1.0,30.0,1,,119307.0,113224.06,"Registered Nursing, Nursing Administration, Nursing Research and Clinical Nursing.",2573,6082.937500000015,18,high,0.0537247769218668,0.0537118351086921
5202,133465,3,"Private, for-profit",3,South University-West Palm Beach,21,6,,20000.0,0.7772579044,1.0,30.0,1,,53445.00000000002,54556.23,"Business Administration, Management and Operations.",280,-1111.2304687499782,58,high,-0.0203685346146943,-0.0203065862316789
5202,133465,3,"Private, for-profit",5,South University-West Palm Beach,21,6,,20000.0,0.7772579044,1.0,30.0,1,,74209.00000000004,69937.77,"Business Administration, Management and Operations.",181,4271.226562500044,35,high,0.0610718121633802,0.0607631591460102
301,133492,1,"Private, nonprofit",3,Eckerd College,11,11,0.758,77695.0,0.4113924051,2.0,21.0,1,open,39931.99999999999,49008.14,Natural Resources Conservation and Research.,77,-9076.140625000007,9,medium,-0.1851965920202672,-0.1826548078467162
901,133492,1,"Private, nonprofit",3,Eckerd College,11,11,0.758,77695.0,0.4113924051,2.0,21.0,1,open,60969.00000000002,49722.88,Communication and Media Studies.,22,11246.121093750022,15,medium,0.2261759845996451,0.2131098177907377
2401,133492,1,"Private, nonprofit",3,Eckerd College,11,11,0.758,77695.0,0.4113924051,2.0,21.0,1,open,45768.00000000001,54550.72,"Liberal Arts and Sciences, General Studies and Humanities.",95,-8782.718749999993,12,medium,-0.161000972145761,-0.1592724227279164
2601,133492,1,"Private, nonprofit",3,Eckerd College,11,11,0.758,77695.0,0.4113924051,2.0,21.0,1,open,47814.00000000001,55341.273,"Biology, General.",50,-7527.273437499993,24,high,-0.1360155444561817,-0.1329290019817672
2613,133492,1,"Private, nonprofit",3,Eckerd College,11,11,0.758,77695.0,0.4113924051,2.0,21.0,1,open,48630.99999999996,46294.69,"Ecology, Evolution, Systematics, and Population Biology.",52,2336.308593749964,4,low,0.0504660150609525,0.0493717464091341
4201,133492,1,"Private, nonprofit",3,Eckerd College,11,11,0.758,77695.0,0.4113924051,2.0,21.0,1,open,53220.00000000002,49274.94,"Psychology, General.",35,3945.058593750022,29,high,0.0800621671211086,0.0773217837002104
5201,133492,1,"Private, nonprofit",3,Eckerd College,11,11,0.758,77695.0,0.4113924051,2.0,21.0,1,open,63660.00000000002,57058.2,"Business/Commerce, General.",23,6601.800781250022,9,medium,0.1157029291432771,0.1093404685276294
5202,133492,1,"Private, nonprofit",3,Eckerd College,11,11,0.758,77695.0,0.4113924051,2.0,21.0,1,open,61685.0,63552.45,"Business Administration, Management and Operations.",20,-1867.44921875,58,high,-0.0293843784418467,-0.0274987905613338
1312,133508,1,Public,3,Florida SouthWestern State College,21,12,,25854.0,0.8308977035,1.0,23.0,1,,57918.00000000004,49918.53,"Teacher Education and Professional Development, Specific Levels and Methods.",65,7999.468750000036,24,high,0.1602504831309522,0.1575702220425
2401,133508,1,Public,2,Florida SouthWestern State College,21,12,,25854.0,0.8308977035,1.0,23.0,1,,47775.99999999998,45579.484,"Liberal Arts and Sciences, General Studies and Humanities.",1206,2196.515624999978,36,high,0.0481908835766635,0.0481635232991272
5106,133508,1,Public,2,Florida SouthWestern State College,21,12,,25854.0,0.8308977035,1.0,23.0,1,,69687.00000000003,58619.613,Dental Support Services and Allied Professions.,22,11067.38671875003,10,medium,0.1888000636519045,0.1778931005206296
5109,133508,1,Public,2,Florida SouthWestern State College,21,12,,25854.0,0.8308977035,1.0,23.0,1,,78918.00000000001,62210.35,"Allied Health Diagnostic, Intervention, and Treatment Professions.",75,16707.648437500015,39,high,0.268567015261352,0.2647659229026458
5138,133508,1,Public,2,Florida SouthWestern State College,21,12,,25854.0,0.8308977035,1.0,23.0,1,,78773.00000000001,78733.25,"Registered Nursing, Nursing Administration, Nursing Research and Clinical Nursing.",161,39.75000000001455,58,high,0.0005048692896586,0.0005019440225503
5138,133508,3,Public,3,Florida SouthWestern State College,21,12,,25854.0,0.8308977035,1.0,23.0,1,,89818.00000000007,89220.55,"Registered Nursing, Nursing Administration, Nursing Research and Clinical Nursing.",88,597.4531250000728,57,high,0.006696362507586,0.006617736657012
5202,133508,1,Public,2,Florida SouthWestern State College,21,12,,25854.0,0.8308977035,1.0,23.0,1,,50236.00000000002,49122.03,"Business Administration, Management and Operations.",26,1113.9687500000218,26,high,0.0226775791157867,0.021590211036836
5202,133508,1,Public,3,Florida SouthWestern State College,21,12,,25854.0,0.8308977035,1.0,23.0,1,,57132.000000000015,55521.746,"Business Administration, Management and Operations.",118,1610.2539062500146,58,high,0.0290022202027122,0.0287605923800582
1402,133553,1,"Private, nonprofit",3,Embry-Riddle Aeronautical University-Daytona Beach,13,13,0.6481,38662.0,0.6700304341,2.0,25.0,1,mid,95551.99999999996,89718.08,"Aerospace, Aeronautical, and Astronautical/Space Engineering.",286,5833.921874999956,5,low,0.0650250428555973,0.0648320857329898
1409,133553,1,"Private, nonprofit",3,Embry-Riddle Aeronautical University-Daytona Beach,13,13,0.6481,38662.0,0.6700304341,2.0,25.0,1,mid,105527.00000000007,112225.805,Computer Engineering.,31,-6698.804687499927,13,medium,-0.0596904135029655,-0.0573441339438016
1410,133553,1,"Private, nonprofit",3,Embry-Riddle Aeronautical University-Daytona Beach,13,13,0.6481,38662.0,0.6700304341,2.0,25.0,1,mid,99449.99999999996,105582.84,"Electrical, Electronics, and Communications Engineering.",25,-6132.843750000029,10,medium,-0.0580856087237187,-0.055175248882736
1419,133553,1,"Private, nonprofit",3,Embry-Riddle Aeronautical University-Daytona Beach,13,13,0.6481,38662.0,0.6700304341,2.0,25.0,1,mid,96331.00000000004,98598.63,Mechanical Engineering.,100,-2267.632812499971,12,medium,-0.0229986232852965,-0.0227660823370252
1427,133553,1,"Private, nonprofit",5,Embry-Riddle Aeronautical University-Daytona Beach,13,13,0.6481,38662.0,0.6700304341,2.0,25.0,1,mid,125092.99999999996,137141.0,Systems Engineering.,88,-12048.00000000003,4,low,-0.0878511896515267,-0.0868196782149128
4228,133553,1,"Private, nonprofit",3,Embry-Riddle Aeronautical University-Daytona Beach,13,13,0.6481,38662.0,0.6700304341,2.0,25.0,1,mid,82023.0,65519.44,"Clinical, Counseling and Applied Psychology.",39,16503.55859375,3,low,0.2518879624052427,0.2442724397975756
4228,133553,1,"Private, nonprofit",5,Embry-Riddle Aeronautical University-Daytona Beach,13,13,0.6481,38662.0,0.6700304341,2.0,25.0,1,mid,109267.99999999996,95378.61,"Clinical, Counseling and Applied Psychology.",32,13889.390624999956,9,medium,0.1456237485114828,0.1401026420074617
4303,133553,1,"Private, nonprofit",3,Embry-Riddle Aeronautical University-Daytona Beach,13,13,0.6481,38662.0,0.6700304341,2.0,25.0,1,mid,71014.0,77078.58,Homeland Security.,74,-6064.578125,3,low,-0.0786804618420041,-0.0775492850785665
4304,133553,0,"Private, nonprofit",3,Embry-Riddle Aeronautical University-Daytona Beach,13,13,0.6481,38662.0,0.6700304341,2.0,25.0,1,mid,98996.00000000004,88040.17,Security Science and Technology.,31,10955.828125000044,4,low,0.1244412396258744,0.1195497684545998
4509,133553,0,"Private, nonprofit",3,Embry-Riddle Aeronautical University-Daytona Beach,13,13,0.6481,38662.0,0.6700304341,2.0,25.0,1,mid,75519.99999999994,75199.19,International Relations and National Security Studies.,87,320.8124999999418,6,medium,0.0042661697641339,0.0042154043594068
4509,133553,0,"Private, nonprofit",5,Embry-Riddle Aeronautical University-Daytona Beach,13,13,0.6481,38662.0,0.6700304341,2.0,25.0,1,mid,81885.99999999997,106799.71,International Relations and National Security Studies.,21,-24913.71093750003,2,low,-0.2332750783574659,-0.2190879714680923
4706,133553,0,"Private, nonprofit",2,Embry-Riddle Aeronautical University-Daytona Beach,13,13,0.6481,38662.0,0.6700304341,2.0,25.0,1,mid,83748.99999999996,74578.484,Vehicle Maintenance and Repair Technologies/Technicians.,47,9170.515624999956,5,low,0.122964628496447,0.1199669021321267
4706,133553,0,"Private, nonprofit",3,Embry-Riddle Aeronautical University-Daytona Beach,13,13,0.6481,38662.0,0.6700304341,2.0,25.0,1,mid,87796.99999999994,76923.85,Vehicle Maintenance and Repair Technologies/Technicians.,85,10873.148437499942,2,low,0.1413495062537995,0.139621153368019
4901,133553,1,"Private, nonprofit",2,Embry-Riddle Aeronautical University-Daytona Beach,13,13,0.6481,38662.0,0.6700304341,2.0,25.0,1,mid,83343.00000000007,87369.3,Air Transportation.,208,-4026.2968749999272,5,low,-0.0460836588940435,-0.0458856089766808
4901,133553,1,"Private, nonprofit",3,Embry-Riddle Aeronautical University-Daytona Beach,13,13,0.6481,38662.0,0.6700304341,2.0,25.0,1,mid,90495.00000000007,84131.68,Air Transportation.,1152,6363.320312500073,5,low,0.0756352462727011,0.0755900071609526
4901,133553,1,"Private, nonprofit",5,Embry-Riddle Aeronautical University-Daytona Beach,13,13,0.6481,38662.0,0.6700304341,2.0,25.0,1,mid,113160.99999999994,114579.59,Air Transportation.,375,-1418.5937500000582,3,low,-0.0123808586116588,-0.0123540182993749
5202,133553,0,"Private, nonprofit",2,Embry-Riddle Aeronautical University-Daytona Beach,13,13,0.6481,38662.0,0.6700304341,2.0,25.0,1,mid,85869.00000000003,72167.336,"Business Administration, Management and Operations.",64,13701.66406250003,26,high,0.1898596350344185,0.1866262359742233
5202,133553,1,"Private, nonprofit",3,Embry-Riddle Aeronautical University-Daytona Beach,13,13,0.6481,38662.0,0.6700304341,2.0,25.0,1,mid,83748.99999999996,80182.75,"Business Administration, Management and Operations.",455,3566.2499999999563,58,high,0.0444765239406226,0.0443994043133299
5202,133553,1,"Private, nonprofit",5,Embry-Riddle Aeronautical University-Daytona Beach,13,13,0.6481,38662.0,0.6700304341,2.0,25.0,1,mid,110335.99999999994,112241.76,"Business Administration, Management and Operations.",435,-1905.7578125000584,35,high,-0.0169790446055168,-0.016948036649077
5212,133553,0,"Private, nonprofit",5,Embry-Riddle Aeronautical University-Daytona Beach,13,13,0.6481,38662.0,0.6700304341,2.0,25.0,1,mid,103031.99999999996,97649.76,Management Information Systems and Services.,41,5382.242187499971,9,medium,0.0551178242329547,0.053544593228059
402,133650,1,Public,5,Florida Agricultural and Mechanical University,12,13,0.2056,28781.0,0.8220073183,2.0,20.0,1,elite,73496.00000000006,75507.484,Architecture.,22,-2011.4843749999416,4,low,-0.0266395363539078,-0.025100572673355
904,133650,1,Public,3,Florida Agricultural and Mechanical University,12,13,0.2056,28781.0,0.8220073183,2.0,20.0,1,elite,50832.00000000004,48327.64,Journalism.,64,2504.3593750000364,6,medium,0.0518204353163586,0.0509379088813928
909,133650,1,Public,3,Florida Agricultural and Mechanical University,12,13,0.2056,28781.0,0.8220073183,2.0,20.0,1,elite,41861.00000000003,51585.31,"Public Relations, Advertising, and Applied Communication.",48,-9724.30859374997,11,medium,-0.1885092647275188,-0.184024296973172
1101,133650,2,Public,3,Florida Agricultural and Mechanical University,12,13,0.2056,28781.0,0.8220073183,2.0,20.0,1,elite,83041.00000000004,79652.9,"Computer and Information Sciences, General.",49,3388.101562500044,19,high,0.0425358226626057,0.041547706114218
1510,133650,1,Public,3,Florida Agricultural and Mechanical University,12,13,0.2056,28781.0,0.8220073183,2.0,20.0,1,elite,98272.00000000004,73858.66,Construction Engineering Technology/Technician.,22,24413.34375000003,5,low,0.3305414015029556,0.3114460537058294
2201,133650,1,Public,7,Florida Agricultural and Mechanical University,12,13,0.2056,28781.0,0.8220073183,2.0,20.0,1,elite,81143.99999999996,63844.465,Law.,211,17299.535156249956,8,medium,0.2709637428802644,0.2698185105314614
2601,133650,1,Public,3,Florida Agricultural and Mechanical University,12,13,0.2056,28781.0,0.8220073183,2.0,20.0,1,elite,45172.99999999996,47679.863,"Biology, General.",51,-2506.8632812500364,24,high,-0.052576981323599,-0.0514109622170644
3000,133650,1,Public,3,Florida Agricultural and Mechanical University,12,13,0.2056,28781.0,0.8220073183,2.0,20.0,1,elite,47139.00000000004,47324.25,"Multi-/Interdisciplinary Studies, General.",205,-185.2499999999636,7,medium,-0.0039144835892795,-0.0038973734385373
4201,133650,2,Public,3,Florida Agricultural and Mechanical University,12,13,0.2056,28781.0,0.8220073183,2.0,20.0,1,elite,39472.000000000015,45837.582,"Psychology, General.",66,-6365.582031249985,29,high,-0.1388725528085277,-0.1365908278838348
4301,133650,2,Public,3,Florida Agricultural and Mechanical University,12,13,0.2056,28781.0,0.8220073183,2.0,20.0,1,elite,44890.99999999996,52961.137,Criminal Justice and Corrections.,50,-8070.136718750036,23,high,-0.1523784650168382,-0.1489206057968424
4407,133650,1,Public,3,Florida Agricultural and Mechanical University,12,13,0.2056,28781.0,0.8220073183,2.0,20.0,1,elite,47477.00000000003,50745.656,Social Work.,72,-3268.656249999971,12,medium,-0.0644125328460989,-0.0634563805791243
4407,133650,1,Public,5,Florida Agricultural and Mechanical University,12,13,0.2056,28781.0,0.8220073183,2.0,20.0,1,elite,61026.00000000001,61867.55,Social Work.,26,-841.5507812499927,9,medium,-0.0136024583262642,-0.0129502335493726
4501,133650,2,Public,5,Florida Agricultural and Mechanical University,12,13,0.2056,28781.0,0.8220073183,2.0,20.0,1,elite,57721.99999999996,55698.344,"Social Sciences, General.",53,2023.656249999964,1,low,0.0363324313391269,0.0355618543370795
4510,133650,2,Public,3,Florida Agricultural and Mechanical University,12,13,0.2056,28781.0,0.8220073183,2.0,20.0,1,elite,48732.99999999998,53732.547,Political Science and Government.,49,-4999.546875000022,14,medium,-0.093045038170825,-0.0908835813984659
5100,133650,1,Public,3,Florida Agricultural and Mechanical University,12,13,0.2056,28781.0,0.8220073183,2.0,20.0,1,elite,46081.0,52366.734,"Health Services/Allied Health/Health Sciences, General.",115,-6285.734375,15,medium,-0.1200329646295611,-0.1190023466272741
5107,133650,1,Public,3,Florida Agricultural and Mechanical University,12,13,0.2056,28781.0,0.8220073183,2.0,20.0,1,elite,44476.99999999997,58075.8,Health and Medical Administrative Services.,76,-13598.80078125003,18,high,-0.2341560615319221,-0.2308928696084855
5122,133650,2,Public,5,Florida Agricultural and Mechanical University,12,13,0.2056,28781.0,0.8220073183,2.0,20.0,1,elite,47272.00000000004,70477.7,Public Health.,26,-23205.703124999964,11,medium,-0.3292630448503987,-0.3134751989467246
5123,133650,1,Public,5,Florida Agricultural and Mechanical University,12,13,0.2056,28781.0,0.8220073183,2.0,20.0,1,elite,75716.00000000001,61275.254,Rehabilitation and Therapeutic Professions.,42,14440.746093750016,9,medium,0.2356701143310493,0.2291275960988028
5138,133650,2,Public,3,Florida Agricultural and Mechanical University,12,13,0.2056,28781.0,0.8220073183,2.0,20.0,1,elite,73658.00000000004,70709.29,"Registered Nursing, Nursing Administration, Nursing Research and Clinical Nursing.",116,2948.710937500044,57,high,0.0417018891944122,0.0413474393341058
5202,133650,1,Public,3,Florida Agricultural and Mechanical University,12,13,0.2056,28781.0,0.8220073183,2.0,20.0,1,elite,53901.99999999996,54524.97,"Business Administration, Management and Operations.",98,-622.9687500000437,58,high,-0.0114253848150998,-0.0113070993932227
5202,133650,2,Public,5,Florida Agricultural and Mechanical University,12,13,0.2056,28781.0,0.8220073183,2.0,20.0,1,elite,90640.99999999994,71934.19,"Business Administration, Management and Operations.",62,18706.81249999994,35,high,0.2600545463865834,0.2554587833560585
402,133669,0,Public,3,Florida Atlantic University,13,15,0.6613,28064.0,0.7219053052,2.0,23.0,1,mid,64729.99999999994,61664.098,Architecture.,49,3065.902343749942,4,low,0.049719406596055,0.0485644138074292
901,133669,1,Public,3,Florida Atlantic University,13,15,0.6613,28064.0,0.7219053052,2.0,23.0,1,mid,54717.0,54638.45,Communication and Media Studies.,197,78.55078125,15,medium,0.0014376466091765,0.0014310642711417
907,133669,1,Public,3,Florida Atlantic University,13,15,0.6613,28064.0,0.7219053052,2.0,23.0,1,mid,47504.99999999999,45251.484,"Radio, Television, and Digital Communication.",164,2253.5156249999927,7,medium,0.0497998166496608,0.0495174250481344
1101,133669,2,Public,3,Florida Atlantic University,13,15,0.6613,28064.0,0.7219053052,2.0,23.0,1,mid,89475.99999999997,76444.98,"Computer and Information Sciences, General.",152,13031.02343749997,19,high,0.1704627828206088,0.1694064618440538
1301,133669,1,Public,3,Florida Atlantic University,13,15,0.6613,28064.0,0.7219053052,2.0,23.0,1,mid,50946.00000000004,55344.117,"Education, General.",92,-4398.117187499964,3,low,-0.0794685580149306,-0.0785827350110426
1303,133669,2,Public,5,Florida Atlantic University,13,15,0.6613,28064.0,0.7219053052,2.0,23.0,1,mid,62089.99999999995,72338.77,Curriculum and Instruction.,21,-10248.773437500053,7,medium,-0.1416774566457764,-0.1330610487748587
1304,133669,2,Public,5,Florida Atlantic University,13,15,0.6613,28064.0,0.7219053052,2.0,23.0,1,mid,75592.00000000006,71250.96,Educational Administration and Supervision.,105,4341.039062500058,20,high,0.0609260423351754,0.0603441875498017
1311,133669,1,Public,5,Florida Atlantic University,13,15,0.6613,28064.0,0.7219053052,2.0,23.0,1,mid,65702.99999999994,58653.555,Student Counseling and Personnel Services.,47,7049.445312499942,9,medium,0.1201878615892702,0.1172578293860025
1312,133669,1,Public,3,Florida Atlantic University,13,15,0.6613,28064.0,0.7219053052,2.0,23.0,1,mid,56073.00000000004,51927.062,"Teacher Education and Professional Development, Specific Levels and Methods.",144,4145.937500000036,24,high,0.0798415566064426,0.0793145308045202
1313,133669,1,Public,3,Florida Atlantic University,13,15,0.6613,28064.0,0.7219053052,2.0,23.0,1,mid,56414.00000000002,48476.184,"Teacher Education and Professional Development, Specific Subject Areas.",44,7937.816406250022,11,medium,0.1637467271097933,0.1594384765940264
1408,133669,1,Public,3,Florida Atlantic University,13,15,0.6613,28064.0,0.7219053052,2.0,23.0,1,mid,84777.99999999999,75622.49,Civil Engineering.,70,9155.507812499984,8,medium,0.1210685808899239,0.1192113403467591
1409,133669,1,Public,3,Florida Atlantic University,13,15,0.6613,28064.0,0.7219053052,2.0,23.0,1,mid,90664.00000000006,91959.44,Computer Engineering.,43,-1295.4374999999418,13,medium,-0.0140870533271796,-0.0137064488737162
1410,133669,1,Public,3,Florida Atlantic University,13,15,0.6613,28064.0,0.7219053052,2.0,23.0,1,mid,93560.99999999994,93631.63,"Electrical, Electronics, and Communications Engineering.",62,-70.63281250005821,10,medium,-0.000754369120546,-0.0007410376800319
1419,133669,1,Public,3,Florida Atlantic University,13,15,0.6613,28064.0,0.7219053052,2.0,23.0,1,mid,89583.00000000003,80607.27,Mechanical Engineering.,90,8975.72656250003,12,medium,0.1113513232705915,0.1100777923510291
2301,133669,1,Public,3,Florida Atlantic University,13,15,0.6613,28064.0,0.7219053052,2.0,23.0,1,mid,47641.99999999999,46645.637,"English Language and Literature, General.",119,996.3632812499928,11,medium,0.0213602675692384,0.0211840554190483
2401,133669,1,Public,2,Florida Atlantic University,13,15,0.6613,28064.0,0.7219053052,2.0,23.0,1,mid,48520.00000000003,50368.28,"Liberal Arts and Sciences, General Studies and Humanities.",85,-1848.281249999971,36,high,-0.0366953408798314,-0.0362466481324335
2401,133669,2,Public,3,Florida Atlantic University,13,15,0.6613,28064.0,0.7219053052,2.0,23.0,1,mid,48428.00000000001,56656.73,"Liberal Arts and Sciences, General Studies and Humanities.",117,-8228.730468749993,12,medium,-0.1452383573967207,-0.1440162197514884
2601,133669,1,Public,3,Florida Atlantic University,13,15,0.6613,28064.0,0.7219053052,2.0,23.0,1,mid,47707.00000000004,49627.844,"Biology, General.",258,-1920.843749999964,24,high,-0.0387049608618138,-0.0385755050954083
2601,133669,1,Public,5,Florida Atlantic University,13,15,0.6613,28064.0,0.7219053052,2.0,23.0,1,mid,61445.000000000015,62100.39,"Biology, General.",36,-655.3906249999854,1,low,-0.0105537278977459,-0.010203954634183
2701,133669,1,Public,3,Florida Atlantic University,13,15,0.6613,28064.0,0.7219053052,2.0,23.0,1,mid,71453.00000000004,62595.336,Mathematics.,25,8857.664062500044,6,medium,0.1415067741044511,0.1344166248983116
3000,133669,1,Public,3,Florida Atlantic University,13,15,0.6613,28064.0,0.7219053052,2.0,23.0,1,mid,51082.00000000003,52712.715,"Multi-/Interdisciplinary Studies, General.",519,-1630.714843749971,7,medium,-0.0309358918163047,-0.0308897993418598
3105,133669,1,Public,3,Florida Atlantic University,13,15,0.6613,28064.0,0.7219053052,2.0,23.0,1,mid,50395.00000000004,51887.81,"Sports, Kinesiology, and Physical Education/Fitness.",165,-1492.8085937499636,18,high,-0.0287699294729855,-0.0286079424239199
4201,133669,1,Public,3,Florida Atlantic University,13,15,0.6613,28064.0,0.7219053052,2.0,23.0,1,mid,48753.99999999999,48220.05,"Psychology, General.",375,533.9492187499927,29,high,0.0110731782754076,0.0110491728673653
4301,133669,3,Public,3,Florida Atlantic University,13,15,0.6613,28064.0,0.7219053052,2.0,23.0,1,mid,53545.00000000005,58439.1,Criminal Justice and Corrections.,386,-4894.101562499956,23,high,-0.0837470363445914,-0.0835714517200963
4301,133669,1,Public,5,Florida Atlantic University,13,15,0.6613,28064.0,0.7219053052,2.0,23.0,1,mid,60143.99999999999,77960.086,Criminal Justice and Corrections.,30,-17816.085937500007,10,medium,-0.2285283003892918,-0.2192047870832869
4399,133669,3,Public,3,Florida Atlantic University,13,15,0.6613,28064.0,0.7219053052,2.0,23.0,1,mid,56162.00000000002,60458.945,"Homeland Security, Law Enforcement, Firefighting and Related Protective Services, Other.",54,-4296.945312499978,4,low,-0.0710721182827444,-0.0695971161399108
4404,133669,3,Public,3,Florida Atlantic University,13,15,0.6613,28064.0,0.7219053052,2.0,23.0,1,mid,57679.00000000002,58944.867,Public Administration.,40,-1265.8671874999782,7,medium,-0.021475443883406,-0.0208447935344109
4404,133669,1,Public,5,Florida Atlantic University,13,15,0.6613,28064.0,0.7219053052,2.0,23.0,1,mid,73083.99999999996,75500.5,Public Administration.,23,-2416.500000000044,10,medium,-0.032006410553573,-0.030246390058818
4407,133669,1,Public,3,Florida Atlantic University,13,15,0.6613,28064.0,0.7219053052,2.0,23.0,1,mid,50966.00000000001,51715.152,Social Work.,232,-749.1523437499927,12,medium,-0.0144861285290312,-0.0144313060979367
4502,133669,1,Public,3,Florida Atlantic University,13,15,0.6613,28064.0,0.7219053052,2.0,23.0,1,mid,33388.999999999985,46691.03,Anthropology.,34,-13302.031250000016,7,medium,-0.2848947837278709,-0.2748148620335246
4506,133669,2,Public,3,Florida Atlantic University,13,15,0.6613,28064.0,0.7219053052,2.0,23.0,1,mid,74056.00000000003,66432.7,Economics.,79,7623.296875000029,8,medium,0.1147521704883212,0.1132237043139189
4507,133669,1,Public,1,Florida Atlantic University,13,15,0.6613,28064.0,0.7219053052,2.0,23.0,1,mid,59553.99999999999,47486.64,Geography and Cartography.,24,12067.359374999993,1,low,0.2541211426239944,0.2407940866092385
4510,133669,1,Public,3,Florida Atlantic University,13,15,0.6613,28064.0,0.7219053052,2.0,23.0,1,mid,53871.99999999997,57980.613,Political Science and Government.,104,-4108.613281250029,14,medium,-0.0708618458607903,-0.0701774843761647
4511,133669,1,Public,3,Florida Atlantic University,13,15,0.6613,28064.0,0.7219053052,2.0,23.0,1,mid,50983.0,51545.72,Sociology.,151,-562.71875,12,medium,-0.0109168862835965,-0.0108487130105919
5005,133669,1,Public,3,Florida Atlantic University,13,15,0.6613,28064.0,0.7219053052,2.0,23.0,1,mid,20673.000000000004,41010.17,Drama/Theatre Arts and Stagecraft.,20,-20337.171875,11,medium,-0.4959055508713348,-0.4640834213526638
5007,133669,1,Public,3,Florida Atlantic University,13,15,0.6613,28064.0,0.7219053052,2.0,23.0,1,mid,46605.99999999997,45587.7,Fine and Studio Arts.,118,1018.3007812499708,12,medium,0.022337183027459,0.0221510840025767
5010,133669,1,Public,3,Florida Atlantic University,13,15,0.6613,28064.0,0.7219053052,2.0,23.0,1,mid,37373.99999999999,48933.977,"Arts, Entertainment, and Media Management.",24,-11559.976562500016,3,low,-0.2362361977211325,-0.2238470946058484
5100,133669,1,Public,3,Florida Atlantic University,13,15,0.6613,28064.0,0.7219053052,2.0,23.0,1,mid,51640.00000000002,57168.383,"Health Services/Allied Health/Health Sciences, General.",41,-5528.382812499978,15,medium,-0.0967035018400273,-0.0939432886151054
5102,133669,1,Public,5,Florida Atlantic University,13,15,0.6613,28064.0,0.7219053052,2.0,23.0,1,mid,64384.99999999995,72494.37,Communication Disorders Sciences and Services.,37,-8109.367187500051,8,medium,-0.1118620315220618,-0.1082692921196064
5107,133669,1,Public,3,Florida Atlantic University,13,15,0.6613,28064.0,0.7219053052,2.0,23.0,1,mid,57152.99999999996,57445.8,Health and Medical Administrative Services.,231,-292.80078125004366,18,high,-0.0050969918996344,-0.0050776052356289
5107,133669,2,Public,5,Florida Atlantic University,13,15,0.6613,28064.0,0.7219053052,2.0,23.0,1,mid,86396.00000000004,76108.55,Health and Medical Administrative Services.,150,10287.453125000044,12,medium,0.1351681716101618,0.134317501397528
5112,133669,1,Public,7,Florida Atlantic University,13,15,0.6613,28064.0,0.7219053052,2.0,23.0,1,mid,89536.99999999994,91210.836,Medicine.,88,-1673.8359375000582,7,medium,-0.0183512838172759,-0.0181358108201639
5115,133669,1,Public,5,Florida Atlantic University,13,15,0.6613,28064.0,0.7219053052,2.0,23.0,1,mid,58963.00000000002,57579.023,Mental and Social Health Services and Allied Professions.,170,1383.9765625000218,12,medium,0.024036124266718,0.0239054258357881
5138,133669,2,Public,3,Florida Atlantic University,13,15,0.6613,28064.0,0.7219053052,2.0,23.0,1,mid,91953.0,86929.055,"Registered Nursing, Nursing Administration, Nursing Research and Clinical Nursing.",236,5023.945312499985,57,high,0.0577936264297419,0.0575792153054604
5138,133669,2,Public,5,Florida Atlantic University,13,15,0.6613,28064.0,0.7219053052,2.0,23.0,1,mid,109032.99999999996,113631.67,"Registered Nursing, Nursing Administration, Nursing Research and Clinical Nursing.",183,-4598.671875000029,18,high,-0.04046998340444,-0.0402680560532812
5138,133669,1,Public,6,Florida Atlantic University,13,15,0.6613,28064.0,0.7219053052,2.0,23.0,1,mid,115208.0000000001,129532.43,"Registered Nursing, Nursing Administration, Nursing Research and Clinical Nursing.",39,-14324.429687499898,8,medium,-0.1105856635443179,-0.1072422420772344
5202,133669,2,Public,3,Florida Atlantic University,13,15,0.6613,28064.0,0.7219053052,2.0,23.0,1,mid,62057.99999999999,63507.863,"Business Administration, Management and Operations.",292,-1449.8632812500146,58,high,-0.0228296655932064,-0.0227635331715067
5202,133669,2,Public,5,Florida Atlantic University,13,15,0.6613,28064.0,0.7219053052,2.0,23.0,1,mid,95852.00000000006,83027.336,"Business Administration, Management and Operations.",335,12824.664062500058,35,high,0.1544631526194458,0.1540815911652346
5203,133669,2,Public,3,Florida Atlantic University,13,15,0.6613,28064.0,0.7219053052,2.0,23.0,1,mid,77465.00000000001,70519.24,Accounting and Related Services.,297,6945.757812500015,24,high,0.0984945044365663,0.0982147539611534
5203,133669,2,Public,5,Florida Atlantic University,13,15,0.6613,28064.0,0.7219053052,2.0,23.0,1,mid,99288.0,86444.93,Accounting and Related Services.,295,12843.070312500016,19,high,0.148569388151832,0.1481440905335103
5208,133669,2,Public,3,Florida Atlantic University,13,15,0.6613,28064.0,0.7219053052,2.0,23.0,1,mid,70078.00000000003,71959.375,Finance and Financial Management Services.,278,-1881.374999999971,15,medium,-0.0261449602640374,-0.0260647789577306
5208,133669,1,Public,5,Florida Atlantic University,13,15,0.6613,28064.0,0.7219053052,2.0,23.0,1,mid,99143.0,91249.12,Finance and Financial Management Services.,24,7893.882812499985,6,medium,0.0865091417408403,0.0819722812267408
5209,133669,2,Public,3,Florida Atlantic University,13,15,0.6613,28064.0,0.7219053052,2.0,23.0,1,mid,54634.99999999998,53410.527,Hospitality Administration/Management.,65,1224.4726562499782,7,medium,0.0229256799576097,0.0225422376944967
5211,133669,1,Public,3,Florida Atlantic University,13,15,0.6613,28064.0,0.7219053052,2.0,23.0,1,mid,50229.99999999999,59767.46,International Business.,67,-9537.460937500007,7,medium,-0.1595761437393754,-0.1569998313610328
5212,133669,1,Public,3,Florida Atlantic University,13,15,0.6613,28064.0,0.7219053052,2.0,23.0,1,mid,70317.99999999999,66180.4,Management Information Systems and Services.,137,4137.601562499985,7,medium,0.0625200461192068,0.0620826071730078
5212,133669,3,Public,5,Florida Atlantic University,13,15,0.6613,28064.0,0.7219053052,2.0,23.0,1,mid,93773.99999999996,82124.63,Management Information Systems and Services.,23,11649.367187499956,9,medium,0.1418498541612576,0.1340495839596383
5214,133669,2,Public,3,Florida Atlantic University,13,15,0.6613,28064.0,0.7219053052,2.0,23.0,1,mid,62905.99999999996,61265.21,Marketing.,257,1640.7890624999563,17,high,0.026781741830185,0.026691760191072
5401,133669,1,Public,3,Florida Atlantic University,13,15,0.6613,28064.0,0.7219053052,2.0,23.0,1,mid,46959.99999999999,50559.004,History.,33,-3599.0039062500077,9,medium,-0.0711842328405743,-0.0685783672560488
1101,133702,1,Public,1,Florida State College at Jacksonville,11,15,,25081.0,0.8159581286,1.0,25.0,1,,65250.00000000005,59534.223,"Computer and Information Sciences, General.",27,5715.777343750051,2,low,0.0960082636293563,0.0915960360813162
1101,133702,1,Public,2,Florida State College at Jacksonville,11,15,,25081.0,0.8159581286,1.0,25.0,1,,64039.00000000005,55420.12,"Computer and Information Sciences, General.",31,8618.878906250044,8,medium,0.1555189475618456,0.1494058900989598
1109,133702,1,Public,3,Florida State College at Jacksonville,11,15,,25081.0,0.8159581286,1.0,25.0,1,,66518.99999999994,62307.246,Computer Systems Networking and Telecommunications.,45,4211.753906249942,3,low,0.0675965344369861,0.0658636184128984
1110,133702,1,Public,2,Florida State College at Jacksonville,11,15,,25081.0,0.8159581286,1.0,25.0,1,,60139.0,56462.44,Computer/Information Technology Administration and Management.,37,3676.55859375,8,medium,0.0651151190451894,0.0630237780360366
1110,133702,1,Public,3,Florida State College at Jacksonville,11,15,,25081.0,0.8159581286,1.0,25.0,1,,72741.99999999996,70868.07,Computer/Information Technology Administration and Management.,43,1873.9296874999563,9,medium,0.026442510417409,0.0257280858325172
1204,133702,1,Public,1,Florida State College at Jacksonville,11,15,,25081.0,0.8159581286,1.0,25.0,1,,37819.0,25839.37,Cosmetology and Related Personal Grooming Services.,33,11979.630859375,80,high,0.4636193242249272,0.4466474528833559
1205,133702,1,Public,2,Florida State College at Jacksonville,11,15,,25081.0,0.8159581286,1.0,25.0,1,,36337.00000000002,45630.062,Culinary Arts and Related Services.,23,-9293.062499999978,6,medium,-0.203660963646499,-0.1924617237504967
1312,133702,1,Public,3,Florida State College at Jacksonville,11,15,,25081.0,0.8159581286,1.0,25.0,1,,48274.99999999998,50913.285,"Teacher Education and Professional Development, Specific Levels and Methods.",23,-2638.285156250022,24,high,-0.0518191891989148,-0.0489696714481185
2401,133702,1,Public,2,Florida State College at Jacksonville,11,15,,25081.0,0.8159581286,1.0,25.0,1,,45208.99999999999,46454.88,"Liberal Arts and Sciences, General Studies and Humanities.",1353,-1245.8789062500073,36,high,-0.0268191185852469,-0.0268057576649835
4301,133702,1,Public,1,Florida State College at Jacksonville,11,15,,25081.0,0.8159581286,1.0,25.0,1,,66208.99999999999,58300.88,Criminal Justice and Corrections.,64,7908.121093749985,19,high,0.1356432568789664,0.1333331882894278
4399,133702,1,Public,3,Florida State College at Jacksonville,11,15,,25081.0,0.8159581286,1.0,25.0,1,,55284.00000000004,57100.715,"Homeland Security, Law Enforcement, Firefighting and Related Protective Services, Other.",36,-1816.714843749964,4,low,-0.0318159737355514,-0.030761523869614
4400,133702,1,Public,3,Florida State College at Jacksonville,11,15,,25081.0,0.8159581286,1.0,25.0,1,,46466.99999999996,43564.684,"Human Services, General.",53,2902.316406249964,5,low,0.0666208535637418,0.0652078873591458
5108,133702,1,Public,2,Florida State College at Jacksonville,11,15,,25081.0,0.8159581286,1.0,25.0,1,,50801.000000000015,48664.055,Allied Health and Medical Assisting Services.,42,2136.9453125000146,22,high,0.0439121919910409,0.0426931306877662
5109,133702,1,Public,1,Florida State College at Jacksonville,11,15,,25081.0,0.8159581286,1.0,25.0,1,,56695.00000000005,65125.105,"Allied Health Diagnostic, Intervention, and Treatment Professions.",34,-8430.105468749956,22,high,-0.1294447879672932,-0.1248648749573804
5109,133702,1,Public,2,Florida State College at Jacksonville,11,15,,25081.0,0.8159581286,1.0,25.0,1,,70804.99999999999,69713.9,"Allied Health Diagnostic, Intervention, and Treatment Professions.",61,1091.1015624999854,39,high,0.0156511339482496,0.0153692539137068
5138,133702,1,Public,2,Florida State College at Jacksonville,11,15,,25081.0,0.8159581286,1.0,25.0,1,,78015.00000000004,81229.73,"Registered Nursing, Nursing Administration, Nursing Research and Clinical Nursing.",225,-3214.7265624999563,58,high,-0.0395757402928898,-0.0394205296852238
5138,133702,1,Public,3,Florida State College at Jacksonville,11,15,,25081.0,0.8159581286,1.0,25.0,1,,90705.0,89980.36,"Registered Nursing, Nursing Administration, Nursing Research and Clinical Nursing.",95,724.640625,57,high,0.0080533199693058,0.0079668573761976
5202,133702,2,Public,1,Florida State College at Jacksonville,11,15,,25081.0,0.8159581286,1.0,25.0,1,,48635.99999999996,55284.88,"Business Administration, Management and Operations.",123,-6648.878906250036,5,low,-0.1202657767872649,-0.1193112704034312
5202,133702,2,Public,2,Florida State College at Jacksonville,11,15,,25081.0,0.8159581286,1.0,25.0,1,,62248.00000000005,49556.477,"Business Administration, Management and Operations.",65,12691.523437500053,26,high,0.2561022154489467,0.251818791216314
5202,133702,1,Public,3,Florida State College at Jacksonville,11,15,,25081.0,0.8159581286,1.0,25.0,1,,55860.00000000005,58882.78,"Business Administration, Management and Operations.",293,-3022.7812499999563,58,high,-0.0513355718909754,-0.05118745306465
5203,133702,1,Public,1,Florida State College at Jacksonville,11,15,,25081.0,0.8159581286,1.0,25.0,1,,55427.99999999999,64939.543,Accounting and Related Services.,20,-9511.542968750016,5,low,-0.1464676610571024,-0.1370688695487871
5207,133702,1,Public,1,Florida State College at Jacksonville,11,15,,25081.0,0.8159581286,1.0,25.0,1,,60511.00000000005,52148.55,Entrepreneurial and Small Business Operations.,29,8362.449218750051,4,low,0.16035822843531,0.1535597972180666
5208,133702,1,Public,3,Florida State College at Jacksonville,11,15,,25081.0,0.8159581286,1.0,25.0,1,,55025.000000000015,67287.81,Finance and Financial Management Services.,27,-12262.812499999984,15,medium,-0.1822441842644236,-0.1738688342696996
301,133711,1,"Private, nonprofit",3,Flagler College,23,10,0.8076,53601.0,0.5154411765,2.0,22.0,1,open,48084.99999999998,42063.45,Natural Resources Conservation and Research.,33,6021.550781249978,9,medium,0.1431539945746018,0.1379135072803892
904,133711,1,"Private, nonprofit",3,Flagler College,23,10,0.8076,53601.0,0.5154411765,2.0,22.0,1,open,46970.99999999998,53839.805,Journalism.,38,-6868.804687500022,6,medium,-0.1275785587887683,-0.1236045370847023
909,133711,1,"Private, nonprofit",3,Flagler College,23,10,0.8076,53601.0,0.5154411765,2.0,22.0,1,open,53353.00000000002,49022.027,"Public Relations, Advertising, and Applied Communication.",84,4330.972656250022,11,medium,0.0883474815490713,0.0872521628478585
1301,133711,1,"Private, nonprofit",3,Flagler College,23,10,0.8076,53601.0,0.5154411765,2.0,22.0,1,open,49104.000000000015,50847.48,"Education, General.",54,-1743.4804687499854,3,low,-0.0342884338157423,-0.0335768254582789
1312,133711,1,"Private, nonprofit",3,Flagler College,23,10,0.8076,53601.0,0.5154411765,2.0,22.0,1,open,49796.99999999999,46129.69,"Teacher Education and Professional Development, Specific Levels and Methods.",46,3667.3085937499927,24,high,0.0794999593960673,0.077513020877369
2301,133711,1,"Private, nonprofit",3,Flagler College,23,10,0.8076,53601.0,0.5154411765,2.0,22.0,1,open,53263.00000000003,44207.746,"English Language and Literature, General.",33,9055.25390625003,11,medium,0.2048341005000986,0.1973356684494804
4201,133711,1,"Private, nonprofit",3,Flagler College,23,10,0.8076,53601.0,0.5154411765,2.0,22.0,1,open,47077.99999999997,48527.293,"Psychology, General.",59,-1449.292968750029,29,high,-0.029865522679852,-0.0293063522775444
4404,133711,1,"Private, nonprofit",3,Flagler College,23,10,0.8076,53601.0,0.5154411765,2.0,22.0,1,open,70202.00000000004,51218.88,Public Administration.,48,18983.121093750044,7,medium,0.3706274229175606,0.361809543101072
4504,133711,1,"Private, nonprofit",3,Flagler College,23,10,0.8076,53601.0,0.5154411765,2.0,22.0,1,open,48912.99999999999,53459.906,Criminology.,39,-4546.906250000007,7,medium,-0.0850526416701302,-0.0824811797022946
4510,133711,1,"Private, nonprofit",3,Flagler College,23,10,0.8076,53601.0,0.5154411765,2.0,22.0,1,open,65513.00000000003,50774.363,Political Science and Government.,27,14738.63671875003,14,medium,0.2902771352761153,0.2769369422092362
5004,133711,1,"Private, nonprofit",3,Flagler College,23,10,0.8076,53601.0,0.5154411765,2.0,22.0,1,open,46921.000000000015,51873.56,Design and Applied Arts.,55,-4952.558593749985,7,medium,-0.0954736618811167,-0.0935340369350567
5005,133711,1,"Private, nonprofit",3,Flagler College,23,10,0.8076,53601.0,0.5154411765,2.0,22.0,1,open,36505.99999999999,25470.643,Drama/Theatre Arts and Stagecraft.,20,11035.357421874993,11,medium,0.4332579120462594,0.4054558651284539
5007,133711,1,"Private, nonprofit",3,Flagler College,23,10,0.8076,53601.0,0.5154411765,2.0,22.0,1,open,35458.00000000002,42073.12,Fine and Studio Arts.,28,-6615.121093749978,12,medium,-0.1572291506258769,-0.1502936959104505
5202,133711,1,"Private, nonprofit",3,Flagler College,23,10,0.8076,53601.0,0.5154411765,2.0,22.0,1,open,58703.00000000004,60105.56,"Business Administration, Management and Operations.",189,-1402.5585937499636,58,high,-0.023334923201193,-0.0232227918971966
5203,133711,1,"Private, nonprofit",3,Flagler College,23,10,0.8076,53601.0,0.5154411765,2.0,22.0,1,open,63113.0,61714.22,Accounting and Related Services.,69,1398.78125,24,high,0.022665461514896,0.0223118770814742
2401,133809,1,"Private, nonprofit",2,Florida College,21,8,0.6966,66397.0,0.486013986,2.0,19.0,1,mid,47244.00000000002,43705.004,"Liberal Arts and Sciences, General Studies and Humanities.",29,3538.996093750022,36,high,0.0809746202366528,0.0775416789314714
2401,133809,1,"Private, nonprofit",3,Florida College,21,8,0.6966,66397.0,0.486013986,2.0,19.0,1,mid,39764.00000000003,45207.36,"Liberal Arts and Sciences, General Studies and Humanities.",25,-5443.359374999971,12,medium,-0.1204087000491824,-0.1143756627301644
5202,133809,1,"Private, nonprofit",3,Florida College,21,8,0.6966,66397.0,0.486013986,2.0,19.0,1,mid,61596.99999999996,50080.85,"Business Administration, Management and Operations.",32,11516.148437499964,58,high,0.229951130585869,0.2212328775834439
5106,133845,1,"Private, for-profit",1,Concorde Career Institute-Jacksonville,11,2,0.9404,16617.0,0.8801108801,2.0,27.0,1,open,33649.0,35306.277,Dental Support Services and Allied Professions.,211,-1657.27734375,17,high,-0.0469400194082873,-0.046741626707816
5107,133845,1,"Private, for-profit",1,Concorde Career Institute-Jacksonville,11,2,0.9404,16617.0,0.8801108801,2.0,27.0,1,open,34492.99999999997,35558.562,Health and Medical Administrative Services.,37,-1065.562500000029,25,high,-0.0299664110437543,-0.0290039619961001
5108,133845,1,"Private, for-profit",1,Concorde Career Institute-Jacksonville,11,2,0.9404,16617.0,0.8801108801,2.0,27.0,1,open,35960.99999999998,34268.45,Allied Health and Medical Assisting Services.,335,1692.5507812499782,33,high,0.0493909359727868,0.0492689283804579
5109,133845,1,"Private, for-profit",1,Concorde Career Institute-Jacksonville,11,2,0.9404,16617.0,0.8801108801,2.0,27.0,1,open,51737.00000000002,51956.492,"Allied Health Diagnostic, Intervention, and Treatment Professions.",57,-219.49218749997817,22,high,-0.004224538229176,-0.00414220431696
5109,133845,1,"Private, for-profit",2,Concorde Career Institute-Jacksonville,11,2,0.9404,16617.0,0.8801108801,2.0,27.0,1,open,60066.00000000004,58726.098,"Allied Health Diagnostic, Intervention, and Treatment Professions.",33,1339.9023437500364,39,high,0.0228161311107896,0.0219808931871502
5138,133845,1,"Private, for-profit",2,Concorde Career Institute-Jacksonville,11,2,0.9404,16617.0,0.8801108801,2.0,27.0,1,open,73531.99999999997,80844.78,"Registered Nursing, Nursing Administration, Nursing Research and Clinical Nursing.",164,-7312.781250000029,58,high,-0.0904545863929841,-0.0899416604981637
5139,133845,1,"Private, for-profit",1,Concorde Career Institute-Jacksonville,11,2,0.9404,16617.0,0.8801108801,2.0,27.0,1,open,51435.00000000002,47894.973,"Practical Nursing, Vocational Nursing and Nursing Assistants.",60,3540.027343750022,47,high,0.0739122949115635,0.0725552505677032
5106,133854,1,"Private, for-profit",1,Concorde Career Institute-Miramar,21,1,0.9959,16501.0,0.8625304136,2.0,27.0,1,open,32146.999999999975,35040.61,Dental Support Services and Allied Professions.,93,-2893.609375000022,17,high,-0.082578740113592,-0.0816698131807067
5108,133854,1,"Private, for-profit",1,Concorde Career Institute-Miramar,21,1,0.9959,16501.0,0.8625304136,2.0,27.0,1,open,33937.00000000002,35119.965,Allied Health and Medical Assisting Services.,189,-1182.9648437499782,33,high,-0.0336835429367037,-0.0335216834113842
5108,133854,1,"Private, for-profit",2,Concorde Career Institute-Miramar,21,1,0.9959,16501.0,0.8625304136,2.0,27.0,1,open,55359.00000000003,39217.656,Allied Health and Medical Assisting Services.,36,16141.34375000003,22,high,0.4115835899805978,0.3979428237138052
5109,133854,1,"Private, for-profit",2,Concorde Career Institute-Miramar,21,1,0.9959,16501.0,0.8625304136,2.0,27.0,1,open,59711.000000000015,61801.383,"Allied Health Diagnostic, Intervention, and Treatment Professions.",20,-2090.382812499985,39,high,-0.0338242077663864,-0.031653717199146
5138,133854,0,"Private, for-profit",2,Concorde Career Institute-Miramar,21,1,0.9959,16501.0,0.8625304136,2.0,27.0,1,open,87364.99999999999,79637.1,"Registered Nursing, Nursing Administration, Nursing Research and Clinical Nursing.",128,7727.898437499985,58,high,0.097038921380571,0.0963038214258609
5106,133863,1,"Private, for-profit",1,Concorde Career Institute-Tampa,11,1,0.957,15715.0,0.8117942284,2.0,26.0,1,open,33692.000000000015,34591.15,Dental Support Services and Allied Professions.,178,-899.1484374999854,17,high,-0.0259935988862753,-0.0258596420136624
5107,133863,1,"Private, for-profit",1,Concorde Career Institute-Tampa,11,1,0.957,15715.0,0.8117942284,2.0,26.0,1,open,38706.99999999999,34474.4,Health and Medical Administrative Services.,22,4232.601562499993,25,high,0.1227752115870402,0.115682498373324
5108,133863,1,"Private, for-profit",1,Concorde Career Institute-Tampa,11,1,0.957,15715.0,0.8117942284,2.0,26.0,1,open,34658.0,34924.38,Allied Health and Medical Assisting Services.,221,-266.37890625,33,high,-0.0076273054694847,-0.0075967609646524
5109,133863,1,"Private, for-profit",2,Concorde Career Institute-Tampa,11,1,0.957,15715.0,0.8117942284,2.0,26.0,1,open,71678.00000000006,59059.09,"Allied Health Diagnostic, Intervention, and Treatment Professions.",32,12618.910156250058,39,high,0.2136658419497379,0.2055650212955929
5138,133863,0,"Private, for-profit",2,Concorde Career Institute-Tampa,11,1,0.957,15715.0,0.8117942284,2.0,26.0,1,open,76188.99999999994,80160.04,"Registered Nursing, Nursing Administration, Nursing Research and Clinical Nursing.",62,-3971.039062500058,58,high,-0.0495388863197019,-0.048663420055086
5100,133872,1,"Private, nonprofit",3,AdventHealth University,11,9,,30567.0,0.6558533145,1.0,26.0,1,,51966.99999999998,59571.59,"Health Services/Allied Health/Health Sciences, General.",24,-7604.589843750022,15,medium,-0.1276546397988715,-0.1209599566348646
5109,133872,1,"Private, nonprofit",2,AdventHealth University,11,9,,30567.0,0.6558533145,1.0,26.0,1,,71349.00000000006,69410.32,"Allied Health Diagnostic, Intervention, and Treatment Professions.",73,1938.6796875000584,39,high,0.0279307123028925,0.0275227264782389
5109,133872,1,"Private, nonprofit",3,AdventHealth University,11,9,,30567.0,0.6558533145,1.0,26.0,1,,82600.0,70870.984,"Allied Health Diagnostic, Intervention, and Treatment Professions.",107,11729.015625,7,medium,0.1654981333818957,0.1639520988701441
5109,133872,1,"Private, nonprofit",5,AdventHealth University,11,9,,30567.0,0.6558533145,1.0,26.0,1,,112012.00000000004,108946.56,"Allied Health Diagnostic, Intervention, and Treatment Professions.",36,3065.437500000044,9,medium,0.0281370740816172,0.0272045508704832
5123,133872,1,"Private, nonprofit",5,AdventHealth University,11,9,,30567.0,0.6558533145,1.0,26.0,1,,68108.00000000001,63448.84,Rehabilitation and Therapeutic Professions.,47,4659.160156250015,9,medium,0.0734317627827983,0.0716415867462898
5123,133872,0,"Private, nonprofit",6,AdventHealth University,11,9,,30567.0,0.6558533145,1.0,26.0,1,,75301.00000000004,96296.23,Rehabilitation and Therapeutic Professions.,20,-20995.22656249996,8,medium,-0.2180275106509312,-0.2040367423072885
5138,133872,2,"Private, nonprofit",3,AdventHealth University,11,9,,30567.0,0.6558533145,1.0,26.0,1,,87330.00000000006,106091.055,"Registered Nursing, Nursing Administration, Nursing Research and Clinical Nursing.",240,-18761.05468749994,57,high,-0.1768391759584461,-0.1761958158981144
5138,133872,3,"Private, nonprofit",5,AdventHealth University,11,9,,30567.0,0.6558533145,1.0,26.0,1,,214531.0000000001,114627.79,"Registered Nursing, Nursing Administration, Nursing Research and Clinical Nursing.",44,99903.21093750007,18,high,0.8715444287512913,0.8486137002967074
1104,133881,0,"Private, nonprofit",2,Florida Institute of Technology,13,14,0.577,30032.0,0.7019104084,2.0,28.0,1,mid,51538.99999999999,65453.12,Information Science/Studies.,32,-13914.121093750007,2,low,-0.2125814760432966,-0.2045217674997791
1104,133881,0,"Private, nonprofit",3,Florida Institute of Technology,13,14,0.577,30032.0,0.7019104084,2.0,28.0,1,mid,85906.00000000007,77440.34,Information Science/Studies.,72,8465.656250000073,5,low,0.1093184229312008,0.1076956788270758
1107,133881,1,"Private, nonprofit",3,Florida Institute of Technology,13,14,0.577,30032.0,0.7019104084,2.0,28.0,1,mid,91606.00000000006,89577.35,Computer Science.,29,2028.6484375000584,5,low,0.0226468901135643,0.0216867689758851
1402,133881,1,"Private, nonprofit",3,Florida Institute of Technology,13,14,0.577,30032.0,0.7019104084,2.0,28.0,1,mid,97015.0,92218.34,"Aerospace, Aeronautical, and Astronautical/Space Engineering.",57,4796.65625,5,low,0.0520141227324959,0.0510003962651927
1402,133881,1,"Private, nonprofit",5,Florida Institute of Technology,13,14,0.577,30032.0,0.7019104084,2.0,28.0,1,mid,130016.0,135256.47,"Aerospace, Aeronautical, and Astronautical/Space Engineering.",24,-5240.46875,2,low,-0.0387446811116011,-0.0367127662141769
1405,133881,1,"Private, nonprofit",3,Florida Institute of Technology,13,14,0.577,30032.0,0.7019104084,2.0,28.0,1,mid,88120.00000000001,82427.04,Biomedical/Medical Engineering.,26,5692.960937500015,5,low,0.0690666679556856,0.0657549877418917
1409,133881,1,"Private, nonprofit",3,Florida Institute of Technology,13,14,0.577,30032.0,0.7019104084,2.0,28.0,1,mid,106430.99999999993,91192.125,Computer Engineering.,31,15238.874999999927,13,medium,0.1671073571319884,0.1605387885258216
1419,133881,1,"Private, nonprofit",3,Florida Institute of Technology,13,14,0.577,30032.0,0.7019104084,2.0,28.0,1,mid,92752.99999999993,84227.125,Mechanical Engineering.,58,8525.874999999927,12,medium,0.1012248132653219,0.0992915092087217
1427,133881,1,"Private, nonprofit",5,Florida Institute of Technology,13,14,0.577,30032.0,0.7019104084,2.0,28.0,1,mid,149290.99999999997,119022.74,Systems Engineering.,29,30268.25781249997,4,low,0.2543065069431647,0.2435251126086171
4201,133881,1,"Private, nonprofit",3,Florida Institute of Technology,13,14,0.577,30032.0,0.7019104084,2.0,28.0,1,mid,61516.00000000005,53547.01,"Psychology, General.",22,7968.988281250051,29,high,0.1488222783207085,0.1402248283444784
4228,133881,1,"Private, nonprofit",3,Florida Institute of Technology,13,14,0.577,30032.0,0.7019104084,2.0,28.0,1,mid,55282.00000000005,67076.195,"Clinical, Counseling and Applied Psychology.",88,-11794.195312499956,3,low,-0.1758328011532587,-0.1737682469219399
4228,133881,1,"Private, nonprofit",5,Florida Institute of Technology,13,14,0.577,30032.0,0.7019104084,2.0,28.0,1,mid,77258.00000000004,90251.94,"Clinical, Counseling and Applied Psychology.",225,-12993.937499999956,9,medium,-0.143974055958632,-0.1434094095225046
4228,133881,1,"Private, nonprofit",6,Florida Institute of Technology,13,14,0.577,30032.0,0.7019104084,2.0,28.0,1,mid,114742.00000000004,84408.46,"Clinical, Counseling and Applied Psychology.",41,30333.539062500044,3,low,0.3593660958344025,0.349108690141364
4901,133881,1,"Private, nonprofit",3,Florida Institute of Technology,13,14,0.577,30032.0,0.7019104084,2.0,28.0,1,mid,83242.99999999994,84831.33,Air Transportation.,86,-1588.3281250000582,5,low,-0.0187233674175139,-0.018497536321484
5107,133881,0,"Private, nonprofit",2,Florida Institute of Technology,13,14,0.577,30032.0,0.7019104084,2.0,28.0,1,mid,50488.00000000005,50788.363,Health and Medical Administrative Services.,23,-300.36328124995634,15,medium,-0.0059140177364377,-0.005588808122412
5107,133881,0,"Private, nonprofit",3,Florida Institute of Technology,13,14,0.577,30032.0,0.7019104084,2.0,28.0,1,mid,51752.99999999997,64048.82,Health and Medical Administrative Services.,46,-12295.82031250003,18,high,-0.1919757499436774,-0.1871777096035717
5107,133881,2,"Private, nonprofit",5,Florida Institute of Technology,13,14,0.577,30032.0,0.7019104084,2.0,28.0,1,mid,84169.99999999993,83502.44,Health and Medical Administrative Services.,45,667.5624999999272,12,medium,0.0079945271058695,0.0077895780764236
5202,133881,0,"Private, nonprofit",2,Florida Institute of Technology,13,14,0.577,30032.0,0.7019104084,2.0,28.0,1,mid,56183.99999999996,57984.21,"Business Administration, Management and Operations.",25,-1800.2109375000437,26,high,-0.0310465712716252,-0.0294909932857092
5202,133881,1,"Private, nonprofit",3,Florida Institute of Technology,13,14,0.577,30032.0,0.7019104084,2.0,28.0,1,mid,72717.00000000006,73963.82,"Business Administration, Management and Operations.",98,-1246.8203124999418,58,high,-0.0168571648575219,-0.0166826449714005
5202,133881,2,"Private, nonprofit",5,Florida Institute of Technology,13,14,0.577,30032.0,0.7019104084,2.0,28.0,1,mid,107776.00000000004,106377.26,"Business Administration, Management and Operations.",584,1398.7421875000437,35,high,0.0131488836642645,0.0131317792890544
5203,133881,1,"Private, nonprofit",3,Florida Institute of Technology,13,14,0.577,30032.0,0.7019104084,2.0,28.0,1,mid,67417.00000000001,74244.1,Accounting and Related Services.,45,-6827.101562499985,24,high,-0.0919548007022862,-0.0895974321040878
5203,133881,0,"Private, nonprofit",5,Florida Institute of Technology,13,14,0.577,30032.0,0.7019104084,2.0,28.0,1,mid,85593.00000000004,98108.45,Accounting and Related Services.,33,-12515.453124999956,19,high,-0.1275675308941423,-0.1228976226125649
5210,133881,2,"Private, nonprofit",5,Florida Institute of Technology,13,14,0.577,30032.0,0.7019104084,2.0,28.0,1,mid,75661.0,106725.49,Human Resources Management and Services.,22,-31064.4921875,7,medium,-0.2910690927798632,-0.2742540567984303
5212,133881,2,"Private, nonprofit",5,Florida Institute of Technology,13,14,0.577,30032.0,0.7019104084,2.0,28.0,1,mid,107902.00000000006,106328.58,Management Information Systems and Services.,175,1573.4218750000582,9,medium,0.0147977326768194,0.0147199455284301
5214,133881,1,"Private, nonprofit",3,Florida Institute of Technology,13,14,0.577,30032.0,0.7019104084,2.0,28.0,1,mid,62018.99999999998,66784.5,Marketing.,26,-4765.500000000022,17,high,-0.0713563776025877,-0.0679349080163306
301,133951,2,Public,3,Florida International University,21,15,0.5466,23924.0,0.8131269705,2.0,23.0,1,mid,49747.99999999999,52960.375,Natural Resources Conservation and Research.,24,-3212.3750000000146,9,medium,-0.060656198148144,-0.0574751619619557
402,133951,0,Public,5,Florida International University,21,15,0.5466,23924.0,0.8131269705,2.0,23.0,1,mid,68932.00000000003,80278.164,Architecture.,119,-11346.16406249997,4,low,-0.1413356196545114,-0.1401696673387441
901,133951,2,Public,3,Florida International University,21,15,0.5466,23924.0,0.8131269705,2.0,23.0,1,mid,57375.99999999998,57077.25,Communication and Media Studies.,836,298.7499999999782,15,medium,0.0052341344406042,0.0052296213761332
901,133951,3,Public,5,Florida International University,21,15,0.5466,23924.0,0.8131269705,2.0,23.0,1,mid,71217.99999999996,76390.1,Communication and Media Studies.,98,-5172.101562500044,3,low,-0.0677064365239571,-0.0670054811918052
909,133951,3,Public,3,Florida International University,21,15,0.5466,23924.0,0.8131269705,2.0,23.0,1,mid,65343.000000000015,57244.438,"Public Relations, Advertising, and Applied Communication.",31,8098.562500000015,11,medium,0.1414733527602575,0.1359123921927571
1101,133951,2,Public,3,Florida International University,21,15,0.5466,23924.0,0.8131269705,2.0,23.0,1,mid,90396.99999999993,83017.84,"Computer and Information Sciences, General.",501,7379.156249999927,19,high,0.0888863877532344,0.0887484585215877
1101,133951,1,Public,5,Florida International University,21,15,0.5466,23924.0,0.8131269705,2.0,23.0,1,mid,113980.0,88682.13,"Computer and Information Sciences, General.",37,25297.86718750001,5,low,0.2852645328342194,0.2761025221564999
1105,133951,1,Public,5,Florida International University,21,15,0.5466,23924.0,0.8131269705,2.0,23.0,1,mid,106494.00000000004,84901.5,Computer Systems Analysis.,41,21592.500000000044,3,low,0.2543241285489661,0.247064941346016
1110,133951,1,Public,5,Florida International University,21,15,0.5466,23924.0,0.8131269705,2.0,23.0,1,mid,98455.99999999996,89170.87,Computer/Information Technology Administration and Management.,26,9285.13281249997,3,low,0.1041274253055774,0.0991346155421321
1303,133951,3,Public,5,Florida International University,21,15,0.5466,23924.0,0.8131269705,2.0,23.0,1,mid,66188.99999999996,66160.016,Curriculum and Instruction.,79,28.984374999956344,7,medium,0.0004380950446602,0.0004322597436451
1304,133951,1,Public,5,Florida International University,21,15,0.5466,23924.0,0.8131269705,2.0,23.0,1,mid,63621.00000000001,69530.51,Educational Administration and Supervision.,73,-5909.507812499993,20,high,-0.0849915813708122,-0.0837501035295687
1310,133951,3,Public,5,Florida International University,21,15,0.5466,23924.0,0.8131269705,2.0,23.0,1,mid,66851.00000000004,70967.49,Special Education and Teaching.,47,-4116.492187499956,8,medium,-0.0580053213184419,-0.0565912229463056
1311,133951,1,Public,5,Florida International University,21,15,0.5466,23924.0,0.8131269705,2.0,23.0,1,mid,58182.00000000001,66882.84,Student Counseling and Personnel Services.,59,-8700.843749999993,9,medium,-0.1300908164509675,-0.1276551338429249
1312,133951,1,Public,3,Florida International University,21,15,0.5466,23924.0,0.8131269705,2.0,23.0,1,mid,53853.99999999998,53881.92,"Teacher Education and Professional Development, Specific Levels and Methods.",299,-27.921875000021828,24,high,-0.0005182048826097,-0.0005167444595019
1312,133951,1,Public,5,Florida International University,21,15,0.5466,23924.0,0.8131269705,2.0,23.0,1,mid,57447.99999999996,62732.61,"Teacher Education and Professional Development, Specific Levels and Methods.",30,-5284.609375000044,7,medium,-0.0842402289279879,-0.0808033902783631
1313,133951,1,Public,3,Florida International University,21,15,0.5466,23924.0,0.8131269705,2.0,23.0,1,mid,42574.00000000003,50790.785,"Teacher Education and Professional Development, Specific Subject Areas.",103,-8216.78515624997,11,medium,-0.1617770847796958,-0.1601969340729978
1313,133951,1,Public,5,Florida International University,21,15,0.5466,23924.0,0.8131269705,2.0,23.0,1,mid,56346.0,58153.836,"Teacher Education and Professional Development, Specific Subject Areas.",22,-1807.8359375,8,medium,-0.0310871313707138,-0.0292912305158146
1405,133951,1,Public,3,Florida International University,21,15,0.5466,23924.0,0.8131269705,2.0,23.0,1,mid,88656.00000000004,70511.11,Biomedical/Medical Engineering.,81,18144.890625000044,5,low,0.2573337845033734,0.2540048621721699
1408,133951,1,Public,3,Florida International University,21,15,0.5466,23924.0,0.8131269705,2.0,23.0,1,mid,84522.99999999996,79332.46,Civil Engineering.,141,5190.539062499956,8,medium,0.0654276824538342,0.0649850426738906
1409,133951,3,Public,3,Florida International University,21,15,0.5466,23924.0,0.8131269705,2.0,23.0,1,mid,101223.99999999996,84382.86,Computer Engineering.,111,16841.140624999956,13,medium,0.1995801131857527,0.1977940430446512
1409,133951,3,Public,5,Florida International University,21,15,0.5466,23924.0,0.8131269705,2.0,23.0,1,mid,118204.9999999999,88897.555,Computer Engineering.,22,29307.445312499894,1,low,0.3296766195147194,0.3106312300972666
1410,133951,3,Public,3,Florida International University,21,15,0.5466,23924.0,0.8131269705,2.0,23.0,1,mid,98696.99999999996,83527.53,"Electrical, Electronics, and Communications Engineering.",107,15169.46874999997,10,medium,0.1816104046532558,0.1799138540786387
1419,133951,1,Public,3,Florida International University,21,15,0.5466,23924.0,0.8131269705,2.0,23.0,1,mid,93494.0,85746.37,Mechanical Engineering.,145,7747.6328125,12,medium,0.0903552309750732,0.0897636095734461
1435,133951,0,Public,5,Florida International University,21,15,0.5466,23924.0,0.8131269705,2.0,23.0,1,mid,109743.99999999996,97427.99,Industrial Engineering.,57,12316.00781249997,2,low,0.1264113889240151,0.1239477009102832
1510,133951,1,Public,3,Florida International University,21,15,0.5466,23924.0,0.8131269705,2.0,23.0,1,mid,99471.00000000006,84027.04,Construction Engineering Technology/Technician.,56,15443.960937500058,5,low,0.1837975145835225,0.1801409124230778
1510,133951,3,Public,5,Florida International University,21,15,0.5466,23924.0,0.8131269705,2.0,23.0,1,mid,101174.0,99009.27,Construction Engineering Technology/Technician.,26,2164.7265625000146,1,low,0.0218638768606509,0.0208155250211977
2201,133951,0,Public,6,Florida International University,21,15,0.5466,23924.0,0.8131269705,2.0,23.0,1,mid,105414.00000000004,97026.875,Law.,214,8387.125000000044,2,low,0.0864412566106044,0.0860818702743178
2301,133951,2,Public,3,Florida International University,21,15,0.5466,23924.0,0.8131269705,2.0,23.0,1,mid,47659.00000000001,47854.062,"English Language and Literature, General.",131,-195.06249999999272,11,medium,-0.0040761952028627,-0.004046141979215
2401,133951,1,Public,3,Florida International University,21,15,0.5466,23924.0,0.8131269705,2.0,23.0,1,mid,49959.99999999997,55770.793,"Liberal Arts and Sciences, General Studies and Humanities.",281,-5810.792968750029,12,medium,-0.1041906105227154,-0.1038750366143432
2601,133951,2,Public,3,Florida International University,21,15,0.5466,23924.0,0.8131269705,2.0,23.0,1,mid,46718.00000000001,52737.953,"Biology, General.",151,-6019.953124999993,24,high,-0.1141484029676207,-0.1134355742327241
3103,133951,3,Public,3,Florida International University,21,15,0.5466,23924.0,0.8131269705,2.0,23.0,1,mid,48814.00000000002,58272.973,"Parks, Recreation, and Leisure Facilities Management.",192,-9458.972656249978,4,low,-0.1623217801509473,-0.1615559687879559
3801,133951,1,Public,3,Florida International University,21,15,0.5466,23924.0,0.8131269705,2.0,23.0,1,mid,43085.00000000003,51601.1,Philosophy.,27,-8516.10156249997,4,low,-0.1650372047229485,-0.1574526315455676
4005,133951,1,Public,3,Florida International University,21,15,0.5466,23924.0,0.8131269705,2.0,23.0,1,mid,57788.00000000004,59788.547,Chemistry.,24,-2000.546874999964,4,low,-0.0334603695785166,-0.0317055835932074
4201,133951,2,Public,3,Florida International University,21,15,0.5466,23924.0,0.8131269705,2.0,23.0,1,mid,49469.99999999999,47895.38,"Psychology, General.",1075,1574.6210937499854,29,high,0.0328762634247478,0.0328549878533309
4201,133951,3,Public,5,Florida International University,21,15,0.5466,23924.0,0.8131269705,2.0,23.0,1,mid,59992.000000000015,69049.98,"Psychology, General.",40,-9057.976562499984,4,low,-0.1311800092256546,-0.1273277620242237
4301,133951,2,Public,3,Florida International University,21,15,0.5466,23924.0,0.8131269705,2.0,23.0,1,mid,55830.00000000004,56655.324,Criminal Justice and Corrections.,557,-825.3242187499636,23,high,-0.0145674608720502,-0.0145474512874304
4301,133951,3,Public,5,Florida International University,21,15,0.5466,23924.0,0.8131269705,2.0,23.0,1,mid,63082.99999999997,68681.92,Criminal Justice and Corrections.,23,-5598.921875000029,10,medium,-0.0815195865542315,-0.0770368551083153
4303,133951,3,Public,5,Florida International University,21,15,0.5466,23924.0,0.8131269705,2.0,23.0,1,mid,96372.99999999993,90356.14,Homeland Security.,43,6016.859374999927,2,low,0.0665904866385491,0.0647913427591101
4404,133951,2,Public,3,Florida International University,21,15,0.5466,23924.0,0.8131269705,2.0,23.0,1,mid,62424.00000000003,59530.64,Public Administration.,115,2893.359375000029,7,medium,0.0486028597143125,0.0481855495000827
4404,133951,3,Public,5,Florida International University,21,15,0.5466,23924.0,0.8131269705,2.0,23.0,1,mid,79414.00000000003,72040.805,Public Administration.,119,7373.195312500029,10,medium,0.10234748687891,0.1015031683013913
4407,133951,1,Public,3,Florida International University,21,15,0.5466,23924.0,0.8131269705,2.0,23.0,1,mid,55922.99999999995,53583.94,Social Work.,122,2339.058593749949,12,medium,0.0436522311043943,0.0433024555836478
4506,133951,2,Public,3,Florida International University,21,15,0.5466,23924.0,0.8131269705,2.0,23.0,1,mid,70021.99999999999,68605.86,Economics.,89,1416.1406249999854,8,medium,0.0206416862626755,0.0204025014967342
4509,133951,2,Public,3,Florida International University,21,15,0.5466,23924.0,0.8131269705,2.0,23.0,1,mid,64398.99999999996,57428.438,International Relations and National Security Studies.,186,6970.562499999956,6,medium,0.1213782370450172,0.1207839919155905
4510,133951,2,Public,3,Florida International University,21,15,0.5466,23924.0,0.8131269705,2.0,23.0,1,mid,57995.99999999998,58393.637,Political Science and Government.,178,-397.6367187500218,14,medium,-0.0068095898987285,-0.0067744969756361
4511,133951,2,Public,3,Florida International University,21,15,0.5466,23924.0,0.8131269705,2.0,23.0,1,mid,47538.000000000015,53130.35,Sociology.,99,-5592.351562499985,12,medium,-0.105257191003553,-0.1041803417893302
5005,133951,1,Public,3,Florida International University,21,15,0.5466,23924.0,0.8131269705,2.0,23.0,1,mid,33896.00000000001,34612.992,Drama/Theatre Arts and Stagecraft.,30,-716.9921874999927,11,medium,-0.0207145393156424,-0.019869426116935
5007,133951,1,Public,3,Florida International University,21,15,0.5466,23924.0,0.8131269705,2.0,23.0,1,mid,40653.0,47761.508,Fine and Studio Arts.,140,-7108.5078125,12,medium,-0.1488334045149132,-0.1478180862509791
5009,133951,1,Public,3,Florida International University,21,15,0.5466,23924.0,0.8131269705,2.0,23.0,1,mid,50676.99999999997,43096.95,Music.,41,7580.050781249971,10,medium,0.1758836975391323,0.1708634397536514
5102,133951,1,Public,5,Florida International University,21,15,0.5466,23924.0,0.8131269705,2.0,23.0,1,mid,62173.00000000005,67714.81,Communication Disorders Sciences and Services.,65,-5541.812499999949,8,medium,-0.0818404761882778,-0.0804716575769255
5107,133951,3,Public,3,Florida International University,21,15,0.5466,23924.0,0.8131269705,2.0,23.0,1,mid,56867.00000000004,56678.51,Health and Medical Administrative Services.,320,188.4882812500364,18,high,0.0033255686420517,0.0033169058320442
5107,133951,3,Public,5,Florida International University,21,15,0.5466,23924.0,0.8131269705,2.0,23.0,1,mid,67431.00000000001,76876.04,Health and Medical Administrative Services.,32,-9445.039062499984,12,medium,-0.1228606361316455,-0.118202558969313
5109,133951,1,Public,5,Florida International University,21,15,0.5466,23924.0,0.8131269705,2.0,23.0,1,mid,107594.99999999994,100978.81,"Allied Health Diagnostic, Intervention, and Treatment Professions.",93,6616.187499999942,9,medium,0.0655205516503765,0.064799380632623
5112,133951,1,Public,7,Florida International University,21,15,0.5466,23924.0,0.8131269705,2.0,23.0,1,mid,95352.99999999993,79033.04,Medicine.,186,16319.960937499927,7,medium,0.2064954243325245,0.20548446138607
5112,133951,0,Public,8,Florida International University,21,15,0.5466,23924.0,0.8131269705,2.0,23.0,1,mid,71640.0,72201.9,Medicine.,49,-561.8984375,1,low,-0.0077823222056466,-0.0076015371431998
5115,133951,1,Public,5,Florida International University,21,15,0.5466,23924.0,0.8131269705,2.0,23.0,1,mid,62347.00000000004,57317.145,Mental and Social Health Services and Allied Professions.,131,5029.855468750036,12,medium,0.0877548159435559,0.087107811818764
5122,133951,3,Public,5,Florida International University,21,15,0.5466,23924.0,0.8131269705,2.0,23.0,1,mid,73457.00000000006,74947.17,Public Health.,70,-1490.1718749999418,11,medium,-0.0198829633956743,-0.0195779507700594
5123,133951,1,Public,5,Florida International University,21,15,0.5466,23924.0,0.8131269705,2.0,23.0,1,mid,65491.99999999997,67030.22,Rehabilitation and Therapeutic Professions.,90,-1538.218750000029,9,medium,-0.022948138596072,-0.0226856795323617
5123,133951,0,Public,6,Florida International University,21,15,0.5466,23924.0,0.8131269705,2.0,23.0,1,mid,90274.00000000004,87572.76,Rehabilitation and Therapeutic Professions.,39,2701.242187500044,8,medium,0.0308456905432122,0.0299131090437318
5131,133951,1,Public,3,Florida International University,21,15,0.5466,23924.0,0.8131269705,2.0,23.0,1,mid,52470.00000000004,58227.25,Dietetics and Clinical Nutrition Services.,94,-5757.249999999964,4,low,-0.0988755264931791,-0.0978007524670289
5131,133951,1,Public,5,Florida International University,21,15,0.5466,23924.0,0.8131269705,2.0,23.0,1,mid,59871.00000000002,70452.164,Dietetics and Clinical Nutrition Services.,35,-10581.164062499978,2,low,-0.1501893405731745,-0.1450486306261182
5138,133951,2,Public,3,Florida International University,21,15,0.5466,23924.0,0.8131269705,2.0,23.0,1,mid,98635.0,89479.33,"Registered Nursing, Nursing Administration, Nursing Research and Clinical Nursing.",269,9155.671875000016,57,high,0.102321643075033,0.1019956167832623
5138,133951,1,Public,5,Florida International University,21,15,0.5466,23924.0,0.8131269705,2.0,23.0,1,mid,125542.99999999996,117834.49,"Registered Nursing, Nursing Administration, Nursing Research and Clinical Nursing.",196,7708.507812499971,18,high,0.0654180933731532,0.0651167910904963
5202,133951,2,Public,3,Florida International University,21,15,0.5466,23924.0,0.8131269705,2.0,23.0,1,mid,61256.00000000004,61796.082,"Business Administration, Management and Operations.",295,-540.0820312499636,58,high,-0.0087397455226505,-0.0087147269572397
5202,133951,2,Public,5,Florida International University,21,15,0.5466,23924.0,0.8131269705,2.0,23.0,1,mid,99549.00000000007,84676.54,"Business Administration, Management and Operations.",825,14872.460937500087,35,high,0.1756385074562705,0.1754847543510743
5203,133951,1,Public,3,Florida International University,21,15,0.5466,23924.0,0.8131269705,2.0,23.0,1,mid,81922.99999999994,71406.46,Accounting and Related Services.,319,10516.539062499942,24,high,0.1472771360522231,0.1468920978619412
5203,133951,3,Public,5,Florida International University,21,15,0.5466,23924.0,0.8131269705,2.0,23.0,1,mid,107539.99999999993,88861.27,Accounting and Related Services.,177,18678.726562499927,19,high,0.2102009777705638,0.2091105715936726
5208,133951,2,Public,3,Florida International University,21,15,0.5466,23924.0,0.8131269705,2.0,23.0,1,mid,71355.00000000001,66892.85,Finance and Financial Management Services.,441,4462.148437500015,15,medium,0.0667059085279223,0.0665859978166142
5208,133951,3,Public,5,Florida International University,21,15,0.5466,23924.0,0.8131269705,2.0,23.0,1,mid,109647.00000000007,90405.7,Finance and Financial Management Services.,80,19241.296875000076,6,medium,0.2128327772463201,0.2100392683645856
5209,133951,3,Public,3,Florida International University,21,15,0.5466,23924.0,0.8131269705,2.0,23.0,1,mid,56666.99999999997,56473.316,Hospitality Administration/Management.,454,193.6835937499709,7,medium,0.0034296479483633,0.0034236860323369
5209,133951,3,Public,5,Florida International University,21,15,0.5466,23924.0,0.8131269705,2.0,23.0,1,mid,71049.99999999996,71369.49,Hospitality Administration/Management.,78,-319.49218750004366,2,low,-0.0044765932572517,-0.0044160721879949
5210,133951,2,Public,3,Florida International University,21,15,0.5466,23924.0,0.8131269705,2.0,23.0,1,mid,67696.0,61716.57,Human Resources Management and Services.,107,5979.4296875,5,low,0.096885320380302,0.0959802464321601
5210,133951,3,Public,5,Florida International University,21,15,0.5466,23924.0,0.8131269705,2.0,23.0,1,mid,86476.00000000007,81944.47,Human Resources Management and Services.,141,4531.531250000073,7,medium,0.0553000259703321,0.0549259031157797
5211,133951,2,Public,3,Florida International University,21,15,0.5466,23924.0,0.8131269705,2.0,23.0,1,mid,65054.00000000003,62868.617,International Business.,205,2185.382812500029,7,medium,0.0347611083282191,0.0346091680301193
5211,133951,3,Public,5,Florida International University,21,15,0.5466,23924.0,0.8131269705,2.0,23.0,1,mid,85495.00000000001,82328.984,International Business.,67,3166.0156250000146,1,low,0.0384556623531166,0.0378348063992372
5212,133951,1,Public,3,Florida International University,21,15,0.5466,23924.0,0.8131269705,2.0,23.0,1,mid,85736.99999999999,67396.35,Management Information Systems and Services.,60,18340.648437499985,7,medium,0.2721311764256525,0.2671347942378399
5212,133951,1,Public,5,Florida International University,21,15,0.5466,23924.0,0.8131269705,2.0,23.0,1,mid,82442.00000000003,100538.625,Management Information Systems and Services.,35,-18096.62499999997,9,medium,-0.1799967425454642,-0.1738357790489212
5214,133951,2,Public,3,Florida International University,21,15,0.5466,23924.0,0.8131269705,2.0,23.0,1,mid,64422.99999999996,61718.047,Marketing.,343,2704.953124999964,17,high,0.0438275879092287,0.0437222423551911
5214,133951,3,Public,5,Florida International University,21,15,0.5466,23924.0,0.8131269705,2.0,23.0,1,mid,76368.00000000004,82734.49,Marketing.,156,-6366.492187499956,2,low,-0.0769508825058316,-0.076488286320166
5215,133951,1,Public,5,Florida International University,21,15,0.5466,23924.0,0.8131269705,2.0,23.0,1,mid,83465.0,82451.164,Real Estate.,65,1013.8359375,2,low,0.0122961991989765,0.0120905397612952
5401,133951,2,Public,3,Florida International University,21,15,0.5466,23924.0,0.8131269705,2.0,23.0,1,mid,56676.000000000015,49481.906,History.,56,7194.093750000015,9,medium,0.1453883711280831,0.142495908554935
2401,133960,3,Public,2,The College of the Florida Keys,33,6,,26806.0,0.7445783133,1.0,26.0,1,,42831.0,49715.43,"Liberal Arts and Sciences, General Studies and Humanities.",48,-6884.4296875,36,high,-0.1384767210255241,-0.1351821156944553
5138,133960,1,Public,2,The College of the Florida Keys,33,6,,26806.0,0.7445783133,1.0,26.0,1,,70379.00000000001,76788.984,"Registered Nursing, Nursing Administration, Nursing Research and Clinical Nursing.",36,-6409.984374999985,58,high,-0.0834753112985157,-0.08070875976879
1310,133979,1,"Private, nonprofit",5,Florida Memorial University,21,8,0.8526,20624.0,0.9066366704,2.0,20.0,1,open,82236.99999999997,45500.047,Special Education and Teaching.,26,36736.95312499997,8,medium,0.8074047313824876,0.7686904520841356
4201,133979,1,"Private, nonprofit",3,Florida Memorial University,21,8,0.8526,20624.0,0.9066366704,2.0,20.0,1,open,29042.0,39306.586,"Psychology, General.",26,-10264.585937500004,29,high,-0.2611416304082312,-0.2486201407227045
4301,133979,1,"Private, nonprofit",3,Florida Memorial University,21,8,0.8526,20624.0,0.9066366704,2.0,20.0,1,open,45656.0,41623.344,Criminal Justice and Corrections.,24,4032.65625,23,high,0.0968844856439482,0.0918035035823801
4407,133979,1,"Private, nonprofit",3,Florida Memorial University,21,8,0.8526,20624.0,0.9066366704,2.0,20.0,1,open,45821.00000000001,40780.96,Social Work.,23,5040.039062500007,12,medium,0.1235880407581434,0.1167919808164368
5135,134024,1,"Private, for-profit",1,Florida School of Massage,41,-2,,17131.0,0.6682692308,1.0,30.0,1,,27443.999999999975,25122.217,Somatic Bodywork and Related Therapeutic Services.,104,2321.783203124978,25,high,0.0924195194197109,0.0915269606844685
909,134079,1,"Private, nonprofit",3,Florida Southern College,12,14,0.6442,66112.0,0.4608177172,2.0,21.0,1,mid,52795.99999999999,56070.133,"Public Relations, Advertising, and Applied Communication.",56,-3274.1328125000077,11,medium,-0.0583935269682487,-0.0572318034413995
1304,134079,1,"Private, nonprofit",5,Florida Southern College,12,14,0.6442,66112.0,0.4608177172,2.0,21.0,1,mid,62792.99999999995,68646.305,Educational Administration and Supervision.,30,-5853.304687500051,20,high,-0.0852675859850893,-0.0817888331516388
1312,134079,2,"Private, nonprofit",3,Florida Southern College,12,14,0.6442,66112.0,0.4608177172,2.0,21.0,1,mid,49314.99999999999,52262.016,"Teacher Education and Professional Development, Specific Levels and Methods.",45,-2947.0156250000077,24,high,-0.0563892454157523,-0.0549436413210887
2601,134079,1,"Private, nonprofit",3,Florida Southern College,12,14,0.6442,66112.0,0.4608177172,2.0,21.0,1,mid,58782.00000000004,49724.016,"Biology, General.",30,9057.984375000036,24,high,0.1821651823801195,0.1747331947491843
2613,134079,1,"Private, nonprofit",3,Florida Southern College,12,14,0.6442,66112.0,0.4608177172,2.0,21.0,1,mid,43549.0,46717.09,"Ecology, Evolution, Systematics, and Population Biology.",20,-3168.08984375,4,low,-0.0678143663131842,-0.063462736160521
4201,134079,1,"Private, nonprofit",3,Florida Southern College,12,14,0.6442,66112.0,0.4608177172,2.0,21.0,1,mid,53343.99999999999,52403.707,"Psychology, General.",51,940.2929687499854,29,high,0.0179432529112732,0.0175453187735341
4504,134079,1,"Private, nonprofit",3,Florida Southern College,12,14,0.6442,66112.0,0.4608177172,2.0,21.0,1,mid,49829.00000000002,57025.83,Criminology.,27,-7196.828124999978,7,medium,-0.1262029568290461,-0.1204030793839657
4510,134079,1,"Private, nonprofit",3,Florida Southern College,12,14,0.6442,66112.0,0.4608177172,2.0,21.0,1,mid,57127.99999999999,57197.996,Political Science and Government.,21,-69.99609375001455,14,medium,-0.0012237508047535,-0.0011493258657705
5005,134079,1,"Private, nonprofit",3,Florida Southern College,12,14,0.6442,66112.0,0.4608177172,2.0,21.0,1,mid,51925.0,32369.736,Drama/Theatre Arts and Stagecraft.,22,19555.263671875,11,medium,0.6041218091382498,0.5692217451678343
5138,134079,1,"Private, nonprofit",3,Florida Southern College,12,14,0.6442,66112.0,0.4608177172,2.0,21.0,1,mid,93335.00000000006,83176.34,"Registered Nursing, Nursing Administration, Nursing Research and Clinical Nursing.",84,10158.656250000058,57,high,0.1221339601141106,0.1206197617666246
5138,134079,1,"Private, nonprofit",5,Florida Southern College,12,14,0.6442,66112.0,0.4608177172,2.0,21.0,1,mid,115729.99999999993,113977.23,"Registered Nursing, Nursing Administration, Nursing Research and Clinical Nursing.",106,1752.7734374999272,18,high,0.0153782776644313,0.015233031740254
5202,134079,2,"Private, nonprofit",3,Florida Southern College,12,14,0.6442,66112.0,0.4608177172,2.0,21.0,1,mid,65104.00000000004,62015.17,"Business Administration, Management and Operations.",118,3088.8281250000364,58,high,0.0498076201614983,0.0493926551440935
5202,134079,2,"Private, nonprofit",5,Florida Southern College,12,14,0.6442,66112.0,0.4608177172,2.0,21.0,1,mid,96708.00000000004,84863.85,"Business Administration, Management and Operations.",40,11844.14843750003,35,high,0.1395664728789398,0.135467947823673
5203,134079,2,"Private, nonprofit",3,Florida Southern College,12,14,0.6442,66112.0,0.4608177172,2.0,21.0,1,mid,72480.0,73893.67,Accounting and Related Services.,43,-1413.671875,24,high,-0.0191311629146186,-0.0186142765483841
301,134097,1,Public,3,Florida State University,12,15,0.2422,43729.0,0.5975318884,2.0,20.0,1,elite,54287.99999999996,53367.0,Natural Resources Conservation and Research.,188,920.9999999999636,9,medium,0.0172578559784129,0.0171744121430959
901,134097,0,Public,4,Florida State University,12,15,0.2422,43729.0,0.5975318884,2.0,20.0,1,elite,68613.00000000004,78090.75,Communication and Media Studies.,24,-9477.749999999956,1,low,-0.1213684079100272,-0.1150033980807114
907,134097,1,Public,3,Florida State University,12,15,0.2422,43729.0,0.5975318884,2.0,20.0,1,elite,60876.00000000002,59808.855,"Radio, Television, and Digital Communication.",212,1067.1445312500218,7,medium,0.0178425840602751,0.0177675863176205
909,134097,1,Public,3,Florida State University,12,15,0.2422,43729.0,0.5975318884,2.0,20.0,1,elite,65941.0,64334.59,"Public Relations, Advertising, and Applied Communication.",121,1606.41015625,11,medium,0.0249696183678407,0.0247676072429965
909,134097,2,Public,5,Florida State University,12,15,0.2422,43729.0,0.5975318884,2.0,20.0,1,elite,77547.00000000006,71015.35,"Public Relations, Advertising, and Applied Communication.",51,6531.648437500058,2,low,0.0919751616205351,0.0899353945385095
1101,134097,1,Public,3,Florida State University,12,15,0.2422,43729.0,0.5975318884,2.0,20.0,1,elite,93727.00000000004,98400.24,"Computer and Information Sciences, General.",409,-4673.242187499956,19,high,-0.0474921817630811,-0.0473990517880273
1101,134097,2,Public,5,Florida State University,12,15,0.2422,43729.0,0.5975318884,2.0,20.0,1,elite,126240.0,87972.27,"Computer and Information Sciences, General.",76,38267.726562500015,5,low,0.4349975857982954,0.4289354723539338
1104,134097,2,Public,5,Florida State University,12,15,0.2422,43729.0,0.5975318884,2.0,20.0,1,elite,55517.99999999996,96377.625,Information Science/Studies.,129,-40859.62500000005,5,low,-0.4239534331749723,-0.4207709460152203
1303,134097,2,Public,5,Florida State University,12,15,0.2422,43729.0,0.5975318884,2.0,20.0,1,elite,56672.00000000004,60677.46,Curriculum and Instruction.,72,-4005.460937499964,7,medium,-0.0660123359747326,-0.065032435916442
1304,134097,0,Public,1,Florida State University,12,15,0.2422,43729.0,0.5975318884,2.0,20.0,1,elite,64341.99999999999,68802.62,Educational Administration and Supervision.,22,-4460.617187500007,1,low,-0.0648320858978953,-0.0610867419772717
1304,134097,2,Public,5,Florida State University,12,15,0.2422,43729.0,0.5975318884,2.0,20.0,1,elite,66020.00000000004,74437.3,Educational Administration and Supervision.,55,-8417.296874999956,20,high,-0.1130790239352032,-0.1107817317670873
1304,134097,2,Public,6,Florida State University,12,15,0.2422,43729.0,0.5975318884,2.0,20.0,1,elite,102524.00000000007,86334.945,Educational Administration and Supervision.,36,16189.054687500073,5,low,0.1875145067724522,0.1812998723196148
1304,134097,3,Public,8,Florida State University,12,15,0.2422,43729.0,0.5975318884,2.0,20.0,1,elite,74682.00000000004,70738.086,Educational Administration and Supervision.,21,3943.914062500044,1,low,0.0557537571200986,0.0523629769419652
1305,134097,2,Public,5,Florida State University,12,15,0.2422,43729.0,0.5975318884,2.0,20.0,1,elite,77040.99999999999,72961.36,Educational/Instructional Media Design.,31,4079.6406249999854,4,low,0.0559150851895703,0.0537172042614598
1310,134097,1,Public,3,Florida State University,12,15,0.2422,43729.0,0.5975318884,2.0,20.0,1,elite,57573.00000000004,57050.31,Special Education and Teaching.,40,522.6914062500364,6,medium,0.0091619382810367,0.0088928877503107
1311,134097,2,Public,5,Florida State University,12,15,0.2422,43729.0,0.5975318884,2.0,20.0,1,elite,59114.00000000003,59178.785,Student Counseling and Personnel Services.,37,-64.7851562499709,9,medium,-0.0010947361639634,-0.0010595758714312
1311,134097,2,Public,8,Florida State University,12,15,0.2422,43729.0,0.5975318884,2.0,20.0,1,elite,58256.00000000003,63922.45,Student Counseling and Personnel Services.,37,-5666.449218749971,1,low,-0.0886456837621901,-0.0857985976099311
1312,134097,1,Public,3,Florida State University,12,15,0.2422,43729.0,0.5975318884,2.0,20.0,1,elite,51862.99999999998,54410.9,"Teacher Education and Professional Development, Specific Levels and Methods.",96,-2547.898437500022,24,high,-0.0468269870681644,-0.0463303597586166
1313,134097,1,Public,3,Florida State University,12,15,0.2422,43729.0,0.5975318884,2.0,20.0,1,elite,57287.000000000015,61186.727,"Teacher Education and Professional Development, Specific Subject Areas.",85,-3899.7265624999854,11,medium,-0.0637348454736593,-0.0629555268398794
1313,134097,2,Public,5,Florida State University,12,15,0.2422,43729.0,0.5975318884,2.0,20.0,1,elite,66410.99999999994,64893.855,"Teacher Education and Professional Development, Specific Subject Areas.",48,1517.1445312499418,8,medium,0.0233788626101978,0.0228226382511903
1313,134097,1,Public,6,Florida State University,12,15,0.2422,43729.0,0.5975318884,2.0,20.0,1,elite,70860.00000000004,61469.98,"Teacher Education and Professional Development, Specific Subject Areas.",24,9390.019531250044,2,low,0.1527578089279485,0.1447466223920592
1408,134097,1,Public,3,Florida State University,12,15,0.2422,43729.0,0.5975318884,2.0,20.0,1,elite,84340.00000000004,87047.94,Civil Engineering.,103,-2707.9374999999563,8,medium,-0.0311085773858795,-0.0308047256963302
1409,134097,1,Public,3,Florida State University,12,15,0.2422,43729.0,0.5975318884,2.0,20.0,1,elite,114802.00000000007,115138.12,Computer Engineering.,22,-336.1171874999127,13,medium,-0.0029192520749019,-0.0027506071383697
1410,134097,1,Public,3,Florida State University,12,15,0.2422,43729.0,0.5975318884,2.0,20.0,1,elite,93740.00000000004,95973.6,"Electrical, Electronics, and Communications Engineering.",45,-2233.6015624999563,10,medium,-0.0232730826616461,-0.0226764500352815
1419,134097,1,Public,3,Florida State University,12,15,0.2422,43729.0,0.5975318884,2.0,20.0,1,elite,89622.00000000007,97639.32,Mechanical Engineering.,129,-8017.320312499927,12,medium,-0.0821115948660852,-0.0814952085465523
1435,134097,1,Public,3,Florida State University,12,15,0.2422,43729.0,0.5975318884,2.0,20.0,1,elite,96504.00000000004,91793.75,Industrial Engineering.,33,4710.250000000044,4,low,0.0513134064138358,0.0494349589759312
1907,134097,1,Public,3,Florida State University,12,15,0.2422,43729.0,0.5975318884,2.0,20.0,1,elite,62662.99999999999,49420.508,"Human Development, Family Studies, and Related Services.",185,13242.492187499984,2,low,0.2679554050262215,0.2666352707470706
2201,134097,1,Public,7,Florida State University,12,15,0.2422,43729.0,0.5975318884,2.0,20.0,1,elite,98060.00000000007,101000.95,Law.,294,-2940.9531249999272,8,medium,-0.0291180729884812,-0.0290343899550547
2202,134097,0,Public,4,Florida State University,12,15,0.2422,43729.0,0.5975318884,2.0,20.0,1,elite,143941.99999999997,95057.516,Legal Research and Advanced Professional Studies.,20,48884.48437499997,1,low,0.5142621712085164,0.481262102163118
2301,134097,1,Public,3,Florida State University,12,15,0.2422,43729.0,0.5975318884,2.0,20.0,1,elite,52601.99999999999,56537.55,"English Language and Literature, General.",468,-3935.5507812500073,11,medium,-0.0696095024787523,-0.0694926620553989
2301,134097,1,Public,6,Florida State University,12,15,0.2422,43729.0,0.5975318884,2.0,20.0,1,elite,60363.000000000015,78083.375,"English Language and Literature, General.",23,-17720.374999999985,1,low,-0.2269417145455096,-0.2144622749018049
2401,134097,0,Public,1,Florida State University,12,15,0.2422,43729.0,0.5975318884,2.0,20.0,1,elite,58691.00000000001,69162.27,"Liberal Arts and Sciences, General Studies and Humanities.",38,-10471.273437499993,1,low,-0.1514015216252627,-0.1466854240405299
2401,134097,1,Public,3,Florida State University,12,15,0.2422,43729.0,0.5975318884,2.0,20.0,1,elite,51587.00000000005,60098.797,"Liberal Arts and Sciences, General Studies and Humanities.",107,-8511.796874999956,12,medium,-0.1416300711094718,-0.1403070049614579
2601,134097,1,Public,3,Florida State University,12,15,0.2422,43729.0,0.5975318884,2.0,20.0,1,elite,51256.00000000004,53138.41,"Biology, General.",195,-1882.410156249964,24,high,-0.0354246608190734,-0.0352605262532559
2609,134097,1,Public,3,Florida State University,12,15,0.2422,43729.0,0.5975318884,2.0,20.0,1,elite,61342.0,48821.92,"Physiology, Pathology and Related Sciences.",137,12520.078125,4,low,0.2564437786176355,0.2546494981709466
2609,134097,1,Public,5,Florida State University,12,15,0.2422,43729.0,0.5975318884,2.0,20.0,1,elite,78502.00000000003,67196.25,"Physiology, Pathology and Related Sciences.",24,11305.75000000003,3,low,0.1682497163160151,0.159426076650865
2701,134097,1,Public,3,Florida State University,12,15,0.2422,43729.0,0.5975318884,2.0,20.0,1,elite,68130.99999999997,67686.086,Mathematics.,52,444.9140624999709,6,medium,0.0065731982627979,0.0064306697752112
3103,134097,1,Public,3,Florida State University,12,15,0.2422,43729.0,0.5975318884,2.0,20.0,1,elite,48259.99999999996,62360.336,"Parks, Recreation, and Leisure Facilities Management.",25,-14100.335937500044,4,low,-0.226110647505683,-0.2147814497477809
3105,134097,1,Public,3,Florida State University,12,15,0.2422,43729.0,0.5975318884,2.0,20.0,1,elite,60908.99999999999,57977.023,"Sports, Kinesiology, and Physical Education/Fitness.",138,2931.976562499985,18,high,0.0505713537650082,0.0502205125468021
3105,134097,1,Public,5,Florida State University,12,15,0.2422,43729.0,0.5975318884,2.0,20.0,1,elite,60831.99999999995,71363.78,"Sports, Kinesiology, and Physical Education/Fitness.",54,-10531.781250000053,6,medium,-0.1475788006959069,-0.1445160096531905
3801,134097,1,Public,3,Florida State University,12,15,0.2422,43729.0,0.5975318884,2.0,20.0,1,elite,47153.00000000002,53242.81,Philosophy.,42,-6089.808593749978,4,low,-0.1143780494416825,-0.1112027614932504
4005,134097,1,Public,3,Florida State University,12,15,0.2422,43729.0,0.5975318884,2.0,20.0,1,elite,66724.0,64617.562,Chemistry.,32,2106.4375,4,low,0.0325985292311204,0.0313626047778691
4005,134097,1,Public,5,Florida State University,12,15,0.2422,43729.0,0.5975318884,2.0,20.0,1,elite,94513.00000000004,75755.38,Chemistry.,20,18757.61718750003,1,low,0.2476077143445565,0.2317187920652031
4005,134097,1,Public,6,Florida State University,12,15,0.2422,43729.0,0.5975318884,2.0,20.0,1,elite,94387.0,95464.51,Chemistry.,21,-1077.5078125,2,low,-0.0112869990867842,-0.010600556867444
4201,134097,1,Public,3,Florida State University,12,15,0.2422,43729.0,0.5975318884,2.0,20.0,1,elite,54728.00000000003,58484.035,"Psychology, General.",666,-3756.035156249971,29,high,-0.0642232559059081,-0.0641514119059237
4201,134097,1,Public,5,Florida State University,12,15,0.2422,43729.0,0.5975318884,2.0,20.0,1,elite,69669.00000000001,65417.86,"Psychology, General.",34,4251.140625000015,4,low,0.0649844043448573,0.062685177596727
4201,134097,1,Public,6,Florida State University,12,15,0.2422,43729.0,0.5975318884,2.0,20.0,1,elite,99239.00000000007,93688.875,"Psychology, General.",24,5550.125000000087,3,low,0.0592399577858106,0.0561331945012954
4301,134097,1,Public,3,Florida State University,12,15,0.2422,43729.0,0.5975318884,2.0,20.0,1,elite,57417.00000000003,62049.125,Criminal Justice and Corrections.,593,-4632.124999999971,23,high,-0.0746525434484365,-0.0745571255056329
4301,134097,2,Public,5,Florida State University,12,15,0.2422,43729.0,0.5975318884,2.0,20.0,1,elite,72704.99999999997,69424.625,Criminal Justice and Corrections.,85,3280.374999999971,10,medium,0.0472508854026935,0.0466731246003685
4304,134097,1,Public,3,Florida State University,12,15,0.2422,43729.0,0.5975318884,2.0,20.0,1,elite,93840.99999999993,69265.38,Security Science and Technology.,49,24575.617187499927,4,low,0.3548037445201975,0.3465615752274773
4399,134097,0,Public,1,Florida State University,12,15,0.2422,43729.0,0.5975318884,2.0,20.0,1,elite,62145.000000000015,75575.266,"Homeland Security, Law Enforcement, Firefighting and Related Protective Services, Other.",25,-13430.265624999984,1,low,-0.177707157413646,-0.1688032002071052
4404,134097,0,Public,1,Florida State University,12,15,0.2422,43729.0,0.5975318884,2.0,20.0,1,elite,67522.00000000003,70506.61,Public Administration.,160,-2984.609374999971,1,low,-0.0423309162283762,-0.042083855229766
4404,134097,2,Public,5,Florida State University,12,15,0.2422,43729.0,0.5975318884,2.0,20.0,1,elite,79920.99999999994,76023.164,Public Administration.,46,3897.835937499942,10,medium,0.0512716878541843,0.0499902571177404
4407,134097,1,Public,3,Florida State University,12,15,0.2422,43729.0,0.5975318884,2.0,20.0,1,elite,50723.00000000001,55690.965,Social Work.,114,-4967.964843749993,12,medium,-0.0892059395574923,-0.0884321416417578
4407,134097,0,Public,4,Florida State University,12,15,0.2422,43729.0,0.5975318884,2.0,20.0,1,elite,57834.99999999998,61420.703,Social Work.,27,-3585.703125000022,1,low,-0.0583793890750908,-0.0556964622209059
4407,134097,0,Public,5,Florida State University,12,15,0.2422,43729.0,0.5975318884,2.0,20.0,1,elite,60003.000000000015,64887.297,Social Work.,76,-4884.296874999985,9,medium,-0.0752735452119261,-0.0742245353200745
4501,134097,1,Public,3,Florida State University,12,15,0.2422,43729.0,0.5975318884,2.0,20.0,1,elite,58459.99999999999,54914.895,"Social Sciences, General.",327,3545.105468749985,5,low,0.0645563557758013,0.0643923570804778
4502,134097,1,Public,3,Florida State University,12,15,0.2422,43729.0,0.5975318884,2.0,20.0,1,elite,42791.0,55454.645,Anthropology.,40,-12663.64453125,7,medium,-0.2283603950272143,-0.2216543374666603
4506,134097,1,Public,3,Florida State University,12,15,0.2422,43729.0,0.5975318884,2.0,20.0,1,elite,73526.99999999994,78435.51,Economics.,332,-4908.507812500058,8,medium,-0.0625801750940893,-0.0624239674766541
4506,134097,1,Public,5,Florida State University,12,15,0.2422,43729.0,0.5975318884,2.0,20.0,1,elite,101636.0,88072.09,Economics.,38,13563.90625,1,low,0.1540091267558857,0.1492118033015153
4507,134097,1,Public,3,Florida State University,12,15,0.2422,43729.0,0.5975318884,2.0,20.0,1,elite,52536.99999999997,63075.566,Geography and Cartography.,32,-10538.56640625003,4,low,-0.1670784268249676,-0.1607438982988585
4507,134097,1,Public,5,Florida State University,12,15,0.2422,43729.0,0.5975318884,2.0,20.0,1,elite,69640.99999999997,71887.49,Geography and Cartography.,35,-2246.492187500029,1,low,-0.0312501120729129,-0.0301804771616285
4509,134097,1,Public,3,Florida State University,12,15,0.2422,43729.0,0.5975318884,2.0,20.0,1,elite,63984.000000000015,63659.758,International Relations and National Security Studies.,361,324.2421875000145,6,medium,0.0050933619391864,0.005081823195207
4509,134097,1,Public,5,Florida State University,12,15,0.2422,43729.0,0.5975318884,2.0,20.0,1,elite,71828.99999999999,78611.04,International Relations and National Security Studies.,33,-6782.039062500015,2,low,-0.08627336749878,-0.0831151287954186
4510,134097,1,Public,3,Florida State University,12,15,0.2422,43729.0,0.5975318884,2.0,20.0,1,elite,68058.99999999997,63075.566,Political Science and Government.,390,4983.433593749971,14,medium,0.0790073538405225,0.0788436690149478
4510,134097,1,Public,5,Florida State University,12,15,0.2422,43729.0,0.5975318884,2.0,20.0,1,elite,76607.99999999994,71887.49,Political Science and Government.,33,4720.507812499942,1,low,0.0656652175344733,0.0632613884329264
4511,134097,1,Public,3,Florida State University,12,15,0.2422,43729.0,0.5975318884,2.0,20.0,1,elite,50611.99999999998,54007.656,Sociology.,240,-3395.656250000022,12,medium,-0.0628736087765338,-0.0626448677833884
5004,134097,1,Public,3,Florida State University,12,15,0.2422,43729.0,0.5975318884,2.0,20.0,1,elite,73887.99999999999,55759.844,Design and Applied Arts.,46,18128.156249999985,7,medium,0.3251113172281797,0.3169858262974587
5005,134097,1,Public,3,Florida State University,12,15,0.2422,43729.0,0.5975318884,2.0,20.0,1,elite,44115.00000000004,39707.5,Drama/Theatre Arts and Stagecraft.,76,4407.500000000036,11,medium,0.110999181514828,0.109452300215845
5005,134097,1,Public,5,Florida State University,12,15,0.2422,43729.0,0.5975318884,2.0,20.0,1,elite,58723.99999999999,67603.7,Drama/Theatre Arts and Stagecraft.,40,-8879.703125000007,1,low,-0.1313493597914501,-0.1274921394218742
5006,134097,1,Public,3,Florida State University,12,15,0.2422,43729.0,0.5975318884,2.0,20.0,1,elite,46180.00000000003,45429.934,Film/Video and Photographic Arts.,31,750.0664062500291,7,medium,0.0165104006745283,0.0158614184788475
5006,134097,1,Public,5,Florida State University,12,15,0.2422,43729.0,0.5975318884,2.0,20.0,1,elite,44277.0,63113.473,Film/Video and Photographic Arts.,28,-18836.47265625,2,low,-0.2984540679427289,-0.2852891130688271
5007,134097,1,Public,3,Florida State University,12,15,0.2422,43729.0,0.5975318884,2.0,20.0,1,elite,41066.99999999999,42633.297,Fine and Studio Arts.,151,-1566.2968750000073,12,medium,-0.0367388166013142,-0.0365093917168772
5007,134097,1,Public,5,Florida State University,12,15,0.2422,43729.0,0.5975318884,2.0,20.0,1,elite,44914.0,53560.953,Fine and Studio Arts.,27,-8646.953125,2,low,-0.161441360179305,-0.154022040322359
5009,134097,1,Public,3,Florida State University,12,15,0.2422,43729.0,0.5975318884,2.0,20.0,1,elite,44454.00000000004,44447.777,Music.,75,6.22265625003638,10,medium,0.0001399992670479,0.0001380178243764
5009,134097,1,Public,5,Florida State University,12,15,0.2422,43729.0,0.5975318884,2.0,20.0,1,elite,50069.00000000005,62886.42,Music.,45,-12817.421874999956,4,low,-0.203818590608912,-0.1985934632467628
5009,134097,1,Public,6,Florida State University,12,15,0.2422,43729.0,0.5975318884,2.0,20.0,1,elite,60076.00000000001,67679.49,Music.,38,-7603.492187499993,1,low,-0.112345585667741,-0.1088460650583351
5102,134097,0,Public,1,Florida State University,12,15,0.2422,43729.0,0.5975318884,2.0,20.0,1,elite,61572.99999999997,63607.387,Communication Disorders Sciences and Services.,55,-2034.386718750029,1,low,-0.0319834978875234,-0.031333727163927
5102,134097,1,Public,3,Florida State University,12,15,0.2422,43729.0,0.5975318884,2.0,20.0,1,elite,67180.00000000001,57693.957,Communication Disorders Sciences and Services.,83,9486.042968750016,5,low,0.1644200442623807,0.1623528523240844
5102,134097,2,Public,5,Florida State University,12,15,0.2422,43729.0,0.5975318884,2.0,20.0,1,elite,59810.99999999996,69201.73,Communication Disorders Sciences and Services.,75,-9390.726562500036,8,medium,-0.135700755298623,-0.1337801504785027
5109,134097,1,Public,3,Florida State University,12,15,0.2422,43729.0,0.5975318884,2.0,20.0,1,elite,57647.00000000002,66020.34,"Allied Health Diagnostic, Intervention, and Treatment Professions.",20,-8373.343749999978,7,medium,-0.1268297508675116,-0.1186911189206918
5112,134097,1,Public,7,Florida State University,12,15,0.2422,43729.0,0.5975318884,2.0,20.0,1,elite,113354.99999999993,101961.586,Medicine.,183,11393.414062499927,7,medium,0.1117422209329287,0.1111846765806098
5115,134097,2,Public,5,Florida State University,12,15,0.2422,43729.0,0.5975318884,2.0,20.0,1,elite,61023.99999999995,62322.82,Mental and Social Health Services and Allied Professions.,264,-1298.820312500051,12,medium,-0.0208402043743766,-0.0207723381054614
5122,134097,1,Public,5,Florida State University,12,15,0.2422,43729.0,0.5975318884,2.0,20.0,1,elite,71263.99999999994,77165.07,Public Health.,44,-5901.070312500058,11,medium,-0.0764733355208793,-0.0744612874450766
5123,134097,1,Public,5,Florida State University,12,15,0.2422,43729.0,0.5975318884,2.0,20.0,1,elite,50363.99999999997,74315.23,Rehabilitation and Therapeutic Professions.,32,-23951.22656250003,9,medium,-0.3222923170712096,-0.3100730861685141
5131,134097,1,Public,3,Florida State University,12,15,0.2422,43729.0,0.5975318884,2.0,20.0,1,elite,60379.99999999999,63218.895,Dietetics and Clinical Nutrition Services.,45,-2838.8945312500146,4,low,-0.0449057920468177,-0.0437545796768282
5138,134097,1,Public,3,Florida State University,12,15,0.2422,43729.0,0.5975318884,2.0,20.0,1,elite,78811.00000000004,89697.55,"Registered Nursing, Nursing Administration, Nursing Research and Clinical Nursing.",104,-10886.546874999956,57,high,-0.1213695051233803,-0.1201973565051002
5138,134097,1,Public,5,Florida State University,12,15,0.2422,43729.0,0.5975318884,2.0,20.0,1,elite,162328.99999999985,115334.84,"Registered Nursing, Nursing Administration, Nursing Research and Clinical Nursing.",48,46994.156249999854,18,high,0.4074584463985963,0.3977642915994918
5138,134097,0,Public,6,Florida State University,12,15,0.2422,43729.0,0.5975318884,2.0,20.0,1,elite,117559.99999999994,130785.64,"Registered Nursing, Nursing Administration, Nursing Research and Clinical Nursing.",36,-13225.640625000058,8,medium,-0.101124562006939,-0.0977730763118134
5201,134097,1,Public,3,Florida State University,12,15,0.2422,43729.0,0.5975318884,2.0,20.0,1,elite,74715.99999999999,74822.836,"Business/Commerce, General.",56,-106.83593750001457,9,medium,-0.0014278520208623,-0.0013994452886162
5201,134097,2,Public,5,Florida State University,12,15,0.2422,43729.0,0.5975318884,2.0,20.0,1,elite,107889.00000000007,90161.43,"Business/Commerce, General.",164,17727.570312500073,3,low,0.196620332817968,0.1955053903460364
5202,134097,1,Public,3,Florida State University,12,15,0.2422,43729.0,0.5975318884,2.0,20.0,1,elite,77319.99999999996,73470.24,"Business Administration, Management and Operations.",245,3849.757812499956,58,high,0.0523988719497503,0.0522127567004292
5203,134097,1,Public,3,Florida State University,12,15,0.2422,43729.0,0.5975318884,2.0,20.0,1,elite,91056.0,85534.914,Accounting and Related Services.,223,5521.0859375,24,high,0.0645477463561343,0.0642919539331847
5203,134097,0,Public,5,Florida State University,12,15,0.2422,43729.0,0.5975318884,2.0,20.0,1,elite,112611.0,98500.79,Accounting and Related Services.,102,14110.210937499984,19,high,0.143249724918923,0.1418344801403422
5207,134097,1,Public,3,Florida State University,12,15,0.2422,43729.0,0.5975318884,2.0,20.0,1,elite,58824.000000000015,65945.66,Entrepreneurial and Small Business Operations.,23,-7121.656249999985,2,low,-0.1079928027860058,-0.1020543191228263
5208,134097,1,Public,3,Florida State University,12,15,0.2422,43729.0,0.5975318884,2.0,20.0,1,elite,87089.00000000004,87690.17,Finance and Financial Management Services.,585,-601.1718749999563,15,medium,-0.0068556357245702,-0.006846735271921
5208,134097,1,Public,5,Florida State University,12,15,0.2422,43729.0,0.5975318884,2.0,20.0,1,elite,101222.99999999993,111186.38,Finance and Financial Management Services.,34,-9963.382812500087,6,medium,-0.0896097396144446,-0.0864392387490193
5209,134097,1,Public,3,Florida State University,12,15,0.2422,43729.0,0.5975318884,2.0,20.0,1,elite,62673.00000000004,61427.906,Hospitality Administration/Management.,192,1245.0937500000364,7,medium,0.0202691875079176,0.0201735603277713
5212,134097,1,Public,3,Florida State University,12,15,0.2422,43729.0,0.5975318884,2.0,20.0,1,elite,103648.00000000006,82752.33,Management Information Systems and Services.,108,20895.67187500006,7,medium,0.2525085680180077,0.2501752366747949
5212,134097,3,Public,5,Florida State University,12,15,0.2422,43729.0,0.5975318884,2.0,20.0,1,elite,107902.99999999994,93698.35,Management Information Systems and Services.,20,14204.648437499942,9,medium,0.1515997688393157,0.1418716513166769
5213,134097,1,Public,3,Florida State University,12,15,0.2422,43729.0,0.5975318884,2.0,20.0,1,elite,94887.00000000004,64382.098,Management Sciences and Quantitative Methods.,72,30504.902343750044,3,low,0.4738103207916949,0.4667769874895657
5214,134097,1,Public,3,Florida State University,12,15,0.2422,43729.0,0.5975318884,2.0,20.0,1,elite,84980.99999999994,71350.44,Marketing.,486,13630.562499999942,17,high,0.1910368454292931,0.1907298384421524
5215,134097,1,Public,3,Florida State University,12,15,0.2422,43729.0,0.5975318884,2.0,20.0,1,elite,80900.0,73164.95,Real Estate.,133,7735.046875,2,low,0.1057206564703857,0.1049548793199332
5401,134097,1,Public,3,Florida State University,12,15,0.2422,43729.0,0.5975318884,2.0,20.0,1,elite,56833.99999999996,52455.004,History.,82,4378.996093749956,9,medium,0.0834809983348071,0.0824164470279009
301,134130,1,Public,3,University of Florida,12,16,0.242,39127.0,0.6673828964,2.0,21.0,1,elite,62682.99999999996,58297.71,Natural Resources Conservation and Research.,29,4385.289062499964,9,medium,0.0752223199158086,0.0720332489654807
402,134130,1,Public,3,University of Florida,12,16,0.242,39127.0,0.6673828964,2.0,21.0,1,elite,67399.00000000003,70587.61,Architecture.,86,-3188.609374999971,4,low,-0.0451723666976782,-0.0446275221270345
402,134130,3,Public,5,University of Florida,12,16,0.242,39127.0,0.6673828964,2.0,21.0,1,elite,88820.00000000004,81777.94,Architecture.,56,7042.062500000044,4,low,0.0861120091222653,0.0843988338417931
901,134130,3,Public,5,University of Florida,12,16,0.242,39127.0,0.6673828964,2.0,21.0,1,elite,86822.99999999999,83924.05,Communication and Media Studies.,98,2898.953124999985,3,low,0.0345425802609091,0.0341849657258183
904,134130,3,Public,3,University of Florida,12,16,0.242,39127.0,0.6673828964,2.0,21.0,1,elite,58149.99999999997,66617.7,Journalism.,101,-8467.70312500003,6,medium,-0.1271089024055875,-0.1258385658996441
907,134130,3,Public,3,University of Florida,12,16,0.242,39127.0,0.6673828964,2.0,21.0,1,elite,62227.00000000003,62035.7,"Radio, Television, and Digital Communication.",255,191.3007812500291,7,medium,0.0030837208842519,0.0030732656435987
909,134130,3,Public,3,University of Florida,12,16,0.242,39127.0,0.6673828964,2.0,21.0,1,elite,69600.00000000004,67244.65,"Public Relations, Advertising, and Applied Communication.",407,2355.351562500044,11,medium,0.0350266023725175,0.0349575267457339
1101,134130,3,Public,3,University of Florida,12,16,0.242,39127.0,0.6673828964,2.0,21.0,1,elite,126268.0,88538.47,"Computer and Information Sciences, General.",201,37729.531250000015,19,high,0.4261371557772735,0.4242312481502052
1105,134130,1,Public,5,University of Florida,12,16,0.242,39127.0,0.6673828964,2.0,21.0,1,elite,116724.9999999999,120188.484,Computer Systems Analysis.,84,-3463.484375000102,3,low,-0.028817106672164,-0.0284598365462994
1303,134130,3,Public,5,University of Florida,12,16,0.242,39127.0,0.6673828964,2.0,21.0,1,elite,66003.00000000006,70093.22,Curriculum and Instruction.,37,-4090.218749999942,7,medium,-0.0583539866329785,-0.056479796935062
1303,134130,1,Public,6,University of Florida,12,16,0.242,39127.0,0.6673828964,2.0,21.0,1,elite,91306.00000000007,90217.086,Curriculum and Instruction.,42,1088.9140625000728,2,low,0.0120699316674276,0.0117348541875347
1304,134130,3,Public,6,University of Florida,12,16,0.242,39127.0,0.6673828964,2.0,21.0,1,elite,86490.0,95674.586,Educational Administration and Supervision.,23,-9184.5859375,5,low,-0.0959981780689376,-0.0907192743137768
1310,134130,3,Public,5,University of Florida,12,16,0.242,39127.0,0.6673828964,2.0,21.0,1,elite,51699.99999999998,71386.92,Special Education and Teaching.,47,-19686.921875000025,8,medium,-0.2757777105093876,-0.2690545892053633
1311,134130,1,Public,5,University of Florida,12,16,0.242,39127.0,0.6673828964,2.0,21.0,1,elite,60270.00000000001,75730.46,Student Counseling and Personnel Services.,40,-15460.460937499993,9,medium,-0.2041511532626143,-0.198156027073288
1312,134130,1,Public,3,University of Florida,12,16,0.242,39127.0,0.6673828964,2.0,21.0,1,elite,53078.99999999999,59558.473,"Teacher Education and Professional Development, Specific Levels and Methods.",81,-6479.472656250015,24,high,-0.1087917867479106,-0.1073844340015326
1312,134130,1,Public,5,University of Florida,12,16,0.242,39127.0,0.6673828964,2.0,21.0,1,elite,55853.00000000002,79010.055,"Teacher Education and Professional Development, Specific Levels and Methods.",91,-23157.054687499975,7,medium,-0.2930899716383009,-0.2897809220348408
1313,134130,1,Public,3,University of Florida,12,16,0.242,39127.0,0.6673828964,2.0,21.0,1,elite,55284.00000000004,61367.426,"Teacher Education and Professional Development, Specific Subject Areas.",83,-6083.425781249964,11,medium,-0.0991311873327538,-0.0978848478599278
1313,134130,1,Public,5,University of Florida,12,16,0.242,39127.0,0.6673828964,2.0,21.0,1,elite,62447.00000000003,70101.836,"Teacher Education and Professional Development, Specific Subject Areas.",158,-7654.835937499971,8,medium,-0.1091959409497451,-0.1085491960013812
1402,134130,1,Public,3,University of Florida,12,16,0.242,39127.0,0.6673828964,2.0,21.0,1,elite,94374.99999999996,85700.26,"Aerospace, Aeronautical, and Astronautical/Space Engineering.",76,8674.742187499956,5,low,0.1012218913795925,0.0998112661057308
1402,134130,3,Public,5,University of Florida,12,16,0.242,39127.0,0.6673828964,2.0,21.0,1,elite,108542.00000000004,103397.9,"Aerospace, Aeronautical, and Astronautical/Space Engineering.",23,5144.101562500029,2,low,0.0497505427115565,0.0470147790541178
1405,134130,1,Public,3,University of Florida,12,16,0.242,39127.0,0.6673828964,2.0,21.0,1,elite,88078.00000000006,78662.33,Biomedical/Medical Engineering.,40,9415.671875000058,5,low,0.1196973455964574,0.1161822996125874
1408,134130,1,Public,3,University of Florida,12,16,0.242,39127.0,0.6673828964,2.0,21.0,1,elite,86453.0,85313.32,Civil Engineering.,141,1139.6796875,8,medium,0.0133587543343218,0.0132683779698061
1408,134130,3,Public,5,University of Florida,12,16,0.242,39127.0,0.6673828964,2.0,21.0,1,elite,91116.0,97213.695,Civil Engineering.,41,-6097.6953125,2,low,-0.0627246530738137,-0.0609342999464845
1409,134130,1,Public,3,University of Florida,12,16,0.242,39127.0,0.6673828964,2.0,21.0,1,elite,128140.0,103061.91,Computer Engineering.,95,25078.093749999985,13,medium,0.24333038910776,0.2407179290907154
1410,134130,1,Public,3,University of Florida,12,16,0.242,39127.0,0.6673828964,2.0,21.0,1,elite,107542.99999999996,93129.35,"Electrical, Electronics, and Communications Engineering.",128,14413.64843749997,10,medium,0.1547702007548805,0.1535977684365204
1410,134130,3,Public,5,University of Florida,12,16,0.242,39127.0,0.6673828964,2.0,21.0,1,elite,121478.00000000004,103478.6,"Electrical, Electronics, and Communications Engineering.",42,17999.39843750003,1,low,0.1739431937203807,0.1691142975341966
1419,134130,1,Public,3,University of Florida,12,16,0.242,39127.0,0.6673828964,2.0,21.0,1,elite,97113.00000000004,90534.95,Mechanical Engineering.,287,6578.046875000044,12,medium,0.0726575388614588,0.0724428046293726
1419,134130,3,Public,5,University of Florida,12,16,0.242,39127.0,0.6673828964,2.0,21.0,1,elite,109892.99999999993,98644.9,Mechanical Engineering.,58,11248.101562499913,2,low,0.1140261862566217,0.1118483873421327
1419,134130,1,Public,6,University of Florida,12,16,0.242,39127.0,0.6673828964,2.0,21.0,1,elite,106068.00000000004,129580.62,Mechanical Engineering.,21,-23512.61718749997,1,low,-0.1814516530159582,-0.1704162950398003
1427,134130,1,Public,3,University of Florida,12,16,0.242,39127.0,0.6673828964,2.0,21.0,1,elite,122299.0,92610.09,Systems Engineering.,103,29688.90625000001,1,low,0.3205795939494987,0.3174483465752364
1427,134130,3,Public,5,University of Florida,12,16,0.242,39127.0,0.6673828964,2.0,21.0,1,elite,137191.00000000006,132335.62,Systems Engineering.,50,4855.375000000058,4,low,0.0366898558116913,0.0358572686335441
1510,134130,1,Public,3,University of Florida,12,16,0.242,39127.0,0.6673828964,2.0,21.0,1,elite,109138.99999999996,87575.09,Construction Engineering Technology/Technician.,74,21563.90624999996,5,low,0.2462333219026666,0.2426932637281268
1907,134130,1,Public,3,University of Florida,12,16,0.242,39127.0,0.6673828964,2.0,21.0,1,elite,51496.99999999999,53451.086,"Human Development, Family Studies, and Related Services.",95,-1954.0859375000075,2,low,-0.0365583954605694,-0.03616589476726
2201,134130,1,Public,7,University of Florida,12,16,0.242,39127.0,0.6673828964,2.0,21.0,1,elite,114495.99999999993,110190.11,Law.,536,4305.890624999913,8,medium,0.0390769248657886,0.0390208231527118
2202,134130,1,Public,5,University of Florida,12,16,0.242,39127.0,0.6673828964,2.0,21.0,1,elite,142291.00000000006,109322.59,Legal Research and Advanced Professional Studies.,72,32968.40625000006,3,low,0.3015699236462733,0.2970933605706572
2301,134130,1,Public,3,University of Florida,12,16,0.242,39127.0,0.6673828964,2.0,21.0,1,elite,49045.99999999996,56507.312,"English Language and Literature, General.",157,-7461.312500000036,11,medium,-0.1320415388716289,-0.1312536631633426
2601,134130,3,Public,3,University of Florida,12,16,0.242,39127.0,0.6673828964,2.0,21.0,1,elite,53645.00000000005,60345.867,"Biology, General.",198,-6700.867187499956,24,high,-0.1110410289851294,-0.1105356139164154
2609,134130,1,Public,3,University of Florida,12,16,0.242,39127.0,0.6673828964,2.0,21.0,1,elite,73679.00000000004,55467.977,"Physiology, Pathology and Related Sciences.",124,18211.023437500044,4,low,0.328315986377839,0.3257348182485907
2609,134130,3,Public,5,University of Florida,12,16,0.242,39127.0,0.6673828964,2.0,21.0,1,elite,60313.0,85669.86,"Physiology, Pathology and Related Sciences.",29,-25356.859375,3,low,-0.2959834364149731,-0.283435137188019
2701,134130,1,Public,3,University of Florida,12,16,0.242,39127.0,0.6673828964,2.0,21.0,1,elite,93021.99999999993,73206.35,Mathematics.,59,19815.648437499927,6,medium,0.2706820926676327,0.2656141279687747
3103,134130,3,Public,3,University of Florida,12,16,0.242,39127.0,0.6673828964,2.0,21.0,1,elite,64496.99999999995,56915.43,"Parks, Recreation, and Leisure Facilities Management.",64,7581.570312499949,4,low,0.1332076442913167,0.1309390553319822
3105,134130,3,Public,3,University of Florida,12,16,0.242,39127.0,0.6673828964,2.0,21.0,1,elite,60496.99999999995,59221.41,"Sports, Kinesiology, and Physical Education/Fitness.",133,1275.589843749949,18,high,0.0215393358649249,0.021383317809495
3105,134130,3,Public,5,University of Florida,12,16,0.242,39127.0,0.6673828964,2.0,21.0,1,elite,68985.99999999994,76139.76,"Sports, Kinesiology, and Physical Education/Fitness.",80,-7153.757812500058,6,medium,-0.0939556155421026,-0.0927224133544437
3801,134130,1,Public,3,University of Florida,12,16,0.242,39127.0,0.6673828964,2.0,21.0,1,elite,52655.99999999997,54745.527,Philosophy.,44,-2089.527343750029,4,low,-0.0381680010246276,-0.0371637836396298
4005,134130,1,Public,3,University of Florida,12,16,0.242,39127.0,0.6673828964,2.0,21.0,1,elite,56179.00000000002,66807.05,Chemistry.,42,-10628.046874999978,4,low,-0.1590857158360209,-0.1546692831487388
4005,134130,1,Public,6,University of Florida,12,16,0.242,39127.0,0.6673828964,2.0,21.0,1,elite,100760.99999999994,104511.82,Chemistry.,30,-3750.820312500058,2,low,-0.0358889578354367,-0.0344247576670228
4201,134130,3,Public,3,University of Florida,12,16,0.242,39127.0,0.6673828964,2.0,21.0,1,elite,57052.99999999996,57851.04,"Psychology, General.",323,-798.0390625000437,29,high,-0.0137947230582647,-0.0137591755791078
4201,134130,1,Public,6,University of Florida,12,16,0.242,39127.0,0.6673828964,2.0,21.0,1,elite,103154.00000000004,103944.35,"Psychology, General.",35,-790.3515624999709,3,low,-0.0076036027991838,-0.0073433452043767
4302,134130,3,Public,3,University of Florida,12,16,0.242,39127.0,0.6673828964,2.0,21.0,1,elite,97838.99999999996,75851.68,Fire Protection.,30,21987.32031249997,2,low,0.2898725565878718,0.2780463161012939
4502,134130,3,Public,3,University of Florida,12,16,0.242,39127.0,0.6673828964,2.0,21.0,1,elite,47348.0,54428.703,Anthropology.,140,-7080.703125,7,medium,-0.130091343693025,-0.129203880843796
4504,134130,3,Public,3,University of Florida,12,16,0.242,39127.0,0.6673828964,2.0,21.0,1,elite,57952.99999999996,66557.57,Criminology.,216,-8604.570312500044,7,medium,-0.1292801145249144,-0.1287484142073081
4506,134130,1,Public,3,University of Florida,12,16,0.242,39127.0,0.6673828964,2.0,21.0,1,elite,89075.00000000001,78633.67,Economics.,197,10441.328125000016,8,medium,0.1327844405078535,0.1321764802013382
4507,134130,1,Public,3,University of Florida,12,16,0.242,39127.0,0.6673828964,2.0,21.0,1,elite,67276.00000000001,67860.914,Geography and Cartography.,34,-584.9140624999854,4,low,-0.0086193071605442,-0.0083143456582628
4510,134130,1,Public,3,University of Florida,12,16,0.242,39127.0,0.6673828964,2.0,21.0,1,elite,70434.0,69824.875,Political Science and Government.,283,609.125,14,medium,0.0087236103179561,0.0086974047999913
4511,134130,3,Public,3,University of Florida,12,16,0.242,39127.0,0.6673828964,2.0,21.0,1,elite,51038.99999999999,58341.152,Sociology.,174,-7302.152343750007,12,medium,-0.1251629775964182,-0.1245006191903864
5001,134130,3,Public,3,University of Florida,12,16,0.242,39127.0,0.6673828964,2.0,21.0,1,elite,47545.99999999998,60737.844,"Visual and Performing Arts, General.",55,-13191.843750000022,5,low,-0.2171931523334662,-0.2127806971277158
5004,134130,1,Public,3,University of Florida,12,16,0.242,39127.0,0.6673828964,2.0,21.0,1,elite,65655.99999999994,61239.504,Design and Applied Arts.,50,4416.496093749942,7,medium,0.0721184172313192,0.0704818648882616
5005,134130,1,Public,3,University of Florida,12,16,0.242,39127.0,0.6673828964,2.0,21.0,1,elite,41707.000000000015,51393.117,Drama/Theatre Arts and Stagecraft.,55,-9686.117187499984,11,medium,-0.1884710972514404,-0.184642153911073
5007,134130,1,Public,3,University of Florida,12,16,0.242,39127.0,0.6673828964,2.0,21.0,1,elite,39332.000000000015,51106.363,Fine and Studio Arts.,83,-11774.363281249984,12,medium,-0.2303893786465096,-0.227492778853317
5009,134130,1,Public,3,University of Florida,12,16,0.242,39127.0,0.6673828964,2.0,21.0,1,elite,61445.99999999999,40472.785,Music.,28,20973.214843749985,10,medium,0.5182053758539323,0.4953470833348991
5009,134130,1,Public,5,University of Florida,12,16,0.242,39127.0,0.6673828964,2.0,21.0,1,elite,59912.99999999999,73668.86,Music.,21,-13755.859375000007,4,low,-0.1867255648004256,-0.1753694629593928
5100,134130,1,Public,3,University of Florida,12,16,0.242,39127.0,0.6673828964,2.0,21.0,1,elite,74152.00000000006,65542.945,"Health Services/Allied Health/Health Sciences, General.",120,8609.054687500058,15,medium,0.1313498294355439,0.1302768087320427
5102,134130,3,Public,3,University of Florida,12,16,0.242,39127.0,0.6673828964,2.0,21.0,1,elite,65370.00000000006,56357.316,Communication Disorders Sciences and Services.,70,9012.683593750058,5,low,0.1599203824536711,0.1574671397065589
5102,134130,1,Public,5,University of Florida,12,16,0.242,39127.0,0.6673828964,2.0,21.0,1,elite,71170.00000000004,82436.63,Communication Disorders Sciences and Services.,41,-11266.632812499956,8,medium,-0.1366702208486077,-0.1327692354255217
5107,134130,1,Public,5,University of Florida,12,16,0.242,39127.0,0.6673828964,2.0,21.0,1,elite,107445.00000000004,129020.18,Health and Medical Administrative Services.,31,-21575.17968749996,12,medium,-0.1672232959197331,-0.1606501700523273
5109,134130,1,Public,5,University of Florida,12,16,0.242,39127.0,0.6673828964,2.0,21.0,1,elite,128417.0,82655.16,"Allied Health Diagnostic, Intervention, and Treatment Professions.",56,45761.84375,9,medium,0.5536477798382965,0.5426331060410502
5109,134130,1,Public,7,University of Florida,12,16,0.242,39127.0,0.6673828964,2.0,21.0,1,elite,130026.0,115394.695,"Allied Health Diagnostic, Intervention, and Treatment Professions.",50,14631.304687500016,1,low,0.1267935640184934,0.1239162919949891
5112,134130,1,Public,7,University of Florida,12,16,0.242,39127.0,0.6673828964,2.0,21.0,1,elite,104811.00000000006,128982.53,Medicine.,242,-24171.53124999994,7,medium,-0.1874015885387575,-0.1867263510614955
5115,134130,1,Public,5,University of Florida,12,16,0.242,39127.0,0.6673828964,2.0,21.0,1,elite,59615.99999999999,70663.45,Mental and Social Health Services and Allied Professions.,39,-11047.453125000007,12,medium,-0.1563389933047516,-0.1516122762095663
5122,134130,1,Public,3,University of Florida,12,16,0.242,39127.0,0.6673828964,2.0,21.0,1,elite,68605.00000000001,68529.48,Public Health.,219,75.52343750001455,12,medium,0.0011020577025878,0.0010975974083848
5122,134130,3,Public,5,University of Florida,12,16,0.242,39127.0,0.6673828964,2.0,21.0,1,elite,80454.99999999996,84623.984,Public Health.,109,-4168.984375000044,11,medium,-0.0492648083848869,-0.0488144534986336
5123,134130,1,Public,5,University of Florida,12,16,0.242,39127.0,0.6673828964,2.0,21.0,1,elite,80318.00000000007,75749.97,Rehabilitation and Therapeutic Professions.,64,4568.031250000073,9,medium,0.0603040677822071,0.0592770610882482
5123,134130,1,Public,6,University of Florida,12,16,0.242,39127.0,0.6673828964,2.0,21.0,1,elite,85608.00000000006,87618.37,Rehabilitation and Therapeutic Professions.,68,-2010.3671874999416,8,medium,-0.0229445863011556,-0.0225804988240232
5123,134130,1,Public,7,University of Florida,12,16,0.242,39127.0,0.6673828964,2.0,21.0,1,elite,79728.99999999994,108490.88,Rehabilitation and Therapeutic Professions.,56,-28761.88281250006,2,low,-0.2651087544582705,-0.2598344870314147
5138,134130,3,Public,3,University of Florida,12,16,0.242,39127.0,0.6673828964,2.0,21.0,1,elite,79839.00000000003,77641.71,"Registered Nursing, Nursing Administration, Nursing Research and Clinical Nursing.",266,2197.289062500029,57,high,0.0283003689121276,0.0282090131926314
5138,134130,1,Public,6,University of Florida,12,16,0.242,39127.0,0.6673828964,2.0,21.0,1,elite,120248.0,133271.83,"Registered Nursing, Nursing Administration, Nursing Research and Clinical Nursing.",77,-13023.828124999984,8,medium,-0.097723789852905,-0.0963825514439372
5138,134130,3,Public,7,University of Florida,12,16,0.242,39127.0,0.6673828964,2.0,21.0,1,elite,136765.00000000006,122428.49,"Registered Nursing, Nursing Administration, Nursing Research and Clinical Nursing.",47,14336.507812500058,1,low,0.1171010730945179,0.1142462929972009
5202,134130,3,Public,3,University of Florida,12,16,0.242,39127.0,0.6673828964,2.0,21.0,1,elite,82615.00000000006,73450.34,"Business Administration, Management and Operations.",422,9164.656250000058,58,high,0.1247734970607276,0.1245375065442296
5202,134130,3,Public,5,University of Florida,12,16,0.242,39127.0,0.6673828964,2.0,21.0,1,elite,137403.9999999999,100514.26,"Business Administration, Management and Operations.",799,36889.74218749991,35,high,0.3670100440508081,0.3666767792193658
5203,134130,1,Public,3,University of Florida,12,16,0.242,39127.0,0.6673828964,2.0,21.0,1,elite,94941.0,79490.13,Accounting and Related Services.,59,15450.867187500016,24,high,0.1943746555807783,0.1907353904815327
5203,134130,1,Public,5,University of Florida,12,16,0.242,39127.0,0.6673828964,2.0,21.0,1,elite,107577.0,106453.98,Accounting and Related Services.,95,1123.0234375000146,19,high,0.0105493798706587,0.0104361189121004
5207,134130,1,Public,5,University of Florida,12,16,0.242,39127.0,0.6673828964,2.0,21.0,1,elite,73019.00000000006,84380.93,Entrepreneurial and Small Business Operations.,22,-11361.929687499942,3,low,-0.1346504444733923,-0.1268717000965429
5208,134130,1,Public,3,University of Florida,12,16,0.242,39127.0,0.6673828964,2.0,21.0,1,elite,106153.0,108695.414,Finance and Financial Management Services.,233,-2542.414062499985,15,medium,-0.0233902606142895,-0.0233021826377766
5208,134130,1,Public,5,University of Florida,12,16,0.242,39127.0,0.6673828964,2.0,21.0,1,elite,173874.9999999999,119149.94,Finance and Financial Management Services.,32,54725.06249999991,6,medium,0.4592957717665602,0.4418822598999173
5213,134130,1,Public,3,University of Florida,12,16,0.242,39127.0,0.6673828964,2.0,21.0,1,elite,109220.00000000007,69632.9,Management Sciences and Quantitative Methods.,83,39587.10156250007,3,low,0.568511471600339,0.5613637887482061
5214,134130,1,Public,3,University of Florida,12,16,0.242,39127.0,0.6673828964,2.0,21.0,1,elite,92626.00000000007,73874.37,Marketing.,184,18751.632812500076,17,high,0.2538313832849043,0.2525729024071529
5215,134130,1,Public,5,University of Florida,12,16,0.242,39127.0,0.6673828964,2.0,21.0,1,elite,148764.0,104600.17,Real Estate.,20,44163.828125,2,low,0.4222156362972037,0.3951221693266279
5401,134130,1,Public,3,University of Florida,12,16,0.242,39127.0,0.6673828964,2.0,21.0,1,elite,54448.0,63152.066,History.,91,-8704.06640625,9,medium,-0.1378271037127706,-0.1362710056984393
1204,134228,1,"Private, for-profit",1,Fort Pierce Beauty Academy,21,-2,,11766.0,0.9569230769,1.0,28.0,1,,22754.00000000001,22541.97,Cosmetology and Related Personal Grooming Services.,94,212.0292968750109,80,high,0.009405978725969,0.0093037360175482
5135,134228,0,"Private, for-profit",1,Fort Pierce Beauty Academy,21,-2,,11766.0,0.9569230769,1.0,28.0,1,,31517.000000000025,27877.963,Somatic Bodywork and Related Therapeutic Services.,31,3639.0371093750255,25,high,0.1305345416970472,0.1254035581944216
901,134237,2,"Private, for-profit",1,Full Sail University,21,15,,21349.0,0.7669108669,1.0,25.0,1,,37679.0,37202.52,Communication and Media Studies.,466,476.48046875,1,low,0.0128077472911413,0.0127861429033788
901,134237,2,"Private, for-profit",2,Full Sail University,21,15,,21349.0,0.7669108669,1.0,25.0,1,,37309.000000000015,37964.395,Communication and Media Studies.,20,-655.3945312499854,1,low,-0.0172634000710983,-0.0161556122029652
901,134237,2,"Private, for-profit",3,Full Sail University,21,15,,21349.0,0.7669108669,1.0,25.0,1,,44933.0,47143.344,Communication and Media Studies.,135,-2210.34375,15,medium,-0.0468855955937576,-0.0465518590202308
904,134237,3,"Private, for-profit",5,Full Sail University,21,15,,21349.0,0.7669108669,1.0,25.0,1,,53226.99999999997,55436.56,Journalism.,60,-2209.558593750029,2,low,-0.0398574271166814,-0.0391256368767188
909,134237,2,"Private, for-profit",3,Full Sail University,21,15,,21349.0,0.7669108669,1.0,25.0,1,,42718.99999999999,48777.242,"Public Relations, Advertising, and Applied Communication.",52,-6058.242187500015,11,medium,-0.1242022286584406,-0.1215091171626596
909,134237,2,"Private, for-profit",5,Full Sail University,21,15,,21349.0,0.7669108669,1.0,25.0,1,,53819.99999999998,55518.94,"Public Relations, Advertising, and Applied Communication.",124,-1698.9414062500218,2,low,-0.0306011131195445,-0.0303605320294334
1003,134237,0,"Private, for-profit",3,Full Sail University,21,15,,21349.0,0.7669108669,1.0,25.0,1,,34818.00000000002,37895.375,Graphic Communications.,106,-3077.374999999978,4,low,-0.0812071393936589,-0.0804401480394639
1102,134237,2,"Private, for-profit",2,Full Sail University,21,15,,21349.0,0.7669108669,1.0,25.0,1,,59102.0,54632.973,Computer Programming.,22,4469.02734375,6,medium,0.0818009185015259,0.0770752866084904
1102,134237,2,"Private, for-profit",3,Full Sail University,21,15,,21349.0,0.7669108669,1.0,25.0,1,,83694.00000000007,60976.32,Computer Programming.,64,22717.679687500076,2,low,0.3725656053214317,0.3662206374830125
1107,134237,2,"Private, for-profit",3,Full Sail University,21,15,,21349.0,0.7669108669,1.0,25.0,1,,77511.99999999994,43802.27,Computer Science.,82,33709.73046874994,5,low,0.769588672675974,0.7597748630232474
1108,134237,0,"Private, for-profit",3,Full Sail University,21,15,,21349.0,0.7669108669,1.0,25.0,1,,66676.00000000003,48344.883,Computer Software and Media Applications.,20,18331.11718750003,3,low,0.379173888136106,0.3548423988894856
1110,134237,2,"Private, for-profit",3,Full Sail University,21,15,,21349.0,0.7669108669,1.0,25.0,1,,62380.99999999996,54269.73,Computer/Information Technology Administration and Management.,27,8111.269531249964,9,medium,0.1494621303844627,0.1425933369687526
1305,134237,3,"Private, for-profit",5,Full Sail University,21,15,,21349.0,0.7669108669,1.0,25.0,1,,69640.99999999997,57287.473,Educational/Instructional Media Design.,60,12353.52734374997,4,low,0.215640990446141,0.2116817792385941
1409,134237,2,"Private, for-profit",3,Full Sail University,21,15,,21349.0,0.7669108669,1.0,25.0,1,,93410.0,58594.516,Computer Engineering.,27,34815.484374999985,13,medium,0.5941765027603637,0.5668700831380035
1512,134237,2,"Private, for-profit",3,Full Sail University,21,15,,21349.0,0.7669108669,1.0,25.0,1,,59181.00000000002,55410.664,Computer Engineering Technologies/Technicians.,28,3770.335937500022,2,low,0.0680435075321837,0.0650420751432806
5001,134237,2,"Private, for-profit",2,Full Sail University,21,15,,21349.0,0.7669108669,1.0,25.0,1,,38049.000000000015,32091.873,"Visual and Performing Arts, General.",73,5957.126953125015,1,low,0.1856272753049887,0.1829158050004639
5001,134237,2,"Private, for-profit",3,Full Sail University,21,15,,21349.0,0.7669108669,1.0,25.0,1,,36870.00000000001,46973.703,"Visual and Performing Arts, General.",326,-10103.703124999993,5,low,-0.2150927530263773,-0.2145443895178706
5004,134237,2,"Private, for-profit",2,Full Sail University,21,15,,21349.0,0.7669108669,1.0,25.0,1,,38715.99999999997,34038.008,Design and Applied Arts.,91,4677.992187499971,5,low,0.1374343708147937,0.1358827068404025
5004,134237,2,"Private, for-profit",3,Full Sail University,21,15,,21349.0,0.7669108669,1.0,25.0,1,,44962.00000000003,43569.547,Design and Applied Arts.,369,1392.453125000029,7,medium,0.0319593207841923,0.0318887317390605
5004,134237,2,"Private, for-profit",5,Full Sail University,21,15,,21349.0,0.7669108669,1.0,25.0,1,,60023.00000000005,47265.34,Design and Applied Arts.,135,12757.660156250044,1,low,0.2699157606488048,0.267994472032141
5005,134237,1,"Private, for-profit",3,Full Sail University,21,15,,21349.0,0.7669108669,1.0,25.0,1,,44877.99999999999,39823.32,Drama/Theatre Arts and Stagecraft.,162,5054.679687499993,11,medium,0.1269276305399727,0.1261974966474524
5006,134237,2,"Private, for-profit",2,Full Sail University,21,15,,21349.0,0.7669108669,1.0,25.0,1,,24816.00000000001,28736.695,Film/Video and Photographic Arts.,67,-3920.6953124999854,4,low,-0.1364351492008389,-0.1342324417315994
5006,134237,2,"Private, for-profit",3,Full Sail University,21,15,,21349.0,0.7669108669,1.0,25.0,1,,33578.999999999985,35909.227,Film/Video and Photographic Arts.,590,-2330.2265625000146,7,medium,-0.0648921401424298,-0.0648087127445453
5006,134237,2,"Private, for-profit",5,Full Sail University,21,15,,21349.0,0.7669108669,1.0,25.0,1,,39171.00000000002,34861.848,Film/Video and Photographic Arts.,110,4309.152343750022,2,low,0.1236065393389291,0.122488595207193
5007,134237,2,"Private, for-profit",2,Full Sail University,21,15,,21349.0,0.7669108669,1.0,25.0,1,,32702.999999999996,34757.414,Fine and Studio Arts.,37,-2054.4140625000077,1,low,-0.0591072183565154,-0.0572088366673083
5007,134237,2,"Private, for-profit",3,Full Sail University,21,15,,21349.0,0.7669108669,1.0,25.0,1,,38124.0,40389.77,Fine and Studio Arts.,290,-2265.76953125,12,medium,-0.0560976098043082,-0.0559338062685469
5009,134237,2,"Private, for-profit",2,Full Sail University,21,15,,21349.0,0.7669108669,1.0,25.0,1,,34986.99999999999,32342.828,Music.,77,2644.1718749999927,3,low,0.0817545041138851,0.0806324407842832
5009,134237,2,"Private, for-profit",3,Full Sail University,21,15,,21349.0,0.7669108669,1.0,25.0,1,,39466.00000000001,40777.07,Music.,427,-1311.0703124999927,10,medium,-0.0321521458616925,-0.0320921562905714
5010,134237,2,"Private, for-profit",2,Full Sail University,21,15,,21349.0,0.7669108669,1.0,25.0,1,,30931.000000000007,37152.492,"Arts, Entertainment, and Media Management.",46,-6221.492187499993,1,low,-0.1674582732189691,-0.1632729969513948
5010,134237,2,"Private, for-profit",3,Full Sail University,21,15,,21349.0,0.7669108669,1.0,25.0,1,,38846.99999999999,38072.695,"Arts, Entertainment, and Media Management.",287,774.3046874999854,3,low,0.020337532742153,0.0202774265983949
5010,134237,2,"Private, for-profit",5,Full Sail University,21,15,,21349.0,0.7669108669,1.0,25.0,1,,46710.00000000003,45343.5,"Arts, Entertainment, and Media Management.",270,1366.500000000029,2,low,0.0301366237718753,0.0300410128014033
5207,134237,3,"Private, for-profit",5,Full Sail University,21,15,,21349.0,0.7669108669,1.0,25.0,1,,42689.00000000001,55487.707,Entrepreneurial and Small Business Operations.,52,-12798.707031249993,3,low,-0.2306584235683395,-0.2256569927661683
5212,134237,3,"Private, for-profit",5,Full Sail University,21,15,,21349.0,0.7669108669,1.0,25.0,1,,85000.99999999996,72542.51,Management Information Systems and Services.,59,12458.492187499956,9,medium,0.1717405775342274,0.1685250889301339
5214,134237,3,"Private, for-profit",3,Full Sail University,21,15,,21349.0,0.7669108669,1.0,25.0,1,,57954.00000000005,50127.867,Marketing.,62,7826.132812500051,17,high,0.1561233950614119,0.1533643349442446
5214,134237,3,"Private, for-profit",5,Full Sail University,21,15,,21349.0,0.7669108669,1.0,25.0,1,,59772.0,60546.938,Marketing.,129,-774.9375,2,low,-0.0127989545301114,-0.0127028767412248
4301,134291,1,Public,1,George Stone Technical College,21,-2,,15300.0,,1.0,29.0,1,,53477.00000000001,45343.8,Criminal Justice and Corrections.,22,8133.199218750007,19,high,0.1793673904396904,0.1690053520132327
4706,134291,1,Public,1,George Stone Technical College,21,-2,,15300.0,,1.0,29.0,1,,45098.00000000003,51886.668,Vehicle Maintenance and Repair Technologies/Technicians.,45,-6788.667968749971,24,high,-0.1308364602028137,-0.1274823149007091
2401,134343,2,Public,2,Gulf Coast State College,13,9,,22880.0,0.8783042394,1.0,25.0,1,,45814.0,44981.793,"Liberal Arts and Sciences, General Studies and Humanities.",269,832.20703125,36,high,0.0185009750907029,0.0184420256434335
4301,134343,1,Public,1,Gulf Coast State College,13,9,,22880.0,0.8783042394,1.0,25.0,1,,51476.00000000005,55834.285,Criminal Justice and Corrections.,53,-4358.285156249956,19,high,-0.0780575079282106,-0.0764019809450263
5109,134343,1,Public,1,Gulf Coast State College,13,9,,22880.0,0.8783042394,1.0,25.0,1,,54452.00000000003,55988.33,"Allied Health Diagnostic, Intervention, and Treatment Professions.",22,-1536.328124999971,22,high,-0.027440150053596,-0.0258549349897757
5109,134343,1,Public,2,Gulf Coast State College,13,9,,22880.0,0.8783042394,1.0,25.0,1,,53082.99999999998,59103.438,"Allied Health Diagnostic, Intervention, and Treatment Professions.",34,-6020.437500000022,39,high,-0.1018627300654047,-0.0982587035922055
5138,134343,1,Public,2,Gulf Coast State College,13,9,,22880.0,0.8783042394,1.0,25.0,1,,71133.00000000001,79340.25,"Registered Nursing, Nursing Administration, Nursing Research and Clinical Nursing.",126,-8207.249999999985,58,high,-0.1034437123654133,-0.1026455298072312
5138,134343,1,Public,3,Gulf Coast State College,13,9,,22880.0,0.8783042394,1.0,25.0,1,,95756.99999999993,86162.945,"Registered Nursing, Nursing Administration, Nursing Research and Clinical Nursing.",22,9594.054687499927,57,high,0.1113478033127087,0.1049152504735353
183,134495,1,Public,2,Hillsborough Community College,11,5,,22087.0,0.8303442291,1.0,24.0,1,,46457.00000000002,43635.453,Veterinary/Animal Health Technologies/Technicians.,25,2821.546875000022,4,low,0.0646617984444276,0.0614219408347142
1101,134495,1,Public,2,Hillsborough Community College,11,5,,22087.0,0.8303442291,1.0,24.0,1,,52633.0,50061.08,"Computer and Information Sciences, General.",20,2571.921875,8,medium,0.051375678897247,0.0480789150173
1102,134495,1,Public,1,Hillsborough Community College,11,5,,22087.0,0.8303442291,1.0,24.0,1,,66521.00000000001,60301.46,Computer Programming.,28,6219.539062500015,2,low,0.1031407691589149,0.0985911793979297
1102,134495,1,Public,2,Hillsborough Community College,11,5,,22087.0,0.8303442291,1.0,24.0,1,,53358.00000000003,67434.48,Computer Programming.,20,-14076.47656249997,6,medium,-0.2087430240442888,-0.1953480387782742
1110,134495,1,Public,2,Hillsborough Community College,11,5,,22087.0,0.8303442291,1.0,24.0,1,,53404.00000000001,57609.293,Computer/Information Technology Administration and Management.,25,-4205.292968749993,8,medium,-0.07299678145731,-0.0693393023339554
1205,134495,1,Public,1,Hillsborough Community College,11,5,,22087.0,0.8303442291,1.0,24.0,1,,40090.00000000001,44181.953,Culinary Arts and Related Services.,25,-4091.9531249999927,6,medium,-0.0926159401197815,-0.0879754496664309
1205,134495,1,Public,2,Hillsborough Community College,11,5,,22087.0,0.8303442291,1.0,24.0,1,,34106.000000000015,40105.773,Culinary Arts and Related Services.,20,-5999.773437499985,6,medium,-0.1495987465956717,-0.1399990341471344
1907,134495,1,Public,2,Hillsborough Community College,11,5,,22087.0,0.8303442291,1.0,24.0,1,,34315.999999999985,33509.598,"Human Development, Family Studies, and Related Services.",23,806.4023437499854,1,low,0.024064817250934,0.0227415019890341
2203,134495,3,Public,2,Hillsborough Community College,11,5,,22087.0,0.8303442291,1.0,24.0,1,,56823.00000000004,45101.426,Legal Support Services.,33,11721.574218750036,10,medium,0.2598936511586523,0.2503796352851122
2401,134495,2,Public,2,Hillsborough Community College,11,5,,22087.0,0.8303442291,1.0,24.0,1,,44585.000000000015,43960.203,"Liberal Arts and Sciences, General Studies and Humanities.",2630,624.7968750000146,36,high,0.0142127840770757,0.0142094437482058
4301,134495,1,Public,1,Hillsborough Community College,11,5,,22087.0,0.8303442291,1.0,24.0,1,,66994.00000000003,55835.72,Criminal Justice and Corrections.,238,11158.28125000003,19,high,0.1998412754380461,0.1991071189536093
4301,134495,3,Public,2,Hillsborough Community College,11,5,,22087.0,0.8303442291,1.0,24.0,1,,47205.00000000004,45941.695,Criminal Justice and Corrections.,134,1263.3046875000364,10,medium,0.0274979989072434,0.0273005565421177
4302,134495,1,Public,1,Hillsborough Community College,11,5,,22087.0,0.8303442291,1.0,24.0,1,,69089.99999999999,65757.945,Fire Protection.,63,3332.054687499985,6,medium,0.050671514623292,0.0497925708366586
4603,134495,1,Public,1,Hillsborough Community College,11,5,,22087.0,0.8303442291,1.0,24.0,1,,64638.99999999999,54725.33,Electrical and Power Transmission Installers.,38,9913.671874999993,5,low,0.181153265127179,0.1755104124863229
4706,134495,1,Public,1,Hillsborough Community College,11,5,,22087.0,0.8303442291,1.0,24.0,1,,49182.99999999999,64391.49,Vehicle Maintenance and Repair Technologies/Technicians.,76,-15208.488281250007,24,high,-0.2361878671730985,-0.2328963600665533
4805,134495,1,Public,1,Hillsborough Community College,11,5,,22087.0,0.8303442291,1.0,24.0,1,,43944.99999999997,58347.438,Precision Metal Working.,53,-14402.43750000003,15,medium,-0.2468392463679322,-0.2416040160394569
5109,134495,1,Public,1,Hillsborough Community College,11,5,,22087.0,0.8303442291,1.0,24.0,1,,61571.99999999997,66636.0,"Allied Health Diagnostic, Intervention, and Treatment Professions.",263,-5064.000000000029,22,high,-0.0759949576805334,-0.0757463858446113
5109,134495,1,Public,2,Hillsborough Community College,11,5,,22087.0,0.8303442291,1.0,24.0,1,,73151.00000000004,61352.203,"Allied Health Diagnostic, Intervention, and Treatment Professions.",139,11798.796875000044,39,high,0.1923125213769582,0.1909895566603903
5110,134495,1,Public,1,Hillsborough Community College,11,5,,22087.0,0.8303442291,1.0,24.0,1,,57202.99999999998,56034.0,Clinical/Medical Laboratory Science/Research and Allied Professions.,69,1168.9999999999782,8,medium,0.0208623335831812,0.020536878202755
5115,134495,1,Public,2,Hillsborough Community College,11,5,,22087.0,0.8303442291,1.0,24.0,1,,40306.99999999999,36238.42,Mental and Social Health Services and Allied Professions.,37,4068.5781249999854,4,low,0.1122724973795505,0.1086665748010032
5138,134495,1,Public,2,Hillsborough Community College,11,5,,22087.0,0.8303442291,1.0,24.0,1,,81109.0,77023.46,"Registered Nursing, Nursing Administration, Nursing Research and Clinical Nursing.",290,4085.5390625,58,high,0.0530427873893536,0.0528879038541849
5139,134495,0,Public,99,Hillsborough Community College,11,5,,22087.0,0.8303442291,1.0,24.0,1,,51791.0,47795.73,"Practical Nursing, Vocational Nursing and Nursing Assistants.",43,3995.26953125,4,low,0.083590510952902,0.0813320598775042
5202,134495,2,Public,1,Hillsborough Community College,11,5,,22087.0,0.8303442291,1.0,24.0,1,,49748.99999999999,56085.484,"Business Administration, Management and Operations.",134,-6336.484375000015,5,low,-0.1129790434300767,-0.1121678262349739
5202,134495,1,Public,2,Hillsborough Community College,11,5,,22087.0,0.8303442291,1.0,24.0,1,,40345.00000000001,46574.83,"Business Administration, Management and Operations.",57,-6229.828124999993,26,high,-0.1337595515818125,-0.1311526519443728
5203,134495,2,Public,1,Hillsborough Community College,11,5,,22087.0,0.8303442291,1.0,24.0,1,,52753.99999999998,53942.434,Accounting and Related Services.,54,-1188.4335937500218,5,low,-0.0220315160917715,-0.0215742828724666
5207,134495,1,Public,1,Hillsborough Community College,11,5,,22087.0,0.8303442291,1.0,24.0,1,,49388.000000000015,58332.414,Entrepreneurial and Small Business Operations.,42,-8944.414062499985,4,low,-0.1533352288989194,-0.1490784374361391
5209,134495,1,Public,2,Hillsborough Community College,11,5,,22087.0,0.8303442291,1.0,24.0,1,,45137.99999999999,41550.965,Hospitality Administration/Management.,20,3587.035156249985,2,low,0.0863285646852924,0.0807888832646077
1204,134529,1,"Private, for-profit",1,Hollywood Institute of Beauty Careers,21,-2,,13244.0,0.9535315985,1.0,29.0,1,,21754.00000000002,21736.596,Cosmetology and Related Personal Grooming Services.,530,17.40429687501819,80,high,0.0008006910149465,0.0007995264942843
5135,134529,1,"Private, for-profit",1,Hollywood Institute of Beauty Careers,21,-2,,13244.0,0.9535315985,1.0,29.0,1,,26087.00000000001,26987.236,Somatic Bodywork and Related Therapeutic Services.,58,-900.2363281249854,25,high,-0.0333578554387503,-0.0327207500180648
5135,134574,1,"Private, for-profit",1,Cortiva Institute,11,-2,,18657.0,0.7752234994,1.0,29.0,1,,32076.00000000001,30015.645,Somatic Bodywork and Related Therapeutic Services.,356,2060.3554687500146,25,high,0.0686427195193136,0.0684846825328803
1003,134608,1,Public,3,Indian River State College,21,12,,21577.0,0.9122626988,1.0,23.0,1,,34740.99999999998,31930.438,Graphic Communications.,44,2810.562499999978,4,low,0.0880214215668037,0.0857055381195
1101,134608,3,Public,2,Indian River State College,21,12,,21577.0,0.9122626988,1.0,23.0,1,,53479.99999999999,49260.9,"Computer and Information Sciences, General.",30,4219.101562499985,8,medium,0.0856480839027528,0.0821538074891058
1101,134608,3,Public,3,Indian River State College,21,12,,21577.0,0.9122626988,1.0,23.0,1,,71760.99999999999,70428.586,"Computer and Information Sciences, General.",59,1332.4140624999854,19,high,0.0189186541908196,0.0185644413552232
1204,134608,1,Public,1,Indian River State College,21,12,,21577.0,0.9122626988,1.0,23.0,1,,25405.99999999998,27504.346,Cosmetology and Related Personal Grooming Services.,83,-2098.345703125018,80,high,-0.0762914241179933,-0.0753322404758446
1312,134608,3,Public,3,Indian River State College,21,12,,21577.0,0.9122626988,1.0,23.0,1,,53747.00000000004,49392.28,"Teacher Education and Professional Development, Specific Levels and Methods.",42,4354.718750000036,24,high,0.0881659773509658,0.0857183716546736
1313,134608,2,Public,3,Indian River State College,21,12,,21577.0,0.9122626988,1.0,23.0,1,,52554.000000000015,43984.4,"Teacher Education and Professional Development, Specific Subject Areas.",20,8569.601562500015,11,medium,0.1948327558617645,0.1823303888674469
2203,134608,1,Public,2,Indian River State College,21,12,,21577.0,0.9122626988,1.0,23.0,1,,38297.000000000015,49329.72,Legal Support Services.,31,-11032.718749999984,10,medium,-0.2236525775853929,-0.2148613590236909
2401,134608,3,Public,2,Indian River State College,21,12,,21577.0,0.9122626988,1.0,23.0,1,,40190.00000000002,42191.168,"Liberal Arts and Sciences, General Studies and Humanities.",1247,-2001.1679687499784,36,high,-0.047430968733366,-0.0474050443436719
2601,134608,1,Public,3,Indian River State College,21,12,,21577.0,0.9122626988,1.0,23.0,1,,45068.000000000015,44225.37,"Biology, General.",52,842.6289062500146,24,high,0.0190530658174419,0.0186399328878877
4301,134608,1,Public,1,Indian River State College,21,12,,21577.0,0.9122626988,1.0,23.0,1,,69612.99999999997,57135.137,Criminal Justice and Corrections.,69,12477.86328124997,19,high,0.2183921138173301,0.2149851656827362
4301,134608,3,Public,2,Indian River State College,21,12,,21577.0,0.9122626988,1.0,23.0,1,,51744.99999999999,45343.414,Criminal Justice and Corrections.,44,6401.585937499985,10,medium,0.1411800604311848,0.1374655491312989
4301,134608,3,Public,3,Indian River State College,21,12,,21577.0,0.9122626988,1.0,23.0,1,,48072.99999999996,53706.625,Criminal Justice and Corrections.,104,-5633.625000000036,23,high,-0.1048962767628767,-0.1038832214179996
4302,134608,1,Public,1,Indian River State College,21,12,,21577.0,0.9122626988,1.0,23.0,1,,62175.99999999999,63228.484,Fire Protection.,27,-1052.4843750000146,6,medium,-0.0166457315148954,-0.015880747831503
4302,134608,1,Public,2,Indian River State College,21,12,,21577.0,0.9122626988,1.0,23.0,1,,54149.99999999996,50144.168,Fire Protection.,20,4005.832031249964,2,low,0.0798862997137854,0.0747600167516513
4400,134608,1,Public,3,Indian River State College,21,12,,21577.0,0.9122626988,1.0,23.0,1,,44549.000000000015,44312.805,"Human Services, General.",136,236.19531250001452,5,low,0.0053301819680721,0.0052925671033183
4404,134608,3,Public,3,Indian River State College,21,12,,21577.0,0.9122626988,1.0,23.0,1,,56031.99999999999,53440.484,Public Administration.,30,2591.515624999985,7,medium,0.0484934905682165,0.0465150498070626
5106,134608,1,Public,2,Indian River State College,21,12,,21577.0,0.9122626988,1.0,23.0,1,,52711.99999999997,62279.387,Dental Support Services and Allied Professions.,29,-9567.38671875003,10,medium,-0.153620438845292,-0.147107658071627
5107,134608,3,Public,3,Indian River State College,21,12,,21577.0,0.9122626988,1.0,23.0,1,,51404.00000000003,49867.72,Health and Medical Administrative Services.,51,1536.281250000029,18,high,0.0308071291109547,0.0301239080462123
5108,134608,1,Public,2,Indian River State College,21,12,,21577.0,0.9122626988,1.0,23.0,1,,47969.00000000001,46714.773,Allied Health and Medical Assisting Services.,25,1254.2265625000073,22,high,0.026848606344587,0.0255033659759562
5109,134608,1,Public,1,Indian River State College,21,12,,21577.0,0.9122626988,1.0,23.0,1,,65173.99999999997,56503.645,"Allied Health Diagnostic, Intervention, and Treatment Professions.",21,8670.35546874997,22,high,0.153447720774095,0.1441154799197296
5109,134608,1,Public,2,Indian River State College,21,12,,21577.0,0.9122626988,1.0,23.0,1,,66377.00000000004,64201.277,"Allied Health Diagnostic, Intervention, and Treatment Professions.",46,2175.722656250044,39,high,0.0338890867326621,0.0330420984787792
5109,134608,0,Public,99,Indian River State College,21,12,,21577.0,0.9122626988,1.0,23.0,1,,56189.0,59790.434,"Allied Health Diagnostic, Intervention, and Treatment Professions.",55,-3601.43359375,4,low,-0.0602342779150955,-0.0590105696614254
5115,134608,1,Public,2,Indian River State College,21,12,,21577.0,0.9122626988,1.0,23.0,1,,40425.00000000001,37929.76,Mental and Social Health Services and Allied Professions.,21,2495.2382812500077,4,low,0.0657857621081896,0.0617848647753095
5138,134608,1,Public,2,Indian River State College,21,12,,21577.0,0.9122626988,1.0,23.0,1,,68287.00000000003,82834.37,"Registered Nursing, Nursing Administration, Nursing Research and Clinical Nursing.",166,-14547.36718749997,58,high,-0.1756199471479178,-0.174638082613922
5138,134608,3,Public,3,Indian River State College,21,12,,21577.0,0.9122626988,1.0,23.0,1,,99713.99999999993,85560.62,"Registered Nursing, Nursing Administration, Nursing Research and Clinical Nursing.",92,14153.382812499913,57,high,0.1654193632274038,0.16357546067153
5139,134608,1,Public,1,Indian River State College,21,12,,21577.0,0.9122626988,1.0,23.0,1,,64654.0,53962.605,"Practical Nursing, Vocational Nursing and Nursing Assistants.",26,10691.39453125,47,high,0.1981259881426859,0.1886260378165534
5202,134608,1,Public,1,Indian River State College,21,12,,21577.0,0.9122626988,1.0,23.0,1,,39503.00000000001,49685.336,"Business Administration, Management and Operations.",61,-10182.335937499993,5,low,-0.2049364414141935,-0.201245495353932
5202,134608,1,Public,2,Indian River State College,21,12,,21577.0,0.9122626988,1.0,23.0,1,,37921.00000000003,44412.65,"Business Administration, Management and Operations.",42,-6491.648437499971,26,high,-0.1461666589560716,-0.1421088766026277
5202,134608,1,Public,3,Indian River State College,21,12,,21577.0,0.9122626988,1.0,23.0,1,,50328.00000000005,50578.875,"Business Administration, Management and Operations.",240,-250.87499999995637,58,high,-0.0049600747347574,-0.0049420294460746
5203,134608,1,Public,3,Indian River State College,21,12,,21577.0,0.9122626988,1.0,23.0,1,,61675.000000000015,55259.312,Accounting and Related Services.,60,6415.687500000015,24,high,0.1161014715845408,0.1139698256179777
5207,134608,2,Public,1,Indian River State College,21,12,,21577.0,0.9122626988,1.0,23.0,1,,41563.99999999997,42207.867,Entrepreneurial and Small Business Operations.,37,-643.8671875000291,4,low,-0.0152546724201859,-0.0147647290325161
1204,134714,1,"Private, for-profit",1,International Academy,21,-2,,12561.0,0.9179104478,1.0,29.0,1,,17842.000000000007,21910.607,Cosmetology and Related Personal Grooming Services.,58,-4068.6074218749927,80,high,-0.1856912199436788,-0.1821446825166235
3105,134945,1,"Private, nonprofit",5,Jacksonville University,11,14,0.5694,46900.0,0.5307591623,2.0,26.0,1,mid,55053.99999999996,75609.945,"Sports, Kinesiology, and Physical Education/Fitness.",32,-20555.945312500044,6,medium,-0.2718682737772288,-0.2615607950182262
4501,134945,1,"Private, nonprofit",3,Jacksonville University,11,14,0.5694,46900.0,0.5307591623,2.0,26.0,1,mid,48760.99999999999,52682.562,"Social Sciences, General.",24,-3921.562500000015,5,low,-0.0744375807460013,-0.0705337977000046
4511,134945,1,"Private, nonprofit",3,Jacksonville University,11,14,0.5694,46900.0,0.5307591623,2.0,26.0,1,mid,53457.00000000004,51126.35,Sociology.,22,2330.6484375000364,12,medium,0.0455860503687791,0.0429525482340053
5009,134945,1,"Private, nonprofit",3,Jacksonville University,11,14,0.5694,46900.0,0.5307591623,2.0,26.0,1,mid,40009.00000000003,43427.46,Music.,27,-3418.460937499971,10,medium,-0.0787165738844312,-0.0750990161591812
5102,134945,1,"Private, nonprofit",5,Jacksonville University,11,14,0.5694,46900.0,0.5307591623,2.0,26.0,1,mid,65546.00000000003,63307.098,Communication Disorders Sciences and Services.,55,2238.902343750029,8,medium,0.035365739808623,0.0346472560947158
5107,134945,1,"Private, nonprofit",5,Jacksonville University,11,14,0.5694,46900.0,0.5307591623,2.0,26.0,1,mid,116255.99999999994,78021.22,Health and Medical Administrative Services.,27,38234.78124999994,12,medium,0.4900561906436503,0.4675348019349355
5138,134945,2,"Private, nonprofit",3,Jacksonville University,11,14,0.5694,46900.0,0.5307591623,2.0,26.0,1,mid,89190.99999999997,88355.6,"Registered Nursing, Nursing Administration, Nursing Research and Clinical Nursing.",347,835.3984374999709,57,high,0.0094549572718265,0.0094325340741233
5138,134945,2,"Private, nonprofit",5,Jacksonville University,11,14,0.5694,46900.0,0.5307591623,2.0,26.0,1,mid,114294.99999999994,117944.23,"Registered Nursing, Nursing Administration, Nursing Research and Clinical Nursing.",180,-3649.226562500058,18,high,-0.0309402729481318,-0.0307828888027795
5202,134945,2,"Private, nonprofit",5,Jacksonville University,11,14,0.5694,46900.0,0.5307591623,2.0,26.0,1,mid,101213.0,86217.29,"Business Administration, Management and Operations.",54,14995.710937500016,35,high,0.1739292791568688,0.1703196208878234
5208,134945,1,"Private, nonprofit",3,Jacksonville University,11,14,0.5694,46900.0,0.5307591623,2.0,26.0,1,mid,70456.00000000001,65900.38,Finance and Financial Management Services.,23,4555.617187500015,15,medium,0.0691288425510618,0.0653274734639249
5213,134945,1,"Private, nonprofit",3,Jacksonville University,11,14,0.5694,46900.0,0.5307591623,2.0,26.0,1,mid,61659.99999999997,70911.81,Management Sciences and Quantitative Methods.,24,-9251.81250000003,3,low,-0.1304692712515285,-0.1236269783662558
1101,135081,2,"Private, nonprofit",2,Keiser University-Ft Lauderdale,12,15,0.9697,21659.0,0.7867955286,2.0,28.0,1,open,51977.00000000004,46818.02,"Computer and Information Sciences, General.",248,5158.980468750036,8,medium,0.1101921977991087,0.1098063071662283
1109,135081,2,"Private, nonprofit",3,Keiser University-Ft Lauderdale,12,15,0.9697,21659.0,0.7867955286,2.0,28.0,1,open,56990.99999999996,57098.53,Computer Systems Networking and Telecommunications.,29,-107.53125000003638,3,low,-0.0018832577239022,-0.0018034164945171
1205,135081,1,"Private, nonprofit",2,Keiser University-Ft Lauderdale,12,15,0.9697,21659.0,0.7867955286,2.0,28.0,1,open,40731.00000000002,40371.137,Culinary Arts and Related Services.,69,359.8632812500218,6,medium,0.0089138753698477,0.008774817642293
1304,135081,2,"Private, nonprofit",5,Keiser University-Ft Lauderdale,12,15,0.9697,21659.0,0.7867955286,2.0,28.0,1,open,67066.00000000004,58224.535,Educational Administration and Supervision.,32,8841.464843750044,20,high,0.1518511881636031,0.1460939776043152
1304,135081,3,"Private, nonprofit",6,Keiser University-Ft Lauderdale,12,15,0.9697,21659.0,0.7867955286,2.0,28.0,1,open,80618.0,66402.69,Educational Administration and Supervision.,21,14215.3125,5,low,0.21407736697404,0.2010578086515589
1409,135081,2,"Private, nonprofit",3,Keiser University-Ft Lauderdale,12,15,0.9697,21659.0,0.7867955286,2.0,28.0,1,open,51222.00000000001,76214.59,Computer Engineering.,23,-24992.593749999996,13,medium,-0.3279239909351349,-0.3098915738416387
2203,135081,2,"Private, nonprofit",2,Keiser University-Ft Lauderdale,12,15,0.9697,21659.0,0.7867955286,2.0,28.0,1,open,47220.00000000002,44214.195,Legal Support Services.,123,3005.804687500022,10,medium,0.0679827975213706,0.0674432424130225
2401,135081,2,"Private, nonprofit",2,Keiser University-Ft Lauderdale,12,15,0.9697,21659.0,0.7867955286,2.0,28.0,1,open,42188.99999999996,42770.78,"Liberal Arts and Sciences, General Studies and Humanities.",236,-581.7812500000364,36,high,-0.0136023058966227,-0.0135518421019054
2601,135081,1,"Private, nonprofit",3,Keiser University-Ft Lauderdale,12,15,0.9697,21659.0,0.7867955286,2.0,28.0,1,open,40047.99999999999,52648.812,"Biology, General.",38,-12600.812500000007,24,high,-0.2393370695682833,-0.2318818144056452
3000,135081,2,"Private, nonprofit",3,Keiser University-Ft Lauderdale,12,15,0.9697,21659.0,0.7867955286,2.0,28.0,1,open,52292.99999999998,47610.93,"Multi-/Interdisciplinary Studies, General.",258,4682.070312499978,7,medium,0.0983402412687864,0.0980113244834831
3103,135081,2,"Private, nonprofit",2,Keiser University-Ft Lauderdale,12,15,0.9697,21659.0,0.7867955286,2.0,28.0,1,open,49048.00000000003,38710.812,"Parks, Recreation, and Leisure Facilities Management.",23,10337.18750000003,1,low,0.2670361801370102,0.2523519608898827
3105,135081,2,"Private, nonprofit",2,Keiser University-Ft Lauderdale,12,15,0.9697,21659.0,0.7867955286,2.0,28.0,1,open,35402.99999999997,37284.316,"Sports, Kinesiology, and Physical Education/Fitness.",100,-1881.316406250029,1,low,-0.0504586535998461,-0.0499484620544197
3105,135081,2,"Private, nonprofit",3,Keiser University-Ft Lauderdale,12,15,0.9697,21659.0,0.7867955286,2.0,28.0,1,open,45187.00000000004,45053.016,"Sports, Kinesiology, and Physical Education/Fitness.",133,133.98437500003638,18,high,0.0029739268979297,0.0029523855516916
4201,135081,2,"Private, nonprofit",3,Keiser University-Ft Lauderdale,12,15,0.9697,21659.0,0.7867955286,2.0,28.0,1,open,41667.99999999997,44768.754,"Psychology, General.",169,-3100.753906250029,29,high,-0.0692615638296143,-0.0688823456753775
4201,135081,2,"Private, nonprofit",5,Keiser University-Ft Lauderdale,12,15,0.9697,21659.0,0.7867955286,2.0,28.0,1,open,49097.99999999996,59702.176,"Psychology, General.",42,-10604.175781250036,4,low,-0.177617911616889,-0.1726870003368331
4228,135081,2,"Private, nonprofit",5,Keiser University-Ft Lauderdale,12,15,0.9697,21659.0,0.7867955286,2.0,28.0,1,open,69452.0,53307.48,"Clinical, Counseling and Applied Psychology.",20,16144.51953125,9,medium,0.3028565482608818,0.2834223227568485
4301,135081,2,"Private, nonprofit",2,Keiser University-Ft Lauderdale,12,15,0.9697,21659.0,0.7867955286,2.0,28.0,1,open,41540.00000000004,45155.914,Criminal Justice and Corrections.,128,-3615.914062499964,10,medium,-0.0800762012589359,-0.0794695991751396
4301,135081,2,"Private, nonprofit",3,Keiser University-Ft Lauderdale,12,15,0.9697,21659.0,0.7867955286,2.0,28.0,1,open,52125.99999999996,52127.863,Criminal Justice and Corrections.,119,-1.86328125003638,23,high,-3.574443939862365e-05,-3.544956460347644e-05
4301,135081,2,"Private, nonprofit",5,Keiser University-Ft Lauderdale,12,15,0.9697,21659.0,0.7867955286,2.0,28.0,1,open,64691.00000000004,61823.906,Criminal Justice and Corrections.,35,2867.0937500000364,10,medium,0.0463751633293154,0.0447878252232052
4303,135081,2,"Private, nonprofit",2,Keiser University-Ft Lauderdale,12,15,0.9697,21659.0,0.7867955286,2.0,28.0,1,open,57706.00000000005,54549.727,Homeland Security.,23,3156.273437500044,1,low,0.0578604813698518,0.0546787552316809
4303,135081,2,"Private, nonprofit",3,Keiser University-Ft Lauderdale,12,15,0.9697,21659.0,0.7867955286,2.0,28.0,1,open,67744.00000000006,58696.25,Homeland Security.,22,9047.750000000058,3,low,0.1541452818536117,0.1452403224297786
4304,135081,1,"Private, nonprofit",2,Keiser University-Ft Lauderdale,12,15,0.9697,21659.0,0.7867955286,2.0,28.0,1,open,40374.000000000015,41706.902,Security Science and Technology.,80,-1332.9023437499854,1,low,-0.0319587950398269,-0.0315393240403485
4304,135081,2,"Private, nonprofit",3,Keiser University-Ft Lauderdale,12,15,0.9697,21659.0,0.7867955286,2.0,28.0,1,open,47846.99999999996,53272.363,Security Science and Technology.,133,-5425.363281250044,4,low,-0.1018419861083876,-0.1011043037242421
5004,135081,1,"Private, nonprofit",2,Keiser University-Ft Lauderdale,12,15,0.9697,21659.0,0.7867955286,2.0,28.0,1,open,29280.000000000004,40748.58,Design and Applied Arts.,51,-11468.578124999996,5,low,-0.2814473204394784,-0.2752055594091985
5100,135081,2,"Private, nonprofit",3,Keiser University-Ft Lauderdale,12,15,0.9697,21659.0,0.7867955286,2.0,28.0,1,open,54184.00000000004,51209.207,"Health Services/Allied Health/Health Sciences, General.",111,2974.7929687500364,15,medium,0.0580909789705334,0.0575711147348114
5107,135081,2,"Private, nonprofit",2,Keiser University-Ft Lauderdale,12,15,0.9697,21659.0,0.7867955286,2.0,28.0,1,open,36127.0,43025.82,Health and Medical Administrative Services.,437,-6898.8203125,15,medium,-0.1603414011027172,-0.1600501240881752
5108,135081,2,"Private, nonprofit",2,Keiser University-Ft Lauderdale,12,15,0.9697,21659.0,0.7867955286,2.0,28.0,1,open,39852.00000000001,44696.06,Allied Health and Medical Assisting Services.,1467,-4844.058593749993,22,high,-0.1083777573718178,-0.1083285009855051
5109,135081,1,"Private, nonprofit",2,Keiser University-Ft Lauderdale,12,15,0.9697,21659.0,0.7867955286,2.0,28.0,1,open,61607.99999999999,69965.59,"Allied Health Diagnostic, Intervention, and Treatment Professions.",828,-8357.593750000015,39,high,-0.1194529096667605,-0.119348774301384
5109,135081,2,"Private, nonprofit",3,Keiser University-Ft Lauderdale,12,15,0.9697,21659.0,0.7867955286,2.0,28.0,1,open,82511.00000000007,61595.62,"Allied Health Diagnostic, Intervention, and Treatment Professions.",28,20915.378906250076,7,medium,0.3395595098297064,0.3245813738145857
5109,135081,0,"Private, nonprofit",5,Keiser University-Ft Lauderdale,12,15,0.9697,21659.0,0.7867955286,2.0,28.0,1,open,125514.0,119057.82,"Allied Health Diagnostic, Intervention, and Treatment Professions.",66,6456.1796875,9,medium,0.0542272626069751,0.0533362895947716
5110,135081,1,"Private, nonprofit",2,Keiser University-Ft Lauderdale,12,15,0.9697,21659.0,0.7867955286,2.0,28.0,1,open,61490.99999999996,46642.434,Clinical/Medical Laboratory Science/Research and Allied Professions.,83,14848.566406249964,4,low,0.3183488780962673,0.3143463962983907
5122,135081,2,"Private, nonprofit",2,Keiser University-Ft Lauderdale,12,15,0.9697,21659.0,0.7867955286,2.0,28.0,1,open,44350.0,41079.414,Public Health.,181,3270.5859375,2,low,0.0796161778871526,0.0792138028361128
5122,135081,2,"Private, nonprofit",3,Keiser University-Ft Lauderdale,12,15,0.9697,21659.0,0.7867955286,2.0,28.0,1,open,52247.00000000004,53148.85,Public Health.,130,-901.8515624999636,12,medium,-0.0169684110942536,-0.016842179406832
5123,135081,0,"Private, nonprofit",3,Keiser University-Ft Lauderdale,12,15,0.9697,21659.0,0.7867955286,2.0,28.0,1,open,56790.99999999996,52675.93,Rehabilitation and Therapeutic Professions.,33,4115.070312499964,1,low,0.0781205065940482,0.0752607224613028
5123,135081,1,"Private, nonprofit",5,Keiser University-Ft Lauderdale,12,15,0.9697,21659.0,0.7867955286,2.0,28.0,1,open,54823.00000000002,65134.18,Rehabilitation and Therapeutic Professions.,69,-10311.179687499978,9,medium,-0.1583067405925864,-0.155837132852965
5131,135081,2,"Private, nonprofit",3,Keiser University-Ft Lauderdale,12,15,0.9697,21659.0,0.7867955286,2.0,28.0,1,open,54825.00000000001,49758.125,Dietetics and Clinical Nutrition Services.,94,5066.875000000007,4,low,0.1018301031238618,0.1007232129377927
5138,135081,1,"Private, nonprofit",2,Keiser University-Ft Lauderdale,12,15,0.9697,21659.0,0.7867955286,2.0,28.0,1,open,81721.00000000001,80572.54,"Registered Nursing, Nursing Administration, Nursing Research and Clinical Nursing.",772,1148.4609375000146,58,high,0.0142537513508064,0.0142402888511908
5138,135081,2,"Private, nonprofit",3,Keiser University-Ft Lauderdale,12,15,0.9697,21659.0,0.7867955286,2.0,28.0,1,open,89772.99999999994,92699.16,"Registered Nursing, Nursing Administration, Nursing Research and Clinical Nursing.",187,-2926.156250000058,57,high,-0.0315661584028717,-0.0314125798634352
5138,135081,1,"Private, nonprofit",5,Keiser University-Ft Lauderdale,12,15,0.9697,21659.0,0.7867955286,2.0,28.0,1,open,124555.00000000004,116398.94,"Registered Nursing, Nursing Administration, Nursing Research and Clinical Nursing.",174,8156.062500000029,18,high,0.0700699050624927,0.0696990974041958
5202,135081,2,"Private, nonprofit",2,Keiser University-Ft Lauderdale,12,15,0.9697,21659.0,0.7867955286,2.0,28.0,1,open,45827.99999999997,45291.59,"Business Administration, Management and Operations.",24,536.4101562499709,26,high,0.0118434826002027,0.0112223664097398
5202,135081,2,"Private, nonprofit",3,Keiser University-Ft Lauderdale,12,15,0.9697,21659.0,0.7867955286,2.0,28.0,1,open,52190.0,56703.215,"Business Administration, Management and Operations.",335,-4513.21484375,58,high,-0.0795936324983778,-0.0793970169195358
5202,135081,2,"Private, nonprofit",5,Keiser University-Ft Lauderdale,12,15,0.9697,21659.0,0.7867955286,2.0,28.0,1,open,63874.99999999996,74027.195,"Business Administration, Management and Operations.",213,-10152.195312500036,35,high,-0.137141428493182,-0.13656813303664
5203,135081,2,"Private, nonprofit",2,Keiser University-Ft Lauderdale,12,15,0.9697,21659.0,0.7867955286,2.0,28.0,1,open,49543.00000000005,46288.51,Accounting and Related Services.,77,3254.488281250044,8,medium,0.0703087690748059,0.0693437960450828
5203,135081,2,"Private, nonprofit",3,Keiser University-Ft Lauderdale,12,15,0.9697,21659.0,0.7867955286,2.0,28.0,1,open,59333.99999999996,61831.98,Accounting and Related Services.,94,-2497.9804687500364,24,high,-0.0403994898725995,-0.039960348621728
5203,135081,2,"Private, nonprofit",5,Keiser University-Ft Lauderdale,12,15,0.9697,21659.0,0.7867955286,2.0,28.0,1,open,90616.00000000007,65593.52,Accounting and Related Services.,20,25022.476562500076,19,high,0.3814778540802498,0.3569985199414875
1204,135142,1,"Private, for-profit",1,La Belle Beauty School,21,-2,,0.0,,1.0,33.0,1,,17594.0,19180.959,Cosmetology and Related Personal Grooming Services.,130,-1586.958984375,80,high,-0.0827361648428398,-0.0821206725824927
301,135160,3,Public,1,Florida Gateway College,32,9,,21618.0,0.9306451613,1.0,26.0,1,,23946.99999999998,30965.045,Natural Resources Conservation and Research.,22,-7018.044921875018,1,low,-0.2266441059453196,-0.2135508958072973
1204,135160,1,Public,1,Florida Gateway College,32,9,,21618.0,0.9306451613,1.0,26.0,1,,19860.00000000001,29297.076,Cosmetology and Related Personal Grooming Services.,30,-9437.076171874987,80,high,-0.32211665479897,-0.3089749173774427
2401,135160,3,Public,2,Florida Gateway College,32,9,,21618.0,0.9306451613,1.0,26.0,1,,44252.99999999997,35529.035,"Liberal Arts and Sciences, General Studies and Humanities.",188,8723.96484374997,36,high,0.2455446596110369,0.2443574212793932
4301,135160,1,Public,1,Florida Gateway College,32,9,,21618.0,0.9306451613,1.0,26.0,1,,50714.00000000002,44810.57,Criminal Justice and Corrections.,66,5903.429687500022,19,high,0.1317419003224167,0.1295773345280044
5109,135160,1,Public,1,Florida Gateway College,32,9,,21618.0,0.9306451613,1.0,26.0,1,,48253.99999999996,56129.523,"Allied Health Diagnostic, Intervention, and Treatment Professions.",25,-7875.523437500044,22,high,-0.1403098219116256,-0.1332796455915438
5138,135160,1,Public,2,Florida Gateway College,32,9,,21618.0,0.9306451613,1.0,26.0,1,,75046.0,70774.125,"Registered Nursing, Nursing Administration, Nursing Research and Clinical Nursing.",117,4271.875,58,high,0.0603592767837115,0.0598513713948143
5138,135160,3,Public,3,Florida Gateway College,32,9,,21618.0,0.9306451613,1.0,26.0,1,,88907.00000000001,82567.16,"Registered Nursing, Nursing Administration, Nursing Research and Clinical Nursing.",26,6339.843750000015,57,high,0.076784087498472,0.0731023644498654
1204,135179,1,Public,1,Lake Technical College,22,-2,,17933.0,,1.0,27.0,1,,25223.000000000025,27487.562,Cosmetology and Related Personal Grooming Services.,31,-2264.562499999978,80,high,-0.0823849877558251,-0.0791466417399467
4301,135179,1,Public,1,Lake Technical College,22,-2,,17933.0,,1.0,27.0,1,,50581.99999999998,61491.676,Criminal Justice and Corrections.,30,-10909.675781250022,19,high,-0.1774171160997468,-0.1701788404032523
4706,135179,1,Public,1,Lake Technical College,22,-2,,17933.0,,1.0,27.0,1,,44684.99999999996,44072.703,Vehicle Maintenance and Repair Technologies/Technicians.,28,612.2968749999636,24,high,0.013892882251024,0.013280060421642
4805,135179,1,Public,1,Lake Technical College,22,-2,,17933.0,,1.0,27.0,1,,45651.00000000002,45441.418,Precision Metal Working.,26,209.58203125002183,15,medium,0.0046121366941971,0.0043909891814304
5108,135179,1,Public,1,Lake Technical College,22,-2,,17933.0,,1.0,27.0,1,,35860.000000000015,38197.184,Allied Health and Medical Assisting Services.,34,-2337.183593749985,33,high,-0.0611873278042522,-0.0590224462122386
5139,135179,1,Public,1,Lake Technical College,22,-2,,17933.0,,1.0,27.0,1,,54606.00000000005,51370.87,"Practical Nursing, Vocational Nursing and Nursing Assistants.",40,3235.128906250044,47,high,0.0629759402044409,0.0611265815190583
2401,135188,1,Public,2,Lake-Sumter State College,22,9,,25118.0,0.911154345,1.0,23.0,1,,42291.0,47206.285,"Liberal Arts and Sciences, General Studies and Humanities.",345,-4915.28515625,36,high,-0.1041235322792441,-0.103874936565088
5138,135188,2,Public,2,Lake-Sumter State College,22,9,,25118.0,0.911154345,1.0,23.0,1,,80297.00000000004,74738.68,"Registered Nursing, Nursing Administration, Nursing Research and Clinical Nursing.",62,5558.320312500044,58,high,0.0743700629411797,0.0730557725717477
1204,135267,1,Public,1,Fort Myers Technical College,13,-2,,19016.0,,1.0,26.0,1,,35118.000000000015,27023.549,Cosmetology and Related Personal Grooming Services.,21,8094.451171875015,80,high,0.2995332412984427,0.281316507041431
4301,135267,1,Public,1,Fort Myers Technical College,13,-2,,19016.0,,1.0,26.0,1,,73378.99999999999,56279.867,Criminal Justice and Corrections.,28,17099.132812499985,19,high,0.3038232616209474,0.2904214689884913
4702,135267,1,Public,1,Fort Myers Technical College,13,-2,,19016.0,,1.0,26.0,1,,64718.99999999996,51362.883,"Heating, Air Conditioning, Ventilation and Refrigeration Maintenance Technology/Technician (HAC, HACR, HVAC, HVACR).",22,13356.117187499964,13,medium,0.2600344150513595,0.2450122496825121
4706,135267,1,Public,1,Fort Myers Technical College,13,-2,,19016.0,,1.0,26.0,1,,44254.99999999996,43548.36,Vehicle Maintenance and Repair Technologies/Technicians.,57,706.6406249999636,24,high,0.0162265728294147,0.0159103259047977
4805,135267,1,Public,1,Fort Myers Technical College,13,-2,,19016.0,,1.0,26.0,1,,46510.99999999996,40853.09,Precision Metal Working.,25,5657.910156249964,15,medium,0.1384940570686246,0.1315548590337988
5139,135267,1,Public,1,Fort Myers Technical College,13,-2,,19016.0,,1.0,26.0,1,,53839.00000000002,49992.566,"Practical Nursing, Vocational Nursing and Nursing Assistants.",23,3846.433593750022,47,high,0.0769401107055217,0.072709202916478
1204,135276,1,Public,1,Lively Technical College,12,-2,,12177.0,,1.0,26.0,1,,28854.000000000007,22869.307,Cosmetology and Related Personal Grooming Services.,36,5984.693359375007,80,high,0.2616910715055876,0.2530180660033942
4805,135276,1,Public,1,Lively Technical College,12,-2,,12177.0,,1.0,26.0,1,,49469.99999999999,43131.938,Precision Metal Working.,26,6338.062499999985,15,medium,0.1469459260901503,0.1399000104504585
5139,135276,1,Public,1,Lively Technical College,12,-2,,12177.0,,1.0,26.0,1,,54385.0,48929.684,"Practical Nursing, Vocational Nursing and Nursing Assistants.",28,5455.31640625,47,high,0.1114929835137301,0.1065749734935196
1204,135337,1,"Private, for-profit",1,Loraines Academy & Spa,11,-2,,10398.0,0.8658536585,1.0,29.0,1,,21355.999999999996,19048.816,Cosmetology and Related Personal Grooming Services.,60,2307.1835937499927,80,high,0.1211195249376751,0.1188957465196949
2401,135391,1,Public,2,State College of Florida-Manatee-Sarasota,21,12,,23855.0,0.8640541848,1.0,24.0,1,,46790.99999999999,46524.22,"Liberal Arts and Sciences, General Studies and Humanities.",185,266.7812499999927,36,high,0.0057342445970679,0.005705993728768
5138,135391,1,Public,2,State College of Florida-Manatee-Sarasota,21,12,,23855.0,0.8640541848,1.0,24.0,1,,85535.00000000001,77265.88,"Registered Nursing, Nursing Administration, Nursing Research and Clinical Nursing.",27,8269.117187500015,58,high,0.1070215842555835,0.1021032203102638
5138,135391,3,Public,3,State College of Florida-Manatee-Sarasota,21,12,,23855.0,0.8640541848,1.0,24.0,1,,84645.99999999997,90260.12,"Registered Nursing, Nursing Administration, Nursing Research and Clinical Nursing.",39,-5614.117187500029,57,high,-0.0621993119711739,-0.0603187923068965
1003,135407,1,Public,1,Manatee Technical College,21,-2,,18827.0,,1.0,26.0,1,,37275.99999999999,31830.504,Graphic Communications.,20,5445.496093749993,1,low,0.1710779103525519,0.1600998855825993
1204,135407,1,Public,1,Manatee Technical College,21,-2,,18827.0,,1.0,26.0,1,,31648.0,25631.686,Cosmetology and Related Personal Grooming Services.,51,6016.314453124996,80,high,0.2347217642836017,0.2295162531457582
4301,135407,1,Public,1,Manatee Technical College,21,-2,,18827.0,,1.0,26.0,1,,74620.00000000001,63240.3,Criminal Justice and Corrections.,27,11379.699218750016,19,high,0.1799437870814801,0.171674155859686
4706,135407,1,Public,1,Manatee Technical College,21,-2,,18827.0,,1.0,26.0,1,,53177.000000000015,49791.305,Vehicle Maintenance and Repair Technologies/Technicians.,25,3385.6953125000146,24,high,0.0679977223683794,0.064590719415195
4805,135407,1,Public,1,Manatee Technical College,21,-2,,18827.0,,1.0,26.0,1,,46580.99999999999,46729.43,Precision Metal Working.,26,-148.42968750000728,15,medium,-0.0031763641990202,-0.0030240605946759
5106,135407,1,Public,1,Manatee Technical College,21,-2,,18827.0,,1.0,26.0,1,,35280.000000000015,40718.55,Dental Support Services and Allied Professions.,22,-5438.550781249985,17,high,-0.1335644485597537,-0.1258484420716616
5109,135407,1,Public,1,Manatee Technical College,21,-2,,18827.0,,1.0,26.0,1,,60814.99999999996,55993.402,"Allied Health Diagnostic, Intervention, and Treatment Professions.",34,4821.597656249956,22,high,0.0861101032341204,0.0830634237325361
5139,135407,1,Public,1,Manatee Technical College,21,-2,,18827.0,,1.0,26.0,1,,58062.00000000003,54467.277,"Practical Nursing, Vocational Nursing and Nursing Assistants.",20,3594.722656250029,47,high,0.0659978400161857,0.061762775880974
1204,135522,1,Public,1,Traviss Technical College,41,-2,,16669.0,,1.0,26.0,1,,27247.99999999999,26587.746,Cosmetology and Related Personal Grooming Services.,33,660.2539062499891,80,high,0.0248330153267559,0.023923944632057
5139,135522,1,Public,1,Traviss Technical College,41,-2,,16669.0,,1.0,26.0,1,,43766.00000000001,47949.586,"Practical Nursing, Vocational Nursing and Nursing Assistants.",23,-4183.585937499993,47,high,-0.0872496780880047,-0.0824518510608647
183,135717,1,Public,2,Miami Dade College,11,15,,18391.0,0.9677276583,1.0,22.0,1,,48840.99999999996,46343.062,Veterinary/Animal Health Technologies/Technicians.,20,2497.937499999964,4,low,0.0539010019029269,0.0504421887060847
1003,135717,1,Public,2,Miami Dade College,11,15,,18391.0,0.9677276583,1.0,22.0,1,,24972.0,49006.04,Graphic Communications.,23,-24034.0390625,1,low,-0.4904301494729683,-0.4634615797586786
1101,135717,1,Public,1,Miami Dade College,11,15,,18391.0,0.9677276583,1.0,22.0,1,,49239.00000000005,51669.9,"Computer and Information Sciences, General.",56,-2430.8984374999563,2,low,-0.0470467043870886,-0.0461107228462422
1101,135717,1,Public,2,Miami Dade College,11,15,,18391.0,0.9677276583,1.0,22.0,1,,56697.99999999996,48918.156,"Computer and Information Sciences, General.",27,7779.843749999956,8,medium,0.1590379594488489,0.1517290920728772
1101,135717,2,Public,3,Miami Dade College,11,15,,18391.0,0.9677276583,1.0,22.0,1,,62359.99999999997,68612.336,"Computer and Information Sciences, General.",72,-6252.335937500029,19,high,-0.0911255367139135,-0.0897728513798891
1110,135717,1,Public,1,Miami Dade College,11,15,,18391.0,0.9677276583,1.0,22.0,1,,48246.00000000001,55875.19,Computer/Information Technology Administration and Management.,118,-7629.191406249993,3,low,-0.1365398706338323,-0.1354023083570098
1205,135717,1,Public,1,Miami Dade College,11,15,,18391.0,0.9677276583,1.0,22.0,1,,50344.00000000001,34271.0,Culinary Arts and Related Services.,52,16073.000000000007,6,medium,0.4689971112602494,0.4588277163511084
1205,135717,1,Public,2,Miami Dade College,11,15,,18391.0,0.9677276583,1.0,22.0,1,,44370.99999999999,46860.86,Culinary Arts and Related Services.,22,-2489.8593750000077,6,medium,-0.0531330284635866,-0.0500635380656713
1310,135717,1,Public,3,Miami Dade College,11,15,,18391.0,0.9677276583,1.0,22.0,1,,59174.00000000005,55592.426,Special Education and Teaching.,46,3581.574218750051,6,medium,0.0644255789960155,0.0628153937145503
1312,135717,1,Public,3,Miami Dade College,11,15,,18391.0,0.9677276583,1.0,22.0,1,,55275.99999999998,52328.094,"Teacher Education and Professional Development, Specific Levels and Methods.",45,2947.906249999978,24,high,0.0563350590236239,0.054890844060341
1907,135717,1,Public,1,Miami Dade College,11,15,,18391.0,0.9677276583,1.0,22.0,1,,36707.99999999999,41516.94,"Human Development, Family Studies, and Related Services.",26,-4808.941406250015,2,low,-0.11583082094593,-0.1102768446324895
2203,135717,1,Public,2,Miami Dade College,11,15,,18391.0,0.9677276583,1.0,22.0,1,,56521.00000000002,50653.89,Legal Support Services.,37,5867.109375000022,10,medium,0.1158274182418741,0.1121073201555079
2401,135717,1,Public,2,Miami Dade College,11,15,,18391.0,0.9677276583,1.0,22.0,1,,45752.99999999999,48085.5,"Liberal Arts and Sciences, General Studies and Humanities.",6114,-2332.5000000000146,36,high,-0.0485073462894222,-0.0485029127689377
2601,135717,1,Public,3,Miami Dade College,11,15,,18391.0,0.9677276583,1.0,22.0,1,,50454.00000000004,45894.14,"Biology, General.",26,4559.859375000036,24,high,0.0993560248193455,0.094591999114116
4301,135717,1,Public,1,Miami Dade College,11,15,,18391.0,0.9677276583,1.0,22.0,1,,60899.00000000005,69106.03,Criminal Justice and Corrections.,79,-8207.031249999949,19,high,-0.1187599852219837,-0.1171781360986786
4304,135717,1,Public,1,Miami Dade College,11,15,,18391.0,0.9677276583,1.0,22.0,1,,47662.000000000015,45701.79,Security Science and Technology.,28,1960.2109375000143,1,low,0.0428913392169244,0.0409993812712201
4399,135717,1,Public,3,Miami Dade College,11,15,,18391.0,0.9677276583,1.0,22.0,1,,60067.00000000004,52606.8,"Homeland Security, Law Enforcement, Firefighting and Related Protective Services, Other.",115,7460.199218750036,4,low,0.1418105474569931,0.1405929444129093
4901,135717,1,Public,2,Miami Dade College,11,15,,18391.0,0.9677276583,1.0,22.0,1,,78725.99999999996,72601.82,Air Transportation.,23,6124.179687499956,5,low,0.0843529771173732,0.0797144385886094
5006,135717,1,Public,2,Miami Dade College,11,15,,18391.0,0.9677276583,1.0,22.0,1,,32201.99999999998,32329.879,Film/Video and Photographic Arts.,65,-127.8789062500182,4,low,-0.0039554403102108,-0.0038892837998277
5006,135717,1,Public,3,Miami Dade College,11,15,,18391.0,0.9677276583,1.0,22.0,1,,35402.000000000015,39781.34,Film/Video and Photographic Arts.,45,-4379.339843749985,7,medium,-0.110085277694286,-0.1072631131658602
5009,135717,1,Public,2,Miami Dade College,11,15,,18391.0,0.9677276583,1.0,22.0,1,,37546.00000000001,42810.527,Music.,24,-5264.527343749993,3,low,-0.1229727282142104,-0.1165235818729197
5106,135717,1,Public,2,Miami Dade College,11,15,,18391.0,0.9677276583,1.0,22.0,1,,50007.99999999996,64973.8,Dental Support Services and Allied Professions.,51,-14965.800781250044,10,medium,-0.2303359292714925,-0.2252276844143193
5107,135717,1,Public,1,Miami Dade College,11,15,,18391.0,0.9677276583,1.0,22.0,1,,43499.99999999999,65412.684,Health and Medical Administrative Services.,20,-21912.68359375001,25,high,-0.3349913562611228,-0.3134950485310597
5107,135717,1,Public,2,Miami Dade College,11,15,,18391.0,0.9677276583,1.0,22.0,1,,103137.0,47590.098,Health and Medical Administrative Services.,54,55546.90234374999,15,medium,1.1671945442300435,1.1429710583478032
5108,135717,1,Public,1,Miami Dade College,11,15,,18391.0,0.9677276583,1.0,22.0,1,,37473.99999999999,39909.89,Allied Health and Medical Assisting Services.,28,-2435.8906250000077,33,high,-0.0610347607285633,-0.0583424875882785
5108,135717,1,Public,2,Miami Dade College,11,15,,18391.0,0.9677276583,1.0,22.0,1,,38693.00000000002,47949.312,Allied Health and Medical Assisting Services.,67,-9256.312499999978,22,high,-0.1930436958819791,-0.1899270591992802
5109,135717,1,Public,1,Miami Dade College,11,15,,18391.0,0.9677276583,1.0,22.0,1,,66975.00000000001,68817.58,"Allied Health Diagnostic, Intervention, and Treatment Professions.",119,-1842.5781249999852,22,high,-0.0267748179346435,-0.0265539382933227
5109,135717,1,Public,2,Miami Dade College,11,15,,18391.0,0.9677276583,1.0,22.0,1,,83387.99999999993,67818.47,"Allied Health Diagnostic, Intervention, and Treatment Professions.",187,15569.531249999927,39,high,0.2295765672238054,0.2284596104679948
5110,135717,1,Public,1,Miami Dade College,11,15,,18391.0,0.9677276583,1.0,22.0,1,,44655.99999999999,50441.492,Clinical/Medical Laboratory Science/Research and Allied Professions.,35,-5785.492187500015,8,medium,-0.1146970863985211,-0.1107712122273113
5110,135717,1,Public,2,Miami Dade College,11,15,,18391.0,0.9677276583,1.0,22.0,1,,79084.00000000003,48905.383,Clinical/Medical Laboratory Science/Research and Allied Professions.,40,30178.61718750003,4,low,0.6170817086373263,0.5989604163826262
5135,135717,1,Public,1,Miami Dade College,11,15,,18391.0,0.9677276583,1.0,22.0,1,,36484.000000000015,35554.016,Somatic Bodywork and Related Therapeutic Services.,24,929.9843750000146,25,high,0.0261569434183994,0.0247851762111836
5138,135717,1,Public,2,Miami Dade College,11,15,,18391.0,0.9677276583,1.0,22.0,1,,88130.00000000004,74940.32,"Registered Nursing, Nursing Administration, Nursing Research and Clinical Nursing.",485,13189.679687500044,58,high,0.1760024461131108,0.1757189280718609
5138,135717,1,Public,3,Miami Dade College,11,15,,18391.0,0.9677276583,1.0,22.0,1,,106415.00000000004,92924.86,"Registered Nursing, Nursing Administration, Nursing Research and Clinical Nursing.",183,13490.140625000044,57,high,0.1451725697055976,0.1444482226711891
5202,135717,1,Public,1,Miami Dade College,11,15,,18391.0,0.9677276583,1.0,22.0,1,,47193.99999999998,49358.473,"Business Administration, Management and Operations.",1098,-2164.472656250022,5,low,-0.0438520995437638,-0.0438243971574416
5202,135717,1,Public,2,Miami Dade College,11,15,,18391.0,0.9677276583,1.0,22.0,1,,48022.99999999996,46035.906,"Business Administration, Management and Operations.",33,1987.093749999964,26,high,0.0431639976675806,0.0415838784259447
5202,135717,1,Public,3,Miami Dade College,11,15,,18391.0,0.9677276583,1.0,22.0,1,,57224.99999999998,54165.7,"Business Administration, Management and Operations.",321,3059.300781249978,58,high,0.0564804078111294,0.0563338125019172
5203,135717,2,Public,2,Miami Dade College,11,15,,18391.0,0.9677276583,1.0,22.0,1,,27076.99999999999,48340.453,Accounting and Related Services.,22,-21263.45312500001,8,medium,-0.4398687176145499,-0.414457540346789
5213,135717,1,Public,1,Miami Dade College,11,15,,18391.0,0.9677276583,1.0,22.0,1,,84483.00000000004,54270.875,Management Sciences and Quantitative Methods.,36,30212.125000000044,1,low,0.5566913192389111,0.538241370423293
302,135726,1,"Private, nonprofit",5,University of Miami,21,16,0.189,54690.0,0.4559891107,2.0,20.0,1,elite,58938.00000000001,84136.81,Environmental/Natural Resources Management and Policy.,26,-25198.812499999996,1,low,-0.2994980645362574,-0.2851374207734705
402,135726,0,"Private, nonprofit",3,University of Miami,21,16,0.189,54690.0,0.4559891107,2.0,20.0,1,elite,75633.00000000001,74713.95,Architecture.,34,919.0468750000146,4,low,0.0123008733517607,0.0118656535890982
904,135726,1,"Private, nonprofit",3,University of Miami,21,16,0.189,54690.0,0.4559891107,2.0,20.0,1,elite,71466.0,70224.43,Journalism.,23,1241.5703125,6,medium,0.0176800341138405,0.0167078156785292
907,135726,1,"Private, nonprofit",3,University of Miami,21,16,0.189,54690.0,0.4559891107,2.0,20.0,1,elite,62052.99999999996,57583.973,"Radio, Television, and Digital Communication.",40,4469.027343749956,7,medium,0.0776088751366288,0.0753298040051655
909,135726,1,"Private, nonprofit",3,University of Miami,21,16,0.189,54690.0,0.4559891107,2.0,20.0,1,elite,82999.00000000004,70024.875,"Public Relations, Advertising, and Applied Communication.",95,12974.125000000044,11,medium,0.18527880271118,0.1832896000231652
1107,135726,1,"Private, nonprofit",3,University of Miami,21,16,0.189,54690.0,0.4559891107,2.0,20.0,1,elite,121589.0,96530.414,Computer Science.,43,25058.58593750001,5,low,0.2595926494345655,0.2525789670010273
1110,135726,1,"Private, nonprofit",3,University of Miami,21,16,0.189,54690.0,0.4559891107,2.0,20.0,1,elite,102483.99999999996,93199.016,Computer/Information Technology Administration and Management.,28,9284.984374999956,9,medium,0.0996253481083905,0.0952308252889013
1405,135726,1,"Private, nonprofit",3,University of Miami,21,16,0.189,54690.0,0.4559891107,2.0,20.0,1,elite,98997.00000000004,85215.016,Biomedical/Medical Engineering.,35,13781.98437500003,5,low,0.1617318764060254,0.1561960862985281
1419,135726,1,"Private, nonprofit",3,University of Miami,21,16,0.189,54690.0,0.4559891107,2.0,20.0,1,elite,86156.00000000006,94499.09,Mechanical Engineering.,24,-8343.093749999942,12,medium,-0.0882875530221679,-0.0836574260190278
1435,135726,1,"Private, nonprofit",3,University of Miami,21,16,0.189,54690.0,0.4559891107,2.0,20.0,1,elite,99068.00000000004,84090.69,Industrial Engineering.,35,14977.312500000044,4,low,0.1781090504224982,0.1720126992189214
2201,135726,1,"Private, nonprofit",7,University of Miami,21,16,0.189,54690.0,0.4559891107,2.0,20.0,1,elite,117811.0,105014.46,Law.,402,12796.5390625,8,medium,0.1218550183304367,0.1216112524587854
2202,135726,2,"Private, nonprofit",5,University of Miami,21,16,0.189,54690.0,0.4559891107,2.0,20.0,1,elite,108073.00000000007,102200.41,Legal Research and Advanced Professional Studies.,79,5872.593750000073,3,low,0.0574615499632622,0.056696178510384
2401,135726,1,"Private, nonprofit",3,University of Miami,21,16,0.189,54690.0,0.4559891107,2.0,20.0,1,elite,55625.000000000015,63078.812,"Liberal Arts and Sciences, General Studies and Humanities.",25,-7453.812499999985,12,medium,-0.1181666585749372,-0.1122459579880605
2601,135726,1,"Private, nonprofit",3,University of Miami,21,16,0.189,54690.0,0.4559891107,2.0,20.0,1,elite,51225.99999999996,68967.78,"Biology, General.",41,-17741.781250000044,24,high,-0.2572473831757498,-0.2499047573596458
2609,135726,1,"Private, nonprofit",3,University of Miami,21,16,0.189,54690.0,0.4559891107,2.0,20.0,1,elite,47683.00000000001,69618.69,"Physiology, Pathology and Related Sciences.",23,-21935.687499999996,4,low,-0.3150833244306709,-0.2977570107653095
2609,135726,1,"Private, nonprofit",5,University of Miami,21,16,0.189,54690.0,0.4559891107,2.0,20.0,1,elite,78494.0,65758.76,"Physiology, Pathology and Related Sciences.",23,12735.2421875,3,low,0.1936661003210004,0.1830164742052035
2613,135726,1,"Private, nonprofit",3,University of Miami,21,16,0.189,54690.0,0.4559891107,2.0,20.0,1,elite,42932.00000000003,65232.523,"Ecology, Evolution, Systematics, and Population Biology.",22,-22300.52343749997,4,low,-0.3418620384794151,-0.322112698476267
2613,135726,1,"Private, nonprofit",5,University of Miami,21,16,0.189,54690.0,0.4559891107,2.0,20.0,1,elite,73546.99999999999,60540.125,"Ecology, Evolution, Systematics, and Population Biology.",67,13006.874999999984,2,low,0.2148471778014991,0.2113785299782631
3105,135726,1,"Private, nonprofit",3,University of Miami,21,16,0.189,54690.0,0.4559891107,2.0,20.0,1,elite,56288.99999999997,59818.434,"Sports, Kinesiology, and Physical Education/Fitness.",22,-3529.433593750029,18,high,-0.059002440915116,-0.0555938750742543
3105,135726,2,"Private, nonprofit",5,University of Miami,21,16,0.189,54690.0,0.4559891107,2.0,20.0,1,elite,64113.0,78092.17,"Sports, Kinesiology, and Physical Education/Fitness.",110,-13979.171875,6,medium,-0.179008619421881,-0.1773895979956429
4201,135726,1,"Private, nonprofit",3,University of Miami,21,16,0.189,54690.0,0.4559891107,2.0,20.0,1,elite,54290.00000000001,65862.31,"Psychology, General.",87,-11572.312499999993,29,high,-0.175704618631482,-0.1736138166778791
4228,135726,1,"Private, nonprofit",5,University of Miami,21,16,0.189,54690.0,0.4559891107,2.0,20.0,1,elite,62758.99999999996,76374.95,"Clinical, Counseling and Applied Psychology.",23,-13615.953125000036,9,medium,-0.1782777280755291,-0.1684743027696486
4504,135726,1,"Private, nonprofit",3,University of Miami,21,16,0.189,54690.0,0.4559891107,2.0,20.0,1,elite,70460.99999999994,68888.44,Criminology.,32,1572.5624999999418,7,medium,0.0228276697377544,0.0219621928004483
4506,135726,1,"Private, nonprofit",3,University of Miami,21,16,0.189,54690.0,0.4559891107,2.0,20.0,1,elite,92998.0,76511.06,Economics.,69,16486.9375,8,medium,0.2154843621469771,0.2121227753533034
4509,135726,1,"Private, nonprofit",3,University of Miami,21,16,0.189,54690.0,0.4559891107,2.0,20.0,1,elite,84473.99999999999,70558.67,International Relations and National Security Studies.,28,13915.328124999984,6,medium,0.1972164123164341,0.1885170999350164
4510,135726,1,"Private, nonprofit",3,University of Miami,21,16,0.189,54690.0,0.4559891107,2.0,20.0,1,elite,62215.99999999999,69053.336,Political Science and Government.,68,-6837.335937500007,14,medium,-0.0990152878883137,-0.0974441012959024
4511,135726,1,"Private, nonprofit",3,University of Miami,21,16,0.189,54690.0,0.4559891107,2.0,20.0,1,elite,63764.00000000004,66940.72,Sociology.,27,-3176.718749999964,12,medium,-0.0474557012431236,-0.0452747915545075
5005,135726,1,"Private, nonprofit",3,University of Miami,21,16,0.189,54690.0,0.4559891107,2.0,20.0,1,elite,34666.99999999997,55208.85,Drama/Theatre Arts and Stagecraft.,25,-20541.85156250003,11,medium,-0.3720753281608352,-0.3534326192920966
5006,135726,1,"Private, nonprofit",3,University of Miami,21,16,0.189,54690.0,0.4559891107,2.0,20.0,1,elite,52032.00000000001,53861.99,Film/Video and Photographic Arts.,39,-1829.9882812499927,7,medium,-0.0339755055400922,-0.0329482979352634
5009,135726,1,"Private, nonprofit",3,University of Miami,21,16,0.189,54690.0,0.4559891107,2.0,20.0,1,elite,29089.999999999985,62055.7,Music.,44,-32965.699218750015,10,medium,-0.5312275847951368,-0.5172507465609979
5009,135726,1,"Private, nonprofit",5,University of Miami,21,16,0.189,54690.0,0.4559891107,2.0,20.0,1,elite,55826.000000000015,61168.17,Music.,39,-5342.171874999985,4,low,-0.0873358106225074,-0.0846953198507229
5010,135726,2,"Private, nonprofit",5,University of Miami,21,16,0.189,54690.0,0.4559891107,2.0,20.0,1,elite,56105.99999999996,82345.48,"Arts, Entertainment, and Media Management.",20,-26239.476562500044,2,low,-0.3186510984921479,-0.298203340830095
5100,135726,1,"Private, nonprofit",3,University of Miami,21,16,0.189,54690.0,0.4559891107,2.0,20.0,1,elite,66064.0,68723.266,"Health Services/Allied Health/Health Sciences, General.",22,-2659.265625,15,medium,-0.038695274457863,-0.036459851843575
5107,135726,1,"Private, nonprofit",5,University of Miami,21,16,0.189,54690.0,0.4559891107,2.0,20.0,1,elite,207995.00000000015,98332.04,Health and Medical Administrative Services.,28,109662.96093750016,12,medium,1.1152312306652994,1.0660378357590792
5112,135726,1,"Private, nonprofit",7,University of Miami,21,16,0.189,54690.0,0.4559891107,2.0,20.0,1,elite,94677.99999999994,126980.54,Medicine.,249,-32302.53906250006,7,medium,-0.2543896828678661,-0.253502974688896
5115,135726,1,"Private, nonprofit",5,University of Miami,21,16,0.189,54690.0,0.4559891107,2.0,20.0,1,elite,63911.00000000003,66730.695,Mental and Social Health Services and Allied Professions.,24,-2819.695312499971,12,medium,-0.042254846878117,-0.0400388458581907
5123,135726,1,"Private, nonprofit",6,University of Miami,21,16,0.189,54690.0,0.4559891107,2.0,20.0,1,elite,82300.00000000003,89548.56,Rehabilitation and Therapeutic Professions.,85,-7248.562499999971,8,medium,-0.0809456042356902,-0.079955840830215
5138,135726,1,"Private, nonprofit",3,University of Miami,21,16,0.189,54690.0,0.4559891107,2.0,20.0,1,elite,92554.99999999993,83702.164,"Registered Nursing, Nursing Administration, Nursing Research and Clinical Nursing.",229,8852.835937499927,57,high,0.1057659146170887,0.1053595367415008
5138,135726,1,"Private, nonprofit",5,University of Miami,21,16,0.189,54690.0,0.4559891107,2.0,20.0,1,elite,120981.99999999994,121123.266,"Registered Nursing, Nursing Administration, Nursing Research and Clinical Nursing.",236,-141.2656250000582,18,high,-0.0011662963698272,-0.0011619694754731
5138,135726,1,"Private, nonprofit",6,University of Miami,21,16,0.189,54690.0,0.4559891107,2.0,20.0,1,elite,174255.00000000006,117322.61,"Registered Nursing, Nursing Administration, Nursing Research and Clinical Nursing.",74,56932.39062500006,8,medium,0.48526359009819,0.4782870309320319
5202,135726,1,"Private, nonprofit",3,University of Miami,21,16,0.189,54690.0,0.4559891107,2.0,20.0,1,elite,66065.00000000001,80153.47,"Business Administration, Management and Operations.",50,-14088.468749999984,58,high,-0.1757686718954379,-0.171780028732292
5202,135726,2,"Private, nonprofit",5,University of Miami,21,16,0.189,54690.0,0.4559891107,2.0,20.0,1,elite,128051.99999999988,90297.22,"Business Administration, Management and Operations.",195,37754.78124999988,35,high,0.4181167678544903,0.4161794899083917
5203,135726,1,"Private, nonprofit",3,University of Miami,21,16,0.189,54690.0,0.4559891107,2.0,20.0,1,elite,102343.99999999996,81766.09,Accounting and Related Services.,49,20577.90624999996,24,high,0.2516679629201432,0.2458216605967365
5203,135726,0,"Private, nonprofit",5,University of Miami,21,16,0.189,54690.0,0.4559891107,2.0,20.0,1,elite,105675.0,115008.07,Accounting and Related Services.,63,-9333.070312499984,19,high,-0.0811514382176847,-0.0797437922665408
5208,135726,1,"Private, nonprofit",3,University of Miami,21,16,0.189,54690.0,0.4559891107,2.0,20.0,1,elite,110240.0,85698.79,Finance and Financial Management Services.,122,24541.210937499985,15,medium,0.2863659009184146,0.2840713152905177
5208,135726,2,"Private, nonprofit",5,University of Miami,21,16,0.189,54690.0,0.4559891107,2.0,20.0,1,elite,112491.0,102997.26,Finance and Financial Management Services.,43,9493.742187499984,6,medium,0.0921747082313855,0.0896843290417316
5214,135726,1,"Private, nonprofit",3,University of Miami,21,16,0.189,54690.0,0.4559891107,2.0,20.0,1,elite,85934.99999999996,87574.086,Marketing.,78,-1639.0859375000437,17,high,-0.0187165634668437,-0.0184635258624129
1204,136109,1,"Private, for-profit",1,Paul Mitchell the School-Jacksonville,11,-2,,23659.0,0.7439886846,1.0,25.0,1,,31923.000000000004,30151.46,Cosmetology and Related Personal Grooming Services.,363,1771.5390625000036,80,high,0.0587546675158517,0.0586224101750345
2401,136145,1,Public,2,North Florida College,42,6,,17842.0,,1.0,24.0,1,,40261.00000000001,43765.23,"Liberal Arts and Sciences, General Studies and Humanities.",116,-3504.2304687499927,36,high,-0.0800688224697489,-0.0793882685790849
5138,136145,1,Public,2,North Florida College,42,6,,17842.0,,1.0,24.0,1,,70310.0,77766.73,"Registered Nursing, Nursing Administration, Nursing Research and Clinical Nursing.",53,-7456.7265625,58,high,-0.0958858227947544,-0.0938521738716101
901,136172,1,Public,3,University of North Florida,11,15,0.5324,37074.0,0.6143506622,2.0,22.0,1,mid,54359.99999999996,55431.33,Communication and Media Studies.,268,-1071.3281250000437,15,medium,-0.0193271235100871,-0.0192652746944241
1101,136172,1,Public,3,University of North Florida,11,15,0.5324,37074.0,0.6143506622,2.0,22.0,1,mid,84034.0,92379.87,"Computer and Information Sciences, General.",152,-8345.8671875,19,high,-0.0903429225608292,-0.0897830870201603
1304,136172,1,Public,5,University of North Florida,11,15,0.5324,37074.0,0.6143506622,2.0,22.0,1,mid,64988.99999999995,66441.195,Educational Administration and Supervision.,60,-1452.195312500051,20,high,-0.0218568510947129,-0.0214555549884539
1310,136172,1,Public,3,University of North Florida,11,15,0.5324,37074.0,0.6143506622,2.0,22.0,1,mid,59429.000000000015,52306.242,Special Education and Teaching.,21,7122.757812500015,6,medium,0.1361741450851575,0.1278924325014765
1311,136172,1,Public,5,University of North Florida,11,15,0.5324,37074.0,0.6143506622,2.0,22.0,1,mid,60301.99999999996,57489.098,Student Counseling and Personnel Services.,26,2812.902343749964,9,medium,0.0489293180520838,0.046583204372885
1312,136172,1,Public,3,University of North Florida,11,15,0.5324,37074.0,0.6143506622,2.0,22.0,1,mid,49545.00000000003,50978.34,"Teacher Education and Professional Development, Specific Levels and Methods.",104,-1433.339843749971,24,high,-0.0281166442089561,-0.0278451024767335
1312,136172,1,Public,5,University of North Florida,11,15,0.5324,37074.0,0.6143506622,2.0,22.0,1,mid,54129.99999999996,60011.453,"Teacher Education and Professional Development, Specific Levels and Methods.",22,-5881.453125000036,7,medium,-0.0980055109272116,-0.0923437411498682
1408,136172,1,Public,3,University of North Florida,11,15,0.5324,37074.0,0.6143506622,2.0,22.0,1,mid,77498.00000000004,77505.14,Civil Engineering.,34,-7.140624999956344,8,medium,-9.213098566591168e-05,-8.887128006869585e-05
1410,136172,1,Public,3,University of North Florida,11,15,0.5324,37074.0,0.6143506622,2.0,22.0,1,mid,90943.99999999996,91914.9,"Electrical, Electronics, and Communications Engineering.",34,-970.8984375000292,10,medium,-0.0105630148540088,-0.0101892826248981
1419,136172,1,Public,3,University of North Florida,11,15,0.5324,37074.0,0.6143506622,2.0,22.0,1,mid,85994.99999999993,83096.42,Mechanical Engineering.,85,2898.5781249999272,12,medium,0.0348821051447942,0.034455583760412
1510,136172,1,Public,3,University of North Florida,11,15,0.5324,37074.0,0.6143506622,2.0,22.0,1,mid,94692.0,79541.31,Construction Engineering Technology/Technician.,42,15150.687500000016,5,low,0.1904757040563042,0.1851878432253895
2301,136172,1,Public,3,University of North Florida,11,15,0.5324,37074.0,0.6143506622,2.0,22.0,1,mid,42390.00000000004,44005.125,"English Language and Literature, General.",93,-1615.1249999999636,11,medium,-0.0367031112853324,-0.0362991278106265
2601,136172,1,Public,3,University of North Florida,11,15,0.5324,37074.0,0.6143506622,2.0,22.0,1,mid,55828.00000000005,49643.746,"Biology, General.",84,6184.253906250044,24,high,0.1245726681175783,0.1230282350374643
2701,136172,1,Public,3,University of North Florida,11,15,0.5324,37074.0,0.6143506622,2.0,22.0,1,mid,62630.99999999995,66212.34,Mathematics.,20,-3581.343750000051,6,medium,-0.0540887627165448,-0.0506179009573927
3000,136172,1,Public,3,University of North Florida,11,15,0.5324,37074.0,0.6143506622,2.0,22.0,1,mid,49803.99999999996,50559.438,"Multi-/Interdisciplinary Studies, General.",96,-755.4375000000364,7,medium,-0.014941572480905,-0.0147831084539368
3105,136172,1,Public,3,University of North Florida,11,15,0.5324,37074.0,0.6143506622,2.0,22.0,1,mid,51606.00000000004,52735.492,"Sports, Kinesiology, and Physical Education/Fitness.",76,-1129.4921874999636,18,high,-0.0214180647728493,-0.0211195832578923
4301,136172,1,Public,3,University of North Florida,11,15,0.5324,37074.0,0.6143506622,2.0,22.0,1,mid,51654.00000000001,55620.688,Criminal Justice and Corrections.,172,-3966.6874999999927,23,high,-0.071316765007624,-0.0709342322517797
4404,136172,1,Public,5,University of North Florida,11,15,0.5324,37074.0,0.6143506622,2.0,22.0,1,mid,67442.0,70909.58,Public Administration.,20,-3467.578125,10,medium,-0.0489014067872089,-0.0457634163015337
4407,136172,1,Public,3,University of North Florida,11,15,0.5324,37074.0,0.6143506622,2.0,22.0,1,mid,47659.00000000001,51748.105,Social Work.,39,-4089.1054687499927,12,medium,-0.0790194236428491,-0.0766303685984925
4502,136172,1,Public,3,University of North Florida,11,15,0.5324,37074.0,0.6143506622,2.0,22.0,1,mid,48131.99999999996,42336.594,Anthropology.,33,5795.406249999964,7,medium,0.1368888173720863,0.1318776815648745
4506,136172,1,Public,3,University of North Florida,11,15,0.5324,37074.0,0.6143506622,2.0,22.0,1,mid,75014.00000000003,62517.414,Economics.,31,12496.58593750003,8,medium,0.1998896807377049,0.1920325216986008
4510,136172,1,Public,3,University of North Florida,11,15,0.5324,37074.0,0.6143506622,2.0,22.0,1,mid,58718.00000000005,56125.074,Political Science and Government.,92,2592.925781250051,14,medium,0.0461990619583683,0.0456840885794241
4511,136172,1,Public,3,University of North Florida,11,15,0.5324,37074.0,0.6143506622,2.0,22.0,1,mid,44152.000000000015,48148.453,Sociology.,66,-3996.4531249999854,12,medium,-0.0830027314610636,-0.0816389673668482
5007,136172,1,Public,3,University of North Florida,11,15,0.5324,37074.0,0.6143506622,2.0,22.0,1,mid,43803.99999999999,38850.914,Fine and Studio Arts.,79,4953.085937499985,12,medium,0.1274895599504271,0.1257914353821124
5009,136172,1,Public,3,University of North Florida,11,15,0.5324,37074.0,0.6143506622,2.0,22.0,1,mid,33840.99999999998,43169.47,Music.,40,-9328.468750000022,10,medium,-0.2160894961210293,-0.2097437871856159
5100,136172,1,Public,3,University of North Florida,11,15,0.5324,37074.0,0.6143506622,2.0,22.0,1,mid,53539.99999999996,56684.832,"Health Services/Allied Health/Health Sciences, General.",161,-3144.832031250044,15,medium,-0.0554792511251743,-0.0551577983613958
5100,136172,1,Public,5,University of North Florida,11,15,0.5324,37074.0,0.6143506622,2.0,22.0,1,mid,55761.99999999997,71748.11,"Health Services/Allied Health/Health Sciences, General.",20,-15986.10937500003,4,low,-0.2228087891688787,-0.2085112074330576
5107,136172,1,Public,3,University of North Florida,11,15,0.5324,37074.0,0.6143506622,2.0,22.0,1,mid,55345.00000000001,62884.742,Health and Medical Administrative Services.,100,-7539.742187499993,18,high,-0.1198977991357451,-0.1186855027490957
5107,136172,1,Public,5,University of North Florida,11,15,0.5324,37074.0,0.6143506622,2.0,22.0,1,mid,84975.99999999996,78818.82,Health and Medical Administrative Services.,28,6157.179687499956,12,medium,0.0781181406050996,0.0746723112250939
5109,136172,1,Public,3,University of North Florida,11,15,0.5324,37074.0,0.6143506622,2.0,22.0,1,mid,56179.00000000002,66556.42,"Allied Health Diagnostic, Intervention, and Treatment Professions.",28,-10377.421874999978,7,medium,-0.155919167266682,-0.1490414965577805
5115,136172,1,Public,5,University of North Florida,11,15,0.5324,37074.0,0.6143506622,2.0,22.0,1,mid,59695.99999999996,57044.266,Mental and Social Health Services and Allied Professions.,45,2651.7343749999563,12,medium,0.0464855554882946,0.0452938440393981
5122,136172,1,Public,5,University of North Florida,11,15,0.5324,37074.0,0.6143506622,2.0,22.0,1,mid,63366.99999999999,71498.05,Public Health.,25,-8131.046875000015,11,medium,-0.1137240418499196,-0.1080259370761791
5123,136172,0,Public,6,University of North Florida,11,15,0.5324,37074.0,0.6143506622,2.0,22.0,1,mid,85171.00000000003,79901.38,Rehabilitation and Therapeutic Professions.,48,5269.617187500029,8,medium,0.0659515142543394,0.0643824114560839
5131,136172,1,Public,3,University of North Florida,11,15,0.5324,37074.0,0.6143506622,2.0,22.0,1,mid,54951.99999999996,56017.062,Dietetics and Clinical Nutrition Services.,78,-1065.0625000000437,4,low,-0.0190131801359638,-0.0187561324379322
5131,136172,3,Public,5,University of North Florida,11,15,0.5324,37074.0,0.6143506622,2.0,22.0,1,mid,66348.00000000004,70329.11,Dietetics and Clinical Nutrition Services.,20,-3981.109374999956,2,low,-0.0566068504262209,-0.0529744036372262
5138,136172,2,Public,3,University of North Florida,11,15,0.5324,37074.0,0.6143506622,2.0,22.0,1,mid,79454.00000000004,88165.71,"Registered Nursing, Nursing Administration, Nursing Research and Clinical Nursing.",224,-8711.710937499956,57,high,-0.098810646960876,-0.0984211104937605
5138,136172,0,Public,6,University of North Florida,11,15,0.5324,37074.0,0.6143506622,2.0,22.0,1,mid,135151.0000000001,124462.54,"Registered Nursing, Nursing Administration, Nursing Research and Clinical Nursing.",124,10688.460937500087,8,medium,0.0858769314687753,0.0852017806758141
5201,136172,1,Public,5,University of North Florida,11,15,0.5324,37074.0,0.6143506622,2.0,22.0,1,mid,81375.99999999994,83472.5,"Business/Commerce, General.",41,-2096.500000000058,3,low,-0.0251160561861697,-0.0243991672511896
5202,136172,1,Public,3,University of North Florida,11,15,0.5324,37074.0,0.6143506622,2.0,22.0,1,mid,65768.00000000003,62003.168,"Business Administration, Management and Operations.",218,3764.832031250029,58,high,0.0607199947129722,0.0604729330006654
5202,136172,1,Public,5,University of North Florida,11,15,0.5324,37074.0,0.6143506622,2.0,22.0,1,mid,99022.99999999996,92439.8,"Business Administration, Management and Operations.",136,6583.203124999956,35,high,0.0712161141364467,0.0707135450839113
5203,136172,1,Public,3,University of North Florida,11,15,0.5324,37074.0,0.6143506622,2.0,22.0,1,mid,73868.00000000001,72433.414,Accounting and Related Services.,103,1434.5859375000146,24,high,0.019805582217375,0.0196121320462339
5203,136172,1,Public,5,University of North Florida,11,15,0.5324,37074.0,0.6143506622,2.0,22.0,1,mid,110979.0,88342.875,Accounting and Related Services.,33,22636.124999999985,19,high,0.2562303411565447,0.2468504293265408
5208,136172,1,Public,3,University of North Florida,11,15,0.5324,37074.0,0.6143506622,2.0,22.0,1,mid,75475.00000000004,70979.13,Finance and Financial Management Services.,142,4495.867187500044,15,medium,0.0633406891484067,0.0629156934999691
5211,136172,1,Public,3,University of North Florida,11,15,0.5324,37074.0,0.6143506622,2.0,22.0,1,mid,68526.99999999997,63625.465,International Business.,39,4901.535156249971,7,medium,0.077037317814291,0.0747081893007779
5214,136172,1,Public,3,University of North Florida,11,15,0.5324,37074.0,0.6143506622,2.0,22.0,1,mid,62294.00000000005,59915.156,Marketing.,122,2378.843750000044,17,high,0.0397035391191196,0.0393854035801215
5401,136172,1,Public,3,University of North Florida,11,15,0.5324,37074.0,0.6143506622,2.0,22.0,1,mid,49611.00000000003,47593.363,History.,43,2017.636718750029,9,medium,0.0423932367802403,0.041247854964715
1101,136215,2,"Private, nonprofit",5,Nova Southeastern University,21,16,0.7321,31002.0,0.6566484517,2.0,24.0,1,open,103719.99999999996,85700.016,"Computer and Information Sciences, General.",24,18019.98437499996,5,low,0.210268157404434,0.1992409147165058
1104,136215,3,"Private, nonprofit",5,Nova Southeastern University,21,16,0.7321,31002.0,0.6566484517,2.0,24.0,1,open,105187.0,82536.3,Information Science/Studies.,69,22650.70312500001,5,low,0.2744332370436266,0.2701520393910483
1301,136215,3,"Private, nonprofit",6,Nova Southeastern University,21,16,0.7321,31002.0,0.6566484517,2.0,24.0,1,open,81299.00000000003,107892.55,"Education, General.",546,-26593.54687499997,2,low,-0.2464817788184219,-0.2461353583404622
1303,136215,3,"Private, nonprofit",5,Nova Southeastern University,21,16,0.7321,31002.0,0.6566484517,2.0,24.0,1,open,57179.99999999996,63642.582,Curriculum and Instruction.,23,-6462.582031250036,7,medium,-0.1015449377600166,-0.0959610197728025
1304,136215,2,"Private, nonprofit",5,Nova Southeastern University,21,16,0.7321,31002.0,0.6566484517,2.0,24.0,1,open,70069.0,81947.74,Educational Administration and Supervision.,149,-11878.7421875,20,high,-0.1449550880891986,-0.1440356671793981
1310,136215,3,"Private, nonprofit",5,Nova Southeastern University,21,16,0.7321,31002.0,0.6566484517,2.0,24.0,1,open,58972.00000000005,64893.047,Special Education and Teaching.,40,-5921.046874999949,8,medium,-0.0912431633300459,-0.0885637061272091
1311,136215,2,"Private, nonprofit",5,Nova Southeastern University,21,16,0.7321,31002.0,0.6566484517,2.0,24.0,1,open,58880.0,73470.586,Student Counseling and Personnel Services.,38,-14590.5859375,9,medium,-0.1985908476340712,-0.192404821187156
1312,136215,3,"Private, nonprofit",5,Nova Southeastern University,21,16,0.7321,31002.0,0.6566484517,2.0,24.0,1,open,57713.00000000005,72109.27,"Teacher Education and Professional Development, Specific Levels and Methods.",23,-14396.273437499956,7,medium,-0.1996452432706562,-0.1886668263298197
1313,136215,2,"Private, nonprofit",5,Nova Southeastern University,21,16,0.7321,31002.0,0.6566484517,2.0,24.0,1,open,64173.99999999998,68133.4,"Teacher Education and Professional Development, Specific Subject Areas.",116,-3959.398437500022,8,medium,-0.0581124460000633,-0.0576185127810967
1313,136215,3,"Private, nonprofit",6,Nova Southeastern University,21,16,0.7321,31002.0,0.6566484517,2.0,24.0,1,open,55150.99999999996,83310.266,"Teacher Education and Professional Development, Specific Subject Areas.",21,-28159.26562500004,2,low,-0.3380047514402585,-0.3174482926382133
1907,136215,3,"Private, nonprofit",5,Nova Southeastern University,21,16,0.7321,31002.0,0.6566484517,2.0,24.0,1,open,61759.99999999999,55938.105,"Human Development, Family Studies, and Related Services.",91,5821.894531249985,1,low,0.1040774349160324,0.1029023780117892
2201,136215,2,"Private, nonprofit",7,Nova Southeastern University,21,16,0.7321,31002.0,0.6566484517,2.0,24.0,1,open,96470.00000000004,94276.04,Law.,470,2193.960937500029,8,medium,0.0232716707163052,0.0232328005131798
2202,136215,2,"Private, nonprofit",5,Nova Southeastern University,21,16,0.7321,31002.0,0.6566484517,2.0,24.0,1,open,91014.00000000006,111282.06,Legal Research and Advanced Professional Studies.,53,-20268.06249999994,3,low,-0.1821323405108522,-0.1782694833401682
2601,136215,2,"Private, nonprofit",3,Nova Southeastern University,21,16,0.7321,31002.0,0.6566484517,2.0,24.0,1,open,57249.000000000015,57593.363,"Biology, General.",85,-344.36328124998545,24,high,-0.0059792181187323,-0.0059061071531258
2609,136215,2,"Private, nonprofit",3,Nova Southeastern University,21,16,0.7321,31002.0,0.6566484517,2.0,24.0,1,open,122808.99999999996,58086.6,"Physiology, Pathology and Related Sciences.",115,64722.39843749997,4,low,1.1142397161565734,1.1046727150091955
2613,136215,2,"Private, nonprofit",5,Nova Southeastern University,21,16,0.7321,31002.0,0.6566484517,2.0,24.0,1,open,62654.99999999999,62546.875,"Ecology, Evolution, Systematics, and Population Biology.",34,108.12499999999272,2,low,0.0017287034723955,0.0016675398547031
3105,136215,2,"Private, nonprofit",3,Nova Southeastern University,21,16,0.7321,31002.0,0.6566484517,2.0,24.0,1,open,55487.0,54799.223,"Sports, Kinesiology, and Physical Education/Fitness.",38,687.77734375,18,high,0.0125508594905507,0.0121599051758628
4201,136215,2,"Private, nonprofit",3,Nova Southeastern University,21,16,0.7321,31002.0,0.6566484517,2.0,24.0,1,open,50563.00000000002,53893.18,"Psychology, General.",45,-3330.179687499978,29,high,-0.061792228753435,-0.0602081128773357
4228,136215,2,"Private, nonprofit",5,Nova Southeastern University,21,16,0.7321,31002.0,0.6566484517,2.0,24.0,1,open,64895.99999999994,75423.06,"Clinical, Counseling and Applied Psychology.",346,-10527.062500000058,9,medium,-0.1395735223559777,-0.1392414044660393
4228,136215,2,"Private, nonprofit",6,Nova Southeastern University,21,16,0.7321,31002.0,0.6566484517,2.0,24.0,1,open,99427.99999999996,105396.13,"Clinical, Counseling and Applied Psychology.",108,-5968.132812500029,3,low,-0.0566257286035091,-0.0561024727456191
4301,136215,3,"Private, nonprofit",5,Nova Southeastern University,21,16,0.7321,31002.0,0.6566484517,2.0,24.0,1,open,61713.00000000003,67558.84,Criminal Justice and Corrections.,55,-5845.843749999971,10,medium,-0.0865296595606696,-0.0847717392824368
4404,136215,2,"Private, nonprofit",5,Nova Southeastern University,21,16,0.7321,31002.0,0.6566484517,2.0,24.0,1,open,71298.00000000003,85855.69,Public Administration.,31,-14557.68749999997,10,medium,-0.1695599665426937,-0.1628949920483911
4407,136215,3,"Private, nonprofit",5,Nova Southeastern University,21,16,0.7321,31002.0,0.6566484517,2.0,24.0,1,open,62201.99999999999,70429.25,Social Work.,51,-8227.250000000007,9,medium,-0.1168158116123628,-0.1142251442736082
5100,136215,2,"Private, nonprofit",3,Nova Southeastern University,21,16,0.7321,31002.0,0.6566484517,2.0,24.0,1,open,82726.99999999996,66988.234,"Health Services/Allied Health/Health Sciences, General.",20,15738.765624999956,15,medium,0.2349482080225368,0.2198716429533698
5100,136215,2,"Private, nonprofit",5,Nova Southeastern University,21,16,0.7321,31002.0,0.6566484517,2.0,24.0,1,open,85889.00000000006,85278.75,"Health Services/Allied Health/Health Sciences, General.",47,610.2500000000582,4,low,0.0071559444762037,0.0069814913535437
5100,136215,2,"Private, nonprofit",6,Nova Southeastern University,21,16,0.7321,31002.0,0.6566484517,2.0,24.0,1,open,114954.00000000007,108801.71,"Health Services/Allied Health/Health Sciences, General.",74,6152.289062500087,1,low,0.0565458852575783,0.0557329338593033
5102,136215,2,"Private, nonprofit",5,Nova Southeastern University,21,16,0.7321,31002.0,0.6566484517,2.0,24.0,1,open,67111.00000000004,73866.055,Communication Disorders Sciences and Services.,377,-6755.054687499956,8,medium,-0.0914500539669825,-0.0912530164353326
5102,136215,0,"Private, nonprofit",6,Nova Southeastern University,21,16,0.7321,31002.0,0.6566484517,2.0,24.0,1,open,96693.99999999993,119338.266,Communication Disorders Sciences and Services.,29,-22644.265625000076,2,low,-0.1897485731538598,-0.1817041301854905
5108,136215,2,"Private, nonprofit",5,Nova Southeastern University,21,16,0.7321,31002.0,0.6566484517,2.0,24.0,1,open,221571.00000000003,110258.016,Allied Health and Medical Assisting Services.,108,111312.98437500004,2,low,1.0095681819051423,1.000239163486323
5109,136215,2,"Private, nonprofit",3,Nova Southeastern University,21,16,0.7321,31002.0,0.6566484517,2.0,24.0,1,open,83249.99999999997,81957.44,"Allied Health Diagnostic, Intervention, and Treatment Professions.",84,1292.562499999971,7,medium,0.0157711434059901,0.0155756151576552
5109,136215,2,"Private, nonprofit",5,Nova Southeastern University,21,16,0.7321,31002.0,0.6566484517,2.0,24.0,1,open,129748.99999999988,107476.21,"Allied Health Diagnostic, Intervention, and Treatment Professions.",415,22272.789062499884,9,medium,0.2072345951556856,0.2068349967281184
5112,136215,0,"Private, nonprofit",6,Nova Southeastern University,21,16,0.7321,31002.0,0.6566484517,2.0,24.0,1,open,130216.99999999994,128748.53,Medicine.,373,1468.4687499999418,1,low,0.0114057126379835,0.0113808329161979
5115,136215,2,"Private, nonprofit",5,Nova Southeastern University,21,16,0.7321,31002.0,0.6566484517,2.0,24.0,1,open,55344.00000000003,68645.65,Mental and Social Health Services and Allied Professions.,191,-13301.64843749997,12,medium,-0.193772638765453,-0.1928528631420922
5115,136215,2,"Private, nonprofit",6,Nova Southeastern University,21,16,0.7321,31002.0,0.6566484517,2.0,24.0,1,open,62582.99999999999,87739.52,Mental and Social Health Services and Allied Professions.,35,-25156.523437500007,1,low,-0.2867182593648334,-0.2769044110431455
5122,136215,2,"Private, nonprofit",5,Nova Southeastern University,21,16,0.7321,31002.0,0.6566484517,2.0,24.0,1,open,98337.99999999996,83508.65,Public Health.,91,14829.351562499956,11,medium,0.1775786321532747,0.1755737307265042
5123,136215,2,"Private, nonprofit",5,Nova Southeastern University,21,16,0.7321,31002.0,0.6566484517,2.0,24.0,1,open,73781.00000000006,74499.51,Rehabilitation and Therapeutic Professions.,84,-718.5078124999418,9,medium,-0.0096444638843558,-0.0095248932812047
5123,136215,2,"Private, nonprofit",6,Nova Southeastern University,21,16,0.7321,31002.0,0.6566484517,2.0,24.0,1,open,80533.00000000004,93692.01,Rehabilitation and Therapeutic Professions.,217,-13159.007812499956,8,medium,-0.1404496298001667,-0.1398750906500459
5138,136215,3,"Private, nonprofit",3,Nova Southeastern University,21,16,0.7321,31002.0,0.6566484517,2.0,24.0,1,open,88003.99999999999,86073.51,"Registered Nursing, Nursing Administration, Nursing Research and Clinical Nursing.",469,1930.4921874999852,57,high,0.0224284130688075,0.0223908592323185
5138,136215,2,"Private, nonprofit",5,Nova Southeastern University,21,16,0.7321,31002.0,0.6566484517,2.0,24.0,1,open,113591.99999999996,119189.62,"Registered Nursing, Nursing Administration, Nursing Research and Clinical Nursing.",255,-5597.617187500044,18,high,-0.0469639664895835,-0.0468047369126846
5202,136215,2,"Private, nonprofit",3,Nova Southeastern University,21,16,0.7321,31002.0,0.6566484517,2.0,24.0,1,open,67851.00000000006,66598.65,"Business Administration, Management and Operations.",62,1252.3515625000582,58,high,0.0188044591276553,0.0184721410072121
5202,136215,2,"Private, nonprofit",5,Nova Southeastern University,21,16,0.7321,31002.0,0.6566484517,2.0,24.0,1,open,86083.00000000001,79972.586,"Business Administration, Management and Operations.",856,6110.414062500015,35,high,0.0764063583898038,0.0763422346312926
5203,136215,2,"Private, nonprofit",5,Nova Southeastern University,21,16,0.7321,31002.0,0.6566484517,2.0,24.0,1,open,96451.00000000004,87114.53,Accounting and Related Services.,122,9336.46875000003,19,high,0.107174642577211,0.1063158762445437
5208,136215,2,"Private, nonprofit",3,Nova Southeastern University,21,16,0.7321,31002.0,0.6566484517,2.0,24.0,1,open,66301.99999999999,75045.586,Finance and Financial Management Services.,31,-8743.585937500015,15,medium,-0.1165103293987458,-0.1119306022992484
5210,136215,2,"Private, nonprofit",5,Nova Southeastern University,21,16,0.7321,31002.0,0.6566484517,2.0,24.0,1,open,67513.00000000004,89248.29,Human Resources Management and Services.,67,-21735.28906249996,7,medium,-0.2435373192115635,-0.2396054770491293
1312,136233,1,Public,3,Northwest Florida State College,22,9,,23721.0,0.9132875858,1.0,25.0,1,,51899.99999999996,51848.832,"Teacher Education and Professional Development, Specific Levels and Methods.",34,51.16796874996362,24,high,0.0009868683005072,0.0009519517075756
2401,136233,3,Public,2,Northwest Florida State College,22,9,,23721.0,0.9132875858,1.0,25.0,1,,46360.99999999998,43066.42,"Liberal Arts and Sciences, General Studies and Humanities.",330,3294.578124999978,36,high,0.07649992689345,0.0763076324390401
4301,136233,1,Public,1,Northwest Florida State College,22,9,,23721.0,0.9132875858,1.0,25.0,1,,52765.99999999999,54224.258,Criminal Justice and Corrections.,49,-1458.2578125000146,19,high,-0.0268930893907754,-0.0262683569887463
4805,136233,1,Public,1,Northwest Florida State College,22,9,,23721.0,0.9132875858,1.0,25.0,1,,58333.000000000015,46047.67,Precision Metal Working.,20,12285.328125000016,15,medium,0.2667958579610603,0.2496756375235912
5109,136233,1,Public,1,Northwest Florida State College,22,9,,23721.0,0.9132875858,1.0,25.0,1,,47052.99999999997,57984.043,"Allied Health Diagnostic, Intervention, and Treatment Professions.",23,-10931.04296875003,22,high,-0.188518123419597,-0.1781515826200316
5138,136233,1,Public,2,Northwest Florida State College,22,9,,23721.0,0.9132875858,1.0,25.0,1,,76181.00000000006,76713.89,"Registered Nursing, Nursing Administration, Nursing Research and Clinical Nursing.",72,-532.8906249999418,58,high,-0.0069464685034013,-0.0068433537629383
5138,136233,3,Public,3,Northwest Florida State College,22,9,,23721.0,0.9132875858,1.0,25.0,1,,84993.00000000007,85673.54,"Registered Nursing, Nursing Administration, Nursing Research and Clinical Nursing.",48,-680.5390624999272,57,high,-0.0079433985095849,-0.0077544110546345
5202,136233,1,Public,3,Northwest Florida State College,22,9,,23721.0,0.9132875858,1.0,25.0,1,,51534.99999999996,54795.723,"Business Administration, Management and Operations.",54,-3260.722656250044,58,high,-0.0595068829862055,-0.0582719010827703
1110,136303,0,Public,1,Orange Technical College,11,-2,,14956.0,,1.0,26.0,1,,32261.99999999998,36818.887,Computer/Information Technology Administration and Management.,28,-4556.886718750018,3,low,-0.1237649240608197,-0.1183055927423897
1204,136303,0,Public,1,Orange Technical College,11,-2,,14956.0,,1.0,26.0,1,,26467.999999999985,24637.932,Cosmetology and Related Personal Grooming Services.,47,1830.0683593749852,80,high,0.0742784900156725,0.0724676718109208
4702,136303,0,Public,1,Orange Technical College,11,-2,,14956.0,,1.0,26.0,1,,39034.99999999999,35640.754,"Heating, Air Conditioning, Ventilation and Refrigeration Maintenance Technology/Technician (HAC, HACR, HVAC, HVACR).",47,3394.2460937499927,13,medium,0.0952349690098663,0.0929132576291471
4706,136303,0,Public,1,Orange Technical College,11,-2,,14956.0,,1.0,26.0,1,,52174.00000000004,39710.227,Vehicle Maintenance and Repair Technologies/Technicians.,87,12463.773437500036,24,high,0.3138681019077864,0.3101332197757531
4805,136303,0,Public,1,Orange Technical College,11,-2,,14956.0,,1.0,26.0,1,,47406.99999999998,38977.387,Precision Metal Working.,20,8429.613281249978,15,medium,0.2162693292414837,0.2023913829391157
5004,136303,0,Public,1,Orange Technical College,11,-2,,14956.0,,1.0,26.0,1,,18193.000000000007,34633.695,Design and Applied Arts.,20,-16440.695312499993,2,low,-0.4747023141526054,-0.4442407907894673
5106,136303,0,Public,1,Orange Technical College,11,-2,,14956.0,,1.0,26.0,1,,34989.99999999999,31975.293,Dental Support Services and Allied Professions.,22,3014.7070312499927,17,high,0.0942823896624283,0.0888357042742678
5107,136303,1,Public,1,Orange Technical College,11,-2,,14956.0,,1.0,26.0,1,,32626.0,37279.48,Health and Medical Administrative Services.,34,-4653.480468750004,25,high,-0.1248268594475409,-0.1204103343286245
5108,136303,1,Public,1,Orange Technical College,11,-2,,14956.0,,1.0,26.0,1,,34646.999999999985,33888.887,Allied Health and Medical Assisting Services.,106,758.1132812499854,33,high,0.0223705572727043,0.0221592701353319
5135,136303,1,Public,1,Orange Technical College,11,-2,,14956.0,,1.0,26.0,1,,37194.0,28953.299,Somatic Bodywork and Related Therapeutic Services.,24,8240.701171875,25,high,0.2846204579586644,0.2696939046345552
5139,136303,1,Public,1,Orange Technical College,11,-2,,14956.0,,1.0,26.0,1,,47836.00000000001,45102.414,"Practical Nursing, Vocational Nursing and Nursing Assistants.",22,2733.5859375000077,47,high,0.0606084174055956,0.0571070744436221
1311,136330,1,"Private, nonprofit",5,Palm Beach Atlantic University,12,11,0.8199,52817.0,0.5402097902,2.0,22.0,1,open,59954.00000000005,58931.992,Student Counseling and Personnel Services.,27,1022.0078125000508,9,medium,0.0173421561797605,0.0165451670837577
2601,136330,1,"Private, nonprofit",3,Palm Beach Atlantic University,12,11,0.8199,52817.0,0.5402097902,2.0,22.0,1,open,56257.99999999996,45069.605,"Biology, General.",24,11188.394531249956,24,high,0.2482470040481644,0.2352280096650782
3906,136330,2,"Private, nonprofit",3,Palm Beach Atlantic University,12,11,0.8199,52817.0,0.5402097902,2.0,22.0,1,open,53397.99999999996,48255.38,Theological and Ministerial Studies.,27,5142.621093749964,4,low,0.1065709400757372,0.1016732862712899
4201,136330,2,"Private, nonprofit",3,Palm Beach Atlantic University,12,11,0.8199,52817.0,0.5402097902,2.0,22.0,1,open,51529.99999999996,49384.277,"Psychology, General.",61,2145.722656249964,29,high,0.0434495100801859,0.0426669757639652
5115,136330,1,"Private, nonprofit",5,Palm Beach Atlantic University,12,11,0.8199,52817.0,0.5402097902,2.0,22.0,1,open,54392.99999999996,56777.51,Mental and Social Health Services and Allied Professions.,95,-2384.5117187500364,12,medium,-0.0419974677749497,-0.0415465717492561
5138,136330,2,"Private, nonprofit",3,Palm Beach Atlantic University,12,11,0.8199,52817.0,0.5402097902,2.0,22.0,1,open,76008.00000000007,88101.75,"Registered Nursing, Nursing Administration, Nursing Research and Clinical Nursing.",53,-12093.749999999927,57,high,-0.1372702585362938,-0.1343588843068665
5138,136330,0,"Private, nonprofit",6,Palm Beach Atlantic University,12,11,0.8199,52817.0,0.5402097902,2.0,22.0,1,open,116095.00000000007,125804.34,"Registered Nursing, Nursing Administration, Nursing Research and Clinical Nursing.",36,-9709.343749999913,8,medium,-0.0771781280405901,-0.0746202787211847
5202,136330,2,"Private, nonprofit",3,Palm Beach Atlantic University,12,11,0.8199,52817.0,0.5402097902,2.0,22.0,1,open,59081.00000000005,60956.5,"Business Administration, Management and Operations.",29,-1875.4999999999563,58,high,-0.0307678426418832,-0.0294634314872776
5202,136330,3,"Private, nonprofit",5,Palm Beach Atlantic University,12,11,0.8199,52817.0,0.5402097902,2.0,22.0,1,open,72924.99999999997,80993.875,"Business Administration, Management and Operations.",42,-8068.875000000029,35,high,-0.0996232739821379,-0.0968575983756473
5210,136330,3,"Private, nonprofit",3,Palm Beach Atlantic University,12,11,0.8199,52817.0,0.5402097902,2.0,22.0,1,open,60378.99999999997,57394.926,Human Resources Management and Services.,34,2984.074218749971,5,low,0.0519919518691113,0.0501524137887039
5214,136330,1,"Private, nonprofit",3,Palm Beach Atlantic University,12,11,0.8199,52817.0,0.5402097902,2.0,22.0,1,open,53668.000000000015,60866.285,Marketing.,27,-7198.285156249985,17,high,-0.1182639147069884,-0.1128288898176341
1101,136358,1,Public,2,Palm Beach State College,21,15,,21408.0,0.9218037494,1.0,23.0,1,,52615.99999999998,52901.72,"Computer and Information Sciences, General.",23,-285.7187500000218,8,medium,-0.0054009351066693,-0.0051039397137411
1108,136358,1,Public,2,Palm Beach State College,21,15,,21408.0,0.9218037494,1.0,23.0,1,,48987.99999999998,45434.18,Computer Software and Media Applications.,20,3553.820312499978,4,low,0.0782190926950468,0.0731997939713257
1110,136358,2,Public,2,Palm Beach State College,21,15,,21408.0,0.9218037494,1.0,23.0,1,,47775.99999999998,57979.07,Computer/Information Technology Administration and Management.,43,-10203.070312500022,8,medium,-0.175978508408409,-0.171223915488337
1110,136358,2,Public,3,Palm Beach State College,21,15,,21408.0,0.9218037494,1.0,23.0,1,,69612.00000000004,62154.19,Computer/Information Technology Administration and Management.,70,7457.808593750044,9,medium,0.1199888281870579,0.1181481514830131
1204,136358,1,Public,1,Palm Beach State College,21,15,,21408.0,0.9218037494,1.0,23.0,1,,31236.99999999998,32760.797,Cosmetology and Related Personal Grooming Services.,80,-1523.7968750000182,80,high,-0.0465128147161413,-0.045902316828057
1312,136358,1,Public,2,Palm Beach State College,21,15,,21408.0,0.9218037494,1.0,23.0,1,,38686.99999999998,45766.21,"Teacher Education and Professional Development, Specific Levels and Methods.",23,-7079.210937500022,4,low,-0.154682041455598,-0.1461761340944237
1907,136358,1,Public,1,Palm Beach State College,21,15,,21408.0,0.9218037494,1.0,23.0,1,,38560.99999999999,38708.785,"Human Development, Family Studies, and Related Services.",36,-147.78515625001455,2,low,-0.0038178712055537,-0.003691338734339
2203,136358,1,Public,2,Palm Beach State College,21,15,,21408.0,0.9218037494,1.0,23.0,1,,51313.99999999997,44935.1,Legal Support Services.,33,6378.898437499971,10,medium,0.1419580287056343,0.1367613225434765
2401,136358,2,Public,2,Palm Beach State College,21,15,,21408.0,0.9218037494,1.0,23.0,1,,44568.99999999999,43681.46,"Liberal Arts and Sciences, General Studies and Humanities.",2852,887.5390624999854,36,high,0.0203184381531993,0.0203140788699077
4301,136358,1,Public,1,Palm Beach State College,21,15,,21408.0,0.9218037494,1.0,23.0,1,,78215.99999999996,57906.29,Criminal Justice and Corrections.,153,20309.71093749996,19,high,0.3507341131043482,0.3485772756493211
4302,136358,1,Public,1,Palm Beach State College,21,15,,21408.0,0.9218037494,1.0,23.0,1,,66688.99999999996,63676.52,Fire Protection.,30,3012.4804687499563,6,medium,0.0473091257330976,0.0453790047698882
4603,136358,1,Public,1,Palm Beach State College,21,15,,21408.0,0.9218037494,1.0,23.0,1,,46153.99999999999,52375.277,Electrical and Power Transmission Installers.,28,-6221.277343750015,5,low,-0.1187827093099375,-0.1135431459203536
4702,136358,1,Public,1,Palm Beach State College,21,15,,21408.0,0.9218037494,1.0,23.0,1,,47546.99999999999,47886.703,"Heating, Air Conditioning, Ventilation and Refrigeration Maintenance Technology/Technician (HAC, HACR, HVAC, HVACR).",32,-339.7031250000073,13,medium,-0.0070938925177887,-0.0068249381987361
4706,136358,1,Public,1,Palm Beach State College,21,15,,21408.0,0.9218037494,1.0,23.0,1,,43464.000000000015,60777.133,Vehicle Maintenance and Repair Technologies/Technicians.,53,-17313.132812499985,24,high,-0.2848626121589467,-0.2788209416848752
4805,136358,1,Public,1,Palm Beach State College,21,15,,21408.0,0.9218037494,1.0,23.0,1,,46609.99999999998,50694.727,Precision Metal Working.,43,-4084.726562500022,15,medium,-0.0805749796769114,-0.0783980023211443
5004,136358,1,Public,2,Palm Beach State College,21,15,,21408.0,0.9218037494,1.0,23.0,1,,40966.0,34816.23,Design and Applied Arts.,24,6149.76953125,5,low,0.176635133914622,0.1673717318240011
5106,136358,1,Public,1,Palm Beach State College,21,15,,21408.0,0.9218037494,1.0,23.0,1,,51204.00000000001,44688.344,Dental Support Services and Allied Professions.,23,6515.656250000007,17,high,0.1458021421973153,0.1377845371610699
5106,136358,1,Public,2,Palm Beach State College,21,15,,21408.0,0.9218037494,1.0,23.0,1,,67712.99999999996,52321.61,Dental Support Services and Allied Professions.,30,15391.390624999956,10,medium,0.2941689066688797,0.2821673833964092
5108,136358,1,Public,1,Palm Beach State College,21,15,,21408.0,0.9218037494,1.0,23.0,1,,34711.0,43952.58,Allied Health and Medical Assisting Services.,22,-9241.578125,33,high,-0.2102624810475779,-0.1981156359442596
5109,136358,1,Public,1,Palm Beach State College,21,15,,21408.0,0.9218037494,1.0,23.0,1,,68457.00000000001,57376.867,"Allied Health Diagnostic, Intervention, and Treatment Professions.",144,11080.132812500016,22,high,0.1931114986862494,0.1918367897905145
5109,136358,1,Public,2,Palm Beach State College,21,15,,21408.0,0.9218037494,1.0,23.0,1,,62302.99999999996,70370.44,"Allied Health Diagnostic, Intervention, and Treatment Professions.",57,-8067.437500000044,39,high,-0.1146424235318992,-0.112408106140683
5115,136358,1,Public,2,Palm Beach State College,21,15,,21408.0,0.9218037494,1.0,23.0,1,,44340.000000000015,40657.316,Mental and Social Health Services and Allied Professions.,25,3682.683593750015,4,low,0.0905786195269862,0.0860402083350355
5135,136358,1,Public,1,Palm Beach State College,21,15,,21408.0,0.9218037494,1.0,23.0,1,,30027.99999999998,40268.656,Somatic Bodywork and Related Therapeutic Services.,25,-10240.656250000018,25,high,-0.2543083679381533,-0.2415663329051138
5138,136358,2,Public,2,Palm Beach State College,21,15,,21408.0,0.9218037494,1.0,23.0,1,,83170.99999999997,75367.41,"Registered Nursing, Nursing Administration, Nursing Research and Clinical Nursing.",227,7803.593749999971,58,high,0.1035406966788109,0.1031387859657162
5138,136358,2,Public,3,Palm Beach State College,21,15,,21408.0,0.9218037494,1.0,23.0,1,,85209.99999999996,95393.16,"Registered Nursing, Nursing Administration, Nursing Research and Clinical Nursing.",65,-10183.156250000044,57,high,-0.1067493376916129,-0.1049639072177524
5139,136358,1,Public,1,Palm Beach State College,21,15,,21408.0,0.9218037494,1.0,23.0,1,,57893.00000000005,56421.418,"Practical Nursing, Vocational Nursing and Nursing Assistants.",56,1471.582031250051,47,high,0.0260819753247802,0.0255630814347439
5202,136358,2,Public,2,Palm Beach State College,21,15,,21408.0,0.9218037494,1.0,23.0,1,,56658.99999999999,45483.344,"Business Administration, Management and Operations.",22,11175.656249999993,26,high,0.2457087656401689,0.2315141917823472
5202,136358,2,Public,3,Palm Beach State College,21,15,,21408.0,0.9218037494,1.0,23.0,1,,54096.0,56745.41,"Business Administration, Management and Operations.",292,-2649.41015625,58,high,-0.0466894176807389,-0.0465541689077609
5215,136358,1,Public,1,Palm Beach State College,21,15,,21408.0,0.9218037494,1.0,23.0,1,,55977.99999999996,57245.04,Real Estate.,49,-1267.0390625000437,1,low,-0.0221336046450539,-0.0216194361241174
2401,136400,3,Public,2,Pasco-Hernando State College,21,12,,23149.0,0.8602089269,1.0,24.0,1,,42899.000000000015,45559.793,"Liberal Arts and Sciences, General Studies and Humanities.",712,-2660.792968749985,36,high,-0.0584022181701978,-0.0583417021824659
4301,136400,0,Public,99,Pasco-Hernando State College,21,12,,23149.0,0.8602089269,1.0,24.0,1,,63936.0,50749.82,Criminal Justice and Corrections.,81,13186.1796875,4,low,0.2598271206933152,0.25646594405653
5109,136400,1,Public,2,Pasco-Hernando State College,21,12,,23149.0,0.8602089269,1.0,24.0,1,,57323.00000000003,68868.73,"Allied Health Diagnostic, Intervention, and Treatment Professions.",58,-11545.72656249997,39,high,-0.1676483236846546,-0.1644463895559917
5109,136400,0,Public,99,Pasco-Hernando State College,21,12,,23149.0,0.8602089269,1.0,24.0,1,,61516.00000000005,56653.65,"Allied Health Diagnostic, Intervention, and Treatment Professions.",42,4862.351562500051,4,low,0.0858259211295839,0.0834432785302729
5115,136400,1,Public,2,Pasco-Hernando State College,21,12,,23149.0,0.8602089269,1.0,24.0,1,,29286.000000000025,44006.305,Mental and Social Health Services and Allied Professions.,24,-14720.304687499978,4,low,-0.3345044486700853,-0.3169617937041133
5138,136400,1,Public,2,Pasco-Hernando State College,21,12,,23149.0,0.8602089269,1.0,24.0,1,,78937.99999999997,80689.73,"Registered Nursing, Nursing Administration, Nursing Research and Clinical Nursing.",219,-1751.726562500029,58,high,-0.0217094125500994,-0.0216215493041735
5138,136400,1,Public,3,Pasco-Hernando State College,21,12,,23149.0,0.8602089269,1.0,24.0,1,,92672.99999999994,93317.65,"Registered Nursing, Nursing Administration, Nursing Research and Clinical Nursing.",38,-644.6484375000582,57,high,-0.0069081084692336,-0.0066929236195894
5139,136400,0,Public,99,Pasco-Hernando State College,21,12,,23149.0,0.8602089269,1.0,24.0,1,,62150.00000000005,58877.727,"Practical Nursing, Vocational Nursing and Nursing Assistants.",118,3272.273437500044,4,low,0.0555774420744057,0.0551144066163183
5202,136400,1,Public,2,Pasco-Hernando State College,21,12,,23149.0,0.8602089269,1.0,24.0,1,,45891.000000000015,40170.617,"Business Administration, Management and Operations.",26,5720.382812500015,26,high,0.1424021638950581,0.135574117276749
5202,136400,2,Public,3,Pasco-Hernando State College,21,12,,23149.0,0.8602089269,1.0,24.0,1,,51849.00000000004,57287.473,"Business Administration, Management and Operations.",175,-5438.472656249964,58,high,-0.0949330177102276,-0.094433983912487
1204,136473,1,Public,1,Pensacola State College,13,12,,20605.0,0.9150442478,1.0,25.0,1,,29523.00000000001,28067.504,Cosmetology and Related Personal Grooming Services.,73,1455.4960937500146,80,high,0.0518569837421812,0.0510995052344127
2401,136473,1,Public,2,Pensacola State College,13,12,,20605.0,0.9150442478,1.0,25.0,1,,40919.00000000001,44248.152,"Liberal Arts and Sciences, General Studies and Humanities.",535,-3329.1523437499927,36,high,-0.0752382227824306,-0.07512997286583
5106,136473,1,Public,2,Pensacola State College,13,12,,20605.0,0.9150442478,1.0,25.0,1,,59103.99999999996,56371.938,Dental Support Services and Allied Professions.,31,2732.062499999964,10,medium,0.0484649387827048,0.0465599043135376
5109,136473,1,Public,2,Pensacola State College,13,12,,20605.0,0.9150442478,1.0,25.0,1,,62671.99999999996,62519.15,"Allied Health Diagnostic, Intervention, and Treatment Professions.",26,152.85156249996362,39,high,0.0024448759511298,0.0023276465038119
5138,136473,1,Public,2,Pensacola State College,13,12,,20605.0,0.9150442478,1.0,25.0,1,,75375.99999999997,80146.29,"Registered Nursing, Nursing Administration, Nursing Research and Clinical Nursing.",133,-4770.289062500029,58,high,-0.0595197746308633,-0.0590886490123314
5138,136473,3,Public,3,Pensacola State College,13,12,,20605.0,0.9150442478,1.0,25.0,1,,83371.00000000006,88250.0,"Registered Nursing, Nursing Administration, Nursing Research and Clinical Nursing.",37,-4878.999999999942,57,high,-0.0552861189801693,-0.0535104618124401
5202,136473,1,Public,2,Pensacola State College,13,12,,20605.0,0.9150442478,1.0,25.0,1,,43900.99999999997,44261.656,"Business Administration, Management and Operations.",31,-360.6562500000291,26,high,-0.0081482773252532,-0.007827989101254
5202,136473,1,Public,3,Pensacola State College,13,12,,20605.0,0.9150442478,1.0,25.0,1,,53197.00000000004,52971.29,"Business Administration, Management and Operations.",137,225.7109375000364,58,high,0.0042610051878051,0.0042311918761586
5203,136473,3,Public,2,Pensacola State College,13,12,,20605.0,0.9150442478,1.0,25.0,1,,38283.99999999999,47677.953,Accounting and Related Services.,20,-9393.953125000016,8,medium,-0.1970292873180053,-0.18438596947454
1205,136491,1,Public,1,Pinellas Technical College-Clearwater,13,-2,,14935.0,,1.0,30.0,1,,38683.99999999999,30785.668,Culinary Arts and Related Services.,23,7898.332031249993,6,medium,0.2565587350343495,0.2424506665580961
4706,136491,1,Public,1,Pinellas Technical College-Clearwater,13,-2,,14935.0,,1.0,30.0,1,,54124.000000000015,44997.625,Vehicle Maintenance and Repair Technologies/Technicians.,37,9126.375000000016,24,high,0.2028190376714329,0.1963049780008241
4805,136491,1,Public,1,Pinellas Technical College-Clearwater,13,-2,,14935.0,,1.0,30.0,1,,46449.00000000002,40302.543,Precision Metal Working.,29,6146.457031250022,15,medium,0.1525079208033075,0.1460423055381429
5139,136491,2,Public,1,Pinellas Technical College-Clearwater,13,-2,,14935.0,,1.0,30.0,1,,60103.00000000002,49193.715,"Practical Nursing, Vocational Nursing and Nursing Assistants.",25,10909.285156250022,47,high,0.2217617675530359,0.2106504689588947
2401,136516,2,Public,2,Polk State College,13,12,,23968.0,0.8981884889,1.0,24.0,1,,43939.99999999999,45221.027,"Liberal Arts and Sciences, General Studies and Humanities.",756,-1281.0273437500073,36,high,-0.0283281344762959,-0.0283007296274594
4301,136516,2,Public,1,Polk State College,13,12,,23968.0,0.8981884889,1.0,24.0,1,,58911.99999999999,50418.75,Criminal Justice and Corrections.,75,8493.249999999993,19,high,0.1684541961075987,0.1660700241086899
4301,136516,2,Public,2,Polk State College,13,12,,23968.0,0.8981884889,1.0,24.0,1,,48056.00000000001,50277.63,Criminal Justice and Corrections.,39,-2221.6289062499927,10,medium,-0.0441872251054747,-0.0428512787246015
4301,136516,2,Public,3,Polk State College,13,12,,23968.0,0.8981884889,1.0,24.0,1,,55634.00000000002,53406.914,Criminal Justice and Corrections.,60,2227.085937500022,23,high,0.0417003299403098,0.0409347036402427
4901,136516,1,Public,2,Polk State College,13,12,,23968.0,0.8981884889,1.0,24.0,1,,83657.00000000003,61760.32,Air Transportation.,28,21896.67968750003,5,low,0.3545428452557466,0.3389037869884882
5107,136516,2,Public,1,Polk State College,13,12,,23968.0,0.8981884889,1.0,24.0,1,,44127.00000000001,52032.902,Health and Medical Administrative Services.,27,-7905.902343749993,25,high,-0.1519404451345125,-0.1449577564331309
5108,136516,1,Public,2,Polk State College,13,12,,23968.0,0.8981884889,1.0,24.0,1,,53931.99999999999,46995.344,Allied Health and Medical Assisting Services.,60,6936.656249999993,22,high,0.14760305375998,0.1448930325181669
5109,136516,1,Public,1,Polk State College,13,12,,23968.0,0.8981884889,1.0,24.0,1,,75539.00000000004,56034.426,"Allied Health Diagnostic, Intervention, and Treatment Professions.",21,19504.574218750044,22,high,0.3480819861506742,0.3269126594546704
5109,136516,1,Public,2,Polk State College,13,12,,23968.0,0.8981884889,1.0,24.0,1,,69815.00000000001,61807.105,"Allied Health Diagnostic, Intervention, and Treatment Professions.",68,8007.894531250015,39,high,0.1295626849132879,0.1275067685214456
5138,136516,1,Public,2,Polk State College,13,12,,23968.0,0.8981884889,1.0,24.0,1,,79660.00000000003,80251.76,"Registered Nursing, Nursing Administration, Nursing Research and Clinical Nursing.",151,-591.7578124999709,58,high,-0.0073737676112036,-0.0073277202439075
5138,136516,1,Public,3,Polk State College,13,12,,23968.0,0.8981884889,1.0,24.0,1,,94269.00000000006,90070.08,"Registered Nursing, Nursing Administration, Nursing Research and Clinical Nursing.",112,4198.921875000058,57,high,0.0466183882862048,0.046205547717774
5139,136516,0,Public,99,Polk State College,13,12,,23968.0,0.8981884889,1.0,24.0,1,,55070.00000000004,52359.895,"Practical Nursing, Vocational Nursing and Nursing Assistants.",27,2710.1054687500364,4,low,0.051759185021516,0.0493805012146962
5202,136516,2,Public,2,Polk State College,13,12,,23968.0,0.8981884889,1.0,24.0,1,,54430.99999999996,48080.547,"Business Administration, Management and Operations.",28,6350.453124999956,26,high,0.1320794695099847,0.1262533795261769
5202,136516,2,Public,3,Polk State College,13,12,,23968.0,0.8981884889,1.0,24.0,1,,52404.0,56133.53,"Business Administration, Management and Operations.",329,-3729.53125,58,high,-0.066440346205727,-0.0662727497661347
5108,136765,1,Public,1,Ridge Technical College,13,-2,,16062.0,,1.0,26.0,1,,32113.999999999985,33382.87,Allied Health and Medical Assisting Services.,22,-1268.8710937500146,33,high,-0.0380096454312335,-0.0358138315457274
5139,136765,1,Public,1,Ridge Technical College,13,-2,,16062.0,,1.0,26.0,1,,41699.99999999999,48396.64,"Practical Nursing, Vocational Nursing and Nursing Assistants.",38,-6696.640625000015,47,high,-0.1383699475525325,-0.1340597783518075
1003,136774,1,"Private, nonprofit",3,Ringling College of Art and Design,13,11,0.6965,51310.0,0.5492424242,2.0,20.0,1,mid,75212.99999999993,40448.094,Graphic Communications.,78,34764.90624999993,4,low,0.859494305587638,0.8478744171132918
5004,136774,1,"Private, nonprofit",3,Ringling College of Art and Design,13,11,0.6965,51310.0,0.5492424242,2.0,20.0,1,mid,47937.000000000015,49082.324,Design and Applied Arts.,168,-1145.3242187499854,7,medium,-0.0233347592433786,-0.023206109495471
5006,136774,1,"Private, nonprofit",3,Ringling College of Art and Design,13,11,0.6965,51310.0,0.5492424242,2.0,20.0,1,mid,41023.99999999998,46764.965,Film/Video and Photographic Arts.,44,-5740.964843750022,7,medium,-0.1227620904438097,-0.1195321642718103
5007,136774,1,"Private, nonprofit",3,Ringling College of Art and Design,13,11,0.6965,51310.0,0.5492424242,2.0,20.0,1,mid,36345.99999999997,43478.27,Fine and Studio Arts.,30,-7132.269531250029,12,medium,-0.1640421665384753,-0.1573495629534402
301,136950,1,"Private, nonprofit",3,Rollins College,21,11,0.4754,43978.0,0.58,2.0,22.0,1,mid,63363.00000000003,51584.523,Natural Resources Conservation and Research.,23,11778.47656250003,9,medium,0.2283335345100333,0.215777559209246
901,136950,1,"Private, nonprofit",3,Rollins College,21,11,0.4754,43978.0,0.58,2.0,22.0,1,mid,62086.00000000001,64325.633,Communication and Media Studies.,92,-2239.6328124999927,15,medium,-0.034817112783456,-0.0344290121282666
1101,136950,1,"Private, nonprofit",3,Rollins College,21,11,0.4754,43978.0,0.58,2.0,22.0,1,mid,118277.0000000001,107092.63,"Computer and Information Sciences, General.",24,11184.367187500102,19,high,0.1044363827256159,0.0989593511485063
2301,136950,1,"Private, nonprofit",3,Rollins College,21,11,0.4754,43978.0,0.58,2.0,22.0,1,mid,55912.00000000004,54329.96,"English Language and Literature, General.",29,1582.0390625000364,11,medium,0.0291190907411102,0.0278845788769936
4201,136950,1,"Private, nonprofit",3,Rollins College,21,11,0.4754,43978.0,0.58,2.0,22.0,1,mid,48340.00000000003,57121.027,"Psychology, General.",43,-8781.02734374997,29,high,-0.153726705419817,-0.1495733124184468
4228,136950,1,"Private, nonprofit",5,Rollins College,21,11,0.4754,43978.0,0.58,2.0,22.0,1,mid,53922.99999999996,73252.93,"Clinical, Counseling and Applied Psychology.",41,-19329.929687500044,9,medium,-0.263879271040248,-0.2563473508941407
4506,136950,1,"Private, nonprofit",3,Rollins College,21,11,0.4754,43978.0,0.58,2.0,22.0,1,mid,68193.99999999999,80319.59,Economics.,37,-12125.593750000016,8,medium,-0.1509668212185151,-0.1461181300256663
4509,136950,1,"Private, nonprofit",3,Rollins College,21,11,0.4754,43978.0,0.58,2.0,22.0,1,mid,70501.99999999999,60492.457,International Relations and National Security Studies.,25,10009.542968749984,6,medium,0.1654676212536568,0.1571769218797354
5009,136950,1,"Private, nonprofit",3,Rollins College,21,11,0.4754,43978.0,0.58,2.0,22.0,1,mid,45909.99999999999,40676.863,Music.,31,5233.136718749993,10,medium,0.1286514322052508,0.1235944689857658
5122,136950,1,"Private, nonprofit",5,Rollins College,21,11,0.4754,43978.0,0.58,2.0,22.0,1,mid,76051.0,86736.93,Public Health.,32,-10685.9296875,11,medium,-0.1231993076766699,-0.1185283902895178
5201,136950,0,"Private, nonprofit",3,Rollins College,21,11,0.4754,43978.0,0.58,2.0,22.0,1,mid,80654.00000000003,65893.34,"Business/Commerce, General.",73,14760.65625000003,9,medium,0.2240083050877203,0.2207362004564675
5202,136950,1,"Private, nonprofit",3,Rollins College,21,11,0.4754,43978.0,0.58,2.0,22.0,1,mid,61095.00000000002,70346.016,"Business Administration, Management and Operations.",56,-9251.015624999978,58,high,-0.1315073148465894,-0.1288910121578836
5202,136950,1,"Private, nonprofit",5,Rollins College,21,11,0.4754,43978.0,0.58,2.0,22.0,1,mid,105299.0,90341.41,"Business Administration, Management and Operations.",207,14957.59375,35,high,0.165567422191859,0.1648518702273433
5210,136950,0,"Private, nonprofit",3,Rollins College,21,11,0.4754,43978.0,0.58,2.0,22.0,1,mid,72875.99999999994,69945.58,Human Resources Management and Services.,20,2930.421874999942,5,low,0.0418957417116915,0.0392073029219104
5210,136950,1,"Private, nonprofit",5,Rollins College,21,11,0.4754,43978.0,0.58,2.0,22.0,1,mid,96438.99999999993,75240.01,Human Resources Management and Services.,29,21198.992187499916,7,medium,0.2817515947144548,0.2698066583322998
5211,136950,1,"Private, nonprofit",3,Rollins College,21,11,0.4754,43978.0,0.58,2.0,22.0,1,mid,69695.00000000006,67686.28,International Business.,46,2008.7187500000584,7,medium,0.0296768963060746,0.0289351831173648
1204,137023,1,Public,1,First Coast Technical College,23,-2,,16017.0,,1.0,27.0,1,,17839.999999999993,25112.348,Cosmetology and Related Personal Grooming Services.,29,-7272.347656250007,80,high,-0.2895925046832511,-0.2773151507655346
4706,137023,1,Public,1,First Coast Technical College,23,-2,,16017.0,,1.0,27.0,1,,53062.00000000004,47349.758,Vehicle Maintenance and Repair Technologies/Technicians.,20,5712.242187500036,24,high,0.120639311612108,0.1128979185334896
4805,137023,1,Public,1,First Coast Technical College,23,-2,,16017.0,,1.0,27.0,1,,49829.00000000002,42957.31,Precision Metal Working.,21,6871.691406250022,15,medium,0.1599655944751112,0.1502369556362767
5106,137023,1,Public,1,First Coast Technical College,23,-2,,16017.0,,1.0,27.0,1,,31395.000000000004,34749.457,Dental Support Services and Allied Professions.,22,-3354.4570312499964,17,high,-0.0965326459125203,-0.090955963417998
5139,137023,1,Public,1,First Coast Technical College,23,-2,,16017.0,,1.0,27.0,1,,49411.99999999996,48358.71,"Practical Nursing, Vocational Nursing and Nursing Assistants.",45,1053.2890624999563,47,high,0.0217807514319654,0.0212223764577526
1101,137032,2,"Private, nonprofit",3,Saint Leo University,31,12,0.784,22361.0,0.7686491935,2.0,30.0,1,open,81025.00000000003,64114.09,"Computer and Information Sciences, General.",86,16910.91015625003,19,high,0.2637627734786996,0.2605814100573497
1107,137032,2,"Private, nonprofit",3,Saint Leo University,31,12,0.784,22361.0,0.7686491935,2.0,30.0,1,open,72645.00000000003,78361.414,Computer Science.,35,-5716.414062499971,5,low,-0.0729493479780831,-0.070452423513597
1110,137032,2,"Private, nonprofit",3,Saint Leo University,31,12,0.784,22361.0,0.7686491935,2.0,30.0,1,open,52933.99999999999,71296.91,Computer/Information Technology Administration and Management.,31,-18362.906250000007,9,medium,-0.257555442666911,-0.2474315880139227
1110,137032,2,"Private, nonprofit",5,Saint Leo University,31,12,0.784,22361.0,0.7686491935,2.0,30.0,1,open,94011.00000000004,66135.86,Computer/Information Technology Administration and Management.,44,27875.140625000044,3,low,0.4214830031457506,0.4103935945344131
1304,137032,1,"Private, nonprofit",5,Saint Leo University,31,12,0.784,22361.0,0.7686491935,2.0,30.0,1,open,69559.99999999999,65076.0,Educational Administration and Supervision.,130,4483.999999999985,20,high,0.0689040506484723,0.0683914584832292
1305,137032,3,"Private, nonprofit",5,Saint Leo University,31,12,0.784,22361.0,0.7686491935,2.0,30.0,1,open,70165.99999999997,65249.938,Educational/Instructional Media Design.,23,4916.062499999971,4,low,0.0753420261896798,0.0711989964679228
1312,137032,1,"Private, nonprofit",3,Saint Leo University,31,12,0.784,22361.0,0.7686491935,2.0,30.0,1,open,49634.0,50652.97,"Teacher Education and Professional Development, Specific Levels and Methods.",97,-1018.96875,24,high,-0.0201166639418346,-0.0199058853935802
1313,137032,3,"Private, nonprofit",5,Saint Leo University,31,12,0.784,22361.0,0.7686491935,2.0,30.0,1,open,51744.99999999999,59689.254,"Teacher Education and Professional Development, Specific Subject Areas.",20,-7944.253906250015,8,medium,-0.1330935367147918,-0.1245529592681502
2401,137032,3,"Private, nonprofit",2,Saint Leo University,31,12,0.784,22361.0,0.7686491935,2.0,30.0,1,open,52156.00000000001,44411.973,"Liberal Arts and Sciences, General Studies and Humanities.",472,7744.027343750007,36,high,0.1743680111597161,0.1740781901183433
2401,137032,3,"Private, nonprofit",3,Saint Leo University,31,12,0.784,22361.0,0.7686491935,2.0,30.0,1,open,59222.00000000005,51960.453,"Liberal Arts and Sciences, General Studies and Humanities.",33,7261.546875000051,12,medium,0.1397514155146246,0.1346354875970774
2601,137032,1,"Private, nonprofit",3,Saint Leo University,31,12,0.784,22361.0,0.7686491935,2.0,30.0,1,open,55096.99999999996,54807.637,"Biology, General.",26,289.3632812499636,24,high,0.0052796161004871,0.0050264635930051
3105,137032,1,"Private, nonprofit",3,Saint Leo University,31,12,0.784,22361.0,0.7686491935,2.0,30.0,1,open,50423.99999999999,45524.137,"Sports, Kinesiology, and Physical Education/Fitness.",57,4899.863281249993,18,high,0.1076322064385657,0.105534514299026
3906,137032,3,"Private, nonprofit",5,Saint Leo University,31,12,0.784,22361.0,0.7686491935,2.0,30.0,1,open,51192.99999999996,63463.848,Theological and Ministerial Studies.,32,-12270.847656250044,1,low,-0.1933517760019013,-0.186021132758887
4201,137032,2,"Private, nonprofit",3,Saint Leo University,31,12,0.784,22361.0,0.7686491935,2.0,30.0,1,open,48785.99999999999,43267.027,"Psychology, General.",311,5518.972656249985,29,high,0.1275560858942903,0.1272126405466881
4301,137032,3,"Private, nonprofit",2,Saint Leo University,31,12,0.784,22361.0,0.7686491935,2.0,30.0,1,open,47269.00000000003,52835.816,Criminal Justice and Corrections.,52,-5566.816406249971,10,medium,-0.1053606584489431,-0.1030760939645792
4301,137032,2,"Private, nonprofit",3,Saint Leo University,31,12,0.784,22361.0,0.7686491935,2.0,30.0,1,open,60388.99999999996,53540.473,Criminal Justice and Corrections.,469,6848.527343749964,23,high,0.1279130908634312,0.1276989148856503
4301,137032,1,"Private, nonprofit",5,Saint Leo University,31,12,0.784,22361.0,0.7686491935,2.0,30.0,1,open,62657.99999999996,63278.727,Criminal Justice and Corrections.,267,-620.7265625000364,10,medium,-0.0098094035107825,-0.0097778757647777
4400,137032,3,"Private, nonprofit",3,Saint Leo University,31,12,0.784,22361.0,0.7686491935,2.0,30.0,1,open,38043.00000000002,45883.68,"Human Services, General.",75,-7840.679687499978,5,low,-0.1708816673139665,-0.1684631387421014
4400,137032,3,"Private, nonprofit",5,Saint Leo University,31,12,0.784,22361.0,0.7686491935,2.0,30.0,1,open,44950.0,54506.15,"Human Services, General.",39,-9556.1484375,3,low,-0.1753223941049081,-0.1700217372446641
4407,137032,2,"Private, nonprofit",3,Saint Leo University,31,12,0.784,22361.0,0.7686491935,2.0,30.0,1,open,44711.00000000004,51507.586,Social Work.,81,-6796.585937499964,12,medium,-0.1319531058152683,-0.1302461335206361
4407,137032,3,"Private, nonprofit",5,Saint Leo University,31,12,0.784,22361.0,0.7686491935,2.0,30.0,1,open,62036.00000000002,56629.5,Social Work.,129,5406.500000000022,9,medium,0.0954714415631432,0.0947547670108881
4511,137032,3,"Private, nonprofit",3,Saint Leo University,31,12,0.784,22361.0,0.7686491935,2.0,30.0,1,open,50231.00000000005,49864.96,Sociology.,62,366.03906250004366,12,medium,0.0073406066227311,0.0072108811900974
5107,137032,3,"Private, nonprofit",3,Saint Leo University,31,12,0.784,22361.0,0.7686491935,2.0,30.0,1,open,56144.99999999996,52373.633,Health and Medical Administrative Services.,130,3771.367187499964,18,high,0.072008890446871,0.0714732007055056
5202,137032,3,"Private, nonprofit",2,Saint Leo University,31,12,0.784,22361.0,0.7686491935,2.0,30.0,1,open,53605.99999999997,51508.18,"Business Administration, Management and Operations.",106,2097.820312499971,26,high,0.0407279062321254,0.0403432362118816
5202,137032,1,"Private, nonprofit",3,Saint Leo University,31,12,0.784,22361.0,0.7686491935,2.0,30.0,1,open,67504.99999999997,57016.855,"Business Administration, Management and Operations.",525,10488.14453124997,58,high,0.1839481403354197,0.1836776722789267
5202,137032,1,"Private, nonprofit",5,Saint Leo University,31,12,0.784,22361.0,0.7686491935,2.0,30.0,1,open,82550.99999999997,76794.695,"Business Administration, Management and Operations.",929,5756.304687499971,35,high,0.074957061344874,0.0748997680714573
5203,137032,3,"Private, nonprofit",3,Saint Leo University,31,12,0.784,22361.0,0.7686491935,2.0,30.0,1,open,66056.00000000006,61037.883,Accounting and Related Services.,135,5018.117187500058,24,high,0.0822131593737454,0.0816279575060772
5203,137032,3,"Private, nonprofit",5,Saint Leo University,31,12,0.784,22361.0,0.7686491935,2.0,30.0,1,open,88964.99999999993,75437.234,Accounting and Related Services.,62,13527.765624999927,19,high,0.1793247822123639,0.1761557001255489
5210,137032,3,"Private, nonprofit",3,Saint Leo University,31,12,0.784,22361.0,0.7686491935,2.0,30.0,1,open,62121.99999999999,53003.227,Human Resources Management and Services.,92,9118.773437499984,5,low,0.1720418553528504,0.1701241329616313
5214,137032,3,"Private, nonprofit",3,Saint Leo University,31,12,0.784,22361.0,0.7686491935,2.0,30.0,1,open,46324.000000000015,54603.906,Marketing.,50,-8279.906249999985,17,high,-0.1516357861302273,-0.1481947802040042
183,137078,3,Public,2,St Petersburg College,11,15,,22640.0,0.8076387681,1.0,26.0,1,,46358.000000000015,47687.047,Veterinary/Animal Health Technologies/Technicians.,100,-1329.0468749999854,4,low,-0.0278701861845997,-0.0275883884681247
183,137078,3,Public,3,St Petersburg College,11,15,,22640.0,0.8076387681,1.0,26.0,1,,61428.0,49948.535,Veterinary/Animal Health Technologies/Technicians.,33,11479.46484375,1,low,0.2298258559102826,0.2214125421123801
302,137078,3,Public,3,St Petersburg College,11,15,,22640.0,0.8076387681,1.0,26.0,1,,48189.99999999997,49620.082,Environmental/Natural Resources Management and Policy.,30,-1430.082031250029,3,low,-0.0288206301301433,-0.0276448040812553
1102,137078,3,Public,2,St Petersburg College,11,15,,22640.0,0.8076387681,1.0,26.0,1,,76683.00000000001,56833.527,Computer Programming.,29,19849.47265625001,6,medium,0.3492563911473087,0.3344495703463699
1108,137078,1,Public,2,St Petersburg College,11,15,,22640.0,0.8076387681,1.0,26.0,1,,40278.00000000004,48589.902,Computer Software and Media Applications.,29,-8311.902343749964,4,low,-0.1710623389392159,-0.1638101040119126
1110,137078,2,Public,1,St Petersburg College,11,15,,22640.0,0.8076387681,1.0,26.0,1,,62752.99999999999,52883.664,Computer/Information Technology Administration and Management.,26,9869.335937499993,3,low,0.1866235275573194,0.1776751091388062
1110,137078,3,Public,2,St Petersburg College,11,15,,22640.0,0.8076387681,1.0,26.0,1,,55722.00000000002,62690.74,Computer/Information Technology Administration and Management.,44,-6968.738281249978,8,medium,-0.111160571279063,-0.1082358863281091
1110,137078,3,Public,3,St Petersburg College,11,15,,22640.0,0.8076387681,1.0,26.0,1,,71667.99999999994,65121.566,Computer/Information Technology Administration and Management.,142,6546.433593749942,9,medium,0.1005263533268089,0.0998518538338038
1312,137078,3,Public,3,St Petersburg College,11,15,,22640.0,0.8076387681,1.0,26.0,1,,52046.99999999996,53966.78,"Teacher Education and Professional Development, Specific Levels and Methods.",64,-1919.7812500000364,24,high,-0.0355733880274735,-0.0349675564646185
1313,137078,1,Public,3,St Petersburg College,11,15,,22640.0,0.8076387681,1.0,26.0,1,,51755.00000000004,51676.94,"Teacher Education and Professional Development, Specific Subject Areas.",23,78.05859375003638,11,medium,0.0015105111027448,0.0014274486645518
2203,137078,1,Public,3,St Petersburg College,11,15,,22640.0,0.8076387681,1.0,26.0,1,,52656.99999999997,56752.445,Legal Support Services.,41,-4095.445312500029,4,low,-0.0721633277640987,-0.070103566040285
2401,137078,3,Public,2,St Petersburg College,11,15,,22640.0,0.8076387681,1.0,26.0,1,,43490.99999999996,45810.355,"Liberal Arts and Sciences, General Studies and Humanities.",1906,-2319.3554687500364,36,high,-0.0506295016709095,-0.0506123933308234
2601,137078,1,Public,3,St Petersburg College,11,15,,22640.0,0.8076387681,1.0,26.0,1,,49403.00000000002,48517.023,"Biology, General.",38,885.9765625000218,24,high,0.0182611483501526,0.0176923207934405
4301,137078,0,Public,99,St Petersburg College,11,15,,22640.0,0.8076387681,1.0,26.0,1,,76867.00000000006,66922.14,Criminal Justice and Corrections.,29,9944.859375000058,4,low,0.1486034260429047,0.1423033429074331
4302,137078,0,Public,99,St Petersburg College,11,15,,22640.0,0.8076387681,1.0,26.0,1,,73936.0,65212.55,Fire Protection.,23,8723.44921875,2,low,0.1337694832396922,0.126413549600068
4399,137078,3,Public,3,St Petersburg College,11,15,,22640.0,0.8076387681,1.0,26.0,1,,63161.99999999999,55387.58,"Homeland Security, Law Enforcement, Firefighting and Related Protective Services, Other.",73,7774.421874999985,4,low,0.140363997455431,0.1383136909457896
4404,137078,3,Public,3,St Petersburg College,11,15,,22640.0,0.8076387681,1.0,26.0,1,,47320.00000000003,57859.203,Public Administration.,21,-10539.20312499997,7,medium,-0.1821525799833588,-0.1710745936824001
5106,137078,1,Public,2,St Petersburg College,11,15,,22640.0,0.8076387681,1.0,26.0,1,,63102.00000000003,67682.66,Dental Support Services and Allied Professions.,45,-4580.656249999971,10,medium,-0.0676784349757249,-0.0659434193357746
5106,137078,3,Public,3,St Petersburg College,11,15,,22640.0,0.8076387681,1.0,26.0,1,,63700.00000000002,55264.43,Dental Support Services and Allied Professions.,39,8435.570312500022,1,low,0.1526401405062906,0.1480252536742118
5107,137078,1,Public,1,St Petersburg College,11,15,,22640.0,0.8076387681,1.0,26.0,1,,42416.000000000015,59584.094,Health and Medical Administrative Services.,32,-17168.093749999985,25,high,-0.2881321619496811,-0.2772080622089538
5107,137078,3,Public,2,St Petersburg College,11,15,,22640.0,0.8076387681,1.0,26.0,1,,53013.99999999996,44198.848,Health and Medical Administrative Services.,40,8815.152343749956,15,medium,0.1994430355358696,0.1935861684718773
5108,137078,1,Public,2,St Petersburg College,11,15,,22640.0,0.8076387681,1.0,26.0,1,,57311.99999999995,50225.535,Allied Health and Medical Assisting Services.,32,7086.464843749949,22,high,0.1410928688306493,0.1357435438494258
5109,137078,1,Public,2,St Petersburg College,11,15,,22640.0,0.8076387681,1.0,26.0,1,,70197.99999999999,69144.6,"Allied Health Diagnostic, Intervention, and Treatment Professions.",55,1053.3984374999854,39,high,0.0152347170089311,0.0149252113654429
5122,137078,3,Public,3,St Petersburg College,11,15,,22640.0,0.8076387681,1.0,26.0,1,,59200.000000000015,55387.58,Public Health.,122,3812.421875000015,12,medium,0.0688317128868868,0.068280179835545
5138,137078,1,Public,2,St Petersburg College,11,15,,22640.0,0.8076387681,1.0,26.0,1,,81621.00000000006,79978.77,"Registered Nursing, Nursing Administration, Nursing Research and Clinical Nursing.",259,1642.2265625000582,58,high,0.0205332801681859,0.0204649109739257
5138,137078,3,Public,3,St Petersburg College,11,15,,22640.0,0.8076387681,1.0,26.0,1,,91608.00000000007,94558.5,"Registered Nursing, Nursing Administration, Nursing Research and Clinical Nursing.",308,-2950.4999999999272,57,high,-0.0312029061374696,-0.031117942498469
5202,137078,1,Public,2,St Petersburg College,11,15,,22640.0,0.8076387681,1.0,26.0,1,,55764.99999999996,50912.992,"Business Administration, Management and Operations.",31,4852.007812499964,26,high,0.0952999932636293,0.0915539909650893
5202,137078,3,Public,3,St Petersburg College,11,15,,22640.0,0.8076387681,1.0,26.0,1,,62039.99999999999,58850.168,"Business Administration, Management and Operations.",409,3189.832031249985,58,high,0.0542025985880586,0.0540963097955256
4702,137087,1,Public,1,Pinellas Technical College-St. Petersburg,11,-2,,12455.0,,1.0,29.0,1,,48020.0,41353.11,"Heating, Air Conditioning, Ventilation and Refrigeration Maintenance Technology/Technician (HAC, HACR, HVAC, HVACR).",47,6666.890625,13,medium,0.1612186054630867,0.1572882942026447
5107,137087,1,Public,1,Pinellas Technical College-St. Petersburg,11,-2,,12455.0,,1.0,29.0,1,,38323.000000000015,38903.332,Health and Medical Administrative Services.,28,-580.3320312499854,25,high,-0.0149172834548932,-0.0142592747875007
5139,137087,1,Public,1,Pinellas Technical College-St. Petersburg,11,-2,,12455.0,,1.0,29.0,1,,56727.00000000001,48972.12,"Practical Nursing, Vocational Nursing and Nursing Assistants.",38,7754.878906250007,47,high,0.1583529308727392,0.1534202996362267
1102,137096,1,Public,2,Santa Fe College,22,12,,25000.0,0.8128164557,1.0,22.0,1,,49154.000000000015,73004.86,Computer Programming.,23,-23850.859374999985,6,medium,-0.3267023535034374,-0.308737113793464
1312,137096,1,Public,3,Santa Fe College,22,12,,25000.0,0.8128164557,1.0,22.0,1,,45196.00000000002,50150.34,"Teacher Education and Professional Development, Specific Levels and Methods.",21,-4954.339843749978,24,high,-0.0987897561449409,-0.0927816525795196
2401,137096,1,Public,2,Santa Fe College,22,12,,25000.0,0.8128164557,1.0,22.0,1,,47029.99999999997,45520.58,"Liberal Arts and Sciences, General Studies and Humanities.",1193,1509.421874999971,36,high,0.0331591103886045,0.0331400508614618
5106,137096,1,Public,2,Santa Fe College,22,12,,25000.0,0.8128164557,1.0,22.0,1,,58179.00000000001,62217.41,Dental Support Services and Allied Professions.,34,-4038.4101562499927,10,medium,-0.064908040146771,-0.0626115152562419
5107,137096,1,Public,3,Santa Fe College,22,12,,25000.0,0.8128164557,1.0,22.0,1,,61061.99999999999,57994.94,Health and Medical Administrative Services.,43,3067.058593749985,18,high,0.052884933054169,0.0514560862560459
5108,137096,1,Public,2,Santa Fe College,22,12,,25000.0,0.8128164557,1.0,22.0,1,,49896.0,49443.605,Allied Health and Medical Assisting Services.,29,452.39453125,22,high,0.0091497075700907,0.0087618032001054
5109,137096,1,Public,1,Santa Fe College,22,12,,25000.0,0.8128164557,1.0,22.0,1,,60573.99999999998,57024.15,"Allied Health Diagnostic, Intervention, and Treatment Professions.",28,3549.851562499978,22,high,0.0622517242215499,0.0595057702265233
5109,137096,1,Public,2,Santa Fe College,22,12,,25000.0,0.8128164557,1.0,22.0,1,,66996.99999999997,64328.883,"Allied Health Diagnostic, Intervention, and Treatment Professions.",147,2668.117187499971,39,high,0.0414761934429478,0.0412089313453834
5138,137096,1,Public,2,Santa Fe College,22,12,,25000.0,0.8128164557,1.0,22.0,1,,77373.99999999997,77474.1,"Registered Nursing, Nursing Administration, Nursing Research and Clinical Nursing.",162,-100.1015625000291,58,high,-0.0012920648381998,-0.0012846324113461
5138,137096,3,Public,3,Santa Fe College,22,12,,25000.0,0.8128164557,1.0,22.0,1,,89675.00000000004,89518.766,"Registered Nursing, Nursing Administration, Nursing Research and Clinical Nursing.",79,156.23437500004366,57,high,0.0017452695410761,0.0017220230486795
5202,137096,1,Public,3,Santa Fe College,22,12,,25000.0,0.8128164557,1.0,22.0,1,,57645.00000000002,57613.195,"Business Administration, Management and Operations.",87,31.804687500021828,58,high,0.0005520382497014,0.0005454692553293
1101,137209,1,Public,2,Seminole State College of Florida,13,12,,24900.0,0.8147863904,1.0,24.0,1,,67998.0,54950.1,"Computer and Information Sciences, General.",32,13047.8984375,8,medium,0.2374499421563284,0.2284473829349158
1101,137209,3,Public,3,Seminole State College of Florida,13,12,,24900.0,0.8147863904,1.0,24.0,1,,76080.00000000004,80035.31,"Computer and Information Sciences, General.",152,-3955.312499999956,19,high,-0.0494195921331594,-0.0491133496152369
1102,137209,2,Public,2,Seminole State College of Florida,13,12,,24900.0,0.8147863904,1.0,24.0,1,,79878.00000000004,51036.375,Computer Programming.,23,28841.625000000044,6,medium,0.5651189960101994,0.5340433146779071
1110,137209,2,Public,2,Seminole State College of Florida,13,12,,24900.0,0.8147863904,1.0,24.0,1,,65360.00000000005,60011.223,Computer/Information Technology Administration and Management.,20,5348.777343750044,8,medium,0.089129617878115,0.0834101936065304
1312,137209,2,Public,2,Seminole State College of Florida,13,12,,24900.0,0.8147863904,1.0,24.0,1,,40187.00000000002,41021.785,"Teacher Education and Professional Development, Specific Levels and Methods.",22,-834.7851562499782,4,low,-0.0203498007965845,-0.019174194587964
1510,137209,2,Public,3,Seminole State College of Florida,13,12,,24900.0,0.8147863904,1.0,24.0,1,,80202.0,79833.37,Construction Engineering Technology/Technician.,35,368.6328125,5,low,0.0046175280523269,0.0044594784044703
2203,137209,2,Public,2,Seminole State College of Florida,13,12,,24900.0,0.8147863904,1.0,24.0,1,,59640.99999999995,44050.688,Legal Support Services.,21,15590.312499999947,10,medium,0.3539175750662223,0.3323933449476572
2401,137209,3,Public,2,Seminole State College of Florida,13,12,,24900.0,0.8147863904,1.0,24.0,1,,45534.99999999999,46391.88,"Liberal Arts and Sciences, General Studies and Humanities.",1739,-856.8789062500073,36,high,-0.0184704505713513,-0.0184635272322363
4301,137209,3,Public,2,Seminole State College of Florida,13,12,,24900.0,0.8147863904,1.0,24.0,1,,55297.00000000004,47542.83,Criminal Justice and Corrections.,32,7754.171875000036,10,medium,0.1630986666298585,0.1569150247559764
4301,137209,0,Public,99,Seminole State College of Florida,13,12,,24900.0,0.8147863904,1.0,24.0,1,,61270.99999999996,55190.953,Criminal Justice and Corrections.,45,6080.046874999964,4,low,0.1101638317647728,0.1073396534111023
4302,137209,0,Public,99,Seminole State College of Florida,13,12,,24900.0,0.8147863904,1.0,24.0,1,,54434.0,59008.645,Fire Protection.,27,-4574.64453125,2,low,-0.0775249892213223,-0.0739621928517894
5004,137209,3,Public,2,Seminole State College of Florida,13,12,,24900.0,0.8147863904,1.0,24.0,1,,43175.0,42039.39,Design and Applied Arts.,35,1135.609375,5,low,0.0270129837306603,0.0260883780720036
5004,137209,2,Public,3,Seminole State College of Florida,13,12,,24900.0,0.8147863904,1.0,24.0,1,,51719.0,53268.91,Design and Applied Arts.,29,-1549.91015625,7,medium,-0.0290959614473762,-0.0278624301560315
5100,137209,3,Public,3,Seminole State College of Florida,13,12,,24900.0,0.8147863904,1.0,24.0,1,,59669.00000000002,55520.312,"Health Services/Allied Health/Health Sciences, General.",114,4148.687500000022,15,medium,0.0747237778966035,0.074075602406507
5107,137209,3,Public,1,Seminole State College of Florida,13,12,,24900.0,0.8147863904,1.0,24.0,1,,38734.0,52686.332,Health and Medical Administrative Services.,32,-13952.33203125,25,high,-0.2648188153044021,-0.2547786062141314
5107,137209,2,Public,2,Seminole State College of Florida,13,12,,24900.0,0.8147863904,1.0,24.0,1,,38887.00000000002,50200.777,Health and Medical Administrative Services.,31,-11313.777343749978,15,medium,-0.2253705608237667,-0.2165118126753417
5108,137209,2,Public,2,Seminole State College of Florida,13,12,,24900.0,0.8147863904,1.0,24.0,1,,53360.99999999997,47381.15,Allied Health and Medical Assisting Services.,50,5979.851562499971,22,high,0.1262074001939385,0.1233434297349626
5109,137209,1,Public,1,Seminole State College of Florida,13,12,,24900.0,0.8147863904,1.0,24.0,1,,61349.99999999996,59784.11,"Allied Health Diagnostic, Intervention, and Treatment Professions.",31,1565.8906249999563,22,high,0.0261924220561319,0.0251628640271489
5109,137209,2,Public,2,Seminole State College of Florida,13,12,,24900.0,0.8147863904,1.0,24.0,1,,71774.99999999999,64467.93,"Allied Health Diagnostic, Intervention, and Treatment Professions.",69,7307.070312499985,39,high,0.1133442681953658,0.1115760814401512
5138,137209,2,Public,2,Seminole State College of Florida,13,12,,24900.0,0.8147863904,1.0,24.0,1,,82579.00000000004,78672.16,"Registered Nursing, Nursing Administration, Nursing Research and Clinical Nursing.",253,3906.843750000044,58,high,0.0496598026064659,0.0494898846491048
5202,137209,3,Public,2,Seminole State College of Florida,13,12,,24900.0,0.8147863904,1.0,24.0,1,,40824.99999999998,50840.066,"Business Administration, Management and Operations.",51,-10015.066406250022,26,high,-0.1969916074896948,-0.1926228519549063
5212,137209,3,Public,3,Seminole State College of Florida,13,12,,24900.0,0.8147863904,1.0,24.0,1,,65553.00000000001,61756.785,Management Information Systems and Services.,195,3796.214843750015,7,medium,0.0614704090270447,0.0611855956043331
1109,137245,2,Public,1,Sheridan Technical College,21,-2,,16902.0,,1.0,28.0,1,,34963.999999999985,39168.582,Computer Systems Networking and Telecommunications.,32,-4204.582031250015,1,low,-0.1073457810623692,-0.1032759264125562
1204,137245,2,Public,1,Sheridan Technical College,21,-2,,16902.0,,1.0,28.0,1,,20311.999999999985,25312.588,Cosmetology and Related Personal Grooming Services.,65,-5000.587890625015,80,high,-0.1975534035568555,-0.1942492344205163
4603,137245,1,Public,1,Sheridan Technical College,21,-2,,16902.0,,1.0,28.0,1,,34718.99999999998,38826.758,Electrical and Power Transmission Installers.,36,-4107.757812500022,5,low,-0.1057970854104526,-0.1022907422302984
4702,137245,1,Public,1,Sheridan Technical College,21,-2,,16902.0,,1.0,28.0,1,,39280.00000000001,40973.895,"Heating, Air Conditioning, Ventilation and Refrigeration Maintenance Technology/Technician (HAC, HACR, HVAC, HVACR).",42,-1693.8945312499927,13,medium,-0.0413408232394919,-0.0401931465790541
4706,137245,1,Public,1,Sheridan Technical College,21,-2,,16902.0,,1.0,28.0,1,,54757.99999999998,44101.04,Vehicle Maintenance and Repair Technologies/Technicians.,59,10656.960937499978,24,high,0.2416487494182831,0.237124374275821
5107,137245,2,Public,1,Sheridan Technical College,21,-2,,16902.0,,1.0,28.0,1,,38953.00000000003,33633.02,Health and Medical Administrative Services.,36,5319.980468750029,25,high,0.158177307387075,0.1529349708816779
5139,137245,1,Public,1,Sheridan Technical College,21,-2,,16902.0,,1.0,28.0,1,,58084.99999999995,55210.164,"Practical Nursing, Vocational Nursing and Nursing Assistants.",73,2874.835937499949,47,high,0.0520707733135066,0.0513101719668498
1312,137281,1,Public,3,Saint Johns River State College,32,9,,24832.0,0.8578217822,1.0,25.0,1,,50390.00000000004,52040.84,"Teacher Education and Professional Development, Specific Levels and Methods.",22,-1650.8398437499636,24,high,-0.031722006191801,-0.0298894286741262
2401,137281,3,Public,2,Saint Johns River State College,32,9,,24832.0,0.8578217822,1.0,25.0,1,,45213.99999999999,41736.19,"Liberal Arts and Sciences, General Studies and Humanities.",415,3477.8085937499927,36,high,0.0833283650608615,0.0831676878166734
5109,137281,1,Public,1,Saint Johns River State College,32,9,,24832.0,0.8578217822,1.0,25.0,1,,47114.99999999996,58139.53,"Allied Health Diagnostic, Intervention, and Treatment Professions.",26,-11024.531250000044,22,high,-0.1896219493513725,-0.1805297594954658
5109,137281,1,Public,2,Saint Johns River State College,32,9,,24832.0,0.8578217822,1.0,25.0,1,,64282.00000000003,59825.508,"Allied Health Diagnostic, Intervention, and Treatment Professions.",47,4456.492187500029,39,high,0.0744915062228504,0.072675494945033
5138,137281,1,Public,2,Saint Johns River State College,32,9,,24832.0,0.8578217822,1.0,25.0,1,,72063.00000000004,74455.55,"Registered Nursing, Nursing Administration, Nursing Research and Clinical Nursing.",124,-2392.5468749999563,58,high,-0.0321338970085961,-0.0318812654150444
5138,137281,3,Public,3,Saint Johns River State College,32,9,,24832.0,0.8578217822,1.0,25.0,1,,80690.00000000001,85210.23,"Registered Nursing, Nursing Administration, Nursing Research and Clinical Nursing.",37,-4520.226562499985,57,high,-0.0530479350290717,-0.0513441629465823
5202,137281,2,Public,3,Saint Johns River State College,32,9,,24832.0,0.8578217822,1.0,25.0,1,,58402.99999999999,54853.758,"Business Administration, Management and Operations.",54,3549.242187499985,58,high,0.0647037200191814,0.0633608850512138
2401,137315,1,Public,2,South Florida State College,23,9,,20658.0,0.9552590267,1.0,23.0,1,,40829.99999999998,44962.02,"Liberal Arts and Sciences, General Studies and Humanities.",203,-4132.019531250022,36,high,-0.0919002209938132,-0.0914939108689072
5109,137315,1,Public,2,South Florida State College,23,9,,20658.0,0.9552590267,1.0,23.0,1,,62709.00000000002,60252.54,"Allied Health Diagnostic, Intervention, and Treatment Professions.",28,2456.460937500022,39,high,0.0407694177825756,0.0389710588289096
5138,137315,1,Public,2,South Florida State College,23,9,,20658.0,0.9552590267,1.0,23.0,1,,82431.99999999993,76963.33,"Registered Nursing, Nursing Administration, Nursing Research and Clinical Nursing.",38,5468.671874999927,58,high,0.0710555534464151,0.0688422010283337
5138,137315,1,Public,3,South Florida State College,23,9,,20658.0,0.9552590267,1.0,23.0,1,,102065.99999999996,87146.02,"Registered Nursing, Nursing Administration, Nursing Research and Clinical Nursing.",25,14919.976562499956,57,high,0.1712066250871489,0.1626283748611105
5202,137315,1,Public,3,South Florida State College,23,9,,20658.0,0.9552590267,1.0,23.0,1,,44874.00000000002,52334.535,"Business Administration, Management and Operations.",38,-7460.535156249978,58,high,-0.1425547228799454,-0.1381141995810422
301,137351,1,Public,3,University of South Florida,11,15,0.4319,32495.0,0.6858996244,2.0,22.0,1,mid,53991.00000000001,52822.617,Natural Resources Conservation and Research.,122,1168.3828125000073,9,medium,0.022118987560815,0.0219417530828345
402,137351,1,Public,5,University of South Florida,11,15,0.4319,32495.0,0.6858996244,2.0,22.0,1,mid,70924.00000000003,75687.0,Architecture.,50,-4762.999999999971,4,low,-0.0629302257983533,-0.0615021771467987
901,137351,1,Public,3,University of South Florida,11,15,0.4319,32495.0,0.6858996244,2.0,22.0,1,mid,53810.00000000005,57540.492,Communication and Media Studies.,628,-3730.492187499956,15,medium,-0.0648324692000177,-0.0647548852159145
904,137351,1,Public,5,University of South Florida,11,15,0.4319,32495.0,0.6858996244,2.0,22.0,1,mid,69612.00000000004,71348.945,Journalism.,23,-1736.9453124999563,2,low,-0.0243443726447859,-0.0230056847367789
1101,137351,1,Public,3,University of South Florida,11,15,0.4319,32495.0,0.6858996244,2.0,22.0,1,mid,90952.99999999993,93036.85,"Computer and Information Sciences, General.",395,-2083.8515625000728,19,high,-0.0223981307138299,-0.0223524052954232
1104,137351,3,Public,5,University of South Florida,11,15,0.4319,32495.0,0.6858996244,2.0,22.0,1,mid,93932.99999999996,83137.64,Information Science/Studies.,33,10795.359374999956,5,low,0.129849239091273,0.125095803536484
1105,137351,3,Public,5,University of South Florida,11,15,0.4319,32495.0,0.6858996244,2.0,22.0,1,mid,115355.99999999996,92375.55,Computer Systems Analysis.,29,22980.45312499996,3,low,0.248772038731164,0.2382252796992787
1303,137351,3,Public,5,University of South Florida,11,15,0.4319,32495.0,0.6858996244,2.0,22.0,1,mid,58876.99999999995,64768.28,Curriculum and Instruction.,77,-5891.281250000051,7,medium,-0.090959357517304,-0.0897109595157439
1303,137351,2,Public,6,University of South Florida,11,15,0.4319,32495.0,0.6858996244,2.0,22.0,1,mid,84486.00000000006,97814.805,Curriculum and Instruction.,51,-13328.804687499942,2,low,-0.1362657189786656,-0.1332437038706304
1304,137351,1,Public,5,University of South Florida,11,15,0.4319,32495.0,0.6858996244,2.0,22.0,1,mid,65844.99999999997,70468.82,Educational Administration and Supervision.,83,-4623.820312500029,20,high,-0.065615123000432,-0.0647901685132506
1310,137351,1,Public,5,University of South Florida,11,15,0.4319,32495.0,0.6858996244,2.0,22.0,1,mid,58410.99999999999,61364.61,Special Education and Teaching.,40,-2953.6093750000077,8,medium,-0.0481321303122856,-0.0467186766512521
1312,137351,1,Public,3,University of South Florida,11,15,0.4319,32495.0,0.6858996244,2.0,22.0,1,mid,51649.99999999997,50841.953,"Teacher Education and Professional Development, Specific Levels and Methods.",331,808.0468749999709,24,high,0.0158933090751511,0.0158534985790838
1312,137351,1,Public,5,University of South Florida,11,15,0.4319,32495.0,0.6858996244,2.0,22.0,1,mid,59327.99999999997,61833.16,"Teacher Education and Professional Development, Specific Levels and Methods.",58,-2505.160156250029,7,medium,-0.0405148329782852,-0.0397410356412222
1313,137351,1,Public,3,University of South Florida,11,15,0.4319,32495.0,0.6858996244,2.0,22.0,1,mid,52092.99999999997,51116.65,"Teacher Education and Professional Development, Specific Subject Areas.",154,976.3515624999708,11,medium,0.0191004612458844,0.0189838935635607
1313,137351,1,Public,5,University of South Florida,11,15,0.4319,32495.0,0.6858996244,2.0,22.0,1,mid,57164.000000000015,59058.64,"Teacher Education and Professional Development, Specific Subject Areas.",73,-1894.6406249999852,8,medium,-0.0320806677050058,-0.0316120631979983
1408,137351,1,Public,3,University of South Florida,11,15,0.4319,32495.0,0.6858996244,2.0,22.0,1,mid,84789.0,74641.53,Civil Engineering.,99,10147.46875,8,medium,0.1359493646507955,0.1345585146280797
1408,137351,1,Public,5,University of South Florida,11,15,0.4319,32495.0,0.6858996244,2.0,22.0,1,mid,85379.99999999997,88606.555,Civil Engineering.,27,-3226.554687500029,2,low,-0.0364144018338093,-0.034740914356348
1409,137351,1,Public,3,University of South Florida,11,15,0.4319,32495.0,0.6858996244,2.0,22.0,1,mid,109054.00000000004,95660.445,Computer Engineering.,63,13393.554687500044,13,medium,0.1400114189699459,0.1375827927945443
1410,137351,1,Public,3,University of South Florida,11,15,0.4319,32495.0,0.6858996244,2.0,22.0,1,mid,102274.99999999996,95829.555,"Electrical, Electronics, and Communications Engineering.",91,6445.445312499971,10,medium,0.0672594726493153,0.0665000985565919
1419,137351,1,Public,3,University of South Florida,11,15,0.4319,32495.0,0.6858996244,2.0,22.0,1,mid,88249.00000000003,84456.055,Mechanical Engineering.,205,3792.945312500029,12,medium,0.0449102829457815,0.0447139807532825
1435,137351,1,Public,3,University of South Florida,11,15,0.4319,32495.0,0.6858996244,2.0,22.0,1,mid,90040.00000000004,85265.984,Industrial Engineering.,71,4774.015625000044,4,low,0.0559896852184795,0.0551448830311149
2301,137351,1,Public,3,University of South Florida,11,15,0.4319,32495.0,0.6858996244,2.0,22.0,1,mid,45177.99999999998,44698.11,"English Language and Literature, General.",221,479.8906249999782,11,medium,0.0107362622650072,0.0106932675513501
2401,137351,1,Public,3,University of South Florida,11,15,0.4319,32495.0,0.6858996244,2.0,22.0,1,mid,59586.99999999998,52340.973,"Liberal Arts and Sciences, General Studies and Humanities.",248,7246.027343749978,12,medium,0.138438912691561,0.137954102689575
2601,137351,1,Public,3,University of South Florida,11,15,0.4319,32495.0,0.6858996244,2.0,22.0,1,mid,49394.99999999999,50824.27,"Biology, General.",650,-1429.2695312500146,24,high,-0.0281217919004464,-0.0280894431050915
2701,137351,1,Public,3,University of South Florida,11,15,0.4319,32495.0,0.6858996244,2.0,22.0,1,mid,59124.99999999995,68566.74,Mathematics.,43,-9441.742187500053,6,medium,-0.1377014845138919,-0.1339810614390827
3105,137351,1,Public,5,University of South Florida,11,15,0.4319,32495.0,0.6858996244,2.0,22.0,1,mid,70317.00000000001,65319.168,"Sports, Kinesiology, and Physical Education/Fitness.",49,4997.832031250015,6,medium,0.0765140185747785,0.0747365810361401
3801,137351,1,Public,3,University of South Florida,11,15,0.4319,32495.0,0.6858996244,2.0,22.0,1,mid,49560.99999999997,46414.223,Philosophy.,23,3146.777343749971,4,low,0.0677976956989117,0.0640695258771967
4005,137351,1,Public,3,University of South Florida,11,15,0.4319,32495.0,0.6858996244,2.0,22.0,1,mid,59941.99999999999,57557.727,Chemistry.,48,2384.2734374999927,4,low,0.0414240377425434,0.0404384868530489
4201,137351,1,Public,3,University of South Florida,11,15,0.4319,32495.0,0.6858996244,2.0,22.0,1,mid,47256.99999999997,50913.09,"Psychology, General.",670,-3656.089843750029,29,high,-0.0718104097584806,-0.071730628202514
4201,137351,1,Public,6,University of South Florida,11,15,0.4319,32495.0,0.6858996244,2.0,22.0,1,mid,113606.00000000004,99928.85,"Psychology, General.",27,13677.148437500044,3,low,0.1368688644334688,0.1305788165636971
4301,137351,3,Public,5,University of South Florida,11,15,0.4319,32495.0,0.6858996244,2.0,22.0,1,mid,70885.0,67779.81,Criminal Justice and Corrections.,26,3105.1875,10,medium,0.045812866478496,0.0436161836509509
4303,137351,3,Public,5,University of South Florida,11,15,0.4319,32495.0,0.6858996244,2.0,22.0,1,mid,114398.00000000006,82567.79,Homeland Security.,175,31830.21093750006,2,low,0.3855039755685605,0.3834774992422807
4400,137351,1,Public,3,University of South Florida,11,15,0.4319,32495.0,0.6858996244,2.0,22.0,1,mid,43976.00000000003,48484.316,"Human Services, General.",92,-4508.316406249971,5,low,-0.0929850463080637,-0.0919485572223828
4400,137351,3,Public,5,University of South Florida,11,15,0.4319,32495.0,0.6858996244,2.0,22.0,1,mid,59321.99999999997,58482.19,"Human Services, General.",30,839.8085937499709,3,low,0.0143600739568083,0.0137742106725523
4404,137351,1,Public,5,University of South Florida,11,15,0.4319,32495.0,0.6858996244,2.0,22.0,1,mid,62465.00000000004,72501.83,Public Administration.,24,-10036.828124999964,10,medium,-0.1384355178975007,-0.1311754454674725
4407,137351,3,Public,3,University of South Florida,11,15,0.4319,32495.0,0.6858996244,2.0,22.0,1,mid,52450.99999999997,48456.35,Social Work.,121,3994.648437499971,12,medium,0.0824380769226422,0.0817711300593058
4407,137351,3,Public,5,University of South Florida,11,15,0.4319,32495.0,0.6858996244,2.0,22.0,1,mid,56830.00000000005,64093.3,Social Work.,172,-7263.300781249956,9,medium,-0.1133238683718217,-0.11271601562266
4501,137351,1,Public,3,University of South Florida,11,15,0.4319,32495.0,0.6858996244,2.0,22.0,1,mid,47969.00000000001,50979.656,"Social Sciences, General.",145,-3010.6562499999927,5,low,-0.0590560327679728,-0.0586693499771296
4502,137351,1,Public,3,University of South Florida,11,15,0.4319,32495.0,0.6858996244,2.0,22.0,1,mid,44282.99999999999,43807.95,Anthropology.,88,475.0507812499855,7,medium,0.0108439401917189,0.0107166152417656
4504,137351,3,Public,3,University of South Florida,11,15,0.4319,32495.0,0.6858996244,2.0,22.0,1,mid,53882.99999999996,59389.277,Criminology.,430,-5506.277343750036,7,medium,-0.0927150083318787,-0.092543412962887
4506,137351,1,Public,3,University of South Florida,11,15,0.4319,32495.0,0.6858996244,2.0,22.0,1,mid,67007.0,73382.98,Economics.,163,-6375.9765625,8,medium,-0.0868863169793828,-0.0863900939036479
4507,137351,1,Public,3,University of South Florida,11,15,0.4319,32495.0,0.6858996244,2.0,22.0,1,mid,54944.00000000005,57599.184,Geography and Cartography.,24,-2655.1835937499563,4,low,-0.0460975907658188,-0.0436800619921883
4509,137351,1,Public,3,University of South Florida,11,15,0.4319,32495.0,0.6858996244,2.0,22.0,1,mid,58999.00000000001,59443.676,International Relations and National Security Studies.,107,-444.6757812499927,6,medium,-0.0074806238915369,-0.0074107421202479
4510,137351,1,Public,3,University of South Florida,11,15,0.4319,32495.0,0.6858996244,2.0,22.0,1,mid,64819.99999999997,57599.184,Political Science and Government.,174,7220.816406249971,14,medium,0.1253631728043015,0.1246997549717416
4511,137351,1,Public,3,University of South Florida,11,15,0.4319,32495.0,0.6858996244,2.0,22.0,1,mid,47378.99999999996,49531.766,Sociology.,74,-2152.7656250000364,12,medium,-0.0434623235783357,-0.0428374725115544
5004,137351,1,Public,3,University of South Florida,11,15,0.4319,32495.0,0.6858996244,2.0,22.0,1,mid,54770.00000000001,51088.67,Design and Applied Arts.,26,3681.3281250000073,7,medium,0.0720576204056979,0.0686025269023638
5005,137351,1,Public,3,University of South Florida,11,15,0.4319,32495.0,0.6858996244,2.0,22.0,1,mid,45671.000000000015,40685.83,Drama/Theatre Arts and Stagecraft.,31,4985.171875000015,11,medium,0.1225284602708332,0.1177121756301681
5007,137351,1,Public,3,University of South Florida,11,15,0.4319,32495.0,0.6858996244,2.0,22.0,1,mid,38820.00000000001,40295.742,Fine and Studio Arts.,98,-1475.7421874999927,12,medium,-0.036622782144903,-0.0362436315686706
5007,137351,1,Public,5,University of South Florida,11,15,0.4319,32495.0,0.6858996244,2.0,22.0,1,mid,43971.00000000002,59866.15,Fine and Studio Arts.,21,-15895.148437499978,2,low,-0.2655114593532678,-0.249363830207791
5009,137351,1,Public,5,University of South Florida,11,15,0.4319,32495.0,0.6858996244,2.0,22.0,1,mid,46861.99999999997,52427.254,Music.,21,-5565.253906250029,4,low,-0.1061519246497589,-0.099696075563252
5100,137351,3,Public,3,University of South Florida,11,15,0.4319,32495.0,0.6858996244,2.0,22.0,1,mid,56452.000000000015,55595.82,"Health Services/Allied Health/Health Sciences, General.",885,856.1796875000146,15,medium,0.015400072931517,0.0153876312696901
5102,137351,1,Public,3,University of South Florida,11,15,0.4319,32495.0,0.6858996244,2.0,22.0,1,mid,51378.000000000015,56043.67,Communication Disorders Sciences and Services.,171,-4665.671874999985,5,low,-0.0832506457715032,-0.0828010519491547
5102,137351,3,Public,5,University of South Florida,11,15,0.4319,32495.0,0.6858996244,2.0,22.0,1,mid,65422.00000000002,69791.86,Communication Disorders Sciences and Services.,109,-4369.859374999978,8,medium,-0.0626127375618437,-0.0620403624075068
5102,137351,1,Public,6,University of South Florida,11,15,0.4319,32495.0,0.6858996244,2.0,22.0,1,mid,90868.99999999996,96711.195,Communication Disorders Sciences and Services.,24,-5842.195312500044,2,low,-0.0604086765097084,-0.0572406212770379
5109,137351,1,Public,5,University of South Florida,11,15,0.4319,32495.0,0.6858996244,2.0,22.0,1,mid,67543.00000000004,103982.03,"Allied Health Diagnostic, Intervention, and Treatment Professions.",68,-36439.03124999996,9,medium,-0.3504358475397638,-0.3448750890256257
5112,137351,1,Public,7,University of South Florida,11,15,0.4319,32495.0,0.6858996244,2.0,22.0,1,mid,97088.99999999996,95837.695,Medicine.,268,1251.304687499971,7,medium,0.0130564981077624,0.0130147159489094
5122,137351,3,Public,3,University of South Florida,11,15,0.4319,32495.0,0.6858996244,2.0,22.0,1,mid,53559.99999999996,59811.31,Public Health.,273,-6251.308593750044,12,medium,-0.104517168086225,-0.104189807323321
5122,137351,1,Public,5,University of South Florida,11,15,0.4319,32495.0,0.6858996244,2.0,22.0,1,mid,79273.00000000006,72645.73,Public Health.,242,6627.273437500058,11,medium,0.0912272992658192,0.0908985929197631
5122,137351,1,Public,6,University of South Florida,11,15,0.4319,32495.0,0.6858996244,2.0,22.0,1,mid,113870.00000000006,103416.15,Public Health.,30,10453.851562500058,1,low,0.1010852920017408,0.0969612073110738
5123,137351,2,Public,5,University of South Florida,11,15,0.4319,32495.0,0.6858996244,2.0,22.0,1,mid,55073.99999999996,69515.92,Rehabilitation and Therapeutic Professions.,63,-14441.921875000036,9,medium,-0.2077498432800584,-0.2041462321529272
5123,137351,1,Public,7,University of South Florida,11,15,0.4319,32495.0,0.6858996244,2.0,22.0,1,mid,85202.00000000004,71505.82,Rehabilitation and Therapeutic Professions.,35,13696.179687500044,2,low,0.1915393687904563,0.1849833220388279
5138,137351,1,Public,3,University of South Florida,11,15,0.4319,32495.0,0.6858996244,2.0,22.0,1,mid,84694.00000000004,86117.28,"Registered Nursing, Nursing Administration, Nursing Research and Clinical Nursing.",571,-1423.2812499999563,57,high,-0.0165272431890661,-0.016505180553454
5138,137351,1,Public,5,University of South Florida,11,15,0.4319,32495.0,0.6858996244,2.0,22.0,1,mid,116242.0,115205.45,"Registered Nursing, Nursing Administration, Nursing Research and Clinical Nursing.",361,1036.5468749999854,18,high,0.0089973768331548,0.0089769937484648
5138,137351,1,Public,6,University of South Florida,11,15,0.4319,32495.0,0.6858996244,2.0,22.0,1,mid,127777.99999999996,122736.43,"Registered Nursing, Nursing Administration, Nursing Research and Clinical Nursing.",87,5041.570312499956,8,medium,0.0410763970023922,0.040587607283781
5201,137351,1,Public,3,University of South Florida,11,15,0.4319,32495.0,0.6858996244,2.0,22.0,1,mid,64837.99999999999,69304.36,"Business/Commerce, General.",229,-4466.359375000015,9,medium,-0.0644455762275057,-0.0641979609494344
5202,137351,1,Public,3,University of South Florida,11,15,0.4319,32495.0,0.6858996244,2.0,22.0,1,mid,60599.99999999996,71164.72,"Business Administration, Management and Operations.",144,-10564.718750000044,58,high,-0.148454443937503,-0.1474745116103971
5202,137351,1,Public,5,University of South Florida,11,15,0.4319,32495.0,0.6858996244,2.0,22.0,1,mid,112593.99999999996,92070.88,"Business Administration, Management and Operations.",322,20523.11718749997,35,high,0.2229056196766873,0.2223291485044387
5202,137351,2,Public,6,University of South Florida,11,15,0.4319,32495.0,0.6858996244,2.0,22.0,1,mid,200931.0000000001,136191.25,"Business Administration, Management and Operations.",22,64739.75000000006,1,low,0.475359099795325,0.4478976462592561
5203,137351,3,Public,3,University of South Florida,11,15,0.4319,32495.0,0.6858996244,2.0,22.0,1,mid,78918.00000000001,74197.45,Accounting and Related Services.,405,4720.546875000015,24,high,0.0636214138920285,0.0634952305919851
5203,137351,1,Public,5,University of South Florida,11,15,0.4319,32495.0,0.6858996244,2.0,22.0,1,mid,94391.00000000006,95562.89,Accounting and Related Services.,108,-1171.8906249999418,19,high,-0.0122630303178937,-0.0121497125274199
5208,137351,1,Public,3,University of South Florida,11,15,0.4319,32495.0,0.6858996244,2.0,22.0,1,mid,73933.0,75818.19,Finance and Financial Management Services.,463,-1885.1875,15,medium,-0.0248645814699804,-0.0248223258120787
5209,137351,1,Public,3,University of South Florida,11,15,0.4319,32495.0,0.6858996244,2.0,22.0,1,mid,57695.000000000015,56449.52,Hospitality Administration/Management.,47,1245.4804687500146,7,medium,0.0220636150509753,0.0215257312600083
5211,137351,1,Public,3,University of South Florida,11,15,0.4319,32495.0,0.6858996244,2.0,22.0,1,mid,66141.00000000001,62964.32,International Business.,48,3176.6796875000146,7,medium,0.0504520603372472,0.0492517168735985
5212,137351,1,Public,3,University of South Florida,11,15,0.4319,32495.0,0.6858996244,2.0,22.0,1,mid,83227.00000000006,78483.086,Management Information Systems and Services.,201,4743.914062500058,7,medium,0.0604450501128086,0.0601747083215175
5214,137351,1,Public,3,University of South Florida,11,15,0.4319,32495.0,0.6858996244,2.0,22.0,1,mid,65269.000000000015,62009.613,Marketing.,408,3259.3867187500146,17,high,0.0525626035428858,0.0524592387986795
5401,137351,1,Public,3,University of South Florida,11,15,0.4319,32495.0,0.6858996244,2.0,22.0,1,mid,47935.99999999997,51468.406,History.,140,-3532.406250000029,9,medium,-0.0686325166713323,-0.0681643163509588
1304,137476,1,"Private, nonprofit",5,St. Thomas University,21,13,0.9791,26170.0,0.7702970297,2.0,24.0,1,open,69390.00000000004,71793.15,Educational Administration and Supervision.,70,-2403.1484374999563,20,high,-0.0334732281534084,-0.0329597354207758
1304,137476,3,"Private, nonprofit",6,St. Thomas University,21,13,0.9791,26170.0,0.7702970297,2.0,24.0,1,open,88145.00000000003,89398.305,Educational Administration and Supervision.,42,-1253.304687499971,5,low,-0.0140193339446537,-0.0136301384448459
1312,137476,3,"Private, nonprofit",5,St. Thomas University,21,13,0.9791,26170.0,0.7702970297,2.0,24.0,1,open,64253.99999999996,54974.42,"Teacher Education and Professional Development, Specific Levels and Methods.",20,9279.578124999956,7,medium,0.1687981029814141,0.1579663728542912
2201,137476,0,"Private, nonprofit",6,St. Thomas University,21,13,0.9791,26170.0,0.7702970297,2.0,24.0,1,open,99412.0,92757.08,Law.,309,6654.921875,2,low,0.0717457040424644,0.0715510777866638
5115,137476,3,"Private, nonprofit",5,St. Thomas University,21,13,0.9791,26170.0,0.7702970297,2.0,24.0,1,open,58658.99999999996,58828.453,Mental and Social Health Services and Allied Professions.,20,-169.45312500004366,12,medium,-0.0028804620213281,-0.0026956235266686
5202,137476,1,"Private, nonprofit",3,St. Thomas University,21,13,0.9791,26170.0,0.7702970297,2.0,24.0,1,open,63851.99999999996,62221.805,"Business Administration, Management and Operations.",49,1630.1953124999636,58,high,0.0261997433325404,0.0255911175124701
5202,137476,2,"Private, nonprofit",5,St. Thomas University,21,13,0.9791,26170.0,0.7702970297,2.0,24.0,1,open,79954.99999999996,74729.28,"Business Administration, Management and Operations.",87,5225.718749999956,35,high,0.0699286633377054,0.0690965452803767
301,137546,1,"Private, nonprofit",3,Stetson University,13,14,0.716,52032.0,0.5486725664,2.0,20.0,1,open,51955.00000000001,47742.2,Natural Resources Conservation and Research.,20,4212.800781250007,9,medium,0.0882406099883956,0.0825782331206162
901,137546,1,"Private, nonprofit",3,Stetson University,13,14,0.716,52032.0,0.5486725664,2.0,20.0,1,open,58070.99999999996,52714.773,Communication and Media Studies.,40,5356.226562499956,15,medium,0.1016076938820658,0.0986238706858978
1304,137546,1,"Private, nonprofit",5,Stetson University,13,14,0.716,52032.0,0.5486725664,2.0,20.0,1,open,69259.00000000001,69698.74,Educational Administration and Supervision.,85,-439.7421874999855,20,high,-0.0063091839780553,-0.0062320383507065
1313,137546,1,"Private, nonprofit",3,Stetson University,13,14,0.716,52032.0,0.5486725664,2.0,20.0,1,open,54537.00000000002,51407.28,"Teacher Education and Professional Development, Specific Subject Areas.",21,3129.718750000022,11,medium,0.060880845551427,0.0571782508746395
2201,137546,0,"Private, nonprofit",5,Stetson University,13,14,0.716,52032.0,0.5486725664,2.0,20.0,1,open,66503.99999999999,72887.99,Law.,20,-6383.992187500015,1,low,-0.0875863361838473,-0.0819659438950112
2201,137546,1,"Private, nonprofit",7,Stetson University,13,14,0.716,52032.0,0.5486725664,2.0,20.0,1,open,96451.00000000004,81317.39,Law.,381,15133.60937500003,8,medium,0.1861054475393778,0.1857093307015264
3105,137546,1,"Private, nonprofit",3,Stetson University,13,14,0.716,52032.0,0.5486725664,2.0,20.0,1,open,61973.99999999998,44637.79,"Sports, Kinesiology, and Physical Education/Fitness.",30,17336.210937499978,18,high,0.388375215296316,0.3725302565696751
4510,137546,1,"Private, nonprofit",3,Stetson University,13,14,0.716,52032.0,0.5486725664,2.0,20.0,1,open,52667.000000000015,55774.836,Political Science and Government.,34,-3107.835937499985,14,medium,-0.0557211130299433,-0.0537496327216196
5001,137546,1,"Private, nonprofit",3,Stetson University,13,14,0.716,52032.0,0.5486725664,2.0,20.0,1,open,35044.999999999985,46886.695,"Visual and Performing Arts, General.",28,-11841.695312500016,5,low,-0.2525598196583289,-0.241419282517449
5009,137546,1,"Private, nonprofit",3,Stetson University,13,14,0.716,52032.0,0.5486725664,2.0,20.0,1,open,41298.0,40951.04,Music.,37,346.9609375,10,medium,0.0084725795838895,0.0082004607058636
5100,137546,1,"Private, nonprofit",3,Stetson University,13,14,0.716,52032.0,0.5486725664,2.0,20.0,1,open,52590.99999999997,54865.895,"Health Services/Allied Health/Health Sciences, General.",37,-2274.894531250029,15,medium,-0.0414628167586753,-0.040131130810559
5115,137546,1,"Private, nonprofit",5,Stetson University,13,14,0.716,52032.0,0.5486725664,2.0,20.0,1,open,48738.99999999996,55503.746,Mental and Social Health Services and Allied Professions.,34,-6764.746093750044,12,medium,-0.121879090509024,-0.1175668610170211
5202,137546,1,"Private, nonprofit",3,Stetson University,13,14,0.716,52032.0,0.5486725664,2.0,20.0,1,open,59628.99999999999,65764.96,"Business Administration, Management and Operations.",70,-6135.960937500015,58,high,-0.0933013697572382,-0.0918700893592008
5202,137546,2,"Private, nonprofit",5,Stetson University,13,14,0.716,52032.0,0.5486725664,2.0,20.0,1,open,83957.99999999994,83344.914,"Business Administration, Management and Operations.",44,613.0859374999418,35,high,0.0073560089946243,0.0071624690680288
5203,137546,1,"Private, nonprofit",3,Stetson University,13,14,0.716,52032.0,0.5486725664,2.0,20.0,1,open,78681.99999999994,66799.086,Accounting and Related Services.,38,11882.914062499942,24,high,0.1778903692427481,0.1723491545196263
5203,137546,3,"Private, nonprofit",5,Stetson University,13,14,0.716,52032.0,0.5486725664,2.0,20.0,1,open,90653.00000000006,79677.83,Accounting and Related Services.,20,10975.171875000058,19,high,0.1377443654435712,0.1289053455336091
5208,137546,1,"Private, nonprofit",3,Stetson University,13,14,0.716,52032.0,0.5486725664,2.0,20.0,1,open,85032.99999999997,64048.21,Finance and Financial Management Services.,61,20984.78906249997,15,medium,0.327640518842556,0.321739647948834
5214,137546,1,"Private, nonprofit",3,Stetson University,13,14,0.716,52032.0,0.5486725664,2.0,20.0,1,open,63706.99999999998,57865.934,Marketing.,35,5841.066406249978,17,high,0.1009413664222098,0.0974863257085628
901,137564,1,"Private, nonprofit",3,Southeastern University,12,13,0.5298,39372.0,0.6645474944,2.0,23.0,1,mid,52898.99999999996,54023.11,Communication and Media Studies.,36,-1124.1093750000437,15,medium,-0.0208079354928844,-0.0201183157134216
1304,137564,1,"Private, nonprofit",5,Southeastern University,12,13,0.5298,39372.0,0.6645474944,2.0,23.0,1,mid,65848.99999999997,59521.67,Educational Administration and Supervision.,32,6327.328124999971,20,high,0.1063029301039768,0.1022726135876616
1310,137564,3,"Private, nonprofit",5,Southeastern University,12,13,0.5298,39372.0,0.6645474944,2.0,23.0,1,mid,49394.99999999999,60828.45,Special Education and Teaching.,26,-11433.449218750016,8,medium,-0.1879622013317039,-0.1789495947949192
1312,137564,1,"Private, nonprofit",3,Southeastern University,12,13,0.5298,39372.0,0.6645474944,2.0,23.0,1,mid,49334.00000000001,48688.38,"Teacher Education and Professional Development, Specific Levels and Methods.",46,645.6210937500073,24,high,0.0132602708953025,0.0129288576064102
1313,137564,1,"Private, nonprofit",3,Southeastern University,12,13,0.5298,39372.0,0.6645474944,2.0,23.0,1,mid,52697.00000000001,48618.92,"Teacher Education and Professional Development, Specific Subject Areas.",23,4078.0781250000073,11,medium,0.0838784153931839,0.0792659728353882
2401,137564,2,"Private, nonprofit",2,Southeastern University,12,13,0.5298,39372.0,0.6645474944,2.0,23.0,1,mid,46267.000000000015,44746.176,"Liberal Arts and Sciences, General Studies and Humanities.",35,1520.8242187500146,36,high,0.0339878032523906,0.0328244621151877
3105,137564,1,"Private, nonprofit",3,Southeastern University,12,13,0.5298,39372.0,0.6645474944,2.0,23.0,1,mid,46427.000000000015,49488.75,"Sports, Kinesiology, and Physical Education/Fitness.",64,-3061.749999999985,18,high,-0.0618675961708466,-0.0608139618515818
3906,137564,2,"Private, nonprofit",2,Southeastern University,12,13,0.5298,39372.0,0.6645474944,2.0,23.0,1,mid,45142.0,41962.324,Theological and Ministerial Studies.,32,3179.67578125,1,low,0.0757745391955488,0.0729016609358688
3906,137564,2,"Private, nonprofit",3,Southeastern University,12,13,0.5298,39372.0,0.6645474944,2.0,23.0,1,mid,44106.00000000003,46599.49,Theological and Ministerial Studies.,29,-2493.488281249971,4,low,-0.0535089198018782,-0.0512403944238443
4201,137564,2,"Private, nonprofit",3,Southeastern University,12,13,0.5298,39372.0,0.6645474944,2.0,23.0,1,mid,48011.0,48773.754,"Psychology, General.",39,-762.75390625,29,high,-0.0156386139093603,-0.0151657996603502
4301,137564,2,"Private, nonprofit",3,Southeastern University,12,13,0.5298,39372.0,0.6645474944,2.0,23.0,1,mid,48342.99999999999,51364.254,Criminal Justice and Corrections.,29,-3021.2539062500077,23,high,-0.0588201653189472,-0.0563264682258226
4400,137564,3,"Private, nonprofit",5,Southeastern University,12,13,0.5298,39372.0,0.6645474944,2.0,23.0,1,mid,51705.99999999999,60512.996,"Human Services, General.",20,-8806.996093750015,3,low,-0.1455389199388796,-0.1361997255052521
4407,137564,1,"Private, nonprofit",3,Southeastern University,12,13,0.5298,39372.0,0.6645474944,2.0,23.0,1,mid,52193.99999999997,51084.727,Social Work.,56,1109.273437499971,12,medium,0.0217143853386945,0.021282383477722
4407,137564,1,"Private, nonprofit",5,Southeastern University,12,13,0.5298,39372.0,0.6645474944,2.0,23.0,1,mid,61053.0,58247.582,Social Work.,24,2805.41796875,9,medium,0.0481636811506593,0.0456377989279376
5138,137564,2,"Private, nonprofit",3,Southeastern University,12,13,0.5298,39372.0,0.6645474944,2.0,23.0,1,mid,61909.00000000001,78420.695,"Registered Nursing, Nursing Administration, Nursing Research and Clinical Nursing.",35,-16511.695312499993,57,high,-0.2105527787875668,-0.2033459373422099
5202,137564,2,"Private, nonprofit",3,Southeastern University,12,13,0.5298,39372.0,0.6645474944,2.0,23.0,1,mid,55826.99999999996,58899.242,"Business Administration, Management and Operations.",128,-3072.2421875000364,58,high,-0.0521609798937625,-0.0517658442779495
5202,137564,2,"Private, nonprofit",5,Southeastern University,12,13,0.5298,39372.0,0.6645474944,2.0,23.0,1,mid,76931.99999999993,77793.945,"Business Administration, Management and Operations.",90,-861.9453125000728,35,high,-0.0110798508680543,-0.0109531300330417
1204,137591,1,"Private, for-profit",1,Bene's Career Academy,21,-2,,10523.0,0.85,1.0,29.0,1,,23095.99999999998,18594.299,Cosmetology and Related Personal Grooming Services.,269,4501.701171874982,80,high,0.2421011522664079,0.2413297481085511
5135,137591,1,"Private, for-profit",1,Bene's Career Academy,21,-2,,10523.0,0.85,1.0,29.0,1,,25078.000000000025,25681.283,Somatic Bodywork and Related Therapeutic Services.,28,-603.2832031249782,25,high,-0.0234911627411035,-0.022454956065973
1312,137759,2,Public,2,Tallahassee State College,12,12,,23457.0,0.8177727784,1.0,22.0,1,,40413.99999999999,44527.54,"Teacher Education and Professional Development, Specific Levels and Methods.",30,-4113.539062500007,4,low,-0.0923819090187341,-0.0886129055451903
2401,137759,2,Public,2,Tallahassee State College,12,12,,23457.0,0.8177727784,1.0,22.0,1,,42300.0,45132.664,"Liberal Arts and Sciences, General Studies and Humanities.",1147,-2832.6640625,36,high,-0.0627630591134019,-0.0627253328416759
4301,137759,1,Public,1,Tallahassee State College,12,12,,23457.0,0.8177727784,1.0,22.0,1,,54911.99999999999,65577.445,Criminal Justice and Corrections.,116,-10665.445312500016,19,high,-0.1626389265650003,-0.1612565588614031
5106,137759,1,Public,2,Tallahassee State College,12,12,,23457.0,0.8177727784,1.0,22.0,1,,65204.00000000005,64158.38,Dental Support Services and Allied Professions.,23,1045.6210937500437,10,medium,0.0162974986521703,0.0154013053226168
5109,137759,1,Public,2,Tallahassee State College,12,12,,23457.0,0.8177727784,1.0,22.0,1,,64789.00000000003,64927.53,"Allied Health Diagnostic, Intervention, and Treatment Professions.",39,-138.5312499999709,39,high,-0.0021336287909448,-0.0020691211497751
5109,137759,0,Public,99,Tallahassee State College,12,12,,23457.0,0.8177727784,1.0,22.0,1,,58514.00000000001,60121.953,"Allied Health Diagnostic, Intervention, and Treatment Professions.",20,-1607.9531249999927,4,low,-0.0267448584322749,-0.025028647860534
5138,137759,1,Public,2,Tallahassee State College,12,12,,23457.0,0.8177727784,1.0,22.0,1,,76269.99999999994,79110.04,"Registered Nursing, Nursing Administration, Nursing Research and Clinical Nursing.",55,-2840.039062500058,58,high,-0.0358998566573367,-0.0351705219260549
901,137847,1,"Private, nonprofit",3,The University of Tampa,11,13,0.4034,75458.0,0.429463171,2.0,20.0,1,mid,55511.99999999999,60464.19,Communication and Media Studies.,97,-4952.191406250015,15,medium,-0.0819028798876506,-0.0810447172136365
909,137847,1,"Private, nonprofit",3,The University of Tampa,11,13,0.4034,75458.0,0.429463171,2.0,20.0,1,mid,63367.99999999999,62016.12,"Public Relations, Advertising, and Applied Communication.",89,1351.8789062499927,11,medium,0.0217988304074411,0.0215462372770909
1110,137847,1,"Private, nonprofit",3,The University of Tampa,11,13,0.4034,75458.0,0.429463171,2.0,20.0,1,mid,99979.99999999996,78835.055,Computer/Information Technology Administration and Management.,34,21144.94531249997,9,medium,0.2682175511429269,0.258727690088986
1304,137847,1,"Private, nonprofit",5,The University of Tampa,11,13,0.4034,75458.0,0.429463171,2.0,20.0,1,mid,66099.00000000003,71822.39,Educational Administration and Supervision.,29,-5723.390624999971,20,high,-0.0796881108411304,-0.0763097114557566
1312,137847,1,"Private, nonprofit",3,The University of Tampa,11,13,0.4034,75458.0,0.429463171,2.0,20.0,1,mid,53942.000000000015,55326.656,"Teacher Education and Professional Development, Specific Levels and Methods.",38,-1384.6562499999854,24,high,-0.025026928136471,-0.024247349212358
2601,137847,1,"Private, nonprofit",3,The University of Tampa,11,13,0.4034,75458.0,0.429463171,2.0,20.0,1,mid,59431.99999999996,51640.14,"Biology, General.",60,7791.859374999956,24,high,0.1508876482653837,0.1481173212192283
2613,137847,1,"Private, nonprofit",3,The University of Tampa,11,13,0.4034,75458.0,0.429463171,2.0,20.0,1,mid,43683.000000000015,50385.96,"Ecology, Evolution, Systematics, and Population Biology.",47,-6702.960937499985,4,low,-0.1330323132234097,-0.1297891490913124
3105,137847,1,"Private, nonprofit",3,The University of Tampa,11,13,0.4034,75458.0,0.429463171,2.0,20.0,1,mid,60364.00000000001,55644.14,"Sports, Kinesiology, and Physical Education/Fitness.",127,4719.859375000007,18,high,0.084822217074181,0.0841737422754179
4201,137847,1,"Private, nonprofit",3,The University of Tampa,11,13,0.4034,75458.0,0.429463171,2.0,20.0,1,mid,53743.99999999996,53290.043,"Psychology, General.",72,453.9570312499636,29,high,0.0085186088424843,0.0083921569425773
4504,137847,1,"Private, nonprofit",3,The University of Tampa,11,13,0.4034,75458.0,0.429463171,2.0,20.0,1,mid,60741.99999999999,58573.508,Criminology.,118,2168.4921874999927,7,medium,0.0370217231046084,0.0367132819479611
4510,137847,1,"Private, nonprofit",3,The University of Tampa,11,13,0.4034,75458.0,0.429463171,2.0,20.0,1,mid,58753.99999999998,60775.855,Political Science and Government.,39,-2021.8554687500216,14,medium,-0.0332674127440234,-0.0322616134536107
4511,137847,1,"Private, nonprofit",3,The University of Tampa,11,13,0.4034,75458.0,0.429463171,2.0,20.0,1,mid,57474.0,53406.145,Sociology.,20,4067.85546875,12,medium,0.0761683043113089,0.0712806041418852
5005,137847,1,"Private, nonprofit",3,The University of Tampa,11,13,0.4034,75458.0,0.429463171,2.0,20.0,1,mid,28708.99999999997,48258.0,Drama/Theatre Arts and Stagecraft.,21,-19549.000000000025,11,medium,-0.4050934560072946,-0.3804568587289754
5006,137847,1,"Private, nonprofit",3,The University of Tampa,11,13,0.4034,75458.0,0.429463171,2.0,20.0,1,mid,42089.99999999999,44978.832,Film/Video and Photographic Arts.,28,-2888.8320312500146,7,medium,-0.0642264794524441,-0.0613934180385744
5100,137847,1,"Private, nonprofit",3,The University of Tampa,11,13,0.4034,75458.0,0.429463171,2.0,20.0,1,mid,72530.99999999996,57539.12,"Health Services/Allied Health/Health Sciences, General.",46,14991.878906249956,15,medium,0.2605510585019763,0.2540391188964975
5100,137847,0,"Private, nonprofit",5,The University of Tampa,11,13,0.4034,75458.0,0.429463171,2.0,20.0,1,mid,67471.99999999999,78764.34,"Health Services/Allied Health/Health Sciences, General.",37,-11292.343750000016,4,low,-0.1433687276801568,-0.1387640689768612
5122,137847,1,"Private, nonprofit",3,The University of Tampa,11,13,0.4034,75458.0,0.429463171,2.0,20.0,1,mid,58777.0,60704.78,Public Health.,28,-1927.78125,12,medium,-0.0317566624951803,-0.0303558605842644
5138,137847,1,"Private, nonprofit",3,The University of Tampa,11,13,0.4034,75458.0,0.429463171,2.0,20.0,1,mid,89222.99999999993,82077.66,"Registered Nursing, Nursing Administration, Nursing Research and Clinical Nursing.",54,7145.343749999927,57,high,0.0870558940941972,0.0852491711001759
5138,137847,1,"Private, nonprofit",5,The University of Tampa,11,13,0.4034,75458.0,0.429463171,2.0,20.0,1,mid,114519.99999999993,127326.62,"Registered Nursing, Nursing Administration, Nursing Research and Clinical Nursing.",74,-12806.617187500087,18,high,-0.1005808327463941,-0.0991347977564318
5202,137847,1,"Private, nonprofit",3,The University of Tampa,11,13,0.4034,75458.0,0.429463171,2.0,20.0,1,mid,67521.0,67507.06,"Business Administration, Management and Operations.",90,13.9375,58,high,0.0002064598796607,0.0002040985871976
5202,137847,1,"Private, nonprofit",5,The University of Tampa,11,13,0.4034,75458.0,0.429463171,2.0,20.0,1,mid,107129.99999999996,96857.59,"Business Administration, Management and Operations.",103,10272.406249999956,35,high,0.1060567979472436,0.1050208927419132
5203,137847,1,"Private, nonprofit",3,The University of Tampa,11,13,0.4034,75458.0,0.429463171,2.0,20.0,1,mid,84874.99999999997,77682.96,Accounting and Related Services.,79,7192.039062499971,24,high,0.0925819378626201,0.0913487728620676
5203,137847,1,"Private, nonprofit",5,The University of Tampa,11,13,0.4034,75458.0,0.429463171,2.0,20.0,1,mid,98376.0,94191.65,Accounting and Related Services.,46,4184.351562499985,19,high,0.0444238064829757,0.0433135245039815
5207,137847,1,"Private, nonprofit",3,The University of Tampa,11,13,0.4034,75458.0,0.429463171,2.0,20.0,1,mid,64033.99999999994,61243.535,Entrepreneurial and Small Business Operations.,44,2790.464843749942,2,low,0.0455634188429955,0.0443646246674098
5207,137847,1,"Private, nonprofit",5,The University of Tampa,11,13,0.4034,75458.0,0.429463171,2.0,20.0,1,mid,90975.00000000006,74831.19,Entrepreneurial and Small Business Operations.,21,16143.812500000058,3,low,0.2157364200588165,0.2026159629878939
5208,137847,1,"Private, nonprofit",3,The University of Tampa,11,13,0.4034,75458.0,0.429463171,2.0,20.0,1,mid,90485.0,78300.52,Finance and Financial Management Services.,110,12184.476562500016,15,medium,0.1556116872223178,0.1542042764696978
5208,137847,0,"Private, nonprofit",5,The University of Tampa,11,13,0.4034,75458.0,0.429463171,2.0,20.0,1,mid,82636.99999999993,102523.42,Finance and Financial Management Services.,25,-19886.421875000076,6,medium,-0.193969548726595,-0.1842507698863399
5211,137847,1,"Private, nonprofit",3,The University of Tampa,11,13,0.4034,75458.0,0.429463171,2.0,20.0,1,mid,75090.0,63490.785,International Business.,52,11599.21484375,7,medium,0.182691312057403,0.1787299654858035
5214,137847,1,"Private, nonprofit",3,The University of Tampa,11,13,0.4034,75458.0,0.429463171,2.0,20.0,1,mid,69875.99999999999,67484.85,Marketing.,100,2391.148437499985,17,high,0.0354323730753925,0.0350741134729699
5401,137847,1,"Private, nonprofit",3,The University of Tampa,11,13,0.4034,75458.0,0.429463171,2.0,20.0,1,mid,46595.99999999998,50046.473,History.,22,-3450.472656250022,9,medium,-0.068945371633881,-0.0649624035567661
1204,137865,1,Public,1,Tom P. Haney Technical College,22,-2,,16344.0,,1.0,28.0,1,,30083.0,24188.572,Cosmetology and Related Personal Grooming Services.,45,5894.427734374996,80,high,0.2436864677106932,0.2374392808058253
4706,137865,1,Public,1,Tom P. Haney Technical College,22,-2,,16344.0,,1.0,28.0,1,,51617.00000000005,47969.848,Vehicle Maintenance and Repair Technologies/Technicians.,38,3647.152343750044,24,high,0.0760301006141481,0.073661793017076
4805,137865,1,Public,1,Tom P. Haney Technical College,22,-2,,16344.0,,1.0,28.0,1,,45877.99999999996,41855.65,Precision Metal Working.,24,4022.351562499964,15,medium,0.0961005673704051,0.0910606968929997
5139,137865,1,Public,1,Tom P. Haney Technical College,22,-2,,16344.0,,1.0,28.0,1,,49097.99999999996,51905.133,"Practical Nursing, Vocational Nursing and Nursing Assistants.",32,-2807.1328125000364,47,high,-0.0540819888206511,-0.0520315511463005
3000,137953,0,"Private, nonprofit",3,Trinity Baptist College,11,8,0.5328,32858.0,0.7992277992,2.0,22.0,1,mid,36114.00000000003,48355.58,"Multi-/Interdisciplinary Studies, General.",26,-12241.57812499997,7,medium,-0.253157517698481,-0.241018858528284
1101,138187,1,Public,2,Valencia College,11,15,,23247.0,0.8727049583,1.0,22.0,1,,44212.99999999997,64846.16,"Computer and Information Sciences, General.",71,-20633.16015625003,8,medium,-0.3181863059668208,-0.313385341535224
1102,138187,1,Public,2,Valencia College,11,15,,23247.0,0.8727049583,1.0,22.0,1,,63998.99999999995,57690.71,Computer Programming.,43,6308.289062499949,6,medium,0.1093467034811569,0.1063923707793582
1108,138187,1,Public,2,Valencia College,11,15,,23247.0,0.8727049583,1.0,22.0,1,,46229.99999999996,47901.367,Computer Software and Media Applications.,44,-1671.3671875000364,4,low,-0.0348918472610148,-0.0339738269645997
1110,138187,1,Public,2,Valencia College,11,15,,23247.0,0.8727049583,1.0,22.0,1,,57409.00000000005,53762.684,Computer/Information Technology Administration and Management.,44,3646.316406250044,8,medium,0.0678224404459217,0.0660380013356622
1205,138187,1,Public,2,Valencia College,11,15,,23247.0,0.8727049583,1.0,22.0,1,,41849.99999999998,43764.52,Culinary Arts and Related Services.,58,-1914.5195312500216,6,medium,-0.0437459282486344,-0.0429104198607735
2203,138187,1,Public,2,Valencia College,11,15,,23247.0,0.8727049583,1.0,22.0,1,,51929.00000000003,48333.45,Legal Support Services.,41,3595.550781250029,10,medium,0.074390527458057,0.0722671946542635
2401,138187,1,Public,2,Valencia College,11,15,,23247.0,0.8727049583,1.0,22.0,1,,44728.00000000001,46945.754,"Liberal Arts and Sciences, General Studies and Humanities.",4116,-2217.7539062499927,36,high,-0.047240777316705,-0.0472340609256912
4301,138187,1,Public,2,Valencia College,11,15,,23247.0,0.8727049583,1.0,22.0,1,,47004.99999999998,51206.03,Criminal Justice and Corrections.,71,-4201.031250000022,10,medium,-0.0820417272623529,-0.0808038379908567
4302,138187,1,Public,2,Valencia College,11,15,,23247.0,0.8727049583,1.0,22.0,1,,61605.00000000004,55246.664,Fire Protection.,24,6358.335937500036,2,low,0.1150899524052151,0.109054208088146
5006,138187,1,Public,2,Valencia College,11,15,,23247.0,0.8727049583,1.0,22.0,1,,33162.00000000002,36491.863,Film/Video and Photographic Arts.,49,-3329.863281249978,4,low,-0.0912494726724712,-0.0891297272829319
5009,138187,1,Public,2,Valencia College,11,15,,23247.0,0.8727049583,1.0,22.0,1,,38507.00000000003,41234.02,Music.,24,-2727.019531249971,3,low,-0.0661351855155242,-0.0626668108938353
5106,138187,1,Public,2,Valencia College,11,15,,23247.0,0.8727049583,1.0,22.0,1,,75094.99999999994,62735.594,Dental Support Services and Allied Professions.,22,12359.406249999942,10,medium,0.1970078788008592,0.1856267509077385
5109,138187,1,Public,2,Valencia College,11,15,,23247.0,0.8727049583,1.0,22.0,1,,72153.00000000001,68994.34,"Allied Health Diagnostic, Intervention, and Treatment Professions.",87,3158.6562500000146,39,high,0.0457813797236098,0.0452366029333905
5109,138187,1,Public,3,Valencia College,11,15,,23247.0,0.8727049583,1.0,22.0,1,,89531.99999999996,60348.402,"Allied Health Diagnostic, Intervention, and Treatment Professions.",62,29183.59765624996,7,medium,0.4835852569885367,0.4750391912609603
5138,138187,1,Public,2,Valencia College,11,15,,23247.0,0.8727049583,1.0,22.0,1,,81132.99999999997,73648.42,"Registered Nursing, Nursing Administration, Nursing Research and Clinical Nursing.",270,7484.578124999971,58,high,0.1016257773683622,0.1013033610528282
5139,138187,0,Public,99,Valencia College,11,15,,23247.0,0.8727049583,1.0,22.0,1,,54862.00000000005,55810.223,"Practical Nursing, Vocational Nursing and Nursing Assistants.",37,-948.2226562499563,4,low,-0.0169901249470067,-0.0164444429982777
5202,138187,1,Public,2,Valencia College,11,15,,23247.0,0.8727049583,1.0,22.0,1,,46965.00000000003,49849.695,"Business Administration, Management and Operations.",229,-2884.695312499971,26,high,-0.0578678624696954,-0.057645520337068
5203,138187,1,Public,2,Valencia College,11,15,,23247.0,0.8727049583,1.0,22.0,1,,48119.00000000001,56429.062,Accounting and Related Services.,31,-8310.062499999993,8,medium,-0.1472656487957777,-0.1414770076847661
5209,138187,1,Public,2,Valencia College,11,15,,23247.0,0.8727049583,1.0,22.0,1,,46639.000000000015,46897.52,Hospitality Administration/Management.,69,-258.51953124998545,2,low,-0.0055124350676526,-0.0054264402941118
1312,138275,2,"Private, nonprofit",3,Warner University,41,8,0.4281,29095.0,0.7985915493,2.0,25.0,1,mid,48818.99999999996,48257.543,"Teacher Education and Professional Development, Specific Levels and Methods.",70,561.4570312499636,24,high,0.0116345963078465,0.0114561169384886
2401,138275,2,"Private, nonprofit",2,Warner University,41,8,0.4281,29095.0,0.7985915493,2.0,25.0,1,mid,42057.00000000003,50556.45,"Liberal Arts and Sciences, General Studies and Humanities.",42,-8499.44921874997,36,high,-0.1681180017602533,-0.1634508207101341
3105,138275,1,"Private, nonprofit",3,Warner University,41,8,0.4281,29095.0,0.7985915493,2.0,25.0,1,mid,44994.99999999996,48701.8,"Sports, Kinesiology, and Physical Education/Fitness.",33,-3706.800781250037,18,high,-0.0761121913725444,-0.0733259263227443
5202,138275,1,"Private, nonprofit",3,Warner University,41,8,0.4281,29095.0,0.7985915493,2.0,25.0,1,mid,55458.00000000003,54941.086,"Business Administration, Management and Operations.",84,516.9140625000291,58,high,0.0094085155704432,0.0092918702187675
5202,138275,3,"Private, nonprofit",5,Warner University,41,8,0.4281,29095.0,0.7985915493,2.0,25.0,1,mid,73819.00000000003,76112.68,"Business Administration, Management and Operations.",51,-2293.679687499971,35,high,-0.0301353164402732,-0.02946699441291
5139,138284,1,Public,1,Florida Panhandle Technical College,43,-2,,15147.0,,1.0,25.0,1,,39399.99999999999,41650.188,"Practical Nursing, Vocational Nursing and Nursing Assistants.",60,-2250.1875000000146,47,high,-0.05402586723049,-0.0530339416295462
1312,138293,2,"Private, nonprofit",3,Webber International University,41,8,0.694,39516.0,0.6643274854,2.0,21.0,1,mid,44746.99999999998,46701.723,"Teacher Education and Professional Development, Specific Levels and Methods.",21,-1954.7226562500216,24,high,-0.0418554722410957,-0.0393099450344573
3105,138293,1,"Private, nonprofit",3,Webber International University,41,8,0.694,39516.0,0.6643274854,2.0,21.0,1,mid,49068.000000000015,42183.49,"Sports, Kinesiology, and Physical Education/Fitness.",43,6884.511718750015,18,high,0.1632039454122168,0.1587944960402294
4301,138293,2,"Private, nonprofit",3,Webber International University,41,8,0.694,39516.0,0.6643274854,2.0,21.0,1,mid,49223.99999999996,47189.86,Criminal Justice and Corrections.,34,2034.140624999964,23,high,0.0431054606210079,0.0415803373387455
5201,138293,2,"Private, nonprofit",3,Webber International University,41,8,0.694,39516.0,0.6643274854,2.0,21.0,1,mid,50253.00000000001,59323.844,"Business/Commerce, General.",25,-9070.843749999993,9,medium,-0.1529038439961165,-0.1452426484456863
1107,138309,3,"Private, for-profit",3,Rasmussen University-Florida,13,12,,25123.0,0.7318019398,1.0,30.0,1,,84899.00000000006,69220.41,Computer Science.,110,15678.593750000058,5,low,0.2265024809790112,0.2244539071673957
1110,138309,2,"Private, for-profit",2,Rasmussen University-Florida,13,12,,25123.0,0.7318019398,1.0,30.0,1,,51540.99999999997,64237.723,Computer/Information Technology Administration and Management.,46,-12696.72265625003,8,medium,-0.1976521291732733,-0.1927122193702936
1110,138309,3,"Private, for-profit",3,Rasmussen University-Florida,13,12,,25123.0,0.7318019398,1.0,30.0,1,,73554.0,73507.516,Computer/Information Technology Administration and Management.,65,46.484375,9,medium,0.0006323758136125,0.0006217990449602
1304,138309,3,"Private, for-profit",3,Rasmussen University-Florida,13,12,,25123.0,0.7318019398,1.0,30.0,1,,46540.99999999999,57486.902,Educational Administration and Supervision.,278,-10945.902343750007,1,low,-0.1904068909174761,-0.189822951485578
1312,138309,2,"Private, for-profit",1,Rasmussen University-Florida,13,12,,25123.0,0.7318019398,1.0,30.0,1,,35033.99999999999,39158.234,"Teacher Education and Professional Development, Specific Levels and Methods.",69,-4124.234375000007,1,low,-0.1053222761655736,-0.1036792336305596
1312,138309,1,"Private, for-profit",2,Rasmussen University-Florida,13,12,,25123.0,0.7318019398,1.0,30.0,1,,39402.99999999998,47351.965,"Teacher Education and Professional Development, Specific Levels and Methods.",404,-7948.964843750022,4,low,-0.1678697994894125,-0.1675359031535525
1409,138309,1,"Private, for-profit",2,Rasmussen University-Florida,13,12,,25123.0,0.7318019398,1.0,30.0,1,,69872.99999999997,63408.246,Computer Engineering.,46,6464.753906249971,1,low,0.101954466564045,0.0994063236680189
2203,138309,1,"Private, for-profit",2,Rasmussen University-Florida,13,12,,25123.0,0.7318019398,1.0,30.0,1,,45751.00000000003,55561.367,Legal Support Services.,92,-9810.36718749997,10,medium,-0.1765681386923659,-0.1745999625619019
4301,138309,1,"Private, for-profit",2,Rasmussen University-Florida,13,12,,25123.0,0.7318019398,1.0,30.0,1,,56502.99999999999,52205.33,Criminal Justice and Corrections.,149,4297.671874999993,10,medium,0.0823224760643144,0.0818003211897404
4301,138309,3,"Private, for-profit",3,Rasmussen University-Florida,13,12,,25123.0,0.7318019398,1.0,30.0,1,,60482.99999999998,58566.973,Criminal Justice and Corrections.,75,1916.0273437499784,23,high,0.0327151508239261,0.0322521255723339
4400,138309,1,"Private, for-profit",2,Rasmussen University-Florida,13,12,,25123.0,0.7318019398,1.0,30.0,1,,46185.0,44846.223,"Human Services, General.",58,1338.77734375,2,low,0.0298526222378156,0.0292824636589971
4400,138309,3,"Private, for-profit",3,Rasmussen University-Florida,13,12,,25123.0,0.7318019398,1.0,30.0,1,,48799.00000000001,49641.668,"Human Services, General.",70,-842.6679687499927,5,low,-0.016975013194167,-0.0167146096898621
5004,138309,1,"Private, for-profit",2,Rasmussen University-Florida,13,12,,25123.0,0.7318019398,1.0,30.0,1,,37689.0,43819.15,Design and Applied Arts.,41,-6130.1484375,5,low,-0.1398965670508986,-0.135903491855609
5107,138309,2,"Private, for-profit",1,Rasmussen University-Florida,13,12,,25123.0,0.7318019398,1.0,30.0,1,,40817.99999999999,39218.258,Health and Medical Administrative Services.,653,1599.7421874999854,25,high,0.0407907509596232,0.0407440762087035
5107,138309,2,"Private, for-profit",2,Rasmussen University-Florida,13,12,,25123.0,0.7318019398,1.0,30.0,1,,47497.99999999997,48710.35,Health and Medical Administrative Services.,479,-1212.351562500029,15,medium,-0.0248889922493059,-0.0248483198121972
5107,138309,3,"Private, for-profit",3,Rasmussen University-Florida,13,12,,25123.0,0.7318019398,1.0,30.0,1,,62100.00000000003,53295.992,Health and Medical Administrative Services.,252,8804.00781250003,18,high,0.1651908042452189,0.1646229723838242
5108,138309,2,"Private, for-profit",1,Rasmussen University-Florida,13,12,,25123.0,0.7318019398,1.0,30.0,1,,36914.0,41931.88,Allied Health and Medical Assisting Services.,743,-5017.87890625,33,high,-0.1196673995331527,-0.1195493099013406
5108,138309,2,"Private, for-profit",2,Rasmussen University-Florida,13,12,,25123.0,0.7318019398,1.0,30.0,1,,43242.99999999998,51287.6,Allied Health and Medical Assisting Services.,234,-8044.601562500022,22,high,-0.1568527542216362,-0.1562650481967947
5109,138309,1,"Private, for-profit",2,Rasmussen University-Florida,13,12,,25123.0,0.7318019398,1.0,30.0,1,,60038.99999999997,63750.4,"Allied Health Diagnostic, Intervention, and Treatment Professions.",83,-3711.398437500029,39,high,-0.058217650845565,-0.0574857020188
5110,138309,2,"Private, for-profit",2,Rasmussen University-Florida,13,12,,25123.0,0.7318019398,1.0,30.0,1,,52743.00000000004,54201.51,Clinical/Medical Laboratory Science/Research and Allied Professions.,42,-1458.5117187499636,4,low,-0.0269090597752722,-0.0261620282108668
5122,138309,3,"Private, for-profit",3,Rasmussen University-Florida,13,12,,25123.0,0.7318019398,1.0,30.0,1,,49031.99999999999,57561.895,Public Health.,48,-8529.894531250015,12,medium,-0.1481864799745114,-0.1446608623595018
5138,138309,1,"Private, for-profit",2,Rasmussen University-Florida,13,12,,25123.0,0.7318019398,1.0,30.0,1,,79954.00000000007,80049.2,"Registered Nursing, Nursing Administration, Nursing Research and Clinical Nursing.",2514,-95.20312499992724,58,high,-0.0011893075918727,-0.0011890135175589
5138,138309,1,"Private, for-profit",3,Rasmussen University-Florida,13,12,,25123.0,0.7318019398,1.0,30.0,1,,87330.00000000006,89084.17,"Registered Nursing, Nursing Administration, Nursing Research and Clinical Nursing.",689,-1754.1718749999418,57,high,-0.0196911733934209,-0.019669986883253
5139,138309,1,"Private, for-profit",1,Rasmussen University-Florida,13,12,,25123.0,0.7318019398,1.0,30.0,1,,58033.99999999999,56388.61,"Practical Nursing, Vocational Nursing and Nursing Assistants.",398,1645.3906249999927,47,high,0.0291794857726972,0.029120434966324
5202,138309,1,"Private, for-profit",2,Rasmussen University-Florida,13,12,,25123.0,0.7318019398,1.0,30.0,1,,57337.00000000001,52536.41,"Business Administration, Management and Operations.",345,4800.589843750007,26,high,0.0913764345426807,0.0911582726199632
5202,138309,3,"Private, for-profit",3,Rasmussen University-Florida,13,12,,25123.0,0.7318019398,1.0,30.0,1,,76175.99999999994,60558.32,"Business Administration, Management and Operations.",414,15617.679687499942,58,high,0.2578948624550317,0.2573961911504948
5203,138309,2,"Private, for-profit",1,Rasmussen University-Florida,13,12,,25123.0,0.7318019398,1.0,30.0,1,,45402.99999999996,41704.715,Accounting and Related Services.,29,3698.285156249964,5,low,0.08867786700151,0.0849183444301763
5203,138309,1,"Private, for-profit",2,Rasmussen University-Florida,13,12,,25123.0,0.7318019398,1.0,30.0,1,,53756.00000000005,52154.766,Accounting and Related Services.,166,1601.2343750000437,8,medium,0.0307015927655229,0.0305299448088801
5203,138309,3,"Private, for-profit",3,Rasmussen University-Florida,13,12,,25123.0,0.7318019398,1.0,30.0,1,,62579.00000000005,64909.766,Accounting and Related Services.,157,-2330.765624999949,24,high,-0.0359077806329692,-0.0356935232989442
5208,138309,3,"Private, for-profit",3,Rasmussen University-Florida,13,12,,25123.0,0.7318019398,1.0,30.0,1,,70838.00000000006,67056.11,Finance and Financial Management Services.,45,3781.890625000058,15,medium,0.0563988972854132,0.0549530457538102
5210,138309,1,"Private, for-profit",2,Rasmussen University-Florida,13,12,,25123.0,0.7318019398,1.0,30.0,1,,60287.99999999998,53131.613,Human Resources Management and Services.,119,7156.386718749978,1,low,0.1346916887478635,0.1335805457338514
5210,138309,3,"Private, for-profit",3,Rasmussen University-Florida,13,12,,25123.0,0.7318019398,1.0,30.0,1,,64536.00000000002,62971.227,Human Resources Management and Services.,188,1564.7734375000218,5,low,0.0248490226873214,0.0247288746365147
5212,138309,1,"Private, for-profit",2,Rasmussen University-Florida,13,12,,25123.0,0.7318019398,1.0,30.0,1,,57423.99999999999,56995.438,Management Information Systems and Services.,130,428.5624999999855,1,low,0.0075192422200458,0.0074633049476462
5214,138309,1,"Private, for-profit",2,Rasmussen University-Florida,13,12,,25123.0,0.7318019398,1.0,30.0,1,,51824.00000000003,53675.645,Marketing.,41,-1851.644531249971,1,low,-0.0344969221593965,-0.0335122746652346
5214,138309,3,"Private, for-profit",3,Rasmussen University-Florida,13,12,,25123.0,0.7318019398,1.0,30.0,1,,62985.00000000005,58590.72,Marketing.,52,4394.281250000051,17,high,0.0749996133133296,0.0733733758216601
901,138354,2,Public,3,University of West Florida,41,12,0.5824,34583.0,0.6786062378,2.0,24.0,1,mid,51352.00000000001,52698.594,Communication and Media Studies.,97,-1346.5937499999927,15,medium,-0.0255527454183726,-0.0252850086505481
1101,138354,2,Public,3,University of West Florida,41,12,0.5824,34583.0,0.6786062378,2.0,24.0,1,mid,79520.00000000006,85001.39,"Computer and Information Sciences, General.",59,-5481.390624999942,19,high,-0.0644858935212266,-0.0632785279776877
1101,138354,2,Public,5,University of West Florida,41,12,0.5824,34583.0,0.6786062378,2.0,24.0,1,mid,110932.00000000004,80657.414,"Computer and Information Sciences, General.",33,30274.58593750003,5,low,0.3753478373859195,0.3616073505865378
1303,138354,2,Public,5,University of West Florida,41,12,0.5824,34583.0,0.6786062378,2.0,24.0,1,mid,60517.00000000005,60181.902,Curriculum and Instruction.,74,335.09765625005093,7,medium,0.0055680801569884,0.0054880287345248
1304,138354,3,Public,5,University of West Florida,41,12,0.5824,34583.0,0.6786062378,2.0,24.0,1,mid,69829.00000000001,71585.51,Educational Administration and Supervision.,240,-1756.5078124999854,20,high,-0.0245371984662134,-0.0244479294826862
1310,138354,3,Public,3,University of West Florida,41,12,0.5824,34583.0,0.6786062378,2.0,24.0,1,mid,47967.99999999998,53011.414,Special Education and Teaching.,45,-5043.414062500022,6,medium,-0.0951382669504699,-0.0926992864809002
1310,138354,3,Public,5,University of West Florida,41,12,0.5824,34583.0,0.6786062378,2.0,24.0,1,mid,67666.00000000003,60823.926,Special Education and Teaching.,151,6842.074218750029,8,medium,0.1124898488689662,0.1117873773969761
1410,138354,2,Public,3,University of West Florida,41,12,0.5824,34583.0,0.6786062378,2.0,24.0,1,mid,91813.00000000006,81703.18,"Electrical, Electronics, and Communications Engineering.",46,10109.820312500058,10,medium,0.1237383948968486,0.1206458073668653
2203,138354,2,Public,3,University of West Florida,41,12,0.5824,34583.0,0.6786062378,2.0,24.0,1,mid,45338.000000000015,55078.797,Legal Support Services.,20,-9740.796874999984,4,low,-0.1768520270532867,-0.1655034787245963
2301,138354,2,Public,3,University of West Florida,41,12,0.5824,34583.0,0.6786062378,2.0,24.0,1,mid,33670.999999999985,43793.996,"English Language and Literature, General.",26,-10122.996093750016,11,medium,-0.2311503173192889,-0.2200668822132314
2401,138354,2,Public,2,University of West Florida,41,12,0.5824,34583.0,0.6786062378,2.0,24.0,1,mid,59239.99999999999,48901.93,"Liberal Arts and Sciences, General Studies and Humanities.",116,10338.070312499984,36,high,0.2114041384167,0.209607285353745
2601,138354,2,Public,3,University of West Florida,41,12,0.5824,34583.0,0.6786062378,2.0,24.0,1,mid,48576.0,46907.402,"Biology, General.",30,1668.59765625,24,high,0.0355721607438857,0.0341208852849864
2701,138354,2,Public,5,University of West Florida,41,12,0.5824,34583.0,0.6786062378,2.0,24.0,1,mid,70297.99999999997,81782.85,Mathematics.,30,-11484.85156250003,1,low,-0.1404310481118781,-0.1347017325592007
3105,138354,2,Public,3,University of West Florida,41,12,0.5824,34583.0,0.6786062378,2.0,24.0,1,mid,48645.00000000003,49726.812,"Sports, Kinesiology, and Physical Education/Fitness.",89,-1081.812499999971,18,high,-0.0217551145068864,-0.0215030279328953
4201,138354,2,Public,3,University of West Florida,41,12,0.5824,34583.0,0.6786062378,2.0,24.0,1,mid,45101.00000000001,49229.15,"Psychology, General.",53,-4128.148437499993,29,high,-0.0838557758670349,-0.0820772730256246
4201,138354,2,Public,5,University of West Florida,41,12,0.5824,34583.0,0.6786062378,2.0,24.0,1,mid,67784.99999999996,66035.65,"Psychology, General.",26,1749.3515624999563,4,low,0.0264910181680981,0.0252207993591231
4301,138354,2,Public,3,University of West Florida,41,12,0.5824,34583.0,0.6786062378,2.0,24.0,1,mid,46630.99999999999,51018.758,Criminal Justice and Corrections.,52,-4387.757812500007,23,high,-0.086002835047955,-0.0841380116366589
4407,138354,2,Public,3,University of West Florida,41,12,0.5824,34583.0,0.6786062378,2.0,24.0,1,mid,45806.00000000002,49085.926,Social Work.,49,-3279.925781249978,12,medium,-0.0668200859828308,-0.0652678406378179
4501,138354,2,Public,3,University of West Florida,41,12,0.5824,34583.0,0.6786062378,2.0,24.0,1,mid,47535.00000000001,47003.24,"Social Sciences, General.",42,531.7617187500073,5,low,0.0113132996405086,0.010999227279764
5007,138354,2,Public,3,University of West Florida,41,12,0.5824,34583.0,0.6786062378,2.0,24.0,1,mid,42114.99999999998,39111.434,Fine and Studio Arts.,22,3003.566406249978,12,medium,0.076795098779758,0.0723586526533534
5100,138354,3,Public,3,University of West Florida,41,12,0.5824,34583.0,0.6786062378,2.0,24.0,1,mid,55704.00000000005,54260.312,"Health Services/Allied Health/Health Sciences, General.",91,1443.6875000000437,15,medium,0.0266066934280933,0.0263062980653811
5110,138354,2,Public,3,University of West Florida,41,12,0.5824,34583.0,0.6786062378,2.0,24.0,1,mid,65285.00000000003,59899.215,Clinical/Medical Laboratory Science/Research and Allied Professions.,26,5385.785156250029,1,low,0.089914119413737,0.0856028239796757
5115,138354,2,Public,5,University of West Florida,41,12,0.5824,34583.0,0.6786062378,2.0,24.0,1,mid,53286.99999999999,59711.0,Mental and Social Health Services and Allied Professions.,53,-6424.000000000015,12,medium,-0.107584867109913,-0.1053030923619085
5122,138354,3,Public,5,University of West Florida,41,12,0.5824,34583.0,0.6786062378,2.0,24.0,1,mid,111362.99999999996,66533.9,Public Health.,32,44829.10156249997,11,medium,0.6737783688507464,0.6482330702812812
5138,138354,2,Public,3,University of West Florida,41,12,0.5824,34583.0,0.6786062378,2.0,24.0,1,mid,89345.99999999993,81664.23,"Registered Nursing, Nursing Administration, Nursing Research and Clinical Nursing.",493,7681.773437499927,57,high,0.0940653424498038,0.0939166447223631
5138,138354,2,Public,5,University of West Florida,41,12,0.5824,34583.0,0.6786062378,2.0,24.0,1,mid,104817.99999999993,115474.28,"Registered Nursing, Nursing Administration, Nursing Research and Clinical Nursing.",52,-10656.281250000087,18,high,-0.0922827242105054,-0.090281732214486
5201,138354,2,Public,3,University of West Florida,41,12,0.5824,34583.0,0.6786062378,2.0,24.0,1,mid,67651.0,56419.918,"Business/Commerce, General.",23,11231.08203125,9,medium,0.1990623601663281,0.1881159957484681
5202,138354,2,Public,3,University of West Florida,41,12,0.5824,34583.0,0.6786062378,2.0,24.0,1,mid,72805.00000000001,58256.746,"Business Administration, Management and Operations.",32,14548.253906250016,58,high,0.2497265103484865,0.2402585034155185
5202,138354,2,Public,5,University of West Florida,41,12,0.5824,34583.0,0.6786062378,2.0,24.0,1,mid,87186.00000000004,92879.15,"Business Administration, Management and Operations.",113,-5693.148437499956,35,high,-0.0612963031345079,-0.0607590934785824
5203,138354,2,Public,3,University of West Florida,41,12,0.5824,34583.0,0.6786062378,2.0,24.0,1,mid,50907.99999999999,66106.47,Accounting and Related Services.,30,-15198.468750000016,24,high,-0.2299089489634857,-0.220529107862059
5203,138354,2,Public,5,University of West Florida,41,12,0.5824,34583.0,0.6786062378,2.0,24.0,1,mid,90113.00000000004,78023.31,Accounting and Related Services.,25,12089.687500000044,19,high,0.1549496825067513,0.1471859809075199
5209,138354,2,Public,3,University of West Florida,41,12,0.5824,34583.0,0.6786062378,2.0,24.0,1,mid,38420.00000000002,52325.805,Hospitality Administration/Management.,26,-13905.804687499978,7,medium,-0.2657542444028941,-0.253011584318503
5401,138354,2,Public,3,University of West Florida,41,12,0.5824,34583.0,0.6786062378,2.0,24.0,1,mid,42219.00000000003,44573.895,History.,24,-2354.894531249971,9,medium,-0.052831249232642,-0.0500605824137275
1205,138479,1,Public,1,William T McFatter Technical College,21,-2,,16334.0,,1.0,26.0,1,,32805.0,24293.736,Culinary Arts and Related Services.,33,8511.263671875,6,medium,0.3503480714912288,0.3375227596816805
4706,138479,1,Public,1,William T McFatter Technical College,21,-2,,16334.0,,1.0,26.0,1,,54607.99999999998,51541.59,Vehicle Maintenance and Repair Technologies/Technicians.,20,3066.410156249978,24,high,0.0594938993062864,0.0556761913456295
5139,138479,1,Public,1,William T McFatter Technical College,21,-2,,16334.0,,1.0,26.0,1,,56485.99999999996,53722.402,"Practical Nursing, Vocational Nursing and Nursing Assistants.",33,2763.597656249964,47,high,0.0514421830685588,0.0495590214595626
1204,138497,1,Public,1,Withlacoochee Technical College,23,-2,,17183.0,,1.0,28.0,1,,18935.0,22372.992,Cosmetology and Related Personal Grooming Services.,27,-3437.992187500004,80,high,-0.1536670713817547,-0.1466050325535688
1512,138497,1,Public,1,Withlacoochee Technical College,23,-2,,17183.0,,1.0,28.0,1,,32373.99999999998,42071.715,Computer Engineering Technologies/Technicians.,24,-9697.714843750018,2,low,-0.2305043870868189,-0.2184158813976313
4301,138497,1,Public,1,Withlacoochee Technical College,23,-2,,17183.0,,1.0,28.0,1,,52651.99999999996,45863.336,Criminal Justice and Corrections.,29,6788.664062499964,19,high,0.1480194129740404,0.1417440892333151
4706,138497,1,Public,1,Withlacoochee Technical College,23,-2,,17183.0,,1.0,28.0,1,,38167.99999999997,40580.926,Vehicle Maintenance and Repair Technologies/Technicians.,27,-2412.925781250029,24,high,-0.0594596041070333,-0.0567270340831714
4805,138497,1,Public,1,Withlacoochee Technical College,23,-2,,17183.0,,1.0,28.0,1,,45279.000000000015,40159.816,Precision Metal Working.,22,5119.183593750015,15,medium,0.1274702937375312,0.1201063460394447
1204,186274,1,"Private, for-profit",1,Robert Fiance Beauty Schools,21,-2,,13637.0,0.9236947791,1.0,25.0,1,,22528.999999999985,21013.832,Cosmetology and Related Personal Grooming Services.,109,1515.1679687499854,80,high,0.0721033634653953,0.0714442296309906
183,244233,2,"Private, for-profit",2,City College-Hollywood,21,6,1.0,14979.0,0.8729121278,2.0,29.0,1,open,43407.99999999996,39815.195,Veterinary/Animal Health Technologies/Technicians.,58,3592.804687499964,4,low,0.0902370228075209,0.0885135757926864
5107,244233,2,"Private, for-profit",2,City College-Hollywood,21,6,1.0,14979.0,0.8729121278,2.0,29.0,1,open,37580.99999999998,36581.066,Health and Medical Administrative Services.,74,999.9335937499782,15,medium,0.027334730558296,0.0269417433881843
5107,244233,3,"Private, for-profit",3,City College-Hollywood,21,6,1.0,14979.0,0.8729121278,2.0,29.0,1,open,40533.99999999999,48769.055,Health and Medical Administrative Services.,39,-8235.054687500015,18,high,-0.1688581978934839,-0.1637529780518191
5108,244233,2,"Private, for-profit",2,City College-Hollywood,21,6,1.0,14979.0,0.8729121278,2.0,29.0,1,open,37828.00000000002,40503.523,Allied Health and Medical Assisting Services.,91,-2675.523437499978,22,high,-0.0660565602799596,-0.0653107673298341
5109,244233,2,"Private, for-profit",2,City College-Hollywood,21,6,1.0,14979.0,0.8729121278,2.0,29.0,1,open,51641.99999999998,56782.598,"Allied Health Diagnostic, Intervention, and Treatment Professions.",61,-5140.597656250022,39,high,-0.0905312167535928,-0.0889007315382668
5202,244233,3,"Private, for-profit",2,City College-Hollywood,21,6,1.0,14979.0,0.8729121278,2.0,29.0,1,open,39172.00000000003,32987.09,"Business Administration, Management and Operations.",62,6184.910156250029,26,high,0.1874948710403404,0.1841814046591016
5202,244233,1,"Private, for-profit",3,City College-Hollywood,21,6,1.0,14979.0,0.8729121278,2.0,29.0,1,open,49518.99999999998,49131.26,"Business Administration, Management and Operations.",39,387.7382812499782,58,high,0.0078918852821157,0.0076532838411846
5106,244279,1,"Private, for-profit",1,Meridian College,13,1,,16256.0,0.8884615385,1.0,27.0,1,,20278.000000000004,35611.535,Dental Support Services and Allied Professions.,20,-15333.535156249996,17,high,-0.4305777633278717,-0.4029477008524585
5108,244279,1,"Private, for-profit",1,Meridian College,13,1,,16256.0,0.8884615385,1.0,27.0,1,,34911.0,32694.037,Allied Health and Medical Assisting Services.,73,2216.962890625,33,high,0.0678093954322113,0.0668188989559788
5109,244279,1,"Private, for-profit",2,Meridian College,13,1,,16256.0,0.8884615385,1.0,27.0,1,,46150.99999999996,58898.96,"Allied Health Diagnostic, Intervention, and Treatment Professions.",39,-12747.960937500036,39,high,-0.2164377899811747,-0.2098940597170688
5138,244279,0,"Private, for-profit",2,Meridian College,13,1,,16256.0,0.8884615385,1.0,27.0,1,,85056.99999999996,78509.516,"Registered Nursing, Nursing Administration, Nursing Research and Clinical Nursing.",44,6547.484374999956,58,high,0.0833973349966131,0.0812031133602207
5139,244279,0,"Private, for-profit",1,Meridian College,13,1,,16256.0,0.8884615385,1.0,27.0,1,,63036.00000000001,51895.184,"Practical Nursing, Vocational Nursing and Nursing Assistants.",40,11140.816406250007,47,high,0.21467919823665,0.2083749042707152
2401,262129,1,Public,3,New College of Florida,13,8,0.732,44268.0,0.6169491525,2.0,20.0,1,open,39137.00000000001,44835.24,"Liberal Arts and Sciences, General Studies and Humanities.",81,-5698.238281249993,12,medium,-0.1270928515090101,-0.1254487524555524
1204,362700,1,"Private, for-profit",1,Aveda Institute-Fort Myers,13,-2,,16015.0,0.8937875752,1.0,28.0,1,,26859.0,25123.918,Cosmetology and Related Personal Grooming Services.,249,1735.0820312499964,80,high,0.0690609654675736,0.0688202445301625
5135,362700,1,"Private, for-profit",1,Aveda Institute-Fort Myers,13,-2,,16015.0,0.8937875752,1.0,28.0,1,,32462.99999999998,28780.63,Somatic Bodywork and Related Therapeutic Services.,54,3682.369140624982,25,high,0.1279460884168036,0.1252907467843624
1109,366553,1,"Private, for-profit",2,Southern Technical College,13,9,,19031.0,0.8379160637,1.0,29.0,1,,44987.0,47909.223,Computer Systems Networking and Telecommunications.,29,-2922.22265625,5,low,-0.0609949920752634,-0.0584090926033989
5107,366553,0,"Private, for-profit",1,Southern Technical College,13,9,,19031.0,0.8379160637,1.0,29.0,1,,37895.99999999999,34288.16,Health and Medical Administrative Services.,20,3607.8398437499854,25,high,0.1052211558540668,0.0984691417985493
5108,366553,1,"Private, for-profit",1,Southern Technical College,13,9,,19031.0,0.8379160637,1.0,29.0,1,,32958.000000000015,37631.934,Allied Health and Medical Assisting Services.,224,-4673.933593749985,33,high,-0.1242012606688443,-0.1237116280049535
5108,366553,1,"Private, for-profit",2,Southern Technical College,13,9,,19031.0,0.8379160637,1.0,29.0,1,,34673.0,43704.13,Allied Health and Medical Assisting Services.,26,-9031.12890625,22,high,-0.2066424645054184,-0.1967341573394888
5109,366553,1,"Private, for-profit",2,Southern Technical College,13,9,,19031.0,0.8379160637,1.0,29.0,1,,49649.99999999999,55746.973,"Allied Health Diagnostic, Intervention, and Treatment Professions.",102,-6096.972656250015,39,high,-0.1093686771808309,-0.1082881623707113
5138,366553,1,"Private, for-profit",2,Southern Technical College,13,9,,19031.0,0.8379160637,1.0,29.0,1,,85126.0,77649.33,"Registered Nursing, Nursing Administration, Nursing Research and Clinical Nursing.",144,7476.671875,58,high,0.0962876570285842,0.0956520722301708
5110,367875,1,Public,1,H W Brewster Technical College,11,-2,,13152.0,,1.0,29.0,1,,46188.00000000004,46922.62,Clinical/Medical Laboratory Science/Research and Allied Professions.,31,-734.6210937499636,8,medium,-0.0156560114636864,-0.0150406131523066
4706,369400,1,"Private, for-profit",1,Universal Technical Institute-Orlando,21,3,,26362.0,0.7443059019,1.0,25.0,1,,49381.0,62002.215,Vehicle Maintenance and Repair Technologies/Technicians.,2867,-12621.21484375,24,high,-0.2035607094933037,-0.2035172927053382
4706,369400,1,"Private, for-profit",2,Universal Technical Institute-Orlando,21,3,,26362.0,0.7443059019,1.0,25.0,1,,56763.99999999997,63475.348,Vehicle Maintenance and Repair Technologies/Technicians.,580,-6711.347656250029,5,low,-0.1057315620009716,-0.1055929331049902
1204,369419,1,Public,1,Erwin Technical College,11,-2,,14686.0,,1.0,27.0,1,,21335.0,25431.42,Cosmetology and Related Personal Grooming Services.,25,-4096.419921875004,80,high,-0.1610771217045353,-0.1530064068302237
4706,369419,1,Public,1,Erwin Technical College,11,-2,,14686.0,,1.0,27.0,1,,40841.99999999998,47374.64,Vehicle Maintenance and Repair Technologies/Technicians.,22,-6532.640625000022,24,high,-0.1378931964193664,-0.1299271185467835
5107,369419,1,Public,1,Erwin Technical College,11,-2,,14686.0,,1.0,27.0,1,,42387.00000000001,34038.305,Health and Medical Administrative Services.,32,8348.695312500007,25,high,0.2452735348939375,0.2359743558616083
5109,369419,1,Public,1,Erwin Technical College,11,-2,,14686.0,,1.0,27.0,1,,54866.99999999997,51511.47,"Allied Health Diagnostic, Intervention, and Treatment Professions.",23,3355.531249999971,22,high,0.0651414399827217,0.0615593366651521
5110,369419,1,Public,1,Erwin Technical College,11,-2,,14686.0,,1.0,27.0,1,,58158.99999999996,34881.902,Clinical/Medical Laboratory Science/Research and Allied Professions.,27,23277.09765624996,8,medium,0.6673115883090778,0.6366441180126624
5139,369419,1,Public,1,Erwin Technical College,11,-2,,14686.0,,1.0,27.0,1,,53120.99999999999,50320.508,"Practical Nursing, Vocational Nursing and Nursing Assistants.",109,2800.4921874999927,47,high,0.05565309869159,0.0551443451664553
5203,369419,1,Public,1,Erwin Technical College,11,-2,,14686.0,,1.0,27.0,1,,34407.999999999985,41469.254,Accounting and Related Services.,20,-7061.253906250015,5,low,-0.1702768494994742,-0.1593502285949839
1204,372462,1,"Private, for-profit",1,Academy of Cosmetology,21,-2,,11620.0,0.9301075269,1.0,29.0,1,,19708.00000000001,21093.543,Cosmetology and Related Personal Grooming Services.,64,-1385.542968749989,80,high,-0.0656856446924381,-0.0645669872075106
1204,378886,1,"Private, for-profit",1,Artistic Nails and Beauty Academy-Tampa,11,-2,,13833.0,0.9406392694,1.0,28.0,1,,22422.000000000004,20828.182,Cosmetology and Related Personal Grooming Services.,153,1593.8183593750036,80,high,0.0765222037561977,0.0760516308947736
4706,378956,1,"Private, for-profit",1,National Aviation Academy of Tampa Bay,21,-2,,21490.0,0.8369047619,1.0,27.0,1,,68717.99999999996,58223.426,Vehicle Maintenance and Repair Technologies/Technicians.,543,10494.574218749956,24,high,0.1802465945267271,0.1799916540673741
1204,383163,1,"Private, for-profit",1,La Belle Beauty Academy,11,-2,,0.0,,1.0,33.0,1,,16910.00000000001,17210.682,Cosmetology and Related Personal Grooming Services.,205,-300.6816406249891,80,high,-0.0174706410183803,-0.0173942771010028
5135,383163,1,"Private, for-profit",1,La Belle Beauty Academy,11,-2,,0.0,,1.0,33.0,1,,21218.000000000007,25558.02,Somatic Bodywork and Related Therapeutic Services.,33,-4340.019531249993,25,high,-0.1698104787009578,-0.1635941683653578
1204,385132,1,"Private, for-profit",1,The Salon Professional Academy-Melbourne,13,-2,,13607.0,0.8571428571,1.0,26.0,1,,16636.999999999993,20041.043,Cosmetology and Related Personal Grooming Services.,62,-3404.0429687500077,80,high,-0.1698535836711658,-0.1668518794853151
302,385619,3,"Private, nonprofit",3,Everglades University,13,9,0.8145,22435.0,0.7852348993,2.0,33.0,1,open,61850.0,53582.812,Environmental/Natural Resources Management and Policy.,27,8267.1875,3,low,0.1542880471233196,0.1471974702696552
4901,385619,3,"Private, nonprofit",3,Everglades University,13,9,0.8145,22435.0,0.7852348993,2.0,33.0,1,open,86730.00000000001,66814.12,Air Transportation.,74,19915.88281250001,5,low,0.298078963710771,0.2937935288070427
4901,385619,3,"Private, nonprofit",5,Everglades University,13,9,0.8145,22435.0,0.7852348993,2.0,33.0,1,open,69588.99999999996,87982.69,Air Transportation.,26,-18393.687500000044,3,low,-0.2090603051878819,-0.1990360648897305
5122,385619,3,"Private, nonprofit",5,Everglades University,13,9,0.8145,22435.0,0.7852348993,2.0,33.0,1,open,47517.99999999996,75319.625,Public Health.,54,-27801.62500000004,11,medium,-0.36911528701849,-0.3614548168867437
5202,385619,3,"Private, nonprofit",5,Everglades University,13,9,0.8145,22435.0,0.7852348993,2.0,33.0,1,open,81771.00000000007,67137.31,"Business Administration, Management and Operations.",44,14633.687500000073,35,high,0.217966536864282,0.2122317386094391
1102,386472,3,"Private, nonprofit",3,Herzing University-Orlando,21,6,0.942,18321.0,0.8203449578,2.0,31.0,1,open,78404.00000000001,71368.14,Computer Programming.,23,7035.859375000015,2,low,0.098585437611014,0.0931642614254073
1109,386472,3,"Private, nonprofit",2,Herzing University-Orlando,21,6,0.942,18321.0,0.8203449578,2.0,31.0,1,open,55935.000000000015,44042.33,Computer Systems Networking and Telecommunications.,54,11892.671875000016,5,low,0.2700282292354411,0.264424172027475
1110,386472,3,"Private, nonprofit",3,Herzing University-Orlando,21,6,0.942,18321.0,0.8203449578,2.0,31.0,1,open,70624.00000000006,64826.188,Computer/Information Technology Administration and Management.,53,5797.812500000058,9,medium,0.0894362714142345,0.0875394114640318
2203,386472,3,"Private, nonprofit",2,Herzing University-Orlando,21,6,0.942,18321.0,0.8203449578,2.0,31.0,1,open,45713.99999999998,46659.34,Legal Support Services.,32,-945.3398437500218,10,medium,-0.0202604633266505,-0.0194923181786877
4301,386472,3,"Private, nonprofit",2,Herzing University-Orlando,21,6,0.942,18321.0,0.8203449578,2.0,31.0,1,open,54084.00000000005,46557.816,Criminal Justice and Corrections.,42,7526.183593750044,10,medium,0.1616524178900219,0.1571647301136815
4301,386472,3,"Private, nonprofit",3,Herzing University-Orlando,21,6,0.942,18321.0,0.8203449578,2.0,31.0,1,open,69601.00000000001,55480.137,Criminal Justice and Corrections.,100,14120.863281250016,23,high,0.2545210613455057,0.2519475782188806
5107,386472,3,"Private, nonprofit",1,Herzing University-Orlando,21,6,0.942,18321.0,0.8203449578,2.0,31.0,1,open,37852.99999999999,35951.406,Health and Medical Administrative Services.,197,1901.5937499999852,25,high,0.0528934455797535,0.0526512702520997
5107,386472,3,"Private, nonprofit",2,Herzing University-Orlando,21,6,0.942,18321.0,0.8203449578,2.0,31.0,1,open,38351.99999999999,40567.848,Health and Medical Administrative Services.,387,-2215.8476562500146,15,medium,-0.0546207842976021,-0.0545066080268726
5107,386472,3,"Private, nonprofit",3,Herzing University-Orlando,21,6,0.942,18321.0,0.8203449578,2.0,31.0,1,open,51097.99999999996,56358.668,Health and Medical Administrative Services.,129,-5260.667968750036,18,high,-0.0933426597602873,-0.0926419653139196
5108,386472,3,"Private, nonprofit",1,Herzing University-Orlando,21,6,0.942,18321.0,0.8203449578,2.0,31.0,1,open,36188.00000000001,38580.605,Allied Health and Medical Assisting Services.,136,-2392.6054687499927,33,high,-0.0620157573910545,-0.0615781148601159
5108,386472,1,"Private, nonprofit",2,Herzing University-Orlando,21,6,0.942,18321.0,0.8203449578,2.0,31.0,1,open,44890.00000000002,44982.438,Allied Health and Medical Assisting Services.,157,-92.43749999997816,22,high,-0.0020549686752741,-0.0020427069285967
5109,386472,1,"Private, nonprofit",2,Herzing University-Orlando,21,6,0.942,18321.0,0.8203449578,2.0,31.0,1,open,57768.00000000004,69135.766,"Allied Health Diagnostic, Intervention, and Treatment Professions.",102,-11367.765624999964,39,high,-0.1644266975599861,-0.1628022335317812
5138,386472,1,"Private, nonprofit",2,Herzing University-Orlando,21,6,0.942,18321.0,0.8203449578,2.0,31.0,1,open,86631.99999999994,77987.52,"Registered Nursing, Nursing Administration, Nursing Research and Clinical Nursing.",322,8644.476562499942,58,high,0.1108443528076348,0.1105576907930439
5138,386472,1,"Private, nonprofit",3,Herzing University-Orlando,21,6,0.942,18321.0,0.8203449578,2.0,31.0,1,open,91010.00000000006,94651.88,"Registered Nursing, Nursing Administration, Nursing Research and Clinical Nursing.",440,-3641.882812499942,57,high,-0.0384766018834966,-0.0384072548079432
5139,386472,1,"Private, nonprofit",1,Herzing University-Orlando,21,6,0.942,18321.0,0.8203449578,2.0,31.0,1,open,71753.00000000004,64947.477,"Practical Nursing, Vocational Nursing and Nursing Assistants.",79,6805.523437500044,47,high,0.1047850324246389,0.1033893256858195
5202,386472,3,"Private, nonprofit",2,Herzing University-Orlando,21,6,0.942,18321.0,0.8203449578,2.0,31.0,1,open,32080.99999999997,48004.855,"Business Administration, Management and Operations.",46,-15923.855468750024,26,high,-0.331713434261167,-0.3234229369488396
5202,386472,3,"Private, nonprofit",3,Herzing University-Orlando,21,6,0.942,18321.0,0.8203449578,2.0,31.0,1,open,66378.99999999997,57772.69,"Business Administration, Management and Operations.",140,8606.30859374997,58,high,0.1489684552383328,0.1479522156794348
5202,386472,3,"Private, nonprofit",5,Herzing University-Orlando,21,6,0.942,18321.0,0.8203449578,2.0,31.0,1,open,70853.99999999997,68711.54,"Business Administration, Management and Operations.",218,2142.460937499971,35,high,0.0311805115520871,0.0310536421310492
5203,386472,3,"Private, nonprofit",1,Herzing University-Orlando,21,6,0.942,18321.0,0.8203449578,2.0,31.0,1,open,32930.999999999985,41109.79,Accounting and Related Services.,30,-8178.789062500015,5,low,-0.198949915555773,-0.1908331432271248
5203,386472,3,"Private, nonprofit",3,Herzing University-Orlando,21,6,0.942,18321.0,0.8203449578,2.0,31.0,1,open,54344.99999999999,63395.062,Accounting and Related Services.,20,-9050.062500000016,24,high,-0.1427565829752122,-0.1335959303769541
1204,387925,1,"Private, for-profit",1,Cortiva Institute,13,-2,,17597.0,0.7702589808,1.0,29.0,1,,31545.0,27294.963,Cosmetology and Related Personal Grooming Services.,303,4250.037109374996,80,high,0.1557077445536574,0.1552756365305259
5135,387925,1,"Private, for-profit",1,Cortiva Institute,13,-2,,17597.0,0.7702589808,1.0,29.0,1,,30699.00000000001,26995.86,Somatic Bodywork and Related Therapeutic Services.,293,3703.140625000011,25,high,0.1371743930637515,0.1367786029838112
5138,406024,1,"Private, for-profit",2,Galen College of Nursing-Tampa Bay,11,2,,32673.0,0.6627957932,1.0,30.0,1,,80987.99999999993,77728.24,"Registered Nursing, Nursing Administration, Nursing Research and Clinical Nursing.",1897,3259.7578124999272,58,high,0.041937881531356,0.0419236341888345
5138,406024,1,"Private, for-profit",3,Galen College of Nursing-Tampa Bay,11,2,,32673.0,0.6627957932,1.0,30.0,1,,91861.99999999993,91379.125,"Registered Nursing, Nursing Administration, Nursing Research and Clinical Nursing.",463,482.8749999999272,57,high,0.0052843031709914,0.0052753228586821
5139,406024,1,"Private, for-profit",1,Galen College of Nursing-Tampa Bay,11,2,,32673.0,0.6627957932,1.0,30.0,1,,64239.99999999997,54431.188,"Practical Nursing, Vocational Nursing and Nursing Assistants.",565,9808.81249999997,47,high,0.180205741423517,0.1799622405545499
5135,406149,1,"Private, for-profit",1,Sarasota School of Massage Therapy,21,-2,,17000.0,0.7696335079,1.0,33.0,1,,29432.0,28486.24,Somatic Bodywork and Related Therapeutic Services.,94,945.7597656249964,25,high,0.0332005823809533,0.0328396930399639
2301,408844,0,"Private, for-profit",1,Florida National University-Main Campus,21,9,,13365.0,0.8321821438,1.0,29.0,1,,21826.000000000007,28899.838,"English Language and Literature, General.",287,-7073.837890624993,2,low,-0.2447708501825098,-0.2440474471967406
2401,408844,0,"Private, for-profit",2,Florida National University-Main Campus,21,9,,13365.0,0.8321821438,1.0,29.0,1,,39258.0,37542.68,"Liberal Arts and Sciences, General Studies and Humanities.",32,1715.3203125,36,high,0.0456898742119125,0.0439576110044495
5106,408844,1,"Private, for-profit",1,Florida National University-Main Campus,21,9,,13365.0,0.8321821438,1.0,29.0,1,,28072.99999999998,30608.467,Dental Support Services and Allied Professions.,180,-2535.466796875018,17,high,-0.0828354720836222,-0.0824141121945031
5107,408844,3,"Private, for-profit",1,Florida National University-Main Campus,21,9,,13365.0,0.8321821438,1.0,29.0,1,,35489.00000000003,30817.541,Health and Medical Administrative Services.,42,4671.458984375029,25,high,0.1515844168750038,0.1473762303005447
5109,408844,1,"Private, for-profit",2,Florida National University-Main Campus,21,9,,13365.0,0.8321821438,1.0,29.0,1,,57086.00000000005,58183.848,"Allied Health Diagnostic, Intervention, and Treatment Professions.",62,-1097.847656249949,39,high,-0.0188685984250479,-0.0185351468154354
5110,408844,0,"Private, for-profit",1,Florida National University-Main Campus,21,9,,13365.0,0.8321821438,1.0,29.0,1,,34287.000000000015,31782.605,Clinical/Medical Laboratory Science/Research and Allied Professions.,39,2504.3945312500146,8,medium,0.0787976471504968,0.0764152972455015
5122,408844,3,"Private, for-profit",2,Florida National University-Main Campus,21,9,,13365.0,0.8321821438,1.0,29.0,1,,45000.99999999999,40936.395,Public Health.,61,4064.6054687499854,2,low,0.0992907537484071,0.0975025075300227
5122,408844,3,"Private, for-profit",3,Florida National University-Main Campus,21,9,,13365.0,0.8321821438,1.0,29.0,1,,51212.00000000003,54743.387,Public Health.,45,-3531.386718749971,12,medium,-0.0645080059970138,-0.0628542680028215
5122,408844,3,"Private, for-profit",5,Florida National University-Main Campus,21,9,,13365.0,0.8321821438,1.0,29.0,1,,64290.99999999996,58523.09,Public Health.,22,5767.910156249964,11,medium,0.0985578542016429,0.0928641756017414
5138,408844,1,"Private, for-profit",2,Florida National University-Main Campus,21,9,,13365.0,0.8321821438,1.0,29.0,1,,79440.99999999994,80173.88,"Registered Nursing, Nursing Administration, Nursing Research and Clinical Nursing.",99,-732.8828125000582,58,high,-0.0091411665094732,-0.0090476464575038
5138,408844,2,"Private, for-profit",3,Florida National University-Main Campus,21,9,,13365.0,0.8321821438,1.0,29.0,1,,86825.99999999994,89909.94,"Registered Nursing, Nursing Administration, Nursing Research and Clinical Nursing.",188,-3083.937500000058,57,high,-0.0343002963382113,-0.0341344502283265
5138,408844,3,"Private, for-profit",5,Florida National University-Main Campus,21,9,,13365.0,0.8321821438,1.0,29.0,1,,101833.99999999993,103032.32,"Registered Nursing, Nursing Administration, Nursing Research and Clinical Nursing.",41,-1198.3203125000728,18,high,-0.0116305282542946,-0.0112985574643078
5202,408844,3,"Private, for-profit",3,Florida National University-Main Campus,21,9,,13365.0,0.8321821438,1.0,29.0,1,,57467.99999999999,52911.254,"Business Administration, Management and Operations.",24,4556.746093749985,58,high,0.0861205463363954,0.0816040652077679
5202,408844,3,"Private, for-profit",5,Florida National University-Main Campus,21,9,,13365.0,0.8321821438,1.0,29.0,1,,68395.99999999996,66615.61,"Business Administration, Management and Operations.",25,1780.3906249999563,35,high,0.026726327983845,0.0253872143312519
5203,408844,3,"Private, for-profit",2,Florida National University-Main Campus,21,9,,13365.0,0.8321821438,1.0,29.0,1,,33133.99999999998,47904.703,Accounting and Related Services.,39,-14770.703125000022,8,medium,-0.308335135413701,-0.2990130019855723
5203,408844,3,"Private, for-profit",3,Florida National University-Main Campus,21,9,,13365.0,0.8321821438,1.0,29.0,1,,63660.99999999996,51888.453,Accounting and Related Services.,27,11772.546874999956,24,high,0.2268818237198115,0.2164550729910333
1204,409032,1,"Private, for-profit",1,Nouvelle Institute,11,-2,,0.0,,1.0,34.0,1,,17598.000000000004,17350.066,Cosmetology and Related Personal Grooming Services.,194,247.93359375000364,80,high,0.0142900659827267,0.0142234571474714
5138,412173,1,"Private, nonprofit",2,Academy for Nursing and Health Occupations,21,2,,19834.0,0.8296703297,1.0,31.0,1,,84160.00000000007,76595.82,"Registered Nursing, Nursing Administration, Nursing Research and Clinical Nursing.",40,7564.179687500073,58,high,0.0987544706308947,0.0958544355160759
5139,412173,1,"Private, nonprofit",1,Academy for Nursing and Health Occupations,21,2,,19834.0,0.8296703297,1.0,31.0,1,,42050.99999999998,62874.13,"Practical Nursing, Vocational Nursing and Nursing Assistants.",76,-20823.128906250025,47,high,-0.3311875531078745,-0.3265721331978629
5108,417327,1,"Private, for-profit",2,City College-Altamonte Springs,21,1,1.0,14982.0,0.8646864686,2.0,31.0,1,open,39510.99999999997,37035.4,Allied Health and Medical Assisting Services.,30,2475.601562499971,22,high,0.0668441995211077,0.0641170852748517
5109,417327,1,"Private, for-profit",2,City College-Altamonte Springs,21,1,1.0,14982.0,0.8646864686,2.0,31.0,1,open,50943.000000000015,55618.887,"Allied Health Diagnostic, Intervention, and Treatment Professions.",20,-4675.886718749985,39,high,-0.0840701242798099,-0.0786753663893563
5139,419217,1,"Private, for-profit",1,HCA Florida Mercy Hospital School of Practical Nursing,11,-2,1.0,23406.0,,2.0,27.0,1,open,68692.99999999996,67385.3,"Practical Nursing, Vocational Nursing and Nursing Assistants.",38,1307.7031249999563,47,high,0.0194063569598239,0.0188018566073557
1204,419226,1,Public,1,Marion Technical College,13,-2,,16708.0,,1.0,28.0,1,,27463.99999999999,24483.574,Cosmetology and Related Personal Grooming Services.,49,2980.425781249989,80,high,0.1217316456584807,0.1189037926628607
1512,419226,1,Public,1,Marion Technical College,13,-2,,16708.0,,1.0,28.0,1,,41383.00000000003,39826.777,Computer Engineering Technologies/Technicians.,20,1556.222656250029,2,low,0.0390747823460098,0.0365673637810355
4302,419226,1,Public,1,Marion Technical College,13,-2,,16708.0,,1.0,28.0,1,,58400.99999999999,62685.297,Fire Protection.,26,-4284.296875000015,6,medium,-0.068346120838245,-0.0650689901648092
4805,419226,1,Public,1,Marion Technical College,13,-2,,16708.0,,1.0,28.0,1,,35952.000000000015,44747.793,Precision Metal Working.,37,-8795.792968749985,15,medium,-0.1965637271740441,-0.1902505730313679
5108,419226,1,Public,1,Marion Technical College,13,-2,,16708.0,,1.0,28.0,1,,32403.00000000001,34147.35,Allied Health and Medical Assisting Services.,33,-1744.351562499989,33,high,-0.0510830703607363,-0.0492130549135928
5109,419226,1,Public,1,Marion Technical College,13,-2,,16708.0,,1.0,28.0,1,,55030.00000000005,53513.055,"Allied Health Diagnostic, Intervention, and Treatment Professions.",20,1516.9453125000437,22,high,0.0283472009093583,0.0265281684398802
5139,419226,1,Public,1,Marion Technical College,13,-2,,16708.0,,1.0,28.0,1,,54908.00000000002,50761.586,"Practical Nursing, Vocational Nursing and Nursing Assistants.",40,4146.414062500022,47,high,0.0816840921322922,0.0792853477109775
5106,423120,1,"Private, for-profit",1,Compu-Med Vocational Careers Corp,21,-2,,0.0,,1.0,33.0,1,,27003.99999999998,27318.06,Dental Support Services and Allied Professions.,119,-314.0605468750182,17,high,-0.0114964437660617,-0.0114016035179707
5108,423120,1,"Private, for-profit",1,Compu-Med Vocational Careers Corp,21,-2,,0.0,,1.0,33.0,1,,28753.00000000002,28032.861,Allied Health and Medical Assisting Services.,75,720.1386718750182,33,high,0.0256890890817667,0.0253255053404208
5139,423120,1,"Private, for-profit",1,Compu-Med Vocational Careers Corp,21,-2,,0.0,,1.0,33.0,1,,28711.0,41395.844,"Practical Nursing, Vocational Nursing and Nursing Assistants.",39,-12684.84375,47,high,-0.3064279551011688,-0.2971634829230987
1402,426314,3,"Private, nonprofit",3,Embry-Riddle Aeronautical University-Worldwide,13,12,0.5791,38662.0,0.6700304341,2.0,25.0,2,mid,95551.99999999996,88364.11,"Aerospace, Aeronautical, and Astronautical/Space Engineering.",286,7187.890624999956,5,low,0.0813440057942071,0.0811026233266203
1427,426314,3,"Private, nonprofit",5,Embry-Riddle Aeronautical University-Worldwide,13,12,0.5791,38662.0,0.6700304341,2.0,25.0,2,mid,125092.99999999996,142688.42,Systems Engineering.,88,-17595.42187500003,4,low,-0.1233135922577812,-0.1218656963191104
4228,426314,3,"Private, nonprofit",5,Embry-Riddle Aeronautical University-Worldwide,13,12,0.5791,38662.0,0.6700304341,2.0,25.0,2,mid,109267.99999999996,90053.94,"Clinical, Counseling and Applied Psychology.",32,19214.06249999996,9,medium,0.2133617144725066,0.2052724243565448
4303,426314,3,"Private, nonprofit",3,Embry-Riddle Aeronautical University-Worldwide,13,12,0.5791,38662.0,0.6700304341,2.0,25.0,2,mid,71014.0,84794.04,Homeland Security.,74,-13780.0390625,3,low,-0.1625118842651546,-0.1601754761790868
4706,426314,3,"Private, nonprofit",2,Embry-Riddle Aeronautical University-Worldwide,13,12,0.5791,38662.0,0.6700304341,2.0,25.0,2,mid,83748.99999999996,75816.52,Vehicle Maintenance and Repair Technologies/Technicians.,47,7932.476562499956,5,low,0.1046272791582056,0.1020765948110503
4706,426314,3,"Private, nonprofit",3,Embry-Riddle Aeronautical University-Worldwide,13,12,0.5791,38662.0,0.6700304341,2.0,25.0,2,mid,87796.99999999994,77232.21,Vehicle Maintenance and Repair Technologies/Technicians.,85,10564.789062499942,2,low,0.1367925239256645,0.1351198915992693
4901,426314,3,"Private, nonprofit",2,Embry-Riddle Aeronautical University-Worldwide,13,12,0.5791,38662.0,0.6700304341,2.0,25.0,2,mid,83343.00000000007,90040.37,Air Transportation.,208,-6697.367187499927,5,low,-0.0743818289140617,-0.0740621642992448
4901,426314,3,"Private, nonprofit",3,Embry-Riddle Aeronautical University-Worldwide,13,12,0.5791,38662.0,0.6700304341,2.0,25.0,2,mid,90495.00000000007,82875.93,Air Transportation.,1152,7619.070312500073,5,low,0.0919334521039978,0.0918784646752775
4901,426314,3,"Private, nonprofit",5,Embry-Riddle Aeronautical University-Worldwide,13,12,0.5791,38662.0,0.6700304341,2.0,25.0,2,mid,113160.99999999994,114042.25,Air Transportation.,375,-881.2500000000582,3,low,-0.0077273992752691,-0.0077106471406881
5202,426314,3,"Private, nonprofit",2,Embry-Riddle Aeronautical University-Worldwide,13,12,0.5791,38662.0,0.6700304341,2.0,25.0,2,mid,85869.00000000003,70253.02,"Business Administration, Management and Operations.",64,15615.97656250003,26,high,0.2222819146907271,0.2184963489282674
5202,426314,3,"Private, nonprofit",3,Embry-Riddle Aeronautical University-Worldwide,13,12,0.5791,38662.0,0.6700304341,2.0,25.0,2,mid,83748.99999999996,84877.21,"Business Administration, Management and Operations.",455,-1128.2109375000437,58,high,-0.0132922715654595,-0.0132692235630938
5202,426314,3,"Private, nonprofit",5,Embry-Riddle Aeronautical University-Worldwide,13,12,0.5791,38662.0,0.6700304341,2.0,25.0,2,mid,110335.99999999994,125886.31,"Business Administration, Management and Operations.",435,-15550.312500000058,35,high,-0.1235266343987958,-0.1233010440556646
5212,426314,3,"Private, nonprofit",5,Embry-Riddle Aeronautical University-Worldwide,13,12,0.5791,38662.0,0.6700304341,2.0,25.0,2,mid,103031.99999999996,118162.41,Management Information Systems and Services.,41,-15130.40625000003,9,medium,-0.1280475468482602,-0.1243926788703244
4301,427991,1,Public,1,Osceola Technical College,21,-2,,17889.0,,1.0,26.0,1,,59910.99999999996,60054.22,Criminal Justice and Corrections.,35,-143.21875000003638,19,high,-0.0023848241302787,-0.0023031959063201
4706,427991,1,Public,1,Osceola Technical College,21,-2,,17889.0,,1.0,26.0,1,,50433.00000000001,45660.707,Vehicle Maintenance and Repair Technologies/Technicians.,25,4772.292968750007,24,high,0.1045164054398866,0.0992796461840281
5108,427991,1,Public,1,Osceola Technical College,21,-2,,17889.0,,1.0,26.0,1,,31234.000000000007,37543.32,Allied Health and Medical Assisting Services.,58,-6309.320312499993,33,high,-0.1680544038189214,-0.1648447139202496
5004,428000,1,"Private, for-profit",1,Miami Ad School,11,-2,,24014.0,0.1920529801,1.0,26.0,1,,90812.00000000006,40172.113,Design and Applied Arts.,92,50639.88671875006,2,low,1.2605731335121422,1.2465217312010743
5108,428170,1,"Private, for-profit",1,Southeastern College-West Palm Beach,21,1,0.8704,16491.0,0.8390022676,2.0,31.0,1,open,33988.00000000001,33938.598,Allied Health and Medical Assisting Services.,207,49.40234375000728,33,high,0.0014556389232808,0.0014493479194264
5108,428170,1,"Private, for-profit",2,Southeastern College-West Palm Beach,21,1,0.8704,16491.0,0.8390022676,2.0,31.0,1,open,38052.99999999998,42114.145,Allied Health and Medical Assisting Services.,30,-4061.144531250022,22,high,-0.0964318419963755,-0.0924976090788585
5109,428170,1,"Private, for-profit",2,Southeastern College-West Palm Beach,21,1,0.8704,16491.0,0.8390022676,2.0,31.0,1,open,63030.00000000005,56277.402,"Allied Health Diagnostic, Intervention, and Treatment Professions.",81,6752.597656250044,39,high,0.1199877282004642,0.1184355424715373
5135,428170,1,"Private, for-profit",1,Southeastern College-West Palm Beach,21,1,0.8704,16491.0,0.8390022676,2.0,31.0,1,open,31789.99999999999,30752.744,Somatic Bodywork and Related Therapeutic Services.,42,1037.255859374989,25,high,0.0337288878882438,0.0327925287551029
5138,428170,1,"Private, for-profit",2,Southeastern College-West Palm Beach,21,1,0.8704,16491.0,0.8390022676,2.0,31.0,1,open,82415.00000000004,80870.15,"Registered Nursing, Nursing Administration, Nursing Research and Clinical Nursing.",63,1544.8515625000437,58,high,0.019102865424984,0.0187715087446674
5139,428170,1,"Private, for-profit",1,Southeastern College-West Palm Beach,21,1,0.8704,16491.0,0.8390022676,2.0,31.0,1,open,58032.99999999998,60642.113,"Practical Nursing, Vocational Nursing and Nursing Assistants.",52,-2609.113281250022,47,high,-0.0430247750296778,-0.0420918568567321
5106,430582,0,"Private, for-profit",1,Praxis Institute,21,-2,,4823.0,0.9303178484,1.0,34.0,1,,30487.999999999996,28546.287,Dental Support Services and Allied Professions.,138,1941.7128906249927,17,high,0.0680198052792409,0.067547914582836
5108,430582,0,"Private, for-profit",1,Praxis Institute,21,-2,,4823.0,0.9303178484,1.0,34.0,1,,34136.999999999985,30635.744,Allied Health and Medical Assisting Services.,154,3501.255859374985,33,high,0.1142866268664286,0.1135891501383581
5108,430582,0,"Private, for-profit",2,Praxis Institute,21,-2,,4823.0,0.9303178484,1.0,34.0,1,,18549.00000000001,40500.625,Allied Health and Medical Assisting Services.,35,-21951.62499999999,22,high,-0.5420070677921635,-0.5234551445055942
5135,430582,1,"Private, for-profit",1,Praxis Institute,21,-2,,4823.0,0.9303178484,1.0,34.0,1,,27609.0,24873.355,Somatic Bodywork and Related Therapeutic Services.,229,2735.64453125,25,high,0.1099829307182525,0.1095603500607881
1204,431558,1,Public,1,Cape Coral Technical College,12,-2,,16369.0,,1.0,27.0,1,,32473.999999999985,25843.955,Cosmetology and Related Personal Grooming Services.,31,6630.044921874985,80,high,0.2565414195247085,0.2464574235631154
5107,431558,1,Public,1,Cape Coral Technical College,12,-2,,16369.0,,1.0,27.0,1,,40599.99999999998,35444.227,Health and Medical Administrative Services.,31,5155.773437499978,25,high,0.1454615867667087,0.1397438587825103
5108,431558,1,Public,1,Cape Coral Technical College,12,-2,,16369.0,,1.0,27.0,1,,35134.000000000015,35598.16,Allied Health and Medical Assisting Services.,30,-464.1601562499855,33,high,-0.0130388804986735,-0.0125069193559279
1204,433068,1,Public,1,Okaloosa Technical College,13,-2,,18421.0,,1.0,28.0,1,,25455.99999999998,26603.953,Cosmetology and Related Personal Grooming Services.,32,-1147.9531250000182,80,high,-0.0431497198783317,-0.0415137628211752
4702,433068,0,Public,1,Okaloosa Technical College,13,-2,,18421.0,,1.0,28.0,1,,40361.99999999999,51053.758,"Heating, Air Conditioning, Ventilation and Refrigeration Maintenance Technology/Technician (HAC, HACR, HVAC, HVACR).",22,-10691.757812500016,13,medium,-0.2094215640652066,-0.1973232986622644
5139,433068,1,Public,1,Okaloosa Technical College,13,-2,,18421.0,,1.0,28.0,1,,45837.00000000004,53502.445,"Practical Nursing, Vocational Nursing and Nursing Assistants.",40,-7665.445312499964,47,high,-0.1432728030976381,-0.1390654375239353
301,433660,1,Public,3,Florida Gulf Coast University,21,16,0.6344,43546.0,0.5981697171,2.0,21.0,1,mid,51264.99999999996,53855.62,Natural Resources Conservation and Research.,60,-2590.6210937500364,9,medium,-0.048103077100167,-0.047219895096697
301,433660,1,Public,5,Florida Gulf Coast University,21,16,0.6344,43546.0,0.5981697171,2.0,21.0,1,mid,66340.00000000006,66860.97,Natural Resources Conservation and Research.,22,-520.9687499999418,1,low,-0.0077918217420375,-0.0073416888828529
302,433660,1,Public,3,Florida Gulf Coast University,21,16,0.6344,43546.0,0.5981697171,2.0,21.0,1,mid,48942.00000000004,50489.137,Environmental/Natural Resources Management and Policy.,34,-1547.1367187499636,3,low,-0.0306429624132473,-0.0295587773763483
901,433660,1,Public,3,Florida Gulf Coast University,21,16,0.6344,43546.0,0.5981697171,2.0,21.0,1,mid,56455.00000000003,56690.08,Communication and Media Studies.,242,-235.0781249999709,15,medium,-0.004146724308293,-0.0041317830066602
907,433660,1,Public,3,Florida Gulf Coast University,21,16,0.6344,43546.0,0.5981697171,2.0,21.0,1,mid,43420.00000000001,54965.242,"Radio, Television, and Digital Communication.",29,-11545.242187499993,7,medium,-0.2100462351847068,-0.2011412672496175
1301,433660,1,Public,3,Florida Gulf Coast University,21,16,0.6344,43546.0,0.5981697171,2.0,21.0,1,mid,55116.00000000001,58433.81,"Education, General.",51,-3317.8085937499927,3,low,-0.0567789208609767,-0.05551971379154
1304,433660,3,Public,5,Florida Gulf Coast University,21,16,0.6344,43546.0,0.5981697171,2.0,21.0,1,mid,73909.99999999997,70989.16,Educational Administration and Supervision.,20,2920.843749999971,20,high,0.0411449283847484,0.0385046690898175
1310,433660,1,Public,3,Florida Gulf Coast University,21,16,0.6344,43546.0,0.5981697171,2.0,21.0,1,mid,56466.99999999998,56525.316,Special Education and Teaching.,24,-58.31640625002183,6,medium,-0.0010316865071731,-0.0009775810371253
1311,433660,1,Public,5,Florida Gulf Coast University,21,16,0.6344,43546.0,0.5981697171,2.0,21.0,1,mid,67595.00000000004,59056.785,Student Counseling and Personnel Services.,43,8538.214843750044,9,medium,0.1445763568260613,0.1406701882331347
1312,433660,1,Public,3,Florida Gulf Coast University,21,16,0.6344,43546.0,0.5981697171,2.0,21.0,1,mid,58114.99999999997,52935.836,"Teacher Education and Professional Development, Specific Levels and Methods.",112,5179.164062499971,24,high,0.09783852414487,0.0969720911040186
1405,433660,1,Public,3,Florida Gulf Coast University,21,16,0.6344,43546.0,0.5981697171,2.0,21.0,1,mid,91676.00000000004,78268.05,Biomedical/Medical Engineering.,25,13407.95312500003,5,low,0.1713081348051721,0.1627247984689371
1408,433660,1,Public,3,Florida Gulf Coast University,21,16,0.6344,43546.0,0.5981697171,2.0,21.0,1,mid,84451.00000000007,67818.41,Civil Engineering.,58,16632.593750000073,8,medium,0.2452519112390682,0.2405678174917709
1409,433660,1,Public,3,Florida Gulf Coast University,21,16,0.6344,43546.0,0.5981697171,2.0,21.0,1,mid,98649.99999999994,86818.445,Computer Engineering.,72,11831.554687499942,13,medium,0.1362792738906193,0.1342563176286212
2203,433660,1,Public,3,Florida Gulf Coast University,21,16,0.6344,43546.0,0.5981697171,2.0,21.0,1,mid,56695.00000000005,56445.855,Legal Support Services.,87,249.14453125004368,4,low,0.0044138675759458,0.004361344637035
2301,433660,1,Public,3,Florida Gulf Coast University,21,16,0.6344,43546.0,0.5981697171,2.0,21.0,1,mid,45842.000000000015,52000.41,"English Language and Literature, General.",56,-6158.410156249985,11,medium,-0.1184300304121696,-0.1160738967830074
2601,433660,1,Public,3,Florida Gulf Coast University,21,16,0.6344,43546.0,0.5981697171,2.0,21.0,1,mid,53351.99999999999,49191.695,"Biology, General.",66,4160.304687499985,24,high,0.0845733138707829,0.0831837445547432
3000,433660,1,Public,3,Florida Gulf Coast University,21,16,0.6344,43546.0,0.5981697171,2.0,21.0,1,mid,48879.00000000004,52038.605,"Multi-/Interdisciplinary Studies, General.",137,-3159.605468749964,7,medium,-0.0607165668697128,-0.0602917464692661
3105,433660,1,Public,3,Florida Gulf Coast University,21,16,0.6344,43546.0,0.5981697171,2.0,21.0,1,mid,58179.00000000001,54432.18,"Sports, Kinesiology, and Physical Education/Fitness.",32,3746.8203125000073,18,high,0.0688346550516778,0.0662248921140214
4201,433660,1,Public,3,Florida Gulf Coast University,21,16,0.6344,43546.0,0.5981697171,2.0,21.0,1,mid,52722.00000000003,52908.984,"Psychology, General.",200,-186.9843749999709,29,high,-0.0035340760592698,-0.0035181776770378
4301,433660,1,Public,3,Florida Gulf Coast University,21,16,0.6344,43546.0,0.5981697171,2.0,21.0,1,mid,54214.99999999996,57444.16,Criminal Justice and Corrections.,152,-3229.1601562500364,23,high,-0.0562138979396097,-0.05586555257891
4304,433660,1,Public,3,Florida Gulf Coast University,21,16,0.6344,43546.0,0.5981697171,2.0,21.0,1,mid,52096.00000000001,73087.34,Security Science and Technology.,66,-20991.343749999996,4,low,-0.2872090114781329,-0.282490066324229
4404,433660,3,Public,5,Florida Gulf Coast University,21,16,0.6344,43546.0,0.5981697171,2.0,21.0,1,mid,85052.00000000003,74009.625,Public Administration.,20,11042.37500000003,10,medium,0.1492018774585066,0.1396276319987187
4407,433660,1,Public,3,Florida Gulf Coast University,21,16,0.6344,43546.0,0.5981697171,2.0,21.0,1,mid,53706.99999999997,52225.348,Social Work.,66,1481.652343749971,12,medium,0.0283703682262162,0.0279042330901125
4407,433660,1,Public,5,Florida Gulf Coast University,21,16,0.6344,43546.0,0.5981697171,2.0,21.0,1,mid,61073.00000000001,67046.07,Social Work.,34,-5973.070312499993,9,medium,-0.089089044065665,-0.0859369660379261
4510,433660,1,Public,3,Florida Gulf Coast University,21,16,0.6344,43546.0,0.5981697171,2.0,21.0,1,mid,54824.00000000002,60183.797,Political Science and Government.,47,-5359.796874999978,14,medium,-0.0890571408469313,-0.0868860373164916
5007,433660,1,Public,3,Florida Gulf Coast University,21,16,0.6344,43546.0,0.5981697171,2.0,21.0,1,mid,43271.000000000015,43211.066,Fine and Studio Arts.,33,59.93359375001455,12,medium,0.0013869964047299,0.0013362221524451
5100,433660,1,Public,3,Florida Gulf Coast University,21,16,0.6344,43546.0,0.5981697171,2.0,21.0,1,mid,54005.99999999997,60010.71,"Health Services/Allied Health/Health Sciences, General.",163,-6004.710937500029,15,medium,-0.1000606532349503,-0.0994891892020109
5122,433660,1,Public,3,Florida Gulf Coast University,21,16,0.6344,43546.0,0.5981697171,2.0,21.0,1,mid,58119.00000000002,59917.04,Public Health.,81,-1798.0390624999782,12,medium,-0.0300088103590103,-0.0296206102665516
5123,433660,0,Public,6,Florida Gulf Coast University,21,16,0.6344,43546.0,0.5981697171,2.0,21.0,1,mid,79335.00000000003,80512.09,Rehabilitation and Therapeutic Professions.,45,-1177.093749999971,8,medium,-0.0146200861904671,-0.0142452832239537
5138,433660,1,Public,3,Florida Gulf Coast University,21,16,0.6344,43546.0,0.5981697171,2.0,21.0,1,mid,86452.00000000007,88174.12,"Registered Nursing, Nursing Administration, Nursing Research and Clinical Nursing.",85,-1722.1171874999272,57,high,-0.0195308696296656,-0.0192920556728229
5202,433660,1,Public,3,Florida Gulf Coast University,21,16,0.6344,43546.0,0.5981697171,2.0,21.0,1,mid,66349.00000000001,69583.31,"Business Administration, Management and Operations.",188,-3234.312499999985,58,high,-0.0464811516410631,-0.0462564096124047
5203,433660,1,Public,3,Florida Gulf Coast University,21,16,0.6344,43546.0,0.5981697171,2.0,21.0,1,mid,72207.0,76798.66,Accounting and Related Services.,86,-4591.65625,24,high,-0.0597882368547301,-0.0590671035907443
5203,433660,3,Public,5,Florida Gulf Coast University,21,16,0.6344,43546.0,0.5981697171,2.0,21.0,1,mid,90903.99999999996,92414.14,Accounting and Related Services.,21,-1510.1406250000437,19,high,-0.0163410124769533,-0.0153471999688898
5208,433660,1,Public,3,Florida Gulf Coast University,21,16,0.6344,43546.0,0.5981697171,2.0,21.0,1,mid,75767.00000000004,82282.52,Finance and Financial Management Services.,104,-6515.523437499956,15,medium,-0.0791847790430127,-0.0784200372798348
5209,433660,1,Public,3,Florida Gulf Coast University,21,16,0.6344,43546.0,0.5981697171,2.0,21.0,1,mid,60011.00000000002,54563.406,Hospitality Administration/Management.,213,5447.593750000022,7,medium,0.0998396933842454,0.0994223312258617
5212,433660,1,Public,3,Florida Gulf Coast University,21,16,0.6344,43546.0,0.5981697171,2.0,21.0,1,mid,74739.00000000003,64954.473,Management Information Systems and Services.,55,9784.52734375003,7,medium,0.1506366989619236,0.147576392136545
5214,433660,1,Public,3,Florida Gulf Coast University,21,16,0.6344,43546.0,0.5981697171,2.0,21.0,1,mid,67033.99999999997,62356.594,Marketing.,144,4677.406249999971,17,high,0.0750106118488868,0.0745154746103029
2301,434469,0,"Private, for-profit",1,New Professions Technical Institute,11,-2,,0.0,,1.0,34.0,1,,29718.999999999985,24904.355,"English Language and Literature, General.",187,4814.644531249985,2,low,0.1933254019479204,0.1923848176522896
5108,434469,2,"Private, for-profit",1,New Professions Technical Institute,11,-2,,0.0,,1.0,34.0,1,,29616.999999999996,30500.885,Allied Health and Medical Assisting Services.,38,-883.8847656250073,33,high,-0.0289789877381248,-0.0280763037187526
1204,438285,1,"Private, for-profit",1,Cortiva Institute,21,-2,,17597.0,0.7702589808,1.0,29.0,1,,31545.0,27616.26,Cosmetology and Related Personal Grooming Services.,303,3928.740234374997,80,high,0.1422618510876425,0.1418670570623567
5135,438285,1,"Private, for-profit",1,Cortiva Institute,21,-2,,17597.0,0.7702589808,1.0,29.0,1,,30699.00000000001,25619.393,Somatic Bodywork and Related Therapeutic Services.,293,5079.607421875011,25,high,0.1982719694225775,0.1976998941476302
1204,439774,1,"Private, for-profit",1,New Concept Massage and Beauty School,21,-2,,0.0,,1.0,37.0,1,,15215.999999999993,22728.24,Cosmetology and Related Personal Grooming Services.,93,-7512.240234375007,80,high,-0.3305244997812557,-0.3268864856941388
5106,439792,1,"Private, for-profit",1,Fortis College-Orange Park,21,1,,18895.0,0.875,1.0,30.0,1,,38908.000000000015,36350.5,Dental Support Services and Allied Professions.,53,2557.5000000000146,17,high,0.0703566663457177,0.0688644670342902
5107,439792,1,"Private, for-profit",1,Fortis College-Orange Park,21,1,,18895.0,0.875,1.0,30.0,1,,37326.00000000003,38078.613,Health and Medical Administrative Services.,24,-752.6132812499709,25,high,-0.019764723985381,-0.0187281884930977
5108,439792,1,"Private, for-profit",1,Fortis College-Orange Park,21,1,,18895.0,0.875,1.0,30.0,1,,32165.000000000004,37699.645,Allied Health and Medical Assisting Services.,93,-5534.644531249996,33,high,-0.1468089314917072,-0.1451930362668907
5109,439792,1,"Private, for-profit",2,Fortis College-Orange Park,21,1,,18895.0,0.875,1.0,30.0,1,,54042.99999999997,51270.684,"Allied Health Diagnostic, Intervention, and Treatment Professions.",24,2772.316406249971,39,high,0.054072156092491,0.0512364115116101
5110,439792,1,"Private, for-profit",1,Fortis College-Orange Park,21,1,,18895.0,0.875,1.0,30.0,1,,37792.000000000015,36197.008,Clinical/Medical Laboratory Science/Research and Allied Professions.,30,1594.9921875000146,8,medium,0.0440641998853068,0.0422664656298589
5138,439792,1,"Private, for-profit",2,Fortis College-Orange Park,21,1,,18895.0,0.875,1.0,30.0,1,,80097.00000000003,82003.64,"Registered Nursing, Nursing Administration, Nursing Research and Clinical Nursing.",52,-1906.640624999971,58,high,-0.0232506826583343,-0.0227465316344093
4400,441371,3,"Private, nonprofit",2,Ultimate Medical Academy,12,4,,10150.0,0.9341584543,1.0,32.0,1,,29342.000000000025,33543.42,"Human Services, General.",776,-4201.421874999975,2,low,-0.1252532282083989,-0.1251356257401079
5106,441371,1,"Private, nonprofit",1,Ultimate Medical Academy,12,4,,10150.0,0.9341584543,1.0,32.0,1,,32299.99999999998,29714.994,Dental Support Services and Allied Professions.,52,2585.005859374982,17,high,0.0869933154669843,0.0851070151930614
5107,441371,3,"Private, nonprofit",1,Ultimate Medical Academy,12,4,,10150.0,0.9341584543,1.0,32.0,1,,29056.0,34525.07,Health and Medical Administrative Services.,1387,-5469.0703125,25,high,-0.1584086654421639,-0.158331940958022
5107,441371,3,"Private, nonprofit",2,Ultimate Medical Academy,12,4,,10150.0,0.9341584543,1.0,32.0,1,,30765.000000000004,35604.945,Health and Medical Administrative Services.,6973,-4839.945312499996,15,medium,-0.1359346368887923,-0.1359239040697188
5108,441371,3,"Private, nonprofit",2,Ultimate Medical Academy,12,4,,10150.0,0.9341584543,1.0,32.0,1,,34529.99999999999,30882.588,Allied Health and Medical Assisting Services.,226,3647.4121093749927,22,high,0.118105779291969,0.1176449696351843
5139,441371,1,"Private, nonprofit",1,Ultimate Medical Academy,12,4,,10150.0,0.9341584543,1.0,32.0,1,,31655.00000000001,32599.451,"Practical Nursing, Vocational Nursing and Nursing Assistants.",47,-944.4511718749854,47,high,-0.0289713825823486,-0.0282650959173145
1204,441380,1,"Private, for-profit",1,Florida Barber Academy,21,-2,,2534.0,0.9677419355,1.0,31.0,1,,19990.00000000001,19934.146,Cosmetology and Related Personal Grooming Services.,189,55.85351562501455,80,high,0.002801901534575,0.0027884375574266
1205,441423,1,"Private, for-profit",1,Florida Education Institute,21,-2,,9969.0,0.9317269076,1.0,35.0,1,,32935.00000000003,33224.133,Culinary Arts and Related Services.,52,-289.1328124999709,6,medium,-0.0087024938809295,-0.0085137952837638
4702,441423,1,"Private, for-profit",1,Florida Education Institute,21,-2,,9969.0,0.9317269076,1.0,35.0,1,,41244.000000000015,38648.434,"Heating, Air Conditioning, Ventilation and Refrigeration Maintenance Technology/Technician (HAC, HACR, HVAC, HVACR).",53,2595.5664062500146,13,medium,0.0671583856032332,0.0657340188451309
5107,441423,2,"Private, for-profit",1,Florida Education Institute,21,-2,,9969.0,0.9317269076,1.0,35.0,1,,32013.000000000025,34670.18,Health and Medical Administrative Services.,43,-2657.1796874999745,25,high,-0.0766416474171893,-0.0745709409571327
5108,441423,1,"Private, for-profit",1,Florida Education Institute,21,-2,,9969.0,0.9317269076,1.0,35.0,1,,30373.000000000007,30643.572,Allied Health and Medical Assisting Services.,120,-270.5722656249927,33,high,-0.0088296580855395,-0.0087575269988732
2201,442295,1,"Private, nonprofit",7,Ave Maria School of Law,21,18,,,,,,1,,91005.0,76302.516,Law.,109,14702.484375,8,medium,0.1926867581569333,0.1909253096524687
4805,442329,1,"Private, for-profit",1,Tulsa Welding School-Jacksonville,11,-2,,20300.0,0.747530975,1.0,25.0,1,,47366.99999999998,43449.79,Precision Metal Working.,3411,3917.210937499978,15,medium,0.0901548896328425,0.0901390689317708
1204,443234,1,"Private, for-profit",1,Hollywood Institute,21,-2,,12879.0,0.9647058824,1.0,28.0,1,,23047.00000000002,21537.717,Cosmetology and Related Personal Grooming Services.,71,1509.2832031250182,80,high,0.0700762860501539,0.0690189377277523
5108,443234,1,"Private, for-profit",1,Hollywood Institute,21,-2,,12879.0,0.9647058824,1.0,28.0,1,,28345.999999999996,30995.213,Allied Health and Medical Assisting Services.,44,-2649.2128906250077,33,high,-0.0854716791258531,-0.0832228805563982
5135,443234,1,"Private, for-profit",1,Hollywood Institute,21,-2,,12879.0,0.9647058824,1.0,28.0,1,,31518.999999999975,28781.375,Somatic Bodywork and Related Therapeutic Services.,54,2737.624999999978,25,high,0.0951179365127614,0.0931438971346176
1505,443252,1,"Private, for-profit",1,South Florida Institute of Technology,11,-2,,0.0,0.9904006678,1.0,36.0,1,,40093.000000000015,40317.305,Environmental Control Technologies/Technicians.,621,-224.30468749998545,5,low,-0.005563484197135,-0.0055567402222158
4701,443252,1,"Private, for-profit",1,South Florida Institute of Technology,11,-2,,0.0,0.9904006678,1.0,36.0,1,,44893.99999999996,33761.53,Electrical/Electronics Maintenance and Repair Technologies/Technicians.,517,11132.468749999964,2,low,0.3297382653519296,0.3292447878910206
5108,443252,1,"Private, for-profit",1,South Florida Institute of Technology,11,-2,,0.0,0.9904006678,1.0,36.0,1,,28401.99999999998,29998.674,Allied Health and Medical Assisting Services.,142,-1596.6738281250182,33,high,-0.0532248137792034,-0.052867692400368
5139,443252,1,"Private, for-profit",1,South Florida Institute of Technology,11,-2,,0.0,0.9904006678,1.0,36.0,1,,28156.999999999996,31543.574,"Practical Nursing, Vocational Nursing and Nursing Assistants.",61,-3386.5742187500077,47,high,-0.1073617781949698,-0.1054281712214277
5138,444334,1,"Private, for-profit",2,Advance Science International College,21,1,,11985.0,,2.0,36.0,1,,60067.00000000004,75166.07,"Registered Nursing, Nursing Administration, Nursing Research and Clinical Nursing.",22,-15099.070312499964,58,high,-0.2008761433147451,-0.1892715461196609
4706,444370,1,"Private, for-profit",1,American Advanced Technicians Institute,21,-2,,8889.0,0.9276315789,1.0,33.0,1,,47486.00000000002,42166.633,Vehicle Maintenance and Repair Technologies/Technicians.,73,5319.367187500022,24,high,0.1261511017764532,0.1243084040059454
1204,444404,1,"Private, for-profit",1,The Beauty Institute,21,-2,,13443.0,,1.0,30.0,1,,28917.0,19216.902,Cosmetology and Related Personal Grooming Services.,29,9700.09765625,80,high,0.5047690560494942,0.4833692330305605
1204,445212,1,"Private, for-profit",1,Paul Mitchell the School-Orlando,21,-2,,22429.0,0.7674195099,1.0,24.0,1,,31080.00000000001,28141.908,Cosmetology and Related Personal Grooming Services.,832,2938.091796875011,80,high,0.1044027212251638,0.1043122063234345
4702,445744,1,"Private, for-profit",1,Fortis Institute-Port Saint Lucie,12,1,,16203.0,0.868177137,1.0,29.0,1,,45551.00000000002,41641.887,"Heating, Air Conditioning, Ventilation and Refrigeration Maintenance Technology/Technician (HAC, HACR, HVAC, HVACR).",137,3909.113281250022,13,medium,0.0938745477036676,0.0932177282390098
5108,445744,1,"Private, for-profit",1,Fortis Institute-Port Saint Lucie,12,1,,16203.0,0.868177137,1.0,29.0,1,,31076.999999999975,33573.188,Allied Health and Medical Assisting Services.,343,-2496.187500000022,33,high,-0.074350625778384,-0.0741719139614826
5138,445744,1,"Private, for-profit",2,Fortis Institute-Port Saint Lucie,12,1,,16203.0,0.868177137,1.0,29.0,1,,75311.00000000001,82425.86,"Registered Nursing, Nursing Administration, Nursing Research and Clinical Nursing.",103,-7114.859374999985,58,high,-0.0863182917223905,-0.0854751815263337
5139,445744,1,"Private, for-profit",1,Fortis Institute-Port Saint Lucie,12,1,,16203.0,0.868177137,1.0,29.0,1,,53269.99999999999,53646.73,"Practical Nursing, Vocational Nursing and Nursing Assistants.",48,-376.73046875001455,47,high,-0.0070224311054606,-0.0068553550887426
3906,446048,1,"Private, nonprofit",3,Ave Maria University,42,11,0.4139,81806.0,0.443254818,2.0,19.0,1,mid,42457.00000000002,55560.094,Theological and Ministerial Studies.,25,-13103.093749999978,4,low,-0.2358364226122274,-0.2240199181717501
4201,446048,1,"Private, nonprofit",3,Ave Maria University,42,11,0.4139,81806.0,0.443254818,2.0,19.0,1,mid,49235.0,55968.63,"Psychology, General.",30,-6733.62890625,29,high,-0.1203107711916462,-0.1154023240796246
5138,446109,0,"Private, for-profit",2,Cambridge College of Healthcare & Technology,21,1,,19139.0,0.8965517241,1.0,31.0,1,,79722.00000000003,77064.02,"Registered Nursing, Nursing Administration, Nursing Research and Clinical Nursing.",44,2657.976562500029,58,high,0.0344904982109542,0.0335830375897305
5139,446109,1,"Private, for-profit",1,Cambridge College of Healthcare & Technology,21,1,,19139.0,0.8965517241,1.0,31.0,1,,58533.00000000005,57332.4,"Practical Nursing, Vocational Nursing and Nursing Assistants.",89,1200.601562500051,47,high,0.0209410663991123,0.0206984125770605
5106,446127,1,"Private, for-profit",1,ATA Career Education,22,1,,16605.0,0.8771186441,1.0,28.0,1,,36748.00000000003,35570.74,Dental Support Services and Allied Professions.,107,1177.261718750029,17,high,0.0330963532283665,0.0327871769055973
5107,446127,3,"Private, for-profit",1,ATA Career Education,22,1,,16605.0,0.8771186441,1.0,28.0,1,,42551.000000000015,33751.33,Health and Medical Administrative Services.,28,8799.671875000015,25,high,0.2607207586738489,0.2492202385224891
5107,446127,3,"Private, for-profit",2,ATA Career Education,22,1,,16605.0,0.8771186441,1.0,28.0,1,,30526.000000000007,40754.33,Health and Medical Administrative Services.,30,-10228.328124999993,15,medium,-0.2509752606797512,-0.2407359547450393
5108,446127,1,"Private, for-profit",1,ATA Career Education,22,1,,16605.0,0.8771186441,1.0,28.0,1,,34110.00000000003,34208.562,Allied Health and Medical Assisting Services.,103,-98.5624999999709,33,high,-0.0028812230855935,-0.0028530808632197
5108,446127,1,"Private, for-profit",2,ATA Career Education,22,1,,16605.0,0.8771186441,1.0,28.0,1,,39008.99999999997,40647.703,Allied Health and Medical Assisting Services.,35,-1638.703125000029,22,high,-0.0403147779337169,-0.0389348758771109
5109,446127,1,"Private, for-profit",2,ATA Career Education,22,1,,16605.0,0.8771186441,1.0,28.0,1,,39727.00000000002,55298.117,"Allied Health Diagnostic, Intervention, and Treatment Professions.",44,-15571.117187499978,39,high,-0.2815849432034512,-0.2741763158787961
5138,446127,0,"Private, for-profit",2,ATA Career Education,22,1,,16605.0,0.8771186441,1.0,28.0,1,,82629.00000000007,81765.62,"Registered Nursing, Nursing Administration, Nursing Research and Clinical Nursing.",91,863.3828125000728,58,high,0.0105592404509124,0.0104400243268273
5139,446127,1,"Private, for-profit",1,ATA Career Education,22,1,,16605.0,0.8771186441,1.0,28.0,1,,56505.00000000001,53305.45,"Practical Nursing, Vocational Nursing and Nursing Assistants.",89,3199.5507812500077,47,high,0.0600229587808177,0.0593274449955388
1410,446552,1,"Private, for-profit",2,Southern Technical College,21,2,,13961.0,0.9323748669,1.0,30.0,1,,42764.99999999998,52281.957,"Electrical, Electronics, and Communications Engineering.",57,-9516.957031250022,1,low,-0.1820313846622371,-0.1784836937118201
4701,446552,1,"Private, for-profit",2,Southern Technical College,21,2,,13961.0,0.9323748669,1.0,30.0,1,,53187.0,39366.195,Electrical/Electronics Maintenance and Repair Technologies/Technicians.,32,13820.8046875,3,low,0.3510830695673417,0.3377722803680987
4702,446552,1,"Private, for-profit",1,Southern Technical College,21,2,,13961.0,0.9323748669,1.0,30.0,1,,42084.000000000015,39387.67,"Heating, Air Conditioning, Ventilation and Refrigeration Maintenance Technology/Technician (HAC, HACR, HVAC, HVACR).",325,2696.3281250000146,13,medium,0.0684561436775708,0.0682809972116631
4805,446552,1,"Private, for-profit",2,Southern Technical College,21,2,,13961.0,0.9323748669,1.0,30.0,1,,40511.00000000002,39613.016,Precision Metal Working.,113,897.9843750000218,1,low,0.0226689223436273,0.0224702486333108
5107,446552,0,"Private, for-profit",2,Southern Technical College,21,2,,13961.0,0.9323748669,1.0,30.0,1,,28486.99999999998,34709.65,Health and Medical Administrative Services.,29,-6222.648437500018,15,medium,-0.1792771957545131,-0.1716766897121991
5108,446552,1,"Private, for-profit",1,Southern Technical College,21,2,,13961.0,0.9323748669,1.0,30.0,1,,31874.99999999997,31723.13,Allied Health and Medical Assisting Services.,384,151.8691406249709,33,high,0.0047873314049041,0.0047772337848525
5108,446552,1,"Private, for-profit",2,Southern Technical College,21,2,,13961.0,0.9323748669,1.0,30.0,1,,32498.00000000002,40968.695,Allied Health and Medical Assisting Services.,52,-8470.695312499982,22,high,-0.2067601920902635,-0.2022769532933215
5139,446552,0,"Private, for-profit",1,Southern Technical College,21,2,,13961.0,0.9323748669,1.0,30.0,1,,29799.00000000001,47917.176,"Practical Nursing, Vocational Nursing and Nursing Assistants.",95,-18118.17578124999,47,high,-0.3781144336210991,-0.3740548961201537
1204,447014,1,"Private, for-profit",1,Daytona College,13,1,,16479.0,0.8815165877,1.0,31.0,1,,22601.00000000001,31449.918,Cosmetology and Related Personal Grooming Services.,39,-8848.917968749989,80,high,-0.2813653751829387,-0.2728586392704336
5107,447014,3,"Private, for-profit",1,Daytona College,13,1,,16479.0,0.8815165877,1.0,31.0,1,,39843.99999999997,36367.7,Health and Medical Administrative Services.,44,3476.300781249971,25,high,0.0955875916246498,0.0930726388180407
5108,447014,2,"Private, for-profit",1,Daytona College,13,1,,16479.0,0.8815165877,1.0,31.0,1,,31406.0,33020.043,Allied Health and Medical Assisting Services.,84,-1614.0429687500036,33,high,-0.0488807046761727,-0.0482746890997069
5135,447014,2,"Private, for-profit",1,Daytona College,13,1,,16479.0,0.8815165877,1.0,31.0,1,,33160.00000000002,29711.676,Somatic Bodywork and Related Therapeutic Services.,24,3448.324218750022,25,high,0.1160595667554416,0.1099729722626462
1204,447883,1,"Private, for-profit",1,American Institute of Beauty,21,-2,,13466.0,0.8905109489,1.0,29.0,1,,25312.99999999999,23583.105,Cosmetology and Related Personal Grooming Services.,183,1729.894531249989,80,high,0.0733531270316487,0.072987127310505
1204,447892,1,"Private, for-profit",1,North Florida Cosmetology Institute,12,-2,,9861.0,0.8983050847,1.0,28.0,1,,21279.0,20504.781,Cosmetology and Related Personal Grooming Services.,107,774.21875,80,high,0.0377579619387551,0.0374052382490201
1204,447908,1,"Private, for-profit",1,Florida Academy of Health & Beauty,21,-2,,13763.0,,1.0,28.0,1,,19021.0,22969.195,Cosmetology and Related Personal Grooming Services.,36,-3948.195312500004,80,high,-0.1718908851086902,-0.166194051113753
1101,449038,3,"Private, for-profit",3,Strayer University-Florida,21,6,,18178.0,0.8626386594,1.0,33.0,5,,82304.00000000003,73013.836,"Computer and Information Sciences, General.",426,9290.16406250003,19,high,0.1272384054777293,0.1270003601494014
1104,449038,3,"Private, for-profit",3,Strayer University-Florida,21,6,,18178.0,0.8626386594,1.0,33.0,5,,87412.99999999994,73322.76,Information Science/Studies.,317,14090.242187499942,5,low,0.1921673789675413,0.1916613045075438
1104,449038,3,"Private, for-profit",5,Strayer University-Florida,21,6,,18178.0,0.8626386594,1.0,33.0,5,,98400.99999999996,82221.97,Information Science/Studies.,213,16179.031249999956,5,low,0.1967726082939355,0.195950035249843
1110,449038,3,"Private, for-profit",2,Strayer University-Florida,21,6,,18178.0,0.8626386594,1.0,33.0,5,,61318.99999999999,59510.38,Computer/Information Technology Administration and Management.,47,1808.6210937499852,8,medium,0.0303916917853809,0.029650779729326
1110,449038,3,"Private, for-profit",5,Strayer University-Florida,21,6,,18178.0,0.8626386594,1.0,33.0,5,,96961.00000000006,78919.69,Computer/Information Technology Administration and Management.,55,18041.31250000006,3,low,0.2286034457498334,0.2239591811705218
1304,449038,3,"Private, for-profit",5,Strayer University-Florida,21,6,,18178.0,0.8626386594,1.0,33.0,5,,56068.000000000015,65308.832,Educational Administration and Supervision.,280,-9240.832031249984,20,high,-0.1414943698094047,-0.1410640321547186
4301,449038,3,"Private, for-profit",3,Strayer University-Florida,21,6,,18178.0,0.8626386594,1.0,33.0,5,,53915.99999999998,66084.73,Criminal Justice and Corrections.,474,-12168.726562500022,23,high,-0.1841382600106755,-0.183833687920388
4404,449038,3,"Private, for-profit",5,Strayer University-Florida,21,6,,18178.0,0.8626386594,1.0,33.0,5,,62227.00000000003,79223.734,Public Administration.,185,-16996.73437499997,10,medium,-0.2145409391401208,-0.2134839615881569
5107,449038,3,"Private, for-profit",5,Strayer University-Florida,21,6,,18178.0,0.8626386594,1.0,33.0,5,,58849.99999999995,73724.59,Health and Medical Administrative Services.,304,-14874.593750000053,12,medium,-0.201758911014685,-0.2012011411330162
5201,449038,3,"Private, for-profit",2,Strayer University-Florida,21,6,,18178.0,0.8626386594,1.0,33.0,5,,59020.99999999996,50629.74,"Business/Commerce, General.",174,8391.261718749956,2,low,0.1657378055587844,0.1648607264830284
5201,449038,3,"Private, for-profit",3,Strayer University-Florida,21,6,,18178.0,0.8626386594,1.0,33.0,5,,64016.00000000005,65034.125,"Business/Commerce, General.",2957,-1018.1249999999563,9,medium,-0.0156552425361293,-0.0156520174847619
5202,449038,3,"Private, for-profit",5,Strayer University-Florida,21,6,,18178.0,0.8626386594,1.0,33.0,5,,76080.00000000004,67570.44,"Business Administration, Management and Operations.",3047,8509.562500000044,35,high,0.1259361758609309,0.1259110917660348
5203,449038,3,"Private, for-profit",2,Strayer University-Florida,21,6,,18178.0,0.8626386594,1.0,33.0,5,,55080.99999999997,47165.88,Accounting and Related Services.,24,7915.121093749971,8,medium,0.1678145574151726,0.1590137390980889
5203,449038,3,"Private, for-profit",3,Strayer University-Florida,21,6,,18178.0,0.8626386594,1.0,33.0,5,,66107.99999999997,61961.312,Accounting and Related Services.,325,4146.687499999971,24,high,0.0669238163733211,0.0667525903986585
5203,449038,3,"Private, for-profit",5,Strayer University-Florida,21,6,,18178.0,0.8626386594,1.0,33.0,5,,77492.99999999994,70479.12,Accounting and Related Services.,238,7013.882812499942,19,high,0.0995171774618071,0.0991515814107096
5210,449038,3,"Private, for-profit",5,Strayer University-Florida,21,6,,18178.0,0.8626386594,1.0,33.0,5,,63742.00000000003,81594.41,Human Resources Management and Services.,454,-17852.40624999997,7,medium,-0.2187944869076116,-0.2184141463077548
1109,449083,2,"Private, for-profit",2,CBT Technology Institute-Main Campus,21,1,,8968.0,0.9465049929,1.0,35.0,1,,46235.99999999999,45477.227,Computer Systems Networking and Telecommunications.,23,758.7734374999854,5,low,0.0166846902252755,0.0157672053765458
1505,449083,1,"Private, for-profit",1,CBT Technology Institute-Main Campus,21,1,,8968.0,0.9465049929,1.0,35.0,1,,40306.99999999999,43678.836,Environmental Control Technologies/Technicians.,333,-3371.8359375000146,5,low,-0.0771961034475545,-0.0770040829397239
1505,449083,1,"Private, for-profit",2,CBT Technology Institute-Main Campus,21,1,,8968.0,0.9465049929,1.0,35.0,1,,48101.99999999996,46369.938,Environmental Control Technologies/Technicians.,42,1732.0624999999563,2,low,0.0373531342370249,0.0363161611678219
4701,449083,1,"Private, for-profit",1,CBT Technology Institute-Main Campus,21,1,,8968.0,0.9465049929,1.0,35.0,1,,43587.00000000003,41680.465,Electrical/Electronics Maintenance and Repair Technologies/Technicians.,404,1906.535156250029,2,low,0.0457416961014511,0.0456507149674368
4701,449083,1,"Private, for-profit",2,CBT Technology Institute-Main Campus,21,1,,8968.0,0.9465049929,1.0,35.0,1,,48865.99999999999,46388.914,Electrical/Electronics Maintenance and Repair Technologies/Technicians.,47,2477.0859374999927,3,low,0.0533982307532054,0.0520964475811319
5107,449083,0,"Private, for-profit",1,CBT Technology Institute-Main Campus,21,1,,8968.0,0.9465049929,1.0,35.0,1,,41889.99999999999,38528.832,Health and Medical Administrative Services.,60,3361.167968749985,25,high,0.0872377331870274,0.0856360311625632
1505,449092,1,"Private, for-profit",2,CBT Technology Institute-Hialeah,21,1,,8968.0,0.9465049929,1.0,35.0,1,,48101.99999999996,45581.7,Environmental Control Technologies/Technicians.,42,2520.3007812499563,2,low,0.0552919444524181,0.0537569659690277
4701,449092,1,"Private, for-profit",2,CBT Technology Institute-Hialeah,21,1,,8968.0,0.9465049929,1.0,35.0,1,,48865.99999999999,48824.664,Electrical/Electronics Maintenance and Repair Technologies/Technicians.,47,41.33593749999272,3,low,0.000846620008426,0.000825980454183
1204,449490,1,"Private, for-profit",1,Palm Beach Academy of Health & Beauty,21,-2,,15750.0,0.7323076923,1.0,31.0,1,,24033.000000000004,25320.027,Cosmetology and Related Personal Grooming Services.,118,-1287.0273437499964,80,high,-0.0508304089200632,-0.0504069226853502
5135,449490,1,"Private, for-profit",1,Palm Beach Academy of Health & Beauty,21,-2,,15750.0,0.7323076923,1.0,31.0,1,,32263.00000000003,28875.51,Somatic Bodywork and Related Therapeutic Services.,47,3387.490234375029,25,high,0.1173136080322185,0.1144536465945934
5138,449506,1,"Private, nonprofit",2,SABER College,11,1,0.8037,16564.0,0.9024390244,2.0,32.0,1,open,36980.00000000001,76771.85,"Registered Nursing, Nursing Administration, Nursing Research and Clinical Nursing.",309,-39791.85156249999,58,high,-0.5183130372999462,-0.5169069973547171
5108,449524,1,"Private, for-profit",2,Taylor College,13,1,,26578.0,0.7625570776,1.0,31.0,1,,52604.00000000001,45603.48,Allied Health and Medical Assisting Services.,32,7000.519531250007,22,high,0.1535084484625498,0.1476884053590588
5138,449524,1,"Private, for-profit",2,Taylor College,13,1,,26578.0,0.7625570776,1.0,31.0,1,,82593.0,77472.18,"Registered Nursing, Nursing Administration, Nursing Research and Clinical Nursing.",57,5120.8203125,58,high,0.0660988284201617,0.0648105988335193
1104,449898,3,"Private, for-profit",3,South University-Tampa,11,6,,20000.0,0.7772579044,1.0,30.0,1,,58915.00000000001,60636.39,Information Science/Studies.,130,-1721.3906249999927,5,low,-0.0283887383014891,-0.0281775483250286
1104,449898,3,"Private, for-profit",5,South University-Tampa,11,6,,20000.0,0.7772579044,1.0,30.0,1,,78782.00000000004,84593.0,Information Science/Studies.,39,-5810.999999999956,5,low,-0.0686936271322681,-0.066616759840028
4201,449898,3,"Private, for-profit",3,South University-Tampa,11,6,,20000.0,0.7772579044,1.0,30.0,1,,39694.0,42296.24,"Psychology, General.",121,-2602.23828125,29,high,-0.0615241067999084,-0.061026359744403
4301,449898,3,"Private, for-profit",3,South University-Tampa,11,6,,20000.0,0.7772579044,1.0,30.0,1,,46322.00000000002,49923.008,Criminal Justice and Corrections.,122,-3601.007812499978,23,high,-0.0721312270691818,-0.07155325575198
4301,449898,3,"Private, for-profit",5,South University-Tampa,11,6,,20000.0,0.7772579044,1.0,30.0,1,,55949.99999999996,63307.04,Criminal Justice and Corrections.,61,-7357.039062500044,10,medium,-0.1162120227299967,-0.1141190210925603
5107,449898,3,"Private, for-profit",2,South University-Tampa,11,6,,20000.0,0.7772579044,1.0,30.0,1,,36905.000000000015,41814.754,Health and Medical Administrative Services.,195,-4909.753906249985,15,medium,-0.1174167834936398,-0.1168727513890885
5107,449898,3,"Private, for-profit",3,South University-Tampa,11,6,,20000.0,0.7772579044,1.0,30.0,1,,46885.00000000002,48157.18,Health and Medical Administrative Services.,257,-1272.1796874999782,18,high,-0.0264172382136031,-0.0263284812384081
5107,449898,3,"Private, for-profit",5,South University-Tampa,11,6,,20000.0,0.7772579044,1.0,30.0,1,,65166.99999999994,61668.15,Health and Medical Administrative Services.,216,3498.851562499942,12,medium,0.0567367701341964,0.0565034244351214
5108,449898,1,"Private, for-profit",2,South University-Tampa,11,6,,20000.0,0.7772579044,1.0,30.0,1,,50680.99999999999,47576.027,Allied Health and Medical Assisting Services.,567,3104.9726562499927,22,high,0.0652633864071017,0.0651755576165849
5109,449898,1,"Private, for-profit",5,South University-Tampa,11,6,,20000.0,0.7772579044,1.0,30.0,1,,129131.00000000004,115856.055,"Allied Health Diagnostic, Intervention, and Treatment Professions.",210,13274.945312500044,9,medium,0.1145813686501471,0.114094401241428
5122,449898,3,"Private, for-profit",3,South University-Tampa,11,6,,20000.0,0.7772579044,1.0,30.0,1,,45992.99999999999,51244.188,Public Health.,73,-5251.187500000015,12,medium,-0.1024738171524334,-0.1009769750976028
5138,449898,2,"Private, for-profit",3,South University-Tampa,11,6,,20000.0,0.7772579044,1.0,30.0,1,,91363.00000000007,90426.57,"Registered Nursing, Nursing Administration, Nursing Research and Clinical Nursing.",1140,936.4296875000728,57,high,0.0103556917426362,0.0103494235138261
5138,449898,3,"Private, for-profit",5,South University-Tampa,11,6,,20000.0,0.7772579044,1.0,30.0,1,,119307.0,116203.625,"Registered Nursing, Nursing Administration, Nursing Research and Clinical Nursing.",2573,3103.3750000000146,18,high,0.0267063527493227,0.0266999194303279
5138,449898,3,"Private, for-profit",8,South University-Tampa,11,6,,20000.0,0.7772579044,1.0,30.0,1,,120255.99999999993,111302.445,"Registered Nursing, Nursing Administration, Nursing Research and Clinical Nursing.",222,8953.554687499913,1,low,0.0804434679072982,0.0801230108286338
5202,449898,3,"Private, for-profit",3,South University-Tampa,11,6,,20000.0,0.7772579044,1.0,30.0,1,,53445.00000000002,54646.734,"Business Administration, Management and Operations.",280,-1201.7343749999782,58,high,-0.0219909641215404,-0.0219240813195102
5202,449898,3,"Private, for-profit",5,South University-Tampa,11,6,,20000.0,0.7772579044,1.0,30.0,1,,74209.00000000004,71283.375,"Business Administration, Management and Operations.",181,2925.625000000044,35,high,0.0410421784883227,0.0408347539534822
1204,449959,1,"Private, for-profit",1,Paul Mitchell the School-Tampa,21,-2,,22429.0,0.7674195099,1.0,24.0,1,,31080.00000000001,31339.855,Cosmetology and Related Personal Grooming Services.,832,-259.8554687499891,80,high,-0.0082915337311973,-0.0082843451507459
1204,451097,1,"Private, for-profit",1,Academy of Career Training,13,-2,,12165.0,,1.0,28.0,1,,25156.999999999996,19851.053,Cosmetology and Related Personal Grooming Services.,51,5305.947265624993,80,high,0.2672879537737043,0.261360210240304
1313,451103,0,"Private, for-profit",1,Miami Regional University,21,6,,15992.0,0.6964285714,1.0,34.0,1,,44558.0,32488.064,"Teacher Education and Professional Development, Specific Subject Areas.",209,12069.935546875,1,low,0.3715190716975446,0.36993132191304
5138,451103,1,"Private, for-profit",2,Miami Regional University,21,6,,15992.0,0.6964285714,1.0,34.0,1,,88290.00000000003,76095.414,"Registered Nursing, Nursing Administration, Nursing Research and Clinical Nursing.",360,12194.58593750003,58,high,0.160253887671656,0.1598896736022639
5138,451103,1,"Private, for-profit",3,Miami Regional University,21,6,,15992.0,0.6964285714,1.0,34.0,1,,104988.99999999996,92534.52,"Registered Nursing, Nursing Administration, Nursing Research and Clinical Nursing.",26,12454.47656249997,57,high,0.1345927563015118,0.1281391632564602
5138,451103,2,"Private, for-profit",5,Miami Regional University,21,6,,15992.0,0.6964285714,1.0,34.0,1,,93654.00000000004,112635.6,"Registered Nursing, Nursing Administration, Nursing Research and Clinical Nursing.",246,-18981.60156249996,18,high,-0.1685222194331453,-0.1679264751358881
1204,451149,1,"Private, for-profit",1,Aveda Institute-South Florida,21,-2,,20646.0,0.765051395,1.0,25.0,1,,28860.999999999975,29022.742,Cosmetology and Related Personal Grooming Services.,390,-161.74218750002183,80,high,-0.005572946431288,-0.0055614005849813
5135,451149,1,"Private, for-profit",1,Aveda Institute-South Florida,21,-2,,20646.0,0.765051395,1.0,25.0,1,,38980.99999999999,27136.537,Somatic Bodywork and Related Therapeutic Services.,40,11844.462890624993,25,high,0.4364765792660046,0.4236589579615629
1204,451158,1,"Private, for-profit",1,Aveda Institute-Tallahassee,21,-2,,22934.0,0.7272727273,1.0,25.0,1,,30853.000000000025,28147.6,Cosmetology and Related Personal Grooming Services.,393,2705.400390625022,80,high,0.0961147816570456,0.095917410271622
5135,451158,1,"Private, for-profit",1,Aveda Institute-Tallahassee,21,-2,,22934.0,0.7272727273,1.0,25.0,1,,23337.99999999999,43466.29,Somatic Bodywork and Related Therapeutic Services.,34,-20128.28906250001,25,high,-0.4630781577317913,-0.4466938929614077
1204,451167,1,"Private, for-profit",1,Shear Excellence Hair Academy,21,-2,,11023.0,0.7740384615,1.0,29.0,1,,17937.00000000001,20512.098,Cosmetology and Related Personal Grooming Services.,158,-2575.097656249989,80,high,-0.125540434693931,-0.1247968846933767
5109,454865,1,"Private, for-profit",2,Cambridge College of Healthcare & Technology,13,2,,20051.0,0.8068592058,1.0,30.0,1,,57200.000000000015,56231.91,"Allied Health Diagnostic, Intervention, and Treatment Professions.",209,968.0898437500146,39,high,0.017216022736201,0.0171424471421823
5110,454865,1,"Private, for-profit",1,Cambridge College of Healthcare & Technology,13,2,,20051.0,0.8068592058,1.0,30.0,1,,33456.0,39815.76,Clinical/Medical Laboratory Science/Research and Allied Professions.,25,-6359.76171875,8,medium,-0.1597297513400344,-0.1517265460035573
5138,454865,1,"Private, for-profit",2,Cambridge College of Healthcare & Technology,13,2,,20051.0,0.8068592058,1.0,30.0,1,,81287.00000000004,81021.68,"Registered Nursing, Nursing Administration, Nursing Research and Clinical Nursing.",23,265.32031250004366,58,high,0.0032746829431749,0.0030946093580984
1204,454917,1,"Private, for-profit",1,Celebrity School of Beauty,21,-2,,10196.0,0.8820861678,1.0,33.0,1,,16440.99999999999,21072.13,Cosmetology and Related Personal Grooming Services.,239,-4631.130859375011,80,high,-0.2197751565933645,-0.2189716977134315
1204,455479,1,"Private, for-profit",1,Fortis Institute-Pensacola,13,2,,14377.0,0.9012699713,1.0,27.0,1,,36102.000000000015,23661.166,Cosmetology and Related Personal Grooming Services.,24,12440.833984375016,80,high,0.5257912469807924,0.4982168022564133
4702,455479,1,"Private, for-profit",1,Fortis Institute-Pensacola,13,2,,14377.0,0.9012699713,1.0,27.0,1,,39532.00000000001,40586.23,"Heating, Air Conditioning, Ventilation and Refrigeration Maintenance Technology/Technician (HAC, HACR, HVAC, HVACR).",176,-1054.2304687499927,13,medium,-0.0259750771770173,-0.0258394390706336
5106,455479,1,"Private, for-profit",1,Fortis Institute-Pensacola,13,2,,14377.0,0.9012699713,1.0,27.0,1,,30724.000000000025,32355.262,Dental Support Services and Allied Professions.,208,-1631.2617187499782,17,high,-0.0504172005446846,-0.0502005267249149
5107,455479,0,"Private, for-profit",1,Fortis Institute-Pensacola,13,2,,14377.0,0.9012699713,1.0,27.0,1,,29190.00000000001,30750.809,Health and Medical Administrative Services.,43,-1560.808593749989,25,high,-0.0507566683650464,-0.0493853230897766
5108,455479,1,"Private, for-profit",1,Fortis Institute-Pensacola,13,2,,14377.0,0.9012699713,1.0,27.0,1,,29429.000000000007,31163.0,Allied Health and Medical Assisting Services.,432,-1733.9999999999927,33,high,-0.0556429098610529,-0.0555404770846638
5138,455479,1,"Private, for-profit",2,Fortis Institute-Pensacola,13,2,,14377.0,0.9012699713,1.0,27.0,1,,80641.00000000001,70524.23,"Registered Nursing, Nursing Administration, Nursing Research and Clinical Nursing.",147,10116.773437500016,58,high,0.1434510370494361,0.14252667485809
5108,455831,1,"Private, for-profit",1,Medical Institute of Palm Beach,21,-2,,12293.0,0.9455252918,1.0,26.0,1,,33314.999999999985,32073.973,Allied Health and Medical Assisting Services.,107,1241.0273437499854,33,high,0.0386926607767172,0.0383312054074638
5135,455831,1,"Private, for-profit",1,Medical Institute of Palm Beach,21,-2,,12293.0,0.9455252918,1.0,26.0,1,,22663.00000000002,30353.998,Somatic Bodywork and Related Therapeutic Services.,21,-7690.998046874982,25,high,-0.2533767721470478,-0.237967139129044
1109,456977,2,"Private, for-profit",2,CBT Technology Institute-Cutler Bay,21,1,,8968.0,0.9465049929,1.0,35.0,1,,46235.99999999999,45863.383,Computer Systems Networking and Telecommunications.,23,372.6171874999855,5,low,0.0081245029182284,0.0076777395543128
1505,456977,1,"Private, for-profit",1,CBT Technology Institute-Cutler Bay,21,1,,8968.0,0.9465049929,1.0,35.0,1,,40306.99999999999,40649.332,Environmental Control Technologies/Technicians.,333,-342.3320312500145,5,low,-0.0084215905684954,-0.0084006423855498
5107,456977,3,"Private, for-profit",1,CBT Technology Institute-Cutler Bay,21,1,,8968.0,0.9465049929,1.0,35.0,1,,41889.99999999999,39055.9,Health and Medical Administrative Services.,60,2834.101562499985,25,high,0.0725652635295361,0.0712329509481
5138,457129,1,"Private, for-profit",3,Chamberlain University-Florida,11,6,0.9091,46046.0,0.4500821918,2.0,33.0,1,open,96132.00000000004,89328.84,"Registered Nursing, Nursing Administration, Nursing Research and Clinical Nursing.",9437,6803.156250000029,57,high,0.0761585616068161,0.0761542647131776
1204,457378,1,Public,1,Emerald Coast Technical College,32,-2,,18374.0,,1.0,29.0,1,,26739.99999999999,25833.95,Cosmetology and Related Personal Grooming Services.,21,906.0507812499892,80,high,0.0350720973234857,0.0329391151075272
5139,457378,1,Public,1,Emerald Coast Technical College,32,-2,,18374.0,,1.0,29.0,1,,48618.0,47762.74,"Practical Nursing, Vocational Nursing and Nursing Assistants.",52,855.26171875,47,high,0.0179064632708829,0.0175181924435034
5139,457387,1,Public,1,Immokalee Technical College,32,-2,,22074.0,,1.0,22.0,1,,43468.00000000004,49447.094,"Practical Nursing, Vocational Nursing and Nursing Assistants.",21,-5979.093749999964,47,high,-0.1209190125557169,-0.1135650724427629
1204,457396,1,"Private, for-profit",1,American Academy of Cosmetology,21,-2,,17261.0,0.9069767442,1.0,28.0,1,,22882.000000000004,25207.51,Cosmetology and Related Personal Grooming Services.,54,-2325.5097656249964,80,high,-0.0922546410671731,-0.0903400253704933
4706,457411,1,"Private, for-profit",1,Aviation Institute of Maintenance-Orlando,21,-2,,20566.0,0.8585858586,1.0,27.0,1,,71513.00000000001,48159.57,Vehicle Maintenance and Repair Technologies/Technicians.,237,23353.42968750001,24,high,0.4849177336085688,0.4831275444429701
1204,457420,1,"Private, for-profit",1,Summit Salon Academy,21,-2,,24573.0,0.7068965517,1.0,25.0,1,,31668.99999999998,26349.057,Cosmetology and Related Personal Grooming Services.,127,5319.943359374982,80,high,0.2019026119960852,0.20035904522549
1204,457439,1,"Private, for-profit",1,Summit Salon Academy-Gainesville,22,-2,,16373.0,0.9225352113,1.0,25.0,1,,27744.0,26076.947,Cosmetology and Related Personal Grooming Services.,84,1667.052734375,80,high,0.0639282166502876,0.0631356442984278
1204,457448,1,"Private, for-profit",1,Tenaj Salon Institute,13,-2,,11723.0,0.8888888889,1.0,26.0,1,,23385.00000000001,20877.78,Cosmetology and Related Personal Grooming Services.,132,2507.220703125011,80,high,0.1200903921568082,0.1192128197718739
1204,459055,1,"Private, for-profit",1,Empire Beauty School-West Palm,21,-2,,14099.0,0.8909454727,1.0,25.0,1,,27010.99999999998,25865.16,Cosmetology and Related Personal Grooming Services.,740,1145.8398437499818,80,high,0.0443005122267956,0.0442565927524887
1204,459329,1,Public,1,Fred K Marchman Technical College,21,-2,,12513.0,,1.0,24.0,1,,24613.99999999999,27238.043,Cosmetology and Related Personal Grooming Services.,31,-2624.042968750011,80,high,-0.0963374267292461,-0.0925506455385603
4702,459329,1,Public,1,Fred K Marchman Technical College,21,-2,,12513.0,,1.0,24.0,1,,40275.00000000004,46478.766,"Heating, Air Conditioning, Ventilation and Refrigeration Maintenance Technology/Technician (HAC, HACR, HVAC, HVACR).",22,-6203.765624999964,13,medium,-0.1334752664271075,-0.1257644119830027
4706,459329,1,Public,1,Fred K Marchman Technical College,21,-2,,12513.0,,1.0,24.0,1,,50763.00000000002,46724.977,Vehicle Maintenance and Repair Technologies/Technicians.,26,4038.023437500022,24,high,0.0864210907007883,0.0822772826295503
1204,459347,1,"Private, for-profit",1,The Salon Professional Academy-Ft Myers,13,-2,,20270.0,,1.0,26.0,1,,27391.999999999985,30388.727,Cosmetology and Related Personal Grooming Services.,27,-2996.7265625000146,80,high,-0.098613101024049,-0.0940811636210802
5106,460190,1,"Private, for-profit",1,Concorde Career Institute-Orlando,11,1,0.9005,16617.0,0.8801108801,2.0,27.0,1,open,33649.0,35057.957,Dental Support Services and Allied Professions.,211,-1408.95703125,17,high,-0.0401893649990523,-0.0400195040413259
5107,460190,1,"Private, for-profit",1,Concorde Career Institute-Orlando,11,1,0.9005,16617.0,0.8801108801,2.0,27.0,1,open,34492.99999999997,37448.168,Health and Medical Administrative Services.,37,-2955.167968750029,25,high,-0.0789135524925031,-0.0763790389889501
5108,460190,1,"Private, for-profit",1,Concorde Career Institute-Orlando,11,1,0.9005,16617.0,0.8801108801,2.0,27.0,1,open,35960.99999999998,35297.29,Allied Health and Medical Assisting Services.,335,663.7109374999782,33,high,0.018803453611544,0.0187570045200775
5109,460190,1,"Private, for-profit",1,Concorde Career Institute-Orlando,11,1,0.9005,16617.0,0.8801108801,2.0,27.0,1,open,51737.00000000002,51878.258,"Allied Health Diagnostic, Intervention, and Treatment Professions.",57,-141.25781249997817,22,high,-0.0027228711690842,-0.0026698039168429
5109,460190,1,"Private, for-profit",2,Concorde Career Institute-Orlando,11,1,0.9005,16617.0,0.8801108801,2.0,27.0,1,open,60066.00000000004,57014.305,"Allied Health Diagnostic, Intervention, and Treatment Professions.",33,3051.6953125000364,39,high,0.0535250816304193,0.0515656706406007
5139,460190,1,"Private, for-profit",1,Concorde Career Institute-Orlando,11,1,0.9005,16617.0,0.8801108801,2.0,27.0,1,open,51435.00000000002,52245.22,"Practical Nursing, Vocational Nursing and Nursing Assistants.",60,-810.2187499999782,47,high,-0.0155079980404901,-0.015223268131202
1204,460701,1,"Private, for-profit",1,Artistic Nails and Beauty Academy-Lakeland,12,-2,,13833.0,0.9406392694,1.0,28.0,1,,22422.000000000004,24062.281,Cosmetology and Related Personal Grooming Services.,153,-1640.2812499999964,80,high,-0.0681681521780066,-0.067748952509756
1204,460969,1,"Private, for-profit",1,Beauty Academy of South Florida,21,-2,,0.0,0.9366666667,1.0,35.0,1,,15306.999999999996,20515.227,Cosmetology and Related Personal Grooming Services.,176,-5208.2265625000055,80,high,-0.2538712671114331,-0.2525455879728668
1204,462035,1,"Private, for-profit",1,Florida Academy,13,-2,,17391.0,0.7785016287,1.0,29.0,1,,26824.000000000004,27068.842,Cosmetology and Related Personal Grooming Services.,113,-244.8417968749964,80,high,-0.0090451523087797,-0.0089658792872252
1505,462035,1,"Private, for-profit",1,Florida Academy,13,-2,,17391.0,0.7785016287,1.0,29.0,1,,59888.99999999997,39076.5,Environmental Control Technologies/Technicians.,64,20812.49999999997,5,low,0.5326091128939381,0.5235385286975107
5123,462035,0,"Private, for-profit",1,Florida Academy,13,-2,,17391.0,0.7785016287,1.0,29.0,1,,28874.000000000007,35244.918,Rehabilitation and Therapeutic Professions.,56,-6370.917968749993,1,low,-0.1807613220833365,-0.1771651241567622
1204,475547,1,"Private, for-profit",1,Paul Mitchell the School-Fort Myers,41,-2,,20818.0,0.7741935484,1.0,24.0,1,,28336.999999999985,26800.287,Cosmetology and Related Personal Grooming Services.,173,1536.7128906249854,80,high,0.0573394189529942,0.057033932589381
5109,475714,1,"Private, for-profit",1,American Medical Academy,21,1,,24826.0,0.7594339623,1.0,27.0,1,,73153.99999999994,54104.78,"Allied Health Diagnostic, Intervention, and Treatment Professions.",116,19049.21874999994,22,high,0.3520801361709588,0.3490875917684579
5138,475714,1,"Private, for-profit",2,American Medical Academy,21,1,,24826.0,0.7594339623,1.0,27.0,1,,71113.99999999997,81465.41,"Registered Nursing, Nursing Administration, Nursing Research and Clinical Nursing.",31,-10351.40625000003,58,high,-0.1270650540701137,-0.122070447372776
4603,476063,1,"Private, for-profit",1,Tulsa Welding School-Jacksonville,11,-2,,20300.0,0.747530975,1.0,25.0,1,,45203.99999999997,48603.76,Electrical and Power Transmission Installers.,30,-3399.761718750029,5,low,-0.0699485307006287,-0.0670947657375504
1204,476498,1,"Private, for-profit",1,Futura Career Institute,21,-2,,0.0,,1.0,34.0,1,,23711.99999999998,17859.38,Cosmetology and Related Personal Grooming Services.,111,5852.619140624982,80,high,0.3277056011464553,0.3247729182256141
1505,476498,1,"Private, for-profit",1,Futura Career Institute,21,-2,,0.0,,1.0,34.0,1,,44263.99999999998,38366.33,Environmental Control Technologies/Technicians.,69,5897.671874999978,5,low,0.1537199978008054,0.1513219439031482
1108,476814,2,"Private, for-profit",1,Florida Institute of Recording Sound and Technology,21,-2,,22890.0,0.6832740214,1.0,25.0,1,,36774.00000000003,38158.883,Computer Software and Media Applications.,24,-1384.882812499971,1,low,-0.0362925408300033,-0.0343892252712703
5006,476814,2,"Private, for-profit",1,Florida Institute of Recording Sound and Technology,21,-2,,22890.0,0.6832740214,1.0,25.0,1,,33668.0,33173.918,Film/Video and Photographic Arts.,98,494.08203125,1,low,0.0148936894253921,0.014739497127671
1102,476939,0,"Private, for-profit",1,FVI School of Nursing and Technology,21,-2,0.7358,3335.0,0.9059701493,2.0,33.0,1,open,54866.99999999997,39099.426,Computer Programming.,24,15767.57421874997,2,low,0.4032686901072408,0.382119783068016
5108,476939,1,"Private, for-profit",1,FVI School of Nursing and Technology,21,-2,0.7358,3335.0,0.9059701493,2.0,33.0,1,open,29753.00000000002,29800.895,Allied Health and Medical Assisting Services.,374,-47.89453124998181,33,high,-0.0016071507920595,-0.0016036558920611
5139,476939,1,"Private, for-profit",1,FVI School of Nursing and Technology,21,-2,0.7358,3335.0,0.9059701493,2.0,33.0,1,open,26869.99999999999,33936.816,"Practical Nursing, Vocational Nursing and Nursing Assistants.",107,-7066.816406250011,47,high,-0.2082345120901955,-0.2062892469947498
1104,480569,3,"Private, nonprofit",2,Florida Institute of Technology-Online,13,9,0.4018,30032.0,0.7019104084,2.0,28.0,2,mid,51538.99999999999,60222.605,Information Science/Studies.,32,-8683.605468750007,2,low,-0.1441917931175528,-0.138724977059422
1104,480569,3,"Private, nonprofit",3,Florida Institute of Technology-Online,13,9,0.4018,30032.0,0.7019104084,2.0,28.0,2,mid,85906.00000000007,80207.76,Information Science/Studies.,72,5698.242187500073,5,low,0.0710435292409087,0.0699889451633058
4228,480569,3,"Private, nonprofit",3,Florida Institute of Technology-Online,13,9,0.4018,30032.0,0.7019104084,2.0,28.0,2,mid,55282.00000000005,54018.68,"Clinical, Counseling and Applied Psychology.",88,1263.3203125000437,3,low,0.0233867306607343,0.0231121335808627
4901,480569,3,"Private, nonprofit",3,Florida Institute of Technology-Online,13,9,0.4018,30032.0,0.7019104084,2.0,28.0,2,mid,83242.99999999994,72474.05,Air Transportation.,86,10768.953124999942,5,low,0.1485904760303195,0.1467982583531649
5107,480569,3,"Private, nonprofit",2,Florida Institute of Technology-Online,13,9,0.4018,30032.0,0.7019104084,2.0,28.0,2,mid,50488.00000000005,53505.707,Health and Medical Administrative Services.,23,-3017.7070312499563,15,medium,-0.0563997225471194,-0.0532983229879505
5107,480569,3,"Private, nonprofit",3,Florida Institute of Technology-Online,13,9,0.4018,30032.0,0.7019104084,2.0,28.0,2,mid,51752.99999999997,64627.176,Health and Medical Administrative Services.,46,-12874.17578125003,18,high,-0.1992068448856024,-0.1942280781503938
5107,480569,3,"Private, nonprofit",5,Florida Institute of Technology-Online,13,9,0.4018,30032.0,0.7019104084,2.0,28.0,2,mid,84169.99999999993,88284.0,Health and Medical Administrative Services.,45,-4114.000000000073,12,medium,-0.0465996103484218,-0.0454049749701199
5202,480569,3,"Private, nonprofit",2,Florida Institute of Technology-Online,13,9,0.4018,30032.0,0.7019104084,2.0,28.0,2,mid,56183.99999999996,63651.133,"Business Administration, Management and Operations.",25,-7467.132812500044,26,high,-0.1173134315534699,-0.1114354816188302
5202,480569,3,"Private, nonprofit",3,Florida Institute of Technology-Online,13,9,0.4018,30032.0,0.7019104084,2.0,28.0,2,mid,72717.00000000006,66135.8,"Business Administration, Management and Operations.",98,6581.203125000058,58,high,0.0995104532790141,0.0984802353793305
5202,480569,3,"Private, nonprofit",5,Florida Institute of Technology-Online,13,9,0.4018,30032.0,0.7019104084,2.0,28.0,2,mid,107776.00000000004,114447.445,"Business Administration, Management and Operations.",584,-6671.445312499956,35,high,-0.0582926538402277,-0.0582168253935903
5203,480569,3,"Private, nonprofit",3,Florida Institute of Technology-Online,13,9,0.4018,30032.0,0.7019104084,2.0,28.0,2,mid,67417.00000000001,73203.414,Accounting and Related Services.,45,-5786.414062499985,24,high,-0.0790456857320838,-0.0770192573570046
5203,480569,3,"Private, nonprofit",5,Florida Institute of Technology-Online,13,9,0.4018,30032.0,0.7019104084,2.0,28.0,2,mid,85593.00000000004,105788.96,Accounting and Related Services.,33,-20195.96093749996,19,high,-0.1909080187433895,-0.1839193835358218
5212,480569,3,"Private, nonprofit",5,Florida Institute of Technology-Online,13,9,0.4018,30032.0,0.7019104084,2.0,28.0,2,mid,107902.00000000006,105134.21,Management Information Systems and Services.,175,2767.789062500058,9,medium,0.0263262456418248,0.0261878566317652
5214,480569,3,"Private, nonprofit",3,Florida Institute of Technology-Online,13,9,0.4018,30032.0,0.7019104084,2.0,28.0,2,mid,62018.99999999998,69681.055,Marketing.,26,-7662.054687500022,17,high,-0.1099589367850729,-0.1046865116622252
907,480851,1,"Private, for-profit",1,Miami Media School,13,1,,10759.0,0.7830687831,1.0,29.0,1,,27725.999999999975,25480.773,"Radio, Television, and Digital Communication.",242,2245.226562499978,1,low,0.0881145373395802,0.0877970467656357
909,480851,1,"Private, for-profit",1,Miami Media School,13,1,,10759.0,0.7830687831,1.0,29.0,1,,27858.000000000007,32645.03,"Public Relations, Advertising, and Applied Communication.",44,-4787.029296874993,1,low,-0.1466388421141113,-0.142780707797045
5138,481252,1,"Private, for-profit",2,Ultrasound Medical Institute,21,1,,19704.0,,1.0,32.0,1,,77652.99999999997,73942.31,"Registered Nursing, Nursing Administration, Nursing Research and Clinical Nursing.",25,3710.687499999971,58,high,0.0501835468021097,0.0476691171094533
1204,481368,1,"Private, for-profit",1,Prestige Health & Beauty Sciences Academy,21,-2,,1003.0,,1.0,48.0,1,,22105.000000000004,11246.822,Cosmetology and Related Personal Grooming Services.,24,10858.177734375004,80,high,0.9654440585908558,0.9148125884380895
1204,481483,1,"Private, for-profit",1,Boca Beauty Academy,21,-2,,17520.0,0.8044217687,1.0,30.0,1,,26581.000000000007,27235.053,Cosmetology and Related Personal Grooming Services.,362,-654.0527343749927,80,high,-0.0240151080577668,-0.0239608769710162
5135,481483,0,"Private, for-profit",1,Boca Beauty Academy,21,-2,,17520.0,0.8044217687,1.0,30.0,1,,24382.999999999985,30312.254,Somatic Bodywork and Related Therapeutic Services.,20,-5929.253906250015,25,high,-0.1956058406144281,-0.183053864973696
901,482459,2,"Private, for-profit",3,DeVry University-Florida,11,6,,22648.0,0.7560557866,2.0,31.0,1,,51752.000000000015,59606.258,Communication and Media Studies.,49,-7854.257812499985,15,medium,-0.1317690138711052,-0.1287079905965929
1105,482459,2,"Private, for-profit",3,DeVry University-Florida,11,6,,22648.0,0.7560557866,2.0,31.0,1,,71675.00000000001,81000.055,Computer Systems Analysis.,717,-9325.054687499984,1,low,-0.1151240542179416,-0.1150057162525875
1108,482459,2,"Private, for-profit",2,DeVry University-Florida,11,6,,22648.0,0.7560557866,2.0,31.0,1,,38361.00000000001,57007.45,Computer Software and Media Applications.,75,-18646.449218749996,4,low,-0.3270879415635578,-0.3224585887218013
1108,482459,2,"Private, for-profit",3,DeVry University-Florida,11,6,,22648.0,0.7560557866,2.0,31.0,1,,47440.0,67712.49,Computer Software and Media Applications.,170,-20272.4921875,3,low,-0.2993907258850293,-0.2977627638361598
1109,482459,2,"Private, for-profit",2,DeVry University-Florida,11,6,,22648.0,0.7560557866,2.0,31.0,1,,58585.99999999999,55614.11,Computer Systems Networking and Telecommunications.,377,2971.890624999985,5,low,0.0534377095740371,0.0533225731259461
1109,482459,2,"Private, for-profit",3,DeVry University-Florida,11,6,,22648.0,0.7560557866,2.0,31.0,1,,73884.0,64316.863,Computer Systems Networking and Telecommunications.,509,9567.13671875,3,low,0.1487500513965373,0.1485234023138387
1109,482459,1,"Private, for-profit",5,DeVry University-Florida,11,6,,22648.0,0.7560557866,2.0,31.0,1,,92609.00000000004,86127.71,Computer Systems Networking and Telecommunications.,107,6481.289062500044,1,low,0.0752520761547151,0.0745490935624723
1109,482459,1,"Private, for-profit",8,DeVry University-Florida,11,6,,22648.0,0.7560557866,2.0,31.0,1,,91271.0,83864.125,Computer Systems Networking and Telecommunications.,48,7406.874999999985,1,low,0.0883199461032948,0.086218658875256
1304,482459,1,"Private, for-profit",5,DeVry University-Florida,11,6,,22648.0,0.7560557866,2.0,31.0,1,,61696.00000000003,69463.44,Educational Administration and Supervision.,36,-7767.437499999971,20,high,-0.1118205170885758,-0.1081145444148134
1409,482459,2,"Private, for-profit",3,DeVry University-Florida,11,6,,22648.0,0.7560557866,2.0,31.0,1,,86644.99999999993,92220.71,Computer Engineering.,21,-5575.710937500073,13,medium,-0.0604605069817652,-0.0567834760654081
1512,482459,2,"Private, for-profit",3,DeVry University-Florida,11,6,,22648.0,0.7560557866,2.0,31.0,1,,79501.00000000004,64690.508,Computer Engineering Technologies/Technicians.,79,14810.492187500044,2,low,0.2289438232642571,0.225894356851477
4301,482459,2,"Private, for-profit",3,DeVry University-Florida,11,6,,22648.0,0.7560557866,2.0,31.0,1,,58145.0,61617.004,Criminal Justice and Corrections.,154,-3472.00390625,23,high,-0.0563481455789807,-0.0560042600230862
5107,482459,2,"Private, for-profit",3,DeVry University-Florida,11,6,,22648.0,0.7560557866,2.0,31.0,1,,52470.00000000004,60092.03,Health and Medical Administrative Services.,145,-7622.031249999964,18,high,-0.12683930117606,-0.1260087920363747
5201,482459,2,"Private, for-profit",2,DeVry University-Florida,11,6,,22648.0,0.7560557866,2.0,31.0,1,,62847.99999999997,57472.703,"Business/Commerce, General.",34,5375.296874999971,2,low,0.0935278242143751,0.090218696781477
5201,482459,2,"Private, for-profit",3,DeVry University-Florida,11,6,,22648.0,0.7560557866,2.0,31.0,1,,68126.00000000003,65307.586,"Business/Commerce, General.",130,2818.414062500029,9,medium,0.0431559982204407,0.0428349513971719
5202,482459,2,"Private, for-profit",3,DeVry University-Florida,11,6,,22648.0,0.7560557866,2.0,31.0,1,,68230.99999999994,69879.44,"Business Administration, Management and Operations.",3338,-1648.4375000000582,58,high,-0.0235897362510975,-0.0235854949451543
5202,482459,1,"Private, for-profit",5,DeVry University-Florida,11,6,,22648.0,0.7560557866,2.0,31.0,1,,87023.99999999996,90361.15,"Business Administration, Management and Operations.",2421,-3337.148437500044,35,high,-0.0369312309018321,-0.0369217030571617
5202,482459,1,"Private, for-profit",8,DeVry University-Florida,11,6,,22648.0,0.7560557866,2.0,31.0,1,,88594.00000000003,85231.195,"Business Administration, Management and Operations.",256,3362.804687500029,1,low,0.0394550924127053,0.0393219286084953
5203,482459,2,"Private, for-profit",2,DeVry University-Florida,11,6,,22648.0,0.7560557866,2.0,31.0,1,,49810.99999999999,54114.273,Accounting and Related Services.,61,-4303.273437500007,8,medium,-0.0795219664636194,-0.0780897600351398
5203,482459,2,"Private, for-profit",3,DeVry University-Florida,11,6,,22648.0,0.7560557866,2.0,31.0,1,,66595.99999999999,64851.6,Accounting and Related Services.,63,1744.3984374999854,24,high,0.0268983093011024,0.0264317335137609
5203,482459,1,"Private, for-profit",5,DeVry University-Florida,11,6,,22648.0,0.7560557866,2.0,31.0,1,,80445.00000000006,88880.34,Accounting and Related Services.,818,-8435.343749999942,19,high,-0.0949067408394214,-0.0948228463595661
5203,482459,1,"Private, for-profit",8,DeVry University-Florida,11,6,,22648.0,0.7560557866,2.0,31.0,1,,84386.00000000004,78766.23,Accounting and Related Services.,63,5619.773437500044,1,low,0.0713475011150981,0.0701099134238055
5210,482459,1,"Private, for-profit",5,DeVry University-Florida,11,6,,22648.0,0.7560557866,2.0,31.0,1,,75225.0,70753.54,Human Resources Management and Services.,335,4471.4609375,7,medium,0.0631977000267102,0.0630415863781405
5210,482459,1,"Private, for-profit",8,DeVry University-Florida,11,6,,22648.0,0.7560557866,2.0,31.0,1,,66776.00000000001,76312.7,Human Resources Management and Services.,84,-9536.703124999984,1,low,-0.1249687500831793,-0.1234194064388191
5212,482459,1,"Private, for-profit",5,DeVry University-Florida,11,6,,22648.0,0.7560557866,2.0,31.0,1,,93641.99999999996,78421.22,Management Information Systems and Services.,306,15220.78124999997,9,medium,0.1940900880222544,0.1935575842901424
1108,482936,1,Public,3,Florida Polytechnic University,41,11,0.5752,,,2.0,,1,mid,92070.00000000004,54614.324,Computer Software and Media Applications.,67,37455.67578125005,3,low,0.6858214638201252,0.6747490673755877
1409,482936,1,Public,3,Florida Polytechnic University,41,11,0.5752,,,2.0,,1,mid,92109.0,97933.17,Computer Engineering.,31,-5824.171874999985,13,medium,-0.0594708796160901,-0.0571332293801472
1410,482936,1,Public,3,Florida Polytechnic University,41,11,0.5752,,,2.0,,1,mid,90085.99999999996,94707.68,"Electrical, Electronics, and Communications Engineering.",26,-4621.679687500029,10,medium,-0.0487994184077769,-0.0464595332914227
1419,482936,1,Public,3,Florida Polytechnic University,41,11,0.5752,,,2.0,,1,mid,70314.0,81990.74,Mechanical Engineering.,36,-11676.7421875,12,medium,-0.1424153736869111,-0.1376954215980713
5107,483470,1,"Private, for-profit",1,More Tech Institute,21,-2,,0.0,,1.0,34.0,1,,29209.999999999975,32770.39,Health and Medical Administrative Services.,53,-3560.390625000022,25,high,-0.108646572625346,-0.1063422800930099
1204,483896,1,"Private, for-profit",1,Parisian Spa Institute,11,-2,,17764.0,0.6702702703,1.0,30.0,1,,27839.999999999996,25368.682,Cosmetology and Related Personal Grooming Services.,116,2471.3183593749927,80,high,0.0974161130792647,0.0965881139564537
1204,484075,1,"Private, for-profit",1,First Coast Barber Academy,11,-2,0.9,13624.0,,2.0,29.0,1,open,17637.999999999993,23076.428,Cosmetology and Related Personal Grooming Services.,29,-5438.427734375007,80,high,-0.235670260448234,-0.225678954911621
5135,484172,1,"Private, for-profit",1,Lee Professional Institute,13,-2,,9768.0,,1.0,35.0,1,,27484.99999999999,24824.322,Somatic Bodywork and Related Therapeutic Services.,46,2660.677734374989,25,high,0.1071802769036442,0.1045015255905317
904,484473,3,Public,3,University of Florida-Online,12,9,0.6126,39127.0,0.6673828964,2.0,21.0,2,mid,58149.99999999997,63112.93,Journalism.,101,-4962.929687500029,6,medium,-0.0786357044756706,-0.0778498129749536
907,484473,3,Public,3,University of Florida-Online,12,9,0.6126,39127.0,0.6673828964,2.0,21.0,2,mid,62227.00000000003,59258.418,"Radio, Television, and Digital Communication.",255,2968.582031250029,7,medium,0.0500955329724717,0.0499256859362019
909,484473,3,Public,3,University of Florida-Online,12,9,0.6126,39127.0,0.6673828964,2.0,21.0,2,mid,69600.00000000004,61436.28,"Public Relations, Advertising, and Applied Communication.",407,8163.718750000044,11,medium,0.1328810693599727,0.1326190158768491
1101,484473,3,Public,3,University of Florida-Online,12,9,0.6126,39127.0,0.6673828964,2.0,21.0,2,mid,126268.0,102744.72,"Computer and Information Sciences, General.",201,23523.28125000001,19,high,0.2289488115417126,0.2279248330404019
1419,484473,3,Public,3,University of Florida-Online,12,9,0.6126,39127.0,0.6673828964,2.0,21.0,2,mid,97113.00000000004,89326.55,Mechanical Engineering.,287,7786.453125000044,12,medium,0.0871684107065741,0.0869107906160981
2601,484473,3,Public,3,University of Florida-Online,12,9,0.6126,39127.0,0.6673828964,2.0,21.0,2,mid,53645.00000000005,55292.79,"Biology, General.",198,-1647.7890624999563,24,high,-0.0298011565420833,-0.0296655134044149
3103,484473,3,Public,3,University of Florida-Online,12,9,0.6126,39127.0,0.6673828964,2.0,21.0,2,mid,64496.99999999995,61444.957,"Parks, Recreation, and Leisure Facilities Management.",64,3052.042968749949,4,low,0.0496711710156738,0.0488252475646371
3105,484473,3,Public,3,University of Florida-Online,12,9,0.6126,39127.0,0.6673828964,2.0,21.0,2,mid,60496.99999999995,60178.688,"Sports, Kinesiology, and Physical Education/Fitness.",133,318.31249999994907,18,high,0.0052894556731558,0.0052511420225594
4201,484473,3,Public,3,University of Florida-Online,12,9,0.6126,39127.0,0.6673828964,2.0,21.0,2,mid,57052.99999999996,56984.08,"Psychology, General.",323,68.92187499995634,29,high,0.0012094935509664,0.0012063768195459
4302,484473,3,Public,3,University of Florida-Online,12,9,0.6126,39127.0,0.6673828964,2.0,21.0,2,mid,97838.99999999996,76664.16,Fire Protection.,30,21174.84374999997,2,low,0.2762026582663912,0.2649341232310636
4502,484473,3,Public,3,University of Florida-Online,12,9,0.6126,39127.0,0.6673828964,2.0,21.0,2,mid,47348.0,44093.47,Anthropology.,140,3254.53125,7,medium,0.0738098258599806,0.0733063067441096
4504,484473,3,Public,3,University of Florida-Online,12,9,0.6126,39127.0,0.6673828964,2.0,21.0,2,mid,57952.99999999996,62667.605,Criminology.,216,-4714.605468750044,7,medium,-0.0752319389497184,-0.0749225267405732
4507,484473,3,Public,3,University of Florida-Online,12,9,0.6126,39127.0,0.6673828964,2.0,21.0,2,mid,67276.00000000001,63773.69,Geography and Cartography.,34,3502.3085937500146,4,low,0.054917764936009,0.0529747080539558
4511,484473,3,Public,3,University of Florida-Online,12,9,0.6126,39127.0,0.6673828964,2.0,21.0,2,mid,51038.99999999999,56526.117,Sociology.,174,-5487.117187500007,12,medium,-0.0970722466094559,-0.0965585434380477
5001,484473,3,Public,3,University of Florida-Online,12,9,0.6126,39127.0,0.6673828964,2.0,21.0,2,mid,47545.99999999998,54309.754,"Visual and Performing Arts, General.",55,-6763.753906250022,5,low,-0.124540315868963,-0.1220101782510048
5102,484473,3,Public,3,University of Florida-Online,12,9,0.6126,39127.0,0.6673828964,2.0,21.0,2,mid,65370.00000000006,58757.18,Communication Disorders Sciences and Services.,70,6612.820312500058,5,low,0.1125448897933892,0.1108184060870976
5122,484473,3,Public,3,University of Florida-Online,12,9,0.6126,39127.0,0.6673828964,2.0,21.0,2,mid,68605.00000000001,63112.93,Public Health.,219,5492.070312500015,12,medium,0.0870197333524791,0.0866675434341978
5138,484473,3,Public,3,University of Florida-Online,12,9,0.6126,39127.0,0.6673828964,2.0,21.0,2,mid,79839.00000000003,96938.55,"Registered Nursing, Nursing Administration, Nursing Research and Clinical Nursing.",266,-17099.54687499997,57,high,-0.1763957416965352,-0.1758263229745111
5202,484473,3,Public,3,University of Florida-Online,12,9,0.6126,39127.0,0.6673828964,2.0,21.0,2,mid,82615.00000000006,70796.945,"Business Administration, Management and Operations.",422,11818.054687500058,58,high,0.1669288785742772,0.1666131574219399
5138,485272,1,"Private, for-profit",3,West Coast University-Miami,13,6,,29657.0,0.5829834254,1.0,27.0,1,,111454.9999999999,93314.91,"Registered Nursing, Nursing Administration, Nursing Research and Clinical Nursing.",2655,18140.093749999894,57,high,0.1943965276180074,0.1943513238142525
183,485342,1,Public,1,Aparicio-Levy Technical College,21,-2,,14000.0,,1.0,24.0,1,,22620.00000000002,39100.094,Veterinary/Animal Health Technologies/Technicians.,22,-16480.09374999998,1,low,-0.4214847630640267,-0.3971356252395326
1204,485379,1,"Private, for-profit",1,Hollywood Institute of Beauty Careers-West Palm Beach,12,-2,,13244.0,0.9535315985,1.0,29.0,1,,21754.00000000002,23929.44,Cosmetology and Related Personal Grooming Services.,530,-2175.439453124982,80,high,-0.0909105897522763,-0.0907783698844289
5135,485379,1,"Private, for-profit",1,Hollywood Institute of Beauty Careers-West Palm Beach,12,-2,,13244.0,0.9535315985,1.0,29.0,1,,26087.00000000001,27063.912,Somatic Bodywork and Related Therapeutic Services.,58,-976.9121093749854,25,high,-0.0360964854388727,-0.0354070746167942
1204,485388,1,"Private, for-profit",1,Hollywood Institute of Beauty Careers-Casselberry,21,-2,,13244.0,0.9535315985,1.0,29.0,1,,21754.00000000002,21581.758,Cosmetology and Related Personal Grooming Services.,530,172.2421875000182,80,high,0.0079809155953115,0.0079693081950275
5135,485388,1,"Private, for-profit",1,Hollywood Institute of Beauty Careers-Casselberry,21,-2,,13244.0,0.9535315985,1.0,29.0,1,,26087.00000000001,26963.209,Somatic Bodywork and Related Therapeutic Services.,58,-876.2089843749854,25,high,-0.0324964652717242,-0.0318758116384069
1204,485485,1,"Private, for-profit",1,Latin Beauty Academy,21,-2,,10689.0,,1.0,35.0,1,,21459.99999999999,18848.77,Cosmetology and Related Personal Grooming Services.,103,2611.230468749989,80,high,0.138535858503694,0.1371827154734822
5212,485768,0,"Private, for-profit",3,Atlantis University,11,6,,18862.0,0.8390804598,1.0,33.0,1,,59230.99999999997,58526.27,Management Information Systems and Services.,25,704.7304687499709,7,medium,0.0120412675264341,0.0114379438768507
5139,486150,1,Public,1,Treasure Coast Technical College,22,-2,,19063.0,,1.0,31.0,1,,54155.99999999999,54344.316,"Practical Nursing, Vocational Nursing and Nursing Assistants.",24,-188.31640625001452,47,high,-0.0034652456540672,-0.0032835153090051
1204,487311,0,"Private, nonprofit",1,Jones Technical Institute,11,1,,18476.0,0.8154050465,1.0,27.0,1,,27451.000000000004,28300.188,Cosmetology and Related Personal Grooming Services.,144,-849.1874999999964,80,high,-0.0300064266358658,-0.0298083573379619
4706,487311,1,"Private, nonprofit",2,Jones Technical Institute,11,1,,18476.0,0.8154050465,1.0,27.0,1,,53254.99999999999,48495.188,Vehicle Maintenance and Repair Technologies/Technicians.,204,4759.812499999993,5,low,0.0981502030484982,0.0977187383345585
5135,487311,0,"Private, nonprofit",1,Jones Technical Institute,11,1,,18476.0,0.8154050465,1.0,27.0,1,,23495.999999999996,34725.176,Somatic Bodywork and Related Therapeutic Services.,65,-11229.175781250007,25,high,-0.3233727556049766,-0.3179642014653593
5109,488059,1,"Private, for-profit",1,Med College,21,1,,11370.0,,1.0,33.0,1,,50760.000000000015,42742.605,"Allied Health Diagnostic, Intervention, and Treatment Professions.",40,8017.394531250015,22,high,0.1875738374702426,0.1820655226384192
5109,488059,1,"Private, for-profit",2,Med College,21,1,,11370.0,,1.0,33.0,1,,61142.000000000015,56077.992,"Allied Health Diagnostic, Intervention, and Treatment Professions.",21,5064.007812500015,39,high,0.0903029444343908,0.0848109838951999
3105,488280,1,"Private, for-profit",1,National Personal Training Institute,21,-2,,20206.0,0.7602739726,1.0,29.0,1,,24910.00000000001,28696.52,"Sports, Kinesiology, and Physical Education/Fitness.",129,-3786.5195312499854,2,low,-0.1319504801662979,-0.1309599687657709
1204,489238,1,"Private, for-profit",1,Boca Beauty Academy-Parkland,21,-2,,17520.0,0.8044217687,1.0,30.0,1,,26581.000000000007,26974.19,Cosmetology and Related Personal Grooming Services.,362,-393.1894531249927,80,high,-0.0145765066938625,-0.0145435899234222
5135,489238,1,"Private, for-profit",1,Boca Beauty Academy-Parkland,21,-2,,17520.0,0.8044217687,1.0,30.0,1,,24382.999999999985,30654.42,Somatic Bodywork and Related Therapeutic Services.,20,-6271.419921875015,25,high,-0.2045845244456812,-0.1914563890114495
3105,490018,1,"Private, for-profit",1,National Personal Training Institute-Tampa,21,-2,,20206.0,0.7602739726,1.0,29.0,1,,24910.00000000001,29239.324,"Sports, Kinesiology, and Physical Education/Fitness.",129,-4329.324218749985,2,low,-0.1480651257997872,-0.1469536467438542
5138,490054,1,"Private, for-profit",2,HCI College,21,6,,,,1.0,,1,,76457.00000000006,70954.3,"Registered Nursing, Nursing Administration, Nursing Research and Clinical Nursing.",94,5502.703125000058,58,high,0.0775527821055595,0.0767097856754117
1204,490142,1,"Private, for-profit",1,World Class Academy of Beauty Careers,12,-2,,,,1.0,,1,,26505.00000000001,23072.027,Cosmetology and Related Personal Grooming Services.,23,3432.9726562500146,80,high,0.1487937147916035,0.1406116043020307
1204,490391,1,"Private, for-profit",1,American Beauty and Trade School,21,-2,,,,1.0,,1,,16645.000000000004,30971.662,Cosmetology and Related Personal Grooming Services.,34,-14326.662109374996,80,high,-0.462573240621735,-0.4462068404288101
5108,490975,1,"Private, for-profit",1,Fortis College-Cutler Bay,21,1,,16751.0,0.8713751169,1.0,30.0,1,,34554.00000000003,32788.523,Allied Health and Medical Assisting Services.,166,1765.476562500029,33,high,0.0538443448319745,0.0535433092525581
5138,490975,1,"Private, for-profit",2,Fortis College-Cutler Bay,21,1,,16751.0,0.8713751169,1.0,30.0,1,,85166.00000000001,81190.92,"Registered Nursing, Nursing Administration, Nursing Research and Clinical Nursing.",232,3975.078125000015,58,high,0.0489596377673845,0.0487743511076304
5139,490975,1,"Private, for-profit",1,Fortis College-Cutler Bay,21,1,,16751.0,0.8713751169,1.0,30.0,1,,67954.99999999999,53754.383,"Practical Nursing, Vocational Nursing and Nursing Assistants.",90,14200.617187499984,47,high,0.2641759879753988,0.2611545933568988
1204,491136,1,"Private, for-profit",1,Empire Beauty School-Tampa,21,-2,,15061.0,0.8501350135,1.0,25.0,1,,27578.000000000025,23812.518,Cosmetology and Related Personal Grooming Services.,911,3765.4824218750255,80,high,0.1581303786767228,0.1580067815891348
1204,491145,1,"Private, for-profit",1,Empire Beauty School-Lakeland,12,-2,,14725.0,0.8920023351,1.0,26.0,1,,26761.000000000025,24798.605,Cosmetology and Related Personal Grooming Services.,759,1962.3945312500216,80,high,0.0791332614941971,0.0790570537419308
1204,495369,1,"Private, for-profit",1,Paul Mitchell the School-Fort Lauderdale,21,-2,,27361.0,0.6981132075,1.0,24.0,1,,30709.99999999997,22990.912,Cosmetology and Related Personal Grooming Services.,149,7719.0878906249745,80,high,0.3357451785254471,0.3336156145234507
5138,495420,1,"Private, for-profit",3,Arizona College of Nursing-Tampa,11,-2,1.0,17322.0,0.8394683027,2.0,28.0,1,open,87377.99999999994,86356.27,"Registered Nursing, Nursing Administration, Nursing Research and Clinical Nursing.",70,1021.7265624999418,57,high,0.0118315267881425,0.0116500264263066
5138,495439,1,"Private, for-profit",3,Arizona College of Nursing-Fort Lauderdale,12,-2,,17322.0,0.8394683027,2.0,28.0,1,,87377.99999999994,84709.58,"Registered Nursing, Nursing Administration, Nursing Research and Clinical Nursing.",70,2668.421874999942,57,high,0.0315008282895983,0.0310175929612194
5107,496973,3,"Private, nonprofit",2,Herzing University-Tampa,21,-2,0.8966,18321.0,0.8203449578,2.0,31.0,1,open,38351.99999999999,39150.617,Health and Medical Administrative Services.,387,-798.6171875000146,15,medium,-0.0203985848722455,-0.020355944797065
5107,496973,3,"Private, nonprofit",3,Herzing University-Tampa,21,-2,0.8966,18321.0,0.8203449578,2.0,31.0,1,open,51097.99999999996,51847.05,Health and Medical Administrative Services.,129,-749.0507812500364,18,high,-0.0144473170597569,-0.0143388655237209
5138,496973,1,"Private, nonprofit",2,Herzing University-Tampa,21,-2,0.8966,18321.0,0.8203449578,2.0,31.0,1,open,86631.99999999994,84026.47,"Registered Nursing, Nursing Administration, Nursing Research and Clinical Nursing.",322,2605.531249999942,58,high,0.0310084582722624,0.0309282652187371
5138,496973,1,"Private, nonprofit",3,Herzing University-Tampa,21,-2,0.8966,18321.0,0.8203449578,2.0,31.0,1,open,91010.00000000006,91531.945,"Registered Nursing, Nursing Administration, Nursing Research and Clinical Nursing.",440,-521.9453124999418,57,high,-0.0057023295060316,-0.005692052094417
5139,496973,1,"Private, nonprofit",1,Herzing University-Tampa,21,-2,0.8966,18321.0,0.8203449578,2.0,31.0,1,open,71753.00000000004,60925.523,"Practical Nursing, Vocational Nursing and Nursing Assistants.",79,10827.476562500044,47,high,0.1777165948128017,0.17534946046889
5202,496973,3,"Private, nonprofit",2,Herzing University-Tampa,21,-2,0.8966,18321.0,0.8203449578,2.0,31.0,1,open,32080.99999999997,47391.453,"Business Administration, Management and Operations.",46,-15310.453125000024,26,high,-0.3230635930199708,-0.3149892807582186
5202,496973,3,"Private, nonprofit",3,Herzing University-Tampa,21,-2,0.8966,18321.0,0.8203449578,2.0,31.0,1,open,66378.99999999997,59699.44,"Business Administration, Management and Operations.",140,6679.558593749971,58,high,0.1118864504660286,0.1111231785579837
5202,496973,3,"Private, nonprofit",5,Herzing University-Tampa,21,-2,0.8966,18321.0,0.8203449578,2.0,31.0,1,open,70853.99999999997,66609.07,"Business Administration, Management and Operations.",218,4244.929687499971,35,high,0.0637290036865048,0.0634696987104615
5138,496991,1,"Private, for-profit",2,Galen Health Institutes-Miami Campus,21,-2,,32673.0,0.6627957932,1.0,30.0,1,,80987.99999999993,80210.67,"Registered Nursing, Nursing Administration, Nursing Research and Clinical Nursing.",1897,777.3281249999272,58,high,0.0096910810847129,0.0096877887831808
5138,496991,1,"Private, for-profit",3,Galen Health Institutes-Miami Campus,21,-2,,32673.0,0.6627957932,1.0,30.0,1,,91861.99999999993,93103.336,"Registered Nursing, Nursing Administration, Nursing Research and Clinical Nursing.",463,-1241.3359375000728,57,high,-0.0133328835642729,-0.0133102252393212
1204,497222,1,"Private, for-profit",1,Salon Professional Academy-Elevate Salon Institute,13,-2,,13607.0,0.8571428571,1.0,26.0,1,,16636.999999999993,19732.273,Cosmetology and Related Personal Grooming Services.,62,-3095.2734375000077,80,high,-0.1568634981318283,-0.1540913586881233
4706,498030,1,"Private, for-profit",1,Universal Technical Institute-South Florida Miramar,21,-2,,28618.0,0.7365907829,1.0,22.0,1,,58514.99999999999,56785.96,Vehicle Maintenance and Repair Technologies/Technicians.,3298,1729.0390624999854,24,high,0.0304483543811648,0.0304428053758888
4706,498030,1,"Private, for-profit",2,Universal Technical Institute-South Florida Miramar,21,-2,,28618.0,0.7365907829,1.0,22.0,1,,60060.00000000003,54697.984,Vehicle Maintenance and Repair Technologies/Technicians.,1926,5362.015625000029,5,low,0.0980294920602369,0.0979967551292108
4805,498030,1,"Private, for-profit",1,Universal Technical Institute-South Florida Miramar,21,-2,,28618.0,0.7365907829,1.0,22.0,1,,52935.99999999998,56116.57,Precision Metal Working.,287,-3180.570312500022,15,medium,-0.0566779169644219,-0.0565104093779235
5138,498076,1,"Private, for-profit",2,Galen Health Institutes-Sarasota,21,-2,,32673.0,0.6627957932,1.0,30.0,1,,80987.99999999993,81782.46,"Registered Nursing, Nursing Administration, Nursing Research and Clinical Nursing.",1897,-794.4609375000728,58,high,-0.009714319285491,-0.0097110190893635
5138,498076,1,"Private, for-profit",3,Galen Health Institutes-Sarasota,21,-2,,32673.0,0.6627957932,1.0,30.0,1,,91861.99999999993,93475.75,"Registered Nursing, Nursing Administration, Nursing Research and Clinical Nursing.",463,-1613.7500000000728,57,high,-0.0172638358076835,-0.0172344970978869
5138,498085,1,"Private, for-profit",2,Galen Health Institutes-Gainesville,22,-2,,32673.0,0.6627957932,1.0,30.0,1,,80987.99999999993,80934.34,"Registered Nursing, Nursing Administration, Nursing Research and Clinical Nursing.",1897,53.65624999992724,58,high,0.0006629602158221,0.0006627349917305
5138,498085,1,"Private, for-profit",3,Galen Health Institutes-Gainesville,22,-2,,32673.0,0.6627957932,1.0,30.0,1,,91861.99999999993,92945.16,"Registered Nursing, Nursing Administration, Nursing Research and Clinical Nursing.",463,-1083.1562500000728,57,high,-0.0116537137996373,-0.0116339091090095
5139,498085,1,"Private, for-profit",1,Galen Health Institutes-Gainesville,22,-2,,32673.0,0.6627957932,1.0,30.0,1,,64239.99999999997,63255.99,"Practical Nursing, Vocational Nursing and Nursing Assistants.",565,984.0117187499708,47,high,0.0155560247414812,0.015535004847707
5138,499370,1,"Private, for-profit",3,Arizona College of Nursing-Sarasota,21,-2,1.0,17322.0,0.8394683027,2.0,28.0,1,open,87377.99999999994,87909.38,"Registered Nursing, Nursing Administration, Nursing Research and Clinical Nursing.",70,-531.3828125000582,57,high,-0.0060446654896148,-0.0059519378989
5108,499495,1,"Private, for-profit",1,Gwinnett Institute,21,-2,,16256.0,0.8884615385,2.0,27.0,1,,34911.0,32777.016,Allied Health and Medical Assisting Services.,73,2133.984375,33,high,0.0651061219061184,0.0641551123311453
5138,499495,1,"Private, for-profit",2,Gwinnett Institute,21,-2,,16256.0,0.8884615385,2.0,27.0,1,,85056.99999999996,84237.89,"Registered Nursing, Nursing Administration, Nursing Research and Clinical Nursing.",44,819.1093749999563,58,high,0.0097237640795917,0.0094679274448662
5139,499495,1,"Private, for-profit",1,Gwinnett Institute,21,-2,,16256.0,0.8884615385,2.0,27.0,1,,63036.00000000001,54766.31,"Practical Nursing, Vocational Nursing and Nursing Assistants.",40,8269.691406250007,47,high,0.1509996130576117,0.146565341096114
