code,title,unit_id,distance,school.type,credential.level,earnings.1_yr.overall_median_earnings,earnings.1_yr.working_not_enrolled.overall_count,earnings.4_yr.overall_median_earnings,earnings.4_yr.working_not_enrolled.overall_count,earnings.5_yr.overall_median_earnings,earnings.5_yr.working_not_enrolled.overall_count,id,school.name,location.lat,location.lon,latest.school.locale,latest.school.carnegie_size_setting,latest.admissions.admission_rate.overall,latest.student.demographics.median_family_income,latest.student.students_with_pell_grant,latest.school.open_admissions_policy,latest.student.demographics.age_entry,latest.school.title_iv.eligibility_type
1205,Culinary Arts and Related Services.,132374,1,Public,1,25586.0,22.0,22265,28,33286.0,21.0,132374,Atlantic Technical College,26.24278,-80.192271,21,-2,,16748,,1,26,1
4603,Electrical and Power Transmission Installers.,132374,2,Public,1,29493.0,32.0,41177,27,,,132374,Atlantic Technical College,26.24278,-80.192271,21,-2,,16748,,1,26,1
4702,"Heating, Air Conditioning, Ventilation and Refrigeration Maintenance Technology/Technician (HAC, HACR, HVAC, HVACR).",132374,1,Public,1,36966.0,63.0,47325,48,,,132374,Atlantic Technical College,26.24278,-80.192271,21,-2,,16748,,1,26,1
4706,Vehicle Maintenance and Repair Technologies/Technicians.,132374,1,Public,1,34269.0,24.0,42839,28,,,132374,Atlantic Technical College,26.24278,-80.192271,21,-2,,16748,,1,26,1
5108,Allied Health and Medical Assisting Services.,132374,1,Public,1,32976.0,33.0,33081,29,,,132374,Atlantic Technical College,26.24278,-80.192271,21,-2,,16748,,1,26,1
5139,"Practical Nursing, Vocational Nursing and Nursing Assistants.",132374,1,Public,1,46267.0,49.0,55724,46,,,132374,Atlantic Technical College,26.24278,-80.192271,21,-2,,16748,,1,26,1
3906,Theological and Ministerial Studies.,132408,3,"Private, nonprofit",3,34350.0,21.0,42322,30,,,132408,Baptist University of Florida,30.962708,-85.503931,42,7,0.3599,33739,0.7795698925,2,26,1
4201,"Psychology, General.",132408,3,"Private, nonprofit",3,,,40963,16,,,132408,Baptist University of Florida,30.962708,-85.503931,42,7,0.3599,33739,0.7795698925,2,26,1
1101,"Computer and Information Sciences, General.",132471,2,"Private, nonprofit",3,46503.0,31.0,65951,32,61668.0,68.0,132471,Barry University,25.878908,-80.198925,21,13,0.7724,28822,0.7126805778,2,26,1
1304,Educational Administration and Supervision.,132471,2,"Private, nonprofit",5,65063.0,92.0,79567,91,78169.0,86.0,132471,Barry University,25.878908,-80.198925,21,13,0.7724,28822,0.7126805778,2,26,1
1313,"Teacher Education and Professional Development, Specific Subject Areas.",132471,2,"Private, nonprofit",5,,,69284,20,67477.0,46.0,132471,Barry University,25.878908,-80.198925,21,13,0.7724,28822,0.7126805778,2,26,1
2201,Law.,132471,1,"Private, nonprofit",7,51099.0,288.0,82024,302,77820.0,204.0,132471,Barry University,25.878908,-80.198925,21,13,0.7724,28822,0.7126805778,2,26,1
2401,"Liberal Arts and Sciences, General Studies and Humanities.",132471,1,"Private, nonprofit",3,46015.0,29.0,51734,44,44985.0,37.0,132471,Barry University,25.878908,-80.198925,21,13,0.7724,28822,0.7126805778,2,26,1
2601,"Biology, General.",132471,1,"Private, nonprofit",3,32556.0,53.0,60471,41,52013.0,47.0,132471,Barry University,25.878908,-80.198925,21,13,0.7724,28822,0.7126805778,2,26,1
2699,"Biological and Biomedical Sciences, Other.",132471,1,"Private, nonprofit",5,19689.0,80.0,64792,37,59270.0,63.0,132471,Barry University,25.878908,-80.198925,21,13,0.7724,28822,0.7126805778,2,26,1
3105,"Sports, Kinesiology, and Physical Education/Fitness.",132471,1,"Private, nonprofit",3,,,47019,26,49205.0,21.0,132471,Barry University,25.878908,-80.198925,21,13,0.7724,28822,0.7126805778,2,26,1
3105,"Sports, Kinesiology, and Physical Education/Fitness.",132471,2,"Private, nonprofit",5,40439.0,31.0,56462,29,52174.0,27.0,132471,Barry University,25.878908,-80.198925,21,13,0.7724,28822,0.7126805778,2,26,1
4201,"Psychology, General.",132471,1,"Private, nonprofit",3,27743.0,23.0,44016,29,42937.0,25.0,132471,Barry University,25.878908,-80.198925,21,13,0.7724,28822,0.7126805778,2,26,1
4228,"Clinical, Counseling and Applied Psychology.",132471,1,"Private, nonprofit",5,45209.0,57.0,57962,55,55727.0,52.0,132471,Barry University,25.878908,-80.198925,21,13,0.7724,28822,0.7126805778,2,26,1
4404,Public Administration.,132471,2,"Private, nonprofit",3,103107.0,40.0,97702,70,72493.0,89.0,132471,Barry University,25.878908,-80.198925,21,13,0.7724,28822,0.7126805778,2,26,1
4404,Public Administration.,132471,2,"Private, nonprofit",5,66107.0,140.0,81625,111,74605.0,144.0,132471,Barry University,25.878908,-80.198925,21,13,0.7724,28822,0.7126805778,2,26,1
4407,Social Work.,132471,1,"Private, nonprofit",3,,,61820,19,,,132471,Barry University,25.878908,-80.198925,21,13,0.7724,28822,0.7126805778,2,26,1
4407,Social Work.,132471,2,"Private, nonprofit",5,51176.0,236.0,64500,226,58756.0,306.0,132471,Barry University,25.878908,-80.198925,21,13,0.7724,28822,0.7126805778,2,26,1
4504,Criminology.,132471,1,"Private, nonprofit",3,44015.0,21.0,51180,19,49125.0,23.0,132471,Barry University,25.878908,-80.198925,21,13,0.7724,28822,0.7126805778,2,26,1
5107,Health and Medical Administrative Services.,132471,2,"Private, nonprofit",3,61949.0,21.0,89971,27,64589.0,49.0,132471,Barry University,25.878908,-80.198925,21,13,0.7724,28822,0.7126805778,2,26,1
5109,"Allied Health Diagnostic, Intervention, and Treatment Professions.",132471,1,"Private, nonprofit",3,144190.0,32.0,134968,30,,,132471,Barry University,25.878908,-80.198925,21,13,0.7724,28822,0.7126805778,2,26,1
5109,"Allied Health Diagnostic, Intervention, and Treatment Professions.",132471,1,"Private, nonprofit",5,114647.0,174.0,127660,167,123150.0,165.0,132471,Barry University,25.878908,-80.198925,21,13,0.7724,28822,0.7126805778,2,26,1
5112,Medicine.,132471,1,"Private, nonprofit",7,59188.0,87.0,111890,85,131554.0,90.0,132471,Barry University,25.878908,-80.198925,21,13,0.7724,28822,0.7126805778,2,26,1
5123,Rehabilitation and Therapeutic Professions.,132471,2,"Private, nonprofit",5,61489.0,68.0,75402,66,69329.0,61.0,132471,Barry University,25.878908,-80.198925,21,13,0.7724,28822,0.7126805778,2,26,1
5138,"Registered Nursing, Nursing Administration, Nursing Research and Clinical Nursing.",132471,1,"Private, nonprofit",3,81868.0,180.0,93608,164,91933.0,127.0,132471,Barry University,25.878908,-80.198925,21,13,0.7724,28822,0.7126805778,2,26,1
5138,"Registered Nursing, Nursing Administration, Nursing Research and Clinical Nursing.",132471,1,"Private, nonprofit",5,149750.0,246.0,145767,212,138682.0,247.0,132471,Barry University,25.878908,-80.198925,21,13,0.7724,28822,0.7126805778,2,26,1
5138,"Registered Nursing, Nursing Administration, Nursing Research and Clinical Nursing.",132471,2,"Private, nonprofit",6,,,138166,29,149877.0,25.0,132471,Barry University,25.878908,-80.198925,21,13,0.7724,28822,0.7126805778,2,26,1
5202,"Business Administration, Management and Operations.",132471,2,"Private, nonprofit",3,54266.0,138.0,64210,197,64721.0,173.0,132471,Barry University,25.878908,-80.198925,21,13,0.7724,28822,0.7126805778,2,26,1
5202,"Business Administration, Management and Operations.",132471,2,"Private, nonprofit",5,61860.0,124.0,84090,92,75645.0,101.0,132471,Barry University,25.878908,-80.198925,21,13,0.7724,28822,0.7126805778,2,26,1
0901,Communication and Media Studies.,132602,1,"Private, nonprofit",3,,,30852,27,27387.0,83.0,132602,Bethune-Cookman University,29.207195,-81.032946,13,11,0.8824,22913,0.866638796,2,20,1
1313,"Teacher Education and Professional Development, Specific Subject Areas.",132602,1,"Private, nonprofit",3,,,33933,39,53322.0,20.0,132602,Bethune-Cookman University,29.207195,-81.032946,13,11,0.8824,22913,0.866638796,2,20,1
2401,"Liberal Arts and Sciences, General Studies and Humanities.",132602,1,"Private, nonprofit",3,25459.0,36.0,42127,113,38111.0,125.0,132602,Bethune-Cookman University,29.207195,-81.032946,13,11,0.8824,22913,0.866638796,2,20,1
3011,Gerontology.,132602,1,"Private, nonprofit",3,,,51623,16,35236.0,32.0,132602,Bethune-Cookman University,29.207195,-81.032946,13,11,0.8824,22913,0.866638796,2,20,1
4201,"Psychology, General.",132602,1,"Private, nonprofit",3,,,37793,47,34592.0,124.0,132602,Bethune-Cookman University,29.207195,-81.032946,13,11,0.8824,22913,0.866638796,2,20,1
4301,Criminal Justice and Corrections.,132602,1,"Private, nonprofit",3,,,46540,31,35128.0,165.0,132602,Bethune-Cookman University,29.207195,-81.032946,13,11,0.8824,22913,0.866638796,2,20,1
5138,"Registered Nursing, Nursing Administration, Nursing Research and Clinical Nursing.",132602,1,"Private, nonprofit",3,,,76641,22,77509.0,50.0,132602,Bethune-Cookman University,29.207195,-81.032946,13,11,0.8824,22913,0.866638796,2,20,1
5202,"Business Administration, Management and Operations.",132602,1,"Private, nonprofit",3,,,50413,19,36323.0,130.0,132602,Bethune-Cookman University,29.207195,-81.032946,13,11,0.8824,22913,0.866638796,2,20,1
5210,Human Resources Management and Services.,132602,3,"Private, nonprofit",5,,,49835,24,46936.0,48.0,132602,Bethune-Cookman University,29.207195,-81.032946,13,11,0.8824,22913,0.866638796,2,20,1
0901,Communication and Media Studies.,132657,1,"Private, nonprofit",3,,,53858,19,42054.0,19.0,132657,Lynn University,26.385985,-80.122806,13,11,0.7347,41024,0.604197901,2,21,1
0901,Communication and Media Studies.,132657,0,"Private, nonprofit",5,46524.0,20.0,74356,23,,,132657,Lynn University,26.385985,-80.122806,13,11,0.7347,41024,0.604197901,2,21,1
0907,"Radio, Television, and Digital Communication.",132657,2,"Private, nonprofit",3,,,39215,19,,,132657,Lynn University,26.385985,-80.122806,13,11,0.7347,41024,0.604197901,2,21,1
1003,Graphic Communications.,132657,1,"Private, nonprofit",3,17099.0,24.0,36590,31,,,132657,Lynn University,26.385985,-80.122806,13,11,0.7347,41024,0.604197901,2,21,1
1304,Educational Administration and Supervision.,132657,3,"Private, nonprofit",5,62348.0,22.0,68722,21,,,132657,Lynn University,26.385985,-80.122806,13,11,0.7347,41024,0.604197901,2,21,1
1304,Educational Administration and Supervision.,132657,3,"Private, nonprofit",6,68254.0,28.0,83158,22,95073.0,18.0,132657,Lynn University,26.385985,-80.122806,13,11,0.7347,41024,0.604197901,2,21,1
2601,"Biology, General.",132657,1,"Private, nonprofit",3,,,38783,23,,,132657,Lynn University,26.385985,-80.122806,13,11,0.7347,41024,0.604197901,2,21,1
3105,"Sports, Kinesiology, and Physical Education/Fitness.",132657,1,"Private, nonprofit",3,,,41209,20,,,132657,Lynn University,26.385985,-80.122806,13,11,0.7347,41024,0.604197901,2,21,1
4201,"Psychology, General.",132657,2,"Private, nonprofit",3,,,47373,25,34555.0,23.0,132657,Lynn University,26.385985,-80.122806,13,11,0.7347,41024,0.604197901,2,21,1
4301,Criminal Justice and Corrections.,132657,2,"Private, nonprofit",3,39496.0,24.0,68824,21,59055.0,30.0,132657,Lynn University,26.385985,-80.122806,13,11,0.7347,41024,0.604197901,2,21,1
5202,"Business Administration, Management and Operations.",132657,3,"Private, nonprofit",3,63132.0,22.0,72802,22,55453.0,33.0,132657,Lynn University,26.385985,-80.122806,13,11,0.7347,41024,0.604197901,2,21,1
5202,"Business Administration, Management and Operations.",132657,2,"Private, nonprofit",5,58347.0,246.0,77699,247,65491.0,146.0,132657,Lynn University,26.385985,-80.122806,13,11,0.7347,41024,0.604197901,2,21,1
5211,International Business.,132657,2,"Private, nonprofit",3,,,74456,23,,,132657,Lynn University,26.385985,-80.122806,13,11,0.7347,41024,0.604197901,2,21,1
5219,"Specialized Sales, Merchandising and  Marketing Operations.",132657,1,"Private, nonprofit",3,,,55029,22,,,132657,Lynn University,26.385985,-80.122806,13,11,0.7347,41024,0.604197901,2,21,1
5139,"Practical Nursing, Vocational Nursing and Nursing Assistants.",132675,1,Public,1,44940.0,38.0,52815,24,,,132675,North Florida Technical College,29.952308,-82.117224,32,-2,,17719,,1,29,1
1104,Information Science/Studies.,132693,1,Public,3,57313.0,64.0,70869,43,,,132693,Eastern Florida State College,28.170002,-80.670781,13,12,,22005,0.8466486121,1,25,1
2203,Legal Support Services.,132693,1,Public,2,,,33748,18,29356.0,23.0,132693,Eastern Florida State College,28.170002,-80.670781,13,12,,22005,0.8466486121,1,25,1
2401,"Liberal Arts and Sciences, General Studies and Humanities.",132693,1,Public,2,26771.0,401.0,42428,1032,39019.0,1241.0,132693,Eastern Florida State College,28.170002,-80.670781,13,12,,22005,0.8466486121,1,25,1
4301,Criminal Justice and Corrections.,132693,1,Public,1,51461.0,53.0,56068,68,54592.0,34.0,132693,Eastern Florida State College,28.170002,-80.670781,13,12,,22005,0.8466486121,1,25,1
4301,Criminal Justice and Corrections.,132693,3,Public,2,,,43285,16,34633.0,18.0,132693,Eastern Florida State College,28.170002,-80.670781,13,12,,22005,0.8466486121,1,25,1
4302,Fire Protection.,132693,1,Public,1,,,55414,23,,,132693,Eastern Florida State College,28.170002,-80.670781,13,12,,22005,0.8466486121,1,25,1
4702,"Heating, Air Conditioning, Ventilation and Refrigeration Maintenance Technology/Technician (HAC, HACR, HVAC, HVACR).",132693,0,Public,1,,,47782,19,,,132693,Eastern Florida State College,28.170002,-80.670781,13,12,,22005,0.8466486121,1,25,1
4706,Vehicle Maintenance and Repair Technologies/Technicians.,132693,1,Public,1,,,68047,28,,,132693,Eastern Florida State College,28.170002,-80.670781,13,12,,22005,0.8466486121,1,25,1
4805,Precision Metal Working.,132693,1,Public,1,,,50029,18,,,132693,Eastern Florida State College,28.170002,-80.670781,13,12,,22005,0.8466486121,1,25,1
5106,Dental Support Services and Allied Professions.,132693,1,Public,2,57021.0,19.0,69083,16,42758.0,28.0,132693,Eastern Florida State College,28.170002,-80.670781,13,12,,22005,0.8466486121,1,25,1
5108,Allied Health and Medical Assisting Services.,132693,1,Public,2,29665.0,21.0,53597,19,,,132693,Eastern Florida State College,28.170002,-80.670781,13,12,,22005,0.8466486121,1,25,1
5109,"Allied Health Diagnostic, Intervention, and Treatment Professions.",132693,1,Public,1,45857.0,35.0,62988,39,47419.0,79.0,132693,Eastern Florida State College,28.170002,-80.670781,13,12,,22005,0.8466486121,1,25,1
5109,"Allied Health Diagnostic, Intervention, and Treatment Professions.",132693,1,Public,2,48657.0,39.0,54622,55,49169.0,40.0,132693,Eastern Florida State College,28.170002,-80.670781,13,12,,22005,0.8466486121,1,25,1
5110,Clinical/Medical Laboratory Science/Research and Allied Professions.,132693,1,Public,2,,,67936,20,69916.0,19.0,132693,Eastern Florida State College,28.170002,-80.670781,13,12,,22005,0.8466486121,1,25,1
5122,Public Health.,132693,1,Public,3,34462.0,38.0,53408,49,,,132693,Eastern Florida State College,28.170002,-80.670781,13,12,,22005,0.8466486121,1,25,1
5138,"Registered Nursing, Nursing Administration, Nursing Research and Clinical Nursing.",132693,2,Public,2,62725.0,74.0,77667,106,70976.0,98.0,132693,Eastern Florida State College,28.170002,-80.670781,13,12,,22005,0.8466486121,1,25,1
5139,"Practical Nursing, Vocational Nursing and Nursing Assistants.",132693,1,Public,1,,,43973,18,48932.0,29.0,132693,Eastern Florida State College,28.170002,-80.670781,13,12,,22005,0.8466486121,1,25,1
5202,"Business Administration, Management and Operations.",132693,1,Public,2,,,42613,28,33605.0,77.0,132693,Eastern Florida State College,28.170002,-80.670781,13,12,,22005,0.8466486121,1,25,1
5202,"Business Administration, Management and Operations.",132693,3,Public,3,42854.0,318.0,54133,286,50389.0,94.0,132693,Eastern Florida State College,28.170002,-80.670781,13,12,,22005,0.8466486121,1,25,1
1101,"Computer and Information Sciences, General.",132709,2,Public,3,52497.0,37.0,68626,32,71656.0,28.0,132709,Broward College,26.119422,-80.14183,12,15,,20743,0.9264472291,1,24,1
1310,Special Education and Teaching.,132709,1,Public,3,49262.0,16.0,59330,21,53145.0,20.0,132709,Broward College,26.119422,-80.14183,12,15,,20743,0.9264472291,1,24,1
2203,Legal Support Services.,132709,1,Public,2,,,48911,21,47543.0,18.0,132709,Broward College,26.119422,-80.14183,12,15,,20743,0.9264472291,1,24,1
2401,"Liberal Arts and Sciences, General Studies and Humanities.",132709,2,Public,2,28775.0,488.0,44117,1403,42236.0,1610.0,132709,Broward College,26.119422,-80.14183,12,15,,20743,0.9264472291,1,24,1
4301,Criminal Justice and Corrections.,132709,2,Public,2,34607.0,18.0,44829,30,44288.0,35.0,132709,Broward College,26.119422,-80.14183,12,15,,20743,0.9264472291,1,24,1
4901,Air Transportation.,132709,2,Public,2,,,75637,24,61594.0,17.0,132709,Broward College,26.119422,-80.14183,12,15,,20743,0.9264472291,1,24,1
5108,Allied Health and Medical Assisting Services.,132709,1,Public,2,,,38252,19,58288.0,23.0,132709,Broward College,26.119422,-80.14183,12,15,,20743,0.9264472291,1,24,1
5109,"Allied Health Diagnostic, Intervention, and Treatment Professions.",132709,1,Public,1,45720.0,19.0,79695,35,,,132709,Broward College,26.119422,-80.14183,12,15,,20743,0.9264472291,1,24,1
5109,"Allied Health Diagnostic, Intervention, and Treatment Professions.",132709,1,Public,2,65396.0,60.0,75879,66,67079.0,73.0,132709,Broward College,26.119422,-80.14183,12,15,,20743,0.9264472291,1,24,1
5109,"Allied Health Diagnostic, Intervention, and Treatment Professions.",132709,0,Public,99,,,67251,18,,,132709,Broward College,26.119422,-80.14183,12,15,,20743,0.9264472291,1,24,1
5138,"Registered Nursing, Nursing Administration, Nursing Research and Clinical Nursing.",132709,1,Public,2,72991.0,69.0,83358,103,87122.0,100.0,132709,Broward College,26.119422,-80.14183,12,15,,20743,0.9264472291,1,24,1
5202,"Business Administration, Management and Operations.",132709,2,Public,2,50374.0,28.0,49180,59,50228.0,87.0,132709,Broward College,26.119422,-80.14183,12,15,,20743,0.9264472291,1,24,1
5202,"Business Administration, Management and Operations.",132709,2,Public,3,48880.0,106.0,61029,129,55611.0,138.0,132709,Broward College,26.119422,-80.14183,12,15,,20743,0.9264472291,1,24,1
5203,Accounting and Related Services.,132709,2,Public,2,36970.0,17.0,48605,18,41364.0,43.0,132709,Broward College,26.119422,-80.14183,12,15,,20743,0.9264472291,1,24,1
4228,"Clinical, Counseling and Applied Psychology.",132842,2,"Private, nonprofit",5,,,51235,49,52700.0,80.0,132842,Albizu University-Miami,25.795181,-80.354942,13,6,0.7571,16091,0.4821052632,2,26,1
4228,"Clinical, Counseling and Applied Psychology.",132842,1,"Private, nonprofit",6,64380.0,88.0,93578,113,77562.0,58.0,132842,Albizu University-Miami,25.795181,-80.354942,13,6,0.7571,16091,0.4821052632,2,26,1
0105,Agricultural and Domestic Animal Services.,132851,1,Public,2,,,30374,20,,,132851,College of Central Florida,29.166079,-82.175692,13,12,,21993,0.8733662504,1,24,1
0105,Agricultural and Domestic Animal Services.,132851,0,Public,99,,,33961,17,,,132851,College of Central Florida,29.166079,-82.175692,13,12,,21993,0.8733662504,1,24,1
1101,"Computer and Information Sciences, General.",132851,0,Public,99,,,40428,19,,,132851,College of Central Florida,29.166079,-82.175692,13,12,,21993,0.8733662504,1,24,1
1105,Computer Systems Analysis.,132851,0,Public,99,,,46213,20,,,132851,College of Central Florida,29.166079,-82.175692,13,12,,21993,0.8733662504,1,24,1
1312,"Teacher Education and Professional Development, Specific Levels and Methods.",132851,1,Public,3,48537.0,21.0,52015,16,48788.0,25.0,132851,College of Central Florida,29.166079,-82.175692,13,12,,21993,0.8733662504,1,24,1
2401,"Liberal Arts and Sciences, General Studies and Humanities.",132851,3,Public,2,24017.0,300.0,42066,690,38269.0,493.0,132851,College of Central Florida,29.166079,-82.175692,13,12,,21993,0.8733662504,1,24,1
4103,Physical Science Technologies/Technicians.,132851,0,Public,99,,,69253,45,,,132851,College of Central Florida,29.166079,-82.175692,13,12,,21993,0.8733662504,1,24,1
4301,Criminal Justice and Corrections.,132851,0,Public,99,,,52150,57,,,132851,College of Central Florida,29.166079,-82.175692,13,12,,21993,0.8733662504,1,24,1
5107,Health and Medical Administrative Services.,132851,0,Public,99,,,46953,44,,,132851,College of Central Florida,29.166079,-82.175692,13,12,,21993,0.8733662504,1,24,1
5109,"Allied Health Diagnostic, Intervention, and Treatment Professions.",132851,1,Public,2,53438.0,22.0,63119,25,52109.0,26.0,132851,College of Central Florida,29.166079,-82.175692,13,12,,21993,0.8733662504,1,24,1
5109,"Allied Health Diagnostic, Intervention, and Treatment Professions.",132851,0,Public,99,,,50312,44,,,132851,College of Central Florida,29.166079,-82.175692,13,12,,21993,0.8733662504,1,24,1
5138,"Registered Nursing, Nursing Administration, Nursing Research and Clinical Nursing.",132851,1,Public,2,70021.0,82.0,75665,95,84799.0,65.0,132851,College of Central Florida,29.166079,-82.175692,13,12,,21993,0.8733662504,1,24,1
5138,"Registered Nursing, Nursing Administration, Nursing Research and Clinical Nursing.",132851,1,Public,3,78006.0,61.0,93193,48,112178.0,17.0,132851,College of Central Florida,29.166079,-82.175692,13,12,,21993,0.8733662504,1,24,1
5202,"Business Administration, Management and Operations.",132851,1,Public,2,32665.0,22.0,32335,41,38264.0,43.0,132851,College of Central Florida,29.166079,-82.175692,13,12,,21993,0.8733662504,1,24,1
5202,"Business Administration, Management and Operations.",132851,1,Public,3,40202.0,179.0,51258,181,46695.0,136.0,132851,College of Central Florida,29.166079,-82.175692,13,12,,21993,0.8733662504,1,24,1
5202,"Business Administration, Management and Operations.",132851,0,Public,99,,,40768,131,,,132851,College of Central Florida,29.166079,-82.175692,13,12,,21993,0.8733662504,1,24,1
5204,Business Operations Support and Assistant Services.,132851,0,Public,99,,,43057,103,,,132851,College of Central Florida,29.166079,-82.175692,13,12,,21993,0.8733662504,1,24,1
5207,Entrepreneurial and Small Business Operations.,132851,0,Public,99,,,30039,33,,,132851,College of Central Florida,29.166079,-82.175692,13,12,,21993,0.8733662504,1,24,1
5212,Management Information Systems and Services.,132851,0,Public,99,,,33676,22,,,132851,College of Central Florida,29.166079,-82.175692,13,12,,21993,0.8733662504,1,24,1
0402,Architecture.,132903,1,Public,3,37389.0,34.0,64826,24,,,132903,University of Central Florida,28.602159,-81.200889,21,15,0.4011,31400,0.7045342864,2,23,1
0901,Communication and Media Studies.,132903,2,Public,3,37021.0,403.0,58783,178,48282.0,115.0,132903,University of Central Florida,28.602159,-81.200889,21,15,0.4011,31400,0.7045342864,2,23,1
0904,Journalism.,132903,1,Public,3,40945.0,55.0,60887,32,,,132903,University of Central Florida,28.602159,-81.200889,21,15,0.4011,31400,0.7045342864,2,23,1
0907,"Radio, Television, and Digital Communication.",132903,1,Public,3,27148.0,97.0,48753,54,49868.0,53.0,132903,University of Central Florida,28.602159,-81.200889,21,15,0.4011,31400,0.7045342864,2,23,1
0909,"Public Relations, Advertising, and Applied Communication.",132903,1,Public,3,37388.0,143.0,62140,72,58523.0,47.0,132903,University of Central Florida,28.602159,-81.200889,21,15,0.4011,31400,0.7045342864,2,23,1
1101,"Computer and Information Sciences, General.",132903,1,Public,3,68793.0,546.0,98526,302,89759.0,113.0,132903,University of Central Florida,28.602159,-81.200889,21,15,0.4011,31400,0.7045342864,2,23,1
1101,"Computer and Information Sciences, General.",132903,1,Public,5,72439.0,52.0,123587,36,,,132903,University of Central Florida,28.602159,-81.200889,21,15,0.4011,31400,0.7045342864,2,23,1
1301,"Education, General.",132903,1,Public,6,74102.0,24.0,81030,24,,,132903,University of Central Florida,28.602159,-81.200889,21,15,0.4011,31400,0.7045342864,2,23,1
1304,Educational Administration and Supervision.,132903,1,Public,5,53284.0,143.0,63413,79,58061.0,53.0,132903,University of Central Florida,28.602159,-81.200889,21,15,0.4011,31400,0.7045342864,2,23,1
1305,Educational/Instructional Media Design.,132903,3,Public,5,62483.0,28.0,78410,23,,,132903,University of Central Florida,28.602159,-81.200889,21,15,0.4011,31400,0.7045342864,2,23,1
1310,Special Education and Teaching.,132903,0,Public,4,,,62470,16,,,132903,University of Central Florida,28.602159,-81.200889,21,15,0.4011,31400,0.7045342864,2,23,1
1310,Special Education and Teaching.,132903,2,Public,5,58479.0,35.0,60920,30,,,132903,University of Central Florida,28.602159,-81.200889,21,15,0.4011,31400,0.7045342864,2,23,1
1311,Student Counseling and Personnel Services.,132903,1,Public,5,45569.0,75.0,57137,34,56601.0,34.0,132903,University of Central Florida,28.602159,-81.200889,21,15,0.4011,31400,0.7045342864,2,23,1
1312,"Teacher Education and Professional Development, Specific Levels and Methods.",132903,1,Public,3,46646.0,565.0,51784,288,50464.0,239.0,132903,University of Central Florida,28.602159,-81.200889,21,15,0.4011,31400,0.7045342864,2,23,1
1312,"Teacher Education and Professional Development, Specific Levels and Methods.",132903,2,Public,5,54726.0,60.0,56186,25,,,132903,University of Central Florida,28.602159,-81.200889,21,15,0.4011,31400,0.7045342864,2,23,1
1313,"Teacher Education and Professional Development, Specific Subject Areas.",132903,1,Public,3,33471.0,437.0,53197,290,50972.0,175.0,132903,University of Central Florida,28.602159,-81.200889,21,15,0.4011,31400,0.7045342864,2,23,1
1313,"Teacher Education and Professional Development, Specific Subject Areas.",132903,3,Public,5,43460.0,70.0,53077,44,57358.0,43.0,132903,University of Central Florida,28.602159,-81.200889,21,15,0.4011,31400,0.7045342864,2,23,1
1402,"Aerospace, Aeronautical, and Astronautical/Space Engineering.",132903,1,Public,3,67953.0,138.0,96972,64,84789.0,45.0,132903,University of Central Florida,28.602159,-81.200889,21,15,0.4011,31400,0.7045342864,2,23,1
1408,Civil Engineering.,132903,1,Public,3,69321.0,97.0,86803,59,86452.0,38.0,132903,University of Central Florida,28.602159,-81.200889,21,15,0.4011,31400,0.7045342864,2,23,1
1409,Computer Engineering.,132903,1,Public,3,76819.0,107.0,106680,65,99037.0,23.0,132903,University of Central Florida,28.602159,-81.200889,21,15,0.4011,31400,0.7045342864,2,23,1
1410,"Electrical, Electronics, and Communications Engineering.",132903,1,Public,3,75498.0,130.0,99442,86,99495.0,58.0,132903,University of Central Florida,28.602159,-81.200889,21,15,0.4011,31400,0.7045342864,2,23,1
1419,Mechanical Engineering.,132903,1,Public,3,66298.0,426.0,89663,209,92483.0,107.0,132903,University of Central Florida,28.602159,-81.200889,21,15,0.4011,31400,0.7045342864,2,23,1
1419,Mechanical Engineering.,132903,3,Public,5,85029.0,42.0,104337,27,,,132903,University of Central Florida,28.602159,-81.200889,21,15,0.4011,31400,0.7045342864,2,23,1
1435,Industrial Engineering.,132903,1,Public,3,70194.0,101.0,91630,40,83520.0,27.0,132903,University of Central Florida,28.602159,-81.200889,21,15,0.4011,31400,0.7045342864,2,23,1
1435,Industrial Engineering.,132903,3,Public,5,92990.0,36.0,118191,20,,,132903,University of Central Florida,28.602159,-81.200889,21,15,0.4011,31400,0.7045342864,2,23,1
2200,Non-Professional Legal Studies.,132903,3,Public,3,34408.0,184.0,59715,107,,,132903,University of Central Florida,28.602159,-81.200889,21,15,0.4011,31400,0.7045342864,2,23,1
2203,Legal Support Services.,132903,0,Public,3,,,61853,24,53859.0,77.0,132903,University of Central Florida,28.602159,-81.200889,21,15,0.4011,31400,0.7045342864,2,23,1
2301,"English Language and Literature, General.",132903,3,Public,3,30425.0,269.0,46532,169,44571.0,79.0,132903,University of Central Florida,28.602159,-81.200889,21,15,0.4011,31400,0.7045342864,2,23,1
2401,"Liberal Arts and Sciences, General Studies and Humanities.",132903,1,Public,3,48391.0,73.0,52862,231,55048.0,291.0,132903,University of Central Florida,28.602159,-81.200889,21,15,0.4011,31400,0.7045342864,2,23,1
2601,"Biology, General.",132903,1,Public,3,23710.0,486.0,51313,174,55579.0,144.0,132903,University of Central Florida,28.602159,-81.200889,21,15,0.4011,31400,0.7045342864,2,23,1
2701,Mathematics.,132903,1,Public,3,51315.0,23.0,69005,21,,,132903,University of Central Florida,28.602159,-81.200889,21,15,0.4011,31400,0.7045342864,2,23,1
2705,Statistics.,132903,1,Public,3,58920.0,27.0,76372,18,,,132903,University of Central Florida,28.602159,-81.200889,21,15,0.4011,31400,0.7045342864,2,23,1
3000,"Multi-/Interdisciplinary Studies, General.",132903,3,Public,3,37282.0,693.0,51959,344,50442.0,151.0,132903,University of Central Florida,28.602159,-81.200889,21,15,0.4011,31400,0.7045342864,2,23,1
3020,International/Globalization Studies.,132903,3,Public,3,38953.0,27.0,69568,16,63756.0,23.0,132903,University of Central Florida,28.602159,-81.200889,21,15,0.4011,31400,0.7045342864,2,23,1
3105,"Sports, Kinesiology, and Physical Education/Fitness.",132903,1,Public,5,46398.0,32.0,76984,17,73025.0,25.0,132903,University of Central Florida,28.602159,-81.200889,21,15,0.4011,31400,0.7045342864,2,23,1
4005,Chemistry.,132903,1,Public,3,43634.0,29.0,57313,17,,,132903,University of Central Florida,28.602159,-81.200889,21,15,0.4011,31400,0.7045342864,2,23,1
4201,"Psychology, General.",132903,3,Public,3,31013.0,962.0,49760,597,46522.0,379.0,132903,University of Central Florida,28.602159,-81.200889,21,15,0.4011,31400,0.7045342864,2,23,1
4228,"Clinical, Counseling and Applied Psychology.",132903,1,Public,5,55976.0,26.0,70723,17,,,132903,University of Central Florida,28.602159,-81.200889,21,15,0.4011,31400,0.7045342864,2,23,1
4301,Criminal Justice and Corrections.,132903,2,Public,3,36563.0,285.0,52447,197,51773.0,124.0,132903,University of Central Florida,28.602159,-81.200889,21,15,0.4011,31400,0.7045342864,2,23,1
4301,Criminal Justice and Corrections.,132903,3,Public,5,45983.0,67.0,60329,37,56323.0,22.0,132903,University of Central Florida,28.602159,-81.200889,21,15,0.4011,31400,0.7045342864,2,23,1
4304,Security Science and Technology.,132903,1,Public,3,,,61633,17,,,132903,University of Central Florida,28.602159,-81.200889,21,15,0.4011,31400,0.7045342864,2,23,1
4404,Public Administration.,132903,1,Public,3,38681.0,59.0,55259,39,53850.0,25.0,132903,University of Central Florida,28.602159,-81.200889,21,15,0.4011,31400,0.7045342864,2,23,1
4404,Public Administration.,132903,3,Public,5,59742.0,56.0,79043,23,63975.0,31.0,132903,University of Central Florida,28.602159,-81.200889,21,15,0.4011,31400,0.7045342864,2,23,1
4407,Social Work.,132903,1,Public,3,35358.0,53.0,51153,59,47972.0,84.0,132903,University of Central Florida,28.602159,-81.200889,21,15,0.4011,31400,0.7045342864,2,23,1
4407,Social Work.,132903,3,Public,5,47607.0,213.0,58123,115,56344.0,80.0,132903,University of Central Florida,28.602159,-81.200889,21,15,0.4011,31400,0.7045342864,2,23,1
4501,"Social Sciences, General.",132903,3,Public,3,34209.0,28.0,46388,22,,,132903,University of Central Florida,28.602159,-81.200889,21,15,0.4011,31400,0.7045342864,2,23,1
4502,Anthropology.,132903,3,Public,3,26922.0,65.0,39319,31,,,132903,University of Central Florida,28.602159,-81.200889,21,15,0.4011,31400,0.7045342864,2,23,1
4506,Economics.,132903,1,Public,3,47743.0,29.0,76360,16,,,132903,University of Central Florida,28.602159,-81.200889,21,15,0.4011,31400,0.7045342864,2,23,1
4510,Political Science and Government.,132903,3,Public,3,35937.0,194.0,64056,138,56469.0,95.0,132903,University of Central Florida,28.602159,-81.200889,21,15,0.4011,31400,0.7045342864,2,23,1
4511,Sociology.,132903,3,Public,3,34926.0,102.0,52197,60,46721.0,53.0,132903,University of Central Florida,28.602159,-81.200889,21,15,0.4011,31400,0.7045342864,2,23,1
5001,"Visual and Performing Arts, General.",132903,1,Public,3,28878.0,291.0,52922,120,68613.0,28.0,132903,University of Central Florida,28.602159,-81.200889,21,15,0.4011,31400,0.7045342864,2,23,1
5001,"Visual and Performing Arts, General.",132903,1,Public,5,62652.0,83.0,84762,42,,,132903,University of Central Florida,28.602159,-81.200889,21,15,0.4011,31400,0.7045342864,2,23,1
5005,Drama/Theatre Arts and Stagecraft.,132903,1,Public,3,23708.0,101.0,42954,54,34631.0,20.0,132903,University of Central Florida,28.602159,-81.200889,21,15,0.4011,31400,0.7045342864,2,23,1
5006,Film/Video and Photographic Arts.,132903,1,Public,3,23676.0,147.0,41255,73,36327.0,42.0,132903,University of Central Florida,28.602159,-81.200889,21,15,0.4011,31400,0.7045342864,2,23,1
5007,Fine and Studio Arts.,132903,1,Public,3,23324.0,227.0,46779,119,42318.0,81.0,132903,University of Central Florida,28.602159,-81.200889,21,15,0.4011,31400,0.7045342864,2,23,1
5009,Music.,132903,1,Public,3,21957.0,28.0,39898,27,51751.0,16.0,132903,University of Central Florida,28.602159,-81.200889,21,15,0.4011,31400,0.7045342864,2,23,1
5010,"Arts, Entertainment, and Media Management.",132903,1,Public,3,29025.0,134.0,59649,51,,,132903,University of Central Florida,28.602159,-81.200889,21,15,0.4011,31400,0.7045342864,2,23,1
5100,"Health Services/Allied Health/Health Sciences, General.",132903,1,Public,3,27531.0,619.0,56148,317,58955.0,127.0,132903,University of Central Florida,28.602159,-81.200889,21,15,0.4011,31400,0.7045342864,2,23,1
5100,"Health Services/Allied Health/Health Sciences, General.",132903,3,Public,5,57336.0,106.0,86074,55,83604.0,16.0,132903,University of Central Florida,28.602159,-81.200889,21,15,0.4011,31400,0.7045342864,2,23,1
5102,Communication Disorders Sciences and Services.,132903,1,Public,3,26286.0,184.0,51149,111,50223.0,66.0,132903,University of Central Florida,28.602159,-81.200889,21,15,0.4011,31400,0.7045342864,2,23,1
5102,Communication Disorders Sciences and Services.,132903,1,Public,5,56314.0,115.0,71169,49,70704.0,20.0,132903,University of Central Florida,28.602159,-81.200889,21,15,0.4011,31400,0.7045342864,2,23,1
5107,Health and Medical Administrative Services.,132903,3,Public,3,40347.0,404.0,56075,281,57999.0,128.0,132903,University of Central Florida,28.602159,-81.200889,21,15,0.4011,31400,0.7045342864,2,23,1
5107,Health and Medical Administrative Services.,132903,3,Public,5,67213.0,64.0,97350,37,87158.0,21.0,132903,University of Central Florida,28.602159,-81.200889,21,15,0.4011,31400,0.7045342864,2,23,1
5110,Clinical/Medical Laboratory Science/Research and Allied Professions.,132903,1,Public,3,62453.0,45.0,77675,18,,,132903,University of Central Florida,28.602159,-81.200889,21,15,0.4011,31400,0.7045342864,2,23,1
5123,Rehabilitation and Therapeutic Professions.,132903,0,Public,6,72872.0,53.0,84716,27,81839.0,28.0,132903,University of Central Florida,28.602159,-81.200889,21,15,0.4011,31400,0.7045342864,2,23,1
5138,"Registered Nursing, Nursing Administration, Nursing Research and Clinical Nursing.",132903,2,Public,3,73765.0,841.0,83737,398,82872.0,182.0,132903,University of Central Florida,28.602159,-81.200889,21,15,0.4011,31400,0.7045342864,2,23,1
5138,"Registered Nursing, Nursing Administration, Nursing Research and Clinical Nursing.",132903,3,Public,5,103063.0,94.0,115126,63,116181.0,20.0,132903,University of Central Florida,28.602159,-81.200889,21,15,0.4011,31400,0.7045342864,2,23,1
5201,"Business/Commerce, General.",132903,1,Public,3,45050.0,563.0,66912,328,66733.0,78.0,132903,University of Central Florida,28.602159,-81.200889,21,15,0.4011,31400,0.7045342864,2,23,1
5201,"Business/Commerce, General.",132903,1,Public,5,79623.0,257.0,108978,148,102920.0,55.0,132903,University of Central Florida,28.602159,-81.200889,21,15,0.4011,31400,0.7045342864,2,23,1
5202,"Business Administration, Management and Operations.",132903,1,Public,3,45375.0,153.0,69111,106,65840.0,115.0,132903,University of Central Florida,28.602159,-81.200889,21,15,0.4011,31400,0.7045342864,2,23,1
5202,"Business Administration, Management and Operations.",132903,1,Public,5,67064.0,93.0,94283,71,,,132903,University of Central Florida,28.602159,-81.200889,21,15,0.4011,31400,0.7045342864,2,23,1
5203,Accounting and Related Services.,132903,1,Public,3,55203.0,186.0,79563,180,76442.0,135.0,132903,University of Central Florida,28.602159,-81.200889,21,15,0.4011,31400,0.7045342864,2,23,1
5203,Accounting and Related Services.,132903,1,Public,5,67669.0,70.0,105203,51,100713.0,24.0,132903,University of Central Florida,28.602159,-81.200889,21,15,0.4011,31400,0.7045342864,2,23,1
5206,Business/Managerial Economics.,132903,1,Public,3,47648.0,76.0,74103,49,77643.0,22.0,132903,University of Central Florida,28.602159,-81.200889,21,15,0.4011,31400,0.7045342864,2,23,1
5208,Finance and Financial Management Services.,132903,1,Public,3,56415.0,377.0,82007,240,76925.0,172.0,132903,University of Central Florida,28.602159,-81.200889,21,15,0.4011,31400,0.7045342864,2,23,1
5209,Hospitality Administration/Management.,132903,2,Public,3,33624.0,666.0,54921,469,49679.0,258.0,132903,University of Central Florida,28.602159,-81.200889,21,15,0.4011,31400,0.7045342864,2,23,1
5209,Hospitality Administration/Management.,132903,1,Public,5,44189.0,40.0,61130,32,,,132903,University of Central Florida,28.602159,-81.200889,21,15,0.4011,31400,0.7045342864,2,23,1
5214,Marketing.,132903,1,Public,3,46606.0,218.0,72440,142,71999.0,136.0,132903,University of Central Florida,28.602159,-81.200889,21,15,0.4011,31400,0.7045342864,2,23,1
5215,Real Estate.,132903,1,Public,3,41218.0,67.0,72063,34,,,132903,University of Central Florida,28.602159,-81.200889,21,15,0.4011,31400,0.7045342864,2,23,1
5401,History.,132903,3,Public,3,34335.0,119.0,48896,74,50950.0,36.0,132903,University of Central Florida,28.602159,-81.200889,21,15,0.4011,31400,0.7045342864,2,23,1
5106,Dental Support Services and Allied Professions.,132976,1,Public,1,27852.0,20.0,35097,16,31472.0,20.0,132976,Charlotte Technical College,27.005558,-82.147238,22,-2,,18431,,1,26,1
5139,"Practical Nursing, Vocational Nursing and Nursing Assistants.",132976,1,Public,1,40680.0,50.0,56414,40,48714.0,47.0,132976,Charlotte Technical College,27.005558,-82.147238,22,-2,,18431,,1,26,1
2401,"Liberal Arts and Sciences, General Studies and Humanities.",133021,1,Public,2,20678.0,39.0,43985,130,38983.0,95.0,133021,Chipola College,30.789228,-85.23139,32,6,,21653,,1,23,1
4301,Criminal Justice and Corrections.,133021,1,Public,1,38366.0,47.0,45658,45,34734.0,16.0,133021,Chipola College,30.789228,-85.23139,32,6,,21653,,1,23,1
5138,"Registered Nursing, Nursing Administration, Nursing Research and Clinical Nursing.",133021,1,Public,2,52224.0,32.0,65741,44,67028.0,63.0,133021,Chipola College,30.789228,-85.23139,32,6,,21653,,1,23,1
5138,"Registered Nursing, Nursing Administration, Nursing Research and Clinical Nursing.",133021,3,Public,3,65998.0,19.0,84824,23,,,133021,Chipola College,30.789228,-85.23139,32,6,,21653,,1,23,1
5202,"Business Administration, Management and Operations.",133021,1,Public,3,40730.0,22.0,52491,22,38330.0,21.0,133021,Chipola College,30.789228,-85.23139,32,6,,21653,,1,23,1
5108,Allied Health and Medical Assisting Services.,133155,1,Public,1,33354.0,19.0,41398,19,36737.0,24.0,133155,Lorenzo Walker Technical College,26.141141,-81.763568,21,-2,,20976,,1,25,1
5139,"Practical Nursing, Vocational Nursing and Nursing Assistants.",133155,1,Public,1,42721.0,19.0,39810,16,41779.0,20.0,133155,Lorenzo Walker Technical College,26.141141,-81.763568,21,-2,,20976,,1,25,1
1101,"Computer and Information Sciences, General.",133386,2,Public,1,,,47809,18,,,133386,Daytona State College,29.20278,-81.049513,13,12,,21285,0.8535849057,1,25,1
1101,"Computer and Information Sciences, General.",133386,3,Public,3,45498.0,32.0,69567,27,87295.0,19.0,133386,Daytona State College,29.20278,-81.049513,13,12,,21285,0.8535849057,1,25,1
1204,Cosmetology and Related Personal Grooming Services.,133386,1,Public,1,20212.0,72.0,30232,56,22418.0,70.0,133386,Daytona State College,29.20278,-81.049513,13,12,,21285,0.8535849057,1,25,1
1204,Cosmetology and Related Personal Grooming Services.,133386,0,Public,99,,,20816,37,,,133386,Daytona State College,29.20278,-81.049513,13,12,,21285,0.8535849057,1,25,1
1205,Culinary Arts and Related Services.,133386,1,Public,1,,,37483,17,,,133386,Daytona State College,29.20278,-81.049513,13,12,,21285,0.8535849057,1,25,1
1205,Culinary Arts and Related Services.,133386,1,Public,2,,,33703,30,25094.0,32.0,133386,Daytona State College,29.20278,-81.049513,13,12,,21285,0.8535849057,1,25,1
1312,"Teacher Education and Professional Development, Specific Levels and Methods.",133386,2,Public,3,44869.0,73.0,50619,48,47043.0,44.0,133386,Daytona State College,29.20278,-81.049513,13,12,,21285,0.8535849057,1,25,1
1599,"Engineering/Engineering-Related Technologies/Technicians, Other.",133386,3,Public,3,73572.0,42.0,80992,37,61045.0,44.0,133386,Daytona State College,29.20278,-81.049513,13,12,,21285,0.8535849057,1,25,1
2401,"Liberal Arts and Sciences, General Studies and Humanities.",133386,3,Public,2,28917.0,529.0,42774,1125,37223.0,1058.0,133386,Daytona State College,29.20278,-81.049513,13,12,,21285,0.8535849057,1,25,1
2401,"Liberal Arts and Sciences, General Studies and Humanities.",133386,0,Public,99,,,52395,20,,,133386,Daytona State College,29.20278,-81.049513,13,12,,21285,0.8535849057,1,25,1
4301,Criminal Justice and Corrections.,133386,1,Public,1,52755.0,118.0,55105,126,56157.0,147.0,133386,Daytona State College,29.20278,-81.049513,13,12,,21285,0.8535849057,1,25,1
4302,Fire Protection.,133386,1,Public,1,42696.0,32.0,61737,34,52443.0,24.0,133386,Daytona State College,29.20278,-81.049513,13,12,,21285,0.8535849057,1,25,1
4702,"Heating, Air Conditioning, Ventilation and Refrigeration Maintenance Technology/Technician (HAC, HACR, HVAC, HVACR).",133386,1,Public,1,,,47479,21,46681.0,24.0,133386,Daytona State College,29.20278,-81.049513,13,12,,21285,0.8535849057,1,25,1
4706,Vehicle Maintenance and Repair Technologies/Technicians.,133386,1,Public,1,31485.0,16.0,33960,20,42478.0,21.0,133386,Daytona State College,29.20278,-81.049513,13,12,,21285,0.8535849057,1,25,1
5006,Film/Video and Photographic Arts.,133386,1,Public,2,,,34180,26,28159.0,33.0,133386,Daytona State College,29.20278,-81.049513,13,12,,21285,0.8535849057,1,25,1
5106,Dental Support Services and Allied Professions.,133386,1,Public,1,32107.0,19.0,33589,21,33018.0,26.0,133386,Daytona State College,29.20278,-81.049513,13,12,,21285,0.8535849057,1,25,1
5106,Dental Support Services and Allied Professions.,133386,1,Public,2,63591.0,19.0,63800,20,59440.0,22.0,133386,Daytona State College,29.20278,-81.049513,13,12,,21285,0.8535849057,1,25,1
5107,Health and Medical Administrative Services.,133386,1,Public,2,,,47638,19,48516.0,17.0,133386,Daytona State College,29.20278,-81.049513,13,12,,21285,0.8535849057,1,25,1
5108,Allied Health and Medical Assisting Services.,133386,1,Public,1,28339.0,18.0,40990,19,,,133386,Daytona State College,29.20278,-81.049513,13,12,,21285,0.8535849057,1,25,1
5108,Allied Health and Medical Assisting Services.,133386,1,Public,2,,,44934,65,35498.0,65.0,133386,Daytona State College,29.20278,-81.049513,13,12,,21285,0.8535849057,1,25,1
5109,"Allied Health Diagnostic, Intervention, and Treatment Professions.",133386,1,Public,1,44200.0,66.0,56695,104,51558.0,55.0,133386,Daytona State College,29.20278,-81.049513,13,12,,21285,0.8535849057,1,25,1
5109,"Allied Health Diagnostic, Intervention, and Treatment Professions.",133386,1,Public,2,54152.0,42.0,78836,47,56905.0,78.0,133386,Daytona State College,29.20278,-81.049513,13,12,,21285,0.8535849057,1,25,1
5110,Clinical/Medical Laboratory Science/Research and Allied Professions.,133386,1,Public,1,14958.0,19.0,33429,25,,,133386,Daytona State College,29.20278,-81.049513,13,12,,21285,0.8535849057,1,25,1
5138,"Registered Nursing, Nursing Administration, Nursing Research and Clinical Nursing.",133386,1,Public,2,66333.0,177.0,80355,274,71001.0,256.0,133386,Daytona State College,29.20278,-81.049513,13,12,,21285,0.8535849057,1,25,1
5138,"Registered Nursing, Nursing Administration, Nursing Research and Clinical Nursing.",133386,3,Public,3,77838.0,140.0,91166,116,92128.0,71.0,133386,Daytona State College,29.20278,-81.049513,13,12,,21285,0.8535849057,1,25,1
5139,"Practical Nursing, Vocational Nursing and Nursing Assistants.",133386,1,Public,1,45712.0,41.0,55001,47,44987.0,60.0,133386,Daytona State College,29.20278,-81.049513,13,12,,21285,0.8535849057,1,25,1
5202,"Business Administration, Management and Operations.",133386,2,Public,1,36843.0,36.0,45982,41,,,133386,Daytona State College,29.20278,-81.049513,13,12,,21285,0.8535849057,1,25,1
5202,"Business Administration, Management and Operations.",133386,2,Public,2,37109.0,24.0,52331,42,37503.0,35.0,133386,Daytona State College,29.20278,-81.049513,13,12,,21285,0.8535849057,1,25,1
5202,"Business Administration, Management and Operations.",133386,3,Public,3,39584.0,307.0,52532,323,47774.0,362.0,133386,Daytona State College,29.20278,-81.049513,13,12,,21285,0.8535849057,1,25,1
5203,Accounting and Related Services.,133386,3,Public,1,,,56291,17,,,133386,Daytona State College,29.20278,-81.049513,13,12,,21285,0.8535849057,1,25,1
5207,Entrepreneurial and Small Business Operations.,133386,2,Public,1,40824.0,19.0,50464,28,,,133386,Daytona State College,29.20278,-81.049513,13,12,,21285,0.8535849057,1,25,1
5209,Hospitality Administration/Management.,133386,1,Public,2,,,35413,16,36781.0,18.0,133386,Daytona State College,29.20278,-81.049513,13,12,,21285,0.8535849057,1,25,1
4201,"Psychology, General.",133465,3,"Private, for-profit",3,28684.0,90.0,39694,121,38844.0,158.0,133465,South University-West Palm Beach,26.69215,-80.200219,21,6,,20000,0.7772579044,1,30,1
4301,Criminal Justice and Corrections.,133465,3,"Private, for-profit",3,37713.0,76.0,46322,122,47301.0,173.0,133465,South University-West Palm Beach,26.69215,-80.200219,21,6,,20000,0.7772579044,1,30,1
4301,Criminal Justice and Corrections.,133465,3,"Private, for-profit",5,41898.0,57.0,55950,61,42437.0,83.0,133465,South University-West Palm Beach,26.69215,-80.200219,21,6,,20000,0.7772579044,1,30,1
5107,Health and Medical Administrative Services.,133465,3,"Private, for-profit",2,29071.0,76.0,36905,195,36560.0,425.0,133465,South University-West Palm Beach,26.69215,-80.200219,21,6,,20000,0.7772579044,1,30,1
5107,Health and Medical Administrative Services.,133465,3,"Private, for-profit",3,39722.0,156.0,46885,257,45275.0,238.0,133465,South University-West Palm Beach,26.69215,-80.200219,21,6,,20000,0.7772579044,1,30,1
5107,Health and Medical Administrative Services.,133465,3,"Private, for-profit",5,47710.0,180.0,65167,216,63788.0,187.0,133465,South University-West Palm Beach,26.69215,-80.200219,21,6,,20000,0.7772579044,1,30,1
5108,Allied Health and Medical Assisting Services.,133465,1,"Private, for-profit",2,39761.0,493.0,50681,567,47529.0,513.0,133465,South University-West Palm Beach,26.69215,-80.200219,21,6,,20000,0.7772579044,1,30,1
5108,Allied Health and Medical Assisting Services.,133465,1,"Private, for-profit",5,193410.0,46.0,220550,43,196934.0,37.0,133465,South University-West Palm Beach,26.69215,-80.200219,21,6,,20000,0.7772579044,1,30,1
5109,"Allied Health Diagnostic, Intervention, and Treatment Professions.",133465,1,"Private, for-profit",5,107029.0,254.0,129131,210,121963.0,173.0,133465,South University-West Palm Beach,26.69215,-80.200219,21,6,,20000,0.7772579044,1,30,1
5115,Mental and Social Health Services and Allied Professions.,133465,1,"Private, for-profit",5,41585.0,170.0,55052,152,47527.0,176.0,133465,South University-West Palm Beach,26.69215,-80.200219,21,6,,20000,0.7772579044,1,30,1
5122,Public Health.,133465,3,"Private, for-profit",3,34789.0,84.0,45993,73,,,133465,South University-West Palm Beach,26.69215,-80.200219,21,6,,20000,0.7772579044,1,30,1
5138,"Registered Nursing, Nursing Administration, Nursing Research and Clinical Nursing.",133465,2,"Private, for-profit",3,77635.0,1002.0,91363,1140,90784.0,1664.0,133465,South University-West Palm Beach,26.69215,-80.200219,21,6,,20000,0.7772579044,1,30,1
5138,"Registered Nursing, Nursing Administration, Nursing Research and Clinical Nursing.",133465,3,"Private, for-profit",5,102397.0,2334.0,119307,2573,118330.0,1252.0,133465,South University-West Palm Beach,26.69215,-80.200219,21,6,,20000,0.7772579044,1,30,1
5202,"Business Administration, Management and Operations.",133465,3,"Private, for-profit",3,43773.0,177.0,53445,280,54466.0,356.0,133465,South University-West Palm Beach,26.69215,-80.200219,21,6,,20000,0.7772579044,1,30,1
5202,"Business Administration, Management and Operations.",133465,3,"Private, for-profit",5,59169.0,205.0,74209,181,60102.0,287.0,133465,South University-West Palm Beach,26.69215,-80.200219,21,6,,20000,0.7772579044,1,30,1
0301,Natural Resources Conservation and Research.,133492,1,"Private, nonprofit",3,25709.0,94.0,39932,77,42741.0,56.0,133492,Eckerd College,27.715798,-82.687043,11,11,0.758,77695,0.4113924051,2,21,1
0901,Communication and Media Studies.,133492,1,"Private, nonprofit",3,33544.0,22.0,60969,22,51879.0,26.0,133492,Eckerd College,27.715798,-82.687043,11,11,0.758,77695,0.4113924051,2,21,1
1609,"Romance Languages, Literatures, and Linguistics.",133492,1,"Private, nonprofit",3,,,54501,16,41862.0,17.0,133492,Eckerd College,27.715798,-82.687043,11,11,0.758,77695,0.4113924051,2,21,1
2401,"Liberal Arts and Sciences, General Studies and Humanities.",133492,1,"Private, nonprofit",3,,,45768,95,,,133492,Eckerd College,27.715798,-82.687043,11,11,0.758,77695,0.4113924051,2,21,1
2601,"Biology, General.",133492,1,"Private, nonprofit",3,26871.0,54.0,47814,50,33830.0,30.0,133492,Eckerd College,27.715798,-82.687043,11,11,0.758,77695,0.4113924051,2,21,1
2613,"Ecology, Evolution, Systematics, and Population Biology.",133492,1,"Private, nonprofit",3,21980.0,63.0,48631,52,39386.0,50.0,133492,Eckerd College,27.715798,-82.687043,11,11,0.758,77695,0.4113924051,2,21,1
4201,"Psychology, General.",133492,1,"Private, nonprofit",3,25930.0,42.0,53220,35,41947.0,38.0,133492,Eckerd College,27.715798,-82.687043,11,11,0.758,77695,0.4113924051,2,21,1
5201,"Business/Commerce, General.",133492,1,"Private, nonprofit",3,,,63660,23,79920.0,22.0,133492,Eckerd College,27.715798,-82.687043,11,11,0.758,77695,0.4113924051,2,21,1
5202,"Business Administration, Management and Operations.",133492,1,"Private, nonprofit",3,33153.0,21.0,61685,20,74647.0,47.0,133492,Eckerd College,27.715798,-82.687043,11,11,0.758,77695,0.4113924051,2,21,1
1312,"Teacher Education and Professional Development, Specific Levels and Methods.",133508,1,Public,3,51448.0,81.0,57918,65,49991.0,82.0,133508,Florida SouthWestern State College,26.552403,-81.887102,21,12,,25854,0.8308977035,1,23,1
2203,Legal Support Services.,133508,1,Public,2,,,43758,17,50187.0,18.0,133508,Florida SouthWestern State College,26.552403,-81.887102,21,12,,25854,0.8308977035,1,23,1
2401,"Liberal Arts and Sciences, General Studies and Humanities.",133508,1,Public,2,27740.0,504.0,47776,1206,43907.0,1011.0,133508,Florida SouthWestern State College,26.552403,-81.887102,21,12,,25854,0.8308977035,1,23,1
4399,"Homeland Security, Law Enforcement, Firefighting and Related Protective Services, Other.",133508,1,Public,3,48873.0,16.0,55414,16,60727.0,26.0,133508,Florida SouthWestern State College,26.552403,-81.887102,21,12,,25854,0.8308977035,1,23,1
5106,Dental Support Services and Allied Professions.,133508,1,Public,2,,,69687,22,65662.0,24.0,133508,Florida SouthWestern State College,26.552403,-81.887102,21,12,,25854,0.8308977035,1,23,1
5109,"Allied Health Diagnostic, Intervention, and Treatment Professions.",133508,1,Public,2,61622.0,56.0,78918,75,68585.0,113.0,133508,Florida SouthWestern State College,26.552403,-81.887102,21,12,,25854,0.8308977035,1,23,1
5138,"Registered Nursing, Nursing Administration, Nursing Research and Clinical Nursing.",133508,1,Public,2,63089.0,147.0,78773,161,68518.0,231.0,133508,Florida SouthWestern State College,26.552403,-81.887102,21,12,,25854,0.8308977035,1,23,1
5138,"Registered Nursing, Nursing Administration, Nursing Research and Clinical Nursing.",133508,3,Public,3,70923.0,76.0,89818,88,90986.0,80.0,133508,Florida SouthWestern State College,26.552403,-81.887102,21,12,,25854,0.8308977035,1,23,1
5202,"Business Administration, Management and Operations.",133508,1,Public,2,,,50236,26,41399.0,38.0,133508,Florida SouthWestern State College,26.552403,-81.887102,21,12,,25854,0.8308977035,1,23,1
5202,"Business Administration, Management and Operations.",133508,1,Public,3,44481.0,145.0,57132,118,57570.0,122.0,133508,Florida SouthWestern State College,26.552403,-81.887102,21,12,,25854,0.8308977035,1,23,1
1402,"Aerospace, Aeronautical, and Astronautical/Space Engineering.",133553,1,"Private, nonprofit",3,75483.0,339.0,95552,286,97915.0,216.0,133553,Embry-Riddle Aeronautical University-Daytona Beach,29.189903,-81.048367,13,13,0.6481,38662,0.6700304341,2,25,1
1402,"Aerospace, Aeronautical, and Astronautical/Space Engineering.",133553,1,"Private, nonprofit",5,,,121654,19,98901.0,24.0,133553,Embry-Riddle Aeronautical University-Daytona Beach,29.189903,-81.048367,13,13,0.6481,38662,0.6700304341,2,25,1
1409,Computer Engineering.,133553,1,"Private, nonprofit",3,79276.0,40.0,105527,31,94762.0,18.0,133553,Embry-Riddle Aeronautical University-Daytona Beach,29.189903,-81.048367,13,13,0.6481,38662,0.6700304341,2,25,1
1410,"Electrical, Electronics, and Communications Engineering.",133553,1,"Private, nonprofit",3,78016.0,27.0,99450,25,,,133553,Embry-Riddle Aeronautical University-Daytona Beach,29.189903,-81.048367,13,13,0.6481,38662,0.6700304341,2,25,1
1412,Engineering Physics.,133553,1,"Private, nonprofit",3,56889.0,16.0,94084,21,,,133553,Embry-Riddle Aeronautical University-Daytona Beach,29.189903,-81.048367,13,13,0.6481,38662,0.6700304341,2,25,1
1419,Mechanical Engineering.,133553,1,"Private, nonprofit",3,73433.0,87.0,96331,100,93818.0,40.0,133553,Embry-Riddle Aeronautical University-Daytona Beach,29.189903,-81.048367,13,13,0.6481,38662,0.6700304341,2,25,1
1427,Systems Engineering.,133553,1,"Private, nonprofit",5,115154.0,121.0,125093,88,167828.0,18.0,133553,Embry-Riddle Aeronautical University-Daytona Beach,29.189903,-81.048367,13,13,0.6481,38662,0.6700304341,2,25,1
1507,Quality Control and Safety Technologies/Technicians.,133553,1,"Private, nonprofit",5,74063.0,31.0,94965,31,100926.0,16.0,133553,Embry-Riddle Aeronautical University-Daytona Beach,29.189903,-81.048367,13,13,0.6481,38662,0.6700304341,2,25,1
2904,Military Systems and Maintenance Technology.,133553,1,"Private, nonprofit",3,52897.0,20.0,72903,25,,,133553,Embry-Riddle Aeronautical University-Daytona Beach,29.189903,-81.048367,13,13,0.6481,38662,0.6700304341,2,25,1
4004,Atmospheric Sciences and Meteorology.,133553,1,"Private, nonprofit",3,41515.0,27.0,76421,26,,,133553,Embry-Riddle Aeronautical University-Daytona Beach,29.189903,-81.048367,13,13,0.6481,38662,0.6700304341,2,25,1
4228,"Clinical, Counseling and Applied Psychology.",133553,1,"Private, nonprofit",3,41456.0,35.0,82023,39,81800.0,28.0,133553,Embry-Riddle Aeronautical University-Daytona Beach,29.189903,-81.048367,13,13,0.6481,38662,0.6700304341,2,25,1
4228,"Clinical, Counseling and Applied Psychology.",133553,1,"Private, nonprofit",5,79874.0,43.0,109268,32,,,133553,Embry-Riddle Aeronautical University-Daytona Beach,29.189903,-81.048367,13,13,0.6481,38662,0.6700304341,2,25,1
4303,Homeland Security.,133553,1,"Private, nonprofit",3,48676.0,61.0,71014,74,71085.0,48.0,133553,Embry-Riddle Aeronautical University-Daytona Beach,29.189903,-81.048367,13,13,0.6481,38662,0.6700304341,2,25,1
4304,Security Science and Technology.,133553,0,"Private, nonprofit",3,55259.0,51.0,98996,31,,,133553,Embry-Riddle Aeronautical University-Daytona Beach,29.189903,-81.048367,13,13,0.6481,38662,0.6700304341,2,25,1
4304,Security Science and Technology.,133553,1,"Private, nonprofit",5,94550.0,24.0,145240,16,,,133553,Embry-Riddle Aeronautical University-Daytona Beach,29.189903,-81.048367,13,13,0.6481,38662,0.6700304341,2,25,1
4509,International Relations and National Security Studies.,133553,0,"Private, nonprofit",3,46868.0,79.0,75520,87,69283.0,27.0,133553,Embry-Riddle Aeronautical University-Daytona Beach,29.189903,-81.048367,13,13,0.6481,38662,0.6700304341,2,25,1
4509,International Relations and National Security Studies.,133553,0,"Private, nonprofit",5,,,81886,21,,,133553,Embry-Riddle Aeronautical University-Daytona Beach,29.189903,-81.048367,13,13,0.6481,38662,0.6700304341,2,25,1
4706,Vehicle Maintenance and Repair Technologies/Technicians.,133553,0,"Private, nonprofit",2,76663.0,38.0,83749,47,85087.0,61.0,133553,Embry-Riddle Aeronautical University-Daytona Beach,29.189903,-81.048367,13,13,0.6481,38662,0.6700304341,2,25,1
4706,Vehicle Maintenance and Repair Technologies/Technicians.,133553,0,"Private, nonprofit",3,81436.0,67.0,87797,85,89361.0,94.0,133553,Embry-Riddle Aeronautical University-Daytona Beach,29.189903,-81.048367,13,13,0.6481,38662,0.6700304341,2,25,1
4901,Air Transportation.,133553,1,"Private, nonprofit",2,66957.0,140.0,83343,208,84472.0,66.0,133553,Embry-Riddle Aeronautical University-Daytona Beach,29.189903,-81.048367,13,13,0.6481,38662,0.6700304341,2,25,1
4901,Air Transportation.,133553,1,"Private, nonprofit",3,54827.0,1094.0,90495,1152,83811.0,688.0,133553,Embry-Riddle Aeronautical University-Daytona Beach,29.189903,-81.048367,13,13,0.6481,38662,0.6700304341,2,25,1
4901,Air Transportation.,133553,1,"Private, nonprofit",5,91764.0,387.0,113161,375,105418.0,244.0,133553,Embry-Riddle Aeronautical University-Daytona Beach,29.189903,-81.048367,13,13,0.6481,38662,0.6700304341,2,25,1
5202,"Business Administration, Management and Operations.",133553,0,"Private, nonprofit",2,74402.0,44.0,85869,64,76557.0,31.0,133553,Embry-Riddle Aeronautical University-Daytona Beach,29.189903,-81.048367,13,13,0.6481,38662,0.6700304341,2,25,1
5202,"Business Administration, Management and Operations.",133553,1,"Private, nonprofit",3,66999.0,426.0,83749,455,85780.0,224.0,133553,Embry-Riddle Aeronautical University-Daytona Beach,29.189903,-81.048367,13,13,0.6481,38662,0.6700304341,2,25,1
5202,"Business Administration, Management and Operations.",133553,1,"Private, nonprofit",5,86536.0,397.0,110336,435,105981.0,176.0,133553,Embry-Riddle Aeronautical University-Daytona Beach,29.189903,-81.048367,13,13,0.6481,38662,0.6700304341,2,25,1
5212,Management Information Systems and Services.,133553,0,"Private, nonprofit",5,78444.0,45.0,103032,41,,,133553,Embry-Riddle Aeronautical University-Daytona Beach,29.189903,-81.048367,13,13,0.6481,38662,0.6700304341,2,25,1
0402,Architecture.,133650,1,Public,3,,,69874,18,69168.0,28.0,133650,Florida Agricultural and Mechanical University,30.428504,-84.290226,12,13,0.2056,28781,0.8220073183,2,20,1
0402,Architecture.,133650,1,Public,5,,,73496,22,63313.0,26.0,133650,Florida Agricultural and Mechanical University,30.428504,-84.290226,12,13,0.2056,28781,0.8220073183,2,20,1
0904,Journalism.,133650,1,Public,3,36356.0,54.0,50832,64,44806.0,67.0,133650,Florida Agricultural and Mechanical University,30.428504,-84.290226,12,13,0.2056,28781,0.8220073183,2,20,1
0909,"Public Relations, Advertising, and Applied Communication.",133650,1,Public,3,28516.0,48.0,41861,48,39897.0,50.0,133650,Florida Agricultural and Mechanical University,30.428504,-84.290226,12,13,0.2056,28781,0.8220073183,2,20,1
1101,"Computer and Information Sciences, General.",133650,2,Public,3,55617.0,74.0,83041,49,66418.0,49.0,133650,Florida Agricultural and Mechanical University,30.428504,-84.290226,12,13,0.2056,28781,0.8220073183,2,20,1
1510,Construction Engineering Technology/Technician.,133650,1,Public,3,70804.0,20.0,98272,22,86449.0,22.0,133650,Florida Agricultural and Mechanical University,30.428504,-84.290226,12,13,0.2056,28781,0.8220073183,2,20,1
2201,Law.,133650,1,Public,7,54751.0,224.0,81144,211,70717.0,189.0,133650,Florida Agricultural and Mechanical University,30.428504,-84.290226,12,13,0.2056,28781,0.8220073183,2,20,1
2601,"Biology, General.",133650,1,Public,3,34012.0,61.0,45173,51,55361.0,49.0,133650,Florida Agricultural and Mechanical University,30.428504,-84.290226,12,13,0.2056,28781,0.8220073183,2,20,1
3000,"Multi-/Interdisciplinary Studies, General.",133650,1,Public,3,30107.0,181.0,47139,205,40260.0,98.0,133650,Florida Agricultural and Mechanical University,30.428504,-84.290226,12,13,0.2056,28781,0.8220073183,2,20,1
3105,"Sports, Kinesiology, and Physical Education/Fitness.",133650,1,Public,3,,,56187,17,,,133650,Florida Agricultural and Mechanical University,30.428504,-84.290226,12,13,0.2056,28781,0.8220073183,2,20,1
4201,"Psychology, General.",133650,2,Public,3,29264.0,111.0,39472,66,38750.0,94.0,133650,Florida Agricultural and Mechanical University,30.428504,-84.290226,12,13,0.2056,28781,0.8220073183,2,20,1
4301,Criminal Justice and Corrections.,133650,2,Public,3,33776.0,83.0,44891,50,44942.0,133.0,133650,Florida Agricultural and Mechanical University,30.428504,-84.290226,12,13,0.2056,28781,0.8220073183,2,20,1
4407,Social Work.,133650,1,Public,3,31401.0,49.0,47477,72,41062.0,69.0,133650,Florida Agricultural and Mechanical University,30.428504,-84.290226,12,13,0.2056,28781,0.8220073183,2,20,1
4407,Social Work.,133650,1,Public,5,36501.0,35.0,61026,26,,,133650,Florida Agricultural and Mechanical University,30.428504,-84.290226,12,13,0.2056,28781,0.8220073183,2,20,1
4501,"Social Sciences, General.",133650,2,Public,5,45300.0,38.0,57722,53,45083.0,28.0,133650,Florida Agricultural and Mechanical University,30.428504,-84.290226,12,13,0.2056,28781,0.8220073183,2,20,1
4510,Political Science and Government.,133650,2,Public,3,30798.0,36.0,48733,49,51461.0,43.0,133650,Florida Agricultural and Mechanical University,30.428504,-84.290226,12,13,0.2056,28781,0.8220073183,2,20,1
5004,Design and Applied Arts.,133650,1,Public,3,23504.0,16.0,35817,16,36500.0,22.0,133650,Florida Agricultural and Mechanical University,30.428504,-84.290226,12,13,0.2056,28781,0.8220073183,2,20,1
5100,"Health Services/Allied Health/Health Sciences, General.",133650,1,Public,3,27553.0,183.0,46081,115,44896.0,202.0,133650,Florida Agricultural and Mechanical University,30.428504,-84.290226,12,13,0.2056,28781,0.8220073183,2,20,1
5107,Health and Medical Administrative Services.,133650,1,Public,3,34591.0,61.0,44477,76,46377.0,79.0,133650,Florida Agricultural and Mechanical University,30.428504,-84.290226,12,13,0.2056,28781,0.8220073183,2,20,1
5122,Public Health.,133650,2,Public,5,47433.0,20.0,47272,26,62213.0,18.0,133650,Florida Agricultural and Mechanical University,30.428504,-84.290226,12,13,0.2056,28781,0.8220073183,2,20,1
5123,Rehabilitation and Therapeutic Professions.,133650,1,Public,5,48749.0,38.0,75716,42,74860.0,31.0,133650,Florida Agricultural and Mechanical University,30.428504,-84.290226,12,13,0.2056,28781,0.8220073183,2,20,1
5138,"Registered Nursing, Nursing Administration, Nursing Research and Clinical Nursing.",133650,2,Public,3,64772.0,146.0,73658,116,91473.0,74.0,133650,Florida Agricultural and Mechanical University,30.428504,-84.290226,12,13,0.2056,28781,0.8220073183,2,20,1
5202,"Business Administration, Management and Operations.",133650,1,Public,3,40874.0,128.0,53902,98,58437.0,146.0,133650,Florida Agricultural and Mechanical University,30.428504,-84.290226,12,13,0.2056,28781,0.8220073183,2,20,1
5202,"Business Administration, Management and Operations.",133650,2,Public,5,55710.0,73.0,90641,62,82689.0,40.0,133650,Florida Agricultural and Mechanical University,30.428504,-84.290226,12,13,0.2056,28781,0.8220073183,2,20,1
5203,Accounting and Related Services.,133650,1,Public,3,,,85522,19,61159.0,38.0,133650,Florida Agricultural and Mechanical University,30.428504,-84.290226,12,13,0.2056,28781,0.8220073183,2,20,1
0301,Natural Resources Conservation and Research.,133669,1,Public,1,36873.0,37.0,49254,17,,,133669,Florida Atlantic University,26.372421,-80.102978,13,15,0.6613,28064,0.7219053052,2,23,1
0402,Architecture.,133669,0,Public,3,46551.0,44.0,64730,49,64416.0,54.0,133669,Florida Atlantic University,26.372421,-80.102978,13,15,0.6613,28064,0.7219053052,2,23,1
0403,"City/Urban, Community, and Regional Planning.",133669,1,Public,3,22719.0,24.0,66093,34,65382.0,23.0,133669,Florida Atlantic University,26.372421,-80.102978,13,15,0.6613,28064,0.7219053052,2,23,1
0404,Environmental Design.,133669,1,Public,3,,,53961,22,,,133669,Florida Atlantic University,26.372421,-80.102978,13,15,0.6613,28064,0.7219053052,2,23,1
0901,Communication and Media Studies.,133669,1,Public,3,34720.0,184.0,54717,197,50606.0,148.0,133669,Florida Atlantic University,26.372421,-80.102978,13,15,0.6613,28064,0.7219053052,2,23,1
0907,"Radio, Television, and Digital Communication.",133669,1,Public,3,26926.0,163.0,47505,164,44985.0,150.0,133669,Florida Atlantic University,26.372421,-80.102978,13,15,0.6613,28064,0.7219053052,2,23,1
1101,"Computer and Information Sciences, General.",133669,2,Public,3,58379.0,155.0,89476,152,87918.0,111.0,133669,Florida Atlantic University,26.372421,-80.102978,13,15,0.6613,28064,0.7219053052,2,23,1
1101,"Computer and Information Sciences, General.",133669,1,Public,5,76404.0,16.0,89110,18,,,133669,Florida Atlantic University,26.372421,-80.102978,13,15,0.6613,28064,0.7219053052,2,23,1
1301,"Education, General.",133669,1,Public,3,38928.0,95.0,50946,92,49119.0,58.0,133669,Florida Atlantic University,26.372421,-80.102978,13,15,0.6613,28064,0.7219053052,2,23,1
1303,Curriculum and Instruction.,133669,2,Public,5,,,62090,21,61394.0,19.0,133669,Florida Atlantic University,26.372421,-80.102978,13,15,0.6613,28064,0.7219053052,2,23,1
1304,Educational Administration and Supervision.,133669,2,Public,5,64695.0,97.0,75592,105,68447.0,58.0,133669,Florida Atlantic University,26.372421,-80.102978,13,15,0.6613,28064,0.7219053052,2,23,1
1304,Educational Administration and Supervision.,133669,1,Public,6,,,97695,18,109688.0,18.0,133669,Florida Atlantic University,26.372421,-80.102978,13,15,0.6613,28064,0.7219053052,2,23,1
1310,Special Education and Teaching.,133669,1,Public,5,,,65380,16,,,133669,Florida Atlantic University,26.372421,-80.102978,13,15,0.6613,28064,0.7219053052,2,23,1
1311,Student Counseling and Personnel Services.,133669,1,Public,5,53838.0,64.0,65703,47,62993.0,30.0,133669,Florida Atlantic University,26.372421,-80.102978,13,15,0.6613,28064,0.7219053052,2,23,1
1312,"Teacher Education and Professional Development, Specific Levels and Methods.",133669,1,Public,3,50178.0,131.0,56073,144,53645.0,264.0,133669,Florida Atlantic University,26.372421,-80.102978,13,15,0.6613,28064,0.7219053052,2,23,1
1313,"Teacher Education and Professional Development, Specific Subject Areas.",133669,1,Public,3,53524.0,42.0,56414,44,55262.0,61.0,133669,Florida Atlantic University,26.372421,-80.102978,13,15,0.6613,28064,0.7219053052,2,23,1
1408,Civil Engineering.,133669,1,Public,3,64671.0,53.0,84778,70,81802.0,50.0,133669,Florida Atlantic University,26.372421,-80.102978,13,15,0.6613,28064,0.7219053052,2,23,1
1408,Civil Engineering.,133669,1,Public,5,83099.0,18.0,92145,16,,,133669,Florida Atlantic University,26.372421,-80.102978,13,15,0.6613,28064,0.7219053052,2,23,1
1409,Computer Engineering.,133669,1,Public,3,72029.0,48.0,90664,43,96084.0,27.0,133669,Florida Atlantic University,26.372421,-80.102978,13,15,0.6613,28064,0.7219053052,2,23,1
1410,"Electrical, Electronics, and Communications Engineering.",133669,1,Public,3,76520.0,49.0,93561,62,92511.0,57.0,133669,Florida Atlantic University,26.372421,-80.102978,13,15,0.6613,28064,0.7219053052,2,23,1
1419,Mechanical Engineering.,133669,1,Public,3,68451.0,111.0,89583,90,89022.0,67.0,133669,Florida Atlantic University,26.372421,-80.102978,13,15,0.6613,28064,0.7219053052,2,23,1
1424,Ocean Engineering.,133669,1,Public,3,67941.0,22.0,80093,26,88902.0,16.0,133669,Florida Atlantic University,26.372421,-80.102978,13,15,0.6613,28064,0.7219053052,2,23,1
1601,"Linguistic, Comparative, and Related Language Studies and Services.",133669,1,Public,3,32756.0,16.0,46915,17,,,133669,Florida Atlantic University,26.372421,-80.102978,13,15,0.6613,28064,0.7219053052,2,23,1
2301,"English Language and Literature, General.",133669,1,Public,3,23264.0,92.0,47642,119,48408.0,123.0,133669,Florida Atlantic University,26.372421,-80.102978,13,15,0.6613,28064,0.7219053052,2,23,1
2401,"Liberal Arts and Sciences, General Studies and Humanities.",133669,1,Public,2,,,48520,85,,,133669,Florida Atlantic University,26.372421,-80.102978,13,15,0.6613,28064,0.7219053052,2,23,1
2401,"Liberal Arts and Sciences, General Studies and Humanities.",133669,2,Public,3,29605.0,122.0,48428,117,47864.0,115.0,133669,Florida Atlantic University,26.372421,-80.102978,13,15,0.6613,28064,0.7219053052,2,23,1
2601,"Biology, General.",133669,1,Public,3,27676.0,346.0,47707,258,54209.0,283.0,133669,Florida Atlantic University,26.372421,-80.102978,13,15,0.6613,28064,0.7219053052,2,23,1
2601,"Biology, General.",133669,1,Public,5,37739.0,43.0,61445,36,72803.0,25.0,133669,Florida Atlantic University,26.372421,-80.102978,13,15,0.6613,28064,0.7219053052,2,23,1
2701,Mathematics.,133669,1,Public,3,41866.0,21.0,71453,25,53969.0,24.0,133669,Florida Atlantic University,26.372421,-80.102978,13,15,0.6613,28064,0.7219053052,2,23,1
3000,"Multi-/Interdisciplinary Studies, General.",133669,1,Public,3,34957.0,502.0,51082,519,50873.0,119.0,133669,Florida Atlantic University,26.372421,-80.102978,13,15,0.6613,28064,0.7219053052,2,23,1
3105,"Sports, Kinesiology, and Physical Education/Fitness.",133669,1,Public,3,30412.0,141.0,50395,165,53460.0,142.0,133669,Florida Atlantic University,26.372421,-80.102978,13,15,0.6613,28064,0.7219053052,2,23,1
3105,"Sports, Kinesiology, and Physical Education/Fitness.",133669,2,Public,5,50952.0,22.0,66095,18,50594.0,30.0,133669,Florida Atlantic University,26.372421,-80.102978,13,15,0.6613,28064,0.7219053052,2,23,1
4201,"Psychology, General.",133669,1,Public,3,30765.0,299.0,48754,375,46691.0,286.0,133669,Florida Atlantic University,26.372421,-80.102978,13,15,0.6613,28064,0.7219053052,2,23,1
4227,Research and Experimental Psychology.,133669,1,Public,3,23981.0,71.0,56012,44,47985.0,50.0,133669,Florida Atlantic University,26.372421,-80.102978,13,15,0.6613,28064,0.7219053052,2,23,1
4301,Criminal Justice and Corrections.,133669,3,Public,3,35647.0,369.0,53545,386,55057.0,387.0,133669,Florida Atlantic University,26.372421,-80.102978,13,15,0.6613,28064,0.7219053052,2,23,1
4301,Criminal Justice and Corrections.,133669,1,Public,5,48278.0,18.0,60144,30,55796.0,24.0,133669,Florida Atlantic University,26.372421,-80.102978,13,15,0.6613,28064,0.7219053052,2,23,1
4399,"Homeland Security, Law Enforcement, Firefighting and Related Protective Services, Other.",133669,3,Public,3,37561.0,61.0,56162,54,56270.0,47.0,133669,Florida Atlantic University,26.372421,-80.102978,13,15,0.6613,28064,0.7219053052,2,23,1
4404,Public Administration.,133669,3,Public,3,46047.0,36.0,57679,40,59981.0,45.0,133669,Florida Atlantic University,26.372421,-80.102978,13,15,0.6613,28064,0.7219053052,2,23,1
4404,Public Administration.,133669,1,Public,5,58263.0,16.0,73084,23,65243.0,63.0,133669,Florida Atlantic University,26.372421,-80.102978,13,15,0.6613,28064,0.7219053052,2,23,1
4407,Social Work.,133669,1,Public,3,39912.0,144.0,50966,232,49864.0,157.0,133669,Florida Atlantic University,26.372421,-80.102978,13,15,0.6613,28064,0.7219053052,2,23,1
4502,Anthropology.,133669,1,Public,3,26418.0,24.0,33389,34,35488.0,30.0,133669,Florida Atlantic University,26.372421,-80.102978,13,15,0.6613,28064,0.7219053052,2,23,1
4506,Economics.,133669,2,Public,3,48632.0,59.0,74056,79,68395.0,82.0,133669,Florida Atlantic University,26.372421,-80.102978,13,15,0.6613,28064,0.7219053052,2,23,1
4507,Geography and Cartography.,133669,1,Public,1,42833.0,41.0,59554,24,,,133669,Florida Atlantic University,26.372421,-80.102978,13,15,0.6613,28064,0.7219053052,2,23,1
4510,Political Science and Government.,133669,1,Public,3,31641.0,104.0,53872,104,52473.0,120.0,133669,Florida Atlantic University,26.372421,-80.102978,13,15,0.6613,28064,0.7219053052,2,23,1
4511,Sociology.,133669,1,Public,3,29679.0,130.0,50983,151,49360.0,145.0,133669,Florida Atlantic University,26.372421,-80.102978,13,15,0.6613,28064,0.7219053052,2,23,1
5005,Drama/Theatre Arts and Stagecraft.,133669,1,Public,3,18452.0,24.0,20673,20,,,133669,Florida Atlantic University,26.372421,-80.102978,13,15,0.6613,28064,0.7219053052,2,23,1
5007,Fine and Studio Arts.,133669,1,Public,3,28726.0,125.0,46606,118,41690.0,134.0,133669,Florida Atlantic University,26.372421,-80.102978,13,15,0.6613,28064,0.7219053052,2,23,1
5010,"Arts, Entertainment, and Media Management.",133669,1,Public,3,,,37374,24,45491.0,17.0,133669,Florida Atlantic University,26.372421,-80.102978,13,15,0.6613,28064,0.7219053052,2,23,1
5100,"Health Services/Allied Health/Health Sciences, General.",133669,1,Public,3,32257.0,82.0,51640,41,,,133669,Florida Atlantic University,26.372421,-80.102978,13,15,0.6613,28064,0.7219053052,2,23,1
5102,Communication Disorders Sciences and Services.,133669,1,Public,5,59558.0,35.0,64385,37,,,133669,Florida Atlantic University,26.372421,-80.102978,13,15,0.6613,28064,0.7219053052,2,23,1
5107,Health and Medical Administrative Services.,133669,1,Public,3,39480.0,187.0,57153,231,51984.0,196.0,133669,Florida Atlantic University,26.372421,-80.102978,13,15,0.6613,28064,0.7219053052,2,23,1
5107,Health and Medical Administrative Services.,133669,2,Public,5,70921.0,151.0,86396,150,78866.0,55.0,133669,Florida Atlantic University,26.372421,-80.102978,13,15,0.6613,28064,0.7219053052,2,23,1
5112,Medicine.,133669,1,Public,7,67033.0,44.0,89537,88,,,133669,Florida Atlantic University,26.372421,-80.102978,13,15,0.6613,28064,0.7219053052,2,23,1
5115,Mental and Social Health Services and Allied Professions.,133669,1,Public,5,47612.0,202.0,58963,170,58493.0,79.0,133669,Florida Atlantic University,26.372421,-80.102978,13,15,0.6613,28064,0.7219053052,2,23,1
5138,"Registered Nursing, Nursing Administration, Nursing Research and Clinical Nursing.",133669,2,Public,3,77883.0,272.0,91953,236,89276.0,184.0,133669,Florida Atlantic University,26.372421,-80.102978,13,15,0.6613,28064,0.7219053052,2,23,1
5138,"Registered Nursing, Nursing Administration, Nursing Research and Clinical Nursing.",133669,2,Public,5,95703.0,161.0,109033,183,108982.0,149.0,133669,Florida Atlantic University,26.372421,-80.102978,13,15,0.6613,28064,0.7219053052,2,23,1
5138,"Registered Nursing, Nursing Administration, Nursing Research and Clinical Nursing.",133669,1,Public,6,100311.0,46.0,115208,39,,,133669,Florida Atlantic University,26.372421,-80.102978,13,15,0.6613,28064,0.7219053052,2,23,1
5138,"Registered Nursing, Nursing Administration, Nursing Research and Clinical Nursing.",133669,1,Public,8,111689.0,38.0,122359,19,,,133669,Florida Atlantic University,26.372421,-80.102978,13,15,0.6613,28064,0.7219053052,2,23,1
5202,"Business Administration, Management and Operations.",133669,2,Public,3,46662.0,284.0,62058,292,61421.0,252.0,133669,Florida Atlantic University,26.372421,-80.102978,13,15,0.6613,28064,0.7219053052,2,23,1
5202,"Business Administration, Management and Operations.",133669,2,Public,5,77205.0,407.0,95852,335,93889.0,213.0,133669,Florida Atlantic University,26.372421,-80.102978,13,15,0.6613,28064,0.7219053052,2,23,1
5203,Accounting and Related Services.,133669,2,Public,3,56600.0,253.0,77465,297,68963.0,362.0,133669,Florida Atlantic University,26.372421,-80.102978,13,15,0.6613,28064,0.7219053052,2,23,1
5203,Accounting and Related Services.,133669,2,Public,5,71729.0,297.0,99288,295,99479.0,127.0,133669,Florida Atlantic University,26.372421,-80.102978,13,15,0.6613,28064,0.7219053052,2,23,1
5208,Finance and Financial Management Services.,133669,2,Public,3,49551.0,286.0,70078,278,68293.0,141.0,133669,Florida Atlantic University,26.372421,-80.102978,13,15,0.6613,28064,0.7219053052,2,23,1
5208,Finance and Financial Management Services.,133669,1,Public,5,69309.0,17.0,99143,24,,,133669,Florida Atlantic University,26.372421,-80.102978,13,15,0.6613,28064,0.7219053052,2,23,1
5209,Hospitality Administration/Management.,133669,3,Public,1,37272.0,45.0,45806,16,,,133669,Florida Atlantic University,26.372421,-80.102978,13,15,0.6613,28064,0.7219053052,2,23,1
5209,Hospitality Administration/Management.,133669,2,Public,3,36827.0,62.0,54635,65,53494.0,57.0,133669,Florida Atlantic University,26.372421,-80.102978,13,15,0.6613,28064,0.7219053052,2,23,1
5211,International Business.,133669,1,Public,3,47047.0,56.0,50230,67,61198.0,72.0,133669,Florida Atlantic University,26.372421,-80.102978,13,15,0.6613,28064,0.7219053052,2,23,1
5212,Management Information Systems and Services.,133669,1,Public,3,45207.0,120.0,70318,137,74519.0,76.0,133669,Florida Atlantic University,26.372421,-80.102978,13,15,0.6613,28064,0.7219053052,2,23,1
5212,Management Information Systems and Services.,133669,3,Public,5,78167.0,23.0,93774,23,,,133669,Florida Atlantic University,26.372421,-80.102978,13,15,0.6613,28064,0.7219053052,2,23,1
5214,Marketing.,133669,2,Public,3,41995.0,280.0,62906,257,59419.0,192.0,133669,Florida Atlantic University,26.372421,-80.102978,13,15,0.6613,28064,0.7219053052,2,23,1
5216,Taxation.,133669,2,Public,5,77846.0,45.0,100001,62,100290.0,28.0,133669,Florida Atlantic University,26.372421,-80.102978,13,15,0.6613,28064,0.7219053052,2,23,1
5401,History.,133669,1,Public,3,24639.0,35.0,46960,33,53393.0,39.0,133669,Florida Atlantic University,26.372421,-80.102978,13,15,0.6613,28064,0.7219053052,2,23,1
0999,"Communication, Journalism, and Related Programs, Other.",133702,0,Public,1,,,57693,23,,,133702,Florida State College at Jacksonville,30.334918,-81.659901,11,15,,25081,0.8159581286,1,25,1
1003,Graphic Communications.,133702,1,Public,3,30795.0,23.0,29783,18,,,133702,Florida State College at Jacksonville,30.334918,-81.659901,11,15,,25081,0.8159581286,1,25,1
1101,"Computer and Information Sciences, General.",133702,1,Public,1,,,65250,27,,,133702,Florida State College at Jacksonville,30.334918,-81.659901,11,15,,25081,0.8159581286,1,25,1
1101,"Computer and Information Sciences, General.",133702,1,Public,2,,,64039,31,56676.0,42.0,133702,Florida State College at Jacksonville,30.334918,-81.659901,11,15,,25081,0.8159581286,1,25,1
1109,Computer Systems Networking and Telecommunications.,133702,1,Public,3,53888.0,47.0,66519,45,70575.0,49.0,133702,Florida State College at Jacksonville,30.334918,-81.659901,11,15,,25081,0.8159581286,1,25,1
1110,Computer/Information Technology Administration and Management.,133702,1,Public,2,47420.0,17.0,60139,37,61138.0,34.0,133702,Florida State College at Jacksonville,30.334918,-81.659901,11,15,,25081,0.8159581286,1,25,1
1110,Computer/Information Technology Administration and Management.,133702,1,Public,3,59503.0,43.0,72742,43,71413.0,29.0,133702,Florida State College at Jacksonville,30.334918,-81.659901,11,15,,25081,0.8159581286,1,25,1
1204,Cosmetology and Related Personal Grooming Services.,133702,1,Public,1,29668.0,71.0,37819,33,21869.0,20.0,133702,Florida State College at Jacksonville,30.334918,-81.659901,11,15,,25081,0.8159581286,1,25,1
1205,Culinary Arts and Related Services.,133702,1,Public,2,,,36337,23,27899.0,17.0,133702,Florida State College at Jacksonville,30.334918,-81.659901,11,15,,25081,0.8159581286,1,25,1
1312,"Teacher Education and Professional Development, Specific Levels and Methods.",133702,1,Public,3,45008.0,31.0,48275,23,43129.0,26.0,133702,Florida State College at Jacksonville,30.334918,-81.659901,11,15,,25081,0.8159581286,1,25,1
2401,"Liberal Arts and Sciences, General Studies and Humanities.",133702,1,Public,2,30678.0,547.0,45209,1353,44490.0,1304.0,133702,Florida State College at Jacksonville,30.334918,-81.659901,11,15,,25081,0.8159581286,1,25,1
2601,"Biology, General.",133702,1,Public,3,25912.0,16.0,46452,18,47847.0,24.0,133702,Florida State College at Jacksonville,30.334918,-81.659901,11,15,,25081,0.8159581286,1,25,1
4103,Physical Science Technologies/Technicians.,133702,1,Public,1,47820.0,59.0,69543,171,,,133702,Florida State College at Jacksonville,30.334918,-81.659901,11,15,,25081,0.8159581286,1,25,1
4301,Criminal Justice and Corrections.,133702,1,Public,1,60055.0,105.0,66209,64,62775.0,34.0,133702,Florida State College at Jacksonville,30.334918,-81.659901,11,15,,25081,0.8159581286,1,25,1
4302,Fire Protection.,133702,1,Public,1,49810.0,17.0,72823,16,,,133702,Florida State College at Jacksonville,30.334918,-81.659901,11,15,,25081,0.8159581286,1,25,1
4399,"Homeland Security, Law Enforcement, Firefighting and Related Protective Services, Other.",133702,1,Public,3,50091.0,40.0,55284,36,43440.0,30.0,133702,Florida State College at Jacksonville,30.334918,-81.659901,11,15,,25081,0.8159581286,1,25,1
4400,"Human Services, General.",133702,1,Public,3,39173.0,119.0,46467,53,,,133702,Florida State College at Jacksonville,30.334918,-81.659901,11,15,,25081,0.8159581286,1,25,1
4902,Ground Transportation.,133702,1,Public,1,34562.0,30.0,52143,16,,,133702,Florida State College at Jacksonville,30.334918,-81.659901,11,15,,25081,0.8159581286,1,25,1
5108,Allied Health and Medical Assisting Services.,133702,1,Public,2,37407.0,48.0,50801,42,41035.0,17.0,133702,Florida State College at Jacksonville,30.334918,-81.659901,11,15,,25081,0.8159581286,1,25,1
5109,"Allied Health Diagnostic, Intervention, and Treatment Professions.",133702,1,Public,1,37335.0,19.0,56695,34,44539.0,16.0,133702,Florida State College at Jacksonville,30.334918,-81.659901,11,15,,25081,0.8159581286,1,25,1
5109,"Allied Health Diagnostic, Intervention, and Treatment Professions.",133702,1,Public,2,52497.0,79.0,70805,61,53734.0,70.0,133702,Florida State College at Jacksonville,30.334918,-81.659901,11,15,,25081,0.8159581286,1,25,1
5138,"Registered Nursing, Nursing Administration, Nursing Research and Clinical Nursing.",133702,1,Public,2,62019.0,174.0,78015,225,74280.0,217.0,133702,Florida State College at Jacksonville,30.334918,-81.659901,11,15,,25081,0.8159581286,1,25,1
5138,"Registered Nursing, Nursing Administration, Nursing Research and Clinical Nursing.",133702,1,Public,3,77442.0,128.0,90705,95,96992.0,52.0,133702,Florida State College at Jacksonville,30.334918,-81.659901,11,15,,25081,0.8159581286,1,25,1
5202,"Business Administration, Management and Operations.",133702,2,Public,1,44902.0,23.0,48636,123,,,133702,Florida State College at Jacksonville,30.334918,-81.659901,11,15,,25081,0.8159581286,1,25,1
5202,"Business Administration, Management and Operations.",133702,2,Public,2,41507.0,20.0,62248,65,43623.0,98.0,133702,Florida State College at Jacksonville,30.334918,-81.659901,11,15,,25081,0.8159581286,1,25,1
5202,"Business Administration, Management and Operations.",133702,1,Public,3,47898.0,359.0,55860,293,62392.0,247.0,133702,Florida State College at Jacksonville,30.334918,-81.659901,11,15,,25081,0.8159581286,1,25,1
5203,Accounting and Related Services.,133702,1,Public,1,,,55428,20,,,133702,Florida State College at Jacksonville,30.334918,-81.659901,11,15,,25081,0.8159581286,1,25,1
5203,Accounting and Related Services.,133702,1,Public,2,,,62081,16,34397.0,33.0,133702,Florida State College at Jacksonville,30.334918,-81.659901,11,15,,25081,0.8159581286,1,25,1
5207,Entrepreneurial and Small Business Operations.,133702,1,Public,1,,,60511,29,,,133702,Florida State College at Jacksonville,30.334918,-81.659901,11,15,,25081,0.8159581286,1,25,1
5208,Finance and Financial Management Services.,133702,1,Public,3,47586.0,36.0,55025,27,,,133702,Florida State College at Jacksonville,30.334918,-81.659901,11,15,,25081,0.8159581286,1,25,1
5219,"Specialized Sales, Merchandising and  Marketing Operations.",133702,1,Public,1,45111.0,131.0,47402,42,40536.0,63.0,133702,Florida State College at Jacksonville,30.334918,-81.659901,11,15,,25081,0.8159581286,1,25,1
0301,Natural Resources Conservation and Research.,133711,1,"Private, nonprofit",3,28175.0,38.0,48085,33,,,133711,Flagler College,29.892733,-81.314887,23,10,0.8076,53601,0.5154411765,2,22,1
0904,Journalism.,133711,1,"Private, nonprofit",3,27863.0,42.0,46971,38,,,133711,Flagler College,29.892733,-81.314887,23,10,0.8076,53601,0.5154411765,2,22,1
0909,"Public Relations, Advertising, and Applied Communication.",133711,1,"Private, nonprofit",3,32713.0,54.0,53353,84,,,133711,Flagler College,29.892733,-81.314887,23,10,0.8076,53601,0.5154411765,2,22,1
1301,"Education, General.",133711,1,"Private, nonprofit",3,45447.0,35.0,49104,54,46571.0,46.0,133711,Flagler College,29.892733,-81.314887,23,10,0.8076,53601,0.5154411765,2,22,1
1312,"Teacher Education and Professional Development, Specific Levels and Methods.",133711,1,"Private, nonprofit",3,43358.0,43.0,49797,46,44999.0,36.0,133711,Flagler College,29.892733,-81.314887,23,10,0.8076,53601,0.5154411765,2,22,1
2301,"English Language and Literature, General.",133711,1,"Private, nonprofit",3,21236.0,25.0,53263,33,37707.0,28.0,133711,Flagler College,29.892733,-81.314887,23,10,0.8076,53601,0.5154411765,2,22,1
3105,"Sports, Kinesiology, and Physical Education/Fitness.",133711,1,"Private, nonprofit",3,29600.0,16.0,39203,17,48012.0,29.0,133711,Flagler College,29.892733,-81.314887,23,10,0.8076,53601,0.5154411765,2,22,1
4201,"Psychology, General.",133711,1,"Private, nonprofit",3,28893.0,47.0,47078,59,42536.0,64.0,133711,Flagler College,29.892733,-81.314887,23,10,0.8076,53601,0.5154411765,2,22,1
4404,Public Administration.,133711,1,"Private, nonprofit",3,61613.0,36.0,70202,48,49473.0,36.0,133711,Flagler College,29.892733,-81.314887,23,10,0.8076,53601,0.5154411765,2,22,1
4504,Criminology.,133711,1,"Private, nonprofit",3,29240.0,41.0,48913,39,38054.0,17.0,133711,Flagler College,29.892733,-81.314887,23,10,0.8076,53601,0.5154411765,2,22,1
4510,Political Science and Government.,133711,1,"Private, nonprofit",3,,,65513,27,53952.0,20.0,133711,Flagler College,29.892733,-81.314887,23,10,0.8076,53601,0.5154411765,2,22,1
5004,Design and Applied Arts.,133711,1,"Private, nonprofit",3,34236.0,55.0,46921,55,48705.0,48.0,133711,Flagler College,29.892733,-81.314887,23,10,0.8076,53601,0.5154411765,2,22,1
5005,Drama/Theatre Arts and Stagecraft.,133711,1,"Private, nonprofit",3,23099.0,18.0,36506,20,,,133711,Flagler College,29.892733,-81.314887,23,10,0.8076,53601,0.5154411765,2,22,1
5007,Fine and Studio Arts.,133711,1,"Private, nonprofit",3,18694.0,21.0,35458,28,,,133711,Flagler College,29.892733,-81.314887,23,10,0.8076,53601,0.5154411765,2,22,1
5202,"Business Administration, Management and Operations.",133711,1,"Private, nonprofit",3,39781.0,138.0,58703,189,53322.0,152.0,133711,Flagler College,29.892733,-81.314887,23,10,0.8076,53601,0.5154411765,2,22,1
5203,Accounting and Related Services.,133711,1,"Private, nonprofit",3,49896.0,33.0,63113,69,65142.0,47.0,133711,Flagler College,29.892733,-81.314887,23,10,0.8076,53601,0.5154411765,2,22,1
5401,History.,133711,1,"Private, nonprofit",3,,,30134,16,38210.0,18.0,133711,Flagler College,29.892733,-81.314887,23,10,0.8076,53601,0.5154411765,2,22,1
2401,"Liberal Arts and Sciences, General Studies and Humanities.",133809,1,"Private, nonprofit",2,,,47244,29,42493.0,17.0,133809,Florida College,28.034936,-82.383289,21,8,0.6966,66397,0.486013986,2,19,1
2401,"Liberal Arts and Sciences, General Studies and Humanities.",133809,1,"Private, nonprofit",3,,,39764,25,42751.0,18.0,133809,Florida College,28.034936,-82.383289,21,8,0.6966,66397,0.486013986,2,19,1
5111,Health/Medical Preparatory Programs.,133809,1,"Private, nonprofit",3,,,44035,19,,,133809,Florida College,28.034936,-82.383289,21,8,0.6966,66397,0.486013986,2,19,1
5202,"Business Administration, Management and Operations.",133809,1,"Private, nonprofit",3,40888.0,20.0,61597,32,64687.0,24.0,133809,Florida College,28.034936,-82.383289,21,8,0.6966,66397,0.486013986,2,19,1
5106,Dental Support Services and Allied Professions.,133845,1,"Private, for-profit",1,25407.0,209.0,33649,211,32076.0,241.0,133845,Concorde Career Institute-Jacksonville,30.23886,-81.581748,11,2,0.9404,16617,0.8801108801,2,27,1
5107,Health and Medical Administrative Services.,133845,1,"Private, for-profit",1,29199.0,40.0,34493,37,30683.0,49.0,133845,Concorde Career Institute-Jacksonville,30.23886,-81.581748,11,2,0.9404,16617,0.8801108801,2,27,1
5108,Allied Health and Medical Assisting Services.,133845,1,"Private, for-profit",1,28082.0,367.0,35961,335,30099.0,211.0,133845,Concorde Career Institute-Jacksonville,30.23886,-81.581748,11,2,0.9404,16617,0.8801108801,2,27,1
5109,"Allied Health Diagnostic, Intervention, and Treatment Professions.",133845,1,"Private, for-profit",1,41914.0,32.0,51737,57,43170.0,67.0,133845,Concorde Career Institute-Jacksonville,30.23886,-81.581748,11,2,0.9404,16617,0.8801108801,2,27,1
5109,"Allied Health Diagnostic, Intervention, and Treatment Professions.",133845,1,"Private, for-profit",2,49930.0,64.0,60066,33,61133.0,55.0,133845,Concorde Career Institute-Jacksonville,30.23886,-81.581748,11,2,0.9404,16617,0.8801108801,2,27,1
5138,"Registered Nursing, Nursing Administration, Nursing Research and Clinical Nursing.",133845,1,"Private, for-profit",2,62408.0,167.0,73532,164,63718.0,149.0,133845,Concorde Career Institute-Jacksonville,30.23886,-81.581748,11,2,0.9404,16617,0.8801108801,2,27,1
5139,"Practical Nursing, Vocational Nursing and Nursing Assistants.",133845,1,"Private, for-profit",1,46513.0,44.0,51435,60,32385.0,64.0,133845,Concorde Career Institute-Jacksonville,30.23886,-81.581748,11,2,0.9404,16617,0.8801108801,2,27,1
5106,Dental Support Services and Allied Professions.,133854,1,"Private, for-profit",1,23606.0,100.0,32147,93,27427.0,109.0,133854,Concorde Career Institute-Miramar,25.977088,-80.291516,21,1,0.9959,16501,0.8625304136,2,27,1
5108,Allied Health and Medical Assisting Services.,133854,1,"Private, for-profit",1,27953.0,177.0,33937,189,31840.0,158.0,133854,Concorde Career Institute-Miramar,25.977088,-80.291516,21,1,0.9959,16501,0.8625304136,2,27,1
5108,Allied Health and Medical Assisting Services.,133854,1,"Private, for-profit",2,19181.0,44.0,55359,36,44262.0,44.0,133854,Concorde Career Institute-Miramar,25.977088,-80.291516,21,1,0.9959,16501,0.8625304136,2,27,1
5109,"Allied Health Diagnostic, Intervention, and Treatment Professions.",133854,1,"Private, for-profit",2,52180.0,36.0,59711,20,95572.0,20.0,133854,Concorde Career Institute-Miramar,25.977088,-80.291516,21,1,0.9959,16501,0.8625304136,2,27,1
5138,"Registered Nursing, Nursing Administration, Nursing Research and Clinical Nursing.",133854,0,"Private, for-profit",2,37797.0,137.0,87365,128,73763.0,45.0,133854,Concorde Career Institute-Miramar,25.977088,-80.291516,21,1,0.9959,16501,0.8625304136,2,27,1
5106,Dental Support Services and Allied Professions.,133863,1,"Private, for-profit",1,27152.0,154.0,33692,178,33695.0,108.0,133863,Concorde Career Institute-Tampa,27.959148,-82.514341,11,1,0.957,15715,0.8117942284,2,26,1
5107,Health and Medical Administrative Services.,133863,1,"Private, for-profit",1,25803.0,19.0,38707,22,38146.0,26.0,133863,Concorde Career Institute-Tampa,27.959148,-82.514341,11,1,0.957,15715,0.8117942284,2,26,1
5108,Allied Health and Medical Assisting Services.,133863,1,"Private, for-profit",1,25395.0,246.0,34658,221,33071.0,163.0,133863,Concorde Career Institute-Tampa,27.959148,-82.514341,11,1,0.957,15715,0.8117942284,2,26,1
5109,"Allied Health Diagnostic, Intervention, and Treatment Professions.",133863,1,"Private, for-profit",2,55666.0,67.0,71678,32,68050.0,25.0,133863,Concorde Career Institute-Tampa,27.959148,-82.514341,11,1,0.957,15715,0.8117942284,2,26,1
5138,"Registered Nursing, Nursing Administration, Nursing Research and Clinical Nursing.",133863,0,"Private, for-profit",2,58581.0,21.0,76189,62,,,133863,Concorde Career Institute-Tampa,27.959148,-82.514341,11,1,0.957,15715,0.8117942284,2,26,1
2601,"Biology, General.",133872,1,"Private, nonprofit",3,,,58386,18,53482.0,17.0,133872,AdventHealth University,28.576142,-81.367687,11,9,,30567,0.6558533145,1,26,1
5100,"Health Services/Allied Health/Health Sciences, General.",133872,1,"Private, nonprofit",3,29287.0,16.0,51967,24,51979.0,43.0,133872,AdventHealth University,28.576142,-81.367687,11,9,,30567,0.6558533145,1,26,1
5109,"Allied Health Diagnostic, Intervention, and Treatment Professions.",133872,1,"Private, nonprofit",2,56725.0,56.0,71349,73,58415.0,68.0,133872,AdventHealth University,28.576142,-81.367687,11,9,,30567,0.6558533145,1,26,1
5109,"Allied Health Diagnostic, Intervention, and Treatment Professions.",133872,1,"Private, nonprofit",3,77225.0,89.0,82600,107,83256.0,157.0,133872,AdventHealth University,28.576142,-81.367687,11,9,,30567,0.6558533145,1,26,1
5109,"Allied Health Diagnostic, Intervention, and Treatment Professions.",133872,1,"Private, nonprofit",5,109280.0,35.0,112012,36,,,133872,AdventHealth University,28.576142,-81.367687,11,9,,30567,0.6558533145,1,26,1
5123,Rehabilitation and Therapeutic Professions.,133872,1,"Private, nonprofit",5,68692.0,47.0,68108,47,62067.0,39.0,133872,AdventHealth University,28.576142,-81.367687,11,9,,30567,0.6558533145,1,26,1
5123,Rehabilitation and Therapeutic Professions.,133872,0,"Private, nonprofit",6,73077.0,38.0,75301,20,,,133872,AdventHealth University,28.576142,-81.367687,11,9,,30567,0.6558533145,1,26,1
5138,"Registered Nursing, Nursing Administration, Nursing Research and Clinical Nursing.",133872,2,"Private, nonprofit",3,71026.0,231.0,87330,240,83265.0,137.0,133872,AdventHealth University,28.576142,-81.367687,11,9,,30567,0.6558533145,1,26,1
5138,"Registered Nursing, Nursing Administration, Nursing Research and Clinical Nursing.",133872,3,"Private, nonprofit",5,212540.0,21.0,214531,44,200085.0,35.0,133872,AdventHealth University,28.576142,-81.367687,11,9,,30567,0.6558533145,1,26,1
1104,Information Science/Studies.,133881,0,"Private, nonprofit",2,,,51539,32,,,133881,Florida Institute of Technology,28.065773,-80.623123,13,14,0.577,30032,0.7019104084,2,28,1
1104,Information Science/Studies.,133881,0,"Private, nonprofit",3,59368.0,49.0,85906,72,104378.0,53.0,133881,Florida Institute of Technology,28.065773,-80.623123,13,14,0.577,30032,0.7019104084,2,28,1
1104,Information Science/Studies.,133881,2,"Private, nonprofit",5,,,139174,18,111846.0,16.0,133881,Florida Institute of Technology,28.065773,-80.623123,13,14,0.577,30032,0.7019104084,2,28,1
1107,Computer Science.,133881,1,"Private, nonprofit",3,75231.0,22.0,91606,29,118106.0,28.0,133881,Florida Institute of Technology,28.065773,-80.623123,13,14,0.577,30032,0.7019104084,2,28,1
1110,Computer/Information Technology Administration and Management.,133881,2,"Private, nonprofit",5,94379.0,25.0,144218,18,,,133881,Florida Institute of Technology,28.065773,-80.623123,13,14,0.577,30032,0.7019104084,2,28,1
1402,"Aerospace, Aeronautical, and Astronautical/Space Engineering.",133881,1,"Private, nonprofit",3,69149.0,56.0,97015,57,99429.0,48.0,133881,Florida Institute of Technology,28.065773,-80.623123,13,14,0.577,30032,0.7019104084,2,28,1
1402,"Aerospace, Aeronautical, and Astronautical/Space Engineering.",133881,1,"Private, nonprofit",5,99930.0,22.0,130016,24,,,133881,Florida Institute of Technology,28.065773,-80.623123,13,14,0.577,30032,0.7019104084,2,28,1
1405,Biomedical/Medical Engineering.,133881,1,"Private, nonprofit",3,,,88120,26,,,133881,Florida Institute of Technology,28.065773,-80.623123,13,14,0.577,30032,0.7019104084,2,28,1
1407,Chemical Engineering.,133881,1,"Private, nonprofit",3,53145.0,20.0,99312,18,111234.0,16.0,133881,Florida Institute of Technology,28.065773,-80.623123,13,14,0.577,30032,0.7019104084,2,28,1
1408,Civil Engineering.,133881,1,"Private, nonprofit",3,64579.0,19.0,86536,19,77488.0,21.0,133881,Florida Institute of Technology,28.065773,-80.623123,13,14,0.577,30032,0.7019104084,2,28,1
1409,Computer Engineering.,133881,1,"Private, nonprofit",3,79244.0,33.0,106431,31,100548.0,32.0,133881,Florida Institute of Technology,28.065773,-80.623123,13,14,0.577,30032,0.7019104084,2,28,1
1410,"Electrical, Electronics, and Communications Engineering.",133881,1,"Private, nonprofit",3,,,98505,16,99940.0,20.0,133881,Florida Institute of Technology,28.065773,-80.623123,13,14,0.577,30032,0.7019104084,2,28,1
1419,Mechanical Engineering.,133881,1,"Private, nonprofit",3,69533.0,50.0,92753,58,93714.0,47.0,133881,Florida Institute of Technology,28.065773,-80.623123,13,14,0.577,30032,0.7019104084,2,28,1
1424,Ocean Engineering.,133881,1,"Private, nonprofit",3,68475.0,19.0,80836,24,93498.0,16.0,133881,Florida Institute of Technology,28.065773,-80.623123,13,14,0.577,30032,0.7019104084,2,28,1
1427,Systems Engineering.,133881,1,"Private, nonprofit",5,104584.0,32.0,149291,29,,,133881,Florida Institute of Technology,28.065773,-80.623123,13,14,0.577,30032,0.7019104084,2,28,1
1515,Engineering-Related Fields.,133881,1,"Private, nonprofit",5,86857.0,17.0,131919,27,119507.0,19.0,133881,Florida Institute of Technology,28.065773,-80.623123,13,14,0.577,30032,0.7019104084,2,28,1
2903,Military Applied Sciences.,133881,2,"Private, nonprofit",5,89751.0,25.0,130197,20,,,133881,Florida Institute of Technology,28.065773,-80.623123,13,14,0.577,30032,0.7019104084,2,28,1
4201,"Psychology, General.",133881,1,"Private, nonprofit",3,,,61516,22,36233.0,26.0,133881,Florida Institute of Technology,28.065773,-80.623123,13,14,0.577,30032,0.7019104084,2,28,1
4227,Research and Experimental Psychology.,133881,1,"Private, nonprofit",3,,,66923,17,,,133881,Florida Institute of Technology,28.065773,-80.623123,13,14,0.577,30032,0.7019104084,2,28,1
4228,"Clinical, Counseling and Applied Psychology.",133881,0,"Private, nonprofit",2,,,41767,19,,,133881,Florida Institute of Technology,28.065773,-80.623123,13,14,0.577,30032,0.7019104084,2,28,1
4228,"Clinical, Counseling and Applied Psychology.",133881,1,"Private, nonprofit",3,34506.0,60.0,55282,88,48721.0,67.0,133881,Florida Institute of Technology,28.065773,-80.623123,13,14,0.577,30032,0.7019104084,2,28,1
4228,"Clinical, Counseling and Applied Psychology.",133881,1,"Private, nonprofit",5,69916.0,264.0,77258,225,80426.0,119.0,133881,Florida Institute of Technology,28.065773,-80.623123,13,14,0.577,30032,0.7019104084,2,28,1
4228,"Clinical, Counseling and Applied Psychology.",133881,1,"Private, nonprofit",6,88733.0,26.0,114742,41,95054.0,22.0,133881,Florida Institute of Technology,28.065773,-80.623123,13,14,0.577,30032,0.7019104084,2,28,1
4901,Air Transportation.,133881,1,"Private, nonprofit",3,47019.0,69.0,83243,86,78035.0,39.0,133881,Florida Institute of Technology,28.065773,-80.623123,13,14,0.577,30032,0.7019104084,2,28,1
5107,Health and Medical Administrative Services.,133881,0,"Private, nonprofit",2,,,50488,23,,,133881,Florida Institute of Technology,28.065773,-80.623123,13,14,0.577,30032,0.7019104084,2,28,1
5107,Health and Medical Administrative Services.,133881,0,"Private, nonprofit",3,38295.0,19.0,51753,46,42362.0,24.0,133881,Florida Institute of Technology,28.065773,-80.623123,13,14,0.577,30032,0.7019104084,2,28,1
5107,Health and Medical Administrative Services.,133881,2,"Private, nonprofit",5,56721.0,36.0,84170,45,90047.0,40.0,133881,Florida Institute of Technology,28.065773,-80.623123,13,14,0.577,30032,0.7019104084,2,28,1
5202,"Business Administration, Management and Operations.",133881,0,"Private, nonprofit",2,,,56184,25,,,133881,Florida Institute of Technology,28.065773,-80.623123,13,14,0.577,30032,0.7019104084,2,28,1
5202,"Business Administration, Management and Operations.",133881,1,"Private, nonprofit",3,63708.0,58.0,72717,98,66289.0,60.0,133881,Florida Institute of Technology,28.065773,-80.623123,13,14,0.577,30032,0.7019104084,2,28,1
5202,"Business Administration, Management and Operations.",133881,2,"Private, nonprofit",5,85330.0,477.0,107776,584,103547.0,380.0,133881,Florida Institute of Technology,28.065773,-80.623123,13,14,0.577,30032,0.7019104084,2,28,1
5203,Accounting and Related Services.,133881,0,"Private, nonprofit",2,,,61624,17,,,133881,Florida Institute of Technology,28.065773,-80.623123,13,14,0.577,30032,0.7019104084,2,28,1
5203,Accounting and Related Services.,133881,1,"Private, nonprofit",3,48888.0,39.0,67417,45,48933.0,32.0,133881,Florida Institute of Technology,28.065773,-80.623123,13,14,0.577,30032,0.7019104084,2,28,1
5203,Accounting and Related Services.,133881,0,"Private, nonprofit",5,59951.0,30.0,85593,33,77501.0,33.0,133881,Florida Institute of Technology,28.065773,-80.623123,13,14,0.577,30032,0.7019104084,2,28,1
5210,Human Resources Management and Services.,133881,2,"Private, nonprofit",5,,,75661,22,67247.0,22.0,133881,Florida Institute of Technology,28.065773,-80.623123,13,14,0.577,30032,0.7019104084,2,28,1
5212,Management Information Systems and Services.,133881,2,"Private, nonprofit",5,91603.0,129.0,107902,175,86838.0,127.0,133881,Florida Institute of Technology,28.065773,-80.623123,13,14,0.577,30032,0.7019104084,2,28,1
5213,Management Sciences and Quantitative Methods.,133881,2,"Private, nonprofit",5,,,125197,18,,,133881,Florida Institute of Technology,28.065773,-80.623123,13,14,0.577,30032,0.7019104084,2,28,1
5214,Marketing.,133881,1,"Private, nonprofit",3,52158.0,18.0,62019,26,,,133881,Florida Institute of Technology,28.065773,-80.623123,13,14,0.577,30032,0.7019104084,2,28,1
0301,Natural Resources Conservation and Research.,133951,2,Public,3,36007.0,21.0,49748,24,46401.0,36.0,133951,Florida International University,25.75732,-80.373928,21,15,0.5466,23924,0.8131269705,2,23,1
0402,Architecture.,133951,0,Public,5,47559.0,140.0,68932,119,67278.0,128.0,133951,Florida International University,25.75732,-80.373928,21,15,0.5466,23924,0.8131269705,2,23,1
0405,Interior Architecture.,133951,0,Public,5,45730.0,35.0,62411,28,61013.0,19.0,133951,Florida International University,25.75732,-80.373928,21,15,0.5466,23924,0.8131269705,2,23,1
0406,Landscape Architecture.,133951,1,Public,5,49946.0,20.0,79542,19,,,133951,Florida International University,25.75732,-80.373928,21,15,0.5466,23924,0.8131269705,2,23,1
0501,Area Studies.,133951,2,Public,3,19457.0,24.0,23742,17,,,133951,Florida International University,25.75732,-80.373928,21,15,0.5466,23924,0.8131269705,2,23,1
0901,Communication and Media Studies.,133951,2,Public,3,36424.0,659.0,57376,836,57042.0,585.0,133951,Florida International University,25.75732,-80.373928,21,15,0.5466,23924,0.8131269705,2,23,1
0901,Communication and Media Studies.,133951,3,Public,5,52237.0,108.0,71218,98,74742.0,45.0,133951,Florida International University,25.75732,-80.373928,21,15,0.5466,23924,0.8131269705,2,23,1
0909,"Public Relations, Advertising, and Applied Communication.",133951,3,Public,3,34435.0,113.0,65343,31,,,133951,Florida International University,25.75732,-80.373928,21,15,0.5466,23924,0.8131269705,2,23,1
1101,"Computer and Information Sciences, General.",133951,2,Public,3,62562.0,550.0,90397,501,89221.0,308.0,133951,Florida International University,25.75732,-80.373928,21,15,0.5466,23924,0.8131269705,2,23,1
1101,"Computer and Information Sciences, General.",133951,1,Public,5,80760.0,36.0,113980,37,110679.0,21.0,133951,Florida International University,25.75732,-80.373928,21,15,0.5466,23924,0.8131269705,2,23,1
1105,Computer Systems Analysis.,133951,1,Public,5,81138.0,34.0,106494,41,128418.0,16.0,133951,Florida International University,25.75732,-80.373928,21,15,0.5466,23924,0.8131269705,2,23,1
1110,Computer/Information Technology Administration and Management.,133951,1,Public,5,70928.0,34.0,98456,26,,,133951,Florida International University,25.75732,-80.373928,21,15,0.5466,23924,0.8131269705,2,23,1
1303,Curriculum and Instruction.,133951,3,Public,5,60563.0,81.0,66189,79,67933.0,28.0,133951,Florida International University,25.75732,-80.373928,21,15,0.5466,23924,0.8131269705,2,23,1
1304,Educational Administration and Supervision.,133951,1,Public,5,49116.0,85.0,63621,73,56530.0,78.0,133951,Florida International University,25.75732,-80.373928,21,15,0.5466,23924,0.8131269705,2,23,1
1310,Special Education and Teaching.,133951,3,Public,5,61563.0,56.0,66851,47,65074.0,18.0,133951,Florida International University,25.75732,-80.373928,21,15,0.5466,23924,0.8131269705,2,23,1
1311,Student Counseling and Personnel Services.,133951,1,Public,5,46820.0,52.0,58182,59,52765.0,39.0,133951,Florida International University,25.75732,-80.373928,21,15,0.5466,23924,0.8131269705,2,23,1
1312,"Teacher Education and Professional Development, Specific Levels and Methods.",133951,1,Public,3,44522.0,312.0,53854,299,53006.0,233.0,133951,Florida International University,25.75732,-80.373928,21,15,0.5466,23924,0.8131269705,2,23,1
1312,"Teacher Education and Professional Development, Specific Levels and Methods.",133951,1,Public,5,52399.0,32.0,57448,30,65885.0,21.0,133951,Florida International University,25.75732,-80.373928,21,15,0.5466,23924,0.8131269705,2,23,1
1313,"Teacher Education and Professional Development, Specific Subject Areas.",133951,1,Public,3,30578.0,86.0,42574,103,48429.0,63.0,133951,Florida International University,25.75732,-80.373928,21,15,0.5466,23924,0.8131269705,2,23,1
1313,"Teacher Education and Professional Development, Specific Subject Areas.",133951,1,Public,5,59039.0,24.0,56346,22,57578.0,53.0,133951,Florida International University,25.75732,-80.373928,21,15,0.5466,23924,0.8131269705,2,23,1
1405,Biomedical/Medical Engineering.,133951,1,Public,3,62254.0,73.0,88656,81,93714.0,57.0,133951,Florida International University,25.75732,-80.373928,21,15,0.5466,23924,0.8131269705,2,23,1
1408,Civil Engineering.,133951,1,Public,3,66215.0,150.0,84523,141,88016.0,48.0,133951,Florida International University,25.75732,-80.373928,21,15,0.5466,23924,0.8131269705,2,23,1
1409,Computer Engineering.,133951,3,Public,3,75210.0,122.0,101224,111,103462.0,70.0,133951,Florida International University,25.75732,-80.373928,21,15,0.5466,23924,0.8131269705,2,23,1
1409,Computer Engineering.,133951,3,Public,5,99961.0,23.0,118205,22,,,133951,Florida International University,25.75732,-80.373928,21,15,0.5466,23924,0.8131269705,2,23,1
1410,"Electrical, Electronics, and Communications Engineering.",133951,3,Public,3,71447.0,98.0,98697,107,95194.0,107.0,133951,Florida International University,25.75732,-80.373928,21,15,0.5466,23924,0.8131269705,2,23,1
1410,"Electrical, Electronics, and Communications Engineering.",133951,1,Public,5,64342.0,18.0,99172,17,124698.0,18.0,133951,Florida International University,25.75732,-80.373928,21,15,0.5466,23924,0.8131269705,2,23,1
1414,Environmental/Environmental Health Engineering.,133951,1,Public,3,64541.0,17.0,80650,23,,,133951,Florida International University,25.75732,-80.373928,21,15,0.5466,23924,0.8131269705,2,23,1
1419,Mechanical Engineering.,133951,1,Public,3,71335.0,169.0,93494,145,94520.0,134.0,133951,Florida International University,25.75732,-80.373928,21,15,0.5466,23924,0.8131269705,2,23,1
1435,Industrial Engineering.,133951,0,Public,5,88713.0,38.0,109744,57,81990.0,33.0,133951,Florida International University,25.75732,-80.373928,21,15,0.5466,23924,0.8131269705,2,23,1
1510,Construction Engineering Technology/Technician.,133951,1,Public,3,73602.0,82.0,99471,56,92297.0,36.0,133951,Florida International University,25.75732,-80.373928,21,15,0.5466,23924,0.8131269705,2,23,1
1510,Construction Engineering Technology/Technician.,133951,3,Public,5,88085.0,24.0,101174,26,85371.0,37.0,133951,Florida International University,25.75732,-80.373928,21,15,0.5466,23924,0.8131269705,2,23,1
2201,Law.,133951,0,Public,6,64813.0,195.0,105414,214,98756.0,228.0,133951,Florida International University,25.75732,-80.373928,21,15,0.5466,23924,0.8131269705,2,23,1
2301,"English Language and Literature, General.",133951,2,Public,3,27037.0,137.0,47659,131,46248.0,136.0,133951,Florida International University,25.75732,-80.373928,21,15,0.5466,23924,0.8131269705,2,23,1
2401,"Liberal Arts and Sciences, General Studies and Humanities.",133951,1,Public,3,34418.0,303.0,49960,281,49791.0,91.0,133951,Florida International University,25.75732,-80.373928,21,15,0.5466,23924,0.8131269705,2,23,1
2601,"Biology, General.",133951,2,Public,3,21529.0,338.0,46718,151,58495.0,290.0,133951,Florida International University,25.75732,-80.373928,21,15,0.5466,23924,0.8131269705,2,23,1
2701,Mathematics.,133951,1,Public,3,49507.0,19.0,66041,16,,,133951,Florida International University,25.75732,-80.373928,21,15,0.5466,23924,0.8131269705,2,23,1
3020,International/Globalization Studies.,133951,2,Public,5,53017.0,61.0,76658,54,79598.0,44.0,133951,Florida International University,25.75732,-80.373928,21,15,0.5466,23924,0.8131269705,2,23,1
3099,"Multi/Interdisciplinary Studies, Other.",133951,0,Public,3,37745.0,190.0,55402,288,61634.0,67.0,133951,Florida International University,25.75732,-80.373928,21,15,0.5466,23924,0.8131269705,2,23,1
3103,"Parks, Recreation, and Leisure Facilities Management.",133951,3,Public,3,29862.0,168.0,48814,192,43412.0,89.0,133951,Florida International University,25.75732,-80.373928,21,15,0.5466,23924,0.8131269705,2,23,1
3801,Philosophy.,133951,1,Public,3,31583.0,17.0,43085,27,51471.0,20.0,133951,Florida International University,25.75732,-80.373928,21,15,0.5466,23924,0.8131269705,2,23,1
4005,Chemistry.,133951,1,Public,3,28660.0,51.0,57788,24,70638.0,56.0,133951,Florida International University,25.75732,-80.373928,21,15,0.5466,23924,0.8131269705,2,23,1
4005,Chemistry.,133951,1,Public,6,,,99213,18,,,133951,Florida International University,25.75732,-80.373928,21,15,0.5466,23924,0.8131269705,2,23,1
4201,"Psychology, General.",133951,2,Public,3,30218.0,946.0,49470,1075,48400.0,799.0,133951,Florida International University,25.75732,-80.373928,21,15,0.5466,23924,0.8131269705,2,23,1
4201,"Psychology, General.",133951,3,Public,5,41772.0,51.0,59992,40,,,133951,Florida International University,25.75732,-80.373928,21,15,0.5466,23924,0.8131269705,2,23,1
4301,Criminal Justice and Corrections.,133951,2,Public,3,36839.0,598.0,55830,557,55148.0,452.0,133951,Florida International University,25.75732,-80.373928,21,15,0.5466,23924,0.8131269705,2,23,1
4301,Criminal Justice and Corrections.,133951,3,Public,5,47591.0,25.0,63083,23,66533.0,28.0,133951,Florida International University,25.75732,-80.373928,21,15,0.5466,23924,0.8131269705,2,23,1
4303,Homeland Security.,133951,3,Public,5,78638.0,48.0,96373,43,,,133951,Florida International University,25.75732,-80.373928,21,15,0.5466,23924,0.8131269705,2,23,1
4404,Public Administration.,133951,2,Public,3,46281.0,100.0,62424,115,58006.0,84.0,133951,Florida International University,25.75732,-80.373928,21,15,0.5466,23924,0.8131269705,2,23,1
4404,Public Administration.,133951,3,Public,5,59096.0,119.0,79414,119,75770.0,66.0,133951,Florida International University,25.75732,-80.373928,21,15,0.5466,23924,0.8131269705,2,23,1
4407,Social Work.,133951,1,Public,3,41626.0,73.0,55923,122,41039.0,55.0,133951,Florida International University,25.75732,-80.373928,21,15,0.5466,23924,0.8131269705,2,23,1
4506,Economics.,133951,2,Public,3,42314.0,82.0,70022,89,75402.0,83.0,133951,Florida International University,25.75732,-80.373928,21,15,0.5466,23924,0.8131269705,2,23,1
4509,International Relations and National Security Studies.,133951,2,Public,3,33417.0,177.0,64399,186,51904.0,168.0,133951,Florida International University,25.75732,-80.373928,21,15,0.5466,23924,0.8131269705,2,23,1
4510,Political Science and Government.,133951,2,Public,3,26983.0,191.0,57996,178,53189.0,155.0,133951,Florida International University,25.75732,-80.373928,21,15,0.5466,23924,0.8131269705,2,23,1
4511,Sociology.,133951,2,Public,3,31147.0,92.0,47538,99,48741.0,90.0,133951,Florida International University,25.75732,-80.373928,21,15,0.5466,23924,0.8131269705,2,23,1
5005,Drama/Theatre Arts and Stagecraft.,133951,1,Public,3,20113.0,35.0,33896,30,30242.0,24.0,133951,Florida International University,25.75732,-80.373928,21,15,0.5466,23924,0.8131269705,2,23,1
5007,Fine and Studio Arts.,133951,1,Public,3,22334.0,146.0,40653,140,30315.0,66.0,133951,Florida International University,25.75732,-80.373928,21,15,0.5466,23924,0.8131269705,2,23,1
5009,Music.,133951,1,Public,3,25484.0,44.0,50677,41,40864.0,31.0,133951,Florida International University,25.75732,-80.373928,21,15,0.5466,23924,0.8131269705,2,23,1
5102,Communication Disorders Sciences and Services.,133951,1,Public,5,56964.0,55.0,62173,65,,,133951,Florida International University,25.75732,-80.373928,21,15,0.5466,23924,0.8131269705,2,23,1
5107,Health and Medical Administrative Services.,133951,3,Public,3,39016.0,279.0,56867,320,55541.0,242.0,133951,Florida International University,25.75732,-80.373928,21,15,0.5466,23924,0.8131269705,2,23,1
5107,Health and Medical Administrative Services.,133951,3,Public,5,53360.0,81.0,67431,32,,,133951,Florida International University,25.75732,-80.373928,21,15,0.5466,23924,0.8131269705,2,23,1
5109,"Allied Health Diagnostic, Intervention, and Treatment Professions.",133951,1,Public,5,99899.0,97.0,107595,93,57106.0,39.0,133951,Florida International University,25.75732,-80.373928,21,15,0.5466,23924,0.8131269705,2,23,1
5112,Medicine.,133951,1,Public,7,64154.0,205.0,95353,186,122935.0,66.0,133951,Florida International University,25.75732,-80.373928,21,15,0.5466,23924,0.8131269705,2,23,1
5112,Medicine.,133951,0,Public,8,,,71640,49,,,133951,Florida International University,25.75732,-80.373928,21,15,0.5466,23924,0.8131269705,2,23,1
5115,Mental and Social Health Services and Allied Professions.,133951,1,Public,5,52818.0,144.0,62347,131,,,133951,Florida International University,25.75732,-80.373928,21,15,0.5466,23924,0.8131269705,2,23,1
5122,Public Health.,133951,3,Public,5,53193.0,78.0,73457,70,68935.0,43.0,133951,Florida International University,25.75732,-80.373928,21,15,0.5466,23924,0.8131269705,2,23,1
5123,Rehabilitation and Therapeutic Professions.,133951,1,Public,5,63249.0,86.0,65492,90,76899.0,73.0,133951,Florida International University,25.75732,-80.373928,21,15,0.5466,23924,0.8131269705,2,23,1
5123,Rehabilitation and Therapeutic Professions.,133951,0,Public,6,,,90274,39,,,133951,Florida International University,25.75732,-80.373928,21,15,0.5466,23924,0.8131269705,2,23,1
5131,Dietetics and Clinical Nutrition Services.,133951,1,Public,3,29422.0,43.0,52470,94,58934.0,56.0,133951,Florida International University,25.75732,-80.373928,21,15,0.5466,23924,0.8131269705,2,23,1
5131,Dietetics and Clinical Nutrition Services.,133951,1,Public,5,56360.0,34.0,59871,35,74243.0,16.0,133951,Florida International University,25.75732,-80.373928,21,15,0.5466,23924,0.8131269705,2,23,1
5138,"Registered Nursing, Nursing Administration, Nursing Research and Clinical Nursing.",133951,2,Public,3,78671.0,264.0,98635,269,93759.0,189.0,133951,Florida International University,25.75732,-80.373928,21,15,0.5466,23924,0.8131269705,2,23,1
5138,"Registered Nursing, Nursing Administration, Nursing Research and Clinical Nursing.",133951,1,Public,5,114379.0,175.0,125543,196,174533.0,60.0,133951,Florida International University,25.75732,-80.373928,21,15,0.5466,23924,0.8131269705,2,23,1
5202,"Business Administration, Management and Operations.",133951,2,Public,3,43772.0,362.0,61256,295,66798.0,240.0,133951,Florida International University,25.75732,-80.373928,21,15,0.5466,23924,0.8131269705,2,23,1
5202,"Business Administration, Management and Operations.",133951,2,Public,5,76205.0,804.0,99549,825,96120.0,661.0,133951,Florida International University,25.75732,-80.373928,21,15,0.5466,23924,0.8131269705,2,23,1
5203,Accounting and Related Services.,133951,1,Public,3,54963.0,163.0,81923,319,80112.0,222.0,133951,Florida International University,25.75732,-80.373928,21,15,0.5466,23924,0.8131269705,2,23,1
5203,Accounting and Related Services.,133951,3,Public,5,70524.0,170.0,107540,177,100865.0,55.0,133951,Florida International University,25.75732,-80.373928,21,15,0.5466,23924,0.8131269705,2,23,1
5208,Finance and Financial Management Services.,133951,2,Public,3,51633.0,500.0,71355,441,76804.0,322.0,133951,Florida International University,25.75732,-80.373928,21,15,0.5466,23924,0.8131269705,2,23,1
5208,Finance and Financial Management Services.,133951,3,Public,5,74348.0,89.0,109647,80,91950.0,29.0,133951,Florida International University,25.75732,-80.373928,21,15,0.5466,23924,0.8131269705,2,23,1
5209,Hospitality Administration/Management.,133951,3,Public,3,33364.0,421.0,56667,454,49350.0,282.0,133951,Florida International University,25.75732,-80.373928,21,15,0.5466,23924,0.8131269705,2,23,1
5209,Hospitality Administration/Management.,133951,3,Public,5,40335.0,106.0,71050,78,59661.0,51.0,133951,Florida International University,25.75732,-80.373928,21,15,0.5466,23924,0.8131269705,2,23,1
5210,Human Resources Management and Services.,133951,2,Public,3,47062.0,115.0,67696,107,67099.0,77.0,133951,Florida International University,25.75732,-80.373928,21,15,0.5466,23924,0.8131269705,2,23,1
5210,Human Resources Management and Services.,133951,3,Public,5,60869.0,179.0,86476,141,66943.0,55.0,133951,Florida International University,25.75732,-80.373928,21,15,0.5466,23924,0.8131269705,2,23,1
5211,International Business.,133951,2,Public,3,45661.0,233.0,65054,205,64473.0,163.0,133951,Florida International University,25.75732,-80.373928,21,15,0.5466,23924,0.8131269705,2,23,1
5211,International Business.,133951,3,Public,5,60598.0,69.0,85495,67,82080.0,34.0,133951,Florida International University,25.75732,-80.373928,21,15,0.5466,23924,0.8131269705,2,23,1
5212,Management Information Systems and Services.,133951,1,Public,3,49506.0,44.0,85737,60,77468.0,57.0,133951,Florida International University,25.75732,-80.373928,21,15,0.5466,23924,0.8131269705,2,23,1
5212,Management Information Systems and Services.,133951,1,Public,5,88692.0,17.0,82442,35,98058.0,27.0,133951,Florida International University,25.75732,-80.373928,21,15,0.5466,23924,0.8131269705,2,23,1
5214,Marketing.,133951,2,Public,3,40839.0,389.0,64423,343,62558.0,151.0,133951,Florida International University,25.75732,-80.373928,21,15,0.5466,23924,0.8131269705,2,23,1
5214,Marketing.,133951,3,Public,5,62135.0,185.0,76368,156,,,133951,Florida International University,25.75732,-80.373928,21,15,0.5466,23924,0.8131269705,2,23,1
5215,Real Estate.,133951,1,Public,5,57622.0,63.0,83465,65,,,133951,Florida International University,25.75732,-80.373928,21,15,0.5466,23924,0.8131269705,2,23,1
5401,History.,133951,2,Public,3,31835.0,40.0,56676,56,49239.0,37.0,133951,Florida International University,25.75732,-80.373928,21,15,0.5466,23924,0.8131269705,2,23,1
2401,"Liberal Arts and Sciences, General Studies and Humanities.",133960,3,Public,2,30933.0,25.0,42831,48,45818.0,62.0,133960,The College of the Florida Keys,24.582748,-81.74446,33,6,,26806,0.7445783133,1,26,1
5138,"Registered Nursing, Nursing Administration, Nursing Research and Clinical Nursing.",133960,1,Public,2,63813.0,29.0,70379,36,80004.0,27.0,133960,The College of the Florida Keys,24.582748,-81.74446,33,6,,26806,0.7445783133,1,26,1
1310,Special Education and Teaching.,133979,1,"Private, nonprofit",5,69656.0,23.0,82237,26,,,133979,Florida Memorial University,25.918278,-80.270753,21,8,0.8526,20624,0.9066366704,2,20,1
4201,"Psychology, General.",133979,1,"Private, nonprofit",3,27548.0,23.0,29042,26,39525.0,22.0,133979,Florida Memorial University,25.918278,-80.270753,21,8,0.8526,20624,0.9066366704,2,20,1
4301,Criminal Justice and Corrections.,133979,1,"Private, nonprofit",3,,,45656,24,46122.0,40.0,133979,Florida Memorial University,25.918278,-80.270753,21,8,0.8526,20624,0.9066366704,2,20,1
4407,Social Work.,133979,1,"Private, nonprofit",3,,,45821,23,,,133979,Florida Memorial University,25.918278,-80.270753,21,8,0.8526,20624,0.9066366704,2,20,1
5135,Somatic Bodywork and Related Therapeutic Services.,134024,1,"Private, for-profit",1,18231.0,119.0,27444,104,19023.0,98.0,134024,Florida School of Massage,29.593428,-82.338273,41,-2,,17131,0.6682692308,1,30,1
0909,"Public Relations, Advertising, and Applied Communication.",134079,1,"Private, nonprofit",3,35023.0,53.0,52796,56,58724.0,51.0,134079,Florida Southern College,28.032443,-81.948203,12,14,0.6442,66112,0.4608177172,2,21,1
1107,Computer Science.,134079,1,"Private, nonprofit",3,,,82328,19,,,134079,Florida Southern College,28.032443,-81.948203,12,14,0.6442,66112,0.4608177172,2,21,1
1303,Curriculum and Instruction.,134079,2,"Private, nonprofit",5,49484.0,28.0,54810,17,,,134079,Florida Southern College,28.032443,-81.948203,12,14,0.6442,66112,0.4608177172,2,21,1
1304,Educational Administration and Supervision.,134079,1,"Private, nonprofit",5,61287.0,21.0,62793,30,,,134079,Florida Southern College,28.032443,-81.948203,12,14,0.6442,66112,0.4608177172,2,21,1
1312,"Teacher Education and Professional Development, Specific Levels and Methods.",134079,2,"Private, nonprofit",3,46088.0,41.0,49315,45,49693.0,60.0,134079,Florida Southern College,28.032443,-81.948203,12,14,0.6442,66112,0.4608177172,2,21,1
2601,"Biology, General.",134079,1,"Private, nonprofit",3,29222.0,27.0,58782,30,54842.0,45.0,134079,Florida Southern College,28.032443,-81.948203,12,14,0.6442,66112,0.4608177172,2,21,1
2609,"Physiology, Pathology and Related Sciences.",134079,1,"Private, nonprofit",3,,,38358,16,50864.0,18.0,134079,Florida Southern College,28.032443,-81.948203,12,14,0.6442,66112,0.4608177172,2,21,1
2613,"Ecology, Evolution, Systematics, and Population Biology.",134079,1,"Private, nonprofit",3,26616.0,27.0,43549,20,,,134079,Florida Southern College,28.032443,-81.948203,12,14,0.6442,66112,0.4608177172,2,21,1
4201,"Psychology, General.",134079,1,"Private, nonprofit",3,28316.0,41.0,53344,51,52304.0,41.0,134079,Florida Southern College,28.032443,-81.948203,12,14,0.6442,66112,0.4608177172,2,21,1
4504,Criminology.,134079,1,"Private, nonprofit",3,39713.0,19.0,49829,27,51091.0,29.0,134079,Florida Southern College,28.032443,-81.948203,12,14,0.6442,66112,0.4608177172,2,21,1
4510,Political Science and Government.,134079,1,"Private, nonprofit",3,,,57128,21,,,134079,Florida Southern College,28.032443,-81.948203,12,14,0.6442,66112,0.4608177172,2,21,1
5005,Drama/Theatre Arts and Stagecraft.,134079,1,"Private, nonprofit",3,22336.0,28.0,51925,22,,,134079,Florida Southern College,28.032443,-81.948203,12,14,0.6442,66112,0.4608177172,2,21,1
5138,"Registered Nursing, Nursing Administration, Nursing Research and Clinical Nursing.",134079,1,"Private, nonprofit",3,75019.0,77.0,93335,84,80669.0,55.0,134079,Florida Southern College,28.032443,-81.948203,12,14,0.6442,66112,0.4608177172,2,21,1
5138,"Registered Nursing, Nursing Administration, Nursing Research and Clinical Nursing.",134079,1,"Private, nonprofit",5,99583.0,83.0,115730,106,127534.0,37.0,134079,Florida Southern College,28.032443,-81.948203,12,14,0.6442,66112,0.4608177172,2,21,1
5202,"Business Administration, Management and Operations.",134079,2,"Private, nonprofit",3,43581.0,98.0,65104,118,57423.0,118.0,134079,Florida Southern College,28.032443,-81.948203,12,14,0.6442,66112,0.4608177172,2,21,1
5202,"Business Administration, Management and Operations.",134079,2,"Private, nonprofit",5,70996.0,26.0,96708,40,80712.0,32.0,134079,Florida Southern College,28.032443,-81.948203,12,14,0.6442,66112,0.4608177172,2,21,1
5203,Accounting and Related Services.,134079,2,"Private, nonprofit",3,36669.0,21.0,72480,43,,,134079,Florida Southern College,28.032443,-81.948203,12,14,0.6442,66112,0.4608177172,2,21,1
5203,Accounting and Related Services.,134079,1,"Private, nonprofit",5,68286.0,18.0,76905,16,,,134079,Florida Southern College,28.032443,-81.948203,12,14,0.6442,66112,0.4608177172,2,21,1
0301,Natural Resources Conservation and Research.,134097,1,Public,3,30146.0,161.0,54288,188,48084.0,78.0,134097,Florida State University,30.443147,-84.295064,12,15,0.2422,43729,0.5975318884,2,20,1
0403,"City/Urban, Community, and Regional Planning.",134097,1,Public,5,59403.0,42.0,78175,37,75207.0,39.0,134097,Florida State University,30.443147,-84.295064,12,15,0.2422,43729,0.5975318884,2,20,1
0501,Area Studies.,134097,1,Public,3,,,67110,20,49465.0,21.0,134097,Florida State University,30.443147,-84.295064,12,15,0.2422,43729,0.5975318884,2,20,1
0901,Communication and Media Studies.,134097,0,Public,4,42081.0,23.0,68613,24,,,134097,Florida State University,30.443147,-84.295064,12,15,0.2422,43729,0.5975318884,2,20,1
0907,"Radio, Television, and Digital Communication.",134097,1,Public,3,32227.0,183.0,60876,212,65909.0,132.0,134097,Florida State University,30.443147,-84.295064,12,15,0.2422,43729,0.5975318884,2,20,1
0909,"Public Relations, Advertising, and Applied Communication.",134097,1,Public,3,41060.0,98.0,65941,121,57845.0,114.0,134097,Florida State University,30.443147,-84.295064,12,15,0.2422,43729,0.5975318884,2,20,1
0909,"Public Relations, Advertising, and Applied Communication.",134097,2,Public,5,51722.0,52.0,77547,51,71309.0,49.0,134097,Florida State University,30.443147,-84.295064,12,15,0.2422,43729,0.5975318884,2,20,1
1101,"Computer and Information Sciences, General.",134097,1,Public,3,61376.0,381.0,93727,409,87830.0,330.0,134097,Florida State University,30.443147,-84.295064,12,15,0.2422,43729,0.5975318884,2,20,1
1101,"Computer and Information Sciences, General.",134097,2,Public,5,81834.0,66.0,126240,76,,,134097,Florida State University,30.443147,-84.295064,12,15,0.2422,43729,0.5975318884,2,20,1
1104,Information Science/Studies.,134097,2,Public,5,48254.0,110.0,55518,129,,,134097,Florida State University,30.443147,-84.295064,12,15,0.2422,43729,0.5975318884,2,20,1
1303,Curriculum and Instruction.,134097,2,Public,5,50839.0,95.0,56672,72,55976.0,99.0,134097,Florida State University,30.443147,-84.295064,12,15,0.2422,43729,0.5975318884,2,20,1
1304,Educational Administration and Supervision.,134097,0,Public,1,,,64342,22,58744.0,31.0,134097,Florida State University,30.443147,-84.295064,12,15,0.2422,43729,0.5975318884,2,20,1
1304,Educational Administration and Supervision.,134097,0,Public,4,,,88020,18,,,134097,Florida State University,30.443147,-84.295064,12,15,0.2422,43729,0.5975318884,2,20,1
1304,Educational Administration and Supervision.,134097,2,Public,5,51647.0,67.0,66020,55,64795.0,50.0,134097,Florida State University,30.443147,-84.295064,12,15,0.2422,43729,0.5975318884,2,20,1
1304,Educational Administration and Supervision.,134097,2,Public,6,84466.0,31.0,102524,36,88469.0,18.0,134097,Florida State University,30.443147,-84.295064,12,15,0.2422,43729,0.5975318884,2,20,1
1304,Educational Administration and Supervision.,134097,3,Public,8,67767.0,21.0,74682,21,,,134097,Florida State University,30.443147,-84.295064,12,15,0.2422,43729,0.5975318884,2,20,1
1305,Educational/Instructional Media Design.,134097,2,Public,5,62599.0,24.0,77041,31,75139.0,29.0,134097,Florida State University,30.443147,-84.295064,12,15,0.2422,43729,0.5975318884,2,20,1
1310,Special Education and Teaching.,134097,1,Public,3,,,57573,40,53954.0,26.0,134097,Florida State University,30.443147,-84.295064,12,15,0.2422,43729,0.5975318884,2,20,1
1311,Student Counseling and Personnel Services.,134097,2,Public,5,57059.0,40.0,59114,37,50981.0,44.0,134097,Florida State University,30.443147,-84.295064,12,15,0.2422,43729,0.5975318884,2,20,1
1311,Student Counseling and Personnel Services.,134097,2,Public,8,56738.0,39.0,58256,37,51196.0,44.0,134097,Florida State University,30.443147,-84.295064,12,15,0.2422,43729,0.5975318884,2,20,1
1312,"Teacher Education and Professional Development, Specific Levels and Methods.",134097,1,Public,3,45696.0,31.0,51863,96,49914.0,134.0,134097,Florida State University,30.443147,-84.295064,12,15,0.2422,43729,0.5975318884,2,20,1
1313,"Teacher Education and Professional Development, Specific Subject Areas.",134097,1,Public,3,50610.0,51.0,57287,85,51417.0,106.0,134097,Florida State University,30.443147,-84.295064,12,15,0.2422,43729,0.5975318884,2,20,1
1313,"Teacher Education and Professional Development, Specific Subject Areas.",134097,2,Public,5,60227.0,60.0,66411,48,57133.0,28.0,134097,Florida State University,30.443147,-84.295064,12,15,0.2422,43729,0.5975318884,2,20,1
1313,"Teacher Education and Professional Development, Specific Subject Areas.",134097,1,Public,6,51400.0,19.0,70860,24,77682.0,17.0,134097,Florida State University,30.443147,-84.295064,12,15,0.2422,43729,0.5975318884,2,20,1
1407,Chemical Engineering.,134097,1,Public,3,70797.0,76.0,90815,84,98253.0,70.0,134097,Florida State University,30.443147,-84.295064,12,15,0.2422,43729,0.5975318884,2,20,1
1408,Civil Engineering.,134097,1,Public,3,67050.0,101.0,84340,103,86289.0,108.0,134097,Florida State University,30.443147,-84.295064,12,15,0.2422,43729,0.5975318884,2,20,1
1409,Computer Engineering.,134097,1,Public,3,78941.0,26.0,114802,22,102516.0,22.0,134097,Florida State University,30.443147,-84.295064,12,15,0.2422,43729,0.5975318884,2,20,1
1410,"Electrical, Electronics, and Communications Engineering.",134097,1,Public,3,72425.0,47.0,93740,45,96486.0,44.0,134097,Florida State University,30.443147,-84.295064,12,15,0.2422,43729,0.5975318884,2,20,1
1419,Mechanical Engineering.,134097,1,Public,3,62021.0,105.0,89622,129,92658.0,121.0,134097,Florida State University,30.443147,-84.295064,12,15,0.2422,43729,0.5975318884,2,20,1
1419,Mechanical Engineering.,134097,1,Public,5,89017.0,17.0,113967,18,,,134097,Florida State University,30.443147,-84.295064,12,15,0.2422,43729,0.5975318884,2,20,1
1435,Industrial Engineering.,134097,1,Public,3,76426.0,24.0,96504,33,,,134097,Florida State University,30.443147,-84.295064,12,15,0.2422,43729,0.5975318884,2,20,1
1603,"East Asian Languages, Literatures, and Linguistics.",134097,1,Public,3,32027.0,16.0,44502,16,47733.0,22.0,134097,Florida State University,30.443147,-84.295064,12,15,0.2422,43729,0.5975318884,2,20,1
1609,"Romance Languages, Literatures, and Linguistics.",134097,1,Public,3,28603.0,37.0,51157,50,46053.0,58.0,134097,Florida State University,30.443147,-84.295064,12,15,0.2422,43729,0.5975318884,2,20,1
1612,"Classics and Classical Languages, Literatures, and Linguistics.",134097,1,Public,3,,,50542,23,46695.0,19.0,134097,Florida State University,30.443147,-84.295064,12,15,0.2422,43729,0.5975318884,2,20,1
1907,"Human Development, Family Studies, and Related Services.",134097,1,Public,3,29690.0,166.0,62663,185,53416.0,181.0,134097,Florida State University,30.443147,-84.295064,12,15,0.2422,43729,0.5975318884,2,20,1
1909,Apparel and Textiles.,134097,1,Public,3,41130.0,169.0,64807,182,59543.0,184.0,134097,Florida State University,30.443147,-84.295064,12,15,0.2422,43729,0.5975318884,2,20,1
2201,Law.,134097,1,Public,7,62854.0,272.0,98060,294,95460.0,342.0,134097,Florida State University,30.443147,-84.295064,12,15,0.2422,43729,0.5975318884,2,20,1
2202,Legal Research and Advanced Professional Studies.,134097,0,Public,4,74141.0,53.0,143942,20,,,134097,Florida State University,30.443147,-84.295064,12,15,0.2422,43729,0.5975318884,2,20,1
2202,Legal Research and Advanced Professional Studies.,134097,2,Public,5,80899.0,62.0,100339,17,,,134097,Florida State University,30.443147,-84.295064,12,15,0.2422,43729,0.5975318884,2,20,1
2301,"English Language and Literature, General.",134097,1,Public,3,29534.0,367.0,52602,468,48487.0,504.0,134097,Florida State University,30.443147,-84.295064,12,15,0.2422,43729,0.5975318884,2,20,1
2301,"English Language and Literature, General.",134097,1,Public,6,57764.0,25.0,60363,23,69086.0,22.0,134097,Florida State University,30.443147,-84.295064,12,15,0.2422,43729,0.5975318884,2,20,1
2401,"Liberal Arts and Sciences, General Studies and Humanities.",134097,0,Public,1,,,58691,38,,,134097,Florida State University,30.443147,-84.295064,12,15,0.2422,43729,0.5975318884,2,20,1
2401,"Liberal Arts and Sciences, General Studies and Humanities.",134097,1,Public,3,35361.0,109.0,51587,107,44771.0,80.0,134097,Florida State University,30.443147,-84.295064,12,15,0.2422,43729,0.5975318884,2,20,1
2501,Library Science and Administration.,134097,0,Public,4,48329.0,23.0,57780,27,56864.0,18.0,134097,Florida State University,30.443147,-84.295064,12,15,0.2422,43729,0.5975318884,2,20,1
2601,"Biology, General.",134097,1,Public,3,26140.0,252.0,51256,195,56744.0,238.0,134097,Florida State University,30.443147,-84.295064,12,15,0.2422,43729,0.5975318884,2,20,1
2602,"Biochemistry, Biophysics and Molecular Biology.",134097,1,Public,3,31074.0,34.0,69875,41,68379.0,26.0,134097,Florida State University,30.443147,-84.295064,12,15,0.2422,43729,0.5975318884,2,20,1
2609,"Physiology, Pathology and Related Sciences.",134097,1,Public,3,23574.0,102.0,61342,137,68108.0,252.0,134097,Florida State University,30.443147,-84.295064,12,15,0.2422,43729,0.5975318884,2,20,1
2609,"Physiology, Pathology and Related Sciences.",134097,1,Public,5,,,78502,24,64019.0,30.0,134097,Florida State University,30.443147,-84.295064,12,15,0.2422,43729,0.5975318884,2,20,1
2701,Mathematics.,134097,1,Public,3,49919.0,33.0,68131,52,63456.0,76.0,134097,Florida State University,30.443147,-84.295064,12,15,0.2422,43729,0.5975318884,2,20,1
2705,Statistics.,134097,0,Public,1,45979.0,35.0,87034,51,97085.0,21.0,134097,Florida State University,30.443147,-84.295064,12,15,0.2422,43729,0.5975318884,2,20,1
2705,Statistics.,134097,1,Public,3,47347.0,48.0,77605,54,82522.0,43.0,134097,Florida State University,30.443147,-84.295064,12,15,0.2422,43729,0.5975318884,2,20,1
3023,Intercultural/Multicultural and Diversity Studies.,134097,0,Public,1,,,67798,18,,,134097,Florida State University,30.443147,-84.295064,12,15,0.2422,43729,0.5975318884,2,20,1
3103,"Parks, Recreation, and Leisure Facilities Management.",134097,1,Public,3,,,48260,25,34985.0,29.0,134097,Florida State University,30.443147,-84.295064,12,15,0.2422,43729,0.5975318884,2,20,1
3105,"Sports, Kinesiology, and Physical Education/Fitness.",134097,1,Public,3,29519.0,105.0,60909,138,54046.0,138.0,134097,Florida State University,30.443147,-84.295064,12,15,0.2422,43729,0.5975318884,2,20,1
3105,"Sports, Kinesiology, and Physical Education/Fitness.",134097,1,Public,5,39740.0,57.0,60832,54,59201.0,57.0,134097,Florida State University,30.443147,-84.295064,12,15,0.2422,43729,0.5975318884,2,20,1
3801,Philosophy.,134097,1,Public,3,27072.0,38.0,47153,42,53843.0,40.0,134097,Florida State University,30.443147,-84.295064,12,15,0.2422,43729,0.5975318884,2,20,1
4004,Atmospheric Sciences and Meteorology.,134097,1,Public,3,39967.0,18.0,66943,20,63457.0,21.0,134097,Florida State University,30.443147,-84.295064,12,15,0.2422,43729,0.5975318884,2,20,1
4005,Chemistry.,134097,1,Public,3,40629.0,27.0,66724,32,63894.0,34.0,134097,Florida State University,30.443147,-84.295064,12,15,0.2422,43729,0.5975318884,2,20,1
4005,Chemistry.,134097,1,Public,5,69821.0,16.0,94513,20,,,134097,Florida State University,30.443147,-84.295064,12,15,0.2422,43729,0.5975318884,2,20,1
4005,Chemistry.,134097,1,Public,6,81045.0,22.0,94387,21,102739.0,27.0,134097,Florida State University,30.443147,-84.295064,12,15,0.2422,43729,0.5975318884,2,20,1
4006,Geological and Earth Sciences/Geosciences.,134097,1,Public,3,,,66157,18,63830.0,17.0,134097,Florida State University,30.443147,-84.295064,12,15,0.2422,43729,0.5975318884,2,20,1
4201,"Psychology, General.",134097,1,Public,3,30140.0,591.0,54728,666,54829.0,639.0,134097,Florida State University,30.443147,-84.295064,12,15,0.2422,43729,0.5975318884,2,20,1
4201,"Psychology, General.",134097,1,Public,5,59508.0,26.0,69669,34,71429.0,25.0,134097,Florida State University,30.443147,-84.295064,12,15,0.2422,43729,0.5975318884,2,20,1
4201,"Psychology, General.",134097,1,Public,6,74432.0,23.0,99239,24,76789.0,27.0,134097,Florida State University,30.443147,-84.295064,12,15,0.2422,43729,0.5975318884,2,20,1
4228,"Clinical, Counseling and Applied Psychology.",134097,0,Public,4,,,76728,17,,,134097,Florida State University,30.443147,-84.295064,12,15,0.2422,43729,0.5975318884,2,20,1
4301,Criminal Justice and Corrections.,134097,1,Public,3,34922.0,515.0,57417,593,55220.0,603.0,134097,Florida State University,30.443147,-84.295064,12,15,0.2422,43729,0.5975318884,2,20,1
4301,Criminal Justice and Corrections.,134097,2,Public,5,57568.0,77.0,72705,85,68153.0,59.0,134097,Florida State University,30.443147,-84.295064,12,15,0.2422,43729,0.5975318884,2,20,1
4304,Security Science and Technology.,134097,1,Public,3,58249.0,40.0,93841,49,,,134097,Florida State University,30.443147,-84.295064,12,15,0.2422,43729,0.5975318884,2,20,1
4399,"Homeland Security, Law Enforcement, Firefighting and Related Protective Services, Other.",134097,0,Public,1,36726.0,40.0,62145,25,,,134097,Florida State University,30.443147,-84.295064,12,15,0.2422,43729,0.5975318884,2,20,1
4404,Public Administration.,134097,0,Public,1,36102.0,109.0,67522,160,,,134097,Florida State University,30.443147,-84.295064,12,15,0.2422,43729,0.5975318884,2,20,1
4404,Public Administration.,134097,0,Public,4,56236.0,16.0,72105,18,,,134097,Florida State University,30.443147,-84.295064,12,15,0.2422,43729,0.5975318884,2,20,1
4404,Public Administration.,134097,2,Public,5,56061.0,36.0,79921,46,72457.0,57.0,134097,Florida State University,30.443147,-84.295064,12,15,0.2422,43729,0.5975318884,2,20,1
4407,Social Work.,134097,1,Public,3,32604.0,35.0,50723,114,52119.0,152.0,134097,Florida State University,30.443147,-84.295064,12,15,0.2422,43729,0.5975318884,2,20,1
4407,Social Work.,134097,0,Public,4,41750.0,16.0,57835,27,,,134097,Florida State University,30.443147,-84.295064,12,15,0.2422,43729,0.5975318884,2,20,1
4407,Social Work.,134097,0,Public,5,,,60003,76,59258.0,276.0,134097,Florida State University,30.443147,-84.295064,12,15,0.2422,43729,0.5975318884,2,20,1
4501,"Social Sciences, General.",134097,1,Public,3,33235.0,295.0,58460,327,59852.0,227.0,134097,Florida State University,30.443147,-84.295064,12,15,0.2422,43729,0.5975318884,2,20,1
4502,Anthropology.,134097,1,Public,3,,,42791,40,50122.0,34.0,134097,Florida State University,30.443147,-84.295064,12,15,0.2422,43729,0.5975318884,2,20,1
4506,Economics.,134097,1,Public,3,47304.0,239.0,73527,332,73771.0,268.0,134097,Florida State University,30.443147,-84.295064,12,15,0.2422,43729,0.5975318884,2,20,1
4506,Economics.,134097,1,Public,5,74592.0,42.0,101636,38,,,134097,Florida State University,30.443147,-84.295064,12,15,0.2422,43729,0.5975318884,2,20,1
4507,Geography and Cartography.,134097,1,Public,3,35608.0,17.0,52537,32,47482.0,137.0,134097,Florida State University,30.443147,-84.295064,12,15,0.2422,43729,0.5975318884,2,20,1
4507,Geography and Cartography.,134097,1,Public,5,53587.0,24.0,69641,35,61094.0,16.0,134097,Florida State University,30.443147,-84.295064,12,15,0.2422,43729,0.5975318884,2,20,1
4509,International Relations and National Security Studies.,134097,1,Public,3,32098.0,279.0,63984,361,60401.0,325.0,134097,Florida State University,30.443147,-84.295064,12,15,0.2422,43729,0.5975318884,2,20,1
4509,International Relations and National Security Studies.,134097,1,Public,5,49158.0,24.0,71829,33,56259.0,19.0,134097,Florida State University,30.443147,-84.295064,12,15,0.2422,43729,0.5975318884,2,20,1
4510,Political Science and Government.,134097,1,Public,3,34745.0,306.0,68059,390,69965.0,324.0,134097,Florida State University,30.443147,-84.295064,12,15,0.2422,43729,0.5975318884,2,20,1
4510,Political Science and Government.,134097,1,Public,5,46645.0,23.0,76608,33,76187.0,27.0,134097,Florida State University,30.443147,-84.295064,12,15,0.2422,43729,0.5975318884,2,20,1
4511,Sociology.,134097,1,Public,3,33783.0,168.0,50612,240,49700.0,205.0,134097,Florida State University,30.443147,-84.295064,12,15,0.2422,43729,0.5975318884,2,20,1
5003,Dance.,134097,1,Public,3,21877.0,23.0,40892,22,,,134097,Florida State University,30.443147,-84.295064,12,15,0.2422,43729,0.5975318884,2,20,1
5004,Design and Applied Arts.,134097,1,Public,3,49144.0,43.0,73888,46,52542.0,27.0,134097,Florida State University,30.443147,-84.295064,12,15,0.2422,43729,0.5975318884,2,20,1
5005,Drama/Theatre Arts and Stagecraft.,134097,1,Public,3,18431.0,61.0,44115,76,32238.0,70.0,134097,Florida State University,30.443147,-84.295064,12,15,0.2422,43729,0.5975318884,2,20,1
5005,Drama/Theatre Arts and Stagecraft.,134097,1,Public,5,32286.0,44.0,58724,40,45573.0,41.0,134097,Florida State University,30.443147,-84.295064,12,15,0.2422,43729,0.5975318884,2,20,1
5006,Film/Video and Photographic Arts.,134097,1,Public,3,31689.0,36.0,46180,31,58465.0,53.0,134097,Florida State University,30.443147,-84.295064,12,15,0.2422,43729,0.5975318884,2,20,1
5006,Film/Video and Photographic Arts.,134097,1,Public,5,33151.0,30.0,44277,28,,,134097,Florida State University,30.443147,-84.295064,12,15,0.2422,43729,0.5975318884,2,20,1
5007,Fine and Studio Arts.,134097,1,Public,3,26785.0,130.0,41067,151,43443.0,201.0,134097,Florida State University,30.443147,-84.295064,12,15,0.2422,43729,0.5975318884,2,20,1
5007,Fine and Studio Arts.,134097,1,Public,5,30765.0,25.0,44914,27,45341.0,30.0,134097,Florida State University,30.443147,-84.295064,12,15,0.2422,43729,0.5975318884,2,20,1
5009,Music.,134097,1,Public,3,19429.0,55.0,44454,75,41660.0,70.0,134097,Florida State University,30.443147,-84.295064,12,15,0.2422,43729,0.5975318884,2,20,1
5009,Music.,134097,1,Public,5,26016.0,44.0,50069,45,30477.0,47.0,134097,Florida State University,30.443147,-84.295064,12,15,0.2422,43729,0.5975318884,2,20,1
5009,Music.,134097,1,Public,6,33487.0,35.0,60076,38,42594.0,46.0,134097,Florida State University,30.443147,-84.295064,12,15,0.2422,43729,0.5975318884,2,20,1
5102,Communication Disorders Sciences and Services.,134097,0,Public,1,,,61573,55,,,134097,Florida State University,30.443147,-84.295064,12,15,0.2422,43729,0.5975318884,2,20,1
5102,Communication Disorders Sciences and Services.,134097,1,Public,3,13371.0,22.0,67180,83,62179.0,98.0,134097,Florida State University,30.443147,-84.295064,12,15,0.2422,43729,0.5975318884,2,20,1
5102,Communication Disorders Sciences and Services.,134097,2,Public,5,54565.0,73.0,59811,75,64722.0,43.0,134097,Florida State University,30.443147,-84.295064,12,15,0.2422,43729,0.5975318884,2,20,1
5109,"Allied Health Diagnostic, Intervention, and Treatment Professions.",134097,1,Public,3,28127.0,25.0,57647,20,52688.0,21.0,134097,Florida State University,30.443147,-84.295064,12,15,0.2422,43729,0.5975318884,2,20,1
5112,Medicine.,134097,1,Public,7,62072.0,200.0,113355,183,196699.0,201.0,134097,Florida State University,30.443147,-84.295064,12,15,0.2422,43729,0.5975318884,2,20,1
5115,Mental and Social Health Services and Allied Professions.,134097,2,Public,5,50259.0,390.0,61024,264,,,134097,Florida State University,30.443147,-84.295064,12,15,0.2422,43729,0.5975318884,2,20,1
5122,Public Health.,134097,1,Public,5,43953.0,40.0,71264,44,,,134097,Florida State University,30.443147,-84.295064,12,15,0.2422,43729,0.5975318884,2,20,1
5123,Rehabilitation and Therapeutic Professions.,134097,1,Public,5,43422.0,40.0,50364,32,49216.0,24.0,134097,Florida State University,30.443147,-84.295064,12,15,0.2422,43729,0.5975318884,2,20,1
5131,Dietetics and Clinical Nutrition Services.,134097,1,Public,3,29158.0,22.0,60380,45,58255.0,60.0,134097,Florida State University,30.443147,-84.295064,12,15,0.2422,43729,0.5975318884,2,20,1
5138,"Registered Nursing, Nursing Administration, Nursing Research and Clinical Nursing.",134097,1,Public,3,69997.0,135.0,78811,104,79752.0,92.0,134097,Florida State University,30.443147,-84.295064,12,15,0.2422,43729,0.5975318884,2,20,1
5138,"Registered Nursing, Nursing Administration, Nursing Research and Clinical Nursing.",134097,1,Public,5,209572.0,45.0,162329,48,,,134097,Florida State University,30.443147,-84.295064,12,15,0.2422,43729,0.5975318884,2,20,1
5138,"Registered Nursing, Nursing Administration, Nursing Research and Clinical Nursing.",134097,0,Public,6,110260.0,36.0,117560,36,118251.0,33.0,134097,Florida State University,30.443147,-84.295064,12,15,0.2422,43729,0.5975318884,2,20,1
5201,"Business/Commerce, General.",134097,1,Public,3,47342.0,29.0,74716,56,61034.0,87.0,134097,Florida State University,30.443147,-84.295064,12,15,0.2422,43729,0.5975318884,2,20,1
5201,"Business/Commerce, General.",134097,2,Public,5,81168.0,173.0,107889,164,103763.0,89.0,134097,Florida State University,30.443147,-84.295064,12,15,0.2422,43729,0.5975318884,2,20,1
5202,"Business Administration, Management and Operations.",134097,1,Public,3,49325.0,207.0,77320,245,67950.0,177.0,134097,Florida State University,30.443147,-84.295064,12,15,0.2422,43729,0.5975318884,2,20,1
5203,Accounting and Related Services.,134097,1,Public,3,55626.0,77.0,91056,223,89416.0,224.0,134097,Florida State University,30.443147,-84.295064,12,15,0.2422,43729,0.5975318884,2,20,1
5203,Accounting and Related Services.,134097,0,Public,5,70901.0,114.0,112611,102,108137.0,34.0,134097,Florida State University,30.443147,-84.295064,12,15,0.2422,43729,0.5975318884,2,20,1
5207,Entrepreneurial and Small Business Operations.,134097,1,Public,3,48625.0,53.0,58824,23,,,134097,Florida State University,30.443147,-84.295064,12,15,0.2422,43729,0.5975318884,2,20,1
5208,Finance and Financial Management Services.,134097,1,Public,3,56516.0,419.0,87089,585,88996.0,466.0,134097,Florida State University,30.443147,-84.295064,12,15,0.2422,43729,0.5975318884,2,20,1
5208,Finance and Financial Management Services.,134097,1,Public,5,62034.0,35.0,101223,34,104012.0,40.0,134097,Florida State University,30.443147,-84.295064,12,15,0.2422,43729,0.5975318884,2,20,1
5209,Hospitality Administration/Management.,134097,1,Public,3,37330.0,216.0,62673,192,53037.0,229.0,134097,Florida State University,30.443147,-84.295064,12,15,0.2422,43729,0.5975318884,2,20,1
5212,Management Information Systems and Services.,134097,1,Public,3,66252.0,120.0,103648,108,95233.0,45.0,134097,Florida State University,30.443147,-84.295064,12,15,0.2422,43729,0.5975318884,2,20,1
5212,Management Information Systems and Services.,134097,3,Public,5,,,107903,20,,,134097,Florida State University,30.443147,-84.295064,12,15,0.2422,43729,0.5975318884,2,20,1
5213,Management Sciences and Quantitative Methods.,134097,1,Public,3,62578.0,43.0,94887,72,99280.0,58.0,134097,Florida State University,30.443147,-84.295064,12,15,0.2422,43729,0.5975318884,2,20,1
5214,Marketing.,134097,1,Public,3,49808.0,395.0,84981,486,78277.0,372.0,134097,Florida State University,30.443147,-84.295064,12,15,0.2422,43729,0.5975318884,2,20,1
5215,Real Estate.,134097,1,Public,3,55257.0,119.0,80900,133,85275.0,88.0,134097,Florida State University,30.443147,-84.295064,12,15,0.2422,43729,0.5975318884,2,20,1
5217,Insurance.,134097,1,Public,3,61071.0,99.0,92064,127,95930.0,44.0,134097,Florida State University,30.443147,-84.295064,12,15,0.2422,43729,0.5975318884,2,20,1
5217,Insurance.,134097,3,Public,5,90536.0,21.0,126052,28,,,134097,Florida State University,30.443147,-84.295064,12,15,0.2422,43729,0.5975318884,2,20,1
5401,History.,134097,1,Public,3,27944.0,82.0,56834,82,49734.0,119.0,134097,Florida State University,30.443147,-84.295064,12,15,0.2422,43729,0.5975318884,2,20,1
0101,Agricultural Business and Management.,134130,1,Public,3,49371.0,119.0,70862,137,63554.0,132.0,134130,University of Florida,29.64629,-82.347911,12,16,0.242,39127,0.6673828964,2,21,1
0109,Animal Sciences.,134130,1,Public,3,31294.0,126.0,47724,86,51450.0,117.0,134130,University of Florida,29.64629,-82.347911,12,16,0.242,39127,0.6673828964,2,21,1
0110,Food Science and Technology.,134130,1,Public,3,,,64078,19,73595.0,144.0,134130,University of Florida,29.64629,-82.347911,12,16,0.242,39127,0.6673828964,2,21,1
0111,Plant Sciences.,134130,1,Public,3,36372.0,56.0,53270,52,46390.0,36.0,134130,University of Florida,29.64629,-82.347911,12,16,0.242,39127,0.6673828964,2,21,1
0111,Plant Sciences.,134130,1,Public,5,67257.0,18.0,92076,19,,,134130,University of Florida,29.64629,-82.347911,12,16,0.242,39127,0.6673828964,2,21,1
0112,Soil Sciences.,134130,3,Public,5,61827.0,21.0,63555,20,,,134130,University of Florida,29.64629,-82.347911,12,16,0.242,39127,0.6673828964,2,21,1
0180,Veterinary Medicine.,134130,1,Public,7,101252.0,194.0,124305,193,121343.0,172.0,134130,University of Florida,29.64629,-82.347911,12,16,0.242,39127,0.6673828964,2,21,1
0181,Veterinary Biomedical and Clinical Sciences.,134130,3,Public,5,60387.0,51.0,77959,55,86986.0,32.0,134130,University of Florida,29.64629,-82.347911,12,16,0.242,39127,0.6673828964,2,21,1
0181,Veterinary Biomedical and Clinical Sciences.,134130,2,Public,8,,,81979,21,,,134130,University of Florida,29.64629,-82.347911,12,16,0.242,39127,0.6673828964,2,21,1
0301,Natural Resources Conservation and Research.,134130,1,Public,3,34454.0,29.0,62683,29,53912.0,28.0,134130,University of Florida,29.64629,-82.347911,12,16,0.242,39127,0.6673828964,2,21,1
0303,Fishing and Fisheries Sciences and Management.,134130,3,Public,5,53216.0,32.0,67836,27,,,134130,University of Florida,29.64629,-82.347911,12,16,0.242,39127,0.6673828964,2,21,1
0305,Forestry.,134130,1,Public,3,26838.0,65.0,48755,68,48054.0,59.0,134130,University of Florida,29.64629,-82.347911,12,16,0.242,39127,0.6673828964,2,21,1
0305,Forestry.,134130,3,Public,5,60468.0,39.0,72807,36,75601.0,18.0,134130,University of Florida,29.64629,-82.347911,12,16,0.242,39127,0.6673828964,2,21,1
0306,Wildlife and Wildlands Science and Management.,134130,1,Public,3,23715.0,66.0,40434,54,39946.0,44.0,134130,University of Florida,29.64629,-82.347911,12,16,0.242,39127,0.6673828964,2,21,1
0402,Architecture.,134130,1,Public,3,40542.0,71.0,67399,86,62177.0,73.0,134130,University of Florida,29.64629,-82.347911,12,16,0.242,39127,0.6673828964,2,21,1
0402,Architecture.,134130,3,Public,5,61661.0,49.0,88820,56,72791.0,83.0,134130,University of Florida,29.64629,-82.347911,12,16,0.242,39127,0.6673828964,2,21,1
0403,"City/Urban, Community, and Regional Planning.",134130,3,Public,5,69502.0,27.0,84226,37,76806.0,25.0,134130,University of Florida,29.64629,-82.347911,12,16,0.242,39127,0.6673828964,2,21,1
0502,"Ethnic, Cultural Minority, Gender, and Group Studies.",134130,1,Public,3,26198.0,51.0,51791,53,52141.0,28.0,134130,University of Florida,29.64629,-82.347911,12,16,0.242,39127,0.6673828964,2,21,1
0901,Communication and Media Studies.,134130,3,Public,5,58996.0,139.0,86823,98,74884.0,125.0,134130,University of Florida,29.64629,-82.347911,12,16,0.242,39127,0.6673828964,2,21,1
0901,Communication and Media Studies.,134130,2,Public,8,,,110796,18,,,134130,University of Florida,29.64629,-82.347911,12,16,0.242,39127,0.6673828964,2,21,1
0904,Journalism.,134130,3,Public,3,38164.0,113.0,58150,101,58392.0,153.0,134130,University of Florida,29.64629,-82.347911,12,16,0.242,39127,0.6673828964,2,21,1
0907,"Radio, Television, and Digital Communication.",134130,3,Public,3,33178.0,224.0,62227,255,57845.0,269.0,134130,University of Florida,29.64629,-82.347911,12,16,0.242,39127,0.6673828964,2,21,1
0909,"Public Relations, Advertising, and Applied Communication.",134130,3,Public,3,42099.0,403.0,69600,407,72397.0,366.0,134130,University of Florida,29.64629,-82.347911,12,16,0.242,39127,0.6673828964,2,21,1
1101,"Computer and Information Sciences, General.",134130,3,Public,3,90651.0,267.0,126268,201,128097.0,111.0,134130,University of Florida,29.64629,-82.347911,12,16,0.242,39127,0.6673828964,2,21,1
1105,Computer Systems Analysis.,134130,1,Public,5,81733.0,112.0,116725,84,118505.0,55.0,134130,University of Florida,29.64629,-82.347911,12,16,0.242,39127,0.6673828964,2,21,1
1303,Curriculum and Instruction.,134130,3,Public,5,58323.0,41.0,66003,37,65225.0,57.0,134130,University of Florida,29.64629,-82.347911,12,16,0.242,39127,0.6673828964,2,21,1
1303,Curriculum and Instruction.,134130,1,Public,6,73463.0,32.0,91306,42,78995.0,35.0,134130,University of Florida,29.64629,-82.347911,12,16,0.242,39127,0.6673828964,2,21,1
1304,Educational Administration and Supervision.,134130,3,Public,5,59791.0,29.0,78070,19,72931.0,20.0,134130,University of Florida,29.64629,-82.347911,12,16,0.242,39127,0.6673828964,2,21,1
1304,Educational Administration and Supervision.,134130,3,Public,6,91174.0,22.0,86490,23,89476.0,24.0,134130,University of Florida,29.64629,-82.347911,12,16,0.242,39127,0.6673828964,2,21,1
1310,Special Education and Teaching.,134130,3,Public,5,51147.0,49.0,51700,47,56907.0,71.0,134130,University of Florida,29.64629,-82.347911,12,16,0.242,39127,0.6673828964,2,21,1
1311,Student Counseling and Personnel Services.,134130,1,Public,5,48924.0,40.0,60270,40,56612.0,39.0,134130,University of Florida,29.64629,-82.347911,12,16,0.242,39127,0.6673828964,2,21,1
1312,"Teacher Education and Professional Development, Specific Levels and Methods.",134130,1,Public,3,46209.0,21.0,53079,81,,,134130,University of Florida,29.64629,-82.347911,12,16,0.242,39127,0.6673828964,2,21,1
1312,"Teacher Education and Professional Development, Specific Levels and Methods.",134130,1,Public,5,50802.0,88.0,55853,91,55631.0,145.0,134130,University of Florida,29.64629,-82.347911,12,16,0.242,39127,0.6673828964,2,21,1
1313,"Teacher Education and Professional Development, Specific Subject Areas.",134130,1,Public,3,47572.0,79.0,55284,83,51336.0,76.0,134130,University of Florida,29.64629,-82.347911,12,16,0.242,39127,0.6673828964,2,21,1
1313,"Teacher Education and Professional Development, Specific Subject Areas.",134130,1,Public,5,55380.0,148.0,62447,158,58570.0,158.0,134130,University of Florida,29.64629,-82.347911,12,16,0.242,39127,0.6673828964,2,21,1
1402,"Aerospace, Aeronautical, and Astronautical/Space Engineering.",134130,1,Public,3,70760.0,85.0,94375,76,100208.0,83.0,134130,University of Florida,29.64629,-82.347911,12,16,0.242,39127,0.6673828964,2,21,1
1402,"Aerospace, Aeronautical, and Astronautical/Space Engineering.",134130,3,Public,5,92942.0,19.0,108542,23,,,134130,University of Florida,29.64629,-82.347911,12,16,0.242,39127,0.6673828964,2,21,1
1405,Biomedical/Medical Engineering.,134130,1,Public,3,60524.0,46.0,88078,40,,,134130,University of Florida,29.64629,-82.347911,12,16,0.242,39127,0.6673828964,2,21,1
1405,Biomedical/Medical Engineering.,134130,1,Public,5,,,78751,17,102292.0,36.0,134130,University of Florida,29.64629,-82.347911,12,16,0.242,39127,0.6673828964,2,21,1
1407,Chemical Engineering.,134130,1,Public,3,87164.0,104.0,109607,114,104630.0,153.0,134130,University of Florida,29.64629,-82.347911,12,16,0.242,39127,0.6673828964,2,21,1
1408,Civil Engineering.,134130,1,Public,3,72889.0,123.0,86453,141,87493.0,115.0,134130,University of Florida,29.64629,-82.347911,12,16,0.242,39127,0.6673828964,2,21,1
1408,Civil Engineering.,134130,3,Public,5,75768.0,32.0,91116,41,100137.0,51.0,134130,University of Florida,29.64629,-82.347911,12,16,0.242,39127,0.6673828964,2,21,1
1409,Computer Engineering.,134130,1,Public,3,87949.0,114.0,128140,95,114942.0,89.0,134130,University of Florida,29.64629,-82.347911,12,16,0.242,39127,0.6673828964,2,21,1
1410,"Electrical, Electronics, and Communications Engineering.",134130,1,Public,3,85243.0,141.0,107543,128,104143.0,114.0,134130,University of Florida,29.64629,-82.347911,12,16,0.242,39127,0.6673828964,2,21,1
1410,"Electrical, Electronics, and Communications Engineering.",134130,3,Public,5,106120.0,32.0,121478,42,,,134130,University of Florida,29.64629,-82.347911,12,16,0.242,39127,0.6673828964,2,21,1
1414,Environmental/Environmental Health Engineering.,134130,1,Public,3,62480.0,35.0,80635,38,74218.0,26.0,134130,University of Florida,29.64629,-82.347911,12,16,0.242,39127,0.6673828964,2,21,1
1414,Environmental/Environmental Health Engineering.,134130,3,Public,5,82095.0,26.0,103569,34,96604.0,31.0,134130,University of Florida,29.64629,-82.347911,12,16,0.242,39127,0.6673828964,2,21,1
1418,Materials Engineering.,134130,1,Public,3,79200.0,32.0,87779,28,86081.0,27.0,134130,University of Florida,29.64629,-82.347911,12,16,0.242,39127,0.6673828964,2,21,1
1418,Materials Engineering.,134130,1,Public,5,97525.0,19.0,113416,22,,,134130,University of Florida,29.64629,-82.347911,12,16,0.242,39127,0.6673828964,2,21,1
1418,Materials Engineering.,134130,1,Public,6,,,128018,19,,,134130,University of Florida,29.64629,-82.347911,12,16,0.242,39127,0.6673828964,2,21,1
1419,Mechanical Engineering.,134130,1,Public,3,76228.0,250.0,97113,287,94291.0,335.0,134130,University of Florida,29.64629,-82.347911,12,16,0.242,39127,0.6673828964,2,21,1
1419,Mechanical Engineering.,134130,3,Public,5,85272.0,53.0,109893,58,102878.0,34.0,134130,University of Florida,29.64629,-82.347911,12,16,0.242,39127,0.6673828964,2,21,1
1419,Mechanical Engineering.,134130,1,Public,6,92933.0,22.0,106068,21,122443.0,18.0,134130,University of Florida,29.64629,-82.347911,12,16,0.242,39127,0.6673828964,2,21,1
1427,Systems Engineering.,134130,1,Public,3,85698.0,106.0,122299,103,108020.0,181.0,134130,University of Florida,29.64629,-82.347911,12,16,0.242,39127,0.6673828964,2,21,1
1427,Systems Engineering.,134130,3,Public,5,107972.0,26.0,137191,50,138498.0,41.0,134130,University of Florida,29.64629,-82.347911,12,16,0.242,39127,0.6673828964,2,21,1
1445,Biological/Biosystems Engineering.,134130,1,Public,3,46917.0,20.0,89799,20,75981.0,27.0,134130,University of Florida,29.64629,-82.347911,12,16,0.242,39127,0.6673828964,2,21,1
1510,Construction Engineering Technology/Technician.,134130,1,Public,3,79410.0,79.0,109139,74,112831.0,69.0,134130,University of Florida,29.64629,-82.347911,12,16,0.242,39127,0.6673828964,2,21,1
1511,Engineering-Related Technologies/Technicians.,134130,1,Public,3,59013.0,17.0,78933,23,,,134130,University of Florida,29.64629,-82.347911,12,16,0.242,39127,0.6673828964,2,21,1
1601,"Linguistic, Comparative, and Related Language Studies and Services.",134130,1,Public,3,30205.0,61.0,48198,61,48373.0,82.0,134130,University of Florida,29.64629,-82.347911,12,16,0.242,39127,0.6673828964,2,21,1
1609,"Romance Languages, Literatures, and Linguistics.",134130,1,Public,3,27578.0,37.0,65765,33,61423.0,59.0,134130,University of Florida,29.64629,-82.347911,12,16,0.242,39127,0.6673828964,2,21,1
1907,"Human Development, Family Studies, and Related Services.",134130,1,Public,3,35759.0,89.0,51497,95,50041.0,158.0,134130,University of Florida,29.64629,-82.347911,12,16,0.242,39127,0.6673828964,2,21,1
1907,"Human Development, Family Studies, and Related Services.",134130,3,Public,5,49947.0,16.0,59496,19,,,134130,University of Florida,29.64629,-82.347911,12,16,0.242,39127,0.6673828964,2,21,1
2201,Law.,134130,1,Public,7,72350.0,467.0,114496,536,116234.0,445.0,134130,University of Florida,29.64629,-82.347911,12,16,0.242,39127,0.6673828964,2,21,1
2202,Legal Research and Advanced Professional Studies.,134130,1,Public,5,106227.0,79.0,142291,72,145138.0,113.0,134130,University of Florida,29.64629,-82.347911,12,16,0.242,39127,0.6673828964,2,21,1
2301,"English Language and Literature, General.",134130,1,Public,3,26917.0,145.0,49046,157,53428.0,191.0,134130,University of Florida,29.64629,-82.347911,12,16,0.242,39127,0.6673828964,2,21,1
2301,"English Language and Literature, General.",134130,1,Public,6,67247.0,16.0,69667,17,69985.0,22.0,134130,University of Florida,29.64629,-82.347911,12,16,0.242,39127,0.6673828964,2,21,1
2601,"Biology, General.",134130,3,Public,3,24713.0,324.0,53645,198,66170.0,321.0,134130,University of Florida,29.64629,-82.347911,12,16,0.242,39127,0.6673828964,2,21,1
2605,Microbiological Sciences and Immunology.,134130,3,Public,3,27994.0,132.0,64285,81,60469.0,115.0,134130,University of Florida,29.64629,-82.347911,12,16,0.242,39127,0.6673828964,2,21,1
2605,Microbiological Sciences and Immunology.,134130,3,Public,5,58615.0,108.0,79163,79,,,134130,University of Florida,29.64629,-82.347911,12,16,0.242,39127,0.6673828964,2,21,1
2607,Zoology/Animal Biology.,134130,1,Public,3,23809.0,26.0,41961,25,58561.0,38.0,134130,University of Florida,29.64629,-82.347911,12,16,0.242,39127,0.6673828964,2,21,1
2607,Zoology/Animal Biology.,134130,1,Public,5,49839.0,20.0,73457,16,,,134130,University of Florida,29.64629,-82.347911,12,16,0.242,39127,0.6673828964,2,21,1
2607,Zoology/Animal Biology.,134130,1,Public,6,,,94713,20,,,134130,University of Florida,29.64629,-82.347911,12,16,0.242,39127,0.6673828964,2,21,1
2609,"Physiology, Pathology and Related Sciences.",134130,1,Public,3,24588.0,102.0,73679,124,66875.0,184.0,134130,University of Florida,29.64629,-82.347911,12,16,0.242,39127,0.6673828964,2,21,1
2609,"Physiology, Pathology and Related Sciences.",134130,3,Public,5,43895.0,30.0,60313,29,52199.0,38.0,134130,University of Florida,29.64629,-82.347911,12,16,0.242,39127,0.6673828964,2,21,1
2699,"Biological and Biomedical Sciences, Other.",134130,3,Public,5,54048.0,19.0,80756,19,,,134130,University of Florida,29.64629,-82.347911,12,16,0.242,39127,0.6673828964,2,21,1
2699,"Biological and Biomedical Sciences, Other.",134130,1,Public,6,63908.0,42.0,108414,34,82512.0,25.0,134130,University of Florida,29.64629,-82.347911,12,16,0.242,39127,0.6673828964,2,21,1
2699,"Biological and Biomedical Sciences, Other.",134130,2,Public,8,,,64263,23,,,134130,University of Florida,29.64629,-82.347911,12,16,0.242,39127,0.6673828964,2,21,1
2701,Mathematics.,134130,1,Public,3,46036.0,55.0,93022,59,86226.0,55.0,134130,University of Florida,29.64629,-82.347911,12,16,0.242,39127,0.6673828964,2,21,1
2705,Statistics.,134130,1,Public,3,59619.0,30.0,98409,32,92382.0,36.0,134130,University of Florida,29.64629,-82.347911,12,16,0.242,39127,0.6673828964,2,21,1
3020,International/Globalization Studies.,134130,1,Public,3,29043.0,62.0,59432,71,64698.0,76.0,134130,University of Florida,29.64629,-82.347911,12,16,0.242,39127,0.6673828964,2,21,1
3033,Sustainability Studies.,134130,1,Public,3,39261.0,52.0,61281,55,62552.0,35.0,134130,University of Florida,29.64629,-82.347911,12,16,0.242,39127,0.6673828964,2,21,1
3099,"Multi/Interdisciplinary Studies, Other.",134130,3,Public,3,33854.0,61.0,50633,42,67069.0,33.0,134130,University of Florida,29.64629,-82.347911,12,16,0.242,39127,0.6673828964,2,21,1
3103,"Parks, Recreation, and Leisure Facilities Management.",134130,3,Public,3,41046.0,61.0,64497,64,52792.0,100.0,134130,University of Florida,29.64629,-82.347911,12,16,0.242,39127,0.6673828964,2,21,1
3105,"Sports, Kinesiology, and Physical Education/Fitness.",134130,3,Public,3,39717.0,110.0,60497,133,57216.0,113.0,134130,University of Florida,29.64629,-82.347911,12,16,0.242,39127,0.6673828964,2,21,1
3105,"Sports, Kinesiology, and Physical Education/Fitness.",134130,3,Public,5,50375.0,86.0,68986,80,69717.0,36.0,134130,University of Florida,29.64629,-82.347911,12,16,0.242,39127,0.6673828964,2,21,1
3801,Philosophy.,134130,1,Public,3,24048.0,53.0,52656,44,69827.0,36.0,134130,University of Florida,29.64629,-82.347911,12,16,0.242,39127,0.6673828964,2,21,1
4005,Chemistry.,134130,1,Public,3,25418.0,71.0,56179,42,62885.0,77.0,134130,University of Florida,29.64629,-82.347911,12,16,0.242,39127,0.6673828964,2,21,1
4005,Chemistry.,134130,1,Public,6,83359.0,19.0,100761,30,135069.0,21.0,134130,University of Florida,29.64629,-82.347911,12,16,0.242,39127,0.6673828964,2,21,1
4006,Geological and Earth Sciences/Geosciences.,134130,3,Public,3,40691.0,33.0,69943,27,53189.0,40.0,134130,University of Florida,29.64629,-82.347911,12,16,0.242,39127,0.6673828964,2,21,1
4008,Physics.,134130,1,Public,3,,,68682,22,71362.0,24.0,134130,University of Florida,29.64629,-82.347911,12,16,0.242,39127,0.6673828964,2,21,1
4201,"Psychology, General.",134130,3,Public,3,26003.0,292.0,57053,323,57099.0,390.0,134130,University of Florida,29.64629,-82.347911,12,16,0.242,39127,0.6673828964,2,21,1
4201,"Psychology, General.",134130,1,Public,6,77375.0,29.0,103154,35,112858.0,25.0,134130,University of Florida,29.64629,-82.347911,12,16,0.242,39127,0.6673828964,2,21,1
4228,"Clinical, Counseling and Applied Psychology.",134130,1,Public,6,,,97680,18,94280.0,18.0,134130,University of Florida,29.64629,-82.347911,12,16,0.242,39127,0.6673828964,2,21,1
4302,Fire Protection.,134130,3,Public,3,86740.0,30.0,97839,30,,,134130,University of Florida,29.64629,-82.347911,12,16,0.242,39127,0.6673828964,2,21,1
4502,Anthropology.,134130,3,Public,3,29036.0,127.0,47348,140,53927.0,178.0,134130,University of Florida,29.64629,-82.347911,12,16,0.242,39127,0.6673828964,2,21,1
4502,Anthropology.,134130,1,Public,6,51319.0,19.0,72423,17,72231.0,20.0,134130,University of Florida,29.64629,-82.347911,12,16,0.242,39127,0.6673828964,2,21,1
4504,Criminology.,134130,3,Public,3,35096.0,180.0,57953,216,61030.0,221.0,134130,University of Florida,29.64629,-82.347911,12,16,0.242,39127,0.6673828964,2,21,1
4506,Economics.,134130,1,Public,3,42349.0,189.0,89075,197,79677.0,202.0,134130,University of Florida,29.64629,-82.347911,12,16,0.242,39127,0.6673828964,2,21,1
4507,Geography and Cartography.,134130,1,Public,3,43856.0,27.0,67276,34,56172.0,22.0,134130,University of Florida,29.64629,-82.347911,12,16,0.242,39127,0.6673828964,2,21,1
4510,Political Science and Government.,134130,1,Public,3,31574.0,263.0,70434,283,70551.0,262.0,134130,University of Florida,29.64629,-82.347911,12,16,0.242,39127,0.6673828964,2,21,1
4510,Political Science and Government.,134130,1,Public,5,,,86694,18,76442.0,20.0,134130,University of Florida,29.64629,-82.347911,12,16,0.242,39127,0.6673828964,2,21,1
4511,Sociology.,134130,3,Public,3,33611.0,174.0,51039,174,51030.0,161.0,134130,University of Florida,29.64629,-82.347911,12,16,0.242,39127,0.6673828964,2,21,1
5001,"Visual and Performing Arts, General.",134130,3,Public,3,30629.0,45.0,47546,55,,,134130,University of Florida,29.64629,-82.347911,12,16,0.242,39127,0.6673828964,2,21,1
5003,Dance.,134130,1,Public,3,16639.0,30.0,42624,22,21714.0,27.0,134130,University of Florida,29.64629,-82.347911,12,16,0.242,39127,0.6673828964,2,21,1
5004,Design and Applied Arts.,134130,1,Public,3,43144.0,58.0,65656,50,73474.0,57.0,134130,University of Florida,29.64629,-82.347911,12,16,0.242,39127,0.6673828964,2,21,1
5005,Drama/Theatre Arts and Stagecraft.,134130,1,Public,3,16318.0,45.0,41707,55,35412.0,48.0,134130,University of Florida,29.64629,-82.347911,12,16,0.242,39127,0.6673828964,2,21,1
5007,Fine and Studio Arts.,134130,1,Public,3,23793.0,78.0,39332,83,28324.0,93.0,134130,University of Florida,29.64629,-82.347911,12,16,0.242,39127,0.6673828964,2,21,1
5009,Music.,134130,1,Public,3,22559.0,18.0,61446,28,40213.0,35.0,134130,University of Florida,29.64629,-82.347911,12,16,0.242,39127,0.6673828964,2,21,1
5009,Music.,134130,1,Public,5,,,59913,21,,,134130,University of Florida,29.64629,-82.347911,12,16,0.242,39127,0.6673828964,2,21,1
5100,"Health Services/Allied Health/Health Sciences, General.",134130,1,Public,3,23493.0,71.0,74152,120,81169.0,162.0,134130,University of Florida,29.64629,-82.347911,12,16,0.242,39127,0.6673828964,2,21,1
5102,Communication Disorders Sciences and Services.,134130,3,Public,3,26539.0,26.0,65370,70,59252.0,72.0,134130,University of Florida,29.64629,-82.347911,12,16,0.242,39127,0.6673828964,2,21,1
5102,Communication Disorders Sciences and Services.,134130,1,Public,5,58884.0,43.0,71170,41,69792.0,44.0,134130,University of Florida,29.64629,-82.347911,12,16,0.242,39127,0.6673828964,2,21,1
5102,Communication Disorders Sciences and Services.,134130,1,Public,6,72758.0,20.0,87909,18,89705.0,40.0,134130,University of Florida,29.64629,-82.347911,12,16,0.242,39127,0.6673828964,2,21,1
5104,Dentistry.,134130,1,Public,7,132958.0,135.0,176959,159,181489.0,123.0,134130,University of Florida,29.64629,-82.347911,12,16,0.242,39127,0.6673828964,2,21,1
5105,Advanced/Graduate Dentistry and Oral Sciences.,134130,1,Public,5,246053.0,21.0,207455,22,271873.0,21.0,134130,University of Florida,29.64629,-82.347911,12,16,0.242,39127,0.6673828964,2,21,1
5107,Health and Medical Administrative Services.,134130,1,Public,5,67497.0,29.0,107445,31,105472.0,31.0,134130,University of Florida,29.64629,-82.347911,12,16,0.242,39127,0.6673828964,2,21,1
5109,"Allied Health Diagnostic, Intervention, and Treatment Professions.",134130,1,Public,5,,,128417,56,131440.0,106.0,134130,University of Florida,29.64629,-82.347911,12,16,0.242,39127,0.6673828964,2,21,1
5109,"Allied Health Diagnostic, Intervention, and Treatment Professions.",134130,1,Public,7,107126.0,102.0,130026,50,,,134130,University of Florida,29.64629,-82.347911,12,16,0.242,39127,0.6673828964,2,21,1
5112,Medicine.,134130,1,Public,7,61829.0,238.0,104811,242,154656.0,201.0,134130,University of Florida,29.64629,-82.347911,12,16,0.242,39127,0.6673828964,2,21,1
5115,Mental and Social Health Services and Allied Professions.,134130,1,Public,5,35991.0,42.0,59616,39,56589.0,26.0,134130,University of Florida,29.64629,-82.347911,12,16,0.242,39127,0.6673828964,2,21,1
5120,"Pharmacy, Pharmaceutical Sciences, and Administration.",134130,3,Public,5,80554.0,204.0,86586,209,104144.0,214.0,134130,University of Florida,29.64629,-82.347911,12,16,0.242,39127,0.6673828964,2,21,1
5120,"Pharmacy, Pharmaceutical Sciences, and Administration.",134130,3,Public,7,92187.0,502.0,138188,527,142742.0,515.0,134130,University of Florida,29.64629,-82.347911,12,16,0.242,39127,0.6673828964,2,21,1
5120,"Pharmacy, Pharmaceutical Sciences, and Administration.",134130,2,Public,8,,,77764,25,,,134130,University of Florida,29.64629,-82.347911,12,16,0.242,39127,0.6673828964,2,21,1
5122,Public Health.,134130,1,Public,3,30056.0,161.0,68605,219,66251.0,127.0,134130,University of Florida,29.64629,-82.347911,12,16,0.242,39127,0.6673828964,2,21,1
5122,Public Health.,134130,3,Public,5,54905.0,117.0,80455,109,68408.0,99.0,134130,University of Florida,29.64629,-82.347911,12,16,0.242,39127,0.6673828964,2,21,1
5123,Rehabilitation and Therapeutic Professions.,134130,1,Public,5,74190.0,66.0,80318,64,77455.0,80.0,134130,University of Florida,29.64629,-82.347911,12,16,0.242,39127,0.6673828964,2,21,1
5123,Rehabilitation and Therapeutic Professions.,134130,1,Public,6,,,85608,68,79002.0,102.0,134130,University of Florida,29.64629,-82.347911,12,16,0.242,39127,0.6673828964,2,21,1
5123,Rehabilitation and Therapeutic Professions.,134130,1,Public,7,74187.0,119.0,79729,56,,,134130,University of Florida,29.64629,-82.347911,12,16,0.242,39127,0.6673828964,2,21,1
5131,Dietetics and Clinical Nutrition Services.,134130,1,Public,3,,,62145,19,,,134130,University of Florida,29.64629,-82.347911,12,16,0.242,39127,0.6673828964,2,21,1
5138,"Registered Nursing, Nursing Administration, Nursing Research and Clinical Nursing.",134130,3,Public,3,73711.0,373.0,79839,266,77478.0,133.0,134130,University of Florida,29.64629,-82.347911,12,16,0.242,39127,0.6673828964,2,21,1
5138,"Registered Nursing, Nursing Administration, Nursing Research and Clinical Nursing.",134130,1,Public,6,,,120248,77,116198.0,68.0,134130,University of Florida,29.64629,-82.347911,12,16,0.242,39127,0.6673828964,2,21,1
5138,"Registered Nursing, Nursing Administration, Nursing Research and Clinical Nursing.",134130,3,Public,7,107154.0,115.0,136765,47,,,134130,University of Florida,29.64629,-82.347911,12,16,0.242,39127,0.6673828964,2,21,1
5202,"Business Administration, Management and Operations.",134130,3,Public,3,52032.0,425.0,82615,422,73834.0,340.0,134130,University of Florida,29.64629,-82.347911,12,16,0.242,39127,0.6673828964,2,21,1
5202,"Business Administration, Management and Operations.",134130,3,Public,5,95217.0,784.0,137404,799,130196.0,736.0,134130,University of Florida,29.64629,-82.347911,12,16,0.242,39127,0.6673828964,2,21,1
5202,"Business Administration, Management and Operations.",134130,1,Public,6,,,196541,18,,,134130,University of Florida,29.64629,-82.347911,12,16,0.242,39127,0.6673828964,2,21,1
5203,Accounting and Related Services.,134130,1,Public,3,65144.0,16.0,94941,59,88563.0,118.0,134130,University of Florida,29.64629,-82.347911,12,16,0.242,39127,0.6673828964,2,21,1
5203,Accounting and Related Services.,134130,1,Public,5,65973.0,89.0,107577,95,110436.0,134.0,134130,University of Florida,29.64629,-82.347911,12,16,0.242,39127,0.6673828964,2,21,1
5207,Entrepreneurial and Small Business Operations.,134130,1,Public,5,,,73019,22,71245.0,19.0,134130,University of Florida,29.64629,-82.347911,12,16,0.242,39127,0.6673828964,2,21,1
5208,Finance and Financial Management Services.,134130,1,Public,3,70663.0,192.0,106153,233,101867.0,361.0,134130,University of Florida,29.64629,-82.347911,12,16,0.242,39127,0.6673828964,2,21,1
5208,Finance and Financial Management Services.,134130,1,Public,5,116367.0,25.0,173875,32,142122.0,49.0,134130,University of Florida,29.64629,-82.347911,12,16,0.242,39127,0.6673828964,2,21,1
5213,Management Sciences and Quantitative Methods.,134130,1,Public,3,60290.0,68.0,109220,83,100320.0,67.0,134130,University of Florida,29.64629,-82.347911,12,16,0.242,39127,0.6673828964,2,21,1
5214,Marketing.,134130,1,Public,3,56454.0,165.0,92626,184,80633.0,189.0,134130,University of Florida,29.64629,-82.347911,12,16,0.242,39127,0.6673828964,2,21,1
5215,Real Estate.,134130,1,Public,5,77016.0,22.0,148764,20,117530.0,24.0,134130,University of Florida,29.64629,-82.347911,12,16,0.242,39127,0.6673828964,2,21,1
5401,History.,134130,1,Public,3,27360.0,91.0,54448,91,57470.0,136.0,134130,University of Florida,29.64629,-82.347911,12,16,0.242,39127,0.6673828964,2,21,1
1204,Cosmetology and Related Personal Grooming Services.,134228,1,"Private, for-profit",1,20902.0,79.0,22754,94,19839.0,146.0,134228,Fort Pierce Beauty Academy,27.411962,-80.325377,21,-2,,11766,0.9569230769,1,28,1
5135,Somatic Bodywork and Related Therapeutic Services.,134228,0,"Private, for-profit",1,19101.0,27.0,31517,31,25891.0,40.0,134228,Fort Pierce Beauty Academy,27.411962,-80.325377,21,-2,,11766,0.9569230769,1,28,1
0901,Communication and Media Studies.,134237,2,"Private, for-profit",1,28447.0,485.0,37679,466,38295.0,394.0,134237,Full Sail University,28.596546,-81.301286,21,15,,21349,0.7669108669,1,25,1
0901,Communication and Media Studies.,134237,2,"Private, for-profit",2,,,37309,20,,,134237,Full Sail University,28.596546,-81.301286,21,15,,21349,0.7669108669,1,25,1
0901,Communication and Media Studies.,134237,2,"Private, for-profit",3,30561.0,154.0,44933,135,49929.0,55.0,134237,Full Sail University,28.596546,-81.301286,21,15,,21349,0.7669108669,1,25,1
0904,Journalism.,134237,3,"Private, for-profit",5,41887.0,56.0,53227,60,52002.0,68.0,134237,Full Sail University,28.596546,-81.301286,21,15,,21349,0.7669108669,1,25,1
0909,"Public Relations, Advertising, and Applied Communication.",134237,2,"Private, for-profit",3,26728.0,50.0,42719,52,,,134237,Full Sail University,28.596546,-81.301286,21,15,,21349,0.7669108669,1,25,1
0909,"Public Relations, Advertising, and Applied Communication.",134237,2,"Private, for-profit",5,37416.0,87.0,53820,124,48312.0,110.0,134237,Full Sail University,28.596546,-81.301286,21,15,,21349,0.7669108669,1,25,1
1001,Communications Technologies/Technicians.,134237,2,"Private, for-profit",2,14274.0,38.0,26827,38,,,134237,Full Sail University,28.596546,-81.301286,21,15,,21349,0.7669108669,1,25,1
1001,Communications Technologies/Technicians.,134237,2,"Private, for-profit",3,15893.0,239.0,36898,282,,,134237,Full Sail University,28.596546,-81.301286,21,15,,21349,0.7669108669,1,25,1
1002,Audiovisual Communications Technologies/Technicians.,134237,2,"Private, for-profit",1,24862.0,312.0,36188,477,,,134237,Full Sail University,28.596546,-81.301286,21,15,,21349,0.7669108669,1,25,1
1002,Audiovisual Communications Technologies/Technicians.,134237,2,"Private, for-profit",2,27597.0,93.0,44156,78,30485.0,167.0,134237,Full Sail University,28.596546,-81.301286,21,15,,21349,0.7669108669,1,25,1
1002,Audiovisual Communications Technologies/Technicians.,134237,2,"Private, for-profit",3,30014.0,374.0,44012,273,32451.0,523.0,134237,Full Sail University,28.596546,-81.301286,21,15,,21349,0.7669108669,1,25,1
1003,Graphic Communications.,134237,0,"Private, for-profit",3,,,34818,106,38544.0,635.0,134237,Full Sail University,28.596546,-81.301286,21,15,,21349,0.7669108669,1,25,1
1101,"Computer and Information Sciences, General.",134237,1,"Private, for-profit",3,52927.0,34.0,80909,17,,,134237,Full Sail University,28.596546,-81.301286,21,15,,21349,0.7669108669,1,25,1
1102,Computer Programming.,134237,2,"Private, for-profit",2,,,59102,22,,,134237,Full Sail University,28.596546,-81.301286,21,15,,21349,0.7669108669,1,25,1
1102,Computer Programming.,134237,2,"Private, for-profit",3,67539.0,46.0,83694,64,81925.0,251.0,134237,Full Sail University,28.596546,-81.301286,21,15,,21349,0.7669108669,1,25,1
1107,Computer Science.,134237,2,"Private, for-profit",2,19693.0,18.0,32197,19,,,134237,Full Sail University,28.596546,-81.301286,21,15,,21349,0.7669108669,1,25,1
1107,Computer Science.,134237,2,"Private, for-profit",3,50359.0,75.0,77512,82,,,134237,Full Sail University,28.596546,-81.301286,21,15,,21349,0.7669108669,1,25,1
1108,Computer Software and Media Applications.,134237,0,"Private, for-profit",3,,,66676,20,51455.0,324.0,134237,Full Sail University,28.596546,-81.301286,21,15,,21349,0.7669108669,1,25,1
1110,Computer/Information Technology Administration and Management.,134237,2,"Private, for-profit",3,40968.0,28.0,62381,27,,,134237,Full Sail University,28.596546,-81.301286,21,15,,21349,0.7669108669,1,25,1
1305,Educational/Instructional Media Design.,134237,3,"Private, for-profit",5,58654.0,52.0,69641,60,68369.0,97.0,134237,Full Sail University,28.596546,-81.301286,21,15,,21349,0.7669108669,1,25,1
1409,Computer Engineering.,134237,2,"Private, for-profit",3,61553.0,26.0,93410,27,,,134237,Full Sail University,28.596546,-81.301286,21,15,,21349,0.7669108669,1,25,1
1512,Computer Engineering Technologies/Technicians.,134237,2,"Private, for-profit",3,58321.0,27.0,59181,28,,,134237,Full Sail University,28.596546,-81.301286,21,15,,21349,0.7669108669,1,25,1
2313,Rhetoric and Composition/Writing Studies.,134237,2,"Private, for-profit",2,28090.0,44.0,36220,35,,,134237,Full Sail University,28.596546,-81.301286,21,15,,21349,0.7669108669,1,25,1
2313,Rhetoric and Composition/Writing Studies.,134237,2,"Private, for-profit",3,23449.0,246.0,33429,273,31734.0,374.0,134237,Full Sail University,28.596546,-81.301286,21,15,,21349,0.7669108669,1,25,1
2313,Rhetoric and Composition/Writing Studies.,134237,2,"Private, for-profit",5,36401.0,162.0,44962,159,43727.0,148.0,134237,Full Sail University,28.596546,-81.301286,21,15,,21349,0.7669108669,1,25,1
3031,Human Computer Interaction.,134237,2,"Private, for-profit",2,32253.0,104.0,42107,83,,,134237,Full Sail University,28.596546,-81.301286,21,15,,21349,0.7669108669,1,25,1
3031,Human Computer Interaction.,134237,2,"Private, for-profit",3,26924.0,492.0,45823,592,42044.0,76.0,134237,Full Sail University,28.596546,-81.301286,21,15,,21349,0.7669108669,1,25,1
3031,Human Computer Interaction.,134237,2,"Private, for-profit",5,30599.0,91.0,53230,90,,,134237,Full Sail University,28.596546,-81.301286,21,15,,21349,0.7669108669,1,25,1
5001,"Visual and Performing Arts, General.",134237,2,"Private, for-profit",2,27720.0,83.0,38049,73,,,134237,Full Sail University,28.596546,-81.301286,21,15,,21349,0.7669108669,1,25,1
5001,"Visual and Performing Arts, General.",134237,2,"Private, for-profit",3,22439.0,328.0,36870,326,,,134237,Full Sail University,28.596546,-81.301286,21,15,,21349,0.7669108669,1,25,1
5004,Design and Applied Arts.,134237,2,"Private, for-profit",2,23719.0,103.0,38716,91,,,134237,Full Sail University,28.596546,-81.301286,21,15,,21349,0.7669108669,1,25,1
5004,Design and Applied Arts.,134237,2,"Private, for-profit",3,25479.0,306.0,44962,369,44692.0,524.0,134237,Full Sail University,28.596546,-81.301286,21,15,,21349,0.7669108669,1,25,1
5004,Design and Applied Arts.,134237,2,"Private, for-profit",5,41119.0,127.0,60023,135,52770.0,147.0,134237,Full Sail University,28.596546,-81.301286,21,15,,21349,0.7669108669,1,25,1
5005,Drama/Theatre Arts and Stagecraft.,134237,1,"Private, for-profit",3,20226.0,128.0,44878,162,30344.0,192.0,134237,Full Sail University,28.596546,-81.301286,21,15,,21349,0.7669108669,1,25,1
5006,Film/Video and Photographic Arts.,134237,2,"Private, for-profit",2,24679.0,75.0,24816,67,,,134237,Full Sail University,28.596546,-81.301286,21,15,,21349,0.7669108669,1,25,1
5006,Film/Video and Photographic Arts.,134237,2,"Private, for-profit",3,24078.0,511.0,33579,590,34243.0,691.0,134237,Full Sail University,28.596546,-81.301286,21,15,,21349,0.7669108669,1,25,1
5006,Film/Video and Photographic Arts.,134237,2,"Private, for-profit",5,21973.0,127.0,39171,110,39432.0,62.0,134237,Full Sail University,28.596546,-81.301286,21,15,,21349,0.7669108669,1,25,1
5007,Fine and Studio Arts.,134237,2,"Private, for-profit",2,24491.0,41.0,32703,37,,,134237,Full Sail University,28.596546,-81.301286,21,15,,21349,0.7669108669,1,25,1
5007,Fine and Studio Arts.,134237,2,"Private, for-profit",3,22603.0,324.0,38124,290,,,134237,Full Sail University,28.596546,-81.301286,21,15,,21349,0.7669108669,1,25,1
5009,Music.,134237,2,"Private, for-profit",2,23018.0,88.0,34987,77,,,134237,Full Sail University,28.596546,-81.301286,21,15,,21349,0.7669108669,1,25,1
5009,Music.,134237,2,"Private, for-profit",3,25005.0,304.0,39466,427,40303.0,448.0,134237,Full Sail University,28.596546,-81.301286,21,15,,21349,0.7669108669,1,25,1
5010,"Arts, Entertainment, and Media Management.",134237,2,"Private, for-profit",2,25184.0,37.0,30931,46,,,134237,Full Sail University,28.596546,-81.301286,21,15,,21349,0.7669108669,1,25,1
5010,"Arts, Entertainment, and Media Management.",134237,2,"Private, for-profit",3,28947.0,275.0,38847,287,38113.0,519.0,134237,Full Sail University,28.596546,-81.301286,21,15,,21349,0.7669108669,1,25,1
5010,"Arts, Entertainment, and Media Management.",134237,2,"Private, for-profit",5,29154.0,283.0,46710,270,42365.0,382.0,134237,Full Sail University,28.596546,-81.301286,21,15,,21349,0.7669108669,1,25,1
5207,Entrepreneurial and Small Business Operations.,134237,3,"Private, for-profit",5,30595.0,39.0,42689,52,46954.0,44.0,134237,Full Sail University,28.596546,-81.301286,21,15,,21349,0.7669108669,1,25,1
5212,Management Information Systems and Services.,134237,3,"Private, for-profit",5,63067.0,38.0,85001,59,85064.0,35.0,134237,Full Sail University,28.596546,-81.301286,21,15,,21349,0.7669108669,1,25,1
5214,Marketing.,134237,3,"Private, for-profit",3,37475.0,41.0,57954,62,41129.0,93.0,134237,Full Sail University,28.596546,-81.301286,21,15,,21349,0.7669108669,1,25,1
5214,Marketing.,134237,3,"Private, for-profit",5,41000.0,130.0,59772,129,,,134237,Full Sail University,28.596546,-81.301286,21,15,,21349,0.7669108669,1,25,1
4301,Criminal Justice and Corrections.,134291,1,Public,1,45951.0,31.0,53477,22,55310.0,21.0,134291,George Stone Technical College,30.487547,-87.290659,21,-2,,15300,,1,29,1
4706,Vehicle Maintenance and Repair Technologies/Technicians.,134291,1,Public,1,38536.0,45.0,45098,45,,,134291,George Stone Technical College,30.487547,-87.290659,21,-2,,15300,,1,29,1
4805,Precision Metal Working.,134291,1,Public,1,,,39684,18,,,134291,George Stone Technical College,30.487547,-87.290659,21,-2,,15300,,1,29,1
2401,"Liberal Arts and Sciences, General Studies and Humanities.",134343,2,Public,2,28078.0,101.0,45814,269,40804.0,320.0,134343,Gulf Coast State College,30.185542,-85.727918,13,9,,22880,0.8783042394,1,25,1
4301,Criminal Justice and Corrections.,134343,1,Public,1,45648.0,38.0,51476,53,45942.0,20.0,134343,Gulf Coast State College,30.185542,-85.727918,13,9,,22880,0.8783042394,1,25,1
5109,"Allied Health Diagnostic, Intervention, and Treatment Professions.",134343,1,Public,1,36981.0,25.0,54452,22,,,134343,Gulf Coast State College,30.185542,-85.727918,13,9,,22880,0.8783042394,1,25,1
5109,"Allied Health Diagnostic, Intervention, and Treatment Professions.",134343,1,Public,2,58019.0,60.0,53083,34,61160.0,58.0,134343,Gulf Coast State College,30.185542,-85.727918,13,9,,22880,0.8783042394,1,25,1
5138,"Registered Nursing, Nursing Administration, Nursing Research and Clinical Nursing.",134343,1,Public,2,62997.0,75.0,71133,126,70993.0,113.0,134343,Gulf Coast State College,30.185542,-85.727918,13,9,,22880,0.8783042394,1,25,1
5138,"Registered Nursing, Nursing Administration, Nursing Research and Clinical Nursing.",134343,1,Public,3,74619.0,18.0,95757,22,,,134343,Gulf Coast State College,30.185542,-85.727918,13,9,,22880,0.8783042394,1,25,1
0183,Veterinary/Animal Health Technologies/Technicians.,134495,1,Public,2,35698.0,22.0,46457,25,38037.0,16.0,134495,Hillsborough Community College,27.934888,-82.456253,11,5,,22087,0.8303442291,1,24,1
0907,"Radio, Television, and Digital Communication.",134495,1,Public,2,,,36536,16,,,134495,Hillsborough Community College,27.934888,-82.456253,11,5,,22087,0.8303442291,1,24,1
1101,"Computer and Information Sciences, General.",134495,1,Public,2,,,52633,20,,,134495,Hillsborough Community College,27.934888,-82.456253,11,5,,22087,0.8303442291,1,24,1
1102,Computer Programming.,134495,1,Public,1,,,66521,28,76035.0,19.0,134495,Hillsborough Community College,27.934888,-82.456253,11,5,,22087,0.8303442291,1,24,1
1102,Computer Programming.,134495,1,Public,2,42710.0,18.0,53358,20,,,134495,Hillsborough Community College,27.934888,-82.456253,11,5,,22087,0.8303442291,1,24,1
1110,Computer/Information Technology Administration and Management.,134495,1,Public,1,,,66000,18,,,134495,Hillsborough Community College,27.934888,-82.456253,11,5,,22087,0.8303442291,1,24,1
1110,Computer/Information Technology Administration and Management.,134495,1,Public,2,40619.0,20.0,53404,25,,,134495,Hillsborough Community College,27.934888,-82.456253,11,5,,22087,0.8303442291,1,24,1
1205,Culinary Arts and Related Services.,134495,1,Public,1,,,40090,25,,,134495,Hillsborough Community College,27.934888,-82.456253,11,5,,22087,0.8303442291,1,24,1
1205,Culinary Arts and Related Services.,134495,1,Public,2,29451.0,16.0,34106,20,,,134495,Hillsborough Community College,27.934888,-82.456253,11,5,,22087,0.8303442291,1,24,1
1513,Drafting/Design Engineering Technologies/Technicians.,134495,1,Public,1,,,59299,18,,,134495,Hillsborough Community College,27.934888,-82.456253,11,5,,22087,0.8303442291,1,24,1
1907,"Human Development, Family Studies, and Related Services.",134495,1,Public,2,,,34316,23,,,134495,Hillsborough Community College,27.934888,-82.456253,11,5,,22087,0.8303442291,1,24,1
2203,Legal Support Services.,134495,3,Public,1,43871.0,18.0,62390,16,,,134495,Hillsborough Community College,27.934888,-82.456253,11,5,,22087,0.8303442291,1,24,1
2203,Legal Support Services.,134495,3,Public,2,39517.0,27.0,56823,33,,,134495,Hillsborough Community College,27.934888,-82.456253,11,5,,22087,0.8303442291,1,24,1
2401,"Liberal Arts and Sciences, General Studies and Humanities.",134495,2,Public,2,30406.0,1073.0,44585,2630,45750.0,896.0,134495,Hillsborough Community College,27.934888,-82.456253,11,5,,22087,0.8303442291,1,24,1
4301,Criminal Justice and Corrections.,134495,1,Public,1,62249.0,225.0,66994,238,62013.0,151.0,134495,Hillsborough Community College,27.934888,-82.456253,11,5,,22087,0.8303442291,1,24,1
4301,Criminal Justice and Corrections.,134495,3,Public,2,33013.0,84.0,47205,134,43586.0,52.0,134495,Hillsborough Community College,27.934888,-82.456253,11,5,,22087,0.8303442291,1,24,1
4302,Fire Protection.,134495,1,Public,1,50331.0,28.0,69090,63,68028.0,28.0,134495,Hillsborough Community College,27.934888,-82.456253,11,5,,22087,0.8303442291,1,24,1
4603,Electrical and Power Transmission Installers.,134495,1,Public,1,54584.0,24.0,64639,38,,,134495,Hillsborough Community College,27.934888,-82.456253,11,5,,22087,0.8303442291,1,24,1
4706,Vehicle Maintenance and Repair Technologies/Technicians.,134495,1,Public,1,36894.0,64.0,49183,76,40315.0,20.0,134495,Hillsborough Community College,27.934888,-82.456253,11,5,,22087,0.8303442291,1,24,1
4805,Precision Metal Working.,134495,1,Public,1,24327.0,23.0,43945,53,,,134495,Hillsborough Community College,27.934888,-82.456253,11,5,,22087,0.8303442291,1,24,1
5106,Dental Support Services and Allied Professions.,134495,1,Public,2,62731.0,17.0,71854,19,,,134495,Hillsborough Community College,27.934888,-82.456253,11,5,,22087,0.8303442291,1,24,1
5109,"Allied Health Diagnostic, Intervention, and Treatment Professions.",134495,1,Public,1,45319.0,204.0,61572,263,58250.0,89.0,134495,Hillsborough Community College,27.934888,-82.456253,11,5,,22087,0.8303442291,1,24,1
5109,"Allied Health Diagnostic, Intervention, and Treatment Professions.",134495,1,Public,2,62961.0,109.0,73151,139,,,134495,Hillsborough Community College,27.934888,-82.456253,11,5,,22087,0.8303442291,1,24,1
5110,Clinical/Medical Laboratory Science/Research and Allied Professions.,134495,1,Public,1,61237.0,24.0,57203,69,52247.0,32.0,134495,Hillsborough Community College,27.934888,-82.456253,11,5,,22087,0.8303442291,1,24,1
5115,Mental and Social Health Services and Allied Professions.,134495,1,Public,2,35956.0,21.0,40307,37,,,134495,Hillsborough Community College,27.934888,-82.456253,11,5,,22087,0.8303442291,1,24,1
5118,Ophthalmic and Optometric Support Services and Allied Professions.,134495,1,Public,2,48106.0,66.0,57215,70,,,134495,Hillsborough Community College,27.934888,-82.456253,11,5,,22087,0.8303442291,1,24,1
5138,"Registered Nursing, Nursing Administration, Nursing Research and Clinical Nursing.",134495,1,Public,2,64429.0,130.0,81109,290,77444.0,87.0,134495,Hillsborough Community College,27.934888,-82.456253,11,5,,22087,0.8303442291,1,24,1
5139,"Practical Nursing, Vocational Nursing and Nursing Assistants.",134495,0,Public,99,,,51791,43,,,134495,Hillsborough Community College,27.934888,-82.456253,11,5,,22087,0.8303442291,1,24,1
5202,"Business Administration, Management and Operations.",134495,2,Public,1,37006.0,51.0,49749,134,,,134495,Hillsborough Community College,27.934888,-82.456253,11,5,,22087,0.8303442291,1,24,1
5202,"Business Administration, Management and Operations.",134495,1,Public,2,41236.0,40.0,40345,57,,,134495,Hillsborough Community College,27.934888,-82.456253,11,5,,22087,0.8303442291,1,24,1
5203,Accounting and Related Services.,134495,2,Public,1,39076.0,26.0,52754,54,,,134495,Hillsborough Community College,27.934888,-82.456253,11,5,,22087,0.8303442291,1,24,1
5207,Entrepreneurial and Small Business Operations.,134495,1,Public,1,36690.0,28.0,49388,42,,,134495,Hillsborough Community College,27.934888,-82.456253,11,5,,22087,0.8303442291,1,24,1
5209,Hospitality Administration/Management.,134495,1,Public,2,,,45138,20,,,134495,Hillsborough Community College,27.934888,-82.456253,11,5,,22087,0.8303442291,1,24,1
1204,Cosmetology and Related Personal Grooming Services.,134529,1,"Private, for-profit",1,15540.0,635.0,21754,530,20055.0,496.0,134529,Hollywood Institute of Beauty Careers,26.007139,-80.209125,21,-2,,13244,0.9535315985,1,29,1
5135,Somatic Bodywork and Related Therapeutic Services.,134529,1,"Private, for-profit",1,16075.0,79.0,26087,58,23750.0,63.0,134529,Hollywood Institute of Beauty Careers,26.007139,-80.209125,21,-2,,13244,0.9535315985,1,29,1
5135,Somatic Bodywork and Related Therapeutic Services.,134574,1,"Private, for-profit",1,23843.0,282.0,32076,356,29226.0,266.0,134574,Cortiva Institute,27.793547,-82.680031,11,-2,,18657,0.7752234994,1,29,1
1003,Graphic Communications.,134608,1,Public,3,28874.0,34.0,34741,44,34990.0,43.0,134608,Indian River State College,27.42416,-80.358682,21,12,,21577,0.9122626988,1,23,1
1101,"Computer and Information Sciences, General.",134608,2,Public,1,,,47477,18,,,134608,Indian River State College,27.42416,-80.358682,21,12,,21577,0.9122626988,1,23,1
1101,"Computer and Information Sciences, General.",134608,3,Public,2,,,53480,30,,,134608,Indian River State College,27.42416,-80.358682,21,12,,21577,0.9122626988,1,23,1
1101,"Computer and Information Sciences, General.",134608,3,Public,3,49049.0,41.0,71761,59,44218.0,35.0,134608,Indian River State College,27.42416,-80.358682,21,12,,21577,0.9122626988,1,23,1
1105,Computer Systems Analysis.,134608,3,Public,1,,,50384,19,,,134608,Indian River State College,27.42416,-80.358682,21,12,,21577,0.9122626988,1,23,1
1108,Computer Software and Media Applications.,134608,1,Public,2,,,43997,18,30193.0,16.0,134608,Indian River State College,27.42416,-80.358682,21,12,,21577,0.9122626988,1,23,1
1204,Cosmetology and Related Personal Grooming Services.,134608,1,Public,1,18411.0,70.0,25406,83,22421.0,45.0,134608,Indian River State College,27.42416,-80.358682,21,12,,21577,0.9122626988,1,23,1
1312,"Teacher Education and Professional Development, Specific Levels and Methods.",134608,3,Public,3,48612.0,34.0,53747,42,,,134608,Indian River State College,27.42416,-80.358682,21,12,,21577,0.9122626988,1,23,1
1313,"Teacher Education and Professional Development, Specific Subject Areas.",134608,2,Public,3,,,52554,20,49780.0,17.0,134608,Indian River State College,27.42416,-80.358682,21,12,,21577,0.9122626988,1,23,1
1503,Electrical/Electronic Engineering Technologies/Technicians.,134608,1,Public,2,60039.0,26.0,71235,54,73535.0,26.0,134608,Indian River State College,27.42416,-80.358682,21,12,,21577,0.9122626988,1,23,1
2203,Legal Support Services.,134608,1,Public,2,,,38297,31,39233.0,19.0,134608,Indian River State College,27.42416,-80.358682,21,12,,21577,0.9122626988,1,23,1
2401,"Liberal Arts and Sciences, General Studies and Humanities.",134608,3,Public,2,25578.0,478.0,40190,1247,39200.0,755.0,134608,Indian River State College,27.42416,-80.358682,21,12,,21577,0.9122626988,1,23,1
2601,"Biology, General.",134608,1,Public,3,,,45068,52,49242.0,44.0,134608,Indian River State College,27.42416,-80.358682,21,12,,21577,0.9122626988,1,23,1
4301,Criminal Justice and Corrections.,134608,1,Public,1,60298.0,51.0,69613,69,65396.0,48.0,134608,Indian River State College,27.42416,-80.358682,21,12,,21577,0.9122626988,1,23,1
4301,Criminal Justice and Corrections.,134608,3,Public,2,,,51745,44,46981.0,34.0,134608,Indian River State College,27.42416,-80.358682,21,12,,21577,0.9122626988,1,23,1
4301,Criminal Justice and Corrections.,134608,3,Public,3,43351.0,82.0,48073,104,48574.0,68.0,134608,Indian River State College,27.42416,-80.358682,21,12,,21577,0.9122626988,1,23,1
4302,Fire Protection.,134608,1,Public,1,47206.0,22.0,62176,27,54187.0,44.0,134608,Indian River State College,27.42416,-80.358682,21,12,,21577,0.9122626988,1,23,1
4302,Fire Protection.,134608,1,Public,2,,,54150,20,52955.0,42.0,134608,Indian River State College,27.42416,-80.358682,21,12,,21577,0.9122626988,1,23,1
4400,"Human Services, General.",134608,1,Public,3,36107.0,124.0,44549,136,39275.0,87.0,134608,Indian River State College,27.42416,-80.358682,21,12,,21577,0.9122626988,1,23,1
4404,Public Administration.,134608,3,Public,3,38521.0,19.0,56032,30,38943.0,18.0,134608,Indian River State College,27.42416,-80.358682,21,12,,21577,0.9122626988,1,23,1
4702,"Heating, Air Conditioning, Ventilation and Refrigeration Maintenance Technology/Technician (HAC, HACR, HVAC, HVACR).",134608,1,Public,1,41239.0,24.0,45618,18,42635.0,28.0,134608,Indian River State College,27.42416,-80.358682,21,12,,21577,0.9122626988,1,23,1
4902,Ground Transportation.,134608,1,Public,1,,,54606,28,,,134608,Indian River State College,27.42416,-80.358682,21,12,,21577,0.9122626988,1,23,1
5106,Dental Support Services and Allied Professions.,134608,1,Public,2,,,52712,29,39134.0,35.0,134608,Indian River State College,27.42416,-80.358682,21,12,,21577,0.9122626988,1,23,1
5107,Health and Medical Administrative Services.,134608,1,Public,2,,,54287,17,,,134608,Indian River State College,27.42416,-80.358682,21,12,,21577,0.9122626988,1,23,1
5107,Health and Medical Administrative Services.,134608,3,Public,3,41430.0,32.0,51404,51,45993.0,18.0,134608,Indian River State College,27.42416,-80.358682,21,12,,21577,0.9122626988,1,23,1
5108,Allied Health and Medical Assisting Services.,134608,1,Public,2,,,47969,25,43209.0,43.0,134608,Indian River State College,27.42416,-80.358682,21,12,,21577,0.9122626988,1,23,1
5109,"Allied Health Diagnostic, Intervention, and Treatment Professions.",134608,1,Public,1,41229.0,28.0,65174,21,58476.0,22.0,134608,Indian River State College,27.42416,-80.358682,21,12,,21577,0.9122626988,1,23,1
5109,"Allied Health Diagnostic, Intervention, and Treatment Professions.",134608,1,Public,2,,,66377,46,50715.0,104.0,134608,Indian River State College,27.42416,-80.358682,21,12,,21577,0.9122626988,1,23,1
5109,"Allied Health Diagnostic, Intervention, and Treatment Professions.",134608,0,Public,99,,,56189,55,,,134608,Indian River State College,27.42416,-80.358682,21,12,,21577,0.9122626988,1,23,1
5115,Mental and Social Health Services and Allied Professions.,134608,1,Public,2,,,40425,21,34704.0,32.0,134608,Indian River State College,27.42416,-80.358682,21,12,,21577,0.9122626988,1,23,1
5138,"Registered Nursing, Nursing Administration, Nursing Research and Clinical Nursing.",134608,1,Public,2,60911.0,68.0,68287,166,61559.0,151.0,134608,Indian River State College,27.42416,-80.358682,21,12,,21577,0.9122626988,1,23,1
5138,"Registered Nursing, Nursing Administration, Nursing Research and Clinical Nursing.",134608,3,Public,3,81648.0,109.0,99714,92,93083.0,54.0,134608,Indian River State College,27.42416,-80.358682,21,12,,21577,0.9122626988,1,23,1
5139,"Practical Nursing, Vocational Nursing and Nursing Assistants.",134608,1,Public,1,,,64654,26,54400.0,35.0,134608,Indian River State College,27.42416,-80.358682,21,12,,21577,0.9122626988,1,23,1
5202,"Business Administration, Management and Operations.",134608,1,Public,1,,,39503,61,34785.0,68.0,134608,Indian River State College,27.42416,-80.358682,21,12,,21577,0.9122626988,1,23,1
5202,"Business Administration, Management and Operations.",134608,1,Public,2,,,37921,42,37792.0,80.0,134608,Indian River State College,27.42416,-80.358682,21,12,,21577,0.9122626988,1,23,1
5202,"Business Administration, Management and Operations.",134608,1,Public,3,40368.0,187.0,50328,240,47431.0,165.0,134608,Indian River State College,27.42416,-80.358682,21,12,,21577,0.9122626988,1,23,1
5203,Accounting and Related Services.,134608,1,Public,3,43624.0,41.0,61675,60,54075.0,34.0,134608,Indian River State College,27.42416,-80.358682,21,12,,21577,0.9122626988,1,23,1
5207,Entrepreneurial and Small Business Operations.,134608,2,Public,1,,,41564,37,36306.0,50.0,134608,Indian River State College,27.42416,-80.358682,21,12,,21577,0.9122626988,1,23,1
1204,Cosmetology and Related Personal Grooming Services.,134714,1,"Private, for-profit",1,17714.0,59.0,17842,58,19252.0,106.0,134714,International Academy,29.162159,-80.997811,21,-2,,12561,0.9179104478,1,29,1
5135,Somatic Bodywork and Related Therapeutic Services.,134714,1,"Private, for-profit",1,22564.0,20.0,29922,19,,,134714,International Academy,29.162159,-80.997811,21,-2,,12561,0.9179104478,1,29,1
1304,Educational Administration and Supervision.,134945,1,"Private, nonprofit",5,,,62172,16,,,134945,Jacksonville University,30.353227,-81.60458,11,14,0.5694,46900,0.5307591623,2,26,1
3105,"Sports, Kinesiology, and Physical Education/Fitness.",134945,1,"Private, nonprofit",3,,,52065,19,52655.0,30.0,134945,Jacksonville University,30.353227,-81.60458,11,14,0.5694,46900,0.5307591623,2,26,1
3105,"Sports, Kinesiology, and Physical Education/Fitness.",134945,1,"Private, nonprofit",5,40369.0,36.0,55054,32,,,134945,Jacksonville University,30.353227,-81.60458,11,14,0.5694,46900,0.5307591623,2,26,1
4201,"Psychology, General.",134945,1,"Private, nonprofit",3,,,62622,18,,,134945,Jacksonville University,30.353227,-81.60458,11,14,0.5694,46900,0.5307591623,2,26,1
4501,"Social Sciences, General.",134945,1,"Private, nonprofit",3,31204.0,23.0,48761,24,,,134945,Jacksonville University,30.353227,-81.60458,11,14,0.5694,46900,0.5307591623,2,26,1
4511,Sociology.,134945,1,"Private, nonprofit",3,,,53457,22,45143.0,22.0,134945,Jacksonville University,30.353227,-81.60458,11,14,0.5694,46900,0.5307591623,2,26,1
5003,Dance.,134945,1,"Private, nonprofit",5,46274.0,16.0,56162,17,,,134945,Jacksonville University,30.353227,-81.60458,11,14,0.5694,46900,0.5307591623,2,26,1
5009,Music.,134945,1,"Private, nonprofit",3,21219.0,24.0,40009,27,,,134945,Jacksonville University,30.353227,-81.60458,11,14,0.5694,46900,0.5307591623,2,26,1
5102,Communication Disorders Sciences and Services.,134945,1,"Private, nonprofit",5,60047.0,55.0,65546,55,,,134945,Jacksonville University,30.353227,-81.60458,11,14,0.5694,46900,0.5307591623,2,26,1
5107,Health and Medical Administrative Services.,134945,1,"Private, nonprofit",5,90756.0,32.0,116256,27,,,134945,Jacksonville University,30.353227,-81.60458,11,14,0.5694,46900,0.5307591623,2,26,1
5138,"Registered Nursing, Nursing Administration, Nursing Research and Clinical Nursing.",134945,2,"Private, nonprofit",3,78924.0,399.0,89191,347,92956.0,376.0,134945,Jacksonville University,30.353227,-81.60458,11,14,0.5694,46900,0.5307591623,2,26,1
5138,"Registered Nursing, Nursing Administration, Nursing Research and Clinical Nursing.",134945,2,"Private, nonprofit",5,98285.0,236.0,114295,180,110462.0,46.0,134945,Jacksonville University,30.353227,-81.60458,11,14,0.5694,46900,0.5307591623,2,26,1
5202,"Business Administration, Management and Operations.",134945,2,"Private, nonprofit",5,74772.0,68.0,101213,54,,,134945,Jacksonville University,30.353227,-81.60458,11,14,0.5694,46900,0.5307591623,2,26,1
5208,Finance and Financial Management Services.,134945,1,"Private, nonprofit",3,,,70456,23,81799.0,19.0,134945,Jacksonville University,30.353227,-81.60458,11,14,0.5694,46900,0.5307591623,2,26,1
5213,Management Sciences and Quantitative Methods.,134945,1,"Private, nonprofit",3,48375.0,28.0,61660,24,64194.0,32.0,134945,Jacksonville University,30.353227,-81.60458,11,14,0.5694,46900,0.5307591623,2,26,1
5214,Marketing.,134945,1,"Private, nonprofit",3,,,55252,16,70162.0,17.0,134945,Jacksonville University,30.353227,-81.60458,11,14,0.5694,46900,0.5307591623,2,26,1
1101,"Computer and Information Sciences, General.",135081,2,"Private, nonprofit",2,35883.0,156.0,51977,248,45806.0,217.0,135081,Keiser University-Ft Lauderdale,26.185869,-80.163959,12,15,0.9697,21659,0.7867955286,2,28,1
1101,"Computer and Information Sciences, General.",135081,2,"Private, nonprofit",3,52119.0,17.0,61777,18,63623.0,28.0,135081,Keiser University-Ft Lauderdale,26.185869,-80.163959,12,15,0.9697,21659,0.7867955286,2,28,1
1109,Computer Systems Networking and Telecommunications.,135081,2,"Private, nonprofit",3,48655.0,35.0,56991,29,,,135081,Keiser University-Ft Lauderdale,26.185869,-80.163959,12,15,0.9697,21659,0.7867955286,2,28,1
1205,Culinary Arts and Related Services.,135081,1,"Private, nonprofit",2,28159.0,77.0,40731,69,32736.0,105.0,135081,Keiser University-Ft Lauderdale,26.185869,-80.163959,12,15,0.9697,21659,0.7867955286,2,28,1
1304,Educational Administration and Supervision.,135081,2,"Private, nonprofit",5,53107.0,33.0,67066,32,63349.0,17.0,135081,Keiser University-Ft Lauderdale,26.185869,-80.163959,12,15,0.9697,21659,0.7867955286,2,28,1
1304,Educational Administration and Supervision.,135081,3,"Private, nonprofit",6,64893.0,20.0,80618,21,83164.0,24.0,135081,Keiser University-Ft Lauderdale,26.185869,-80.163959,12,15,0.9697,21659,0.7867955286,2,28,1
1409,Computer Engineering.,135081,2,"Private, nonprofit",3,45453.0,26.0,51222,23,85320.0,19.0,135081,Keiser University-Ft Lauderdale,26.185869,-80.163959,12,15,0.9697,21659,0.7867955286,2,28,1
2200,Non-Professional Legal Studies.,135081,2,"Private, nonprofit",3,30149.0,42.0,53101,35,53515.0,31.0,135081,Keiser University-Ft Lauderdale,26.185869,-80.163959,12,15,0.9697,21659,0.7867955286,2,28,1
2203,Legal Support Services.,135081,2,"Private, nonprofit",2,37559.0,76.0,47220,123,40790.0,130.0,135081,Keiser University-Ft Lauderdale,26.185869,-80.163959,12,15,0.9697,21659,0.7867955286,2,28,1
2401,"Liberal Arts and Sciences, General Studies and Humanities.",135081,2,"Private, nonprofit",2,28122.0,148.0,42189,236,42745.0,192.0,135081,Keiser University-Ft Lauderdale,26.185869,-80.163959,12,15,0.9697,21659,0.7867955286,2,28,1
2601,"Biology, General.",135081,1,"Private, nonprofit",3,34287.0,40.0,40048,38,,,135081,Keiser University-Ft Lauderdale,26.185869,-80.163959,12,15,0.9697,21659,0.7867955286,2,28,1
3000,"Multi-/Interdisciplinary Studies, General.",135081,2,"Private, nonprofit",3,40975.0,212.0,52293,258,39958.0,40.0,135081,Keiser University-Ft Lauderdale,26.185869,-80.163959,12,15,0.9697,21659,0.7867955286,2,28,1
3103,"Parks, Recreation, and Leisure Facilities Management.",135081,2,"Private, nonprofit",2,29471.0,43.0,49048,23,33980.0,23.0,135081,Keiser University-Ft Lauderdale,26.185869,-80.163959,12,15,0.9697,21659,0.7867955286,2,28,1
3105,"Sports, Kinesiology, and Physical Education/Fitness.",135081,2,"Private, nonprofit",2,32686.0,43.0,35403,100,36361.0,120.0,135081,Keiser University-Ft Lauderdale,26.185869,-80.163959,12,15,0.9697,21659,0.7867955286,2,28,1
3105,"Sports, Kinesiology, and Physical Education/Fitness.",135081,2,"Private, nonprofit",3,26168.0,100.0,45187,133,39346.0,69.0,135081,Keiser University-Ft Lauderdale,26.185869,-80.163959,12,15,0.9697,21659,0.7867955286,2,28,1
4201,"Psychology, General.",135081,2,"Private, nonprofit",3,32346.0,143.0,41668,169,42533.0,64.0,135081,Keiser University-Ft Lauderdale,26.185869,-80.163959,12,15,0.9697,21659,0.7867955286,2,28,1
4201,"Psychology, General.",135081,2,"Private, nonprofit",5,39667.0,33.0,49098,42,44202.0,39.0,135081,Keiser University-Ft Lauderdale,26.185869,-80.163959,12,15,0.9697,21659,0.7867955286,2,28,1
4228,"Clinical, Counseling and Applied Psychology.",135081,2,"Private, nonprofit",5,52620.0,21.0,69452,20,,,135081,Keiser University-Ft Lauderdale,26.185869,-80.163959,12,15,0.9697,21659,0.7867955286,2,28,1
4301,Criminal Justice and Corrections.,135081,2,"Private, nonprofit",2,33292.0,74.0,41540,128,43026.0,200.0,135081,Keiser University-Ft Lauderdale,26.185869,-80.163959,12,15,0.9697,21659,0.7867955286,2,28,1
4301,Criminal Justice and Corrections.,135081,2,"Private, nonprofit",3,40390.0,117.0,52126,119,53937.0,228.0,135081,Keiser University-Ft Lauderdale,26.185869,-80.163959,12,15,0.9697,21659,0.7867955286,2,28,1
4301,Criminal Justice and Corrections.,135081,2,"Private, nonprofit",5,39520.0,32.0,64691,35,61202.0,38.0,135081,Keiser University-Ft Lauderdale,26.185869,-80.163959,12,15,0.9697,21659,0.7867955286,2,28,1
4303,Homeland Security.,135081,2,"Private, nonprofit",2,,,57706,23,,,135081,Keiser University-Ft Lauderdale,26.185869,-80.163959,12,15,0.9697,21659,0.7867955286,2,28,1
4303,Homeland Security.,135081,2,"Private, nonprofit",3,54837.0,28.0,67744,22,56521.0,19.0,135081,Keiser University-Ft Lauderdale,26.185869,-80.163959,12,15,0.9697,21659,0.7867955286,2,28,1
4304,Security Science and Technology.,135081,1,"Private, nonprofit",2,27693.0,44.0,40374,80,35215.0,114.0,135081,Keiser University-Ft Lauderdale,26.185869,-80.163959,12,15,0.9697,21659,0.7867955286,2,28,1
4304,Security Science and Technology.,135081,2,"Private, nonprofit",3,37231.0,124.0,47847,133,45897.0,89.0,135081,Keiser University-Ft Lauderdale,26.185869,-80.163959,12,15,0.9697,21659,0.7867955286,2,28,1
5004,Design and Applied Arts.,135081,1,"Private, nonprofit",2,20360.0,35.0,29280,51,25603.0,70.0,135081,Keiser University-Ft Lauderdale,26.185869,-80.163959,12,15,0.9697,21659,0.7867955286,2,28,1
5100,"Health Services/Allied Health/Health Sciences, General.",135081,2,"Private, nonprofit",3,41965.0,86.0,54184,111,51426.0,19.0,135081,Keiser University-Ft Lauderdale,26.185869,-80.163959,12,15,0.9697,21659,0.7867955286,2,28,1
5107,Health and Medical Administrative Services.,135081,2,"Private, nonprofit",2,28742.0,381.0,36127,437,32436.0,415.0,135081,Keiser University-Ft Lauderdale,26.185869,-80.163959,12,15,0.9697,21659,0.7867955286,2,28,1
5108,Allied Health and Medical Assisting Services.,135081,2,"Private, nonprofit",2,30406.0,1379.0,39852,1467,38709.0,1538.0,135081,Keiser University-Ft Lauderdale,26.185869,-80.163959,12,15,0.9697,21659,0.7867955286,2,28,1
5109,"Allied Health Diagnostic, Intervention, and Treatment Professions.",135081,1,"Private, nonprofit",2,47863.0,843.0,61608,828,53977.0,841.0,135081,Keiser University-Ft Lauderdale,26.185869,-80.163959,12,15,0.9697,21659,0.7867955286,2,28,1
5109,"Allied Health Diagnostic, Intervention, and Treatment Professions.",135081,2,"Private, nonprofit",3,68134.0,64.0,82511,28,,,135081,Keiser University-Ft Lauderdale,26.185869,-80.163959,12,15,0.9697,21659,0.7867955286,2,28,1
5109,"Allied Health Diagnostic, Intervention, and Treatment Professions.",135081,0,"Private, nonprofit",5,110960.0,65.0,125514,66,127851.0,66.0,135081,Keiser University-Ft Lauderdale,26.185869,-80.163959,12,15,0.9697,21659,0.7867955286,2,28,1
5110,Clinical/Medical Laboratory Science/Research and Allied Professions.,135081,1,"Private, nonprofit",2,47884.0,60.0,61491,83,60902.0,70.0,135081,Keiser University-Ft Lauderdale,26.185869,-80.163959,12,15,0.9697,21659,0.7867955286,2,28,1
5122,Public Health.,135081,2,"Private, nonprofit",2,36992.0,114.0,44350,181,37767.0,214.0,135081,Keiser University-Ft Lauderdale,26.185869,-80.163959,12,15,0.9697,21659,0.7867955286,2,28,1
5122,Public Health.,135081,2,"Private, nonprofit",3,42637.0,110.0,52247,130,48017.0,129.0,135081,Keiser University-Ft Lauderdale,26.185869,-80.163959,12,15,0.9697,21659,0.7867955286,2,28,1
5123,Rehabilitation and Therapeutic Professions.,135081,0,"Private, nonprofit",3,,,56791,33,,,135081,Keiser University-Ft Lauderdale,26.185869,-80.163959,12,15,0.9697,21659,0.7867955286,2,28,1
5123,Rehabilitation and Therapeutic Professions.,135081,1,"Private, nonprofit",5,45887.0,71.0,54823,69,,,135081,Keiser University-Ft Lauderdale,26.185869,-80.163959,12,15,0.9697,21659,0.7867955286,2,28,1
5131,Dietetics and Clinical Nutrition Services.,135081,2,"Private, nonprofit",3,49771.0,106.0,54825,94,52555.0,88.0,135081,Keiser University-Ft Lauderdale,26.185869,-80.163959,12,15,0.9697,21659,0.7867955286,2,28,1
5131,Dietetics and Clinical Nutrition Services.,135081,2,"Private, nonprofit",5,51567.0,23.0,59025,17,,,135081,Keiser University-Ft Lauderdale,26.185869,-80.163959,12,15,0.9697,21659,0.7867955286,2,28,1
5138,"Registered Nursing, Nursing Administration, Nursing Research and Clinical Nursing.",135081,1,"Private, nonprofit",2,67368.0,744.0,81721,772,83359.0,124.0,135081,Keiser University-Ft Lauderdale,26.185869,-80.163959,12,15,0.9697,21659,0.7867955286,2,28,1
5138,"Registered Nursing, Nursing Administration, Nursing Research and Clinical Nursing.",135081,2,"Private, nonprofit",3,77345.0,361.0,89773,187,99079.0,77.0,135081,Keiser University-Ft Lauderdale,26.185869,-80.163959,12,15,0.9697,21659,0.7867955286,2,28,1
5138,"Registered Nursing, Nursing Administration, Nursing Research and Clinical Nursing.",135081,1,"Private, nonprofit",5,123825.0,176.0,124555,174,100745.0,39.0,135081,Keiser University-Ft Lauderdale,26.185869,-80.163959,12,15,0.9697,21659,0.7867955286,2,28,1
5202,"Business Administration, Management and Operations.",135081,2,"Private, nonprofit",2,34611.0,22.0,45828,24,53579.0,39.0,135081,Keiser University-Ft Lauderdale,26.185869,-80.163959,12,15,0.9697,21659,0.7867955286,2,28,1
5202,"Business Administration, Management and Operations.",135081,2,"Private, nonprofit",3,43109.0,269.0,52190,335,49978.0,273.0,135081,Keiser University-Ft Lauderdale,26.185869,-80.163959,12,15,0.9697,21659,0.7867955286,2,28,1
5202,"Business Administration, Management and Operations.",135081,2,"Private, nonprofit",5,51176.0,210.0,63875,213,52728.0,215.0,135081,Keiser University-Ft Lauderdale,26.185869,-80.163959,12,15,0.9697,21659,0.7867955286,2,28,1
5203,Accounting and Related Services.,135081,2,"Private, nonprofit",2,48117.0,36.0,49543,77,48502.0,66.0,135081,Keiser University-Ft Lauderdale,26.185869,-80.163959,12,15,0.9697,21659,0.7867955286,2,28,1
5203,Accounting and Related Services.,135081,2,"Private, nonprofit",3,42923.0,79.0,59334,94,55456.0,67.0,135081,Keiser University-Ft Lauderdale,26.185869,-80.163959,12,15,0.9697,21659,0.7867955286,2,28,1
5203,Accounting and Related Services.,135081,2,"Private, nonprofit",5,57477.0,26.0,90616,20,,,135081,Keiser University-Ft Lauderdale,26.185869,-80.163959,12,15,0.9697,21659,0.7867955286,2,28,1
1204,Cosmetology and Related Personal Grooming Services.,135142,1,"Private, for-profit",1,12402.0,110.0,17594,130,18264.0,51.0,135142,La Belle Beauty School,25.86695,-80.312711,21,-2,,0,,1,33,1
0106,Applied Horticulture and Horticultural Business Services.,135160,1,Public,1,,,55600,17,,,135160,Florida Gateway College,30.175298,-82.5679,32,9,,21618,0.9306451613,1,26,1
0301,Natural Resources Conservation and Research.,135160,3,Public,1,,,23947,22,,,135160,Florida Gateway College,30.175298,-82.5679,32,9,,21618,0.9306451613,1,26,1
0301,Natural Resources Conservation and Research.,135160,3,Public,2,,,23237,19,,,135160,Florida Gateway College,30.175298,-82.5679,32,9,,21618,0.9306451613,1,26,1
1204,Cosmetology and Related Personal Grooming Services.,135160,1,Public,1,16195.0,44.0,19860,30,,,135160,Florida Gateway College,30.175298,-82.5679,32,9,,21618,0.9306451613,1,26,1
2401,"Liberal Arts and Sciences, General Studies and Humanities.",135160,3,Public,2,21925.0,90.0,44253,188,43785.0,177.0,135160,Florida Gateway College,30.175298,-82.5679,32,9,,21618,0.9306451613,1,26,1
4301,Criminal Justice and Corrections.,135160,1,Public,1,44048.0,62.0,50714,66,42233.0,50.0,135160,Florida Gateway College,30.175298,-82.5679,32,9,,21618,0.9306451613,1,26,1
4805,Precision Metal Working.,135160,1,Public,1,26950.0,16.0,35116,17,,,135160,Florida Gateway College,30.175298,-82.5679,32,9,,21618,0.9306451613,1,26,1
5108,Allied Health and Medical Assisting Services.,135160,1,Public,2,31028.0,22.0,56702,19,,,135160,Florida Gateway College,30.175298,-82.5679,32,9,,21618,0.9306451613,1,26,1
5109,"Allied Health Diagnostic, Intervention, and Treatment Professions.",135160,1,Public,1,54209.0,23.0,48254,25,50401.0,27.0,135160,Florida Gateway College,30.175298,-82.5679,32,9,,21618,0.9306451613,1,26,1
5138,"Registered Nursing, Nursing Administration, Nursing Research and Clinical Nursing.",135160,1,Public,2,63628.0,98.0,75046,117,72681.0,86.0,135160,Florida Gateway College,30.175298,-82.5679,32,9,,21618,0.9306451613,1,26,1
5138,"Registered Nursing, Nursing Administration, Nursing Research and Clinical Nursing.",135160,3,Public,3,75050.0,52.0,88907,26,,,135160,Florida Gateway College,30.175298,-82.5679,32,9,,21618,0.9306451613,1,26,1
5139,"Practical Nursing, Vocational Nursing and Nursing Assistants.",135160,1,Public,1,44489.0,17.0,47144,16,42090.0,54.0,135160,Florida Gateway College,30.175298,-82.5679,32,9,,21618,0.9306451613,1,26,1
1204,Cosmetology and Related Personal Grooming Services.,135179,1,Public,1,21738.0,22.0,25223,31,,,135179,Lake Technical College,28.833446,-81.690874,22,-2,,17933,,1,27,1
4301,Criminal Justice and Corrections.,135179,1,Public,1,45472.0,35.0,50582,30,,,135179,Lake Technical College,28.833446,-81.690874,22,-2,,17933,,1,27,1
4706,Vehicle Maintenance and Repair Technologies/Technicians.,135179,1,Public,1,29912.0,24.0,44685,28,,,135179,Lake Technical College,28.833446,-81.690874,22,-2,,17933,,1,27,1
4805,Precision Metal Working.,135179,1,Public,1,33687.0,29.0,45651,26,,,135179,Lake Technical College,28.833446,-81.690874,22,-2,,17933,,1,27,1
5108,Allied Health and Medical Assisting Services.,135179,1,Public,1,28426.0,34.0,35860,34,,,135179,Lake Technical College,28.833446,-81.690874,22,-2,,17933,,1,27,1
5139,"Practical Nursing, Vocational Nursing and Nursing Assistants.",135179,1,Public,1,43039.0,42.0,54606,40,,,135179,Lake Technical College,28.833446,-81.690874,22,-2,,17933,,1,27,1
2401,"Liberal Arts and Sciences, General Studies and Humanities.",135188,1,Public,2,23608.0,100.0,42291,345,38381.0,289.0,135188,Lake-Sumter State College,28.828649,-81.797193,22,9,,25118,0.911154345,1,23,1
5138,"Registered Nursing, Nursing Administration, Nursing Research and Clinical Nursing.",135188,2,Public,2,59920.0,29.0,80297,62,74345.0,79.0,135188,Lake-Sumter State College,28.828649,-81.797193,22,9,,25118,0.911154345,1,23,1
1102,Computer Programming.,135267,1,Public,1,,,27233,18,,,135267,Fort Myers Technical College,26.647517,-81.836596,13,-2,,19016,,1,26,1
1204,Cosmetology and Related Personal Grooming Services.,135267,1,Public,1,,,35118,21,,,135267,Fort Myers Technical College,26.647517,-81.836596,13,-2,,19016,,1,26,1
1205,Culinary Arts and Related Services.,135267,1,Public,1,,,24902,18,,,135267,Fort Myers Technical College,26.647517,-81.836596,13,-2,,19016,,1,26,1
4301,Criminal Justice and Corrections.,135267,1,Public,1,58949.0,17.0,73379,28,53003.0,46.0,135267,Fort Myers Technical College,26.647517,-81.836596,13,-2,,19016,,1,26,1
4702,"Heating, Air Conditioning, Ventilation and Refrigeration Maintenance Technology/Technician (HAC, HACR, HVAC, HVACR).",135267,1,Public,1,44343.0,24.0,64719,22,,,135267,Fort Myers Technical College,26.647517,-81.836596,13,-2,,19016,,1,26,1
4706,Vehicle Maintenance and Repair Technologies/Technicians.,135267,1,Public,1,38900.0,33.0,44255,57,42047.0,36.0,135267,Fort Myers Technical College,26.647517,-81.836596,13,-2,,19016,,1,26,1
4805,Precision Metal Working.,135267,1,Public,1,,,46511,25,,,135267,Fort Myers Technical College,26.647517,-81.836596,13,-2,,19016,,1,26,1
5139,"Practical Nursing, Vocational Nursing and Nursing Assistants.",135267,1,Public,1,,,53839,23,42511.0,21.0,135267,Fort Myers Technical College,26.647517,-81.836596,13,-2,,19016,,1,26,1
1204,Cosmetology and Related Personal Grooming Services.,135276,1,Public,1,14031.0,43.0,28854,36,17090.0,30.0,135276,Lively Technical College,30.448534,-84.339057,12,-2,,12177,,1,26,1
4603,Electrical and Power Transmission Installers.,135276,1,Public,1,,,42074,16,,,135276,Lively Technical College,30.448534,-84.339057,12,-2,,12177,,1,26,1
4805,Precision Metal Working.,135276,1,Public,1,46499.0,20.0,49470,26,42893.0,30.0,135276,Lively Technical College,30.448534,-84.339057,12,-2,,12177,,1,26,1
5139,"Practical Nursing, Vocational Nursing and Nursing Assistants.",135276,1,Public,1,38712.0,49.0,54385,28,47190.0,55.0,135276,Lively Technical College,30.448534,-84.339057,12,-2,,12177,,1,26,1
4706,Vehicle Maintenance and Repair Technologies/Technicians.,135294,1,Public,1,,,49012,17,,,135294,Lindsey Hopkins Technical College,25.794676,-80.208154,11,-2,,14022,,1,28,1
1204,Cosmetology and Related Personal Grooming Services.,135337,1,"Private, for-profit",1,16482.0,65.0,21356,60,25724.0,66.0,135337,Loraines Academy & Spa,27.783077,-82.713964,11,-2,,10398,0.8658536585,1,29,1
5135,Somatic Bodywork and Related Therapeutic Services.,135337,1,"Private, for-profit",1,,,25201,19,,,135337,Loraines Academy & Spa,27.783077,-82.713964,11,-2,,10398,0.8658536585,1,29,1
2401,"Liberal Arts and Sciences, General Studies and Humanities.",135391,1,Public,2,25597.0,69.0,46791,185,39270.0,357.0,135391,State College of Florida-Manatee-Sarasota,27.43804,-82.590887,21,12,,23855,0.8640541848,1,24,1
5138,"Registered Nursing, Nursing Administration, Nursing Research and Clinical Nursing.",135391,1,Public,2,,,85535,27,77633.0,27.0,135391,State College of Florida-Manatee-Sarasota,27.43804,-82.590887,21,12,,23855,0.8640541848,1,24,1
5138,"Registered Nursing, Nursing Administration, Nursing Research and Clinical Nursing.",135391,3,Public,3,76214.0,51.0,84646,39,91748.0,35.0,135391,State College of Florida-Manatee-Sarasota,27.43804,-82.590887,21,12,,23855,0.8640541848,1,24,1
1003,Graphic Communications.,135407,1,Public,1,,,37276,20,,,135407,Manatee Technical College,27.447894,-82.481088,21,-2,,18827,,1,26,1
1204,Cosmetology and Related Personal Grooming Services.,135407,1,Public,1,21731.0,106.0,31648,51,,,135407,Manatee Technical College,27.447894,-82.481088,21,-2,,18827,,1,26,1
4301,Criminal Justice and Corrections.,135407,1,Public,1,58216.0,41.0,74620,27,,,135407,Manatee Technical College,27.447894,-82.481088,21,-2,,18827,,1,26,1
4702,"Heating, Air Conditioning, Ventilation and Refrigeration Maintenance Technology/Technician (HAC, HACR, HVAC, HVACR).",135407,1,Public,1,45926.0,18.0,70853,16,,,135407,Manatee Technical College,27.447894,-82.481088,21,-2,,18827,,1,26,1
4706,Vehicle Maintenance and Repair Technologies/Technicians.,135407,1,Public,1,31290.0,37.0,53177,25,,,135407,Manatee Technical College,27.447894,-82.481088,21,-2,,18827,,1,26,1
4805,Precision Metal Working.,135407,1,Public,1,41602.0,29.0,46581,26,,,135407,Manatee Technical College,27.447894,-82.481088,21,-2,,18827,,1,26,1
5106,Dental Support Services and Allied Professions.,135407,1,Public,1,28447.0,26.0,35280,22,,,135407,Manatee Technical College,27.447894,-82.481088,21,-2,,18827,,1,26,1
5109,"Allied Health Diagnostic, Intervention, and Treatment Professions.",135407,1,Public,1,49921.0,40.0,60815,34,,,135407,Manatee Technical College,27.447894,-82.481088,21,-2,,18827,,1,26,1
5139,"Practical Nursing, Vocational Nursing and Nursing Assistants.",135407,1,Public,1,47102.0,49.0,58062,20,,,135407,Manatee Technical College,27.447894,-82.481088,21,-2,,18827,,1,26,1
1204,Cosmetology and Related Personal Grooming Services.,135522,1,Public,1,17741.0,32.0,27248,33,18642.0,19.0,135522,Traviss Technical College,27.995822,-81.892381,41,-2,,16669,,1,26,1
4706,Vehicle Maintenance and Repair Technologies/Technicians.,135522,1,Public,1,35210.0,27.0,47717,18,47874.0,16.0,135522,Traviss Technical College,27.995822,-81.892381,41,-2,,16669,,1,26,1
5139,"Practical Nursing, Vocational Nursing and Nursing Assistants.",135522,1,Public,1,41235.0,34.0,43766,23,,,135522,Traviss Technical College,27.995822,-81.892381,41,-2,,16669,,1,26,1
0105,Agricultural and Domestic Animal Services.,135559,1,"Private, for-profit",1,24819.0,46.0,27626,50,24040.0,54.0,135559,Merryfield Academy,26.19044,-80.129991,21,-2,,14300,0.8041237113,1,36,1
0183,Veterinary/Animal Health Technologies/Technicians.,135717,1,Public,2,41076.0,22.0,48841,20,,,135717,Miami Dade College,25.777717,-80.190856,11,15,,18391,0.9677276583,1,22,1
1003,Graphic Communications.,135717,1,Public,2,12448.0,22.0,24972,23,,,135717,Miami Dade College,25.777717,-80.190856,11,15,,18391,0.9677276583,1,22,1
1101,"Computer and Information Sciences, General.",135717,1,Public,1,,,49239,56,,,135717,Miami Dade College,25.777717,-80.190856,11,15,,18391,0.9677276583,1,22,1
1101,"Computer and Information Sciences, General.",135717,1,Public,2,,,56698,27,,,135717,Miami Dade College,25.777717,-80.190856,11,15,,18391,0.9677276583,1,22,1
1101,"Computer and Information Sciences, General.",135717,2,Public,3,49903.0,136.0,62360,72,,,135717,Miami Dade College,25.777717,-80.190856,11,15,,18391,0.9677276583,1,22,1
1110,Computer/Information Technology Administration and Management.,135717,1,Public,1,39418.0,17.0,48246,118,54496.0,34.0,135717,Miami Dade College,25.777717,-80.190856,11,15,,18391,0.9677276583,1,22,1
1205,Culinary Arts and Related Services.,135717,1,Public,1,,,50344,52,,,135717,Miami Dade College,25.777717,-80.190856,11,15,,18391,0.9677276583,1,22,1
1205,Culinary Arts and Related Services.,135717,1,Public,2,31101.0,18.0,44371,22,,,135717,Miami Dade College,25.777717,-80.190856,11,15,,18391,0.9677276583,1,22,1
1310,Special Education and Teaching.,135717,1,Public,3,53935.0,53.0,59174,46,,,135717,Miami Dade College,25.777717,-80.190856,11,15,,18391,0.9677276583,1,22,1
1312,"Teacher Education and Professional Development, Specific Levels and Methods.",135717,1,Public,3,51545.0,43.0,55276,45,,,135717,Miami Dade College,25.777717,-80.190856,11,15,,18391,0.9677276583,1,22,1
1513,Drafting/Design Engineering Technologies/Technicians.,135717,1,Public,1,,,53652,39,41040.0,19.0,135717,Miami Dade College,25.777717,-80.190856,11,15,,18391,0.9677276583,1,22,1
1907,"Human Development, Family Studies, and Related Services.",135717,1,Public,1,,,36708,26,28852.0,36.0,135717,Miami Dade College,25.777717,-80.190856,11,15,,18391,0.9677276583,1,22,1
2203,Legal Support Services.,135717,1,Public,2,40782.0,31.0,56521,37,,,135717,Miami Dade College,25.777717,-80.190856,11,15,,18391,0.9677276583,1,22,1
2401,"Liberal Arts and Sciences, General Studies and Humanities.",135717,1,Public,2,25905.0,2010.0,45753,6114,42435.0,1850.0,135717,Miami Dade College,25.777717,-80.190856,11,15,,18391,0.9677276583,1,22,1
2601,"Biology, General.",135717,1,Public,3,34568.0,22.0,50454,26,,,135717,Miami Dade College,25.777717,-80.190856,11,15,,18391,0.9677276583,1,22,1
4301,Criminal Justice and Corrections.,135717,1,Public,1,34209.0,49.0,60899,79,50008.0,35.0,135717,Miami Dade College,25.777717,-80.190856,11,15,,18391,0.9677276583,1,22,1
4304,Security Science and Technology.,135717,1,Public,1,,,47662,28,,,135717,Miami Dade College,25.777717,-80.190856,11,15,,18391,0.9677276583,1,22,1
4304,Security Science and Technology.,135717,1,Public,2,,,41327,17,,,135717,Miami Dade College,25.777717,-80.190856,11,15,,18391,0.9677276583,1,22,1
4399,"Homeland Security, Law Enforcement, Firefighting and Related Protective Services, Other.",135717,1,Public,3,43666.0,140.0,60067,115,,,135717,Miami Dade College,25.777717,-80.190856,11,15,,18391,0.9677276583,1,22,1
4901,Air Transportation.,135717,1,Public,2,,,78726,23,,,135717,Miami Dade College,25.777717,-80.190856,11,15,,18391,0.9677276583,1,22,1
5006,Film/Video and Photographic Arts.,135717,1,Public,2,22587.0,18.0,32202,65,,,135717,Miami Dade College,25.777717,-80.190856,11,15,,18391,0.9677276583,1,22,1
5006,Film/Video and Photographic Arts.,135717,1,Public,3,20611.0,47.0,35402,45,,,135717,Miami Dade College,25.777717,-80.190856,11,15,,18391,0.9677276583,1,22,1
5009,Music.,135717,1,Public,2,,,37546,24,,,135717,Miami Dade College,25.777717,-80.190856,11,15,,18391,0.9677276583,1,22,1
5106,Dental Support Services and Allied Professions.,135717,1,Public,2,41314.0,55.0,50008,51,,,135717,Miami Dade College,25.777717,-80.190856,11,15,,18391,0.9677276583,1,22,1
5107,Health and Medical Administrative Services.,135717,1,Public,1,,,43500,20,,,135717,Miami Dade College,25.777717,-80.190856,11,15,,18391,0.9677276583,1,22,1
5107,Health and Medical Administrative Services.,135717,1,Public,2,,,103137,54,,,135717,Miami Dade College,25.777717,-80.190856,11,15,,18391,0.9677276583,1,22,1
5108,Allied Health and Medical Assisting Services.,135717,1,Public,1,34527.0,31.0,37474,28,44983.0,25.0,135717,Miami Dade College,25.777717,-80.190856,11,15,,18391,0.9677276583,1,22,1
5108,Allied Health and Medical Assisting Services.,135717,1,Public,2,24914.0,56.0,38693,67,,,135717,Miami Dade College,25.777717,-80.190856,11,15,,18391,0.9677276583,1,22,1
5109,"Allied Health Diagnostic, Intervention, and Treatment Professions.",135717,1,Public,1,37101.0,47.0,66975,119,71373.0,87.0,135717,Miami Dade College,25.777717,-80.190856,11,15,,18391,0.9677276583,1,22,1
5109,"Allied Health Diagnostic, Intervention, and Treatment Professions.",135717,1,Public,2,64692.0,164.0,83388,187,55801.0,38.0,135717,Miami Dade College,25.777717,-80.190856,11,15,,18391,0.9677276583,1,22,1
5110,Clinical/Medical Laboratory Science/Research and Allied Professions.,135717,1,Public,1,25923.0,24.0,44656,35,54158.0,18.0,135717,Miami Dade College,25.777717,-80.190856,11,15,,18391,0.9677276583,1,22,1
5110,Clinical/Medical Laboratory Science/Research and Allied Professions.,135717,1,Public,2,59566.0,68.0,79084,40,,,135717,Miami Dade College,25.777717,-80.190856,11,15,,18391,0.9677276583,1,22,1
5135,Somatic Bodywork and Related Therapeutic Services.,135717,1,Public,1,28714.0,32.0,36484,24,,,135717,Miami Dade College,25.777717,-80.190856,11,15,,18391,0.9677276583,1,22,1
5138,"Registered Nursing, Nursing Administration, Nursing Research and Clinical Nursing.",135717,1,Public,2,64608.0,349.0,88130,485,94635.0,169.0,135717,Miami Dade College,25.777717,-80.190856,11,15,,18391,0.9677276583,1,22,1
5138,"Registered Nursing, Nursing Administration, Nursing Research and Clinical Nursing.",135717,1,Public,3,90158.0,271.0,106415,183,,,135717,Miami Dade College,25.777717,-80.190856,11,15,,18391,0.9677276583,1,22,1
5202,"Business Administration, Management and Operations.",135717,1,Public,1,32338.0,343.0,47194,1098,32805.0,24.0,135717,Miami Dade College,25.777717,-80.190856,11,15,,18391,0.9677276583,1,22,1
5202,"Business Administration, Management and Operations.",135717,1,Public,2,28667.0,27.0,48023,33,36539.0,26.0,135717,Miami Dade College,25.777717,-80.190856,11,15,,18391,0.9677276583,1,22,1
5202,"Business Administration, Management and Operations.",135717,1,Public,3,45072.0,354.0,57225,321,47594.0,43.0,135717,Miami Dade College,25.777717,-80.190856,11,15,,18391,0.9677276583,1,22,1
5203,Accounting and Related Services.,135717,2,Public,2,,,27077,22,,,135717,Miami Dade College,25.777717,-80.190856,11,15,,18391,0.9677276583,1,22,1
5213,Management Sciences and Quantitative Methods.,135717,1,Public,1,,,84483,36,,,135717,Miami Dade College,25.777717,-80.190856,11,15,,18391,0.9677276583,1,22,1
0302,Environmental/Natural Resources Management and Policy.,135726,1,"Private, nonprofit",5,41886.0,50.0,58938,26,51785.0,19.0,135726,University of Miami,25.72126,-80.278662,21,16,0.189,54690,0.4559891107,2,20,1
0402,Architecture.,135726,0,"Private, nonprofit",3,61071.0,16.0,75633,34,67501.0,28.0,135726,University of Miami,25.72126,-80.278662,21,16,0.189,54690,0.4559891107,2,20,1
0904,Journalism.,135726,1,"Private, nonprofit",3,41378.0,27.0,71466,23,61426.0,34.0,135726,University of Miami,25.72126,-80.278662,21,16,0.189,54690,0.4559891107,2,20,1
0907,"Radio, Television, and Digital Communication.",135726,1,"Private, nonprofit",3,35263.0,37.0,62053,40,64374.0,25.0,135726,University of Miami,25.72126,-80.278662,21,16,0.189,54690,0.4559891107,2,20,1
0909,"Public Relations, Advertising, and Applied Communication.",135726,1,"Private, nonprofit",3,43917.0,88.0,82999,95,75837.0,71.0,135726,University of Miami,25.72126,-80.278662,21,16,0.189,54690,0.4559891107,2,20,1
1107,Computer Science.,135726,1,"Private, nonprofit",3,76877.0,37.0,121589,43,101751.0,20.0,135726,University of Miami,25.72126,-80.278662,21,16,0.189,54690,0.4559891107,2,20,1
1110,Computer/Information Technology Administration and Management.,135726,1,"Private, nonprofit",3,73059.0,17.0,102484,28,,,135726,University of Miami,25.72126,-80.278662,21,16,0.189,54690,0.4559891107,2,20,1
1405,Biomedical/Medical Engineering.,135726,1,"Private, nonprofit",3,67064.0,46.0,98997,35,86005.0,39.0,135726,University of Miami,25.72126,-80.278662,21,16,0.189,54690,0.4559891107,2,20,1
1410,"Electrical, Electronics, and Communications Engineering.",135726,1,"Private, nonprofit",3,,,87274,16,,,135726,University of Miami,25.72126,-80.278662,21,16,0.189,54690,0.4559891107,2,20,1
1419,Mechanical Engineering.,135726,1,"Private, nonprofit",3,66843.0,23.0,86156,24,96535.0,27.0,135726,University of Miami,25.72126,-80.278662,21,16,0.189,54690,0.4559891107,2,20,1
1435,Industrial Engineering.,135726,1,"Private, nonprofit",3,71089.0,25.0,99068,35,85735.0,27.0,135726,University of Miami,25.72126,-80.278662,21,16,0.189,54690,0.4559891107,2,20,1
2200,Non-Professional Legal Studies.,135726,1,"Private, nonprofit",3,49624.0,18.0,99836,30,103274.0,26.0,135726,University of Miami,25.72126,-80.278662,21,16,0.189,54690,0.4559891107,2,20,1
2201,Law.,135726,1,"Private, nonprofit",7,76760.0,347.0,117811,402,109945.0,431.0,135726,University of Miami,25.72126,-80.278662,21,16,0.189,54690,0.4559891107,2,20,1
2202,Legal Research and Advanced Professional Studies.,135726,2,"Private, nonprofit",5,75849.0,28.0,108073,79,86260.0,46.0,135726,University of Miami,25.72126,-80.278662,21,16,0.189,54690,0.4559891107,2,20,1
2401,"Liberal Arts and Sciences, General Studies and Humanities.",135726,1,"Private, nonprofit",3,50614.0,21.0,55625,25,,,135726,University of Miami,25.72126,-80.278662,21,16,0.189,54690,0.4559891107,2,20,1
2601,"Biology, General.",135726,1,"Private, nonprofit",3,17571.0,64.0,51226,41,64693.0,60.0,135726,University of Miami,25.72126,-80.278662,21,16,0.189,54690,0.4559891107,2,20,1
2609,"Physiology, Pathology and Related Sciences.",135726,1,"Private, nonprofit",3,28243.0,19.0,47683,23,61371.0,28.0,135726,University of Miami,25.72126,-80.278662,21,16,0.189,54690,0.4559891107,2,20,1
2609,"Physiology, Pathology and Related Sciences.",135726,1,"Private, nonprofit",5,50789.0,16.0,78494,23,64262.0,19.0,135726,University of Miami,25.72126,-80.278662,21,16,0.189,54690,0.4559891107,2,20,1
2613,"Ecology, Evolution, Systematics, and Population Biology.",135726,1,"Private, nonprofit",3,23504.0,26.0,42932,22,37392.0,20.0,135726,University of Miami,25.72126,-80.278662,21,16,0.189,54690,0.4559891107,2,20,1
2613,"Ecology, Evolution, Systematics, and Population Biology.",135726,1,"Private, nonprofit",5,43405.0,65.0,73547,67,68592.0,25.0,135726,University of Miami,25.72126,-80.278662,21,16,0.189,54690,0.4559891107,2,20,1
3105,"Sports, Kinesiology, and Physical Education/Fitness.",135726,1,"Private, nonprofit",3,,,56289,22,79920.0,29.0,135726,University of Miami,25.72126,-80.278662,21,16,0.189,54690,0.4559891107,2,20,1
3105,"Sports, Kinesiology, and Physical Education/Fitness.",135726,2,"Private, nonprofit",5,46517.0,101.0,64113,110,,,135726,University of Miami,25.72126,-80.278662,21,16,0.189,54690,0.4559891107,2,20,1
4201,"Psychology, General.",135726,1,"Private, nonprofit",3,30417.0,76.0,54290,87,54136.0,91.0,135726,University of Miami,25.72126,-80.278662,21,16,0.189,54690,0.4559891107,2,20,1
4228,"Clinical, Counseling and Applied Psychology.",135726,1,"Private, nonprofit",5,50213.0,27.0,62759,23,,,135726,University of Miami,25.72126,-80.278662,21,16,0.189,54690,0.4559891107,2,20,1
4504,Criminology.,135726,1,"Private, nonprofit",3,29670.0,23.0,70461,32,67998.0,16.0,135726,University of Miami,25.72126,-80.278662,21,16,0.189,54690,0.4559891107,2,20,1
4506,Economics.,135726,1,"Private, nonprofit",3,42129.0,47.0,92998,69,68154.0,73.0,135726,University of Miami,25.72126,-80.278662,21,16,0.189,54690,0.4559891107,2,20,1
4509,International Relations and National Security Studies.,135726,1,"Private, nonprofit",3,31813.0,28.0,84474,28,76506.0,49.0,135726,University of Miami,25.72126,-80.278662,21,16,0.189,54690,0.4559891107,2,20,1
4510,Political Science and Government.,135726,1,"Private, nonprofit",3,33867.0,81.0,62216,68,77568.0,69.0,135726,University of Miami,25.72126,-80.278662,21,16,0.189,54690,0.4559891107,2,20,1
4511,Sociology.,135726,1,"Private, nonprofit",3,,,63764,27,67034.0,16.0,135726,University of Miami,25.72126,-80.278662,21,16,0.189,54690,0.4559891107,2,20,1
5005,Drama/Theatre Arts and Stagecraft.,135726,1,"Private, nonprofit",3,16561.0,20.0,34667,25,,,135726,University of Miami,25.72126,-80.278662,21,16,0.189,54690,0.4559891107,2,20,1
5006,Film/Video and Photographic Arts.,135726,1,"Private, nonprofit",3,35485.0,37.0,52032,39,36961.0,28.0,135726,University of Miami,25.72126,-80.278662,21,16,0.189,54690,0.4559891107,2,20,1
5009,Music.,135726,1,"Private, nonprofit",3,15492.0,41.0,29090,44,40816.0,56.0,135726,University of Miami,25.72126,-80.278662,21,16,0.189,54690,0.4559891107,2,20,1
5009,Music.,135726,1,"Private, nonprofit",5,25623.0,42.0,55826,39,42112.0,46.0,135726,University of Miami,25.72126,-80.278662,21,16,0.189,54690,0.4559891107,2,20,1
5009,Music.,135726,1,"Private, nonprofit",6,30859.0,23.0,45553,16,32434.0,24.0,135726,University of Miami,25.72126,-80.278662,21,16,0.189,54690,0.4559891107,2,20,1
5010,"Arts, Entertainment, and Media Management.",135726,2,"Private, nonprofit",5,49808.0,20.0,56106,20,,,135726,University of Miami,25.72126,-80.278662,21,16,0.189,54690,0.4559891107,2,20,1
5100,"Health Services/Allied Health/Health Sciences, General.",135726,1,"Private, nonprofit",3,,,66064,22,76031.0,24.0,135726,University of Miami,25.72126,-80.278662,21,16,0.189,54690,0.4559891107,2,20,1
5107,Health and Medical Administrative Services.,135726,1,"Private, nonprofit",5,154482.0,24.0,207995,28,,,135726,University of Miami,25.72126,-80.278662,21,16,0.189,54690,0.4559891107,2,20,1
5112,Medicine.,135726,1,"Private, nonprofit",7,66116.0,242.0,94678,249,139150.0,271.0,135726,University of Miami,25.72126,-80.278662,21,16,0.189,54690,0.4559891107,2,20,1
5115,Mental and Social Health Services and Allied Professions.,135726,1,"Private, nonprofit",5,48813.0,17.0,63911,24,,,135726,University of Miami,25.72126,-80.278662,21,16,0.189,54690,0.4559891107,2,20,1
5123,Rehabilitation and Therapeutic Professions.,135726,1,"Private, nonprofit",6,73125.0,89.0,82300,85,86857.0,78.0,135726,University of Miami,25.72126,-80.278662,21,16,0.189,54690,0.4559891107,2,20,1
5127,Medical Illustration and Informatics.,135726,0,"Private, nonprofit",5,79024.0,31.0,104625,22,,,135726,University of Miami,25.72126,-80.278662,21,16,0.189,54690,0.4559891107,2,20,1
5138,"Registered Nursing, Nursing Administration, Nursing Research and Clinical Nursing.",135726,1,"Private, nonprofit",3,75036.0,315.0,92555,229,85878.0,135.0,135726,University of Miami,25.72126,-80.278662,21,16,0.189,54690,0.4559891107,2,20,1
5138,"Registered Nursing, Nursing Administration, Nursing Research and Clinical Nursing.",135726,1,"Private, nonprofit",5,107332.0,237.0,120982,236,120429.0,84.0,135726,University of Miami,25.72126,-80.278662,21,16,0.189,54690,0.4559891107,2,20,1
5138,"Registered Nursing, Nursing Administration, Nursing Research and Clinical Nursing.",135726,1,"Private, nonprofit",6,183575.0,82.0,174255,74,,,135726,University of Miami,25.72126,-80.278662,21,16,0.189,54690,0.4559891107,2,20,1
5202,"Business Administration, Management and Operations.",135726,1,"Private, nonprofit",3,48793.0,35.0,66065,50,81133.0,33.0,135726,University of Miami,25.72126,-80.278662,21,16,0.189,54690,0.4559891107,2,20,1
5202,"Business Administration, Management and Operations.",135726,2,"Private, nonprofit",5,93230.0,172.0,128052,195,120747.0,179.0,135726,University of Miami,25.72126,-80.278662,21,16,0.189,54690,0.4559891107,2,20,1
5203,Accounting and Related Services.,135726,1,"Private, nonprofit",3,,,102344,49,97421.0,41.0,135726,University of Miami,25.72126,-80.278662,21,16,0.189,54690,0.4559891107,2,20,1
5203,Accounting and Related Services.,135726,0,"Private, nonprofit",5,72392.0,33.0,105675,63,109666.0,28.0,135726,University of Miami,25.72126,-80.278662,21,16,0.189,54690,0.4559891107,2,20,1
5206,Business/Managerial Economics.,135726,1,"Private, nonprofit",3,63662.0,19.0,116367,33,96441.0,24.0,135726,University of Miami,25.72126,-80.278662,21,16,0.189,54690,0.4559891107,2,20,1
5207,Entrepreneurial and Small Business Operations.,135726,1,"Private, nonprofit",3,,,73489,18,,,135726,University of Miami,25.72126,-80.278662,21,16,0.189,54690,0.4559891107,2,20,1
5208,Finance and Financial Management Services.,135726,1,"Private, nonprofit",3,70352.0,105.0,110240,122,111946.0,65.0,135726,University of Miami,25.72126,-80.278662,21,16,0.189,54690,0.4559891107,2,20,1
5208,Finance and Financial Management Services.,135726,2,"Private, nonprofit",5,107285.0,22.0,112491,43,,,135726,University of Miami,25.72126,-80.278662,21,16,0.189,54690,0.4559891107,2,20,1
5208,Finance and Financial Management Services.,135726,2,"Private, nonprofit",8,,,81316,18,,,135726,University of Miami,25.72126,-80.278662,21,16,0.189,54690,0.4559891107,2,20,1
5214,Marketing.,135726,1,"Private, nonprofit",3,53622.0,58.0,85935,78,82805.0,48.0,135726,University of Miami,25.72126,-80.278662,21,16,0.189,54690,0.4559891107,2,20,1
5216,Taxation.,135726,0,"Private, nonprofit",5,,,110300,26,,,135726,University of Miami,25.72126,-80.278662,21,16,0.189,54690,0.4559891107,2,20,1
1204,Cosmetology and Related Personal Grooming Services.,136109,1,"Private, for-profit",1,19234.0,322.0,31923,363,28477.0,374.0,136109,Paul Mitchell the School-Jacksonville,30.259433,-81.527515,11,-2,,23659,0.7439886846,1,25,1
2401,"Liberal Arts and Sciences, General Studies and Humanities.",136145,1,Public,2,29129.0,61.0,40261,116,37429.0,102.0,136145,North Florida College,30.473841,-83.420732,42,6,,17842,,1,24,1
5138,"Registered Nursing, Nursing Administration, Nursing Research and Clinical Nursing.",136145,1,Public,2,67263.0,47.0,70310,53,70689.0,28.0,136145,North Florida College,30.473841,-83.420732,42,6,,17842,,1,24,1
0901,Communication and Media Studies.,136172,1,Public,3,36842.0,268.0,54360,268,50651.0,250.0,136172,University of North Florida,30.27194,-81.509144,11,15,0.5324,37074,0.6143506622,2,22,1
1101,"Computer and Information Sciences, General.",136172,1,Public,3,61941.0,162.0,84034,152,85179.0,102.0,136172,University of North Florida,30.27194,-81.509144,11,15,0.5324,37074,0.6143506622,2,22,1
1304,Educational Administration and Supervision.,136172,1,Public,5,54551.0,84.0,64989,60,55993.0,52.0,136172,University of North Florida,30.27194,-81.509144,11,15,0.5324,37074,0.6143506622,2,22,1
1310,Special Education and Teaching.,136172,1,Public,3,47734.0,19.0,59429,21,52358.0,22.0,136172,University of North Florida,30.27194,-81.509144,11,15,0.5324,37074,0.6143506622,2,22,1
1311,Student Counseling and Personnel Services.,136172,1,Public,5,51862.0,28.0,60302,26,54870.0,34.0,136172,University of North Florida,30.27194,-81.509144,11,15,0.5324,37074,0.6143506622,2,22,1
1312,"Teacher Education and Professional Development, Specific Levels and Methods.",136172,1,Public,3,47210.0,140.0,49545,104,50863.0,146.0,136172,University of North Florida,30.27194,-81.509144,11,15,0.5324,37074,0.6143506622,2,22,1
1312,"Teacher Education and Professional Development, Specific Levels and Methods.",136172,1,Public,5,49299.0,20.0,54130,22,50418.0,16.0,136172,University of North Florida,30.27194,-81.509144,11,15,0.5324,37074,0.6143506622,2,22,1
1313,"Teacher Education and Professional Development, Specific Subject Areas.",136172,1,Public,3,47219.0,20.0,52496,17,52853.0,25.0,136172,University of North Florida,30.27194,-81.509144,11,15,0.5324,37074,0.6143506622,2,22,1
1408,Civil Engineering.,136172,1,Public,3,65622.0,45.0,77498,34,82791.0,45.0,136172,University of North Florida,30.27194,-81.509144,11,15,0.5324,37074,0.6143506622,2,22,1
1410,"Electrical, Electronics, and Communications Engineering.",136172,1,Public,3,68285.0,48.0,90944,34,92420.0,37.0,136172,University of North Florida,30.27194,-81.509144,11,15,0.5324,37074,0.6143506622,2,22,1
1419,Mechanical Engineering.,136172,1,Public,3,66743.0,69.0,85995,85,87430.0,66.0,136172,University of North Florida,30.27194,-81.509144,11,15,0.5324,37074,0.6143506622,2,22,1
1510,Construction Engineering Technology/Technician.,136172,1,Public,3,75407.0,67.0,94692,42,91779.0,30.0,136172,University of North Florida,30.27194,-81.509144,11,15,0.5324,37074,0.6143506622,2,22,1
1609,"Romance Languages, Literatures, and Linguistics.",136172,1,Public,3,,,49750,17,48744.0,29.0,136172,University of North Florida,30.27194,-81.509144,11,15,0.5324,37074,0.6143506622,2,22,1
1616,American Sign Language.,136172,1,Public,3,32695.0,20.0,39944,23,,,136172,University of North Florida,30.27194,-81.509144,11,15,0.5324,37074,0.6143506622,2,22,1
2301,"English Language and Literature, General.",136172,1,Public,3,27396.0,84.0,42390,93,43520.0,78.0,136172,University of North Florida,30.27194,-81.509144,11,15,0.5324,37074,0.6143506622,2,22,1
2301,"English Language and Literature, General.",136172,1,Public,5,,,54367,17,,,136172,University of North Florida,30.27194,-81.509144,11,15,0.5324,37074,0.6143506622,2,22,1
2601,"Biology, General.",136172,1,Public,3,26964.0,128.0,55828,84,56373.0,107.0,136172,University of North Florida,30.27194,-81.509144,11,15,0.5324,37074,0.6143506622,2,22,1
2701,Mathematics.,136172,1,Public,3,46176.0,21.0,62631,20,,,136172,University of North Florida,30.27194,-81.509144,11,15,0.5324,37074,0.6143506622,2,22,1
3000,"Multi-/Interdisciplinary Studies, General.",136172,1,Public,3,29021.0,108.0,49804,96,51720.0,30.0,136172,University of North Florida,30.27194,-81.509144,11,15,0.5324,37074,0.6143506622,2,22,1
3020,International/Globalization Studies.,136172,1,Public,3,30861.0,47.0,54321,41,44186.0,47.0,136172,University of North Florida,30.27194,-81.509144,11,15,0.5324,37074,0.6143506622,2,22,1
3105,"Sports, Kinesiology, and Physical Education/Fitness.",136172,1,Public,3,33364.0,81.0,51606,76,50021.0,73.0,136172,University of North Florida,30.27194,-81.509144,11,15,0.5324,37074,0.6143506622,2,22,1
4005,Chemistry.,136172,1,Public,3,31663.0,19.0,55478,18,69271.0,17.0,136172,University of North Florida,30.27194,-81.509144,11,15,0.5324,37074,0.6143506622,2,22,1
4008,Physics.,136172,1,Public,3,,,64413,16,59535.0,18.0,136172,University of North Florida,30.27194,-81.509144,11,15,0.5324,37074,0.6143506622,2,22,1
4227,Research and Experimental Psychology.,136172,1,Public,3,30816.0,257.0,45521,274,,,136172,University of North Florida,30.27194,-81.509144,11,15,0.5324,37074,0.6143506622,2,22,1
4301,Criminal Justice and Corrections.,136172,1,Public,3,36684.0,161.0,51654,172,54503.0,163.0,136172,University of North Florida,30.27194,-81.509144,11,15,0.5324,37074,0.6143506622,2,22,1
4404,Public Administration.,136172,1,Public,5,53302.0,20.0,67442,20,67027.0,17.0,136172,University of North Florida,30.27194,-81.509144,11,15,0.5324,37074,0.6143506622,2,22,1
4407,Social Work.,136172,1,Public,3,,,47659,39,54778.0,29.0,136172,University of North Florida,30.27194,-81.509144,11,15,0.5324,37074,0.6143506622,2,22,1
4502,Anthropology.,136172,1,Public,3,32477.0,28.0,48132,33,38523.0,28.0,136172,University of North Florida,30.27194,-81.509144,11,15,0.5324,37074,0.6143506622,2,22,1
4506,Economics.,136172,1,Public,3,41519.0,29.0,75014,31,,,136172,University of North Florida,30.27194,-81.509144,11,15,0.5324,37074,0.6143506622,2,22,1
4510,Political Science and Government.,136172,1,Public,3,37841.0,98.0,58718,92,51478.0,79.0,136172,University of North Florida,30.27194,-81.509144,11,15,0.5324,37074,0.6143506622,2,22,1
4511,Sociology.,136172,1,Public,3,35728.0,46.0,44152,66,49470.0,71.0,136172,University of North Florida,30.27194,-81.509144,11,15,0.5324,37074,0.6143506622,2,22,1
5007,Fine and Studio Arts.,136172,1,Public,3,31770.0,101.0,43804,79,44769.0,105.0,136172,University of North Florida,30.27194,-81.509144,11,15,0.5324,37074,0.6143506622,2,22,1
5009,Music.,136172,1,Public,3,24405.0,37.0,33841,40,,,136172,University of North Florida,30.27194,-81.509144,11,15,0.5324,37074,0.6143506622,2,22,1
5100,"Health Services/Allied Health/Health Sciences, General.",136172,1,Public,3,36199.0,144.0,53540,161,53431.0,120.0,136172,University of North Florida,30.27194,-81.509144,11,15,0.5324,37074,0.6143506622,2,22,1
5100,"Health Services/Allied Health/Health Sciences, General.",136172,1,Public,5,44345.0,16.0,55762,20,58633.0,16.0,136172,University of North Florida,30.27194,-81.509144,11,15,0.5324,37074,0.6143506622,2,22,1
5107,Health and Medical Administrative Services.,136172,1,Public,3,41097.0,93.0,55345,100,59637.0,104.0,136172,University of North Florida,30.27194,-81.509144,11,15,0.5324,37074,0.6143506622,2,22,1
5107,Health and Medical Administrative Services.,136172,1,Public,5,64089.0,25.0,84976,28,,,136172,University of North Florida,30.27194,-81.509144,11,15,0.5324,37074,0.6143506622,2,22,1
5109,"Allied Health Diagnostic, Intervention, and Treatment Professions.",136172,1,Public,3,,,56179,28,51720.0,30.0,136172,University of North Florida,30.27194,-81.509144,11,15,0.5324,37074,0.6143506622,2,22,1
5115,Mental and Social Health Services and Allied Professions.,136172,1,Public,5,45840.0,57.0,59696,45,61948.0,16.0,136172,University of North Florida,30.27194,-81.509144,11,15,0.5324,37074,0.6143506622,2,22,1
5122,Public Health.,136172,1,Public,5,55503.0,33.0,63367,25,,,136172,University of North Florida,30.27194,-81.509144,11,15,0.5324,37074,0.6143506622,2,22,1
5123,Rehabilitation and Therapeutic Professions.,136172,0,Public,6,75760.0,45.0,85171,48,,,136172,University of North Florida,30.27194,-81.509144,11,15,0.5324,37074,0.6143506622,2,22,1
5131,Dietetics and Clinical Nutrition Services.,136172,1,Public,3,30631.0,46.0,54952,78,55220.0,91.0,136172,University of North Florida,30.27194,-81.509144,11,15,0.5324,37074,0.6143506622,2,22,1
5131,Dietetics and Clinical Nutrition Services.,136172,3,Public,5,49207.0,18.0,66348,20,67241.0,17.0,136172,University of North Florida,30.27194,-81.509144,11,15,0.5324,37074,0.6143506622,2,22,1
5138,"Registered Nursing, Nursing Administration, Nursing Research and Clinical Nursing.",136172,2,Public,3,76508.0,306.0,79454,224,75927.0,134.0,136172,University of North Florida,30.27194,-81.509144,11,15,0.5324,37074,0.6143506622,2,22,1
5138,"Registered Nursing, Nursing Administration, Nursing Research and Clinical Nursing.",136172,0,Public,6,156046.0,176.0,135151,124,,,136172,University of North Florida,30.27194,-81.509144,11,15,0.5324,37074,0.6143506622,2,22,1
5201,"Business/Commerce, General.",136172,1,Public,5,58996.0,41.0,81376,41,,,136172,University of North Florida,30.27194,-81.509144,11,15,0.5324,37074,0.6143506622,2,22,1
5202,"Business Administration, Management and Operations.",136172,1,Public,3,44752.0,257.0,65768,218,64007.0,209.0,136172,University of North Florida,30.27194,-81.509144,11,15,0.5324,37074,0.6143506622,2,22,1
5202,"Business Administration, Management and Operations.",136172,1,Public,5,66423.0,152.0,99023,136,95416.0,95.0,136172,University of North Florida,30.27194,-81.509144,11,15,0.5324,37074,0.6143506622,2,22,1
5203,Accounting and Related Services.,136172,1,Public,3,58514.0,77.0,73868,103,77318.0,79.0,136172,University of North Florida,30.27194,-81.509144,11,15,0.5324,37074,0.6143506622,2,22,1
5203,Accounting and Related Services.,136172,1,Public,5,71474.0,36.0,110979,33,82235.0,17.0,136172,University of North Florida,30.27194,-81.509144,11,15,0.5324,37074,0.6143506622,2,22,1
5206,Business/Managerial Economics.,136172,1,Public,3,42357.0,19.0,64541,23,,,136172,University of North Florida,30.27194,-81.509144,11,15,0.5324,37074,0.6143506622,2,22,1
5208,Finance and Financial Management Services.,136172,1,Public,3,51118.0,151.0,75475,142,72191.0,115.0,136172,University of North Florida,30.27194,-81.509144,11,15,0.5324,37074,0.6143506622,2,22,1
5211,International Business.,136172,1,Public,3,49379.0,52.0,68527,39,63194.0,39.0,136172,University of North Florida,30.27194,-81.509144,11,15,0.5324,37074,0.6143506622,2,22,1
5214,Marketing.,136172,1,Public,3,43720.0,126.0,62294,122,63817.0,78.0,136172,University of North Florida,30.27194,-81.509144,11,15,0.5324,37074,0.6143506622,2,22,1
5401,History.,136172,1,Public,3,25689.0,37.0,49611,43,43692.0,48.0,136172,University of North Florida,30.27194,-81.509144,11,15,0.5324,37074,0.6143506622,2,22,1
1101,"Computer and Information Sciences, General.",136215,2,"Private, nonprofit",5,78871.0,29.0,103720,24,105017.0,40.0,136215,Nova Southeastern University,26.082288,-80.249891,21,16,0.7321,31002,0.6566484517,2,24,1
1104,Information Science/Studies.,136215,3,"Private, nonprofit",5,74687.0,68.0,105187,69,109801.0,55.0,136215,Nova Southeastern University,26.082288,-80.249891,21,16,0.7321,31002,0.6566484517,2,24,1
1107,Computer Science.,136215,2,"Private, nonprofit",5,,,142461,16,137627.0,18.0,136215,Nova Southeastern University,26.082288,-80.249891,21,16,0.7321,31002,0.6566484517,2,24,1
1301,"Education, General.",136215,3,"Private, nonprofit",6,72724.0,441.0,81299,546,86029.0,330.0,136215,Nova Southeastern University,26.082288,-80.249891,21,16,0.7321,31002,0.6566484517,2,24,1
1303,Curriculum and Instruction.,136215,3,"Private, nonprofit",5,56965.0,31.0,57180,23,63435.0,29.0,136215,Nova Southeastern University,26.082288,-80.249891,21,16,0.7321,31002,0.6566484517,2,24,1
1304,Educational Administration and Supervision.,136215,2,"Private, nonprofit",5,52712.0,129.0,70069,149,74994.0,234.0,136215,Nova Southeastern University,26.082288,-80.249891,21,16,0.7321,31002,0.6566484517,2,24,1
1310,Special Education and Teaching.,136215,3,"Private, nonprofit",5,55480.0,37.0,58972,40,56508.0,59.0,136215,Nova Southeastern University,26.082288,-80.249891,21,16,0.7321,31002,0.6566484517,2,24,1
1311,Student Counseling and Personnel Services.,136215,2,"Private, nonprofit",5,,,58880,38,58983.0,33.0,136215,Nova Southeastern University,26.082288,-80.249891,21,16,0.7321,31002,0.6566484517,2,24,1
1312,"Teacher Education and Professional Development, Specific Levels and Methods.",136215,3,"Private, nonprofit",5,,,57713,23,65201.0,233.0,136215,Nova Southeastern University,26.082288,-80.249891,21,16,0.7321,31002,0.6566484517,2,24,1
1313,"Teacher Education and Professional Development, Specific Subject Areas.",136215,2,"Private, nonprofit",5,58288.0,101.0,64174,116,59634.0,160.0,136215,Nova Southeastern University,26.082288,-80.249891,21,16,0.7321,31002,0.6566484517,2,24,1
1313,"Teacher Education and Professional Development, Specific Subject Areas.",136215,3,"Private, nonprofit",6,,,55151,21,46299.0,21.0,136215,Nova Southeastern University,26.082288,-80.249891,21,16,0.7321,31002,0.6566484517,2,24,1
1907,"Human Development, Family Studies, and Related Services.",136215,3,"Private, nonprofit",5,46052.0,89.0,61760,91,60711.0,42.0,136215,Nova Southeastern University,26.082288,-80.249891,21,16,0.7321,31002,0.6566484517,2,24,1
2201,Law.,136215,2,"Private, nonprofit",7,61884.0,310.0,96470,470,98926.0,128.0,136215,Nova Southeastern University,26.082288,-80.249891,21,16,0.7321,31002,0.6566484517,2,24,1
2202,Legal Research and Advanced Professional Studies.,136215,2,"Private, nonprofit",5,78762.0,77.0,91014,53,78293.0,41.0,136215,Nova Southeastern University,26.082288,-80.249891,21,16,0.7321,31002,0.6566484517,2,24,1
2601,"Biology, General.",136215,2,"Private, nonprofit",3,23110.0,73.0,57249,85,65902.0,136.0,136215,Nova Southeastern University,26.082288,-80.249891,21,16,0.7321,31002,0.6566484517,2,24,1
2609,"Physiology, Pathology and Related Sciences.",136215,2,"Private, nonprofit",3,,,122809,115,,,136215,Nova Southeastern University,26.082288,-80.249891,21,16,0.7321,31002,0.6566484517,2,24,1
2613,"Ecology, Evolution, Systematics, and Population Biology.",136215,2,"Private, nonprofit",3,31114.0,25.0,45287,19,,,136215,Nova Southeastern University,26.082288,-80.249891,21,16,0.7321,31002,0.6566484517,2,24,1
2613,"Ecology, Evolution, Systematics, and Population Biology.",136215,2,"Private, nonprofit",5,47731.0,38.0,62655,34,58900.0,42.0,136215,Nova Southeastern University,26.082288,-80.249891,21,16,0.7321,31002,0.6566484517,2,24,1
3028,Dispute Resolution.,136215,2,"Private, nonprofit",6,84585.0,29.0,66910,30,87357.0,38.0,136215,Nova Southeastern University,26.082288,-80.249891,21,16,0.7321,31002,0.6566484517,2,24,1
3105,"Sports, Kinesiology, and Physical Education/Fitness.",136215,2,"Private, nonprofit",3,23136.0,25.0,55487,38,36499.0,49.0,136215,Nova Southeastern University,26.082288,-80.249891,21,16,0.7321,31002,0.6566484517,2,24,1
4201,"Psychology, General.",136215,2,"Private, nonprofit",3,24711.0,50.0,50563,45,46225.0,72.0,136215,Nova Southeastern University,26.082288,-80.249891,21,16,0.7321,31002,0.6566484517,2,24,1
4201,"Psychology, General.",136215,3,"Private, nonprofit",5,,,60151,19,58922.0,25.0,136215,Nova Southeastern University,26.082288,-80.249891,21,16,0.7321,31002,0.6566484517,2,24,1
4228,"Clinical, Counseling and Applied Psychology.",136215,2,"Private, nonprofit",5,46761.0,278.0,64896,346,59029.0,257.0,136215,Nova Southeastern University,26.082288,-80.249891,21,16,0.7321,31002,0.6566484517,2,24,1
4228,"Clinical, Counseling and Applied Psychology.",136215,2,"Private, nonprofit",6,63861.0,86.0,99428,108,101588.0,70.0,136215,Nova Southeastern University,26.082288,-80.249891,21,16,0.7321,31002,0.6566484517,2,24,1
4301,Criminal Justice and Corrections.,136215,2,"Private, nonprofit",3,,,71972,17,,,136215,Nova Southeastern University,26.082288,-80.249891,21,16,0.7321,31002,0.6566484517,2,24,1
4301,Criminal Justice and Corrections.,136215,3,"Private, nonprofit",5,52703.0,55.0,61713,55,54798.0,65.0,136215,Nova Southeastern University,26.082288,-80.249891,21,16,0.7321,31002,0.6566484517,2,24,1
4301,Criminal Justice and Corrections.,136215,3,"Private, nonprofit",6,90969.0,23.0,109172,17,,,136215,Nova Southeastern University,26.082288,-80.249891,21,16,0.7321,31002,0.6566484517,2,24,1
4404,Public Administration.,136215,2,"Private, nonprofit",5,66078.0,30.0,71298,31,65021.0,39.0,136215,Nova Southeastern University,26.082288,-80.249891,21,16,0.7321,31002,0.6566484517,2,24,1
4407,Social Work.,136215,3,"Private, nonprofit",5,44652.0,32.0,62202,51,55496.0,27.0,136215,Nova Southeastern University,26.082288,-80.249891,21,16,0.7321,31002,0.6566484517,2,24,1
5100,"Health Services/Allied Health/Health Sciences, General.",136215,2,"Private, nonprofit",3,,,82727,20,70426.0,33.0,136215,Nova Southeastern University,26.082288,-80.249891,21,16,0.7321,31002,0.6566484517,2,24,1
5100,"Health Services/Allied Health/Health Sciences, General.",136215,2,"Private, nonprofit",5,75171.0,37.0,85889,47,81938.0,50.0,136215,Nova Southeastern University,26.082288,-80.249891,21,16,0.7321,31002,0.6566484517,2,24,1
5100,"Health Services/Allied Health/Health Sciences, General.",136215,2,"Private, nonprofit",6,105792.0,67.0,114954,74,112315.0,56.0,136215,Nova Southeastern University,26.082288,-80.249891,21,16,0.7321,31002,0.6566484517,2,24,1
5102,Communication Disorders Sciences and Services.,136215,2,"Private, nonprofit",5,61783.0,380.0,67111,377,61527.0,261.0,136215,Nova Southeastern University,26.082288,-80.249891,21,16,0.7321,31002,0.6566484517,2,24,1
5102,Communication Disorders Sciences and Services.,136215,0,"Private, nonprofit",6,84181.0,40.0,96694,29,97163.0,33.0,136215,Nova Southeastern University,26.082288,-80.249891,21,16,0.7321,31002,0.6566484517,2,24,1
5104,Dentistry.,136215,0,"Private, nonprofit",6,110451.0,162.0,156942,189,140547.0,180.0,136215,Nova Southeastern University,26.082288,-80.249891,21,16,0.7321,31002,0.6566484517,2,24,1
5108,Allied Health and Medical Assisting Services.,136215,2,"Private, nonprofit",5,192191.0,60.0,221571,108,183981.0,56.0,136215,Nova Southeastern University,26.082288,-80.249891,21,16,0.7321,31002,0.6566484517,2,24,1
5109,"Allied Health Diagnostic, Intervention, and Treatment Professions.",136215,2,"Private, nonprofit",3,74202.0,51.0,83250,84,,,136215,Nova Southeastern University,26.082288,-80.249891,21,16,0.7321,31002,0.6566484517,2,24,1
5109,"Allied Health Diagnostic, Intervention, and Treatment Professions.",136215,2,"Private, nonprofit",5,113185.0,418.0,129749,415,127336.0,201.0,136215,Nova Southeastern University,26.082288,-80.249891,21,16,0.7321,31002,0.6566484517,2,24,1
5112,Medicine.,136215,0,"Private, nonprofit",6,61451.0,385.0,130217,373,205088.0,374.0,136215,Nova Southeastern University,26.082288,-80.249891,21,16,0.7321,31002,0.6566484517,2,24,1
5115,Mental and Social Health Services and Allied Professions.,136215,2,"Private, nonprofit",5,44672.0,170.0,55344,191,52275.0,175.0,136215,Nova Southeastern University,26.082288,-80.249891,21,16,0.7321,31002,0.6566484517,2,24,1
5115,Mental and Social Health Services and Allied Professions.,136215,2,"Private, nonprofit",6,64191.0,44.0,62583,35,93474.0,19.0,136215,Nova Southeastern University,26.082288,-80.249891,21,16,0.7321,31002,0.6566484517,2,24,1
5117,Optometry.,136215,0,"Private, nonprofit",6,88293.0,132.0,130197,141,117355.0,144.0,136215,Nova Southeastern University,26.082288,-80.249891,21,16,0.7321,31002,0.6566484517,2,24,1
5120,"Pharmacy, Pharmaceutical Sciences, and Administration.",136215,2,"Private, nonprofit",6,101636.0,396.0,131167,413,133099.0,369.0,136215,Nova Southeastern University,26.082288,-80.249891,21,16,0.7321,31002,0.6566484517,2,24,1
5122,Public Health.,136215,2,"Private, nonprofit",5,61030.0,83.0,98338,91,81275.0,42.0,136215,Nova Southeastern University,26.082288,-80.249891,21,16,0.7321,31002,0.6566484517,2,24,1
5123,Rehabilitation and Therapeutic Professions.,136215,2,"Private, nonprofit",5,66669.0,81.0,73781,84,74731.0,84.0,136215,Nova Southeastern University,26.082288,-80.249891,21,16,0.7321,31002,0.6566484517,2,24,1
5123,Rehabilitation and Therapeutic Professions.,136215,2,"Private, nonprofit",6,73033.0,235.0,80533,217,78564.0,148.0,136215,Nova Southeastern University,26.082288,-80.249891,21,16,0.7321,31002,0.6566484517,2,24,1
5127,Medical Illustration and Informatics.,136215,2,"Private, nonprofit",5,83021.0,22.0,127664,23,82196.0,20.0,136215,Nova Southeastern University,26.082288,-80.249891,21,16,0.7321,31002,0.6566484517,2,24,1
5138,"Registered Nursing, Nursing Administration, Nursing Research and Clinical Nursing.",136215,3,"Private, nonprofit",3,77224.0,607.0,88004,469,87721.0,394.0,136215,Nova Southeastern University,26.082288,-80.249891,21,16,0.7321,31002,0.6566484517,2,24,1
5138,"Registered Nursing, Nursing Administration, Nursing Research and Clinical Nursing.",136215,2,"Private, nonprofit",5,102338.0,298.0,113592,255,114249.0,120.0,136215,Nova Southeastern University,26.082288,-80.249891,21,16,0.7321,31002,0.6566484517,2,24,1
5202,"Business Administration, Management and Operations.",136215,2,"Private, nonprofit",3,49156.0,41.0,67851,62,61055.0,96.0,136215,Nova Southeastern University,26.082288,-80.249891,21,16,0.7321,31002,0.6566484517,2,24,1
5202,"Business Administration, Management and Operations.",136215,2,"Private, nonprofit",5,68274.0,617.0,86083,856,82806.0,608.0,136215,Nova Southeastern University,26.082288,-80.249891,21,16,0.7321,31002,0.6566484517,2,24,1
5203,Accounting and Related Services.,136215,2,"Private, nonprofit",3,,,73874,16,82324.0,23.0,136215,Nova Southeastern University,26.082288,-80.249891,21,16,0.7321,31002,0.6566484517,2,24,1
5203,Accounting and Related Services.,136215,2,"Private, nonprofit",5,77211.0,122.0,96451,122,86689.0,165.0,136215,Nova Southeastern University,26.082288,-80.249891,21,16,0.7321,31002,0.6566484517,2,24,1
5208,Finance and Financial Management Services.,136215,2,"Private, nonprofit",3,37143.0,19.0,66302,31,87868.0,20.0,136215,Nova Southeastern University,26.082288,-80.249891,21,16,0.7321,31002,0.6566484517,2,24,1
5210,Human Resources Management and Services.,136215,2,"Private, nonprofit",5,59280.0,47.0,67513,67,78931.0,119.0,136215,Nova Southeastern University,26.082288,-80.249891,21,16,0.7321,31002,0.6566484517,2,24,1
5216,Taxation.,136215,2,"Private, nonprofit",5,64191.0,22.0,93144,33,92271.0,24.0,136215,Nova Southeastern University,26.082288,-80.249891,21,16,0.7321,31002,0.6566484517,2,24,1
1312,"Teacher Education and Professional Development, Specific Levels and Methods.",136233,1,Public,3,44340.0,48.0,51900,34,46751.0,34.0,136233,Northwest Florida State College,30.540017,-86.47456,22,9,,23721,0.9132875858,1,25,1
2401,"Liberal Arts and Sciences, General Studies and Humanities.",136233,3,Public,2,24605.0,142.0,46361,330,40178.0,274.0,136233,Northwest Florida State College,30.540017,-86.47456,22,9,,23721,0.9132875858,1,25,1
4301,Criminal Justice and Corrections.,136233,1,Public,1,48087.0,77.0,52766,49,52831.0,41.0,136233,Northwest Florida State College,30.540017,-86.47456,22,9,,23721,0.9132875858,1,25,1
4805,Precision Metal Working.,136233,1,Public,1,37052.0,17.0,58333,20,,,136233,Northwest Florida State College,30.540017,-86.47456,22,9,,23721,0.9132875858,1,25,1
5109,"Allied Health Diagnostic, Intervention, and Treatment Professions.",136233,1,Public,1,52939.0,19.0,47053,23,,,136233,Northwest Florida State College,30.540017,-86.47456,22,9,,23721,0.9132875858,1,25,1
5138,"Registered Nursing, Nursing Administration, Nursing Research and Clinical Nursing.",136233,1,Public,2,71737.0,22.0,76181,72,65742.0,41.0,136233,Northwest Florida State College,30.540017,-86.47456,22,9,,23721,0.9132875858,1,25,1
5138,"Registered Nursing, Nursing Administration, Nursing Research and Clinical Nursing.",136233,3,Public,3,68745.0,49.0,84993,48,87244.0,22.0,136233,Northwest Florida State College,30.540017,-86.47456,22,9,,23721,0.9132875858,1,25,1
5202,"Business Administration, Management and Operations.",136233,1,Public,3,35809.0,47.0,51535,54,60639.0,58.0,136233,Northwest Florida State College,30.540017,-86.47456,22,9,,23721,0.9132875858,1,25,1
1110,Computer/Information Technology Administration and Management.,136303,0,Public,1,,,32262,28,,,136303,Orange Technical College,28.550422,-81.383783,11,-2,,14956,,1,26,1
1204,Cosmetology and Related Personal Grooming Services.,136303,0,Public,1,,,26468,47,,,136303,Orange Technical College,28.550422,-81.383783,11,-2,,14956,,1,26,1
1205,Culinary Arts and Related Services.,136303,0,Public,1,,,23220,19,16806.0,16.0,136303,Orange Technical College,28.550422,-81.383783,11,-2,,14956,,1,26,1
4702,"Heating, Air Conditioning, Ventilation and Refrigeration Maintenance Technology/Technician (HAC, HACR, HVAC, HVACR).",136303,0,Public,1,,,39035,47,,,136303,Orange Technical College,28.550422,-81.383783,11,-2,,14956,,1,26,1
4706,Vehicle Maintenance and Repair Technologies/Technicians.,136303,0,Public,1,,,52174,87,,,136303,Orange Technical College,28.550422,-81.383783,11,-2,,14956,,1,26,1
4805,Precision Metal Working.,136303,0,Public,1,,,47407,20,,,136303,Orange Technical College,28.550422,-81.383783,11,-2,,14956,,1,26,1
5004,Design and Applied Arts.,136303,0,Public,1,,,18193,20,,,136303,Orange Technical College,28.550422,-81.383783,11,-2,,14956,,1,26,1
5106,Dental Support Services and Allied Professions.,136303,0,Public,1,28220.0,19.0,34990,22,,,136303,Orange Technical College,28.550422,-81.383783,11,-2,,14956,,1,26,1
5107,Health and Medical Administrative Services.,136303,1,Public,1,,,32626,34,,,136303,Orange Technical College,28.550422,-81.383783,11,-2,,14956,,1,26,1
5108,Allied Health and Medical Assisting Services.,136303,1,Public,1,,,34647,106,,,136303,Orange Technical College,28.550422,-81.383783,11,-2,,14956,,1,26,1
5110,Clinical/Medical Laboratory Science/Research and Allied Professions.,136303,1,Public,1,,,31020,18,,,136303,Orange Technical College,28.550422,-81.383783,11,-2,,14956,,1,26,1
5135,Somatic Bodywork and Related Therapeutic Services.,136303,1,Public,1,,,37194,24,,,136303,Orange Technical College,28.550422,-81.383783,11,-2,,14956,,1,26,1
5139,"Practical Nursing, Vocational Nursing and Nursing Assistants.",136303,1,Public,1,43002.0,22.0,47836,22,41970.0,19.0,136303,Orange Technical College,28.550422,-81.383783,11,-2,,14956,,1,26,1
0901,Communication and Media Studies.,136330,3,"Private, nonprofit",3,,,47847,19,39619.0,20.0,136330,Palm Beach Atlantic University,26.7044,-80.05247,12,11,0.8199,52817,0.5402097902,2,22,1
1311,Student Counseling and Personnel Services.,136330,1,"Private, nonprofit",5,54488.0,21.0,59954,27,56315.0,17.0,136330,Palm Beach Atlantic University,26.7044,-80.05247,12,11,0.8199,52817,0.5402097902,2,22,1
2601,"Biology, General.",136330,1,"Private, nonprofit",3,28991.0,23.0,56258,24,41291.0,20.0,136330,Palm Beach Atlantic University,26.7044,-80.05247,12,11,0.8199,52817,0.5402097902,2,22,1
3903,Missions/Missionary Studies and Missiology.,136330,1,"Private, nonprofit",3,,,42589,16,,,136330,Palm Beach Atlantic University,26.7044,-80.05247,12,11,0.8199,52817,0.5402097902,2,22,1
3906,Theological and Ministerial Studies.,136330,2,"Private, nonprofit",3,28383.0,22.0,53398,27,41607.0,28.0,136330,Palm Beach Atlantic University,26.7044,-80.05247,12,11,0.8199,52817,0.5402097902,2,22,1
4201,"Psychology, General.",136330,2,"Private, nonprofit",3,35403.0,52.0,51530,61,48631.0,82.0,136330,Palm Beach Atlantic University,26.7044,-80.05247,12,11,0.8199,52817,0.5402097902,2,22,1
5115,Mental and Social Health Services and Allied Professions.,136330,1,"Private, nonprofit",5,43029.0,87.0,54393,95,53970.0,107.0,136330,Palm Beach Atlantic University,26.7044,-80.05247,12,11,0.8199,52817,0.5402097902,2,22,1
5120,"Pharmacy, Pharmaceutical Sciences, and Administration.",136330,0,"Private, nonprofit",6,110574.0,64.0,132063,63,133913.0,137.0,136330,Palm Beach Atlantic University,26.7044,-80.05247,12,11,0.8199,52817,0.5402097902,2,22,1
5138,"Registered Nursing, Nursing Administration, Nursing Research and Clinical Nursing.",136330,2,"Private, nonprofit",3,70586.0,85.0,76008,53,71540.0,61.0,136330,Palm Beach Atlantic University,26.7044,-80.05247,12,11,0.8199,52817,0.5402097902,2,22,1
5138,"Registered Nursing, Nursing Administration, Nursing Research and Clinical Nursing.",136330,0,"Private, nonprofit",6,96790.0,37.0,116095,36,,,136330,Palm Beach Atlantic University,26.7044,-80.05247,12,11,0.8199,52817,0.5402097902,2,22,1
5202,"Business Administration, Management and Operations.",136330,2,"Private, nonprofit",3,46970.0,31.0,59081,29,56237.0,25.0,136330,Palm Beach Atlantic University,26.7044,-80.05247,12,11,0.8199,52817,0.5402097902,2,22,1
5202,"Business Administration, Management and Operations.",136330,3,"Private, nonprofit",5,57694.0,51.0,72925,42,77312.0,77.0,136330,Palm Beach Atlantic University,26.7044,-80.05247,12,11,0.8199,52817,0.5402097902,2,22,1
5208,Finance and Financial Management Services.,136330,1,"Private, nonprofit",3,,,66689,16,,,136330,Palm Beach Atlantic University,26.7044,-80.05247,12,11,0.8199,52817,0.5402097902,2,22,1
5210,Human Resources Management and Services.,136330,3,"Private, nonprofit",3,,,60379,34,48663.0,60.0,136330,Palm Beach Atlantic University,26.7044,-80.05247,12,11,0.8199,52817,0.5402097902,2,22,1
5214,Marketing.,136330,1,"Private, nonprofit",3,39743.0,26.0,53668,27,,,136330,Palm Beach Atlantic University,26.7044,-80.05247,12,11,0.8199,52817,0.5402097902,2,22,1
1101,"Computer and Information Sciences, General.",136358,1,Public,2,,,52616,23,,,136358,Palm Beach State College,26.61256,-80.08653,21,15,,21408,0.9218037494,1,23,1
1108,Computer Software and Media Applications.,136358,1,Public,2,,,48988,20,,,136358,Palm Beach State College,26.61256,-80.08653,21,15,,21408,0.9218037494,1,23,1
1110,Computer/Information Technology Administration and Management.,136358,2,Public,2,38149.0,32.0,47776,43,,,136358,Palm Beach State College,26.61256,-80.08653,21,15,,21408,0.9218037494,1,23,1
1110,Computer/Information Technology Administration and Management.,136358,2,Public,3,51368.0,74.0,69612,70,76787.0,31.0,136358,Palm Beach State College,26.61256,-80.08653,21,15,,21408,0.9218037494,1,23,1
1204,Cosmetology and Related Personal Grooming Services.,136358,1,Public,1,24361.0,116.0,31237,80,35090.0,58.0,136358,Palm Beach State College,26.61256,-80.08653,21,15,,21408,0.9218037494,1,23,1
1312,"Teacher Education and Professional Development, Specific Levels and Methods.",136358,1,Public,2,28641.0,20.0,38687,23,39971.0,25.0,136358,Palm Beach State College,26.61256,-80.08653,21,15,,21408,0.9218037494,1,23,1
1907,"Human Development, Family Studies, and Related Services.",136358,1,Public,1,28328.0,27.0,38561,36,28464.0,18.0,136358,Palm Beach State College,26.61256,-80.08653,21,15,,21408,0.9218037494,1,23,1
2203,Legal Support Services.,136358,1,Public,2,46622.0,35.0,51314,33,47368.0,22.0,136358,Palm Beach State College,26.61256,-80.08653,21,15,,21408,0.9218037494,1,23,1
2401,"Liberal Arts and Sciences, General Studies and Humanities.",136358,2,Public,2,29805.0,1112.0,44569,2852,43120.0,1606.0,136358,Palm Beach State College,26.61256,-80.08653,21,15,,21408,0.9218037494,1,23,1
4301,Criminal Justice and Corrections.,136358,1,Public,1,69415.0,168.0,78216,153,79900.0,139.0,136358,Palm Beach State College,26.61256,-80.08653,21,15,,21408,0.9218037494,1,23,1
4302,Fire Protection.,136358,1,Public,1,46698.0,27.0,66689,30,68973.0,34.0,136358,Palm Beach State College,26.61256,-80.08653,21,15,,21408,0.9218037494,1,23,1
4304,Security Science and Technology.,136358,1,Public,2,,,51215,16,35445.0,18.0,136358,Palm Beach State College,26.61256,-80.08653,21,15,,21408,0.9218037494,1,23,1
4603,Electrical and Power Transmission Installers.,136358,1,Public,1,36887.0,23.0,46154,28,,,136358,Palm Beach State College,26.61256,-80.08653,21,15,,21408,0.9218037494,1,23,1
4702,"Heating, Air Conditioning, Ventilation and Refrigeration Maintenance Technology/Technician (HAC, HACR, HVAC, HVACR).",136358,1,Public,1,42882.0,28.0,47547,32,48648.0,23.0,136358,Palm Beach State College,26.61256,-80.08653,21,15,,21408,0.9218037494,1,23,1
4706,Vehicle Maintenance and Repair Technologies/Technicians.,136358,1,Public,1,35687.0,41.0,43464,53,45108.0,40.0,136358,Palm Beach State College,26.61256,-80.08653,21,15,,21408,0.9218037494,1,23,1
4805,Precision Metal Working.,136358,1,Public,1,41518.0,46.0,46610,43,50639.0,19.0,136358,Palm Beach State College,26.61256,-80.08653,21,15,,21408,0.9218037494,1,23,1
5004,Design and Applied Arts.,136358,1,Public,2,36768.0,28.0,40966,24,,,136358,Palm Beach State College,26.61256,-80.08653,21,15,,21408,0.9218037494,1,23,1
5106,Dental Support Services and Allied Professions.,136358,1,Public,1,,,51204,23,,,136358,Palm Beach State College,26.61256,-80.08653,21,15,,21408,0.9218037494,1,23,1
5106,Dental Support Services and Allied Professions.,136358,1,Public,2,63723.0,33.0,67713,30,73447.0,16.0,136358,Palm Beach State College,26.61256,-80.08653,21,15,,21408,0.9218037494,1,23,1
5108,Allied Health and Medical Assisting Services.,136358,1,Public,1,33935.0,17.0,34711,22,,,136358,Palm Beach State College,26.61256,-80.08653,21,15,,21408,0.9218037494,1,23,1
5109,"Allied Health Diagnostic, Intervention, and Treatment Professions.",136358,1,Public,1,49359.0,113.0,68457,144,61067.0,80.0,136358,Palm Beach State College,26.61256,-80.08653,21,15,,21408,0.9218037494,1,23,1
5109,"Allied Health Diagnostic, Intervention, and Treatment Professions.",136358,1,Public,2,56594.0,65.0,62303,57,65419.0,39.0,136358,Palm Beach State College,26.61256,-80.08653,21,15,,21408,0.9218037494,1,23,1
5115,Mental and Social Health Services and Allied Professions.,136358,1,Public,2,32260.0,16.0,44340,25,,,136358,Palm Beach State College,26.61256,-80.08653,21,15,,21408,0.9218037494,1,23,1
5135,Somatic Bodywork and Related Therapeutic Services.,136358,1,Public,1,24097.0,23.0,30028,25,33110.0,22.0,136358,Palm Beach State College,26.61256,-80.08653,21,15,,21408,0.9218037494,1,23,1
5138,"Registered Nursing, Nursing Administration, Nursing Research and Clinical Nursing.",136358,2,Public,2,67495.0,197.0,83171,227,76092.0,131.0,136358,Palm Beach State College,26.61256,-80.08653,21,15,,21408,0.9218037494,1,23,1
5138,"Registered Nursing, Nursing Administration, Nursing Research and Clinical Nursing.",136358,2,Public,3,78572.0,87.0,85210,65,,,136358,Palm Beach State College,26.61256,-80.08653,21,15,,21408,0.9218037494,1,23,1
5139,"Practical Nursing, Vocational Nursing and Nursing Assistants.",136358,1,Public,1,44422.0,58.0,57893,56,50948.0,32.0,136358,Palm Beach State College,26.61256,-80.08653,21,15,,21408,0.9218037494,1,23,1
5202,"Business Administration, Management and Operations.",136358,2,Public,2,,,56659,22,50263.0,16.0,136358,Palm Beach State College,26.61256,-80.08653,21,15,,21408,0.9218037494,1,23,1
5202,"Business Administration, Management and Operations.",136358,2,Public,3,43450.0,319.0,54096,292,53399.0,178.0,136358,Palm Beach State College,26.61256,-80.08653,21,15,,21408,0.9218037494,1,23,1
5209,Hospitality Administration/Management.,136358,2,Public,2,,,36364,17,,,136358,Palm Beach State College,26.61256,-80.08653,21,15,,21408,0.9218037494,1,23,1
5215,Real Estate.,136358,1,Public,1,32983.0,38.0,55978,49,,,136358,Palm Beach State College,26.61256,-80.08653,21,15,,21408,0.9218037494,1,23,1
5219,"Specialized Sales, Merchandising and  Marketing Operations.",136358,1,Public,1,,,48615,18,,,136358,Palm Beach State College,26.61256,-80.08653,21,15,,21408,0.9218037494,1,23,1
1110,Computer/Information Technology Administration and Management.,136400,1,Public,2,,,64565,19,,,136400,Pasco-Hernando State College,28.2751,-82.646727,21,12,,23149,0.8602089269,1,24,1
2401,"Liberal Arts and Sciences, General Studies and Humanities.",136400,3,Public,2,27253.0,241.0,42899,712,38927.0,696.0,136400,Pasco-Hernando State College,28.2751,-82.646727,21,12,,23149,0.8602089269,1,24,1
4301,Criminal Justice and Corrections.,136400,0,Public,99,,,63936,81,,,136400,Pasco-Hernando State College,28.2751,-82.646727,21,12,,23149,0.8602089269,1,24,1
4302,Fire Protection.,136400,0,Public,99,,,54917,16,,,136400,Pasco-Hernando State College,28.2751,-82.646727,21,12,,23149,0.8602089269,1,24,1
5106,Dental Support Services and Allied Professions.,136400,1,Public,2,,,66891,17,,,136400,Pasco-Hernando State College,28.2751,-82.646727,21,12,,23149,0.8602089269,1,24,1
5109,"Allied Health Diagnostic, Intervention, and Treatment Professions.",136400,1,Public,2,42434.0,46.0,57323,58,49379.0,36.0,136400,Pasco-Hernando State College,28.2751,-82.646727,21,12,,23149,0.8602089269,1,24,1
5109,"Allied Health Diagnostic, Intervention, and Treatment Professions.",136400,0,Public,99,,,61516,42,,,136400,Pasco-Hernando State College,28.2751,-82.646727,21,12,,23149,0.8602089269,1,24,1
5110,Clinical/Medical Laboratory Science/Research and Allied Professions.,136400,0,Public,99,,,43992,17,,,136400,Pasco-Hernando State College,28.2751,-82.646727,21,12,,23149,0.8602089269,1,24,1
5115,Mental and Social Health Services and Allied Professions.,136400,1,Public,2,,,29286,24,28099.0,27.0,136400,Pasco-Hernando State College,28.2751,-82.646727,21,12,,23149,0.8602089269,1,24,1
5138,"Registered Nursing, Nursing Administration, Nursing Research and Clinical Nursing.",136400,1,Public,2,67069.0,179.0,78938,219,75321.0,219.0,136400,Pasco-Hernando State College,28.2751,-82.646727,21,12,,23149,0.8602089269,1,24,1
5138,"Registered Nursing, Nursing Administration, Nursing Research and Clinical Nursing.",136400,1,Public,3,89145.0,66.0,92673,38,,,136400,Pasco-Hernando State College,28.2751,-82.646727,21,12,,23149,0.8602089269,1,24,1
5139,"Practical Nursing, Vocational Nursing and Nursing Assistants.",136400,0,Public,99,,,62150,118,,,136400,Pasco-Hernando State College,28.2751,-82.646727,21,12,,23149,0.8602089269,1,24,1
5202,"Business Administration, Management and Operations.",136400,1,Public,2,,,45891,26,47315.0,16.0,136400,Pasco-Hernando State College,28.2751,-82.646727,21,12,,23149,0.8602089269,1,24,1
5202,"Business Administration, Management and Operations.",136400,2,Public,3,43378.0,164.0,51849,175,,,136400,Pasco-Hernando State College,28.2751,-82.646727,21,12,,23149,0.8602089269,1,24,1
1204,Cosmetology and Related Personal Grooming Services.,136473,1,Public,1,23911.0,95.0,29523,73,22904.0,51.0,136473,Pensacola State College,30.479267,-87.200265,13,12,,20605,0.9150442478,1,25,1
2401,"Liberal Arts and Sciences, General Studies and Humanities.",136473,1,Public,2,26671.0,283.0,40919,535,39146.0,476.0,136473,Pensacola State College,30.479267,-87.200265,13,12,,20605,0.9150442478,1,25,1
4805,Precision Metal Working.,136473,1,Public,1,,,47078,18,41190.0,22.0,136473,Pensacola State College,30.479267,-87.200265,13,12,,20605,0.9150442478,1,25,1
5106,Dental Support Services and Allied Professions.,136473,1,Public,2,46690.0,38.0,59104,31,51720.0,21.0,136473,Pensacola State College,30.479267,-87.200265,13,12,,20605,0.9150442478,1,25,1
5108,Allied Health and Medical Assisting Services.,136473,1,Public,2,,,55748,18,39433.0,19.0,136473,Pensacola State College,30.479267,-87.200265,13,12,,20605,0.9150442478,1,25,1
5109,"Allied Health Diagnostic, Intervention, and Treatment Professions.",136473,1,Public,2,52274.0,16.0,62672,26,56581.0,18.0,136473,Pensacola State College,30.479267,-87.200265,13,12,,20605,0.9150442478,1,25,1
5138,"Registered Nursing, Nursing Administration, Nursing Research and Clinical Nursing.",136473,1,Public,2,65095.0,184.0,75376,133,62276.0,149.0,136473,Pensacola State College,30.479267,-87.200265,13,12,,20605,0.9150442478,1,25,1
5138,"Registered Nursing, Nursing Administration, Nursing Research and Clinical Nursing.",136473,3,Public,3,77185.0,50.0,83371,37,,,136473,Pensacola State College,30.479267,-87.200265,13,12,,20605,0.9150442478,1,25,1
5202,"Business Administration, Management and Operations.",136473,1,Public,2,,,43901,31,41393.0,16.0,136473,Pensacola State College,30.479267,-87.200265,13,12,,20605,0.9150442478,1,25,1
5202,"Business Administration, Management and Operations.",136473,1,Public,3,43704.0,173.0,53197,137,46544.0,57.0,136473,Pensacola State College,30.479267,-87.200265,13,12,,20605,0.9150442478,1,25,1
5203,Accounting and Related Services.,136473,3,Public,2,29855.0,16.0,38284,20,,,136473,Pensacola State College,30.479267,-87.200265,13,12,,20605,0.9150442478,1,25,1
1205,Culinary Arts and Related Services.,136491,1,Public,1,21965.0,30.0,38684,23,,,136491,Pinellas Technical College-Clearwater,27.911922,-82.719064,13,-2,,14935,,1,30,1
4603,Electrical and Power Transmission Installers.,136491,1,Public,1,31412.0,20.0,38353,17,,,136491,Pinellas Technical College-Clearwater,27.911922,-82.719064,13,-2,,14935,,1,30,1
4706,Vehicle Maintenance and Repair Technologies/Technicians.,136491,1,Public,1,40025.0,20.0,54124,37,36335.0,31.0,136491,Pinellas Technical College-Clearwater,27.911922,-82.719064,13,-2,,14935,,1,30,1
4805,Precision Metal Working.,136491,1,Public,1,40795.0,23.0,46449,29,49761.0,16.0,136491,Pinellas Technical College-Clearwater,27.911922,-82.719064,13,-2,,14935,,1,30,1
5139,"Practical Nursing, Vocational Nursing and Nursing Assistants.",136491,2,Public,1,37867.0,32.0,60103,25,,,136491,Pinellas Technical College-Clearwater,27.911922,-82.719064,13,-2,,14935,,1,30,1
1108,Computer Software and Media Applications.,136516,2,Public,2,,,41443,17,,,136516,Polk State College,28.032411,-81.711873,13,12,,23968,0.8981884889,1,24,1
1907,"Human Development, Family Studies, and Related Services.",136516,2,Public,2,,,28739,18,30459.0,16.0,136516,Polk State College,28.032411,-81.711873,13,12,,23968,0.8981884889,1,24,1
2401,"Liberal Arts and Sciences, General Studies and Humanities.",136516,2,Public,2,27184.0,305.0,43940,756,42129.0,414.0,136516,Polk State College,28.032411,-81.711873,13,12,,23968,0.8981884889,1,24,1
4301,Criminal Justice and Corrections.,136516,2,Public,1,53333.0,83.0,58912,75,,,136516,Polk State College,28.032411,-81.711873,13,12,,23968,0.8981884889,1,24,1
4301,Criminal Justice and Corrections.,136516,2,Public,2,,,48056,39,43437.0,21.0,136516,Polk State College,28.032411,-81.711873,13,12,,23968,0.8981884889,1,24,1
4301,Criminal Justice and Corrections.,136516,2,Public,3,40808.0,61.0,55634,60,49499.0,23.0,136516,Polk State College,28.032411,-81.711873,13,12,,23968,0.8981884889,1,24,1
4901,Air Transportation.,136516,1,Public,2,,,83657,28,,,136516,Polk State College,28.032411,-81.711873,13,12,,23968,0.8981884889,1,24,1
5107,Health and Medical Administrative Services.,136516,2,Public,1,35095.0,37.0,44127,27,,,136516,Polk State College,28.032411,-81.711873,13,12,,23968,0.8981884889,1,24,1
5108,Allied Health and Medical Assisting Services.,136516,1,Public,2,34429.0,58.0,53932,60,39587.0,27.0,136516,Polk State College,28.032411,-81.711873,13,12,,23968,0.8981884889,1,24,1
5109,"Allied Health Diagnostic, Intervention, and Treatment Professions.",136516,1,Public,1,60894.0,35.0,75539,21,,,136516,Polk State College,28.032411,-81.711873,13,12,,23968,0.8981884889,1,24,1
5109,"Allied Health Diagnostic, Intervention, and Treatment Professions.",136516,1,Public,2,58088.0,56.0,69815,68,56740.0,38.0,136516,Polk State College,28.032411,-81.711873,13,12,,23968,0.8981884889,1,24,1
5138,"Registered Nursing, Nursing Administration, Nursing Research and Clinical Nursing.",136516,1,Public,2,69158.0,77.0,79660,151,75780.0,79.0,136516,Polk State College,28.032411,-81.711873,13,12,,23968,0.8981884889,1,24,1
5138,"Registered Nursing, Nursing Administration, Nursing Research and Clinical Nursing.",136516,1,Public,3,81004.0,111.0,94269,112,94462.0,34.0,136516,Polk State College,28.032411,-81.711873,13,12,,23968,0.8981884889,1,24,1
5139,"Practical Nursing, Vocational Nursing and Nursing Assistants.",136516,0,Public,99,,,55070,27,,,136516,Polk State College,28.032411,-81.711873,13,12,,23968,0.8981884889,1,24,1
5202,"Business Administration, Management and Operations.",136516,2,Public,2,38868.0,24.0,54431,28,44925.0,18.0,136516,Polk State College,28.032411,-81.711873,13,12,,23968,0.8981884889,1,24,1
5202,"Business Administration, Management and Operations.",136516,2,Public,3,45921.0,282.0,52404,329,53333.0,148.0,136516,Polk State College,28.032411,-81.711873,13,12,,23968,0.8981884889,1,24,1
5108,Allied Health and Medical Assisting Services.,136765,1,Public,1,24621.0,29.0,32114,22,,,136765,Ridge Technical College,28.076632,-81.654463,13,-2,,16062,,1,26,1
5135,Somatic Bodywork and Related Therapeutic Services.,136765,1,Public,1,,,32195,16,,,136765,Ridge Technical College,28.076632,-81.654463,13,-2,,16062,,1,26,1
5139,"Practical Nursing, Vocational Nursing and Nursing Assistants.",136765,1,Public,1,36556.0,51.0,41700,38,,,136765,Ridge Technical College,28.076632,-81.654463,13,-2,,16062,,1,26,1
1003,Graphic Communications.,136774,1,"Private, nonprofit",3,44048.0,87.0,75213,78,74421.0,91.0,136774,Ringling College of Art and Design,27.360931,-82.547803,13,11,0.6965,51310,0.5492424242,2,20,1
5004,Design and Applied Arts.,136774,1,"Private, nonprofit",3,28137.0,184.0,47937,168,44462.0,175.0,136774,Ringling College of Art and Design,27.360931,-82.547803,13,11,0.6965,51310,0.5492424242,2,20,1
5006,Film/Video and Photographic Arts.,136774,1,"Private, nonprofit",3,18551.0,41.0,41024,44,29879.0,38.0,136774,Ringling College of Art and Design,27.360931,-82.547803,13,11,0.6965,51310,0.5492424242,2,20,1
5007,Fine and Studio Arts.,136774,1,"Private, nonprofit",3,18932.0,34.0,36346,30,,,136774,Ringling College of Art and Design,27.360931,-82.547803,13,11,0.6965,51310,0.5492424242,2,20,1
0301,Natural Resources Conservation and Research.,136950,1,"Private, nonprofit",3,22352.0,18.0,63363,23,36940.0,29.0,136950,Rollins College,28.592787,-81.349239,21,11,0.4754,43978,0.58,2,22,1
0901,Communication and Media Studies.,136950,1,"Private, nonprofit",3,36285.0,86.0,62086,92,58186.0,86.0,136950,Rollins College,28.592787,-81.349239,21,11,0.4754,43978,0.58,2,22,1
1101,"Computer and Information Sciences, General.",136950,1,"Private, nonprofit",3,69707.0,28.0,118277,24,88466.0,19.0,136950,Rollins College,28.592787,-81.349239,21,11,0.4754,43978,0.58,2,22,1
1312,"Teacher Education and Professional Development, Specific Levels and Methods.",136950,1,"Private, nonprofit",3,47671.0,24.0,53908,19,,,136950,Rollins College,28.592787,-81.349239,21,11,0.4754,43978,0.58,2,22,1
2301,"English Language and Literature, General.",136950,1,"Private, nonprofit",3,25777.0,28.0,55912,29,44944.0,32.0,136950,Rollins College,28.592787,-81.349239,21,11,0.4754,43978,0.58,2,22,1
4201,"Psychology, General.",136950,1,"Private, nonprofit",3,28364.0,42.0,48340,43,43119.0,58.0,136950,Rollins College,28.592787,-81.349239,21,11,0.4754,43978,0.58,2,22,1
4228,"Clinical, Counseling and Applied Psychology.",136950,1,"Private, nonprofit",5,41719.0,47.0,53923,41,48416.0,28.0,136950,Rollins College,28.592787,-81.349239,21,11,0.4754,43978,0.58,2,22,1
4506,Economics.,136950,1,"Private, nonprofit",3,36115.0,28.0,68194,37,88988.0,54.0,136950,Rollins College,28.592787,-81.349239,21,11,0.4754,43978,0.58,2,22,1
4509,International Relations and National Security Studies.,136950,1,"Private, nonprofit",3,28113.0,21.0,70502,25,64642.0,48.0,136950,Rollins College,28.592787,-81.349239,21,11,0.4754,43978,0.58,2,22,1
4510,Political Science and Government.,136950,1,"Private, nonprofit",3,36309.0,22.0,76600,17,,,136950,Rollins College,28.592787,-81.349239,21,11,0.4754,43978,0.58,2,22,1
5009,Music.,136950,1,"Private, nonprofit",3,20745.0,41.0,45910,31,36821.0,39.0,136950,Rollins College,28.592787,-81.349239,21,11,0.4754,43978,0.58,2,22,1
5122,Public Health.,136950,1,"Private, nonprofit",5,49374.0,30.0,76051,32,,,136950,Rollins College,28.592787,-81.349239,21,11,0.4754,43978,0.58,2,22,1
5201,"Business/Commerce, General.",136950,0,"Private, nonprofit",3,51001.0,27.0,80654,73,92676.0,17.0,136950,Rollins College,28.592787,-81.349239,21,11,0.4754,43978,0.58,2,22,1
5202,"Business Administration, Management and Operations.",136950,1,"Private, nonprofit",3,45227.0,76.0,61095,56,,,136950,Rollins College,28.592787,-81.349239,21,11,0.4754,43978,0.58,2,22,1
5202,"Business Administration, Management and Operations.",136950,1,"Private, nonprofit",5,75913.0,171.0,105299,207,95211.0,129.0,136950,Rollins College,28.592787,-81.349239,21,11,0.4754,43978,0.58,2,22,1
5207,Entrepreneurial and Small Business Operations.,136950,1,"Private, nonprofit",3,37950.0,17.0,85574,16,,,136950,Rollins College,28.592787,-81.349239,21,11,0.4754,43978,0.58,2,22,1
5210,Human Resources Management and Services.,136950,0,"Private, nonprofit",3,,,72876,20,,,136950,Rollins College,28.592787,-81.349239,21,11,0.4754,43978,0.58,2,22,1
5210,Human Resources Management and Services.,136950,1,"Private, nonprofit",5,69823.0,29.0,96439,29,58405.0,28.0,136950,Rollins College,28.592787,-81.349239,21,11,0.4754,43978,0.58,2,22,1
5211,International Business.,136950,1,"Private, nonprofit",3,36201.0,40.0,69695,46,71588.0,58.0,136950,Rollins College,28.592787,-81.349239,21,11,0.4754,43978,0.58,2,22,1
1204,Cosmetology and Related Personal Grooming Services.,137023,1,Public,1,,,17840,29,,,137023,First Coast Technical College,29.924377,-81.345829,23,-2,,16017,,1,27,1
4302,Fire Protection.,137023,1,Public,1,,,66303,16,,,137023,First Coast Technical College,29.924377,-81.345829,23,-2,,16017,,1,27,1
4706,Vehicle Maintenance and Repair Technologies/Technicians.,137023,1,Public,1,,,53062,20,,,137023,First Coast Technical College,29.924377,-81.345829,23,-2,,16017,,1,27,1
4805,Precision Metal Working.,137023,1,Public,1,,,49829,21,,,137023,First Coast Technical College,29.924377,-81.345829,23,-2,,16017,,1,27,1
5106,Dental Support Services and Allied Professions.,137023,1,Public,1,,,31395,22,,,137023,First Coast Technical College,29.924377,-81.345829,23,-2,,16017,,1,27,1
5139,"Practical Nursing, Vocational Nursing and Nursing Assistants.",137023,1,Public,1,,,49412,45,,,137023,First Coast Technical College,29.924377,-81.345829,23,-2,,16017,,1,27,1
1101,"Computer and Information Sciences, General.",137032,2,"Private, nonprofit",2,,,51092,19,,,137032,Saint Leo University,28.336776,-82.257801,31,12,0.784,22361,0.7686491935,2,30,1
1101,"Computer and Information Sciences, General.",137032,2,"Private, nonprofit",3,59364.0,67.0,81025,86,76560.0,132.0,137032,Saint Leo University,28.336776,-82.257801,31,12,0.784,22361,0.7686491935,2,30,1
1107,Computer Science.,137032,2,"Private, nonprofit",3,72237.0,30.0,72645,35,,,137032,Saint Leo University,28.336776,-82.257801,31,12,0.784,22361,0.7686491935,2,30,1
1110,Computer/Information Technology Administration and Management.,137032,2,"Private, nonprofit",3,44912.0,35.0,52934,31,,,137032,Saint Leo University,28.336776,-82.257801,31,12,0.784,22361,0.7686491935,2,30,1
1110,Computer/Information Technology Administration and Management.,137032,2,"Private, nonprofit",5,86084.0,47.0,94011,44,,,137032,Saint Leo University,28.336776,-82.257801,31,12,0.784,22361,0.7686491935,2,30,1
1301,"Education, General.",137032,3,"Private, nonprofit",5,56824.0,25.0,62391,19,67173.0,90.0,137032,Saint Leo University,28.336776,-82.257801,31,12,0.784,22361,0.7686491935,2,30,1
1304,Educational Administration and Supervision.,137032,1,"Private, nonprofit",5,61189.0,120.0,69560,130,65989.0,82.0,137032,Saint Leo University,28.336776,-82.257801,31,12,0.784,22361,0.7686491935,2,30,1
1305,Educational/Instructional Media Design.,137032,3,"Private, nonprofit",5,60466.0,16.0,70166,23,73932.0,24.0,137032,Saint Leo University,28.336776,-82.257801,31,12,0.784,22361,0.7686491935,2,30,1
1310,Special Education and Teaching.,137032,3,"Private, nonprofit",5,50378.0,17.0,53280,19,54277.0,28.0,137032,Saint Leo University,28.336776,-82.257801,31,12,0.784,22361,0.7686491935,2,30,1
1312,"Teacher Education and Professional Development, Specific Levels and Methods.",137032,1,"Private, nonprofit",3,45065.0,104.0,49634,97,48518.0,126.0,137032,Saint Leo University,28.336776,-82.257801,31,12,0.784,22361,0.7686491935,2,30,1
1313,"Teacher Education and Professional Development, Specific Subject Areas.",137032,3,"Private, nonprofit",5,,,51745,20,61783.0,46.0,137032,Saint Leo University,28.336776,-82.257801,31,12,0.784,22361,0.7686491935,2,30,1
2301,"English Language and Literature, General.",137032,1,"Private, nonprofit",3,,,41070,17,,,137032,Saint Leo University,28.336776,-82.257801,31,12,0.784,22361,0.7686491935,2,30,1
2401,"Liberal Arts and Sciences, General Studies and Humanities.",137032,3,"Private, nonprofit",2,41989.0,126.0,52156,472,52343.0,356.0,137032,Saint Leo University,28.336776,-82.257801,31,12,0.784,22361,0.7686491935,2,30,1
2401,"Liberal Arts and Sciences, General Studies and Humanities.",137032,3,"Private, nonprofit",3,40874.0,36.0,59222,33,54870.0,45.0,137032,Saint Leo University,28.336776,-82.257801,31,12,0.784,22361,0.7686491935,2,30,1
2601,"Biology, General.",137032,1,"Private, nonprofit",3,28764.0,29.0,55097,26,64112.0,31.0,137032,Saint Leo University,28.336776,-82.257801,31,12,0.784,22361,0.7686491935,2,30,1
3105,"Sports, Kinesiology, and Physical Education/Fitness.",137032,1,"Private, nonprofit",3,36962.0,33.0,50424,57,51955.0,43.0,137032,Saint Leo University,28.336776,-82.257801,31,12,0.784,22361,0.7686491935,2,30,1
3802,Religion/Religious Studies.,137032,3,"Private, nonprofit",3,,,47791,22,,,137032,Saint Leo University,28.336776,-82.257801,31,12,0.784,22361,0.7686491935,2,30,1
3906,Theological and Ministerial Studies.,137032,3,"Private, nonprofit",5,57662.0,26.0,51193,32,58411.0,20.0,137032,Saint Leo University,28.336776,-82.257801,31,12,0.784,22361,0.7686491935,2,30,1
4201,"Psychology, General.",137032,2,"Private, nonprofit",3,36139.0,227.0,48786,311,41906.0,327.0,137032,Saint Leo University,28.336776,-82.257801,31,12,0.784,22361,0.7686491935,2,30,1
4301,Criminal Justice and Corrections.,137032,3,"Private, nonprofit",2,37236.0,17.0,47269,52,65595.0,28.0,137032,Saint Leo University,28.336776,-82.257801,31,12,0.784,22361,0.7686491935,2,30,1
4301,Criminal Justice and Corrections.,137032,2,"Private, nonprofit",3,47853.0,328.0,60389,469,54283.0,474.0,137032,Saint Leo University,28.336776,-82.257801,31,12,0.784,22361,0.7686491935,2,30,1
4301,Criminal Justice and Corrections.,137032,1,"Private, nonprofit",5,54698.0,238.0,62658,267,64893.0,164.0,137032,Saint Leo University,28.336776,-82.257801,31,12,0.784,22361,0.7686491935,2,30,1
4400,"Human Services, General.",137032,3,"Private, nonprofit",3,36312.0,43.0,38043,75,39413.0,104.0,137032,Saint Leo University,28.336776,-82.257801,31,12,0.784,22361,0.7686491935,2,30,1
4400,"Human Services, General.",137032,3,"Private, nonprofit",5,39740.0,60.0,44950,39,,,137032,Saint Leo University,28.336776,-82.257801,31,12,0.784,22361,0.7686491935,2,30,1
4407,Social Work.,137032,2,"Private, nonprofit",3,34463.0,39.0,44711,81,43996.0,128.0,137032,Saint Leo University,28.336776,-82.257801,31,12,0.784,22361,0.7686491935,2,30,1
4407,Social Work.,137032,3,"Private, nonprofit",5,52014.0,106.0,62036,129,56826.0,62.0,137032,Saint Leo University,28.336776,-82.257801,31,12,0.784,22361,0.7686491935,2,30,1
4511,Sociology.,137032,3,"Private, nonprofit",3,39498.0,48.0,50231,62,49759.0,73.0,137032,Saint Leo University,28.336776,-82.257801,31,12,0.784,22361,0.7686491935,2,30,1
5107,Health and Medical Administrative Services.,137032,3,"Private, nonprofit",3,42266.0,91.0,56145,130,54155.0,172.0,137032,Saint Leo University,28.336776,-82.257801,31,12,0.784,22361,0.7686491935,2,30,1
5202,"Business Administration, Management and Operations.",137032,3,"Private, nonprofit",2,45820.0,34.0,53606,106,48622.0,39.0,137032,Saint Leo University,28.336776,-82.257801,31,12,0.784,22361,0.7686491935,2,30,1
5202,"Business Administration, Management and Operations.",137032,1,"Private, nonprofit",3,54167.0,400.0,67505,525,61011.0,446.0,137032,Saint Leo University,28.336776,-82.257801,31,12,0.784,22361,0.7686491935,2,30,1
5202,"Business Administration, Management and Operations.",137032,1,"Private, nonprofit",5,64606.0,739.0,82551,929,78586.0,768.0,137032,Saint Leo University,28.336776,-82.257801,31,12,0.784,22361,0.7686491935,2,30,1
5203,Accounting and Related Services.,137032,3,"Private, nonprofit",3,49811.0,123.0,66056,135,61482.0,184.0,137032,Saint Leo University,28.336776,-82.257801,31,12,0.784,22361,0.7686491935,2,30,1
5203,Accounting and Related Services.,137032,3,"Private, nonprofit",5,65177.0,60.0,88965,62,85143.0,32.0,137032,Saint Leo University,28.336776,-82.257801,31,12,0.784,22361,0.7686491935,2,30,1
5209,Hospitality Administration/Management.,137032,2,"Private, nonprofit",3,28130.0,20.0,46330,16,62181.0,22.0,137032,Saint Leo University,28.336776,-82.257801,31,12,0.784,22361,0.7686491935,2,30,1
5210,Human Resources Management and Services.,137032,3,"Private, nonprofit",3,53258.0,77.0,62122,92,60290.0,114.0,137032,Saint Leo University,28.336776,-82.257801,31,12,0.784,22361,0.7686491935,2,30,1
5214,Marketing.,137032,3,"Private, nonprofit",3,28344.0,29.0,46324,50,56277.0,54.0,137032,Saint Leo University,28.336776,-82.257801,31,12,0.784,22361,0.7686491935,2,30,1
0183,Veterinary/Animal Health Technologies/Technicians.,137078,3,Public,2,38422.0,95.0,46358,100,39598.0,27.0,137078,St Petersburg College,27.773264,-82.636587,11,15,,22640,0.8076387681,1,26,1
0183,Veterinary/Animal Health Technologies/Technicians.,137078,3,Public,3,48287.0,24.0,61428,33,48198.0,17.0,137078,St Petersburg College,27.773264,-82.636587,11,15,,22640,0.8076387681,1,26,1
0302,Environmental/Natural Resources Management and Policy.,137078,3,Public,3,38766.0,36.0,48190,30,52247.0,21.0,137078,St Petersburg College,27.773264,-82.636587,11,15,,22640,0.8076387681,1,26,1
1102,Computer Programming.,137078,3,Public,2,,,76683,29,57864.0,20.0,137078,St Petersburg College,27.773264,-82.636587,11,15,,22640,0.8076387681,1,26,1
1108,Computer Software and Media Applications.,137078,1,Public,2,27889.0,26.0,40278,29,36901.0,24.0,137078,St Petersburg College,27.773264,-82.636587,11,15,,22640,0.8076387681,1,26,1
1110,Computer/Information Technology Administration and Management.,137078,2,Public,1,41114.0,22.0,62753,26,,,137078,St Petersburg College,27.773264,-82.636587,11,15,,22640,0.8076387681,1,26,1
1110,Computer/Information Technology Administration and Management.,137078,3,Public,2,52458.0,23.0,55722,44,59605.0,43.0,137078,St Petersburg College,27.773264,-82.636587,11,15,,22640,0.8076387681,1,26,1
1110,Computer/Information Technology Administration and Management.,137078,3,Public,3,54560.0,115.0,71668,142,65874.0,84.0,137078,St Petersburg College,27.773264,-82.636587,11,15,,22640,0.8076387681,1,26,1
1203,Funeral Service and Mortuary Science.,137078,1,Public,2,48929.0,32.0,43598,30,,,137078,St Petersburg College,27.773264,-82.636587,11,15,,22640,0.8076387681,1,26,1
1310,Special Education and Teaching.,137078,3,Public,3,,,53393,18,51056.0,26.0,137078,St Petersburg College,27.773264,-82.636587,11,15,,22640,0.8076387681,1,26,1
1312,"Teacher Education and Professional Development, Specific Levels and Methods.",137078,3,Public,3,49672.0,73.0,52047,64,50624.0,42.0,137078,St Petersburg College,27.773264,-82.636587,11,15,,22640,0.8076387681,1,26,1
1313,"Teacher Education and Professional Development, Specific Subject Areas.",137078,1,Public,3,49435.0,16.0,51755,23,,,137078,St Petersburg College,27.773264,-82.636587,11,15,,22640,0.8076387681,1,26,1
1399,"Education, Other.",137078,2,Public,3,35491.0,106.0,45220,86,44696.0,29.0,137078,St Petersburg College,27.773264,-82.636587,11,15,,22640,0.8076387681,1,26,1
1504,Electromechanical Technologies/Technicians.,137078,1,Public,2,55598.0,22.0,62554,17,,,137078,St Petersburg College,27.773264,-82.636587,11,15,,22640,0.8076387681,1,26,1
2203,Legal Support Services.,137078,1,Public,2,,,45987,17,,,137078,St Petersburg College,27.773264,-82.636587,11,15,,22640,0.8076387681,1,26,1
2203,Legal Support Services.,137078,1,Public,3,43499.0,28.0,52657,41,52101.0,27.0,137078,St Petersburg College,27.773264,-82.636587,11,15,,22640,0.8076387681,1,26,1
2401,"Liberal Arts and Sciences, General Studies and Humanities.",137078,3,Public,2,29069.0,719.0,43491,1906,45183.0,1000.0,137078,St Petersburg College,27.773264,-82.636587,11,15,,22640,0.8076387681,1,26,1
2601,"Biology, General.",137078,1,Public,3,37741.0,38.0,49403,38,,,137078,St Petersburg College,27.773264,-82.636587,11,15,,22640,0.8076387681,1,26,1
4301,Criminal Justice and Corrections.,137078,0,Public,99,,,76867,29,,,137078,St Petersburg College,27.773264,-82.636587,11,15,,22640,0.8076387681,1,26,1
4302,Fire Protection.,137078,1,Public,1,55829.0,20.0,69864,17,,,137078,St Petersburg College,27.773264,-82.636587,11,15,,22640,0.8076387681,1,26,1
4302,Fire Protection.,137078,0,Public,99,,,73936,23,,,137078,St Petersburg College,27.773264,-82.636587,11,15,,22640,0.8076387681,1,26,1
4399,"Homeland Security, Law Enforcement, Firefighting and Related Protective Services, Other.",137078,3,Public,3,49271.0,60.0,63162,73,61750.0,40.0,137078,St Petersburg College,27.773264,-82.636587,11,15,,22640,0.8076387681,1,26,1
4400,"Human Services, General.",137078,0,Public,2,,,34811,18,,,137078,St Petersburg College,27.773264,-82.636587,11,15,,22640,0.8076387681,1,26,1
4404,Public Administration.,137078,3,Public,3,42735.0,34.0,47320,21,,,137078,St Petersburg College,27.773264,-82.636587,11,15,,22640,0.8076387681,1,26,1
5009,Music.,137078,1,Public,2,,,32573,18,,,137078,St Petersburg College,27.773264,-82.636587,11,15,,22640,0.8076387681,1,26,1
5106,Dental Support Services and Allied Professions.,137078,1,Public,2,62093.0,34.0,63102,45,62626.0,17.0,137078,St Petersburg College,27.773264,-82.636587,11,15,,22640,0.8076387681,1,26,1
5106,Dental Support Services and Allied Professions.,137078,3,Public,3,59295.0,50.0,63700,39,,,137078,St Petersburg College,27.773264,-82.636587,11,15,,22640,0.8076387681,1,26,1
5107,Health and Medical Administrative Services.,137078,1,Public,1,36407.0,29.0,42416,32,39412.0,23.0,137078,St Petersburg College,27.773264,-82.636587,11,15,,22640,0.8076387681,1,26,1
5107,Health and Medical Administrative Services.,137078,3,Public,2,43895.0,29.0,53014,40,40269.0,54.0,137078,St Petersburg College,27.773264,-82.636587,11,15,,22640,0.8076387681,1,26,1
5108,Allied Health and Medical Assisting Services.,137078,1,Public,2,41802.0,32.0,57312,32,,,137078,St Petersburg College,27.773264,-82.636587,11,15,,22640,0.8076387681,1,26,1
5109,"Allied Health Diagnostic, Intervention, and Treatment Professions.",137078,1,Public,2,62187.0,57.0,70198,55,69050.0,36.0,137078,St Petersburg College,27.773264,-82.636587,11,15,,22640,0.8076387681,1,26,1
5115,Mental and Social Health Services and Allied Professions.,137078,1,Public,1,,,41508,16,,,137078,St Petersburg College,27.773264,-82.636587,11,15,,22640,0.8076387681,1,26,1
5122,Public Health.,137078,3,Public,3,51565.0,131.0,59200,122,60679.0,53.0,137078,St Petersburg College,27.773264,-82.636587,11,15,,22640,0.8076387681,1,26,1
5123,Rehabilitation and Therapeutic Professions.,137078,1,Public,2,,,50199,16,,,137078,St Petersburg College,27.773264,-82.636587,11,15,,22640,0.8076387681,1,26,1
5138,"Registered Nursing, Nursing Administration, Nursing Research and Clinical Nursing.",137078,1,Public,2,67220.0,208.0,81621,259,80225.0,119.0,137078,St Petersburg College,27.773264,-82.636587,11,15,,22640,0.8076387681,1,26,1
5138,"Registered Nursing, Nursing Administration, Nursing Research and Clinical Nursing.",137078,3,Public,3,80787.0,284.0,91608,308,87906.0,156.0,137078,St Petersburg College,27.773264,-82.636587,11,15,,22640,0.8076387681,1,26,1
5202,"Business Administration, Management and Operations.",137078,1,Public,2,47669.0,21.0,55765,31,42341.0,31.0,137078,St Petersburg College,27.773264,-82.636587,11,15,,22640,0.8076387681,1,26,1
5202,"Business Administration, Management and Operations.",137078,3,Public,3,46632.0,379.0,62040,409,57784.0,185.0,137078,St Petersburg College,27.773264,-82.636587,11,15,,22640,0.8076387681,1,26,1
4702,"Heating, Air Conditioning, Ventilation and Refrigeration Maintenance Technology/Technician (HAC, HACR, HVAC, HVACR).",137087,1,Public,1,38884.0,40.0,48020,47,,,137087,Pinellas Technical College-St. Petersburg,27.761183,-82.681534,11,-2,,12455,,1,29,1
5107,Health and Medical Administrative Services.,137087,1,Public,1,31398.0,34.0,38323,28,,,137087,Pinellas Technical College-St. Petersburg,27.761183,-82.681534,11,-2,,12455,,1,29,1
5139,"Practical Nursing, Vocational Nursing and Nursing Assistants.",137087,1,Public,1,47306.0,37.0,56727,38,,,137087,Pinellas Technical College-St. Petersburg,27.761183,-82.681534,11,-2,,12455,,1,29,1
0109,Animal Sciences.,137096,1,Public,2,24833.0,32.0,34888,42,,,137096,Santa Fe College,29.681037,-82.433143,22,12,,25000,0.8128164557,1,22,1
1102,Computer Programming.,137096,1,Public,2,39098.0,20.0,49154,23,,,137096,Santa Fe College,29.681037,-82.433143,22,12,,25000,0.8128164557,1,22,1
1108,Computer Software and Media Applications.,137096,1,Public,2,24448.0,17.0,40794,17,,,137096,Santa Fe College,29.681037,-82.433143,22,12,,25000,0.8128164557,1,22,1
1312,"Teacher Education and Professional Development, Specific Levels and Methods.",137096,1,Public,3,32607.0,19.0,45196,21,,,137096,Santa Fe College,29.681037,-82.433143,22,12,,25000,0.8128164557,1,22,1
2401,"Liberal Arts and Sciences, General Studies and Humanities.",137096,1,Public,2,25823.0,344.0,47030,1193,47831.0,146.0,137096,Santa Fe College,29.681037,-82.433143,22,12,,25000,0.8128164557,1,22,1
5106,Dental Support Services and Allied Professions.,137096,1,Public,2,56722.0,36.0,58179,34,,,137096,Santa Fe College,29.681037,-82.433143,22,12,,25000,0.8128164557,1,22,1
5107,Health and Medical Administrative Services.,137096,1,Public,3,42545.0,32.0,61062,43,,,137096,Santa Fe College,29.681037,-82.433143,22,12,,25000,0.8128164557,1,22,1
5108,Allied Health and Medical Assisting Services.,137096,1,Public,2,42710.0,29.0,49896,29,,,137096,Santa Fe College,29.681037,-82.433143,22,12,,25000,0.8128164557,1,22,1
5109,"Allied Health Diagnostic, Intervention, and Treatment Professions.",137096,1,Public,1,,,60574,28,,,137096,Santa Fe College,29.681037,-82.433143,22,12,,25000,0.8128164557,1,22,1
5109,"Allied Health Diagnostic, Intervention, and Treatment Professions.",137096,1,Public,2,57763.0,111.0,66997,147,58145.0,32.0,137096,Santa Fe College,29.681037,-82.433143,22,12,,25000,0.8128164557,1,22,1
5138,"Registered Nursing, Nursing Administration, Nursing Research and Clinical Nursing.",137096,1,Public,2,68611.0,99.0,77374,162,77392.0,53.0,137096,Santa Fe College,29.681037,-82.433143,22,12,,25000,0.8128164557,1,22,1
5138,"Registered Nursing, Nursing Administration, Nursing Research and Clinical Nursing.",137096,3,Public,3,80242.0,86.0,89675,79,,,137096,Santa Fe College,29.681037,-82.433143,22,12,,25000,0.8128164557,1,22,1
5202,"Business Administration, Management and Operations.",137096,1,Public,3,45590.0,73.0,57645,87,54660.0,20.0,137096,Santa Fe College,29.681037,-82.433143,22,12,,25000,0.8128164557,1,22,1
1204,Cosmetology and Related Personal Grooming Services.,137120,1,Public,1,22662.0,21.0,31193,18,,,137120,Suncoast Technical College,27.285486,-82.500827,21,-2,,17739,,1,26,1
4706,Vehicle Maintenance and Repair Technologies/Technicians.,137120,1,Public,1,27214.0,25.0,38310,16,,,137120,Suncoast Technical College,27.285486,-82.500827,21,-2,,17739,,1,26,1
1101,"Computer and Information Sciences, General.",137209,1,Public,2,,,67998,32,50685.0,16.0,137209,Seminole State College of Florida,28.745482,-81.308003,13,12,,24900,0.8147863904,1,24,1
1101,"Computer and Information Sciences, General.",137209,3,Public,3,51316.0,136.0,76080,152,77943.0,84.0,137209,Seminole State College of Florida,28.745482,-81.308003,13,12,,24900,0.8147863904,1,24,1
1102,Computer Programming.,137209,2,Public,2,,,79878,23,59182.0,27.0,137209,Seminole State College of Florida,28.745482,-81.308003,13,12,,24900,0.8147863904,1,24,1
1110,Computer/Information Technology Administration and Management.,137209,2,Public,2,,,65360,20,,,137209,Seminole State College of Florida,28.745482,-81.308003,13,12,,24900,0.8147863904,1,24,1
1312,"Teacher Education and Professional Development, Specific Levels and Methods.",137209,2,Public,2,,,40187,22,21024.0,25.0,137209,Seminole State College of Florida,28.745482,-81.308003,13,12,,24900,0.8147863904,1,24,1
1501,Architectural Engineering Technologies/Technicians.,137209,2,Public,3,50908.0,22.0,76753,30,,,137209,Seminole State College of Florida,28.745482,-81.308003,13,12,,24900,0.8147863904,1,24,1
1508,Mechanical Engineering Related Technologies/Technicians.,137209,2,Public,2,36453.0,16.0,56628,29,,,137209,Seminole State College of Florida,28.745482,-81.308003,13,12,,24900,0.8147863904,1,24,1
1510,Construction Engineering Technology/Technician.,137209,2,Public,3,65994.0,34.0,80202,35,,,137209,Seminole State College of Florida,28.745482,-81.308003,13,12,,24900,0.8147863904,1,24,1
2203,Legal Support Services.,137209,2,Public,2,44783.0,25.0,59641,21,50407.0,19.0,137209,Seminole State College of Florida,28.745482,-81.308003,13,12,,24900,0.8147863904,1,24,1
2401,"Liberal Arts and Sciences, General Studies and Humanities.",137209,3,Public,2,27926.0,485.0,45535,1739,44202.0,1562.0,137209,Seminole State College of Florida,28.745482,-81.308003,13,12,,24900,0.8147863904,1,24,1
4103,Physical Science Technologies/Technicians.,137209,2,Public,2,,,59780,32,,,137209,Seminole State College of Florida,28.745482,-81.308003,13,12,,24900,0.8147863904,1,24,1
4301,Criminal Justice and Corrections.,137209,3,Public,2,36589.0,16.0,55297,32,48677.0,46.0,137209,Seminole State College of Florida,28.745482,-81.308003,13,12,,24900,0.8147863904,1,24,1
4301,Criminal Justice and Corrections.,137209,0,Public,99,,,61271,45,,,137209,Seminole State College of Florida,28.745482,-81.308003,13,12,,24900,0.8147863904,1,24,1
4302,Fire Protection.,137209,0,Public,99,,,54434,27,,,137209,Seminole State College of Florida,28.745482,-81.308003,13,12,,24900,0.8147863904,1,24,1
5004,Design and Applied Arts.,137209,3,Public,2,31347.0,16.0,43175,35,,,137209,Seminole State College of Florida,28.745482,-81.308003,13,12,,24900,0.8147863904,1,24,1
5004,Design and Applied Arts.,137209,2,Public,3,39221.0,34.0,51719,29,,,137209,Seminole State College of Florida,28.745482,-81.308003,13,12,,24900,0.8147863904,1,24,1
5100,"Health Services/Allied Health/Health Sciences, General.",137209,3,Public,3,46328.0,149.0,59669,114,,,137209,Seminole State College of Florida,28.745482,-81.308003,13,12,,24900,0.8147863904,1,24,1
5107,Health and Medical Administrative Services.,137209,3,Public,1,37000.0,24.0,38734,32,,,137209,Seminole State College of Florida,28.745482,-81.308003,13,12,,24900,0.8147863904,1,24,1
5107,Health and Medical Administrative Services.,137209,2,Public,2,38488.0,17.0,38887,31,,,137209,Seminole State College of Florida,28.745482,-81.308003,13,12,,24900,0.8147863904,1,24,1
5108,Allied Health and Medical Assisting Services.,137209,2,Public,2,36389.0,47.0,53361,50,36412.0,28.0,137209,Seminole State College of Florida,28.745482,-81.308003,13,12,,24900,0.8147863904,1,24,1
5109,"Allied Health Diagnostic, Intervention, and Treatment Professions.",137209,1,Public,1,57049.0,17.0,61350,31,,,137209,Seminole State College of Florida,28.745482,-81.308003,13,12,,24900,0.8147863904,1,24,1
5109,"Allied Health Diagnostic, Intervention, and Treatment Professions.",137209,2,Public,2,65841.0,38.0,71775,69,57952.0,112.0,137209,Seminole State College of Florida,28.745482,-81.308003,13,12,,24900,0.8147863904,1,24,1
5138,"Registered Nursing, Nursing Administration, Nursing Research and Clinical Nursing.",137209,2,Public,2,70052.0,115.0,82579,253,77484.0,243.0,137209,Seminole State College of Florida,28.745482,-81.308003,13,12,,24900,0.8147863904,1,24,1
5202,"Business Administration, Management and Operations.",137209,3,Public,2,39151.0,23.0,40825,51,35957.0,49.0,137209,Seminole State College of Florida,28.745482,-81.308003,13,12,,24900,0.8147863904,1,24,1
5207,Entrepreneurial and Small Business Operations.,137209,3,Public,2,,,41591,18,,,137209,Seminole State College of Florida,28.745482,-81.308003,13,12,,24900,0.8147863904,1,24,1
5212,Management Information Systems and Services.,137209,3,Public,3,48895.0,170.0,65553,195,65368.0,96.0,137209,Seminole State College of Florida,28.745482,-81.308003,13,12,,24900,0.8147863904,1,24,1
1109,Computer Systems Networking and Telecommunications.,137245,2,Public,1,28490.0,24.0,34964,32,36841.0,24.0,137245,Sheridan Technical College,26.031736,-80.198024,21,-2,,16902,,1,28,1
1204,Cosmetology and Related Personal Grooming Services.,137245,2,Public,1,15338.0,80.0,20312,65,15470.0,47.0,137245,Sheridan Technical College,26.031736,-80.198024,21,-2,,16902,,1,28,1
1205,Culinary Arts and Related Services.,137245,1,Public,1,,,34843,16,23831.0,22.0,137245,Sheridan Technical College,26.031736,-80.198024,21,-2,,16902,,1,28,1
4603,Electrical and Power Transmission Installers.,137245,1,Public,1,28911.0,28.0,34719,36,40179.0,24.0,137245,Sheridan Technical College,26.031736,-80.198024,21,-2,,16902,,1,28,1
4605,Plumbing and Related Water Supply Services.,137245,1,Public,1,35066.0,17.0,37208,20,40194.0,19.0,137245,Sheridan Technical College,26.031736,-80.198024,21,-2,,16902,,1,28,1
4702,"Heating, Air Conditioning, Ventilation and Refrigeration Maintenance Technology/Technician (HAC, HACR, HVAC, HVACR).",137245,1,Public,1,30626.0,43.0,39280,42,41316.0,42.0,137245,Sheridan Technical College,26.031736,-80.198024,21,-2,,16902,,1,28,1
4706,Vehicle Maintenance and Repair Technologies/Technicians.,137245,1,Public,1,31684.0,70.0,54758,59,43253.0,55.0,137245,Sheridan Technical College,26.031736,-80.198024,21,-2,,16902,,1,28,1
5107,Health and Medical Administrative Services.,137245,2,Public,1,31192.0,37.0,38953,36,30234.0,26.0,137245,Sheridan Technical College,26.031736,-80.198024,21,-2,,16902,,1,28,1
5139,"Practical Nursing, Vocational Nursing and Nursing Assistants.",137245,1,Public,1,39156.0,85.0,58085,73,46464.0,81.0,137245,Sheridan Technical College,26.031736,-80.198024,21,-2,,16902,,1,28,1
1312,"Teacher Education and Professional Development, Specific Levels and Methods.",137281,1,Public,3,46448.0,23.0,50390,22,48158.0,34.0,137281,Saint Johns River State College,29.647516,-81.681387,32,9,,24832,0.8578217822,1,25,1
2401,"Liberal Arts and Sciences, General Studies and Humanities.",137281,3,Public,2,26738.0,143.0,45214,415,43641.0,394.0,137281,Saint Johns River State College,29.647516,-81.681387,32,9,,24832,0.8578217822,1,25,1
5099,"Visual and Performing Arts, Other.",137281,0,Public,2,,,39124,21,17916.0,16.0,137281,Saint Johns River State College,29.647516,-81.681387,32,9,,24832,0.8578217822,1,25,1
5107,Health and Medical Administrative Services.,137281,1,Public,2,33501.0,18.0,47220,19,37782.0,23.0,137281,Saint Johns River State College,29.647516,-81.681387,32,9,,24832,0.8578217822,1,25,1
5109,"Allied Health Diagnostic, Intervention, and Treatment Professions.",137281,1,Public,1,40751.0,24.0,47115,26,,,137281,Saint Johns River State College,29.647516,-81.681387,32,9,,24832,0.8578217822,1,25,1
5109,"Allied Health Diagnostic, Intervention, and Treatment Professions.",137281,1,Public,2,53587.0,41.0,64282,47,57937.0,37.0,137281,Saint Johns River State College,29.647516,-81.681387,32,9,,24832,0.8578217822,1,25,1
5138,"Registered Nursing, Nursing Administration, Nursing Research and Clinical Nursing.",137281,1,Public,2,64829.0,97.0,72063,124,65893.0,95.0,137281,Saint Johns River State College,29.647516,-81.681387,32,9,,24832,0.8578217822,1,25,1
5138,"Registered Nursing, Nursing Administration, Nursing Research and Clinical Nursing.",137281,3,Public,3,79275.0,39.0,80690,37,,,137281,Saint Johns River State College,29.647516,-81.681387,32,9,,24832,0.8578217822,1,25,1
5202,"Business Administration, Management and Operations.",137281,3,Public,2,,,30530,16,42925.0,28.0,137281,Saint Johns River State College,29.647516,-81.681387,32,9,,24832,0.8578217822,1,25,1
5202,"Business Administration, Management and Operations.",137281,2,Public,3,37325.0,60.0,58403,54,,,137281,Saint Johns River State College,29.647516,-81.681387,32,9,,24832,0.8578217822,1,25,1
2401,"Liberal Arts and Sciences, General Studies and Humanities.",137315,1,Public,2,20378.0,70.0,40830,203,,,137315,South Florida State College,27.56974,-81.508667,23,9,,20658,0.9552590267,1,23,1
5109,"Allied Health Diagnostic, Intervention, and Treatment Professions.",137315,1,Public,2,49297.0,16.0,62709,28,,,137315,South Florida State College,27.56974,-81.508667,23,9,,20658,0.9552590267,1,23,1
5138,"Registered Nursing, Nursing Administration, Nursing Research and Clinical Nursing.",137315,1,Public,2,65691.0,24.0,82432,38,79341.0,26.0,137315,South Florida State College,27.56974,-81.508667,23,9,,20658,0.9552590267,1,23,1
5138,"Registered Nursing, Nursing Administration, Nursing Research and Clinical Nursing.",137315,1,Public,3,,,102066,25,,,137315,South Florida State College,27.56974,-81.508667,23,9,,20658,0.9552590267,1,23,1
5202,"Business Administration, Management and Operations.",137315,1,Public,3,31068.0,26.0,44874,38,40009.0,25.0,137315,South Florida State College,27.56974,-81.508667,23,9,,20658,0.9552590267,1,23,1
0301,Natural Resources Conservation and Research.,137351,1,Public,3,36048.0,134.0,53991,122,49650.0,133.0,137351,University of South Florida,28.061458,-82.413232,11,15,0.4319,32495,0.6858996244,2,22,1
0301,Natural Resources Conservation and Research.,137351,1,Public,5,,,60986,16,,,137351,University of South Florida,28.061458,-82.413232,11,15,0.4319,32495,0.6858996244,2,22,1
0402,Architecture.,137351,1,Public,5,49537.0,42.0,70924,50,65958.0,65.0,137351,University of South Florida,28.061458,-82.413232,11,15,0.4319,32495,0.6858996244,2,22,1
0403,"City/Urban, Community, and Regional Planning.",137351,1,Public,5,59475.0,21.0,79536,17,,,137351,University of South Florida,28.061458,-82.413232,11,15,0.4319,32495,0.6858996244,2,22,1
0502,"Ethnic, Cultural Minority, Gender, and Group Studies.",137351,1,Public,3,,,46115,28,50179.0,19.0,137351,University of South Florida,28.061458,-82.413232,11,15,0.4319,32495,0.6858996244,2,22,1
0901,Communication and Media Studies.,137351,1,Public,3,34530.0,533.0,53810,628,51525.0,353.0,137351,University of South Florida,28.061458,-82.413232,11,15,0.4319,32495,0.6858996244,2,22,1
0904,Journalism.,137351,1,Public,5,51410.0,19.0,69612,23,,,137351,University of South Florida,28.061458,-82.413232,11,15,0.4319,32495,0.6858996244,2,22,1
1101,"Computer and Information Sciences, General.",137351,1,Public,3,61046.0,407.0,90953,395,91728.0,206.0,137351,University of South Florida,28.061458,-82.413232,11,15,0.4319,32495,0.6858996244,2,22,1
1104,Information Science/Studies.,137351,3,Public,5,72247.0,35.0,93933,33,,,137351,University of South Florida,28.061458,-82.413232,11,15,0.4319,32495,0.6858996244,2,22,1
1105,Computer Systems Analysis.,137351,3,Public,5,102770.0,36.0,115356,29,127236.0,31.0,137351,University of South Florida,28.061458,-82.413232,11,15,0.4319,32495,0.6858996244,2,22,1
1303,Curriculum and Instruction.,137351,3,Public,5,48079.0,71.0,58877,77,55694.0,72.0,137351,University of South Florida,28.061458,-82.413232,11,15,0.4319,32495,0.6858996244,2,22,1
1303,Curriculum and Instruction.,137351,2,Public,6,75721.0,61.0,84486,51,78638.0,47.0,137351,University of South Florida,28.061458,-82.413232,11,15,0.4319,32495,0.6858996244,2,22,1
1304,Educational Administration and Supervision.,137351,1,Public,5,59260.0,75.0,65845,83,70322.0,60.0,137351,University of South Florida,28.061458,-82.413232,11,15,0.4319,32495,0.6858996244,2,22,1
1310,Special Education and Teaching.,137351,1,Public,3,50975.0,17.0,51759,17,52875.0,29.0,137351,University of South Florida,28.061458,-82.413232,11,15,0.4319,32495,0.6858996244,2,22,1
1310,Special Education and Teaching.,137351,1,Public,5,52101.0,29.0,58411,40,57114.0,54.0,137351,University of South Florida,28.061458,-82.413232,11,15,0.4319,32495,0.6858996244,2,22,1
1311,Student Counseling and Personnel Services.,137351,1,Public,5,54334.0,22.0,56190,18,55805.0,40.0,137351,University of South Florida,28.061458,-82.413232,11,15,0.4319,32495,0.6858996244,2,22,1
1312,"Teacher Education and Professional Development, Specific Levels and Methods.",137351,1,Public,3,50442.0,292.0,51650,331,49950.0,337.0,137351,University of South Florida,28.061458,-82.413232,11,15,0.4319,32495,0.6858996244,2,22,1
1312,"Teacher Education and Professional Development, Specific Levels and Methods.",137351,1,Public,5,54622.0,42.0,59328,58,54544.0,75.0,137351,University of South Florida,28.061458,-82.413232,11,15,0.4319,32495,0.6858996244,2,22,1
1313,"Teacher Education and Professional Development, Specific Subject Areas.",137351,1,Public,3,47698.0,174.0,52093,154,51927.0,196.0,137351,University of South Florida,28.061458,-82.413232,11,15,0.4319,32495,0.6858996244,2,22,1
1313,"Teacher Education and Professional Development, Specific Subject Areas.",137351,1,Public,5,55388.0,67.0,57164,73,57026.0,110.0,137351,University of South Florida,28.061458,-82.413232,11,15,0.4319,32495,0.6858996244,2,22,1
1407,Chemical Engineering.,137351,1,Public,3,70659.0,123.0,94387,136,84431.0,72.0,137351,University of South Florida,28.061458,-82.413232,11,15,0.4319,32495,0.6858996244,2,22,1
1408,Civil Engineering.,137351,1,Public,3,70047.0,91.0,84789,99,80617.0,87.0,137351,University of South Florida,28.061458,-82.413232,11,15,0.4319,32495,0.6858996244,2,22,1
1408,Civil Engineering.,137351,1,Public,5,82342.0,19.0,85380,27,93227.0,35.0,137351,University of South Florida,28.061458,-82.413232,11,15,0.4319,32495,0.6858996244,2,22,1
1409,Computer Engineering.,137351,1,Public,3,83660.0,57.0,109054,63,99737.0,46.0,137351,University of South Florida,28.061458,-82.413232,11,15,0.4319,32495,0.6858996244,2,22,1
1410,"Electrical, Electronics, and Communications Engineering.",137351,1,Public,3,78825.0,99.0,102275,91,98101.0,88.0,137351,University of South Florida,28.061458,-82.413232,11,15,0.4319,32495,0.6858996244,2,22,1
1410,"Electrical, Electronics, and Communications Engineering.",137351,1,Public,5,89705.0,17.0,102978,19,118661.0,22.0,137351,University of South Florida,28.061458,-82.413232,11,15,0.4319,32495,0.6858996244,2,22,1
1419,Mechanical Engineering.,137351,1,Public,3,70046.0,194.0,88249,205,91161.0,144.0,137351,University of South Florida,28.061458,-82.413232,11,15,0.4319,32495,0.6858996244,2,22,1
1435,Industrial Engineering.,137351,1,Public,3,69672.0,49.0,90040,71,89514.0,43.0,137351,University of South Florida,28.061458,-82.413232,11,15,0.4319,32495,0.6858996244,2,22,1
1515,Engineering-Related Fields.,137351,3,Public,5,,,127663,23,116007.0,28.0,137351,University of South Florida,28.061458,-82.413232,11,15,0.4319,32495,0.6858996244,2,22,1
1601,"Linguistic, Comparative, and Related Language Studies and Services.",137351,1,Public,3,28658.0,33.0,43813,25,,,137351,University of South Florida,28.061458,-82.413232,11,15,0.4319,32495,0.6858996244,2,22,1
2301,"English Language and Literature, General.",137351,1,Public,3,30696.0,175.0,45178,221,42211.0,194.0,137351,University of South Florida,28.061458,-82.413232,11,15,0.4319,32495,0.6858996244,2,22,1
2313,Rhetoric and Composition/Writing Studies.,137351,3,Public,3,35634.0,19.0,54778,27,54382.0,109.0,137351,University of South Florida,28.061458,-82.413232,11,15,0.4319,32495,0.6858996244,2,22,1
2401,"Liberal Arts and Sciences, General Studies and Humanities.",137351,1,Public,3,45230.0,183.0,59587,248,52747.0,146.0,137351,University of South Florida,28.061458,-82.413232,11,15,0.4319,32495,0.6858996244,2,22,1
2501,Library Science and Administration.,137351,3,Public,5,45659.0,123.0,52161,128,52729.0,75.0,137351,University of South Florida,28.061458,-82.413232,11,15,0.4319,32495,0.6858996244,2,22,1
2601,"Biology, General.",137351,1,Public,3,27034.0,728.0,49395,650,59949.0,624.0,137351,University of South Florida,28.061458,-82.413232,11,15,0.4319,32495,0.6858996244,2,22,1
2605,Microbiological Sciences and Immunology.,137351,1,Public,3,32135.0,27.0,57628,28,59711.0,36.0,137351,University of South Florida,28.061458,-82.413232,11,15,0.4319,32495,0.6858996244,2,22,1
2699,"Biological and Biomedical Sciences, Other.",137351,3,Public,5,28801.0,131.0,61045,110,64097.0,175.0,137351,University of South Florida,28.061458,-82.413232,11,15,0.4319,32495,0.6858996244,2,22,1
2701,Mathematics.,137351,1,Public,3,43011.0,34.0,59125,43,55118.0,37.0,137351,University of South Florida,28.061458,-82.413232,11,15,0.4319,32495,0.6858996244,2,22,1
2705,Statistics.,137351,1,Public,3,41285.0,37.0,74071,27,70904.0,16.0,137351,University of South Florida,28.061458,-82.413232,11,15,0.4319,32495,0.6858996244,2,22,1
3033,Sustainability Studies.,137351,3,Public,5,43302.0,61.0,64880,57,49173.0,22.0,137351,University of South Florida,28.061458,-82.413232,11,15,0.4319,32495,0.6858996244,2,22,1
3105,"Sports, Kinesiology, and Physical Education/Fitness.",137351,1,Public,5,34249.0,31.0,70317,49,86804.0,42.0,137351,University of South Florida,28.061458,-82.413232,11,15,0.4319,32495,0.6858996244,2,22,1
3801,Philosophy.,137351,1,Public,3,21168.0,19.0,49561,23,57476.0,19.0,137351,University of South Florida,28.061458,-82.413232,11,15,0.4319,32495,0.6858996244,2,22,1
4005,Chemistry.,137351,1,Public,3,29399.0,55.0,59942,48,58727.0,49.0,137351,University of South Florida,28.061458,-82.413232,11,15,0.4319,32495,0.6858996244,2,22,1
4006,Geological and Earth Sciences/Geosciences.,137351,1,Public,3,48565.0,27.0,60472,39,61397.0,29.0,137351,University of South Florida,28.061458,-82.413232,11,15,0.4319,32495,0.6858996244,2,22,1
4008,Physics.,137351,1,Public,3,46094.0,35.0,68967,35,78010.0,23.0,137351,University of South Florida,28.061458,-82.413232,11,15,0.4319,32495,0.6858996244,2,22,1
4201,"Psychology, General.",137351,1,Public,3,32438.0,584.0,47257,670,46565.0,594.0,137351,University of South Florida,28.061458,-82.413232,11,15,0.4319,32495,0.6858996244,2,22,1
4201,"Psychology, General.",137351,1,Public,6,86194.0,17.0,113606,27,,,137351,University of South Florida,28.061458,-82.413232,11,15,0.4319,32495,0.6858996244,2,22,1
4299,"Psychology, Other.",137351,1,Public,5,58803.0,65.0,67173,95,65825.0,23.0,137351,University of South Florida,28.061458,-82.413232,11,15,0.4319,32495,0.6858996244,2,22,1
4301,Criminal Justice and Corrections.,137351,3,Public,5,58306.0,31.0,70885,26,58848.0,37.0,137351,University of South Florida,28.061458,-82.413232,11,15,0.4319,32495,0.6858996244,2,22,1
4303,Homeland Security.,137351,3,Public,5,85268.0,152.0,114398,175,,,137351,University of South Florida,28.061458,-82.413232,11,15,0.4319,32495,0.6858996244,2,22,1
4400,"Human Services, General.",137351,1,Public,3,33351.0,54.0,43976,92,44642.0,89.0,137351,University of South Florida,28.061458,-82.413232,11,15,0.4319,32495,0.6858996244,2,22,1
4400,"Human Services, General.",137351,3,Public,5,55494.0,23.0,59322,30,,,137351,University of South Florida,28.061458,-82.413232,11,15,0.4319,32495,0.6858996244,2,22,1
4404,Public Administration.,137351,1,Public,5,56031.0,29.0,62465,24,71108.0,30.0,137351,University of South Florida,28.061458,-82.413232,11,15,0.4319,32495,0.6858996244,2,22,1
4407,Social Work.,137351,3,Public,3,37458.0,43.0,52451,121,46115.0,67.0,137351,University of South Florida,28.061458,-82.413232,11,15,0.4319,32495,0.6858996244,2,22,1
4407,Social Work.,137351,3,Public,5,50498.0,215.0,56830,172,58130.0,89.0,137351,University of South Florida,28.061458,-82.413232,11,15,0.4319,32495,0.6858996244,2,22,1
4501,"Social Sciences, General.",137351,1,Public,3,34427.0,152.0,47969,145,45753.0,167.0,137351,University of South Florida,28.061458,-82.413232,11,15,0.4319,32495,0.6858996244,2,22,1
4502,Anthropology.,137351,1,Public,3,24331.0,73.0,44283,88,43346.0,94.0,137351,University of South Florida,28.061458,-82.413232,11,15,0.4319,32495,0.6858996244,2,22,1
4504,Criminology.,137351,3,Public,3,37108.0,399.0,53883,430,51831.0,407.0,137351,University of South Florida,28.061458,-82.413232,11,15,0.4319,32495,0.6858996244,2,22,1
4506,Economics.,137351,1,Public,3,47351.0,154.0,67007,163,63195.0,94.0,137351,University of South Florida,28.061458,-82.413232,11,15,0.4319,32495,0.6858996244,2,22,1
4507,Geography and Cartography.,137351,1,Public,3,39259.0,22.0,54944,24,59516.0,16.0,137351,University of South Florida,28.061458,-82.413232,11,15,0.4319,32495,0.6858996244,2,22,1
4509,International Relations and National Security Studies.,137351,1,Public,3,30977.0,75.0,58999,107,55427.0,137.0,137351,University of South Florida,28.061458,-82.413232,11,15,0.4319,32495,0.6858996244,2,22,1
4510,Political Science and Government.,137351,1,Public,3,34965.0,162.0,64820,174,58714.0,177.0,137351,University of South Florida,28.061458,-82.413232,11,15,0.4319,32495,0.6858996244,2,22,1
4511,Sociology.,137351,1,Public,3,33516.0,64.0,47379,74,48972.0,92.0,137351,University of South Florida,28.061458,-82.413232,11,15,0.4319,32495,0.6858996244,2,22,1
5003,Dance.,137351,1,Public,3,16389.0,21.0,33269,21,,,137351,University of South Florida,28.061458,-82.413232,11,15,0.4319,32495,0.6858996244,2,22,1
5004,Design and Applied Arts.,137351,1,Public,3,38938.0,29.0,54770,26,54896.0,18.0,137351,University of South Florida,28.061458,-82.413232,11,15,0.4319,32495,0.6858996244,2,22,1
5005,Drama/Theatre Arts and Stagecraft.,137351,1,Public,3,24732.0,31.0,45671,31,35949.0,34.0,137351,University of South Florida,28.061458,-82.413232,11,15,0.4319,32495,0.6858996244,2,22,1
5007,Fine and Studio Arts.,137351,1,Public,3,24818.0,106.0,38820,98,36035.0,82.0,137351,University of South Florida,28.061458,-82.413232,11,15,0.4319,32495,0.6858996244,2,22,1
5007,Fine and Studio Arts.,137351,1,Public,5,32650.0,25.0,43971,21,44000.0,19.0,137351,University of South Florida,28.061458,-82.413232,11,15,0.4319,32495,0.6858996244,2,22,1
5009,Music.,137351,1,Public,5,,,46862,21,45052.0,26.0,137351,University of South Florida,28.061458,-82.413232,11,15,0.4319,32495,0.6858996244,2,22,1
5099,"Visual and Performing Arts, Other.",137351,1,Public,3,,,53756,16,,,137351,University of South Florida,28.061458,-82.413232,11,15,0.4319,32495,0.6858996244,2,22,1
5100,"Health Services/Allied Health/Health Sciences, General.",137351,3,Public,3,34073.0,707.0,56452,885,56599.0,517.0,137351,University of South Florida,28.061458,-82.413232,11,15,0.4319,32495,0.6858996244,2,22,1
5102,Communication Disorders Sciences and Services.,137351,1,Public,3,28425.0,187.0,51378,171,49517.0,183.0,137351,University of South Florida,28.061458,-82.413232,11,15,0.4319,32495,0.6858996244,2,22,1
5102,Communication Disorders Sciences and Services.,137351,3,Public,5,62613.0,111.0,65422,109,58705.0,41.0,137351,University of South Florida,28.061458,-82.413232,11,15,0.4319,32495,0.6858996244,2,22,1
5102,Communication Disorders Sciences and Services.,137351,1,Public,6,69947.0,26.0,90869,24,90543.0,21.0,137351,University of South Florida,28.061458,-82.413232,11,15,0.4319,32495,0.6858996244,2,22,1
5107,Health and Medical Administrative Services.,137351,1,Public,5,,,93064,17,,,137351,University of South Florida,28.061458,-82.413232,11,15,0.4319,32495,0.6858996244,2,22,1
5109,"Allied Health Diagnostic, Intervention, and Treatment Professions.",137351,1,Public,5,63300.0,112.0,67543,68,,,137351,University of South Florida,28.061458,-82.413232,11,15,0.4319,32495,0.6858996244,2,22,1
5112,Medicine.,137351,1,Public,7,62210.0,262.0,97089,268,161763.0,235.0,137351,University of South Florida,28.061458,-82.413232,11,15,0.4319,32495,0.6858996244,2,22,1
5122,Public Health.,137351,3,Public,3,33575.0,207.0,53560,273,53182.0,319.0,137351,University of South Florida,28.061458,-82.413232,11,15,0.4319,32495,0.6858996244,2,22,1
5122,Public Health.,137351,1,Public,5,58339.0,255.0,79273,242,76407.0,199.0,137351,University of South Florida,28.061458,-82.413232,11,15,0.4319,32495,0.6858996244,2,22,1
5122,Public Health.,137351,1,Public,6,103531.0,26.0,113870,30,80866.0,19.0,137351,University of South Florida,28.061458,-82.413232,11,15,0.4319,32495,0.6858996244,2,22,1
5123,Rehabilitation and Therapeutic Professions.,137351,2,Public,5,40855.0,43.0,55074,63,51894.0,49.0,137351,University of South Florida,28.061458,-82.413232,11,15,0.4319,32495,0.6858996244,2,22,1
5123,Rehabilitation and Therapeutic Professions.,137351,1,Public,7,,,85202,35,84913.0,63.0,137351,University of South Florida,28.061458,-82.413232,11,15,0.4319,32495,0.6858996244,2,22,1
5127,Medical Illustration and Informatics.,137351,3,Public,5,84370.0,96.0,96827,98,93300.0,60.0,137351,University of South Florida,28.061458,-82.413232,11,15,0.4319,32495,0.6858996244,2,22,1
5138,"Registered Nursing, Nursing Administration, Nursing Research and Clinical Nursing.",137351,1,Public,3,72879.0,588.0,84694,571,85063.0,423.0,137351,University of South Florida,28.061458,-82.413232,11,15,0.4319,32495,0.6858996244,2,22,1
5138,"Registered Nursing, Nursing Administration, Nursing Research and Clinical Nursing.",137351,1,Public,5,108040.0,372.0,116242,361,119872.0,366.0,137351,University of South Florida,28.061458,-82.413232,11,15,0.4319,32495,0.6858996244,2,22,1
5138,"Registered Nursing, Nursing Administration, Nursing Research and Clinical Nursing.",137351,1,Public,6,135912.0,53.0,127778,87,133440.0,21.0,137351,University of South Florida,28.061458,-82.413232,11,15,0.4319,32495,0.6858996244,2,22,1
5201,"Business/Commerce, General.",137351,1,Public,3,45357.0,208.0,64838,229,59627.0,326.0,137351,University of South Florida,28.061458,-82.413232,11,15,0.4319,32495,0.6858996244,2,22,1
5202,"Business Administration, Management and Operations.",137351,1,Public,3,45966.0,99.0,60600,144,55006.0,106.0,137351,University of South Florida,28.061458,-82.413232,11,15,0.4319,32495,0.6858996244,2,22,1
5202,"Business Administration, Management and Operations.",137351,1,Public,5,83988.0,312.0,112594,322,97700.0,231.0,137351,University of South Florida,28.061458,-82.413232,11,15,0.4319,32495,0.6858996244,2,22,1
5202,"Business Administration, Management and Operations.",137351,2,Public,6,133082.0,22.0,200931,22,,,137351,University of South Florida,28.061458,-82.413232,11,15,0.4319,32495,0.6858996244,2,22,1
5203,Accounting and Related Services.,137351,3,Public,3,54371.0,218.0,78918,405,69308.0,285.0,137351,University of South Florida,28.061458,-82.413232,11,15,0.4319,32495,0.6858996244,2,22,1
5203,Accounting and Related Services.,137351,1,Public,5,67362.0,99.0,94391,108,98458.0,61.0,137351,University of South Florida,28.061458,-82.413232,11,15,0.4319,32495,0.6858996244,2,22,1
5207,Entrepreneurial and Small Business Operations.,137351,1,Public,5,,,85594,16,90312.0,18.0,137351,University of South Florida,28.061458,-82.413232,11,15,0.4319,32495,0.6858996244,2,22,1
5208,Finance and Financial Management Services.,137351,1,Public,3,49906.0,422.0,73933,463,72549.0,337.0,137351,University of South Florida,28.061458,-82.413232,11,15,0.4319,32495,0.6858996244,2,22,1
5209,Hospitality Administration/Management.,137351,1,Public,3,34703.0,41.0,57695,47,51031.0,35.0,137351,University of South Florida,28.061458,-82.413232,11,15,0.4319,32495,0.6858996244,2,22,1
5211,International Business.,137351,1,Public,3,44096.0,53.0,66141,48,55651.0,51.0,137351,University of South Florida,28.061458,-82.413232,11,15,0.4319,32495,0.6858996244,2,22,1
5212,Management Information Systems and Services.,137351,1,Public,3,55972.0,178.0,83227,201,82726.0,148.0,137351,University of South Florida,28.061458,-82.413232,11,15,0.4319,32495,0.6858996244,2,22,1
5214,Marketing.,137351,1,Public,3,40575.0,395.0,65269,408,63056.0,322.0,137351,University of South Florida,28.061458,-82.413232,11,15,0.4319,32495,0.6858996244,2,22,1
5401,History.,137351,1,Public,3,33474.0,116.0,47936,140,46194.0,118.0,137351,University of South Florida,28.061458,-82.413232,11,15,0.4319,32495,0.6858996244,2,22,1
1304,Educational Administration and Supervision.,137476,1,"Private, nonprofit",5,57181.0,68.0,69390,70,74426.0,32.0,137476,St. Thomas University,25.922071,-80.253273,21,13,0.9791,26170,0.7702970297,2,24,1
1304,Educational Administration and Supervision.,137476,3,"Private, nonprofit",6,84601.0,60.0,88145,42,,,137476,St. Thomas University,25.922071,-80.253273,21,13,0.9791,26170,0.7702970297,2,24,1
1310,Special Education and Teaching.,137476,0,"Private, nonprofit",5,,,63009,16,62317.0,16.0,137476,St. Thomas University,25.922071,-80.253273,21,13,0.9791,26170,0.7702970297,2,24,1
1312,"Teacher Education and Professional Development, Specific Levels and Methods.",137476,3,"Private, nonprofit",5,,,64254,20,,,137476,St. Thomas University,25.922071,-80.253273,21,13,0.9791,26170,0.7702970297,2,24,1
2201,Law.,137476,0,"Private, nonprofit",6,56057.0,245.0,99412,309,88257.0,295.0,137476,St. Thomas University,25.922071,-80.253273,21,13,0.9791,26170,0.7702970297,2,24,1
2299,"Legal Professions and Studies, Other.",137476,0,"Private, nonprofit",4,52601.0,35.0,102110,33,,,137476,St. Thomas University,25.922071,-80.253273,21,13,0.9791,26170,0.7702970297,2,24,1
2299,"Legal Professions and Studies, Other.",137476,1,"Private, nonprofit",8,51345.0,29.0,115357,36,75525.0,17.0,137476,St. Thomas University,25.922071,-80.253273,21,13,0.9791,26170,0.7702970297,2,24,1
4301,Criminal Justice and Corrections.,137476,1,"Private, nonprofit",3,,,54337,16,53936.0,27.0,137476,St. Thomas University,25.922071,-80.253273,21,13,0.9791,26170,0.7702970297,2,24,1
4301,Criminal Justice and Corrections.,137476,3,"Private, nonprofit",5,34192.0,19.0,45918,16,,,137476,St. Thomas University,25.922071,-80.253273,21,13,0.9791,26170,0.7702970297,2,24,1
5115,Mental and Social Health Services and Allied Professions.,137476,3,"Private, nonprofit",5,,,58659,20,,,137476,St. Thomas University,25.922071,-80.253273,21,13,0.9791,26170,0.7702970297,2,24,1
5202,"Business Administration, Management and Operations.",137476,1,"Private, nonprofit",3,33839.0,37.0,63852,49,63008.0,60.0,137476,St. Thomas University,25.922071,-80.253273,21,13,0.9791,26170,0.7702970297,2,24,1
5202,"Business Administration, Management and Operations.",137476,2,"Private, nonprofit",5,56048.0,93.0,79955,87,58575.0,79.0,137476,St. Thomas University,25.922071,-80.253273,21,13,0.9791,26170,0.7702970297,2,24,1
5203,Accounting and Related Services.,137476,1,"Private, nonprofit",3,,,69432,18,,,137476,St. Thomas University,25.922071,-80.253273,21,13,0.9791,26170,0.7702970297,2,24,1
0301,Natural Resources Conservation and Research.,137546,1,"Private, nonprofit",3,23790.0,18.0,51955,20,,,137546,Stetson University,29.035475,-81.300746,13,14,0.716,52032,0.5486725664,2,20,1
0901,Communication and Media Studies.,137546,1,"Private, nonprofit",3,33190.0,32.0,58071,40,59752.0,18.0,137546,Stetson University,29.035475,-81.300746,13,14,0.716,52032,0.5486725664,2,20,1
1304,Educational Administration and Supervision.,137546,1,"Private, nonprofit",5,59835.0,38.0,69259,85,67387.0,48.0,137546,Stetson University,29.035475,-81.300746,13,14,0.716,52032,0.5486725664,2,20,1
1313,"Teacher Education and Professional Development, Specific Subject Areas.",137546,1,"Private, nonprofit",3,48139.0,24.0,54537,21,,,137546,Stetson University,29.035475,-81.300746,13,14,0.716,52032,0.5486725664,2,20,1
2201,Law.,137546,0,"Private, nonprofit",5,,,66504,20,83901.0,22.0,137546,Stetson University,29.035475,-81.300746,13,14,0.716,52032,0.5486725664,2,20,1
2201,Law.,137546,1,"Private, nonprofit",7,63235.0,379.0,96451,381,96314.0,431.0,137546,Stetson University,29.035475,-81.300746,13,14,0.716,52032,0.5486725664,2,20,1
2601,"Biology, General.",137546,1,"Private, nonprofit",3,26006.0,26.0,50447,19,44798.0,22.0,137546,Stetson University,29.035475,-81.300746,13,14,0.716,52032,0.5486725664,2,20,1
3105,"Sports, Kinesiology, and Physical Education/Fitness.",137546,1,"Private, nonprofit",3,36524.0,18.0,61974,30,53701.0,23.0,137546,Stetson University,29.035475,-81.300746,13,14,0.716,52032,0.5486725664,2,20,1
4510,Political Science and Government.,137546,1,"Private, nonprofit",3,26839.0,32.0,52667,34,61767.0,26.0,137546,Stetson University,29.035475,-81.300746,13,14,0.716,52032,0.5486725664,2,20,1
5001,"Visual and Performing Arts, General.",137546,1,"Private, nonprofit",3,26913.0,27.0,35045,28,44802.0,16.0,137546,Stetson University,29.035475,-81.300746,13,14,0.716,52032,0.5486725664,2,20,1
5009,Music.,137546,1,"Private, nonprofit",3,15905.0,34.0,41298,37,28018.0,36.0,137546,Stetson University,29.035475,-81.300746,13,14,0.716,52032,0.5486725664,2,20,1
5100,"Health Services/Allied Health/Health Sciences, General.",137546,1,"Private, nonprofit",3,30106.0,41.0,52591,37,54094.0,36.0,137546,Stetson University,29.035475,-81.300746,13,14,0.716,52032,0.5486725664,2,20,1
5115,Mental and Social Health Services and Allied Professions.,137546,1,"Private, nonprofit",5,38619.0,42.0,48739,34,47995.0,21.0,137546,Stetson University,29.035475,-81.300746,13,14,0.716,52032,0.5486725664,2,20,1
5202,"Business Administration, Management and Operations.",137546,1,"Private, nonprofit",3,35009.0,60.0,59629,70,57949.0,60.0,137546,Stetson University,29.035475,-81.300746,13,14,0.716,52032,0.5486725664,2,20,1
5202,"Business Administration, Management and Operations.",137546,2,"Private, nonprofit",5,63880.0,37.0,83958,44,103503.0,55.0,137546,Stetson University,29.035475,-81.300746,13,14,0.716,52032,0.5486725664,2,20,1
5203,Accounting and Related Services.,137546,1,"Private, nonprofit",3,,,78682,38,72927.0,22.0,137546,Stetson University,29.035475,-81.300746,13,14,0.716,52032,0.5486725664,2,20,1
5203,Accounting and Related Services.,137546,3,"Private, nonprofit",5,69747.0,21.0,90653,20,84157.0,22.0,137546,Stetson University,29.035475,-81.300746,13,14,0.716,52032,0.5486725664,2,20,1
5208,Finance and Financial Management Services.,137546,1,"Private, nonprofit",3,55161.0,69.0,85033,61,79626.0,48.0,137546,Stetson University,29.035475,-81.300746,13,14,0.716,52032,0.5486725664,2,20,1
5211,International Business.,137546,1,"Private, nonprofit",3,,,58090,16,,,137546,Stetson University,29.035475,-81.300746,13,14,0.716,52032,0.5486725664,2,20,1
5214,Marketing.,137546,1,"Private, nonprofit",3,44286.0,38.0,63707,35,55315.0,26.0,137546,Stetson University,29.035475,-81.300746,13,14,0.716,52032,0.5486725664,2,20,1
5401,History.,137546,1,"Private, nonprofit",3,25696.0,16.0,44796,18,,,137546,Stetson University,29.035475,-81.300746,13,14,0.716,52032,0.5486725664,2,20,1
0901,Communication and Media Studies.,137564,1,"Private, nonprofit",3,27983.0,29.0,52899,36,,,137564,Southeastern University,28.029733,-81.918382,12,13,0.5298,39372,0.6645474944,2,23,1
0907,"Radio, Television, and Digital Communication.",137564,2,"Private, nonprofit",3,38260.0,36.0,55318,19,,,137564,Southeastern University,28.029733,-81.918382,12,13,0.5298,39372,0.6645474944,2,23,1
1304,Educational Administration and Supervision.,137564,1,"Private, nonprofit",5,58484.0,23.0,65849,32,56072.0,18.0,137564,Southeastern University,28.029733,-81.918382,12,13,0.5298,39372,0.6645474944,2,23,1
1304,Educational Administration and Supervision.,137564,1,"Private, nonprofit",6,80049.0,16.0,83204,18,,,137564,Southeastern University,28.029733,-81.918382,12,13,0.5298,39372,0.6645474944,2,23,1
1310,Special Education and Teaching.,137564,3,"Private, nonprofit",5,39595.0,31.0,49395,26,,,137564,Southeastern University,28.029733,-81.918382,12,13,0.5298,39372,0.6645474944,2,23,1
1312,"Teacher Education and Professional Development, Specific Levels and Methods.",137564,1,"Private, nonprofit",3,42582.0,32.0,49334,46,49680.0,19.0,137564,Southeastern University,28.029733,-81.918382,12,13,0.5298,39372,0.6645474944,2,23,1
1312,"Teacher Education and Professional Development, Specific Levels and Methods.",137564,1,"Private, nonprofit",5,48419.0,32.0,54928,18,51256.0,19.0,137564,Southeastern University,28.029733,-81.918382,12,13,0.5298,39372,0.6645474944,2,23,1
1313,"Teacher Education and Professional Development, Specific Subject Areas.",137564,1,"Private, nonprofit",3,47966.0,18.0,52697,23,,,137564,Southeastern University,28.029733,-81.918382,12,13,0.5298,39372,0.6645474944,2,23,1
2401,"Liberal Arts and Sciences, General Studies and Humanities.",137564,2,"Private, nonprofit",2,19475.0,19.0,46267,35,,,137564,Southeastern University,28.029733,-81.918382,12,13,0.5298,39372,0.6645474944,2,23,1
3105,"Sports, Kinesiology, and Physical Education/Fitness.",137564,1,"Private, nonprofit",3,25994.0,54.0,46427,64,,,137564,Southeastern University,28.029733,-81.918382,12,13,0.5298,39372,0.6645474944,2,23,1
3903,Missions/Missionary Studies and Missiology.,137564,0,"Private, nonprofit",2,28779.0,24.0,41803,39,,,137564,Southeastern University,28.029733,-81.918382,12,13,0.5298,39372,0.6645474944,2,23,1
3903,Missions/Missionary Studies and Missiology.,137564,0,"Private, nonprofit",3,33096.0,117.0,49310,184,,,137564,Southeastern University,28.029733,-81.918382,12,13,0.5298,39372,0.6645474944,2,23,1
3906,Theological and Ministerial Studies.,137564,2,"Private, nonprofit",2,27591.0,74.0,45142,32,,,137564,Southeastern University,28.029733,-81.918382,12,13,0.5298,39372,0.6645474944,2,23,1
3906,Theological and Ministerial Studies.,137564,2,"Private, nonprofit",3,29809.0,135.0,44106,29,,,137564,Southeastern University,28.029733,-81.918382,12,13,0.5298,39372,0.6645474944,2,23,1
3907,Pastoral Counseling and Specialized Ministries.,137564,1,"Private, nonprofit",3,35209.0,17.0,30430,17,,,137564,Southeastern University,28.029733,-81.918382,12,13,0.5298,39372,0.6645474944,2,23,1
4201,"Psychology, General.",137564,2,"Private, nonprofit",3,26915.0,38.0,48011,39,42171.0,25.0,137564,Southeastern University,28.029733,-81.918382,12,13,0.5298,39372,0.6645474944,2,23,1
4301,Criminal Justice and Corrections.,137564,2,"Private, nonprofit",3,41291.0,26.0,48343,29,43301.0,17.0,137564,Southeastern University,28.029733,-81.918382,12,13,0.5298,39372,0.6645474944,2,23,1
4400,"Human Services, General.",137564,3,"Private, nonprofit",3,32373.0,17.0,48006,16,33921.0,19.0,137564,Southeastern University,28.029733,-81.918382,12,13,0.5298,39372,0.6645474944,2,23,1
4400,"Human Services, General.",137564,3,"Private, nonprofit",5,38671.0,22.0,51706,20,,,137564,Southeastern University,28.029733,-81.918382,12,13,0.5298,39372,0.6645474944,2,23,1
4407,Social Work.,137564,1,"Private, nonprofit",3,,,52194,56,,,137564,Southeastern University,28.029733,-81.918382,12,13,0.5298,39372,0.6645474944,2,23,1
4407,Social Work.,137564,1,"Private, nonprofit",5,48071.0,56.0,61053,24,,,137564,Southeastern University,28.029733,-81.918382,12,13,0.5298,39372,0.6645474944,2,23,1
5138,"Registered Nursing, Nursing Administration, Nursing Research and Clinical Nursing.",137564,2,"Private, nonprofit",3,70612.0,47.0,61909,35,,,137564,Southeastern University,28.029733,-81.918382,12,13,0.5298,39372,0.6645474944,2,23,1
5202,"Business Administration, Management and Operations.",137564,2,"Private, nonprofit",3,34939.0,149.0,55827,128,41705.0,39.0,137564,Southeastern University,28.029733,-81.918382,12,13,0.5298,39372,0.6645474944,2,23,1
5202,"Business Administration, Management and Operations.",137564,2,"Private, nonprofit",5,58693.0,87.0,76932,90,57703.0,41.0,137564,Southeastern University,28.029733,-81.918382,12,13,0.5298,39372,0.6645474944,2,23,1
1204,Cosmetology and Related Personal Grooming Services.,137591,1,"Private, for-profit",1,15325.0,246.0,23096,269,17382.0,163.0,137591,Bene's Career Academy,28.259612,-82.728584,21,-2,,10523,0.85,1,29,1
5135,Somatic Bodywork and Related Therapeutic Services.,137591,1,"Private, for-profit",1,20132.0,28.0,25078,28,23840.0,40.0,137591,Bene's Career Academy,28.259612,-82.728584,21,-2,,10523,0.85,1,29,1
1312,"Teacher Education and Professional Development, Specific Levels and Methods.",137759,2,Public,2,25628.0,23.0,40414,30,,,137759,Tallahassee State College,30.443866,-84.339,12,12,,23457,0.8177727784,1,22,1
2401,"Liberal Arts and Sciences, General Studies and Humanities.",137759,2,Public,2,25467.0,343.0,42300,1147,40782.0,773.0,137759,Tallahassee State College,30.443866,-84.339,12,12,,23457,0.8177727784,1,22,1
4301,Criminal Justice and Corrections.,137759,1,Public,1,43235.0,189.0,54912,116,50180.0,110.0,137759,Tallahassee State College,30.443866,-84.339,12,12,,23457,0.8177727784,1,22,1
5106,Dental Support Services and Allied Professions.,137759,1,Public,2,51709.0,35.0,65204,23,,,137759,Tallahassee State College,30.443866,-84.339,12,12,,23457,0.8177727784,1,22,1
5109,"Allied Health Diagnostic, Intervention, and Treatment Professions.",137759,1,Public,2,40405.0,45.0,64789,39,59971.0,23.0,137759,Tallahassee State College,30.443866,-84.339,12,12,,23457,0.8177727784,1,22,1
5109,"Allied Health Diagnostic, Intervention, and Treatment Professions.",137759,0,Public,99,,,58514,20,,,137759,Tallahassee State College,30.443866,-84.339,12,12,,23457,0.8177727784,1,22,1
5138,"Registered Nursing, Nursing Administration, Nursing Research and Clinical Nursing.",137759,1,Public,2,57119.0,22.0,76270,55,59105.0,39.0,137759,Tallahassee State College,30.443866,-84.339,12,12,,23457,0.8177727784,1,22,1
0901,Communication and Media Studies.,137847,1,"Private, nonprofit",3,32804.0,94.0,55512,97,54853.0,31.0,137847,The University of Tampa,27.948455,-82.46483,11,13,0.4034,75458,0.429463171,2,20,1
0909,"Public Relations, Advertising, and Applied Communication.",137847,1,"Private, nonprofit",3,36977.0,82.0,63368,89,71966.0,37.0,137847,The University of Tampa,27.948455,-82.46483,11,13,0.4034,75458,0.429463171,2,20,1
1110,Computer/Information Technology Administration and Management.,137847,1,"Private, nonprofit",3,54209.0,41.0,99980,34,,,137847,The University of Tampa,27.948455,-82.46483,11,13,0.4034,75458,0.429463171,2,20,1
1303,Curriculum and Instruction.,137847,1,"Private, nonprofit",5,,,57893,16,,,137847,The University of Tampa,27.948455,-82.46483,11,13,0.4034,75458,0.429463171,2,20,1
1304,Educational Administration and Supervision.,137847,1,"Private, nonprofit",5,67438.0,21.0,66099,29,,,137847,The University of Tampa,27.948455,-82.46483,11,13,0.4034,75458,0.429463171,2,20,1
1312,"Teacher Education and Professional Development, Specific Levels and Methods.",137847,1,"Private, nonprofit",3,50477.0,34.0,53942,38,49911.0,18.0,137847,The University of Tampa,27.948455,-82.46483,11,13,0.4034,75458,0.429463171,2,20,1
2313,Rhetoric and Composition/Writing Studies.,137847,0,"Private, nonprofit",5,,,50292,32,47434.0,21.0,137847,The University of Tampa,27.948455,-82.46483,11,13,0.4034,75458,0.429463171,2,20,1
2601,"Biology, General.",137847,1,"Private, nonprofit",3,32909.0,68.0,59432,60,,,137847,The University of Tampa,27.948455,-82.46483,11,13,0.4034,75458,0.429463171,2,20,1
2613,"Ecology, Evolution, Systematics, and Population Biology.",137847,1,"Private, nonprofit",3,29603.0,57.0,43683,47,45714.0,19.0,137847,The University of Tampa,27.948455,-82.46483,11,13,0.4034,75458,0.429463171,2,20,1
3105,"Sports, Kinesiology, and Physical Education/Fitness.",137847,1,"Private, nonprofit",3,30554.0,126.0,60364,127,57486.0,47.0,137847,The University of Tampa,27.948455,-82.46483,11,13,0.4034,75458,0.429463171,2,20,1
4201,"Psychology, General.",137847,1,"Private, nonprofit",3,31016.0,73.0,53744,72,50692.0,35.0,137847,The University of Tampa,27.948455,-82.46483,11,13,0.4034,75458,0.429463171,2,20,1
4504,Criminology.,137847,1,"Private, nonprofit",3,34137.0,96.0,60742,118,50753.0,46.0,137847,The University of Tampa,27.948455,-82.46483,11,13,0.4034,75458,0.429463171,2,20,1
4510,Political Science and Government.,137847,1,"Private, nonprofit",3,40505.0,33.0,58754,39,61348.0,21.0,137847,The University of Tampa,27.948455,-82.46483,11,13,0.4034,75458,0.429463171,2,20,1
4511,Sociology.,137847,1,"Private, nonprofit",3,33872.0,21.0,57474,20,,,137847,The University of Tampa,27.948455,-82.46483,11,13,0.4034,75458,0.429463171,2,20,1
5005,Drama/Theatre Arts and Stagecraft.,137847,1,"Private, nonprofit",3,17196.0,16.0,28709,21,,,137847,The University of Tampa,27.948455,-82.46483,11,13,0.4034,75458,0.429463171,2,20,1
5006,Film/Video and Photographic Arts.,137847,1,"Private, nonprofit",3,26641.0,32.0,42090,28,40328.0,23.0,137847,The University of Tampa,27.948455,-82.46483,11,13,0.4034,75458,0.429463171,2,20,1
5100,"Health Services/Allied Health/Health Sciences, General.",137847,1,"Private, nonprofit",3,26672.0,49.0,72531,46,57850.0,20.0,137847,The University of Tampa,27.948455,-82.46483,11,13,0.4034,75458,0.429463171,2,20,1
5100,"Health Services/Allied Health/Health Sciences, General.",137847,0,"Private, nonprofit",5,43950.0,32.0,67472,37,,,137847,The University of Tampa,27.948455,-82.46483,11,13,0.4034,75458,0.429463171,2,20,1
5122,Public Health.,137847,1,"Private, nonprofit",3,34416.0,28.0,58777,28,,,137847,The University of Tampa,27.948455,-82.46483,11,13,0.4034,75458,0.429463171,2,20,1
5138,"Registered Nursing, Nursing Administration, Nursing Research and Clinical Nursing.",137847,1,"Private, nonprofit",3,71478.0,65.0,89223,54,94082.0,27.0,137847,The University of Tampa,27.948455,-82.46483,11,13,0.4034,75458,0.429463171,2,20,1
5138,"Registered Nursing, Nursing Administration, Nursing Research and Clinical Nursing.",137847,1,"Private, nonprofit",5,96209.0,96.0,114520,74,119372.0,20.0,137847,The University of Tampa,27.948455,-82.46483,11,13,0.4034,75458,0.429463171,2,20,1
5202,"Business Administration, Management and Operations.",137847,1,"Private, nonprofit",3,46543.0,95.0,67521,90,74528.0,29.0,137847,The University of Tampa,27.948455,-82.46483,11,13,0.4034,75458,0.429463171,2,20,1
5202,"Business Administration, Management and Operations.",137847,1,"Private, nonprofit",5,83817.0,64.0,107130,103,102591.0,30.0,137847,The University of Tampa,27.948455,-82.46483,11,13,0.4034,75458,0.429463171,2,20,1
5203,Accounting and Related Services.,137847,1,"Private, nonprofit",3,52690.0,29.0,84875,79,87359.0,29.0,137847,The University of Tampa,27.948455,-82.46483,11,13,0.4034,75458,0.429463171,2,20,1
5203,Accounting and Related Services.,137847,1,"Private, nonprofit",5,71733.0,33.0,98376,46,,,137847,The University of Tampa,27.948455,-82.46483,11,13,0.4034,75458,0.429463171,2,20,1
5207,Entrepreneurial and Small Business Operations.,137847,1,"Private, nonprofit",3,34038.0,42.0,64034,44,,,137847,The University of Tampa,27.948455,-82.46483,11,13,0.4034,75458,0.429463171,2,20,1
5207,Entrepreneurial and Small Business Operations.,137847,1,"Private, nonprofit",5,53214.0,22.0,90975,21,,,137847,The University of Tampa,27.948455,-82.46483,11,13,0.4034,75458,0.429463171,2,20,1
5208,Finance and Financial Management Services.,137847,1,"Private, nonprofit",3,51845.0,122.0,90485,110,85283.0,43.0,137847,The University of Tampa,27.948455,-82.46483,11,13,0.4034,75458,0.429463171,2,20,1
5208,Finance and Financial Management Services.,137847,0,"Private, nonprofit",5,72355.0,16.0,82637,25,,,137847,The University of Tampa,27.948455,-82.46483,11,13,0.4034,75458,0.429463171,2,20,1
5211,International Business.,137847,1,"Private, nonprofit",3,48149.0,53.0,75090,52,82275.0,25.0,137847,The University of Tampa,27.948455,-82.46483,11,13,0.4034,75458,0.429463171,2,20,1
5214,Marketing.,137847,1,"Private, nonprofit",3,43825.0,107.0,69876,100,76998.0,44.0,137847,The University of Tampa,27.948455,-82.46483,11,13,0.4034,75458,0.429463171,2,20,1
5401,History.,137847,1,"Private, nonprofit",3,27787.0,17.0,46596,22,,,137847,The University of Tampa,27.948455,-82.46483,11,13,0.4034,75458,0.429463171,2,20,1
5139,"Practical Nursing, Vocational Nursing and Nursing Assistants.",137856,1,Public,1,,,40321,17,36161.0,23.0,137856,Big Bend Technical College,30.077954,-83.565783,41,-2,,17833,,1,25,1
1204,Cosmetology and Related Personal Grooming Services.,137865,1,Public,1,22028.0,40.0,30083,45,19253.0,49.0,137865,Tom P. Haney Technical College,30.203363,-85.646585,22,-2,,16344,,1,28,1
4706,Vehicle Maintenance and Repair Technologies/Technicians.,137865,1,Public,1,30088.0,19.0,51617,38,40984.0,29.0,137865,Tom P. Haney Technical College,30.203363,-85.646585,22,-2,,16344,,1,28,1
4805,Precision Metal Working.,137865,1,Public,1,31480.0,22.0,45878,24,,,137865,Tom P. Haney Technical College,30.203363,-85.646585,22,-2,,16344,,1,28,1
5107,Health and Medical Administrative Services.,137865,1,Public,1,23702.0,18.0,33269,17,,,137865,Tom P. Haney Technical College,30.203363,-85.646585,22,-2,,16344,,1,28,1
5139,"Practical Nursing, Vocational Nursing and Nursing Assistants.",137865,1,Public,1,38229.0,31.0,49098,32,45670.0,31.0,137865,Tom P. Haney Technical College,30.203363,-85.646585,22,-2,,16344,,1,28,1
3000,"Multi-/Interdisciplinary Studies, General.",137953,0,"Private, nonprofit",3,35282.0,23.0,36114,26,,,137953,Trinity Baptist College,30.311171,-81.79626,11,8,0.5328,32858,0.7992277992,2,22,1
3907,Pastoral Counseling and Specialized Ministries.,137953,0,"Private, nonprofit",3,,,46933,18,,,137953,Trinity Baptist College,30.311171,-81.79626,11,8,0.5328,32858,0.7992277992,2,22,1
1101,"Computer and Information Sciences, General.",138187,1,Public,2,31754.0,46.0,44213,71,40910.0,54.0,138187,Valencia College,28.520783,-81.464275,11,15,,23247,0.8727049583,1,22,1
1102,Computer Programming.,138187,1,Public,2,36601.0,22.0,63999,43,67499.0,38.0,138187,Valencia College,28.520783,-81.464275,11,15,,23247,0.8727049583,1,22,1
1108,Computer Software and Media Applications.,138187,1,Public,2,32099.0,44.0,46230,44,42354.0,37.0,138187,Valencia College,28.520783,-81.464275,11,15,,23247,0.8727049583,1,22,1
1110,Computer/Information Technology Administration and Management.,138187,1,Public,2,45819.0,16.0,57409,44,57812.0,37.0,138187,Valencia College,28.520783,-81.464275,11,15,,23247,0.8727049583,1,22,1
1205,Culinary Arts and Related Services.,138187,1,Public,2,25227.0,52.0,41850,58,29578.0,45.0,138187,Valencia College,28.520783,-81.464275,11,15,,23247,0.8727049583,1,22,1
1503,Electrical/Electronic Engineering Technologies/Technicians.,138187,1,Public,2,40388.0,19.0,62068,23,63206.0,17.0,138187,Valencia College,28.520783,-81.464275,11,15,,23247,0.8727049583,1,22,1
1503,Electrical/Electronic Engineering Technologies/Technicians.,138187,1,Public,3,64538.0,31.0,80943,26,85338.0,16.0,138187,Valencia College,28.520783,-81.464275,11,15,,23247,0.8727049583,1,22,1
1513,Drafting/Design Engineering Technologies/Technicians.,138187,1,Public,2,45701.0,16.0,62497,19,,,138187,Valencia College,28.520783,-81.464275,11,15,,23247,0.8727049583,1,22,1
2203,Legal Support Services.,138187,1,Public,2,32210.0,27.0,51929,41,40513.0,31.0,138187,Valencia College,28.520783,-81.464275,11,15,,23247,0.8727049583,1,22,1
2401,"Liberal Arts and Sciences, General Studies and Humanities.",138187,1,Public,2,25001.0,1446.0,44728,4116,40698.0,3493.0,138187,Valencia College,28.520783,-81.464275,11,15,,23247,0.8727049583,1,22,1
4301,Criminal Justice and Corrections.,138187,1,Public,2,33246.0,39.0,47005,71,35792.0,81.0,138187,Valencia College,28.520783,-81.464275,11,15,,23247,0.8727049583,1,22,1
4302,Fire Protection.,138187,1,Public,2,45657.0,26.0,61605,24,,,138187,Valencia College,28.520783,-81.464275,11,15,,23247,0.8727049583,1,22,1
5006,Film/Video and Photographic Arts.,138187,1,Public,2,16635.0,48.0,33162,49,37275.0,20.0,138187,Valencia College,28.520783,-81.464275,11,15,,23247,0.8727049583,1,22,1
5009,Music.,138187,1,Public,2,22985.0,22.0,38507,24,25895.0,19.0,138187,Valencia College,28.520783,-81.464275,11,15,,23247,0.8727049583,1,22,1
5106,Dental Support Services and Allied Professions.,138187,1,Public,2,57535.0,26.0,75095,22,57856.0,19.0,138187,Valencia College,28.520783,-81.464275,11,15,,23247,0.8727049583,1,22,1
5109,"Allied Health Diagnostic, Intervention, and Treatment Professions.",138187,1,Public,2,56945.0,72.0,72153,87,67531.0,54.0,138187,Valencia College,28.520783,-81.464275,11,15,,23247,0.8727049583,1,22,1
5109,"Allied Health Diagnostic, Intervention, and Treatment Professions.",138187,1,Public,3,68564.0,55.0,89532,62,81408.0,28.0,138187,Valencia College,28.520783,-81.464275,11,15,,23247,0.8727049583,1,22,1
5138,"Registered Nursing, Nursing Administration, Nursing Research and Clinical Nursing.",138187,1,Public,2,70422.0,146.0,81133,270,82874.0,167.0,138187,Valencia College,28.520783,-81.464275,11,15,,23247,0.8727049583,1,22,1
5139,"Practical Nursing, Vocational Nursing and Nursing Assistants.",138187,0,Public,99,,,54862,37,,,138187,Valencia College,28.520783,-81.464275,11,15,,23247,0.8727049583,1,22,1
5202,"Business Administration, Management and Operations.",138187,1,Public,2,31120.0,136.0,46965,229,44268.0,202.0,138187,Valencia College,28.520783,-81.464275,11,15,,23247,0.8727049583,1,22,1
5203,Accounting and Related Services.,138187,1,Public,2,37209.0,23.0,48119,31,41763.0,32.0,138187,Valencia College,28.520783,-81.464275,11,15,,23247,0.8727049583,1,22,1
5209,Hospitality Administration/Management.,138187,1,Public,2,31588.0,35.0,46639,69,34878.0,56.0,138187,Valencia College,28.520783,-81.464275,11,15,,23247,0.8727049583,1,22,1
0100,"Agriculture, General.",138275,1,"Private, nonprofit",3,44154.0,20.0,56429,25,,,138275,Warner University,27.825751,-81.599972,41,8,0.4281,29095,0.7985915493,2,25,1
1312,"Teacher Education and Professional Development, Specific Levels and Methods.",138275,2,"Private, nonprofit",3,38856.0,55.0,48819,70,50122.0,39.0,138275,Warner University,27.825751,-81.599972,41,8,0.4281,29095,0.7985915493,2,25,1
2401,"Liberal Arts and Sciences, General Studies and Humanities.",138275,2,"Private, nonprofit",2,,,42057,42,38456.0,29.0,138275,Warner University,27.825751,-81.599972,41,8,0.4281,29095,0.7985915493,2,25,1
2401,"Liberal Arts and Sciences, General Studies and Humanities.",138275,2,"Private, nonprofit",3,,,54179,18,,,138275,Warner University,27.825751,-81.599972,41,8,0.4281,29095,0.7985915493,2,25,1
3105,"Sports, Kinesiology, and Physical Education/Fitness.",138275,1,"Private, nonprofit",3,28512.0,22.0,44995,33,52490.0,26.0,138275,Warner University,27.825751,-81.599972,41,8,0.4281,29095,0.7985915493,2,25,1
5202,"Business Administration, Management and Operations.",138275,1,"Private, nonprofit",3,37841.0,50.0,55458,84,59468.0,61.0,138275,Warner University,27.825751,-81.599972,41,8,0.4281,29095,0.7985915493,2,25,1
5202,"Business Administration, Management and Operations.",138275,3,"Private, nonprofit",5,53770.0,59.0,73819,51,54101.0,41.0,138275,Warner University,27.825751,-81.599972,41,8,0.4281,29095,0.7985915493,2,25,1
4301,Criminal Justice and Corrections.,138284,1,Public,1,38381.0,17.0,41153,19,35578.0,16.0,138284,Florida Panhandle Technical College,30.77449,-85.553345,43,-2,,15147,,1,25,1
5107,Health and Medical Administrative Services.,138284,1,Public,1,,,32971,18,28498.0,18.0,138284,Florida Panhandle Technical College,30.77449,-85.553345,43,-2,,15147,,1,25,1
5110,Clinical/Medical Laboratory Science/Research and Allied Professions.,138284,1,Public,1,,,31422,16,,,138284,Florida Panhandle Technical College,30.77449,-85.553345,43,-2,,15147,,1,25,1
5139,"Practical Nursing, Vocational Nursing and Nursing Assistants.",138284,1,Public,1,37663.0,52.0,39400,60,32446.0,55.0,138284,Florida Panhandle Technical College,30.77449,-85.553345,43,-2,,15147,,1,25,1
1312,"Teacher Education and Professional Development, Specific Levels and Methods.",138293,2,"Private, nonprofit",3,41296.0,27.0,44747,21,,,138293,Webber International University,27.838778,-81.532315,41,8,0.694,39516,0.6643274854,2,21,1
3105,"Sports, Kinesiology, and Physical Education/Fitness.",138293,1,"Private, nonprofit",3,29540.0,34.0,49068,43,40766.0,22.0,138293,Webber International University,27.838778,-81.532315,41,8,0.694,39516,0.6643274854,2,21,1
4301,Criminal Justice and Corrections.,138293,2,"Private, nonprofit",3,,,49224,34,,,138293,Webber International University,27.838778,-81.532315,41,8,0.694,39516,0.6643274854,2,21,1
5201,"Business/Commerce, General.",138293,2,"Private, nonprofit",3,29923.0,37.0,50253,25,33021.0,17.0,138293,Webber International University,27.838778,-81.532315,41,8,0.694,39516,0.6643274854,2,21,1
5202,"Business Administration, Management and Operations.",138293,3,"Private, nonprofit",5,,,59543,16,,,138293,Webber International University,27.838778,-81.532315,41,8,0.694,39516,0.6643274854,2,21,1
1107,Computer Science.,138309,3,"Private, for-profit",3,53832.0,72.0,84899,110,72149.0,18.0,138309,Rasmussen University-Florida,29.175319,-82.15319,13,12,,25123,0.7318019398,1,30,1
1110,Computer/Information Technology Administration and Management.,138309,2,"Private, for-profit",2,42043.0,35.0,51541,46,,,138309,Rasmussen University-Florida,29.175319,-82.15319,13,12,,25123,0.7318019398,1,30,1
1110,Computer/Information Technology Administration and Management.,138309,3,"Private, for-profit",3,59685.0,82.0,73554,65,76447.0,81.0,138309,Rasmussen University-Florida,29.175319,-82.15319,13,12,,25123,0.7318019398,1,30,1
1304,Educational Administration and Supervision.,138309,3,"Private, for-profit",3,37480.0,268.0,46541,278,42810.0,135.0,138309,Rasmussen University-Florida,29.175319,-82.15319,13,12,,25123,0.7318019398,1,30,1
1312,"Teacher Education and Professional Development, Specific Levels and Methods.",138309,2,"Private, for-profit",1,28038.0,57.0,35034,69,27895.0,39.0,138309,Rasmussen University-Florida,29.175319,-82.15319,13,12,,25123,0.7318019398,1,30,1
1312,"Teacher Education and Professional Development, Specific Levels and Methods.",138309,1,"Private, for-profit",2,28337.0,250.0,39403,404,33916.0,248.0,138309,Rasmussen University-Florida,29.175319,-82.15319,13,12,,25123,0.7318019398,1,30,1
1409,Computer Engineering.,138309,1,"Private, for-profit",2,48263.0,33.0,69873,46,72251.0,19.0,138309,Rasmussen University-Florida,29.175319,-82.15319,13,12,,25123,0.7318019398,1,30,1
2203,Legal Support Services.,138309,1,"Private, for-profit",1,40492.0,34.0,58038,16,,,138309,Rasmussen University-Florida,29.175319,-82.15319,13,12,,25123,0.7318019398,1,30,1
2203,Legal Support Services.,138309,1,"Private, for-profit",2,34421.0,75.0,45751,92,42836.0,116.0,138309,Rasmussen University-Florida,29.175319,-82.15319,13,12,,25123,0.7318019398,1,30,1
4301,Criminal Justice and Corrections.,138309,1,"Private, for-profit",2,47447.0,83.0,56503,149,49266.0,215.0,138309,Rasmussen University-Florida,29.175319,-82.15319,13,12,,25123,0.7318019398,1,30,1
4301,Criminal Justice and Corrections.,138309,3,"Private, for-profit",3,39317.0,54.0,60483,75,45036.0,178.0,138309,Rasmussen University-Florida,29.175319,-82.15319,13,12,,25123,0.7318019398,1,30,1
4400,"Human Services, General.",138309,1,"Private, for-profit",2,33870.0,28.0,46185,58,35574.0,104.0,138309,Rasmussen University-Florida,29.175319,-82.15319,13,12,,25123,0.7318019398,1,30,1
4400,"Human Services, General.",138309,3,"Private, for-profit",3,40125.0,131.0,48799,70,,,138309,Rasmussen University-Florida,29.175319,-82.15319,13,12,,25123,0.7318019398,1,30,1
5004,Design and Applied Arts.,138309,1,"Private, for-profit",2,32246.0,66.0,37689,41,,,138309,Rasmussen University-Florida,29.175319,-82.15319,13,12,,25123,0.7318019398,1,30,1
5004,Design and Applied Arts.,138309,2,"Private, for-profit",3,32482.0,28.0,46610,19,,,138309,Rasmussen University-Florida,29.175319,-82.15319,13,12,,25123,0.7318019398,1,30,1
5107,Health and Medical Administrative Services.,138309,2,"Private, for-profit",1,33372.0,533.0,40818,653,38602.0,214.0,138309,Rasmussen University-Florida,29.175319,-82.15319,13,12,,25123,0.7318019398,1,30,1
5107,Health and Medical Administrative Services.,138309,2,"Private, for-profit",2,39372.0,344.0,47498,479,42059.0,580.0,138309,Rasmussen University-Florida,29.175319,-82.15319,13,12,,25123,0.7318019398,1,30,1
5107,Health and Medical Administrative Services.,138309,3,"Private, for-profit",3,46361.0,220.0,62100,252,55408.0,189.0,138309,Rasmussen University-Florida,29.175319,-82.15319,13,12,,25123,0.7318019398,1,30,1
5108,Allied Health and Medical Assisting Services.,138309,2,"Private, for-profit",1,29532.0,548.0,36914,743,34231.0,449.0,138309,Rasmussen University-Florida,29.175319,-82.15319,13,12,,25123,0.7318019398,1,30,1
5108,Allied Health and Medical Assisting Services.,138309,2,"Private, for-profit",2,35350.0,185.0,43243,234,35777.0,252.0,138309,Rasmussen University-Florida,29.175319,-82.15319,13,12,,25123,0.7318019398,1,30,1
5109,"Allied Health Diagnostic, Intervention, and Treatment Professions.",138309,1,"Private, for-profit",2,51036.0,85.0,60039,83,60743.0,48.0,138309,Rasmussen University-Florida,29.175319,-82.15319,13,12,,25123,0.7318019398,1,30,1
5110,Clinical/Medical Laboratory Science/Research and Allied Professions.,138309,2,"Private, for-profit",2,43637.0,23.0,52743,42,55150.0,46.0,138309,Rasmussen University-Florida,29.175319,-82.15319,13,12,,25123,0.7318019398,1,30,1
5122,Public Health.,138309,3,"Private, for-profit",3,35433.0,52.0,49032,48,,,138309,Rasmussen University-Florida,29.175319,-82.15319,13,12,,25123,0.7318019398,1,30,1
5138,"Registered Nursing, Nursing Administration, Nursing Research and Clinical Nursing.",138309,1,"Private, for-profit",2,68119.0,2086.0,79954,2514,75988.0,1346.0,138309,Rasmussen University-Florida,29.175319,-82.15319,13,12,,25123,0.7318019398,1,30,1
5138,"Registered Nursing, Nursing Administration, Nursing Research and Clinical Nursing.",138309,1,"Private, for-profit",3,74861.0,917.0,87330,689,94955.0,107.0,138309,Rasmussen University-Florida,29.175319,-82.15319,13,12,,25123,0.7318019398,1,30,1
5139,"Practical Nursing, Vocational Nursing and Nursing Assistants.",138309,1,"Private, for-profit",1,45271.0,288.0,58034,398,53941.0,281.0,138309,Rasmussen University-Florida,29.175319,-82.15319,13,12,,25123,0.7318019398,1,30,1
5202,"Business Administration, Management and Operations.",138309,1,"Private, for-profit",2,43736.0,194.0,57337,345,50641.0,295.0,138309,Rasmussen University-Florida,29.175319,-82.15319,13,12,,25123,0.7318019398,1,30,1
5202,"Business Administration, Management and Operations.",138309,3,"Private, for-profit",3,59693.0,313.0,76176,414,62112.0,338.0,138309,Rasmussen University-Florida,29.175319,-82.15319,13,12,,25123,0.7318019398,1,30,1
5203,Accounting and Related Services.,138309,2,"Private, for-profit",1,47506.0,23.0,45403,29,,,138309,Rasmussen University-Florida,29.175319,-82.15319,13,12,,25123,0.7318019398,1,30,1
5203,Accounting and Related Services.,138309,1,"Private, for-profit",2,43765.0,80.0,53756,166,52198.0,136.0,138309,Rasmussen University-Florida,29.175319,-82.15319,13,12,,25123,0.7318019398,1,30,1
5203,Accounting and Related Services.,138309,3,"Private, for-profit",3,53285.0,125.0,62579,157,60866.0,174.0,138309,Rasmussen University-Florida,29.175319,-82.15319,13,12,,25123,0.7318019398,1,30,1
5204,Business Operations Support and Assistant Services.,138309,2,"Private, for-profit",1,32345.0,27.0,47927,26,33999.0,21.0,138309,Rasmussen University-Florida,29.175319,-82.15319,13,12,,25123,0.7318019398,1,30,1
5208,Finance and Financial Management Services.,138309,3,"Private, for-profit",3,47744.0,39.0,70838,45,64173.0,32.0,138309,Rasmussen University-Florida,29.175319,-82.15319,13,12,,25123,0.7318019398,1,30,1
5210,Human Resources Management and Services.,138309,1,"Private, for-profit",2,45969.0,78.0,60288,119,53717.0,57.0,138309,Rasmussen University-Florida,29.175319,-82.15319,13,12,,25123,0.7318019398,1,30,1
5210,Human Resources Management and Services.,138309,3,"Private, for-profit",3,56465.0,136.0,64536,188,64654.0,154.0,138309,Rasmussen University-Florida,29.175319,-82.15319,13,12,,25123,0.7318019398,1,30,1
5212,Management Information Systems and Services.,138309,1,"Private, for-profit",2,46337.0,75.0,57424,130,53071.0,171.0,138309,Rasmussen University-Florida,29.175319,-82.15319,13,12,,25123,0.7318019398,1,30,1
5214,Marketing.,138309,1,"Private, for-profit",2,44293.0,18.0,51824,41,48894.0,20.0,138309,Rasmussen University-Florida,29.175319,-82.15319,13,12,,25123,0.7318019398,1,30,1
5214,Marketing.,138309,3,"Private, for-profit",3,41377.0,57.0,62985,52,61087.0,38.0,138309,Rasmussen University-Florida,29.175319,-82.15319,13,12,,25123,0.7318019398,1,30,1
0301,Natural Resources Conservation and Research.,138354,2,Public,3,37214.0,20.0,50746,16,50951.0,21.0,138354,University of West Florida,30.549076,-87.218511,41,12,0.5824,34583,0.6786062378,2,24,1
0901,Communication and Media Studies.,138354,2,Public,3,30850.0,83.0,51352,97,41017.0,111.0,138354,University of West Florida,30.549076,-87.218511,41,12,0.5824,34583,0.6786062378,2,24,1
1101,"Computer and Information Sciences, General.",138354,2,Public,3,45733.0,65.0,79520,59,76961.0,105.0,138354,University of West Florida,30.549076,-87.218511,41,12,0.5824,34583,0.6786062378,2,24,1
1101,"Computer and Information Sciences, General.",138354,2,Public,5,87236.0,25.0,110932,33,106161.0,17.0,138354,University of West Florida,30.549076,-87.218511,41,12,0.5824,34583,0.6786062378,2,24,1
1303,Curriculum and Instruction.,138354,2,Public,5,54063.0,50.0,60517,74,56666.0,32.0,138354,University of West Florida,30.549076,-87.218511,41,12,0.5824,34583,0.6786062378,2,24,1
1304,Educational Administration and Supervision.,138354,3,Public,5,60344.0,160.0,69829,240,66001.0,228.0,138354,University of West Florida,30.549076,-87.218511,41,12,0.5824,34583,0.6786062378,2,24,1
1310,Special Education and Teaching.,138354,3,Public,3,46643.0,58.0,47968,45,47301.0,79.0,138354,University of West Florida,30.549076,-87.218511,41,12,0.5824,34583,0.6786062378,2,24,1
1310,Special Education and Teaching.,138354,3,Public,5,56136.0,181.0,67666,151,72406.0,60.0,138354,University of West Florida,30.549076,-87.218511,41,12,0.5824,34583,0.6786062378,2,24,1
1313,"Teacher Education and Professional Development, Specific Subject Areas.",138354,2,Public,3,,,50019,16,48738.0,18.0,138354,University of West Florida,30.549076,-87.218511,41,12,0.5824,34583,0.6786062378,2,24,1
1410,"Electrical, Electronics, and Communications Engineering.",138354,2,Public,3,64978.0,35.0,91813,46,92915.0,53.0,138354,University of West Florida,30.549076,-87.218511,41,12,0.5824,34583,0.6786062378,2,24,1
2203,Legal Support Services.,138354,2,Public,3,36524.0,21.0,45338,20,49289.0,24.0,138354,University of West Florida,30.549076,-87.218511,41,12,0.5824,34583,0.6786062378,2,24,1
2301,"English Language and Literature, General.",138354,2,Public,3,25035.0,25.0,33671,26,35798.0,30.0,138354,University of West Florida,30.549076,-87.218511,41,12,0.5824,34583,0.6786062378,2,24,1
2401,"Liberal Arts and Sciences, General Studies and Humanities.",138354,2,Public,2,31140.0,25.0,59240,116,46946.0,79.0,138354,University of West Florida,30.549076,-87.218511,41,12,0.5824,34583,0.6786062378,2,24,1
2601,"Biology, General.",138354,2,Public,3,28237.0,56.0,48576,30,48440.0,48.0,138354,University of West Florida,30.549076,-87.218511,41,12,0.5824,34583,0.6786062378,2,24,1
2701,Mathematics.,138354,2,Public,5,62671.0,45.0,70298,30,68555.0,24.0,138354,University of West Florida,30.549076,-87.218511,41,12,0.5824,34583,0.6786062378,2,24,1
3105,"Sports, Kinesiology, and Physical Education/Fitness.",138354,2,Public,3,28643.0,68.0,48645,89,43987.0,81.0,138354,University of West Florida,30.549076,-87.218511,41,12,0.5824,34583,0.6786062378,2,24,1
3105,"Sports, Kinesiology, and Physical Education/Fitness.",138354,2,Public,5,,,64699,17,,,138354,University of West Florida,30.549076,-87.218511,41,12,0.5824,34583,0.6786062378,2,24,1
4201,"Psychology, General.",138354,2,Public,3,27563.0,58.0,45101,53,40013.0,119.0,138354,University of West Florida,30.549076,-87.218511,41,12,0.5824,34583,0.6786062378,2,24,1
4201,"Psychology, General.",138354,2,Public,5,42585.0,32.0,67785,26,63420.0,19.0,138354,University of West Florida,30.549076,-87.218511,41,12,0.5824,34583,0.6786062378,2,24,1
4301,Criminal Justice and Corrections.,138354,2,Public,3,36369.0,42.0,46631,52,48441.0,89.0,138354,University of West Florida,30.549076,-87.218511,41,12,0.5824,34583,0.6786062378,2,24,1
4407,Social Work.,138354,2,Public,3,36573.0,20.0,45806,49,37625.0,55.0,138354,University of West Florida,30.549076,-87.218511,41,12,0.5824,34583,0.6786062378,2,24,1
4501,"Social Sciences, General.",138354,2,Public,3,37501.0,43.0,47535,42,46751.0,61.0,138354,University of West Florida,30.549076,-87.218511,41,12,0.5824,34583,0.6786062378,2,24,1
4509,International Relations and National Security Studies.,138354,2,Public,3,,,43652,16,46347.0,35.0,138354,University of West Florida,30.549076,-87.218511,41,12,0.5824,34583,0.6786062378,2,24,1
5007,Fine and Studio Arts.,138354,2,Public,3,23843.0,32.0,42115,22,37399.0,49.0,138354,University of West Florida,30.549076,-87.218511,41,12,0.5824,34583,0.6786062378,2,24,1
5100,"Health Services/Allied Health/Health Sciences, General.",138354,3,Public,3,39603.0,94.0,55704,91,51114.0,157.0,138354,University of West Florida,30.549076,-87.218511,41,12,0.5824,34583,0.6786062378,2,24,1
5110,Clinical/Medical Laboratory Science/Research and Allied Professions.,138354,2,Public,3,65673.0,28.0,65285,26,68243.0,27.0,138354,University of West Florida,30.549076,-87.218511,41,12,0.5824,34583,0.6786062378,2,24,1
5115,Mental and Social Health Services and Allied Professions.,138354,2,Public,5,38917.0,62.0,53287,53,,,138354,University of West Florida,30.549076,-87.218511,41,12,0.5824,34583,0.6786062378,2,24,1
5122,Public Health.,138354,3,Public,5,67270.0,37.0,111363,32,145561.0,35.0,138354,University of West Florida,30.549076,-87.218511,41,12,0.5824,34583,0.6786062378,2,24,1
5138,"Registered Nursing, Nursing Administration, Nursing Research and Clinical Nursing.",138354,2,Public,3,73787.0,505.0,89346,493,79429.0,161.0,138354,University of West Florida,30.549076,-87.218511,41,12,0.5824,34583,0.6786062378,2,24,1
5138,"Registered Nursing, Nursing Administration, Nursing Research and Clinical Nursing.",138354,2,Public,5,103426.0,79.0,104818,52,,,138354,University of West Florida,30.549076,-87.218511,41,12,0.5824,34583,0.6786062378,2,24,1
5201,"Business/Commerce, General.",138354,2,Public,3,43325.0,19.0,67651,23,53294.0,17.0,138354,University of West Florida,30.549076,-87.218511,41,12,0.5824,34583,0.6786062378,2,24,1
5202,"Business Administration, Management and Operations.",138354,2,Public,3,51852.0,51.0,72805,32,64423.0,36.0,138354,University of West Florida,30.549076,-87.218511,41,12,0.5824,34583,0.6786062378,2,24,1
5202,"Business Administration, Management and Operations.",138354,2,Public,5,74044.0,129.0,87186,113,68305.0,56.0,138354,University of West Florida,30.549076,-87.218511,41,12,0.5824,34583,0.6786062378,2,24,1
5203,Accounting and Related Services.,138354,2,Public,3,44370.0,32.0,50908,30,58098.0,41.0,138354,University of West Florida,30.549076,-87.218511,41,12,0.5824,34583,0.6786062378,2,24,1
5203,Accounting and Related Services.,138354,2,Public,5,76055.0,22.0,90113,25,78531.0,19.0,138354,University of West Florida,30.549076,-87.218511,41,12,0.5824,34583,0.6786062378,2,24,1
5208,Finance and Financial Management Services.,138354,2,Public,3,39986.0,19.0,66463,19,61307.0,19.0,138354,University of West Florida,30.549076,-87.218511,41,12,0.5824,34583,0.6786062378,2,24,1
5209,Hospitality Administration/Management.,138354,2,Public,3,34656.0,21.0,38420,26,41233.0,56.0,138354,University of West Florida,30.549076,-87.218511,41,12,0.5824,34583,0.6786062378,2,24,1
5401,History.,138354,2,Public,3,27340.0,28.0,42219,24,41971.0,32.0,138354,University of West Florida,30.549076,-87.218511,41,12,0.5824,34583,0.6786062378,2,24,1
1205,Culinary Arts and Related Services.,138479,1,Public,1,15021.0,27.0,32805,33,20738.0,22.0,138479,William T McFatter Technical College,26.085022,-80.232201,21,-2,,16334,,1,26,1
4706,Vehicle Maintenance and Repair Technologies/Technicians.,138479,1,Public,1,29283.0,27.0,54608,20,,,138479,William T McFatter Technical College,26.085022,-80.232201,21,-2,,16334,,1,26,1
4805,Precision Metal Working.,138479,1,Public,1,,,42321,18,,,138479,William T McFatter Technical College,26.085022,-80.232201,21,-2,,16334,,1,26,1
5139,"Practical Nursing, Vocational Nursing and Nursing Assistants.",138479,1,Public,1,39101.0,31.0,56486,33,52325.0,57.0,138479,William T McFatter Technical College,26.085022,-80.232201,21,-2,,16334,,1,26,1
1204,Cosmetology and Related Personal Grooming Services.,138497,1,Public,1,11191.0,31.0,18935,27,,,138497,Withlacoochee Technical College,28.834861,-82.345563,23,-2,,17183,,1,28,1
1205,Culinary Arts and Related Services.,138497,1,Public,1,,,32046,17,,,138497,Withlacoochee Technical College,28.834861,-82.345563,23,-2,,17183,,1,28,1
1512,Computer Engineering Technologies/Technicians.,138497,1,Public,1,,,32374,24,,,138497,Withlacoochee Technical College,28.834861,-82.345563,23,-2,,17183,,1,28,1
4301,Criminal Justice and Corrections.,138497,1,Public,1,37788.0,18.0,52652,29,51889.0,22.0,138497,Withlacoochee Technical College,28.834861,-82.345563,23,-2,,17183,,1,28,1
4603,Electrical and Power Transmission Installers.,138497,1,Public,1,42897.0,17.0,56161,19,,,138497,Withlacoochee Technical College,28.834861,-82.345563,23,-2,,17183,,1,28,1
4706,Vehicle Maintenance and Repair Technologies/Technicians.,138497,1,Public,1,32263.0,22.0,38168,27,34371.0,20.0,138497,Withlacoochee Technical College,28.834861,-82.345563,23,-2,,17183,,1,28,1
4805,Precision Metal Working.,138497,1,Public,1,23156.0,28.0,45279,22,,,138497,Withlacoochee Technical College,28.834861,-82.345563,23,-2,,17183,,1,28,1
5107,Health and Medical Administrative Services.,138497,1,Public,1,,,29510,16,,,138497,Withlacoochee Technical College,28.834861,-82.345563,23,-2,,17183,,1,28,1
1204,Cosmetology and Related Personal Grooming Services.,186274,1,"Private, for-profit",1,15736.0,101.0,22529,109,22040.0,146.0,186274,Robert Fiance Beauty Schools,26.513629,-80.060233,21,-2,,13637,0.9236947791,1,25,1
0183,Veterinary/Animal Health Technologies/Technicians.,244233,2,"Private, for-profit",2,34693.0,55.0,43408,58,,,244233,City College-Hollywood,26.025173,-80.22004,21,6,1,14979,0.8729121278,2,29,1
5107,Health and Medical Administrative Services.,244233,2,"Private, for-profit",2,30432.0,40.0,37581,74,38694.0,35.0,244233,City College-Hollywood,26.025173,-80.22004,21,6,1,14979,0.8729121278,2,29,1
5107,Health and Medical Administrative Services.,244233,3,"Private, for-profit",3,34973.0,26.0,40534,39,39465.0,30.0,244233,City College-Hollywood,26.025173,-80.22004,21,6,1,14979,0.8729121278,2,29,1
5108,Allied Health and Medical Assisting Services.,244233,2,"Private, for-profit",2,29672.0,81.0,37828,91,33695.0,85.0,244233,City College-Hollywood,26.025173,-80.22004,21,6,1,14979,0.8729121278,2,29,1
5109,"Allied Health Diagnostic, Intervention, and Treatment Professions.",244233,2,"Private, for-profit",2,39470.0,75.0,51642,61,44513.0,49.0,244233,City College-Hollywood,26.025173,-80.22004,21,6,1,14979,0.8729121278,2,29,1
5202,"Business Administration, Management and Operations.",244233,3,"Private, for-profit",2,28077.0,40.0,39172,62,37550.0,49.0,244233,City College-Hollywood,26.025173,-80.22004,21,6,1,14979,0.8729121278,2,29,1
5202,"Business Administration, Management and Operations.",244233,1,"Private, for-profit",3,38802.0,32.0,49519,39,33112.0,36.0,244233,City College-Hollywood,26.025173,-80.22004,21,6,1,14979,0.8729121278,2,29,1
5106,Dental Support Services and Allied Professions.,244279,1,"Private, for-profit",1,31980.0,18.0,20278,20,,,244279,Meridian College,27.380724,-82.425309,13,1,,16256,0.8884615385,1,27,1
5107,Health and Medical Administrative Services.,244279,1,"Private, for-profit",1,32764.0,24.0,37829,18,31104.0,27.0,244279,Meridian College,27.380724,-82.425309,13,1,,16256,0.8884615385,1,27,1
5108,Allied Health and Medical Assisting Services.,244279,1,"Private, for-profit",1,26939.0,89.0,34911,73,31871.0,89.0,244279,Meridian College,27.380724,-82.425309,13,1,,16256,0.8884615385,1,27,1
5109,"Allied Health Diagnostic, Intervention, and Treatment Professions.",244279,1,"Private, for-profit",2,37886.0,38.0,46151,39,,,244279,Meridian College,27.380724,-82.425309,13,1,,16256,0.8884615385,1,27,1
5138,"Registered Nursing, Nursing Administration, Nursing Research and Clinical Nursing.",244279,0,"Private, for-profit",2,69241.0,67.0,85057,44,69737.0,55.0,244279,Meridian College,27.380724,-82.425309,13,1,,16256,0.8884615385,1,27,1
5139,"Practical Nursing, Vocational Nursing and Nursing Assistants.",244279,0,"Private, for-profit",1,54072.0,69.0,63036,40,44151.0,237.0,244279,Meridian College,27.380724,-82.425309,13,1,,16256,0.8884615385,1,27,1
2401,"Liberal Arts and Sciences, General Studies and Humanities.",262129,1,Public,3,20395.0,41.0,39137,81,42117.0,107.0,262129,New College of Florida,27.384925,-82.55858,13,8,0.732,44268,0.6169491525,2,20,1
3001,Biological and Physical Sciences.,262129,1,Public,3,32858.0,16.0,41759,46,,,262129,New College of Florida,27.384925,-82.55858,13,8,0.732,44268,0.6169491525,2,20,1
1204,Cosmetology and Related Personal Grooming Services.,362700,1,"Private, for-profit",1,18752.0,228.0,26859,249,23160.0,250.0,362700,Aveda Institute-Fort Myers,26.596006,-81.870312,13,-2,,16015,0.8937875752,1,28,1
5135,Somatic Bodywork and Related Therapeutic Services.,362700,1,"Private, for-profit",1,23316.0,53.0,32463,54,,,362700,Aveda Institute-Fort Myers,26.596006,-81.870312,13,-2,,16015,0.8937875752,1,28,1
1109,Computer Systems Networking and Telecommunications.,366553,1,"Private, for-profit",2,29632.0,18.0,44987,29,,,366553,Southern Technical College,26.596097,-81.877644,13,9,,19031,0.8379160637,1,29,1
5107,Health and Medical Administrative Services.,366553,0,"Private, for-profit",1,32981.0,26.0,37896,20,36584.0,34.0,366553,Southern Technical College,26.596097,-81.877644,13,9,,19031,0.8379160637,1,29,1
5108,Allied Health and Medical Assisting Services.,366553,1,"Private, for-profit",1,28045.0,297.0,32958,224,29532.0,37.0,366553,Southern Technical College,26.596097,-81.877644,13,9,,19031,0.8379160637,1,29,1
5108,Allied Health and Medical Assisting Services.,366553,1,"Private, for-profit",2,20501.0,16.0,34673,26,31768.0,86.0,366553,Southern Technical College,26.596097,-81.877644,13,9,,19031,0.8379160637,1,29,1
5109,"Allied Health Diagnostic, Intervention, and Treatment Professions.",366553,1,"Private, for-profit",2,42481.0,104.0,49650,102,45297.0,156.0,366553,Southern Technical College,26.596097,-81.877644,13,9,,19031,0.8379160637,1,29,1
5138,"Registered Nursing, Nursing Administration, Nursing Research and Clinical Nursing.",366553,1,"Private, for-profit",2,60183.0,109.0,85126,144,75515.0,42.0,366553,Southern Technical College,26.596097,-81.877644,13,9,,19031,0.8379160637,1,29,1
5202,"Business Administration, Management and Operations.",366553,2,"Private, for-profit",2,,,53458,18,41832.0,31.0,366553,Southern Technical College,26.596097,-81.877644,13,9,,19031,0.8379160637,1,29,1
5110,Clinical/Medical Laboratory Science/Research and Allied Professions.,367875,1,Public,1,37851.0,31.0,46188,31,,,367875,H W Brewster Technical College,27.96373,-82.461722,11,-2,,13152,,1,29,1
5139,"Practical Nursing, Vocational Nursing and Nursing Assistants.",367875,0,Public,1,39485.0,21.0,47939,16,,,367875,H W Brewster Technical College,27.96373,-82.461722,11,-2,,13152,,1,29,1
4706,Vehicle Maintenance and Repair Technologies/Technicians.,369400,1,"Private, for-profit",1,35784.0,2558.0,49381,2867,47333.0,3200.0,369400,Universal Technical Institute-Orlando,28.420257,-81.407041,21,3,,26362,0.7443059019,1,25,1
4706,Vehicle Maintenance and Repair Technologies/Technicians.,369400,1,"Private, for-profit",2,40213.0,818.0,56764,580,,,369400,Universal Technical Institute-Orlando,28.420257,-81.407041,21,3,,26362,0.7443059019,1,25,1
1204,Cosmetology and Related Personal Grooming Services.,369419,1,Public,1,19607.0,62.0,21335,25,,,369419,Erwin Technical College,27.997242,-82.435933,11,-2,,14686,,1,27,1
4603,Electrical and Power Transmission Installers.,369419,1,Public,1,,,36613,16,,,369419,Erwin Technical College,27.997242,-82.435933,11,-2,,14686,,1,27,1
4706,Vehicle Maintenance and Repair Technologies/Technicians.,369419,1,Public,1,29565.0,31.0,40842,22,44088.0,21.0,369419,Erwin Technical College,27.997242,-82.435933,11,-2,,14686,,1,27,1
5107,Health and Medical Administrative Services.,369419,1,Public,1,33313.0,18.0,42387,32,,,369419,Erwin Technical College,27.997242,-82.435933,11,-2,,14686,,1,27,1
5109,"Allied Health Diagnostic, Intervention, and Treatment Professions.",369419,1,Public,1,45024.0,26.0,54867,23,45691.0,29.0,369419,Erwin Technical College,27.997242,-82.435933,11,-2,,14686,,1,27,1
5110,Clinical/Medical Laboratory Science/Research and Allied Professions.,369419,1,Public,1,41375.0,30.0,58159,27,,,369419,Erwin Technical College,27.997242,-82.435933,11,-2,,14686,,1,27,1
5135,Somatic Bodywork and Related Therapeutic Services.,369419,1,Public,1,,,30153,18,,,369419,Erwin Technical College,27.997242,-82.435933,11,-2,,14686,,1,27,1
5139,"Practical Nursing, Vocational Nursing and Nursing Assistants.",369419,1,Public,1,42515.0,110.0,53121,109,54899.0,35.0,369419,Erwin Technical College,27.997242,-82.435933,11,-2,,14686,,1,27,1
5203,Accounting and Related Services.,369419,1,Public,1,,,34408,20,,,369419,Erwin Technical College,27.997242,-82.435933,11,-2,,14686,,1,27,1
1204,Cosmetology and Related Personal Grooming Services.,372462,1,"Private, for-profit",1,14988.0,61.0,19708,64,17744.0,44.0,372462,Academy of Cosmetology,28.394053,-80.70372,21,-2,,11620,0.9301075269,1,29,1
5135,Somatic Bodywork and Related Therapeutic Services.,372462,1,"Private, for-profit",1,19283.0,16.0,26306,16,,,372462,Academy of Cosmetology,28.394053,-80.70372,21,-2,,11620,0.9301075269,1,29,1
1204,Cosmetology and Related Personal Grooming Services.,378886,1,"Private, for-profit",1,18766.0,212.0,22422,153,22356.0,171.0,378886,Artistic Nails and Beauty Academy-Tampa,27.951358,-82.403486,11,-2,,13833,0.9406392694,1,28,1
4706,Vehicle Maintenance and Repair Technologies/Technicians.,378956,1,"Private, for-profit",1,48783.0,538.0,68718,543,65128.0,512.0,378956,National Aviation Academy of Tampa Bay,27.89484,-82.721372,21,-2,,21490,0.8369047619,1,27,1
1204,Cosmetology and Related Personal Grooming Services.,383163,1,"Private, for-profit",1,12087.0,118.0,16910,205,13837.0,199.0,383163,La Belle Beauty Academy,25.764817,-80.241978,11,-2,,0,,1,33,1
5135,Somatic Bodywork and Related Therapeutic Services.,383163,1,"Private, for-profit",1,12632.0,30.0,21218,33,,,383163,La Belle Beauty Academy,25.764817,-80.241978,11,-2,,0,,1,33,1
1204,Cosmetology and Related Personal Grooming Services.,385132,1,"Private, for-profit",1,18275.0,100.0,16637,62,20586.0,60.0,385132,The Salon Professional Academy-Melbourne,28.081445,-80.651439,13,-2,,13607,0.8571428571,1,26,1
0302,Environmental/Natural Resources Management and Policy.,385619,3,"Private, nonprofit",3,41859.0,26.0,61850,27,,,385619,Everglades University,26.391218,-80.108331,13,9,0.8145,22435,0.7852348993,2,33,1
4901,Air Transportation.,385619,3,"Private, nonprofit",3,53331.0,55.0,86730,74,73957.0,78.0,385619,Everglades University,26.391218,-80.108331,13,9,0.8145,22435,0.7852348993,2,33,1
4901,Air Transportation.,385619,3,"Private, nonprofit",5,53684.0,20.0,69589,26,95520.0,25.0,385619,Everglades University,26.391218,-80.108331,13,9,0.8145,22435,0.7852348993,2,33,1
5122,Public Health.,385619,3,"Private, nonprofit",5,33502.0,57.0,47518,54,,,385619,Everglades University,26.391218,-80.108331,13,9,0.8145,22435,0.7852348993,2,33,1
5133,Alternative and Complementary Medicine and Medical Systems.,385619,3,"Private, nonprofit",3,26847.0,136.0,36960,152,32686.0,146.0,385619,Everglades University,26.391218,-80.108331,13,9,0.8145,22435,0.7852348993,2,33,1
5202,"Business Administration, Management and Operations.",385619,3,"Private, nonprofit",5,58030.0,44.0,81771,44,62469.0,26.0,385619,Everglades University,26.391218,-80.108331,13,9,0.8145,22435,0.7852348993,2,33,1
5220,Construction Management.,385619,3,"Private, nonprofit",3,75042.0,108.0,90526,105,95485.0,62.0,385619,Everglades University,26.391218,-80.108331,13,9,0.8145,22435,0.7852348993,2,33,1
1102,Computer Programming.,386472,3,"Private, nonprofit",3,50242.0,28.0,78404,23,82894.0,40.0,386472,Herzing University-Orlando,28.615784,-81.312669,21,6,0.942,18321,0.8203449578,2,31,1
1109,Computer Systems Networking and Telecommunications.,386472,3,"Private, nonprofit",2,43901.0,30.0,55935,54,50860.0,46.0,386472,Herzing University-Orlando,28.615784,-81.312669,21,6,0.942,18321,0.8203449578,2,31,1
1110,Computer/Information Technology Administration and Management.,386472,3,"Private, nonprofit",3,57229.0,53.0,70624,53,70181.0,53.0,386472,Herzing University-Orlando,28.615784,-81.312669,21,6,0.942,18321,0.8203449578,2,31,1
2203,Legal Support Services.,386472,3,"Private, nonprofit",2,39952.0,29.0,45714,32,40021.0,34.0,386472,Herzing University-Orlando,28.615784,-81.312669,21,6,0.942,18321,0.8203449578,2,31,1
4301,Criminal Justice and Corrections.,386472,3,"Private, nonprofit",2,,,54084,42,59370.0,31.0,386472,Herzing University-Orlando,28.615784,-81.312669,21,6,0.942,18321,0.8203449578,2,31,1
4301,Criminal Justice and Corrections.,386472,3,"Private, nonprofit",3,67229.0,73.0,69601,100,63953.0,75.0,386472,Herzing University-Orlando,28.615784,-81.312669,21,6,0.942,18321,0.8203449578,2,31,1
5107,Health and Medical Administrative Services.,386472,3,"Private, nonprofit",1,27871.0,143.0,37853,197,32536.0,322.0,386472,Herzing University-Orlando,28.615784,-81.312669,21,6,0.942,18321,0.8203449578,2,31,1
5107,Health and Medical Administrative Services.,386472,3,"Private, nonprofit",2,30821.0,292.0,38352,387,34623.0,340.0,386472,Herzing University-Orlando,28.615784,-81.312669,21,6,0.942,18321,0.8203449578,2,31,1
5107,Health and Medical Administrative Services.,386472,3,"Private, nonprofit",3,39231.0,100.0,51098,129,51340.0,157.0,386472,Herzing University-Orlando,28.615784,-81.312669,21,6,0.942,18321,0.8203449578,2,31,1
5108,Allied Health and Medical Assisting Services.,386472,3,"Private, nonprofit",1,30106.0,137.0,36188,136,33717.0,89.0,386472,Herzing University-Orlando,28.615784,-81.312669,21,6,0.942,18321,0.8203449578,2,31,1
5108,Allied Health and Medical Assisting Services.,386472,1,"Private, nonprofit",2,34039.0,164.0,44890,157,38011.0,199.0,386472,Herzing University-Orlando,28.615784,-81.312669,21,6,0.942,18321,0.8203449578,2,31,1
5109,"Allied Health Diagnostic, Intervention, and Treatment Professions.",386472,1,"Private, nonprofit",2,43769.0,93.0,57768,102,47173.0,69.0,386472,Herzing University-Orlando,28.615784,-81.312669,21,6,0.942,18321,0.8203449578,2,31,1
5138,"Registered Nursing, Nursing Administration, Nursing Research and Clinical Nursing.",386472,1,"Private, nonprofit",2,73342.0,309.0,86632,322,76115.0,276.0,386472,Herzing University-Orlando,28.615784,-81.312669,21,6,0.942,18321,0.8203449578,2,31,1
5138,"Registered Nursing, Nursing Administration, Nursing Research and Clinical Nursing.",386472,1,"Private, nonprofit",3,75774.0,543.0,91010,440,81525.0,193.0,386472,Herzing University-Orlando,28.615784,-81.312669,21,6,0.942,18321,0.8203449578,2,31,1
5139,"Practical Nursing, Vocational Nursing and Nursing Assistants.",386472,1,"Private, nonprofit",1,47310.0,115.0,71753,79,67146.0,51.0,386472,Herzing University-Orlando,28.615784,-81.312669,21,6,0.942,18321,0.8203449578,2,31,1
5202,"Business Administration, Management and Operations.",386472,3,"Private, nonprofit",2,30536.0,40.0,32081,46,39668.0,77.0,386472,Herzing University-Orlando,28.615784,-81.312669,21,6,0.942,18321,0.8203449578,2,31,1
5202,"Business Administration, Management and Operations.",386472,3,"Private, nonprofit",3,52469.0,130.0,66379,140,65935.0,160.0,386472,Herzing University-Orlando,28.615784,-81.312669,21,6,0.942,18321,0.8203449578,2,31,1
5202,"Business Administration, Management and Operations.",386472,3,"Private, nonprofit",5,54065.0,190.0,70854,218,54354.0,178.0,386472,Herzing University-Orlando,28.615784,-81.312669,21,6,0.942,18321,0.8203449578,2,31,1
5203,Accounting and Related Services.,386472,3,"Private, nonprofit",1,31620.0,19.0,32931,30,31508.0,46.0,386472,Herzing University-Orlando,28.615784,-81.312669,21,6,0.942,18321,0.8203449578,2,31,1
5203,Accounting and Related Services.,386472,3,"Private, nonprofit",2,,,45333,17,44236.0,28.0,386472,Herzing University-Orlando,28.615784,-81.312669,21,6,0.942,18321,0.8203449578,2,31,1
5203,Accounting and Related Services.,386472,3,"Private, nonprofit",3,49538.0,16.0,54345,20,63013.0,44.0,386472,Herzing University-Orlando,28.615784,-81.312669,21,6,0.942,18321,0.8203449578,2,31,1
1204,Cosmetology and Related Personal Grooming Services.,387925,1,"Private, for-profit",1,21856.0,232.0,31545,303,26665.0,139.0,387925,Cortiva Institute,26.275351,-80.150541,13,-2,,17597,0.7702589808,1,29,1
5135,Somatic Bodywork and Related Therapeutic Services.,387925,1,"Private, for-profit",1,22969.0,258.0,30699,293,25580.0,246.0,387925,Cortiva Institute,26.275351,-80.150541,13,-2,,17597,0.7702589808,1,29,1
5138,"Registered Nursing, Nursing Administration, Nursing Research and Clinical Nursing.",406024,1,"Private, for-profit",2,68114.0,1711.0,80988,1897,78480.0,1026.0,406024,Galen College of Nursing-Tampa Bay,27.865391,-82.648151,11,2,,32673,0.6627957932,1,30,1
5138,"Registered Nursing, Nursing Administration, Nursing Research and Clinical Nursing.",406024,1,"Private, for-profit",3,76234.0,607.0,91862,463,89101.0,39.0,406024,Galen College of Nursing-Tampa Bay,27.865391,-82.648151,11,2,,32673,0.6627957932,1,30,1
5139,"Practical Nursing, Vocational Nursing and Nursing Assistants.",406024,1,"Private, for-profit",1,46830.0,375.0,64240,565,56593.0,371.0,406024,Galen College of Nursing-Tampa Bay,27.865391,-82.648151,11,2,,32673,0.6627957932,1,30,1
5135,Somatic Bodywork and Related Therapeutic Services.,406149,1,"Private, for-profit",1,21270.0,93.0,29432,94,26193.0,65.0,406149,Sarasota School of Massage Therapy,27.389606,-82.485901,21,-2,,17000,0.7696335079,1,33,1
1110,Computer/Information Technology Administration and Management.,408844,3,"Private, for-profit",2,,,58473,17,,,408844,Florida National University-Main Campus,25.86178,-80.321846,21,9,,13365,0.8321821438,1,29,1
2301,"English Language and Literature, General.",408844,0,"Private, for-profit",1,21930.0,158.0,21826,287,33341.0,56.0,408844,Florida National University-Main Campus,25.86178,-80.321846,21,9,,13365,0.8321821438,1,29,1
2401,"Liberal Arts and Sciences, General Studies and Humanities.",408844,0,"Private, for-profit",2,,,39258,32,51335.0,19.0,408844,Florida National University-Main Campus,25.86178,-80.321846,21,9,,13365,0.8321821438,1,29,1
5100,"Health Services/Allied Health/Health Sciences, General.",408844,3,"Private, for-profit",1,,,34569,18,38950.0,17.0,408844,Florida National University-Main Campus,25.86178,-80.321846,21,9,,13365,0.8321821438,1,29,1
5106,Dental Support Services and Allied Professions.,408844,1,"Private, for-profit",1,20203.0,127.0,28073,180,26215.0,138.0,408844,Florida National University-Main Campus,25.86178,-80.321846,21,9,,13365,0.8321821438,1,29,1
5107,Health and Medical Administrative Services.,408844,3,"Private, for-profit",1,34090.0,30.0,35489,42,,,408844,Florida National University-Main Campus,25.86178,-80.321846,21,9,,13365,0.8321821438,1,29,1
5109,"Allied Health Diagnostic, Intervention, and Treatment Professions.",408844,1,"Private, for-profit",2,50747.0,70.0,57086,62,,,408844,Florida National University-Main Campus,25.86178,-80.321846,21,9,,13365,0.8321821438,1,29,1
5110,Clinical/Medical Laboratory Science/Research and Allied Professions.,408844,0,"Private, for-profit",1,26579.0,31.0,34287,39,,,408844,Florida National University-Main Campus,25.86178,-80.321846,21,9,,13365,0.8321821438,1,29,1
5111,Health/Medical Preparatory Programs.,408844,0,"Private, for-profit",99,,,93499,28,,,408844,Florida National University-Main Campus,25.86178,-80.321846,21,9,,13365,0.8321821438,1,29,1
5122,Public Health.,408844,3,"Private, for-profit",2,37183.0,39.0,45001,61,38246.0,52.0,408844,Florida National University-Main Campus,25.86178,-80.321846,21,9,,13365,0.8321821438,1,29,1
5122,Public Health.,408844,3,"Private, for-profit",3,38685.0,33.0,51212,45,47557.0,35.0,408844,Florida National University-Main Campus,25.86178,-80.321846,21,9,,13365,0.8321821438,1,29,1
5122,Public Health.,408844,3,"Private, for-profit",5,52165.0,19.0,64291,22,,,408844,Florida National University-Main Campus,25.86178,-80.321846,21,9,,13365,0.8321821438,1,29,1
5138,"Registered Nursing, Nursing Administration, Nursing Research and Clinical Nursing.",408844,1,"Private, for-profit",2,55924.0,88.0,79441,99,72833.0,82.0,408844,Florida National University-Main Campus,25.86178,-80.321846,21,9,,13365,0.8321821438,1,29,1
5138,"Registered Nursing, Nursing Administration, Nursing Research and Clinical Nursing.",408844,2,"Private, for-profit",3,70042.0,184.0,86826,188,91684.0,81.0,408844,Florida National University-Main Campus,25.86178,-80.321846,21,9,,13365,0.8321821438,1,29,1
5138,"Registered Nursing, Nursing Administration, Nursing Research and Clinical Nursing.",408844,3,"Private, for-profit",5,92816.0,110.0,101834,41,,,408844,Florida National University-Main Campus,25.86178,-80.321846,21,9,,13365,0.8321821438,1,29,1
5202,"Business Administration, Management and Operations.",408844,3,"Private, for-profit",3,47874.0,24.0,57468,24,56936.0,32.0,408844,Florida National University-Main Campus,25.86178,-80.321846,21,9,,13365,0.8321821438,1,29,1
5202,"Business Administration, Management and Operations.",408844,3,"Private, for-profit",5,49749.0,18.0,68396,25,76415.0,22.0,408844,Florida National University-Main Campus,25.86178,-80.321846,21,9,,13365,0.8321821438,1,29,1
5203,Accounting and Related Services.,408844,3,"Private, for-profit",2,41019.0,21.0,33134,39,33900.0,19.0,408844,Florida National University-Main Campus,25.86178,-80.321846,21,9,,13365,0.8321821438,1,29,1
5203,Accounting and Related Services.,408844,3,"Private, for-profit",3,40526.0,32.0,63661,27,52878.0,22.0,408844,Florida National University-Main Campus,25.86178,-80.321846,21,9,,13365,0.8321821438,1,29,1
5299,"Business, Management, Marketing, and Related Support Services, Other.",408844,3,"Private, for-profit",2,,,56422,22,52254.0,37.0,408844,Florida National University-Main Campus,25.86178,-80.321846,21,9,,13365,0.8321821438,1,29,1
1204,Cosmetology and Related Personal Grooming Services.,409032,1,"Private, for-profit",1,,,17598,194,13987.0,284.0,409032,Nouvelle Institute,25.779494,-80.249645,11,-2,,0,,1,34,1
5138,"Registered Nursing, Nursing Administration, Nursing Research and Clinical Nursing.",412173,1,"Private, nonprofit",2,73498.0,53.0,84160,40,89389.0,38.0,412173,Academy for Nursing and Health Occupations,26.70653,-80.121497,21,2,,19834,0.8296703297,1,31,1
5139,"Practical Nursing, Vocational Nursing and Nursing Assistants.",412173,1,"Private, nonprofit",1,45480.0,68.0,42051,76,48969.0,30.0,412173,Academy for Nursing and Health Occupations,26.70653,-80.121497,21,2,,19834,0.8296703297,1,31,1
2203,Legal Support Services.,417327,1,"Private, for-profit",2,,,42938,17,37700.0,25.0,417327,City College-Altamonte Springs,28.663604,-81.402219,21,1,1,14982,0.8646864686,2,31,1
5107,Health and Medical Administrative Services.,417327,1,"Private, for-profit",2,,,37684,17,,,417327,City College-Altamonte Springs,28.663604,-81.402219,21,1,1,14982,0.8646864686,2,31,1
5108,Allied Health and Medical Assisting Services.,417327,1,"Private, for-profit",2,26189.0,21.0,39511,30,40922.0,31.0,417327,City College-Altamonte Springs,28.663604,-81.402219,21,1,1,14982,0.8646864686,2,31,1
5109,"Allied Health Diagnostic, Intervention, and Treatment Professions.",417327,1,"Private, for-profit",2,40001.0,20.0,50943,20,46358.0,23.0,417327,City College-Altamonte Springs,28.663604,-81.402219,21,1,1,14982,0.8646864686,2,31,1
5202,"Business Administration, Management and Operations.",417327,1,"Private, for-profit",2,,,31465,19,,,417327,City College-Altamonte Springs,28.663604,-81.402219,21,1,1,14982,0.8646864686,2,31,1
5139,"Practical Nursing, Vocational Nursing and Nursing Assistants.",419217,1,"Private, for-profit",1,31784.0,52.0,68693,38,55661.0,29.0,419217,HCA Florida Mercy Hospital School of Practical Nursing,25.740254,-80.213971,11,-2,1,23406,,2,27,1
1204,Cosmetology and Related Personal Grooming Services.,419226,1,Public,1,18663.0,67.0,27464,49,23585.0,28.0,419226,Marion Technical College,29.178271,-82.147877,13,-2,,16708,,1,28,1
1512,Computer Engineering Technologies/Technicians.,419226,1,Public,1,19196.0,24.0,41383,20,37153.0,16.0,419226,Marion Technical College,29.178271,-82.147877,13,-2,,16708,,1,28,1
4302,Fire Protection.,419226,1,Public,1,37678.0,35.0,58401,26,,,419226,Marion Technical College,29.178271,-82.147877,13,-2,,16708,,1,28,1
4805,Precision Metal Working.,419226,1,Public,1,38846.0,37.0,35952,37,34873.0,29.0,419226,Marion Technical College,29.178271,-82.147877,13,-2,,16708,,1,28,1
5107,Health and Medical Administrative Services.,419226,1,Public,1,,,29342,16,30148.0,21.0,419226,Marion Technical College,29.178271,-82.147877,13,-2,,16708,,1,28,1
5108,Allied Health and Medical Assisting Services.,419226,1,Public,1,27238.0,27.0,32403,33,35168.0,51.0,419226,Marion Technical College,29.178271,-82.147877,13,-2,,16708,,1,28,1
5109,"Allied Health Diagnostic, Intervention, and Treatment Professions.",419226,1,Public,1,48966.0,16.0,55030,20,60160.0,28.0,419226,Marion Technical College,29.178271,-82.147877,13,-2,,16708,,1,28,1
5139,"Practical Nursing, Vocational Nursing and Nursing Assistants.",419226,1,Public,1,42436.0,57.0,54908,40,47856.0,46.0,419226,Marion Technical College,29.178271,-82.147877,13,-2,,16708,,1,28,1
5106,Dental Support Services and Allied Professions.,423120,1,"Private, for-profit",1,22750.0,107.0,27004,119,23733.0,255.0,423120,Compu-Med Vocational Careers Corp,25.848446,-80.306915,21,-2,,0,,1,33,1
5108,Allied Health and Medical Assisting Services.,423120,1,"Private, for-profit",1,17304.0,57.0,28753,75,20792.0,98.0,423120,Compu-Med Vocational Careers Corp,25.848446,-80.306915,21,-2,,0,,1,33,1
5139,"Practical Nursing, Vocational Nursing and Nursing Assistants.",423120,1,"Private, for-profit",1,,,28711,39,19634.0,80.0,423120,Compu-Med Vocational Careers Corp,25.848446,-80.306915,21,-2,,0,,1,33,1
1402,"Aerospace, Aeronautical, and Astronautical/Space Engineering.",426314,3,"Private, nonprofit",3,75483.0,339.0,95552,286,97915.0,216.0,426314,Embry-Riddle Aeronautical University-Worldwide,29.189903,-81.048367,13,12,0.5791,38662,0.6700304341,2,25,2
1402,"Aerospace, Aeronautical, and Astronautical/Space Engineering.",426314,3,"Private, nonprofit",5,,,121654,19,98901.0,24.0,426314,Embry-Riddle Aeronautical University-Worldwide,29.189903,-81.048367,13,12,0.5791,38662,0.6700304341,2,25,2
1427,Systems Engineering.,426314,3,"Private, nonprofit",5,115154.0,121.0,125093,88,167828.0,18.0,426314,Embry-Riddle Aeronautical University-Worldwide,29.189903,-81.048367,13,12,0.5791,38662,0.6700304341,2,25,2
1507,Quality Control and Safety Technologies/Technicians.,426314,3,"Private, nonprofit",5,74063.0,31.0,94965,31,100926.0,16.0,426314,Embry-Riddle Aeronautical University-Worldwide,29.189903,-81.048367,13,12,0.5791,38662,0.6700304341,2,25,2
4228,"Clinical, Counseling and Applied Psychology.",426314,3,"Private, nonprofit",5,79874.0,43.0,109268,32,,,426314,Embry-Riddle Aeronautical University-Worldwide,29.189903,-81.048367,13,12,0.5791,38662,0.6700304341,2,25,2
4303,Homeland Security.,426314,3,"Private, nonprofit",3,48676.0,61.0,71014,74,71085.0,48.0,426314,Embry-Riddle Aeronautical University-Worldwide,29.189903,-81.048367,13,12,0.5791,38662,0.6700304341,2,25,2
4304,Security Science and Technology.,426314,3,"Private, nonprofit",5,94550.0,24.0,145240,16,,,426314,Embry-Riddle Aeronautical University-Worldwide,29.189903,-81.048367,13,12,0.5791,38662,0.6700304341,2,25,2
4706,Vehicle Maintenance and Repair Technologies/Technicians.,426314,3,"Private, nonprofit",2,76663.0,38.0,83749,47,85087.0,61.0,426314,Embry-Riddle Aeronautical University-Worldwide,29.189903,-81.048367,13,12,0.5791,38662,0.6700304341,2,25,2
4706,Vehicle Maintenance and Repair Technologies/Technicians.,426314,3,"Private, nonprofit",3,81436.0,67.0,87797,85,89361.0,94.0,426314,Embry-Riddle Aeronautical University-Worldwide,29.189903,-81.048367,13,12,0.5791,38662,0.6700304341,2,25,2
4901,Air Transportation.,426314,3,"Private, nonprofit",2,66957.0,140.0,83343,208,84472.0,66.0,426314,Embry-Riddle Aeronautical University-Worldwide,29.189903,-81.048367,13,12,0.5791,38662,0.6700304341,2,25,2
4901,Air Transportation.,426314,3,"Private, nonprofit",3,54827.0,1094.0,90495,1152,83811.0,688.0,426314,Embry-Riddle Aeronautical University-Worldwide,29.189903,-81.048367,13,12,0.5791,38662,0.6700304341,2,25,2
4901,Air Transportation.,426314,3,"Private, nonprofit",5,91764.0,387.0,113161,375,105418.0,244.0,426314,Embry-Riddle Aeronautical University-Worldwide,29.189903,-81.048367,13,12,0.5791,38662,0.6700304341,2,25,2
5202,"Business Administration, Management and Operations.",426314,3,"Private, nonprofit",2,74402.0,44.0,85869,64,76557.0,31.0,426314,Embry-Riddle Aeronautical University-Worldwide,29.189903,-81.048367,13,12,0.5791,38662,0.6700304341,2,25,2
5202,"Business Administration, Management and Operations.",426314,3,"Private, nonprofit",3,66999.0,426.0,83749,455,85780.0,224.0,426314,Embry-Riddle Aeronautical University-Worldwide,29.189903,-81.048367,13,12,0.5791,38662,0.6700304341,2,25,2
5202,"Business Administration, Management and Operations.",426314,3,"Private, nonprofit",5,86536.0,397.0,110336,435,105981.0,176.0,426314,Embry-Riddle Aeronautical University-Worldwide,29.189903,-81.048367,13,12,0.5791,38662,0.6700304341,2,25,2
5212,Management Information Systems and Services.,426314,3,"Private, nonprofit",5,78444.0,45.0,103032,41,,,426314,Embry-Riddle Aeronautical University-Worldwide,29.189903,-81.048367,13,12,0.5791,38662,0.6700304341,2,25,2
4301,Criminal Justice and Corrections.,427991,1,Public,1,53164.0,27.0,59911,35,57245.0,28.0,427991,Osceola Technical College,28.298648,-81.349696,21,-2,,17889,,1,26,1
4702,"Heating, Air Conditioning, Ventilation and Refrigeration Maintenance Technology/Technician (HAC, HACR, HVAC, HVACR).",427991,1,Public,1,,,45353,19,,,427991,Osceola Technical College,28.298648,-81.349696,21,-2,,17889,,1,26,1
4706,Vehicle Maintenance and Repair Technologies/Technicians.,427991,1,Public,1,29447.0,27.0,50433,25,,,427991,Osceola Technical College,28.298648,-81.349696,21,-2,,17889,,1,26,1
5108,Allied Health and Medical Assisting Services.,427991,1,Public,1,22983.0,50.0,31234,58,31848.0,50.0,427991,Osceola Technical College,28.298648,-81.349696,21,-2,,17889,,1,26,1
5004,Design and Applied Arts.,428000,1,"Private, for-profit",1,56833.0,85.0,90812,92,72830.0,43.0,428000,Miami Ad School,25.808818,-80.190728,11,-2,,24014,0.1920529801,1,26,1
5108,Allied Health and Medical Assisting Services.,428170,1,"Private, for-profit",1,24913.0,160.0,33988,207,28813.0,132.0,428170,Southeastern College-West Palm Beach,26.702216,-80.085966,21,1,0.8704,16491,0.8390022676,2,31,1
5108,Allied Health and Medical Assisting Services.,428170,1,"Private, for-profit",2,28666.0,31.0,38053,30,33011.0,97.0,428170,Southeastern College-West Palm Beach,26.702216,-80.085966,21,1,0.8704,16491,0.8390022676,2,31,1
5109,"Allied Health Diagnostic, Intervention, and Treatment Professions.",428170,1,"Private, for-profit",2,46288.0,80.0,63030,81,45578.0,119.0,428170,Southeastern College-West Palm Beach,26.702216,-80.085966,21,1,0.8704,16491,0.8390022676,2,31,1
5135,Somatic Bodywork and Related Therapeutic Services.,428170,1,"Private, for-profit",1,20945.0,37.0,31790,42,24627.0,31.0,428170,Southeastern College-West Palm Beach,26.702216,-80.085966,21,1,0.8704,16491,0.8390022676,2,31,1
5138,"Registered Nursing, Nursing Administration, Nursing Research and Clinical Nursing.",428170,1,"Private, for-profit",2,67608.0,53.0,82415,63,74917.0,72.0,428170,Southeastern College-West Palm Beach,26.702216,-80.085966,21,1,0.8704,16491,0.8390022676,2,31,1
5139,"Practical Nursing, Vocational Nursing and Nursing Assistants.",428170,1,"Private, for-profit",1,42965.0,44.0,58033,52,49249.0,71.0,428170,Southeastern College-West Palm Beach,26.702216,-80.085966,21,1,0.8704,16491,0.8390022676,2,31,1
5106,Dental Support Services and Allied Professions.,430582,0,"Private, for-profit",1,18121.0,99.0,30488,138,,,430582,Praxis Institute,25.756567,-80.36778,21,-2,,4823,0.9303178484,1,34,1
5108,Allied Health and Medical Assisting Services.,430582,0,"Private, for-profit",1,22717.0,116.0,34137,154,,,430582,Praxis Institute,25.756567,-80.36778,21,-2,,4823,0.9303178484,1,34,1
5108,Allied Health and Medical Assisting Services.,430582,0,"Private, for-profit",2,19451.0,32.0,18549,35,,,430582,Praxis Institute,25.756567,-80.36778,21,-2,,4823,0.9303178484,1,34,1
5135,Somatic Bodywork and Related Therapeutic Services.,430582,1,"Private, for-profit",1,21968.0,201.0,27609,229,22281.0,103.0,430582,Praxis Institute,25.756567,-80.36778,21,-2,,4823,0.9303178484,1,34,1
1204,Cosmetology and Related Personal Grooming Services.,431558,1,Public,1,16881.0,30.0,32474,31,,,431558,Cape Coral Technical College,26.658582,-81.976156,12,-2,,16369,,1,27,1
5107,Health and Medical Administrative Services.,431558,1,Public,1,32181.0,24.0,40600,31,28791.0,18.0,431558,Cape Coral Technical College,26.658582,-81.976156,12,-2,,16369,,1,27,1
5108,Allied Health and Medical Assisting Services.,431558,1,Public,1,27807.0,19.0,35134,30,,,431558,Cape Coral Technical College,26.658582,-81.976156,12,-2,,16369,,1,27,1
5139,"Practical Nursing, Vocational Nursing and Nursing Assistants.",431558,1,Public,1,,,52046,18,,,431558,Cape Coral Technical College,26.658582,-81.976156,12,-2,,16369,,1,27,1
1204,Cosmetology and Related Personal Grooming Services.,433068,1,Public,1,20030.0,42.0,25456,32,22208.0,35.0,433068,Okaloosa Technical College,30.46866,-86.614844,13,-2,,18421,,1,28,1
4702,"Heating, Air Conditioning, Ventilation and Refrigeration Maintenance Technology/Technician (HAC, HACR, HVAC, HVACR).",433068,0,Public,1,,,40362,22,,,433068,Okaloosa Technical College,30.46866,-86.614844,13,-2,,18421,,1,28,1
4706,Vehicle Maintenance and Repair Technologies/Technicians.,433068,1,Public,1,29858.0,17.0,39068,18,,,433068,Okaloosa Technical College,30.46866,-86.614844,13,-2,,18421,,1,28,1
5139,"Practical Nursing, Vocational Nursing and Nursing Assistants.",433068,1,Public,1,40895.0,37.0,45837,40,50413.0,25.0,433068,Okaloosa Technical College,30.46866,-86.614844,13,-2,,18421,,1,28,1
0301,Natural Resources Conservation and Research.,433660,1,Public,3,34875.0,60.0,51265,60,42044.0,35.0,433660,Florida Gulf Coast University,26.463638,-81.7726,21,16,0.6344,43546,0.5981697171,2,21,1
0301,Natural Resources Conservation and Research.,433660,1,Public,5,53466.0,20.0,66340,22,,,433660,Florida Gulf Coast University,26.463638,-81.7726,21,16,0.6344,43546,0.5981697171,2,21,1
0302,Environmental/Natural Resources Management and Policy.,433660,1,Public,3,30818.0,40.0,48942,34,35067.0,21.0,433660,Florida Gulf Coast University,26.463638,-81.7726,21,16,0.6344,43546,0.5981697171,2,21,1
0901,Communication and Media Studies.,433660,1,Public,3,39342.0,206.0,56455,242,52016.0,201.0,433660,Florida Gulf Coast University,26.463638,-81.7726,21,16,0.6344,43546,0.5981697171,2,21,1
0907,"Radio, Television, and Digital Communication.",433660,1,Public,3,30437.0,26.0,43420,29,49816.0,19.0,433660,Florida Gulf Coast University,26.463638,-81.7726,21,16,0.6344,43546,0.5981697171,2,21,1
1301,"Education, General.",433660,1,Public,3,38392.0,47.0,55116,51,38358.0,28.0,433660,Florida Gulf Coast University,26.463638,-81.7726,21,16,0.6344,43546,0.5981697171,2,21,1
1303,Curriculum and Instruction.,433660,3,Public,5,58763.0,16.0,61774,19,51602.0,17.0,433660,Florida Gulf Coast University,26.463638,-81.7726,21,16,0.6344,43546,0.5981697171,2,21,1
1304,Educational Administration and Supervision.,433660,3,Public,5,65305.0,17.0,73910,20,,,433660,Florida Gulf Coast University,26.463638,-81.7726,21,16,0.6344,43546,0.5981697171,2,21,1
1310,Special Education and Teaching.,433660,1,Public,3,46866.0,18.0,56467,24,55014.0,30.0,433660,Florida Gulf Coast University,26.463638,-81.7726,21,16,0.6344,43546,0.5981697171,2,21,1
1311,Student Counseling and Personnel Services.,433660,1,Public,5,50427.0,51.0,67595,43,60124.0,24.0,433660,Florida Gulf Coast University,26.463638,-81.7726,21,16,0.6344,43546,0.5981697171,2,21,1
1312,"Teacher Education and Professional Development, Specific Levels and Methods.",433660,1,Public,3,50951.0,109.0,58115,112,52178.0,125.0,433660,Florida Gulf Coast University,26.463638,-81.7726,21,16,0.6344,43546,0.5981697171,2,21,1
1405,Biomedical/Medical Engineering.,433660,1,Public,3,62972.0,26.0,91676,25,86835.0,28.0,433660,Florida Gulf Coast University,26.463638,-81.7726,21,16,0.6344,43546,0.5981697171,2,21,1
1408,Civil Engineering.,433660,1,Public,3,64411.0,67.0,84451,58,80720.0,63.0,433660,Florida Gulf Coast University,26.463638,-81.7726,21,16,0.6344,43546,0.5981697171,2,21,1
1409,Computer Engineering.,433660,1,Public,3,60746.0,66.0,98650,72,112607.0,30.0,433660,Florida Gulf Coast University,26.463638,-81.7726,21,16,0.6344,43546,0.5981697171,2,21,1
1414,Environmental/Environmental Health Engineering.,433660,1,Public,3,60797.0,25.0,78238,29,79256.0,18.0,433660,Florida Gulf Coast University,26.463638,-81.7726,21,16,0.6344,43546,0.5981697171,2,21,1
2203,Legal Support Services.,433660,1,Public,3,39824.0,63.0,56695,87,55628.0,68.0,433660,Florida Gulf Coast University,26.463638,-81.7726,21,16,0.6344,43546,0.5981697171,2,21,1
2301,"English Language and Literature, General.",433660,1,Public,3,27097.0,46.0,45842,56,48650.0,42.0,433660,Florida Gulf Coast University,26.463638,-81.7726,21,16,0.6344,43546,0.5981697171,2,21,1
2601,"Biology, General.",433660,1,Public,3,29635.0,101.0,53352,66,50861.0,98.0,433660,Florida Gulf Coast University,26.463638,-81.7726,21,16,0.6344,43546,0.5981697171,2,21,1
3000,"Multi-/Interdisciplinary Studies, General.",433660,1,Public,3,34328.0,207.0,48879,137,,,433660,Florida Gulf Coast University,26.463638,-81.7726,21,16,0.6344,43546,0.5981697171,2,21,1
3105,"Sports, Kinesiology, and Physical Education/Fitness.",433660,1,Public,3,36002.0,35.0,58179,32,47299.0,24.0,433660,Florida Gulf Coast University,26.463638,-81.7726,21,16,0.6344,43546,0.5981697171,2,21,1
4201,"Psychology, General.",433660,1,Public,3,30367.0,150.0,52722,200,49829.0,149.0,433660,Florida Gulf Coast University,26.463638,-81.7726,21,16,0.6344,43546,0.5981697171,2,21,1
4301,Criminal Justice and Corrections.,433660,1,Public,3,40079.0,91.0,54215,152,53216.0,122.0,433660,Florida Gulf Coast University,26.463638,-81.7726,21,16,0.6344,43546,0.5981697171,2,21,1
4304,Security Science and Technology.,433660,1,Public,3,28173.0,28.0,52096,66,49340.0,34.0,433660,Florida Gulf Coast University,26.463638,-81.7726,21,16,0.6344,43546,0.5981697171,2,21,1
4404,Public Administration.,433660,3,Public,5,54883.0,31.0,85052,20,69610.0,24.0,433660,Florida Gulf Coast University,26.463638,-81.7726,21,16,0.6344,43546,0.5981697171,2,21,1
4407,Social Work.,433660,1,Public,3,36407.0,39.0,53707,66,52485.0,40.0,433660,Florida Gulf Coast University,26.463638,-81.7726,21,16,0.6344,43546,0.5981697171,2,21,1
4407,Social Work.,433660,1,Public,5,54803.0,37.0,61073,34,52802.0,24.0,433660,Florida Gulf Coast University,26.463638,-81.7726,21,16,0.6344,43546,0.5981697171,2,21,1
4510,Political Science and Government.,433660,1,Public,3,35578.0,33.0,54824,47,66600.0,48.0,433660,Florida Gulf Coast University,26.463638,-81.7726,21,16,0.6344,43546,0.5981697171,2,21,1
4511,Sociology.,433660,1,Public,3,,,50136,16,47328.0,20.0,433660,Florida Gulf Coast University,26.463638,-81.7726,21,16,0.6344,43546,0.5981697171,2,21,1
5007,Fine and Studio Arts.,433660,1,Public,3,22967.0,40.0,43271,33,44275.0,29.0,433660,Florida Gulf Coast University,26.463638,-81.7726,21,16,0.6344,43546,0.5981697171,2,21,1
5100,"Health Services/Allied Health/Health Sciences, General.",433660,1,Public,3,33871.0,111.0,54006,163,53523.0,56.0,433660,Florida Gulf Coast University,26.463638,-81.7726,21,16,0.6344,43546,0.5981697171,2,21,1
5110,Clinical/Medical Laboratory Science/Research and Allied Professions.,433660,1,Public,3,58048.0,16.0,67069,16,,,433660,Florida Gulf Coast University,26.463638,-81.7726,21,16,0.6344,43546,0.5981697171,2,21,1
5122,Public Health.,433660,1,Public,3,35724.0,66.0,58119,81,57743.0,41.0,433660,Florida Gulf Coast University,26.463638,-81.7726,21,16,0.6344,43546,0.5981697171,2,21,1
5123,Rehabilitation and Therapeutic Professions.,433660,0,Public,6,72862.0,21.0,79335,45,77084.0,31.0,433660,Florida Gulf Coast University,26.463638,-81.7726,21,16,0.6344,43546,0.5981697171,2,21,1
5138,"Registered Nursing, Nursing Administration, Nursing Research and Clinical Nursing.",433660,1,Public,3,70964.0,89.0,86452,85,79851.0,61.0,433660,Florida Gulf Coast University,26.463638,-81.7726,21,16,0.6344,43546,0.5981697171,2,21,1
5202,"Business Administration, Management and Operations.",433660,1,Public,3,38660.0,178.0,66349,188,59492.0,154.0,433660,Florida Gulf Coast University,26.463638,-81.7726,21,16,0.6344,43546,0.5981697171,2,21,1
5203,Accounting and Related Services.,433660,1,Public,3,51301.0,51.0,72207,86,68267.0,57.0,433660,Florida Gulf Coast University,26.463638,-81.7726,21,16,0.6344,43546,0.5981697171,2,21,1
5203,Accounting and Related Services.,433660,3,Public,5,68717.0,28.0,90904,21,93218.0,18.0,433660,Florida Gulf Coast University,26.463638,-81.7726,21,16,0.6344,43546,0.5981697171,2,21,1
5208,Finance and Financial Management Services.,433660,1,Public,3,55882.0,69.0,75767,104,85077.0,48.0,433660,Florida Gulf Coast University,26.463638,-81.7726,21,16,0.6344,43546,0.5981697171,2,21,1
5209,Hospitality Administration/Management.,433660,1,Public,3,39108.0,203.0,60011,213,50667.0,170.0,433660,Florida Gulf Coast University,26.463638,-81.7726,21,16,0.6344,43546,0.5981697171,2,21,1
5212,Management Information Systems and Services.,433660,1,Public,3,44868.0,65.0,74739,55,67250.0,42.0,433660,Florida Gulf Coast University,26.463638,-81.7726,21,16,0.6344,43546,0.5981697171,2,21,1
5214,Marketing.,433660,1,Public,3,46910.0,129.0,67034,144,63167.0,93.0,433660,Florida Gulf Coast University,26.463638,-81.7726,21,16,0.6344,43546,0.5981697171,2,21,1
5401,History.,433660,1,Public,3,,,56543,18,43434.0,23.0,433660,Florida Gulf Coast University,26.463638,-81.7726,21,16,0.6344,43546,0.5981697171,2,21,1
2301,"English Language and Literature, General.",434469,0,"Private, for-profit",1,26026.0,106.0,29719,187,28021.0,219.0,434469,New Professions Technical Institute,25.771488,-80.261873,11,-2,,0,,1,34,1
5108,Allied Health and Medical Assisting Services.,434469,2,"Private, for-profit",1,24193.0,22.0,29617,38,35693.0,40.0,434469,New Professions Technical Institute,25.771488,-80.261873,11,-2,,0,,1,34,1
5203,Accounting and Related Services.,434469,3,"Private, for-profit",1,26733.0,17.0,35030,18,32139.0,18.0,434469,New Professions Technical Institute,25.771488,-80.261873,11,-2,,0,,1,34,1
1204,Cosmetology and Related Personal Grooming Services.,438285,1,"Private, for-profit",1,21856.0,232.0,31545,303,26665.0,139.0,438285,Cortiva Institute,28.629921,-81.397179,21,-2,,17597,0.7702589808,1,29,1
5135,Somatic Bodywork and Related Therapeutic Services.,438285,1,"Private, for-profit",1,22969.0,258.0,30699,293,25580.0,246.0,438285,Cortiva Institute,28.629921,-81.397179,21,-2,,17597,0.7702589808,1,29,1
5133,Alternative and Complementary Medicine and Medical Systems.,439394,0,"Private, for-profit",7,28998.0,35.0,35102,38,,,439394,East West College of Natural Medicine,27.368451,-82.551571,13,18,,19291,,,31,1
5133,Alternative and Complementary Medicine and Medical Systems.,439446,1,"Private, nonprofit",5,21547.0,36.0,20137,39,31204.0,22.0,439446,Atlantic Institute of Oriental Medicine,26.121964,-80.142235,12,6,,3704,,,32,1
1204,Cosmetology and Related Personal Grooming Services.,439774,1,"Private, for-profit",1,13613.0,91.0,15216,93,16182.0,61.0,439774,New Concept Massage and Beauty School,25.759873,-80.304747,21,-2,,0,,1,37,1
5106,Dental Support Services and Allied Professions.,439792,1,"Private, for-profit",1,28321.0,63.0,38908,53,31663.0,70.0,439792,Fortis College-Orange Park,30.148278,-81.759035,21,1,,18895,0.875,1,30,1
5107,Health and Medical Administrative Services.,439792,1,"Private, for-profit",1,28967.0,36.0,37326,24,35769.0,36.0,439792,Fortis College-Orange Park,30.148278,-81.759035,21,1,,18895,0.875,1,30,1
5108,Allied Health and Medical Assisting Services.,439792,1,"Private, for-profit",1,28213.0,84.0,32165,93,31288.0,124.0,439792,Fortis College-Orange Park,30.148278,-81.759035,21,1,,18895,0.875,1,30,1
5109,"Allied Health Diagnostic, Intervention, and Treatment Professions.",439792,1,"Private, for-profit",2,47332.0,22.0,54043,24,48130.0,22.0,439792,Fortis College-Orange Park,30.148278,-81.759035,21,1,,18895,0.875,1,30,1
5110,Clinical/Medical Laboratory Science/Research and Allied Professions.,439792,1,"Private, for-profit",1,31984.0,30.0,37792,30,33856.0,20.0,439792,Fortis College-Orange Park,30.148278,-81.759035,21,1,,18895,0.875,1,30,1
5138,"Registered Nursing, Nursing Administration, Nursing Research and Clinical Nursing.",439792,1,"Private, for-profit",2,66591.0,61.0,80097,52,,,439792,Fortis College-Orange Park,30.148278,-81.759035,21,1,,18895,0.875,1,30,1
4400,"Human Services, General.",441371,3,"Private, nonprofit",2,20687.0,748.0,29342,776,25489.0,28.0,441371,Ultimate Medical Academy,27.965294,-82.78558,12,4,,10150,0.9341584543,1,32,1
5106,Dental Support Services and Allied Professions.,441371,1,"Private, nonprofit",1,20029.0,42.0,32300,52,30192.0,147.0,441371,Ultimate Medical Academy,27.965294,-82.78558,12,4,,10150,0.9341584543,1,32,1
5107,Health and Medical Administrative Services.,441371,3,"Private, nonprofit",1,21310.0,1264.0,29056,1387,25686.0,6833.0,441371,Ultimate Medical Academy,27.965294,-82.78558,12,4,,10150,0.9341584543,1,32,1
5107,Health and Medical Administrative Services.,441371,3,"Private, nonprofit",2,22568.0,6903.0,30765,6973,28720.0,3556.0,441371,Ultimate Medical Academy,27.965294,-82.78558,12,4,,10150,0.9341584543,1,32,1
5108,Allied Health and Medical Assisting Services.,441371,3,"Private, nonprofit",2,28118.0,249.0,34530,226,30349.0,135.0,441371,Ultimate Medical Academy,27.965294,-82.78558,12,4,,10150,0.9341584543,1,32,1
5139,"Practical Nursing, Vocational Nursing and Nursing Assistants.",441371,1,"Private, nonprofit",1,27734.0,39.0,31655,47,26997.0,241.0,441371,Ultimate Medical Academy,27.965294,-82.78558,12,4,,10150,0.9341584543,1,32,1
1204,Cosmetology and Related Personal Grooming Services.,441380,1,"Private, for-profit",1,13332.0,180.0,19990,189,16868.0,134.0,441380,Florida Barber Academy,26.122056,-80.203691,21,-2,,2534,0.9677419355,1,31,1
1205,Culinary Arts and Related Services.,441423,1,"Private, for-profit",1,20531.0,73.0,32935,52,,,441423,Florida Education Institute,25.76325,-80.290496,21,-2,,9969,0.9317269076,1,35,1
4702,"Heating, Air Conditioning, Ventilation and Refrigeration Maintenance Technology/Technician (HAC, HACR, HVAC, HVACR).",441423,1,"Private, for-profit",1,31247.0,44.0,41244,53,,,441423,Florida Education Institute,25.76325,-80.290496,21,-2,,9969,0.9317269076,1,35,1
5107,Health and Medical Administrative Services.,441423,2,"Private, for-profit",1,20083.0,48.0,32013,43,27032.0,34.0,441423,Florida Education Institute,25.76325,-80.290496,21,-2,,9969,0.9317269076,1,35,1
5108,Allied Health and Medical Assisting Services.,441423,1,"Private, for-profit",1,20084.0,117.0,30373,120,24315.0,271.0,441423,Florida Education Institute,25.76325,-80.290496,21,-2,,9969,0.9317269076,1,35,1
2201,Law.,442295,1,"Private, nonprofit",7,52984.0,110.0,91005,109,76727.0,110.0,442295,Ave Maria School of Law,26.242138,-81.731358,21,18,,,,,,1
4805,Precision Metal Working.,442329,1,"Private, for-profit",1,31821.0,3486.0,47367,3411,42714.0,2634.0,442329,Tulsa Welding School-Jacksonville,30.282647,-81.560428,11,-2,,20300,0.747530975,1,25,1
1204,Cosmetology and Related Personal Grooming Services.,443234,1,"Private, for-profit",1,17033.0,94.0,23047,71,20715.0,60.0,443234,Hollywood Institute,26.243429,-80.199738,21,-2,,12879,0.9647058824,1,28,1
5108,Allied Health and Medical Assisting Services.,443234,1,"Private, for-profit",1,17924.0,30.0,28346,44,25699.0,38.0,443234,Hollywood Institute,26.243429,-80.199738,21,-2,,12879,0.9647058824,1,28,1
5135,Somatic Bodywork and Related Therapeutic Services.,443234,1,"Private, for-profit",1,22141.0,28.0,31519,54,,,443234,Hollywood Institute,26.243429,-80.199738,21,-2,,12879,0.9647058824,1,28,1
1199,"Computer and Information Sciences and Support Services, Other.",443252,1,"Private, for-profit",1,22564.0,75.0,30056,141,30045.0,98.0,443252,South Florida Institute of Technology,25.780018,-80.239586,11,-2,,0,0.9904006678,1,36,1
1505,Environmental Control Technologies/Technicians.,443252,1,"Private, for-profit",1,33760.0,316.0,40093,621,40003.0,563.0,443252,South Florida Institute of Technology,25.780018,-80.239586,11,-2,,0,0.9904006678,1,36,1
4604,"Building/Construction Finishing, Management, and Inspection.",443252,1,"Private, for-profit",1,26701.0,26.0,30476,42,36673.0,33.0,443252,South Florida Institute of Technology,25.780018,-80.239586,11,-2,,0,0.9904006678,1,36,1
4605,Plumbing and Related Water Supply Services.,443252,1,"Private, for-profit",1,35252.0,53.0,47029,113,36360.0,49.0,443252,South Florida Institute of Technology,25.780018,-80.239586,11,-2,,0,0.9904006678,1,36,1
4701,Electrical/Electronics Maintenance and Repair Technologies/Technicians.,443252,1,"Private, for-profit",1,35781.0,290.0,44894,517,42225.0,346.0,443252,South Florida Institute of Technology,25.780018,-80.239586,11,-2,,0,0.9904006678,1,36,1
5108,Allied Health and Medical Assisting Services.,443252,1,"Private, for-profit",1,16128.0,64.0,28402,142,21876.0,123.0,443252,South Florida Institute of Technology,25.780018,-80.239586,11,-2,,0,0.9904006678,1,36,1
5139,"Practical Nursing, Vocational Nursing and Nursing Assistants.",443252,1,"Private, for-profit",1,18258.0,38.0,28157,61,14230.0,69.0,443252,South Florida Institute of Technology,25.780018,-80.239586,11,-2,,0,0.9904006678,1,36,1
5138,"Registered Nursing, Nursing Administration, Nursing Research and Clinical Nursing.",444334,1,"Private, for-profit",2,29536.0,26.0,60067,22,,,444334,Advance Science International College,25.924708,-80.284567,21,1,,11985,,2,36,1
4706,Vehicle Maintenance and Repair Technologies/Technicians.,444370,1,"Private, for-profit",1,28380.0,66.0,47486,73,32645.0,88.0,444370,American Advanced Technicians Institute,25.884901,-80.323025,21,-2,,8889,0.9276315789,1,33,1
1204,Cosmetology and Related Personal Grooming Services.,444404,1,"Private, for-profit",1,,,28917,29,,,444404,The Beauty Institute,26.710119,-80.111689,21,-2,,13443,,1,30,1
1204,Cosmetology and Related Personal Grooming Services.,445212,1,"Private, for-profit",1,16464.0,700.0,31080,832,25624.0,832.0,445212,Paul Mitchell the School-Orlando,28.663679,-81.234215,21,-2,,22429,0.7674195099,1,24,1
4702,"Heating, Air Conditioning, Ventilation and Refrigeration Maintenance Technology/Technician (HAC, HACR, HVAC, HVACR).",445744,1,"Private, for-profit",1,36485.0,158.0,45551,137,42934.0,149.0,445744,Fortis Institute-Port Saint Lucie,27.3016,-80.303751,12,1,,16203,0.868177137,1,29,1
5108,Allied Health and Medical Assisting Services.,445744,1,"Private, for-profit",1,25556.0,356.0,31077,343,31185.0,445.0,445744,Fortis Institute-Port Saint Lucie,27.3016,-80.303751,12,1,,16203,0.868177137,1,29,1
5138,"Registered Nursing, Nursing Administration, Nursing Research and Clinical Nursing.",445744,1,"Private, for-profit",2,66276.0,143.0,75311,103,78102.0,117.0,445744,Fortis Institute-Port Saint Lucie,27.3016,-80.303751,12,1,,16203,0.868177137,1,29,1
5139,"Practical Nursing, Vocational Nursing and Nursing Assistants.",445744,1,"Private, for-profit",1,45996.0,37.0,53270,48,51539.0,103.0,445744,Fortis Institute-Port Saint Lucie,27.3016,-80.303751,12,1,,16203,0.868177137,1,29,1
2401,"Liberal Arts and Sciences, General Studies and Humanities.",446048,1,"Private, nonprofit",3,,,67139,17,,,446048,Ave Maria University,26.335983,-81.438945,42,11,0.4139,81806,0.443254818,2,19,1
3906,Theological and Ministerial Studies.,446048,1,"Private, nonprofit",3,26924.0,20.0,42457,25,,,446048,Ave Maria University,26.335983,-81.438945,42,11,0.4139,81806,0.443254818,2,19,1
4201,"Psychology, General.",446048,1,"Private, nonprofit",3,30640.0,29.0,49235,30,41989.0,23.0,446048,Ave Maria University,26.335983,-81.438945,42,11,0.4139,81806,0.443254818,2,19,1
5202,"Business Administration, Management and Operations.",446048,1,"Private, nonprofit",3,,,63839,17,54384.0,26.0,446048,Ave Maria University,26.335983,-81.438945,42,11,0.4139,81806,0.443254818,2,19,1
5203,Accounting and Related Services.,446048,1,"Private, nonprofit",3,,,71237,16,,,446048,Ave Maria University,26.335983,-81.438945,42,11,0.4139,81806,0.443254818,2,19,1
5110,Clinical/Medical Laboratory Science/Research and Allied Professions.,446109,1,"Private, for-profit",1,22584.0,21.0,36016,17,,,446109,Cambridge College of Healthcare & Technology,28.66306,-81.375722,21,1,,19139,0.8965517241,1,31,1
5138,"Registered Nursing, Nursing Administration, Nursing Research and Clinical Nursing.",446109,0,"Private, for-profit",2,52926.0,67.0,79722,44,,,446109,Cambridge College of Healthcare & Technology,28.66306,-81.375722,21,1,,19139,0.8965517241,1,31,1
5139,"Practical Nursing, Vocational Nursing and Nursing Assistants.",446109,1,"Private, for-profit",1,44281.0,103.0,58533,89,48804.0,104.0,446109,Cambridge College of Healthcare & Technology,28.66306,-81.375722,21,1,,19139,0.8965517241,1,31,1
5106,Dental Support Services and Allied Professions.,446127,1,"Private, for-profit",1,29032.0,98.0,36748,107,28312.0,170.0,446127,ATA Career Education,28.452699,-82.595376,22,1,,16605,0.8771186441,1,28,1
5107,Health and Medical Administrative Services.,446127,3,"Private, for-profit",1,29507.0,21.0,42551,28,31068.0,60.0,446127,ATA Career Education,28.452699,-82.595376,22,1,,16605,0.8771186441,1,28,1
5107,Health and Medical Administrative Services.,446127,3,"Private, for-profit",2,,,30526,30,38121.0,60.0,446127,ATA Career Education,28.452699,-82.595376,22,1,,16605,0.8771186441,1,28,1
5108,Allied Health and Medical Assisting Services.,446127,1,"Private, for-profit",1,29280.0,99.0,34110,103,32347.0,22.0,446127,ATA Career Education,28.452699,-82.595376,22,1,,16605,0.8771186441,1,28,1
5108,Allied Health and Medical Assisting Services.,446127,1,"Private, for-profit",2,29013.0,26.0,39009,35,34819.0,125.0,446127,ATA Career Education,28.452699,-82.595376,22,1,,16605,0.8771186441,1,28,1
5109,"Allied Health Diagnostic, Intervention, and Treatment Professions.",446127,1,"Private, for-profit",2,37568.0,35.0,39727,44,37508.0,57.0,446127,ATA Career Education,28.452699,-82.595376,22,1,,16605,0.8771186441,1,28,1
5138,"Registered Nursing, Nursing Administration, Nursing Research and Clinical Nursing.",446127,0,"Private, for-profit",2,64478.0,138.0,82629,91,75209.0,51.0,446127,ATA Career Education,28.452699,-82.595376,22,1,,16605,0.8771186441,1,28,1
5139,"Practical Nursing, Vocational Nursing and Nursing Assistants.",446127,1,"Private, for-profit",1,41553.0,155.0,56505,89,52095.0,56.0,446127,ATA Career Education,28.452699,-82.595376,22,1,,16605,0.8771186441,1,28,1
1410,"Electrical, Electronics, and Communications Engineering.",446552,1,"Private, for-profit",2,30091.0,35.0,42765,57,34188.0,27.0,446552,Southern Technical College,28.44862,-81.399661,21,2,,13961,0.9323748669,1,30,1
4701,Electrical/Electronics Maintenance and Repair Technologies/Technicians.,446552,1,"Private, for-profit",2,,,53187,32,32945.0,31.0,446552,Southern Technical College,28.44862,-81.399661,21,2,,13961,0.9323748669,1,30,1
4702,"Heating, Air Conditioning, Ventilation and Refrigeration Maintenance Technology/Technician (HAC, HACR, HVAC, HVACR).",446552,1,"Private, for-profit",1,31990.0,376.0,42084,325,,,446552,Southern Technical College,28.44862,-81.399661,21,2,,13961,0.9323748669,1,30,1
4805,Precision Metal Working.,446552,1,"Private, for-profit",2,31007.0,103.0,40511,113,,,446552,Southern Technical College,28.44862,-81.399661,21,2,,13961,0.9323748669,1,30,1
5107,Health and Medical Administrative Services.,446552,0,"Private, for-profit",2,,,28487,29,27473.0,31.0,446552,Southern Technical College,28.44862,-81.399661,21,2,,13961,0.9323748669,1,30,1
5108,Allied Health and Medical Assisting Services.,446552,1,"Private, for-profit",1,25471.0,545.0,31875,384,,,446552,Southern Technical College,28.44862,-81.399661,21,2,,13961,0.9323748669,1,30,1
5108,Allied Health and Medical Assisting Services.,446552,1,"Private, for-profit",2,,,32498,52,29967.0,55.0,446552,Southern Technical College,28.44862,-81.399661,21,2,,13961,0.9323748669,1,30,1
5139,"Practical Nursing, Vocational Nursing and Nursing Assistants.",446552,0,"Private, for-profit",1,24817.0,62.0,29799,95,,,446552,Southern Technical College,28.44862,-81.399661,21,2,,13961,0.9323748669,1,30,1
1204,Cosmetology and Related Personal Grooming Services.,447014,1,"Private, for-profit",1,20872.0,47.0,22601,39,22997.0,33.0,447014,Daytona College,29.270088,-81.080155,13,1,,16479,0.8815165877,1,31,1
5107,Health and Medical Administrative Services.,447014,3,"Private, for-profit",1,32099.0,32.0,39844,44,29931.0,68.0,447014,Daytona College,29.270088,-81.080155,13,1,,16479,0.8815165877,1,31,1
5108,Allied Health and Medical Assisting Services.,447014,2,"Private, for-profit",1,24094.0,93.0,31406,84,29691.0,77.0,447014,Daytona College,29.270088,-81.080155,13,1,,16479,0.8815165877,1,31,1
5135,Somatic Bodywork and Related Therapeutic Services.,447014,2,"Private, for-profit",1,24286.0,22.0,33160,24,23867.0,23.0,447014,Daytona College,29.270088,-81.080155,13,1,,16479,0.8815165877,1,31,1
1204,Cosmetology and Related Personal Grooming Services.,447865,1,"Private, for-profit",1,,,16749,18,,,447865,Trendsetters School of Beauty & Barbering,30.30832,-81.741549,11,-2,,9734,,1,32,1
1204,Cosmetology and Related Personal Grooming Services.,447883,1,"Private, for-profit",1,18327.0,218.0,25313,183,23605.0,144.0,447883,American Institute of Beauty,27.915072,-82.749094,21,-2,,13466,0.8905109489,1,29,1
1204,Cosmetology and Related Personal Grooming Services.,447892,1,"Private, for-profit",1,15361.0,100.0,21279,107,18911.0,70.0,447892,North Florida Cosmetology Institute,30.476972,-84.294583,12,-2,,9861,0.8983050847,1,28,1
1204,Cosmetology and Related Personal Grooming Services.,447908,1,"Private, for-profit",1,15023.0,61.0,19021,36,17970.0,25.0,447908,Florida Academy of Health & Beauty,26.16627,-80.181569,21,-2,,13763,,1,28,1
1101,"Computer and Information Sciences, General.",449038,3,"Private, for-profit",3,67315.0,379.0,82304,426,83581.0,147.0,449038,Strayer University-Florida,27.997442,-82.35991,21,6,,18178,0.8626386594,1,33,5
1104,Information Science/Studies.,449038,3,"Private, for-profit",3,71167.0,263.0,87413,317,87437.0,336.0,449038,Strayer University-Florida,27.997442,-82.35991,21,6,,18178,0.8626386594,1,33,5
1104,Information Science/Studies.,449038,3,"Private, for-profit",5,71873.0,166.0,98401,213,94667.0,205.0,449038,Strayer University-Florida,27.997442,-82.35991,21,6,,18178,0.8626386594,1,33,5
1110,Computer/Information Technology Administration and Management.,449038,3,"Private, for-profit",2,61810.0,30.0,61319,47,58656.0,21.0,449038,Strayer University-Florida,27.997442,-82.35991,21,6,,18178,0.8626386594,1,33,5
1110,Computer/Information Technology Administration and Management.,449038,3,"Private, for-profit",5,87435.0,50.0,96961,55,,,449038,Strayer University-Florida,27.997442,-82.35991,21,6,,18178,0.8626386594,1,33,5
1304,Educational Administration and Supervision.,449038,3,"Private, for-profit",5,47858.0,274.0,56068,280,51489.0,195.0,449038,Strayer University-Florida,27.997442,-82.35991,21,6,,18178,0.8626386594,1,33,5
4301,Criminal Justice and Corrections.,449038,3,"Private, for-profit",3,43405.0,406.0,53916,474,54929.0,375.0,449038,Strayer University-Florida,27.997442,-82.35991,21,6,,18178,0.8626386594,1,33,5
4404,Public Administration.,449038,3,"Private, for-profit",5,49512.0,168.0,62227,185,60858.0,174.0,449038,Strayer University-Florida,27.997442,-82.35991,21,6,,18178,0.8626386594,1,33,5
5107,Health and Medical Administrative Services.,449038,3,"Private, for-profit",5,46948.0,36.0,58850,304,55397.0,239.0,449038,Strayer University-Florida,27.997442,-82.35991,21,6,,18178,0.8626386594,1,33,5
5201,"Business/Commerce, General.",449038,3,"Private, for-profit",2,44154.0,101.0,59021,174,55839.0,56.0,449038,Strayer University-Florida,27.997442,-82.35991,21,6,,18178,0.8626386594,1,33,5
5201,"Business/Commerce, General.",449038,3,"Private, for-profit",3,55431.0,2487.0,64016,2957,64524.0,869.0,449038,Strayer University-Florida,27.997442,-82.35991,21,6,,18178,0.8626386594,1,33,5
5202,"Business Administration, Management and Operations.",449038,3,"Private, for-profit",5,64745.0,2702.0,76080,3047,72657.0,2289.0,449038,Strayer University-Florida,27.997442,-82.35991,21,6,,18178,0.8626386594,1,33,5
5203,Accounting and Related Services.,449038,3,"Private, for-profit",2,,,55081,24,44860.0,23.0,449038,Strayer University-Florida,27.997442,-82.35991,21,6,,18178,0.8626386594,1,33,5
5203,Accounting and Related Services.,449038,3,"Private, for-profit",3,52373.0,223.0,66108,325,59529.0,269.0,449038,Strayer University-Florida,27.997442,-82.35991,21,6,,18178,0.8626386594,1,33,5
5203,Accounting and Related Services.,449038,3,"Private, for-profit",5,61183.0,200.0,77493,238,69196.0,238.0,449038,Strayer University-Florida,27.997442,-82.35991,21,6,,18178,0.8626386594,1,33,5
5210,Human Resources Management and Services.,449038,3,"Private, for-profit",5,52378.0,421.0,63742,454,62460.0,333.0,449038,Strayer University-Florida,27.997442,-82.35991,21,6,,18178,0.8626386594,1,33,5
1109,Computer Systems Networking and Telecommunications.,449083,2,"Private, for-profit",2,37680.0,24.0,46236,23,49348.0,35.0,449083,CBT Technology Institute-Main Campus,25.769052,-80.329161,21,1,,8968,0.9465049929,1,35,1
1110,Computer/Information Technology Administration and Management.,449083,2,"Private, for-profit",1,,,51241,18,34631.0,51.0,449083,CBT Technology Institute-Main Campus,25.769052,-80.329161,21,1,,8968,0.9465049929,1,35,1
1505,Environmental Control Technologies/Technicians.,449083,1,"Private, for-profit",1,34206.0,169.0,40307,333,38537.0,416.0,449083,CBT Technology Institute-Main Campus,25.769052,-80.329161,21,1,,8968,0.9465049929,1,35,1
1505,Environmental Control Technologies/Technicians.,449083,1,"Private, for-profit",2,41814.0,35.0,48102,42,47965.0,47.0,449083,CBT Technology Institute-Main Campus,25.769052,-80.329161,21,1,,8968,0.9465049929,1,35,1
4701,Electrical/Electronics Maintenance and Repair Technologies/Technicians.,449083,1,"Private, for-profit",1,34643.0,239.0,43587,404,43849.0,212.0,449083,CBT Technology Institute-Main Campus,25.769052,-80.329161,21,1,,8968,0.9465049929,1,35,1
4701,Electrical/Electronics Maintenance and Repair Technologies/Technicians.,449083,1,"Private, for-profit",2,43560.0,59.0,48866,47,40866.0,50.0,449083,CBT Technology Institute-Main Campus,25.769052,-80.329161,21,1,,8968,0.9465049929,1,35,1
5107,Health and Medical Administrative Services.,449083,0,"Private, for-profit",1,25176.0,38.0,41890,60,31220.0,57.0,449083,CBT Technology Institute-Main Campus,25.769052,-80.329161,21,1,,8968,0.9465049929,1,35,1
1505,Environmental Control Technologies/Technicians.,449092,1,"Private, for-profit",2,41814.0,35.0,48102,42,47965.0,47.0,449092,CBT Technology Institute-Hialeah,25.867003,-80.302213,21,1,,8968,0.9465049929,1,35,1
4701,Electrical/Electronics Maintenance and Repair Technologies/Technicians.,449092,1,"Private, for-profit",2,43560.0,59.0,48866,47,40866.0,50.0,449092,CBT Technology Institute-Hialeah,25.867003,-80.302213,21,1,,8968,0.9465049929,1,35,1
5133,Alternative and Complementary Medicine and Medical Systems.,449481,1,"Private, nonprofit",5,22156.0,19.0,32563,17,,,449481,Dragon Rises College of Oriental Medicine,27.419641,-82.575135,21,18,,,,,,1
1204,Cosmetology and Related Personal Grooming Services.,449490,1,"Private, for-profit",1,12223.0,86.0,24033,118,22743.0,113.0,449490,Palm Beach Academy of Health & Beauty,26.63948,-80.115507,21,-2,,15750,0.7323076923,1,31,1
5135,Somatic Bodywork and Related Therapeutic Services.,449490,1,"Private, for-profit",1,23011.0,40.0,32263,47,21854.0,56.0,449490,Palm Beach Academy of Health & Beauty,26.63948,-80.115507,21,-2,,15750,0.7323076923,1,31,1
5108,Allied Health and Medical Assisting Services.,449506,1,"Private, nonprofit",2,34751.0,30.0,36078,19,,,449506,SABER College,25.771518,-80.261299,11,1,0.8037,16564,0.9024390244,2,32,1
5138,"Registered Nursing, Nursing Administration, Nursing Research and Clinical Nursing.",449506,1,"Private, nonprofit",2,25871.0,161.0,36980,309,52645.0,296.0,449506,SABER College,25.771518,-80.261299,11,1,0.8037,16564,0.9024390244,2,32,1
5108,Allied Health and Medical Assisting Services.,449524,1,"Private, for-profit",2,42622.0,30.0,52604,32,60630.0,25.0,449524,Taylor College,29.189031,-82.102824,13,1,,26578,0.7625570776,1,31,1
5138,"Registered Nursing, Nursing Administration, Nursing Research and Clinical Nursing.",449524,1,"Private, for-profit",2,65499.0,51.0,82593,57,71448.0,90.0,449524,Taylor College,29.189031,-82.102824,13,1,,26578,0.7625570776,1,31,1
5139,"Practical Nursing, Vocational Nursing and Nursing Assistants.",449524,1,"Private, for-profit",1,,,58633,17,62205.0,29.0,449524,Taylor College,29.189031,-82.102824,13,1,,26578,0.7625570776,1,31,1
1104,Information Science/Studies.,449898,3,"Private, for-profit",3,44682.0,88.0,58915,130,67229.0,139.0,449898,South University-Tampa,27.982269,-82.500357,11,6,,20000,0.7772579044,1,30,1
1104,Information Science/Studies.,449898,3,"Private, for-profit",5,58864.0,30.0,78782,39,88529.0,31.0,449898,South University-Tampa,27.982269,-82.500357,11,6,,20000,0.7772579044,1,30,1
4201,"Psychology, General.",449898,3,"Private, for-profit",3,28684.0,90.0,39694,121,38844.0,158.0,449898,South University-Tampa,27.982269,-82.500357,11,6,,20000,0.7772579044,1,30,1
4301,Criminal Justice and Corrections.,449898,3,"Private, for-profit",3,37713.0,76.0,46322,122,47301.0,173.0,449898,South University-Tampa,27.982269,-82.500357,11,6,,20000,0.7772579044,1,30,1
4301,Criminal Justice and Corrections.,449898,3,"Private, for-profit",5,41898.0,57.0,55950,61,42437.0,83.0,449898,South University-Tampa,27.982269,-82.500357,11,6,,20000,0.7772579044,1,30,1
5107,Health and Medical Administrative Services.,449898,3,"Private, for-profit",2,29071.0,76.0,36905,195,36560.0,425.0,449898,South University-Tampa,27.982269,-82.500357,11,6,,20000,0.7772579044,1,30,1
5107,Health and Medical Administrative Services.,449898,3,"Private, for-profit",3,39722.0,156.0,46885,257,45275.0,238.0,449898,South University-Tampa,27.982269,-82.500357,11,6,,20000,0.7772579044,1,30,1
5107,Health and Medical Administrative Services.,449898,3,"Private, for-profit",5,47710.0,180.0,65167,216,63788.0,187.0,449898,South University-Tampa,27.982269,-82.500357,11,6,,20000,0.7772579044,1,30,1
5108,Allied Health and Medical Assisting Services.,449898,1,"Private, for-profit",2,39761.0,493.0,50681,567,47529.0,513.0,449898,South University-Tampa,27.982269,-82.500357,11,6,,20000,0.7772579044,1,30,1
5109,"Allied Health Diagnostic, Intervention, and Treatment Professions.",449898,1,"Private, for-profit",5,107029.0,254.0,129131,210,121963.0,173.0,449898,South University-Tampa,27.982269,-82.500357,11,6,,20000,0.7772579044,1,30,1
5122,Public Health.,449898,3,"Private, for-profit",3,34789.0,84.0,45993,73,,,449898,South University-Tampa,27.982269,-82.500357,11,6,,20000,0.7772579044,1,30,1
5132,"Health Professions Education, Ethics, and Humanities.",449898,3,"Private, for-profit",5,86993.0,31.0,101300,45,96443.0,74.0,449898,South University-Tampa,27.982269,-82.500357,11,6,,20000,0.7772579044,1,30,1
5138,"Registered Nursing, Nursing Administration, Nursing Research and Clinical Nursing.",449898,2,"Private, for-profit",3,77635.0,1002.0,91363,1140,90784.0,1664.0,449898,South University-Tampa,27.982269,-82.500357,11,6,,20000,0.7772579044,1,30,1
5138,"Registered Nursing, Nursing Administration, Nursing Research and Clinical Nursing.",449898,3,"Private, for-profit",5,102397.0,2334.0,119307,2573,118330.0,1252.0,449898,South University-Tampa,27.982269,-82.500357,11,6,,20000,0.7772579044,1,30,1
5138,"Registered Nursing, Nursing Administration, Nursing Research and Clinical Nursing.",449898,3,"Private, for-profit",8,113849.0,168.0,120256,222,119946.0,136.0,449898,South University-Tampa,27.982269,-82.500357,11,6,,20000,0.7772579044,1,30,1
5202,"Business Administration, Management and Operations.",449898,3,"Private, for-profit",3,43773.0,177.0,53445,280,54466.0,356.0,449898,South University-Tampa,27.982269,-82.500357,11,6,,20000,0.7772579044,1,30,1
5202,"Business Administration, Management and Operations.",449898,3,"Private, for-profit",5,59169.0,205.0,74209,181,60102.0,287.0,449898,South University-Tampa,27.982269,-82.500357,11,6,,20000,0.7772579044,1,30,1
1204,Cosmetology and Related Personal Grooming Services.,449959,1,"Private, for-profit",1,16464.0,700.0,31080,832,25624.0,832.0,449959,Paul Mitchell the School-Tampa,28.06864,-82.574571,21,-2,,22429,0.7674195099,1,24,1
1204,Cosmetology and Related Personal Grooming Services.,451097,1,"Private, for-profit",1,15256.0,46.0,25157,51,14886.0,33.0,451097,Academy of Career Training,28.306092,-81.439569,13,-2,,12165,,1,28,1
5135,Somatic Bodywork and Related Therapeutic Services.,451097,1,"Private, for-profit",1,,,19916,16,,,451097,Academy of Career Training,28.306092,-81.439569,13,-2,,12165,,1,28,1
1313,"Teacher Education and Professional Development, Specific Subject Areas.",451103,0,"Private, for-profit",1,18714.0,30.0,44558,209,34676.0,150.0,451103,Miami Regional University,25.810667,-80.267007,21,6,,15992,0.6964285714,1,34,1
5138,"Registered Nursing, Nursing Administration, Nursing Research and Clinical Nursing.",451103,1,"Private, for-profit",2,58437.0,167.0,88290,360,79945.0,203.0,451103,Miami Regional University,25.810667,-80.267007,21,6,,15992,0.6964285714,1,34,1
5138,"Registered Nursing, Nursing Administration, Nursing Research and Clinical Nursing.",451103,1,"Private, for-profit",3,,,104989,26,,,451103,Miami Regional University,25.810667,-80.267007,21,6,,15992,0.6964285714,1,34,1
5138,"Registered Nursing, Nursing Administration, Nursing Research and Clinical Nursing.",451103,2,"Private, for-profit",5,79261.0,506.0,93654,246,,,451103,Miami Regional University,25.810667,-80.267007,21,6,,15992,0.6964285714,1,34,1
1204,Cosmetology and Related Personal Grooming Services.,451149,1,"Private, for-profit",1,17806.0,424.0,28861,390,23107.0,276.0,451149,Aveda Institute-South Florida,26.070447,-80.251766,21,-2,,20646,0.765051395,1,25,1
5135,Somatic Bodywork and Related Therapeutic Services.,451149,1,"Private, for-profit",1,,,38981,40,27279.0,70.0,451149,Aveda Institute-South Florida,26.070447,-80.251766,21,-2,,20646,0.765051395,1,25,1
1204,Cosmetology and Related Personal Grooming Services.,451158,1,"Private, for-profit",1,19456.0,462.0,30853,393,27555.0,335.0,451158,Aveda Institute-Tallahassee,28.029221,-82.739008,21,-2,,22934,0.7272727273,1,25,1
5135,Somatic Bodywork and Related Therapeutic Services.,451158,1,"Private, for-profit",1,13943.0,37.0,23338,34,27449.0,82.0,451158,Aveda Institute-Tallahassee,28.029221,-82.739008,21,-2,,22934,0.7272727273,1,25,1
1204,Cosmetology and Related Personal Grooming Services.,451167,1,"Private, for-profit",1,15287.0,121.0,17937,158,14984.0,130.0,451167,Shear Excellence Hair Academy,28.027145,-82.503396,21,-2,,11023,0.7740384615,1,29,1
5109,"Allied Health Diagnostic, Intervention, and Treatment Professions.",454865,1,"Private, for-profit",2,42138.0,259.0,57200,209,56976.0,59.0,454865,Cambridge College of Healthcare & Technology,26.438379,-80.123788,13,2,,20051,0.8068592058,1,30,1
5110,Clinical/Medical Laboratory Science/Research and Allied Professions.,454865,1,"Private, for-profit",1,27358.0,18.0,33456,25,,,454865,Cambridge College of Healthcare & Technology,26.438379,-80.123788,13,2,,20051,0.8068592058,1,30,1
5138,"Registered Nursing, Nursing Administration, Nursing Research and Clinical Nursing.",454865,1,"Private, for-profit",2,,,81287,23,,,454865,Cambridge College of Healthcare & Technology,26.438379,-80.123788,13,2,,20051,0.8068592058,1,30,1
1204,Cosmetology and Related Personal Grooming Services.,454917,1,"Private, for-profit",1,13305.0,255.0,16441,239,15418.0,142.0,454917,Celebrity School of Beauty,25.761658,-80.323333,21,-2,,10196,0.8820861678,1,33,1
1204,Cosmetology and Related Personal Grooming Services.,455479,1,"Private, for-profit",1,,,36102,24,27008.0,69.0,455479,Fortis Institute-Pensacola,30.510415,-87.183112,13,2,,14377,0.9012699713,1,27,1
4702,"Heating, Air Conditioning, Ventilation and Refrigeration Maintenance Technology/Technician (HAC, HACR, HVAC, HVACR).",455479,1,"Private, for-profit",1,32004.0,197.0,39532,176,36100.0,105.0,455479,Fortis Institute-Pensacola,30.510415,-87.183112,13,2,,14377,0.9012699713,1,27,1
5106,Dental Support Services and Allied Professions.,455479,1,"Private, for-profit",1,22821.0,208.0,30724,208,27300.0,159.0,455479,Fortis Institute-Pensacola,30.510415,-87.183112,13,2,,14377,0.9012699713,1,27,1
5107,Health and Medical Administrative Services.,455479,0,"Private, for-profit",1,27459.0,25.0,29190,43,27016.0,122.0,455479,Fortis Institute-Pensacola,30.510415,-87.183112,13,2,,14377,0.9012699713,1,27,1
5108,Allied Health and Medical Assisting Services.,455479,1,"Private, for-profit",1,23496.0,556.0,29429,432,26664.0,410.0,455479,Fortis Institute-Pensacola,30.510415,-87.183112,13,2,,14377,0.9012699713,1,27,1
5138,"Registered Nursing, Nursing Administration, Nursing Research and Clinical Nursing.",455479,1,"Private, for-profit",2,64979.0,124.0,80641,147,70698.0,158.0,455479,Fortis Institute-Pensacola,30.510415,-87.183112,13,2,,14377,0.9012699713,1,27,1
5108,Allied Health and Medical Assisting Services.,455831,1,"Private, for-profit",1,28406.0,121.0,33315,107,29000.0,96.0,455831,Medical Institute of Palm Beach,26.620478,-80.134959,21,-2,,12293,0.9455252918,1,26,1
5135,Somatic Bodywork and Related Therapeutic Services.,455831,1,"Private, for-profit",1,18996.0,19.0,22663,21,,,455831,Medical Institute of Palm Beach,26.620478,-80.134959,21,-2,,12293,0.9455252918,1,26,1
1109,Computer Systems Networking and Telecommunications.,456977,2,"Private, for-profit",2,37680.0,24.0,46236,23,49348.0,35.0,456977,CBT Technology Institute-Cutler Bay,25.590468,-80.356565,21,1,,8968,0.9465049929,1,35,1
1505,Environmental Control Technologies/Technicians.,456977,1,"Private, for-profit",1,34206.0,169.0,40307,333,38537.0,416.0,456977,CBT Technology Institute-Cutler Bay,25.590468,-80.356565,21,1,,8968,0.9465049929,1,35,1
5107,Health and Medical Administrative Services.,456977,3,"Private, for-profit",1,25176.0,38.0,41890,60,31220.0,57.0,456977,CBT Technology Institute-Cutler Bay,25.590468,-80.356565,21,1,,8968,0.9465049929,1,35,1
5138,"Registered Nursing, Nursing Administration, Nursing Research and Clinical Nursing.",457129,1,"Private, for-profit",3,83188.0,10218.0,96132,9437,92768.0,5494.0,457129,Chamberlain University-Florida,30.243517,-81.586421,11,6,0.9091,46046,0.4500821918,2,33,1
1109,Computer Systems Networking and Telecommunications.,457378,1,Public,1,,,32347,19,,,457378,Emerald Coast Technical College,30.73209,-86.128061,32,-2,,18374,,1,29,1
1204,Cosmetology and Related Personal Grooming Services.,457378,1,Public,1,,,26740,21,,,457378,Emerald Coast Technical College,30.73209,-86.128061,32,-2,,18374,,1,29,1
5139,"Practical Nursing, Vocational Nursing and Nursing Assistants.",457378,1,Public,1,34922.0,41.0,48618,52,49232.0,30.0,457378,Emerald Coast Technical College,30.73209,-86.128061,32,-2,,18374,,1,29,1
5139,"Practical Nursing, Vocational Nursing and Nursing Assistants.",457387,1,Public,1,40949.0,22.0,43468,21,48310.0,31.0,457387,Immokalee Technical College,26.426526,-81.425148,32,-2,,22074,,1,22,1
1204,Cosmetology and Related Personal Grooming Services.,457396,1,"Private, for-profit",1,15903.0,76.0,22882,54,17505.0,48.0,457396,American Academy of Cosmetology,30.123757,-81.798803,21,-2,,17261,0.9069767442,1,28,1
4706,Vehicle Maintenance and Repair Technologies/Technicians.,457411,1,"Private, for-profit",1,44097.0,258.0,71513,237,51767.0,195.0,457411,Aviation Institute of Maintenance-Orlando,28.680653,-81.334196,21,-2,,20566,0.8585858586,1,27,1
1204,Cosmetology and Related Personal Grooming Services.,457420,1,"Private, for-profit",1,20153.0,153.0,31669,127,25768.0,103.0,457420,Summit Salon Academy,28.051825,-82.525411,21,-2,,24573,0.7068965517,1,25,1
1204,Cosmetology and Related Personal Grooming Services.,457439,1,"Private, for-profit",1,18067.0,68.0,27744,84,21391.0,58.0,457439,Summit Salon Academy-Gainesville,29.654808,-82.416921,22,-2,,16373,0.9225352113,1,25,1
1204,Cosmetology and Related Personal Grooming Services.,457448,1,"Private, for-profit",1,17077.0,135.0,23385,132,22072.0,101.0,457448,Tenaj Salon Institute,28.929944,-82.028094,13,-2,,11723,0.8888888889,1,26,1
1204,Cosmetology and Related Personal Grooming Services.,459055,1,"Private, for-profit",1,16429.0,665.0,27011,740,21931.0,1035.0,459055,Empire Beauty School-West Palm,26.705541,-80.107401,21,-2,,14099,0.8909454727,1,25,1
1204,Cosmetology and Related Personal Grooming Services.,459329,1,Public,1,16707.0,43.0,24614,31,29721.0,28.0,459329,Fred K Marchman Technical College,28.271196,-82.691779,21,-2,,12513,,1,24,1
4603,Electrical and Power Transmission Installers.,459329,1,Public,1,,,44336,17,38346.0,18.0,459329,Fred K Marchman Technical College,28.271196,-82.691779,21,-2,,12513,,1,24,1
4702,"Heating, Air Conditioning, Ventilation and Refrigeration Maintenance Technology/Technician (HAC, HACR, HVAC, HVACR).",459329,1,Public,1,34236.0,17.0,40275,22,,,459329,Fred K Marchman Technical College,28.271196,-82.691779,21,-2,,12513,,1,24,1
4706,Vehicle Maintenance and Repair Technologies/Technicians.,459329,1,Public,1,35060.0,28.0,50763,26,,,459329,Fred K Marchman Technical College,28.271196,-82.691779,21,-2,,12513,,1,24,1
1204,Cosmetology and Related Personal Grooming Services.,459347,1,"Private, for-profit",1,,,27392,27,24193.0,32.0,459347,The Salon Professional Academy-Ft Myers,26.595568,-81.887326,13,-2,,20270,,1,26,1
5106,Dental Support Services and Allied Professions.,460190,1,"Private, for-profit",1,25407.0,209.0,33649,211,32076.0,241.0,460190,Concorde Career Institute-Orlando,28.55984,-81.340421,11,1,0.9005,16617,0.8801108801,2,27,1
5107,Health and Medical Administrative Services.,460190,1,"Private, for-profit",1,29199.0,40.0,34493,37,30683.0,49.0,460190,Concorde Career Institute-Orlando,28.55984,-81.340421,11,1,0.9005,16617,0.8801108801,2,27,1
5108,Allied Health and Medical Assisting Services.,460190,1,"Private, for-profit",1,28082.0,367.0,35961,335,30099.0,211.0,460190,Concorde Career Institute-Orlando,28.55984,-81.340421,11,1,0.9005,16617,0.8801108801,2,27,1
5109,"Allied Health Diagnostic, Intervention, and Treatment Professions.",460190,1,"Private, for-profit",1,41914.0,32.0,51737,57,43170.0,67.0,460190,Concorde Career Institute-Orlando,28.55984,-81.340421,11,1,0.9005,16617,0.8801108801,2,27,1
5109,"Allied Health Diagnostic, Intervention, and Treatment Professions.",460190,1,"Private, for-profit",2,49930.0,64.0,60066,33,61133.0,55.0,460190,Concorde Career Institute-Orlando,28.55984,-81.340421,11,1,0.9005,16617,0.8801108801,2,27,1
5139,"Practical Nursing, Vocational Nursing and Nursing Assistants.",460190,1,"Private, for-profit",1,46513.0,44.0,51435,60,32385.0,64.0,460190,Concorde Career Institute-Orlando,28.55984,-81.340421,11,1,0.9005,16617,0.8801108801,2,27,1
1204,Cosmetology and Related Personal Grooming Services.,460701,1,"Private, for-profit",1,18766.0,212.0,22422,153,22356.0,171.0,460701,Artistic Nails and Beauty Academy-Lakeland,28.053634,-81.94718,12,-2,,13833,0.9406392694,1,28,1
1204,Cosmetology and Related Personal Grooming Services.,460969,1,"Private, for-profit",1,13866.0,186.0,15307,176,15505.0,199.0,460969,Beauty Academy of South Florida,25.86289,-80.323571,21,-2,,0,0.9366666667,1,35,1
1204,Cosmetology and Related Personal Grooming Services.,462035,1,"Private, for-profit",1,16245.0,124.0,26824,113,26184.0,91.0,462035,Florida Academy,26.608576,-81.825149,13,-2,,17391,0.7785016287,1,29,1
1505,Environmental Control Technologies/Technicians.,462035,1,"Private, for-profit",1,42769.0,76.0,59889,64,,,462035,Florida Academy,26.608576,-81.825149,13,-2,,17391,0.7785016287,1,29,1
5123,Rehabilitation and Therapeutic Professions.,462035,0,"Private, for-profit",1,21411.0,42.0,28874,56,28725.0,21.0,462035,Florida Academy,26.608576,-81.825149,13,-2,,17391,0.7785016287,1,29,1
1204,Cosmetology and Related Personal Grooming Services.,475547,1,"Private, for-profit",1,18580.0,184.0,28337,173,21172.0,175.0,475547,Paul Mitchell the School-Fort Myers,26.495581,-81.792422,41,-2,,20818,0.7741935484,1,24,1
5109,"Allied Health Diagnostic, Intervention, and Treatment Professions.",475714,1,"Private, for-profit",1,52092.0,124.0,73154,116,75704.0,85.0,475714,American Medical Academy,25.66273,-80.393361,21,1,,24826,0.7594339623,1,27,1
5138,"Registered Nursing, Nursing Administration, Nursing Research and Clinical Nursing.",475714,1,"Private, for-profit",2,41511.0,25.0,71114,31,,,475714,American Medical Academy,25.66273,-80.393361,21,1,,24826,0.7594339623,1,27,1
1504,Electromechanical Technologies/Technicians.,476063,1,"Private, for-profit",1,36370.0,72.0,47140,69,38269.0,111.0,476063,Tulsa Welding School-Jacksonville,30.313564,-81.56007,11,-2,,20300,0.747530975,1,25,1
4603,Electrical and Power Transmission Installers.,476063,1,"Private, for-profit",1,30684.0,45.0,45204,30,,,476063,Tulsa Welding School-Jacksonville,30.313564,-81.56007,11,-2,,20300,0.747530975,1,25,1
1204,Cosmetology and Related Personal Grooming Services.,476498,1,"Private, for-profit",1,14061.0,101.0,23712,111,13473.0,96.0,476498,Futura Career Institute,25.863128,-80.306991,21,-2,,0,,1,34,1
1505,Environmental Control Technologies/Technicians.,476498,1,"Private, for-profit",1,33444.0,46.0,44264,69,38485.0,65.0,476498,Futura Career Institute,25.863128,-80.306991,21,-2,,0,,1,34,1
1002,Audiovisual Communications Technologies/Technicians.,476814,2,"Private, for-profit",1,17311.0,119.0,33711,221,29914.0,93.0,476814,Florida Institute of Recording Sound and Technology,28.625257,-81.401029,21,-2,,22890,0.6832740214,1,25,1
1108,Computer Software and Media Applications.,476814,2,"Private, for-profit",1,,,36774,24,,,476814,Florida Institute of Recording Sound and Technology,28.625257,-81.401029,21,-2,,22890,0.6832740214,1,25,1
5006,Film/Video and Photographic Arts.,476814,2,"Private, for-profit",1,21610.0,60.0,33668,98,22872.0,38.0,476814,Florida Institute of Recording Sound and Technology,28.625257,-81.401029,21,-2,,22890,0.6832740214,1,25,1
1102,Computer Programming.,476939,0,"Private, for-profit",1,15968.0,17.0,54867,24,,,476939,FVI School of Nursing and Technology,25.773542,-80.321789,21,-2,0.7358,3335,0.9059701493,2,33,1
5108,Allied Health and Medical Assisting Services.,476939,1,"Private, for-profit",1,23971.0,416.0,29753,374,22326.0,72.0,476939,FVI School of Nursing and Technology,25.773542,-80.321789,21,-2,0.7358,3335,0.9059701493,2,33,1
5139,"Practical Nursing, Vocational Nursing and Nursing Assistants.",476939,1,"Private, for-profit",1,24312.0,102.0,26870,107,25690.0,80.0,476939,FVI School of Nursing and Technology,25.773542,-80.321789,21,-2,0.7358,3335,0.9059701493,2,33,1
1104,Information Science/Studies.,480569,3,"Private, nonprofit",2,,,51539,32,,,480569,Florida Institute of Technology-Online,28.065773,-80.623123,13,9,0.4018,30032,0.7019104084,2,28,2
1104,Information Science/Studies.,480569,3,"Private, nonprofit",3,59368.0,49.0,85906,72,104378.0,53.0,480569,Florida Institute of Technology-Online,28.065773,-80.623123,13,9,0.4018,30032,0.7019104084,2,28,2
1110,Computer/Information Technology Administration and Management.,480569,3,"Private, nonprofit",5,94379.0,25.0,144218,18,,,480569,Florida Institute of Technology-Online,28.065773,-80.623123,13,9,0.4018,30032,0.7019104084,2,28,2
4228,"Clinical, Counseling and Applied Psychology.",480569,3,"Private, nonprofit",2,,,41767,19,,,480569,Florida Institute of Technology-Online,28.065773,-80.623123,13,9,0.4018,30032,0.7019104084,2,28,2
4228,"Clinical, Counseling and Applied Psychology.",480569,3,"Private, nonprofit",3,34506.0,60.0,55282,88,48721.0,67.0,480569,Florida Institute of Technology-Online,28.065773,-80.623123,13,9,0.4018,30032,0.7019104084,2,28,2
4901,Air Transportation.,480569,3,"Private, nonprofit",3,47019.0,69.0,83243,86,78035.0,39.0,480569,Florida Institute of Technology-Online,28.065773,-80.623123,13,9,0.4018,30032,0.7019104084,2,28,2
5107,Health and Medical Administrative Services.,480569,3,"Private, nonprofit",2,,,50488,23,,,480569,Florida Institute of Technology-Online,28.065773,-80.623123,13,9,0.4018,30032,0.7019104084,2,28,2
5107,Health and Medical Administrative Services.,480569,3,"Private, nonprofit",3,38295.0,19.0,51753,46,42362.0,24.0,480569,Florida Institute of Technology-Online,28.065773,-80.623123,13,9,0.4018,30032,0.7019104084,2,28,2
5107,Health and Medical Administrative Services.,480569,3,"Private, nonprofit",5,56721.0,36.0,84170,45,90047.0,40.0,480569,Florida Institute of Technology-Online,28.065773,-80.623123,13,9,0.4018,30032,0.7019104084,2,28,2
5202,"Business Administration, Management and Operations.",480569,3,"Private, nonprofit",2,,,56184,25,,,480569,Florida Institute of Technology-Online,28.065773,-80.623123,13,9,0.4018,30032,0.7019104084,2,28,2
5202,"Business Administration, Management and Operations.",480569,3,"Private, nonprofit",3,63708.0,58.0,72717,98,66289.0,60.0,480569,Florida Institute of Technology-Online,28.065773,-80.623123,13,9,0.4018,30032,0.7019104084,2,28,2
5202,"Business Administration, Management and Operations.",480569,3,"Private, nonprofit",5,85330.0,477.0,107776,584,103547.0,380.0,480569,Florida Institute of Technology-Online,28.065773,-80.623123,13,9,0.4018,30032,0.7019104084,2,28,2
5203,Accounting and Related Services.,480569,3,"Private, nonprofit",2,,,61624,17,,,480569,Florida Institute of Technology-Online,28.065773,-80.623123,13,9,0.4018,30032,0.7019104084,2,28,2
5203,Accounting and Related Services.,480569,3,"Private, nonprofit",3,48888.0,39.0,67417,45,48933.0,32.0,480569,Florida Institute of Technology-Online,28.065773,-80.623123,13,9,0.4018,30032,0.7019104084,2,28,2
5203,Accounting and Related Services.,480569,3,"Private, nonprofit",5,59951.0,30.0,85593,33,77501.0,33.0,480569,Florida Institute of Technology-Online,28.065773,-80.623123,13,9,0.4018,30032,0.7019104084,2,28,2
5212,Management Information Systems and Services.,480569,3,"Private, nonprofit",5,91603.0,129.0,107902,175,86838.0,127.0,480569,Florida Institute of Technology-Online,28.065773,-80.623123,13,9,0.4018,30032,0.7019104084,2,28,2
5214,Marketing.,480569,3,"Private, nonprofit",3,52158.0,18.0,62019,26,,,480569,Florida Institute of Technology-Online,28.065773,-80.623123,13,9,0.4018,30032,0.7019104084,2,28,2
0907,"Radio, Television, and Digital Communication.",480851,1,"Private, for-profit",1,15006.0,278.0,27726,242,23495.0,60.0,480851,Miami Media School,25.783576,-80.325673,13,1,,10759,0.7830687831,1,29,1
0909,"Public Relations, Advertising, and Applied Communication.",480851,1,"Private, for-profit",1,14229.0,27.0,27858,44,,,480851,Miami Media School,25.783576,-80.325673,13,1,,10759,0.7830687831,1,29,1
5138,"Registered Nursing, Nursing Administration, Nursing Research and Clinical Nursing.",481252,1,"Private, for-profit",2,59366.0,23.0,77653,25,,,481252,Ultrasound Medical Institute,26.68295,-80.22826,21,1,,19704,,1,32,1
1204,Cosmetology and Related Personal Grooming Services.,481368,1,"Private, for-profit",1,15773.0,17.0,22105,24,12010.0,17.0,481368,Prestige Health & Beauty Sciences Academy,25.985267,-80.135621,21,-2,,1003,,1,48,1
1314,Teaching English or French as a Second or Foreign Language.,481368,0,"Private, for-profit",1,,,10611,28,,,481368,Prestige Health & Beauty Sciences Academy,25.985267,-80.135621,21,-2,,1003,,1,48,1
1204,Cosmetology and Related Personal Grooming Services.,481483,1,"Private, for-profit",1,16730.0,323.0,26581,362,20910.0,131.0,481483,Boca Beauty Academy,26.366888,-80.167216,21,-2,,17520,0.8044217687,1,30,1
5135,Somatic Bodywork and Related Therapeutic Services.,481483,0,"Private, for-profit",1,22426.0,28.0,24383,20,37145.0,25.0,481483,Boca Beauty Academy,26.366888,-80.167216,21,-2,,17520,0.8044217687,1,30,1
0901,Communication and Media Studies.,482459,2,"Private, for-profit",3,47622.0,33.0,51752,49,47760.0,43.0,482459,DeVry University-Florida,28.53732,-81.379188,11,6,,22648,0.7560557866,2,31,1
1105,Computer Systems Analysis.,482459,2,"Private, for-profit",3,51805.0,562.0,71675,717,74585.0,1140.0,482459,DeVry University-Florida,28.53732,-81.379188,11,6,,22648,0.7560557866,2,31,1
1108,Computer Software and Media Applications.,482459,2,"Private, for-profit",2,,,38361,75,34869.0,248.0,482459,DeVry University-Florida,28.53732,-81.379188,11,6,,22648,0.7560557866,2,31,1
1108,Computer Software and Media Applications.,482459,2,"Private, for-profit",3,32159.0,130.0,47440,170,44884.0,418.0,482459,DeVry University-Florida,28.53732,-81.379188,11,6,,22648,0.7560557866,2,31,1
1109,Computer Systems Networking and Telecommunications.,482459,2,"Private, for-profit",2,44735.0,203.0,58586,377,57157.0,670.0,482459,DeVry University-Florida,28.53732,-81.379188,11,6,,22648,0.7560557866,2,31,1
1109,Computer Systems Networking and Telecommunications.,482459,2,"Private, for-profit",3,60540.0,341.0,73884,509,73315.0,805.0,482459,DeVry University-Florida,28.53732,-81.379188,11,6,,22648,0.7560557866,2,31,1
1109,Computer Systems Networking and Telecommunications.,482459,1,"Private, for-profit",5,74141.0,85.0,92609,107,94974.0,117.0,482459,DeVry University-Florida,28.53732,-81.379188,11,6,,22648,0.7560557866,2,31,1
1109,Computer Systems Networking and Telecommunications.,482459,1,"Private, for-profit",8,72251.0,28.0,91271,48,86388.0,40.0,482459,DeVry University-Florida,28.53732,-81.379188,11,6,,22648,0.7560557866,2,31,1
1304,Educational Administration and Supervision.,482459,1,"Private, for-profit",5,61426.0,18.0,61696,36,61226.0,42.0,482459,DeVry University-Florida,28.53732,-81.379188,11,6,,22648,0.7560557866,2,31,1
1409,Computer Engineering.,482459,2,"Private, for-profit",3,,,86645,21,61152.0,102.0,482459,DeVry University-Florida,28.53732,-81.379188,11,6,,22648,0.7560557866,2,31,1
1503,Electrical/Electronic Engineering Technologies/Technicians.,482459,2,"Private, for-profit",2,58056.0,72.0,68934,95,56000.0,163.0,482459,DeVry University-Florida,28.53732,-81.379188,11,6,,22648,0.7560557866,2,31,1
1503,Electrical/Electronic Engineering Technologies/Technicians.,482459,2,"Private, for-profit",3,67395.0,206.0,83322,269,85005.0,431.0,482459,DeVry University-Florida,28.53732,-81.379188,11,6,,22648,0.7560557866,2,31,1
1504,Electromechanical Technologies/Technicians.,482459,2,"Private, for-profit",3,62864.0,26.0,88911,58,83399.0,116.0,482459,DeVry University-Florida,28.53732,-81.379188,11,6,,22648,0.7560557866,2,31,1
1512,Computer Engineering Technologies/Technicians.,482459,2,"Private, for-profit",3,48829.0,58.0,79501,79,81090.0,150.0,482459,DeVry University-Florida,28.53732,-81.379188,11,6,,22648,0.7560557866,2,31,1
4301,Criminal Justice and Corrections.,482459,2,"Private, for-profit",3,43091.0,107.0,58145,154,50750.0,251.0,482459,DeVry University-Florida,28.53732,-81.379188,11,6,,22648,0.7560557866,2,31,1
5107,Health and Medical Administrative Services.,482459,2,"Private, for-profit",3,43316.0,81.0,52470,145,55014.0,90.0,482459,DeVry University-Florida,28.53732,-81.379188,11,6,,22648,0.7560557866,2,31,1
5201,"Business/Commerce, General.",482459,2,"Private, for-profit",2,43716.0,79.0,62848,34,,,482459,DeVry University-Florida,28.53732,-81.379188,11,6,,22648,0.7560557866,2,31,1
5201,"Business/Commerce, General.",482459,2,"Private, for-profit",3,57020.0,123.0,68126,130,61385.0,181.0,482459,DeVry University-Florida,28.53732,-81.379188,11,6,,22648,0.7560557866,2,31,1
5202,"Business Administration, Management and Operations.",482459,2,"Private, for-profit",3,55102.0,2236.0,68231,3338,62344.0,5572.0,482459,DeVry University-Florida,28.53732,-81.379188,11,6,,22648,0.7560557866,2,31,1
5202,"Business Administration, Management and Operations.",482459,1,"Private, for-profit",5,71067.0,1921.0,87024,2421,86831.0,2500.0,482459,DeVry University-Florida,28.53732,-81.379188,11,6,,22648,0.7560557866,2,31,1
5202,"Business Administration, Management and Operations.",482459,1,"Private, for-profit",8,71245.0,212.0,88594,256,76848.0,209.0,482459,DeVry University-Florida,28.53732,-81.379188,11,6,,22648,0.7560557866,2,31,1
5203,Accounting and Related Services.,482459,2,"Private, for-profit",2,,,49811,61,46547.0,190.0,482459,DeVry University-Florida,28.53732,-81.379188,11,6,,22648,0.7560557866,2,31,1
5203,Accounting and Related Services.,482459,2,"Private, for-profit",3,54264.0,46.0,66596,63,65249.0,72.0,482459,DeVry University-Florida,28.53732,-81.379188,11,6,,22648,0.7560557866,2,31,1
5203,Accounting and Related Services.,482459,1,"Private, for-profit",5,68141.0,567.0,80445,818,81554.0,775.0,482459,DeVry University-Florida,28.53732,-81.379188,11,6,,22648,0.7560557866,2,31,1
5203,Accounting and Related Services.,482459,1,"Private, for-profit",8,58112.0,38.0,84386,63,71145.0,99.0,482459,DeVry University-Florida,28.53732,-81.379188,11,6,,22648,0.7560557866,2,31,1
5210,Human Resources Management and Services.,482459,1,"Private, for-profit",5,58380.0,299.0,75225,335,69768.0,341.0,482459,DeVry University-Florida,28.53732,-81.379188,11,6,,22648,0.7560557866,2,31,1
5210,Human Resources Management and Services.,482459,1,"Private, for-profit",8,52210.0,88.0,66776,84,70533.0,92.0,482459,DeVry University-Florida,28.53732,-81.379188,11,6,,22648,0.7560557866,2,31,1
5212,Management Information Systems and Services.,482459,1,"Private, for-profit",5,77162.0,234.0,93642,306,91674.0,413.0,482459,DeVry University-Florida,28.53732,-81.379188,11,6,,22648,0.7560557866,2,31,1
1108,Computer Software and Media Applications.,482936,1,Public,3,61197.0,55.0,92070,67,,,482936,Florida Polytechnic University,28.150149,-81.845995,41,11,0.5752,,,2,,1
1409,Computer Engineering.,482936,1,Public,3,65126.0,23.0,92109,31,,,482936,Florida Polytechnic University,28.150149,-81.845995,41,11,0.5752,,,2,,1
1410,"Electrical, Electronics, and Communications Engineering.",482936,1,Public,3,70375.0,20.0,90086,26,,,482936,Florida Polytechnic University,28.150149,-81.845995,41,11,0.5752,,,2,,1
1419,Mechanical Engineering.,482936,1,Public,3,62595.0,28.0,70314,36,,,482936,Florida Polytechnic University,28.150149,-81.845995,41,11,0.5752,,,2,,1
5107,Health and Medical Administrative Services.,483470,1,"Private, for-profit",1,,,29210,53,24181.0,33.0,483470,More Tech Institute,25.8659,-80.30405,21,-2,,0,,1,34,1
1204,Cosmetology and Related Personal Grooming Services.,483896,1,"Private, for-profit",1,16072.0,178.0,27840,116,19779.0,65.0,483896,Parisian Spa Institute,30.31314,-81.677501,11,-2,,17764,0.6702702703,1,30,1
5135,Somatic Bodywork and Related Therapeutic Services.,483896,1,"Private, for-profit",1,22201.0,25.0,23225,16,,,483896,Parisian Spa Institute,30.31314,-81.677501,11,-2,,17764,0.6702702703,1,30,1
1204,Cosmetology and Related Personal Grooming Services.,484075,1,"Private, for-profit",1,,,17638,29,,,484075,First Coast Barber Academy,30.33211,-81.660201,11,-2,0.9,13624,,2,29,1
5135,Somatic Bodywork and Related Therapeutic Services.,484172,1,"Private, for-profit",1,24586.0,44.0,27485,46,,,484172,Lee Professional Institute,26.60411,-81.851331,13,-2,,9768,,1,35,1
0904,Journalism.,484473,3,Public,3,38164.0,113.0,58150,101,58392.0,153.0,484473,University of Florida-Online,29.649413,-82.339848,12,9,0.6126,39127,0.6673828964,2,21,2
0907,"Radio, Television, and Digital Communication.",484473,3,Public,3,33178.0,224.0,62227,255,57845.0,269.0,484473,University of Florida-Online,29.649413,-82.339848,12,9,0.6126,39127,0.6673828964,2,21,2
0909,"Public Relations, Advertising, and Applied Communication.",484473,3,Public,3,42099.0,403.0,69600,407,72397.0,366.0,484473,University of Florida-Online,29.649413,-82.339848,12,9,0.6126,39127,0.6673828964,2,21,2
1101,"Computer and Information Sciences, General.",484473,3,Public,3,90651.0,267.0,126268,201,128097.0,111.0,484473,University of Florida-Online,29.649413,-82.339848,12,9,0.6126,39127,0.6673828964,2,21,2
1419,Mechanical Engineering.,484473,3,Public,3,76228.0,250.0,97113,287,94291.0,335.0,484473,University of Florida-Online,29.649413,-82.339848,12,9,0.6126,39127,0.6673828964,2,21,2
2601,"Biology, General.",484473,3,Public,3,24713.0,324.0,53645,198,66170.0,321.0,484473,University of Florida-Online,29.649413,-82.339848,12,9,0.6126,39127,0.6673828964,2,21,2
2605,Microbiological Sciences and Immunology.,484473,3,Public,3,27994.0,132.0,64285,81,60469.0,115.0,484473,University of Florida-Online,29.649413,-82.339848,12,9,0.6126,39127,0.6673828964,2,21,2
3099,"Multi/Interdisciplinary Studies, Other.",484473,3,Public,3,33854.0,61.0,50633,42,67069.0,33.0,484473,University of Florida-Online,29.649413,-82.339848,12,9,0.6126,39127,0.6673828964,2,21,2
3103,"Parks, Recreation, and Leisure Facilities Management.",484473,3,Public,3,41046.0,61.0,64497,64,52792.0,100.0,484473,University of Florida-Online,29.649413,-82.339848,12,9,0.6126,39127,0.6673828964,2,21,2
3105,"Sports, Kinesiology, and Physical Education/Fitness.",484473,3,Public,3,39717.0,110.0,60497,133,57216.0,113.0,484473,University of Florida-Online,29.649413,-82.339848,12,9,0.6126,39127,0.6673828964,2,21,2
4006,Geological and Earth Sciences/Geosciences.,484473,3,Public,3,40691.0,33.0,69943,27,53189.0,40.0,484473,University of Florida-Online,29.649413,-82.339848,12,9,0.6126,39127,0.6673828964,2,21,2
4201,"Psychology, General.",484473,3,Public,3,26003.0,292.0,57053,323,57099.0,390.0,484473,University of Florida-Online,29.649413,-82.339848,12,9,0.6126,39127,0.6673828964,2,21,2
4302,Fire Protection.,484473,3,Public,3,86740.0,30.0,97839,30,,,484473,University of Florida-Online,29.649413,-82.339848,12,9,0.6126,39127,0.6673828964,2,21,2
4502,Anthropology.,484473,3,Public,3,29036.0,127.0,47348,140,53927.0,178.0,484473,University of Florida-Online,29.649413,-82.339848,12,9,0.6126,39127,0.6673828964,2,21,2
4504,Criminology.,484473,3,Public,3,35096.0,180.0,57953,216,61030.0,221.0,484473,University of Florida-Online,29.649413,-82.339848,12,9,0.6126,39127,0.6673828964,2,21,2
4507,Geography and Cartography.,484473,3,Public,3,43856.0,27.0,67276,34,56172.0,22.0,484473,University of Florida-Online,29.649413,-82.339848,12,9,0.6126,39127,0.6673828964,2,21,2
4511,Sociology.,484473,3,Public,3,33611.0,174.0,51039,174,51030.0,161.0,484473,University of Florida-Online,29.649413,-82.339848,12,9,0.6126,39127,0.6673828964,2,21,2
5001,"Visual and Performing Arts, General.",484473,3,Public,3,30629.0,45.0,47546,55,,,484473,University of Florida-Online,29.649413,-82.339848,12,9,0.6126,39127,0.6673828964,2,21,2
5102,Communication Disorders Sciences and Services.,484473,3,Public,3,26539.0,26.0,65370,70,59252.0,72.0,484473,University of Florida-Online,29.649413,-82.339848,12,9,0.6126,39127,0.6673828964,2,21,2
5122,Public Health.,484473,3,Public,3,30056.0,161.0,68605,219,66251.0,127.0,484473,University of Florida-Online,29.649413,-82.339848,12,9,0.6126,39127,0.6673828964,2,21,2
5138,"Registered Nursing, Nursing Administration, Nursing Research and Clinical Nursing.",484473,3,Public,3,73711.0,373.0,79839,266,77478.0,133.0,484473,University of Florida-Online,29.649413,-82.339848,12,9,0.6126,39127,0.6673828964,2,21,2
5202,"Business Administration, Management and Operations.",484473,3,Public,3,52032.0,425.0,82615,422,73834.0,340.0,484473,University of Florida-Online,29.649413,-82.339848,12,9,0.6126,39127,0.6673828964,2,21,2
5138,"Registered Nursing, Nursing Administration, Nursing Research and Clinical Nursing.",485272,1,"Private, for-profit",3,95859.0,3430.0,111455,2655,110377.0,1779.0,485272,West Coast University-Miami,25.81071,-80.347651,13,6,,29657,0.5829834254,1,27,1
0183,Veterinary/Animal Health Technologies/Technicians.,485342,1,Public,1,25517.0,18.0,22620,22,,,485342,Aparicio-Levy Technical College,27.990625,-82.332285,21,-2,,14000,,1,24,1
1204,Cosmetology and Related Personal Grooming Services.,485379,1,"Private, for-profit",1,15540.0,635.0,21754,530,20055.0,496.0,485379,Hollywood Institute of Beauty Careers-West Palm Beach,26.649613,-80.057435,12,-2,,13244,0.9535315985,1,29,1
5135,Somatic Bodywork and Related Therapeutic Services.,485379,1,"Private, for-profit",1,16075.0,79.0,26087,58,23750.0,63.0,485379,Hollywood Institute of Beauty Careers-West Palm Beach,26.649613,-80.057435,12,-2,,13244,0.9535315985,1,29,1
1204,Cosmetology and Related Personal Grooming Services.,485388,1,"Private, for-profit",1,15540.0,635.0,21754,530,20055.0,496.0,485388,Hollywood Institute of Beauty Careers-Casselberry,28.633003,-81.321511,21,-2,,13244,0.9535315985,1,29,1
5135,Somatic Bodywork and Related Therapeutic Services.,485388,1,"Private, for-profit",1,16075.0,79.0,26087,58,23750.0,63.0,485388,Hollywood Institute of Beauty Careers-Casselberry,28.633003,-81.321511,21,-2,,13244,0.9535315985,1,29,1
1204,Cosmetology and Related Personal Grooming Services.,485485,1,"Private, for-profit",1,13773.0,101.0,21460,103,,,485485,Latin Beauty Academy,26.64951,-80.143681,21,-2,,10689,,1,35,1
5202,"Business Administration, Management and Operations.",485768,3,"Private, for-profit",5,37973.0,21.0,66024,19,,,485768,Atlantis University,25.786495,-80.211287,11,6,,18862,0.8390804598,1,33,1
5212,Management Information Systems and Services.,485768,0,"Private, for-profit",3,56693.0,17.0,59231,25,,,485768,Atlantis University,25.786495,-80.211287,11,6,,18862,0.8390804598,1,33,1
5139,"Practical Nursing, Vocational Nursing and Nursing Assistants.",486150,1,Public,1,33863.0,27.0,54156,24,,,486150,Treasure Coast Technical College,27.678049,-80.413849,22,-2,,19063,,1,31,1
1204,Cosmetology and Related Personal Grooming Services.,487311,0,"Private, nonprofit",1,20024.0,182.0,27451,144,23945.0,105.0,487311,Jones Technical Institute,30.20813,-81.561491,11,1,,18476,0.8154050465,1,27,1
4706,Vehicle Maintenance and Repair Technologies/Technicians.,487311,1,"Private, nonprofit",2,40208.0,183.0,53255,204,50562.0,33.0,487311,Jones Technical Institute,30.20813,-81.561491,11,1,,18476,0.8154050465,1,27,1
5135,Somatic Bodywork and Related Therapeutic Services.,487311,0,"Private, nonprofit",1,19815.0,77.0,23496,65,26005.0,52.0,487311,Jones Technical Institute,30.20813,-81.561491,11,1,,18476,0.8154050465,1,27,1
5109,"Allied Health Diagnostic, Intervention, and Treatment Professions.",488059,1,"Private, for-profit",1,,,50760,40,,,488059,Med College,25.89821,-80.35256,21,1,,11370,,1,33,1
5109,"Allied Health Diagnostic, Intervention, and Treatment Professions.",488059,1,"Private, for-profit",2,,,61142,21,,,488059,Med College,25.89821,-80.35256,21,1,,11370,,1,33,1
3105,"Sports, Kinesiology, and Physical Education/Fitness.",488280,1,"Private, for-profit",1,18641.0,125.0,24910,129,,,488280,National Personal Training Institute,28.599067,-81.219818,21,-2,,20206,0.7602739726,1,29,1
5108,Allied Health and Medical Assisting Services.,488891,1,Public,1,28785.0,19.0,34723,16,,,488891,South Dade Technical College-South Dade Skills Center Campus,25.50406,-80.437371,21,-2,,,,1,,1
1204,Cosmetology and Related Personal Grooming Services.,489238,1,"Private, for-profit",1,16730.0,323.0,26581,362,20910.0,131.0,489238,Boca Beauty Academy-Parkland,26.321755,-80.203872,21,-2,,17520,0.8044217687,1,30,1
5135,Somatic Bodywork and Related Therapeutic Services.,489238,1,"Private, for-profit",1,22426.0,28.0,24383,20,37145.0,25.0,489238,Boca Beauty Academy-Parkland,26.321755,-80.203872,21,-2,,17520,0.8044217687,1,30,1
3105,"Sports, Kinesiology, and Physical Education/Fitness.",490018,1,"Private, for-profit",1,18641.0,125.0,24910,129,,,490018,National Personal Training Institute-Tampa,28.02675,-82.528321,21,-2,,20206,0.7602739726,1,29,1
5138,"Registered Nursing, Nursing Administration, Nursing Research and Clinical Nursing.",490054,1,"Private, for-profit",2,65647.0,179.0,76457,94,,,490054,HCI College,26.702663,-80.085147,21,6,,,,1,,1
1204,Cosmetology and Related Personal Grooming Services.,490142,1,"Private, for-profit",1,20087.0,23.0,26505,23,,,490142,World Class Academy of Beauty Careers,30.412845,-84.2909,12,-2,,,,1,,1
1204,Cosmetology and Related Personal Grooming Services.,490391,1,"Private, for-profit",1,11693.0,40.0,16645,34,,,490391,American Beauty and Trade School,25.761572,-80.327707,21,-2,,,,1,,1
5108,Allied Health and Medical Assisting Services.,490975,1,"Private, for-profit",1,28653.0,194.0,34554,166,32429.0,158.0,490975,Fortis College-Cutler Bay,25.585653,-80.363995,21,1,,16751,0.8713751169,1,30,1
5138,"Registered Nursing, Nursing Administration, Nursing Research and Clinical Nursing.",490975,1,"Private, for-profit",2,66396.0,229.0,85166,232,75091.0,207.0,490975,Fortis College-Cutler Bay,25.585653,-80.363995,21,1,,16751,0.8713751169,1,30,1
5139,"Practical Nursing, Vocational Nursing and Nursing Assistants.",490975,1,"Private, for-profit",1,47880.0,60.0,67955,90,60340.0,137.0,490975,Fortis College-Cutler Bay,25.585653,-80.363995,21,1,,16751,0.8713751169,1,30,1
1204,Cosmetology and Related Personal Grooming Services.,491136,1,"Private, for-profit",1,15679.0,828.0,27578,911,22409.0,1092.0,491136,Empire Beauty School-Tampa,27.941959,-82.338274,21,-2,,15061,0.8501350135,1,25,1
1204,Cosmetology and Related Personal Grooming Services.,491145,1,"Private, for-profit",1,18639.0,721.0,26761,759,22816.0,841.0,491145,Empire Beauty School-Lakeland,28.108318,-81.973025,12,-2,,14725,0.8920023351,1,26,1
1204,Cosmetology and Related Personal Grooming Services.,495369,1,"Private, for-profit",1,17570.0,122.0,30710,149,31784.0,93.0,495369,Paul Mitchell the School-Fort Lauderdale,26.117978,-80.255003,21,-2,,27361,0.6981132075,1,24,1
5138,"Registered Nursing, Nursing Administration, Nursing Research and Clinical Nursing.",495420,1,"Private, for-profit",3,85169.0,167.0,87378,70,,,495420,Arizona College of Nursing-Tampa,27.955614,-82.523369,11,-2,1,17322,0.8394683027,2,28,1
5138,"Registered Nursing, Nursing Administration, Nursing Research and Clinical Nursing.",495439,1,"Private, for-profit",3,85169.0,167.0,87378,70,,,495439,Arizona College of Nursing-Fort Lauderdale,26.205783,-80.138479,12,-2,,17322,0.8394683027,2,28,1
5107,Health and Medical Administrative Services.,496973,3,"Private, nonprofit",2,30821.0,292.0,38352,387,34623.0,340.0,496973,Herzing University-Tampa,27.976414,-82.335773,21,-2,0.8966,18321,0.8203449578,2,31,1
5107,Health and Medical Administrative Services.,496973,3,"Private, nonprofit",3,39231.0,100.0,51098,129,51340.0,157.0,496973,Herzing University-Tampa,27.976414,-82.335773,21,-2,0.8966,18321,0.8203449578,2,31,1
5138,"Registered Nursing, Nursing Administration, Nursing Research and Clinical Nursing.",496973,1,"Private, nonprofit",2,73342.0,309.0,86632,322,76115.0,276.0,496973,Herzing University-Tampa,27.976414,-82.335773,21,-2,0.8966,18321,0.8203449578,2,31,1
5138,"Registered Nursing, Nursing Administration, Nursing Research and Clinical Nursing.",496973,1,"Private, nonprofit",3,75774.0,543.0,91010,440,81525.0,193.0,496973,Herzing University-Tampa,27.976414,-82.335773,21,-2,0.8966,18321,0.8203449578,2,31,1
5139,"Practical Nursing, Vocational Nursing and Nursing Assistants.",496973,1,"Private, nonprofit",1,47310.0,115.0,71753,79,67146.0,51.0,496973,Herzing University-Tampa,27.976414,-82.335773,21,-2,0.8966,18321,0.8203449578,2,31,1
5202,"Business Administration, Management and Operations.",496973,3,"Private, nonprofit",2,30536.0,40.0,32081,46,39668.0,77.0,496973,Herzing University-Tampa,27.976414,-82.335773,21,-2,0.8966,18321,0.8203449578,2,31,1
5202,"Business Administration, Management and Operations.",496973,3,"Private, nonprofit",3,52469.0,130.0,66379,140,65935.0,160.0,496973,Herzing University-Tampa,27.976414,-82.335773,21,-2,0.8966,18321,0.8203449578,2,31,1
5202,"Business Administration, Management and Operations.",496973,3,"Private, nonprofit",5,54065.0,190.0,70854,218,54354.0,178.0,496973,Herzing University-Tampa,27.976414,-82.335773,21,-2,0.8966,18321,0.8203449578,2,31,1
5138,"Registered Nursing, Nursing Administration, Nursing Research and Clinical Nursing.",496991,1,"Private, for-profit",2,68114.0,1711.0,80988,1897,78480.0,1026.0,496991,Galen Health Institutes-Miami Campus,25.997073,-80.337924,21,-2,,32673,0.6627957932,1,30,1
5138,"Registered Nursing, Nursing Administration, Nursing Research and Clinical Nursing.",496991,1,"Private, for-profit",3,76234.0,607.0,91862,463,89101.0,39.0,496991,Galen Health Institutes-Miami Campus,25.997073,-80.337924,21,-2,,32673,0.6627957932,1,30,1
1204,Cosmetology and Related Personal Grooming Services.,497222,1,"Private, for-profit",1,18275.0,100.0,16637,62,20586.0,60.0,497222,Salon Professional Academy-Elevate Salon Institute,25.786328,-80.144449,13,-2,,13607,0.8571428571,1,26,1
4706,Vehicle Maintenance and Repair Technologies/Technicians.,498030,1,"Private, for-profit",1,41147.0,2416.0,58515,3298,54442.0,3576.0,498030,Universal Technical Institute-South Florida Miramar,25.984525,-80.339008,21,-2,,28618,0.7365907829,1,22,1
4706,Vehicle Maintenance and Repair Technologies/Technicians.,498030,1,"Private, for-profit",2,39458.0,2109.0,60060,1926,54733.0,1252.0,498030,Universal Technical Institute-South Florida Miramar,25.984525,-80.339008,21,-2,,28618,0.7365907829,1,22,1
4805,Precision Metal Working.,498030,1,"Private, for-profit",1,37568.0,496.0,52936,287,,,498030,Universal Technical Institute-South Florida Miramar,25.984525,-80.339008,21,-2,,28618,0.7365907829,1,22,1
5138,"Registered Nursing, Nursing Administration, Nursing Research and Clinical Nursing.",498076,1,"Private, for-profit",2,68114.0,1711.0,80988,1897,78480.0,1026.0,498076,Galen Health Institutes-Sarasota,27.342303,-82.449266,21,-2,,32673,0.6627957932,1,30,1
5138,"Registered Nursing, Nursing Administration, Nursing Research and Clinical Nursing.",498076,1,"Private, for-profit",3,76234.0,607.0,91862,463,89101.0,39.0,498076,Galen Health Institutes-Sarasota,27.342303,-82.449266,21,-2,,32673,0.6627957932,1,30,1
5138,"Registered Nursing, Nursing Administration, Nursing Research and Clinical Nursing.",498085,1,"Private, for-profit",2,68114.0,1711.0,80988,1897,78480.0,1026.0,498085,Galen Health Institutes-Gainesville,29.630471,-82.417064,22,-2,,32673,0.6627957932,1,30,1
5138,"Registered Nursing, Nursing Administration, Nursing Research and Clinical Nursing.",498085,1,"Private, for-profit",3,76234.0,607.0,91862,463,89101.0,39.0,498085,Galen Health Institutes-Gainesville,29.630471,-82.417064,22,-2,,32673,0.6627957932,1,30,1
5139,"Practical Nursing, Vocational Nursing and Nursing Assistants.",498085,1,"Private, for-profit",1,46830.0,375.0,64240,565,56593.0,371.0,498085,Galen Health Institutes-Gainesville,29.630471,-82.417064,22,-2,,32673,0.6627957932,1,30,1
5138,"Registered Nursing, Nursing Administration, Nursing Research and Clinical Nursing.",499370,1,"Private, for-profit",3,85169.0,167.0,87378,70,,,499370,Arizona College of Nursing-Sarasota,27.397535,-82.452156,21,-2,1,17322,0.8394683027,2,28,1
5107,Health and Medical Administrative Services.,499495,1,"Private, for-profit",1,32764.0,24.0,37829,18,31104.0,27.0,499495,Gwinnett Institute,28.571233,-81.208356,21,-2,,16256,0.8884615385,2,27,1
5108,Allied Health and Medical Assisting Services.,499495,1,"Private, for-profit",1,26939.0,89.0,34911,73,31871.0,89.0,499495,Gwinnett Institute,28.571233,-81.208356,21,-2,,16256,0.8884615385,2,27,1
5138,"Registered Nursing, Nursing Administration, Nursing Research and Clinical Nursing.",499495,1,"Private, for-profit",2,69241.0,67.0,85057,44,69737.0,55.0,499495,Gwinnett Institute,28.571233,-81.208356,21,-2,,16256,0.8884615385,2,27,1
5139,"Practical Nursing, Vocational Nursing and Nursing Assistants.",499495,1,"Private, for-profit",1,54072.0,69.0,63036,40,44151.0,237.0,499495,Gwinnett Institute,28.571233,-81.208356,21,-2,,16256,0.8884615385,2,27,1
