code,title,unit_id,distance,credential.level,repayment.1_yr_bb_fed_comp.count,earnings.1_yr.working_not_enrolled.overall_count,earnings.1_yr.not_working_not_enrolled.overall_count,debt.staff_grad_plus.all.eval_inst.median_payment,id,school.name,latest.academics.program_reporter.programs_offered,latest.academics.program_percentage.agriculture,latest.academics.program_percentage.resources,latest.academics.program_percentage.architecture,latest.academics.program_percentage.ethnic_cultural_gender,latest.academics.program_percentage.communication,latest.academics.program_percentage.communications_technology,latest.academics.program_percentage.computer,latest.academics.program_percentage.personal_culinary,latest.academics.program_percentage.education,latest.academics.program_percentage.engineering,latest.academics.program_percentage.engineering_technology,latest.academics.program_percentage.language,latest.academics.program_percentage.family_consumer_science,latest.academics.program_percentage.legal,latest.academics.program_percentage.english,latest.academics.program_percentage.humanities,latest.academics.program_percentage.library,latest.academics.program_percentage.biological,latest.academics.program_percentage.mathematics,latest.academics.program_percentage.military,latest.academics.program_percentage.multidiscipline,latest.academics.program_percentage.parks_recreation_fitness,latest.academics.program_percentage.philosophy_religious,latest.academics.program_percentage.theology_religious_vocation,latest.academics.program_percentage.physical_science,latest.academics.program_percentage.science_technology,latest.academics.program_percentage.psychology,latest.academics.program_percentage.security_law_enforcement,latest.academics.program_percentage.public_administration_social_service,latest.academics.program_percentage.social_science,latest.academics.program_percentage.construction,latest.academics.program_percentage.mechanic_repair_technology,latest.academics.program_percentage.precision_production,latest.academics.program_percentage.transportation,latest.academics.program_percentage.visual_performing,latest.academics.program_percentage.health,latest.academics.program_percentage.business_marketing,latest.academics.program_percentage.history,latest.school.instructional_expenditure_per_fte,latest.school.faculty_salary,latest.school.ft_faculty_rate,latest.student.demographics.student_faculty_ratio,latest.school.endowment.begin,latest.school.endowment.end,latest.school.dolflag,latest.admissions.admission_rate.overall,latest.school.open_admissions_policy
1205,Culinary Arts and Related Services.,132374,1,1,,22.0,2.0,,132374,Atlantic Technical College,47,0,0,0,0,0,0,0.1043,0.0313,0,0,0.1913,0,0,0.0278,0,0,0,0,0,0,0,0,0,0,0,0,0,0,0,0,0.0765,0.0591,0.033,0,0,0.4017,0.0748,0,19483,,,17,,,1,,1
4603,Electrical and Power Transmission Installers.,132374,2,1,,32.0,1.0,,132374,Atlantic Technical College,47,0,0,0,0,0,0,0.1043,0.0313,0,0,0.1913,0,0,0.0278,0,0,0,0,0,0,0,0,0,0,0,0,0,0,0,0,0.0765,0.0591,0.033,0,0,0.4017,0.0748,0,19483,,,17,,,1,,1
4702,"Heating, Air Conditioning, Ventilation and Refrigeration Maintenance Technology/Technician (HAC, HACR, HVAC, HVACR).",132374,1,1,,63.0,5.0,,132374,Atlantic Technical College,47,0,0,0,0,0,0,0.1043,0.0313,0,0,0.1913,0,0,0.0278,0,0,0,0,0,0,0,0,0,0,0,0,0,0,0,0,0.0765,0.0591,0.033,0,0,0.4017,0.0748,0,19483,,,17,,,1,,1
4706,Vehicle Maintenance and Repair Technologies/Technicians.,132374,1,1,,24.0,2.0,,132374,Atlantic Technical College,47,0,0,0,0,0,0,0.1043,0.0313,0,0,0.1913,0,0,0.0278,0,0,0,0,0,0,0,0,0,0,0,0,0,0,0,0,0.0765,0.0591,0.033,0,0,0.4017,0.0748,0,19483,,,17,,,1,,1
5108,Allied Health and Medical Assisting Services.,132374,1,1,,33.0,2.0,,132374,Atlantic Technical College,47,0,0,0,0,0,0,0.1043,0.0313,0,0,0.1913,0,0,0.0278,0,0,0,0,0,0,0,0,0,0,0,0,0,0,0,0,0.0765,0.0591,0.033,0,0,0.4017,0.0748,0,19483,,,17,,,1,,1
5139,"Practical Nursing, Vocational Nursing and Nursing Assistants.",132374,1,1,,49.0,0.0,,132374,Atlantic Technical College,47,0,0,0,0,0,0,0.1043,0.0313,0,0,0.1913,0,0,0.0278,0,0,0,0,0,0,0,0,0,0,0,0,0,0,0,0,0.0765,0.0591,0.033,0,0,0.4017,0.0748,0,19483,,,17,,,1,,1
3906,Theological and Ministerial Studies.,132408,3,3,21.0,21.0,1.0,254.0,132408,Baptist University of Florida,,0,0,0,0,0,0,0,0,0.0556,0,0,0,0,0,0.037,0.2407,0,0,0,0,0,0,0,0.3519,0,0,0.1667,0,0,0,0,0,0,0,0.1111,0,0.0185,0.0185,9992,5515,1,8,8589732,7970708,0,0.3599,2
4201,"Psychology, General.",132408,3,3,13.0,,1.0,,132408,Baptist University of Florida,,0,0,0,0,0,0,0,0,0.0556,0,0,0,0,0,0.037,0.2407,0,0,0,0,0,0,0,0.3519,0,0,0.1667,0,0,0,0,0,0,0,0.1111,0,0.0185,0.0185,9992,5515,1,8,8589732,7970708,0,0.3599,2
1101,"Computer and Information Sciences, General.",132471,2,3,34.0,31.0,4.0,294.0,132471,Barry University,,0,0,0,0,0.0366,0,0.0539,0,0.0173,0,0,0,0,0.0077,0.0019,0.0135,0,0.1522,0.0019,0,0,0.0405,0.0019,0.0019,0.0096,0,0.0636,0.0289,0.0829,0.0385,0,0,0,0,0.0366,0.2216,0.1888,0,11546,8861,0.283,7,53988781,58752320,0,0.7724,2
1304,Educational Administration and Supervision.,132471,2,5,83.0,92.0,1.0,583.0,132471,Barry University,,0,0,0,0,0.0366,0,0.0539,0,0.0173,0,0,0,0,0.0077,0.0019,0.0135,0,0.1522,0.0019,0,0,0.0405,0.0019,0.0019,0.0096,0,0.0636,0.0289,0.0829,0.0385,0,0,0,0,0.0366,0.2216,0.1888,0,11546,8861,0.283,7,53988781,58752320,0,0.7724,2
1313,"Teacher Education and Professional Development, Specific Subject Areas.",132471,2,5,23.0,,1.0,,132471,Barry University,,0,0,0,0,0.0366,0,0.0539,0,0.0173,0,0,0,0,0.0077,0.0019,0.0135,0,0.1522,0.0019,0,0,0.0405,0.0019,0.0019,0.0096,0,0.0636,0.0289,0.0829,0.0385,0,0,0,0,0.0366,0.2216,0.1888,0,11546,8861,0.283,7,53988781,58752320,0,0.7724,2
2201,Law.,132471,1,7,291.0,288.0,19.0,1757.0,132471,Barry University,,0,0,0,0,0.0366,0,0.0539,0,0.0173,0,0,0,0,0.0077,0.0019,0.0135,0,0.1522,0.0019,0,0,0.0405,0.0019,0.0019,0.0096,0,0.0636,0.0289,0.0829,0.0385,0,0,0,0,0.0366,0.2216,0.1888,0,11546,8861,0.283,7,53988781,58752320,0,0.7724,2
2401,"Liberal Arts and Sciences, General Studies and Humanities.",132471,1,3,37.0,29.0,1.0,404.0,132471,Barry University,,0,0,0,0,0.0366,0,0.0539,0,0.0173,0,0,0,0,0.0077,0.0019,0.0135,0,0.1522,0.0019,0,0,0.0405,0.0019,0.0019,0.0096,0,0.0636,0.0289,0.0829,0.0385,0,0,0,0,0.0366,0.2216,0.1888,0,11546,8861,0.283,7,53988781,58752320,0,0.7724,2
2601,"Biology, General.",132471,1,3,61.0,53.0,4.0,315.0,132471,Barry University,,0,0,0,0,0.0366,0,0.0539,0,0.0173,0,0,0,0,0.0077,0.0019,0.0135,0,0.1522,0.0019,0,0,0.0405,0.0019,0.0019,0.0096,0,0.0636,0.0289,0.0829,0.0385,0,0,0,0,0.0366,0.2216,0.1888,0,11546,8861,0.283,7,53988781,58752320,0,0.7724,2
2699,"Biological and Biomedical Sciences, Other.",132471,1,5,147.0,80.0,19.0,720.0,132471,Barry University,,0,0,0,0,0.0366,0,0.0539,0,0.0173,0,0,0,0,0.0077,0.0019,0.0135,0,0.1522,0.0019,0,0,0.0405,0.0019,0.0019,0.0096,0,0.0636,0.0289,0.0829,0.0385,0,0,0,0,0.0366,0.2216,0.1888,0,11546,8861,0.283,7,53988781,58752320,0,0.7724,2
3105,"Sports, Kinesiology, and Physical Education/Fitness.",132471,1,3,24.0,,0.0,,132471,Barry University,,0,0,0,0,0.0366,0,0.0539,0,0.0173,0,0,0,0,0.0077,0.0019,0.0135,0,0.1522,0.0019,0,0,0.0405,0.0019,0.0019,0.0096,0,0.0636,0.0289,0.0829,0.0385,0,0,0,0,0.0366,0.2216,0.1888,0,11546,8861,0.283,7,53988781,58752320,0,0.7724,2
3105,"Sports, Kinesiology, and Physical Education/Fitness.",132471,2,5,23.0,31.0,1.0,655.0,132471,Barry University,,0,0,0,0,0.0366,0,0.0539,0,0.0173,0,0,0,0,0.0077,0.0019,0.0135,0,0.1522,0.0019,0,0,0.0405,0.0019,0.0019,0.0096,0,0.0636,0.0289,0.0829,0.0385,0,0,0,0,0.0366,0.2216,0.1888,0,11546,8861,0.283,7,53988781,58752320,0,0.7724,2
4201,"Psychology, General.",132471,1,3,36.0,23.0,4.0,267.0,132471,Barry University,,0,0,0,0,0.0366,0,0.0539,0,0.0173,0,0,0,0,0.0077,0.0019,0.0135,0,0.1522,0.0019,0,0,0.0405,0.0019,0.0019,0.0096,0,0.0636,0.0289,0.0829,0.0385,0,0,0,0,0.0366,0.2216,0.1888,0,11546,8861,0.283,7,53988781,58752320,0,0.7724,2
4228,"Clinical, Counseling and Applied Psychology.",132471,1,5,56.0,57.0,7.0,933.0,132471,Barry University,,0,0,0,0,0.0366,0,0.0539,0,0.0173,0,0,0,0,0.0077,0.0019,0.0135,0,0.1522,0.0019,0,0,0.0405,0.0019,0.0019,0.0096,0,0.0636,0.0289,0.0829,0.0385,0,0,0,0,0.0366,0.2216,0.1888,0,11546,8861,0.283,7,53988781,58752320,0,0.7724,2
4404,Public Administration.,132471,2,3,51.0,40.0,4.0,354.0,132471,Barry University,,0,0,0,0,0.0366,0,0.0539,0,0.0173,0,0,0,0,0.0077,0.0019,0.0135,0,0.1522,0.0019,0,0,0.0405,0.0019,0.0019,0.0096,0,0.0636,0.0289,0.0829,0.0385,0,0,0,0,0.0366,0.2216,0.1888,0,11546,8861,0.283,7,53988781,58752320,0,0.7724,2
4404,Public Administration.,132471,2,5,124.0,140.0,5.0,466.0,132471,Barry University,,0,0,0,0,0.0366,0,0.0539,0,0.0173,0,0,0,0,0.0077,0.0019,0.0135,0,0.1522,0.0019,0,0,0.0405,0.0019,0.0019,0.0096,0,0.0636,0.0289,0.0829,0.0385,0,0,0,0,0.0366,0.2216,0.1888,0,11546,8861,0.283,7,53988781,58752320,0,0.7724,2
4407,Social Work.,132471,1,3,15.0,,1.0,311.0,132471,Barry University,,0,0,0,0,0.0366,0,0.0539,0,0.0173,0,0,0,0,0.0077,0.0019,0.0135,0,0.1522,0.0019,0,0,0.0405,0.0019,0.0019,0.0096,0,0.0636,0.0289,0.0829,0.0385,0,0,0,0,0.0366,0.2216,0.1888,0,11546,8861,0.283,7,53988781,58752320,0,0.7724,2
4407,Social Work.,132471,2,5,240.0,236.0,10.0,466.0,132471,Barry University,,0,0,0,0,0.0366,0,0.0539,0,0.0173,0,0,0,0,0.0077,0.0019,0.0135,0,0.1522,0.0019,0,0,0.0405,0.0019,0.0019,0.0096,0,0.0636,0.0289,0.0829,0.0385,0,0,0,0,0.0366,0.2216,0.1888,0,11546,8861,0.283,7,53988781,58752320,0,0.7724,2
4504,Criminology.,132471,1,3,22.0,21.0,2.0,286.0,132471,Barry University,,0,0,0,0,0.0366,0,0.0539,0,0.0173,0,0,0,0,0.0077,0.0019,0.0135,0,0.1522,0.0019,0,0,0.0405,0.0019,0.0019,0.0096,0,0.0636,0.0289,0.0829,0.0385,0,0,0,0,0.0366,0.2216,0.1888,0,11546,8861,0.283,7,53988781,58752320,0,0.7724,2
5107,Health and Medical Administrative Services.,132471,2,3,26.0,21.0,0.0,336.0,132471,Barry University,,0,0,0,0,0.0366,0,0.0539,0,0.0173,0,0,0,0,0.0077,0.0019,0.0135,0,0.1522,0.0019,0,0,0.0405,0.0019,0.0019,0.0096,0,0.0636,0.0289,0.0829,0.0385,0,0,0,0,0.0366,0.2216,0.1888,0,11546,8861,0.283,7,53988781,58752320,0,0.7724,2
5109,"Allied Health Diagnostic, Intervention, and Treatment Professions.",132471,1,3,28.0,32.0,0.0,310.0,132471,Barry University,,0,0,0,0,0.0366,0,0.0539,0,0.0173,0,0,0,0,0.0077,0.0019,0.0135,0,0.1522,0.0019,0,0,0.0405,0.0019,0.0019,0.0096,0,0.0636,0.0289,0.0829,0.0385,0,0,0,0,0.0366,0.2216,0.1888,0,11546,8861,0.283,7,53988781,58752320,0,0.7724,2
5109,"Allied Health Diagnostic, Intervention, and Treatment Professions.",132471,1,5,164.0,174.0,2.0,1750.0,132471,Barry University,,0,0,0,0,0.0366,0,0.0539,0,0.0173,0,0,0,0,0.0077,0.0019,0.0135,0,0.1522,0.0019,0,0,0.0405,0.0019,0.0019,0.0096,0,0.0636,0.0289,0.0829,0.0385,0,0,0,0,0.0366,0.2216,0.1888,0,11546,8861,0.283,7,53988781,58752320,0,0.7724,2
5112,Medicine.,132471,1,7,,87.0,2.0,3173.0,132471,Barry University,,0,0,0,0,0.0366,0,0.0539,0,0.0173,0,0,0,0,0.0077,0.0019,0.0135,0,0.1522,0.0019,0,0,0.0405,0.0019,0.0019,0.0096,0,0.0636,0.0289,0.0829,0.0385,0,0,0,0,0.0366,0.2216,0.1888,0,11546,8861,0.283,7,53988781,58752320,0,0.7724,2
5123,Rehabilitation and Therapeutic Professions.,132471,2,5,70.0,68.0,4.0,990.0,132471,Barry University,,0,0,0,0,0.0366,0,0.0539,0,0.0173,0,0,0,0,0.0077,0.0019,0.0135,0,0.1522,0.0019,0,0,0.0405,0.0019,0.0019,0.0096,0,0.0636,0.0289,0.0829,0.0385,0,0,0,0,0.0366,0.2216,0.1888,0,11546,8861,0.283,7,53988781,58752320,0,0.7724,2
5138,"Registered Nursing, Nursing Administration, Nursing Research and Clinical Nursing.",132471,1,3,192.0,180.0,1.0,306.0,132471,Barry University,,0,0,0,0,0.0366,0,0.0539,0,0.0173,0,0,0,0,0.0077,0.0019,0.0135,0,0.1522,0.0019,0,0,0.0405,0.0019,0.0019,0.0096,0,0.0636,0.0289,0.0829,0.0385,0,0,0,0,0.0366,0.2216,0.1888,0,11546,8861,0.283,7,53988781,58752320,0,0.7724,2
5138,"Registered Nursing, Nursing Administration, Nursing Research and Clinical Nursing.",132471,1,5,212.0,246.0,4.0,933.0,132471,Barry University,,0,0,0,0,0.0366,0,0.0539,0,0.0173,0,0,0,0,0.0077,0.0019,0.0135,0,0.1522,0.0019,0,0,0.0405,0.0019,0.0019,0.0096,0,0.0636,0.0289,0.0829,0.0385,0,0,0,0,0.0366,0.2216,0.1888,0,11546,8861,0.283,7,53988781,58752320,0,0.7724,2
5138,"Registered Nursing, Nursing Administration, Nursing Research and Clinical Nursing.",132471,2,6,19.0,,0.0,941.0,132471,Barry University,,0,0,0,0,0.0366,0,0.0539,0,0.0173,0,0,0,0,0.0077,0.0019,0.0135,0,0.1522,0.0019,0,0,0.0405,0.0019,0.0019,0.0096,0,0.0636,0.0289,0.0829,0.0385,0,0,0,0,0.0366,0.2216,0.1888,0,11546,8861,0.283,7,53988781,58752320,0,0.7724,2
5202,"Business Administration, Management and Operations.",132471,2,3,156.0,138.0,11.0,322.0,132471,Barry University,,0,0,0,0,0.0366,0,0.0539,0,0.0173,0,0,0,0,0.0077,0.0019,0.0135,0,0.1522,0.0019,0,0,0.0405,0.0019,0.0019,0.0096,0,0.0636,0.0289,0.0829,0.0385,0,0,0,0,0.0366,0.2216,0.1888,0,11546,8861,0.283,7,53988781,58752320,0,0.7724,2
5202,"Business Administration, Management and Operations.",132471,2,5,88.0,124.0,7.0,466.0,132471,Barry University,,0,0,0,0,0.0366,0,0.0539,0,0.0173,0,0,0,0,0.0077,0.0019,0.0135,0,0.1522,0.0019,0,0,0.0405,0.0019,0.0019,0.0096,0,0.0636,0.0289,0.0829,0.0385,0,0,0,0,0.0366,0.2216,0.1888,0,11546,8861,0.283,7,53988781,58752320,0,0.7724,2
0901,Communication and Media Studies.,132602,1,3,49.0,,1.0,,132602,Bethune-Cookman University,,0,0.0034,0,0,0.1,0,0.0207,0,0.031,0.0138,0,0,0,0,0.0069,0.2207,0,0.0448,0.0034,0,0.0138,0.1,0,0,0,0,0.1414,0.0793,0,0.031,0,0,0,0,0.0172,0.0138,0.1586,0,11053,7167,0.76,17,36303752,41110832,1,0.8824,2
1313,"Teacher Education and Professional Development, Specific Subject Areas.",132602,1,3,42.0,,0.0,,132602,Bethune-Cookman University,,0,0.0034,0,0,0.1,0,0.0207,0,0.031,0.0138,0,0,0,0,0.0069,0.2207,0,0.0448,0.0034,0,0.0138,0.1,0,0,0,0,0.1414,0.0793,0,0.031,0,0,0,0,0.0172,0.0138,0.1586,0,11053,7167,0.76,17,36303752,41110832,1,0.8824,2
2401,"Liberal Arts and Sciences, General Studies and Humanities.",132602,1,3,101.0,36.0,2.0,329.0,132602,Bethune-Cookman University,,0,0.0034,0,0,0.1,0,0.0207,0,0.031,0.0138,0,0,0,0,0.0069,0.2207,0,0.0448,0.0034,0,0.0138,0.1,0,0,0,0,0.1414,0.0793,0,0.031,0,0,0,0,0.0172,0.0138,0.1586,0,11053,7167,0.76,17,36303752,41110832,1,0.8824,2
3011,Gerontology.,132602,1,3,24.0,,,,132602,Bethune-Cookman University,,0,0.0034,0,0,0.1,0,0.0207,0,0.031,0.0138,0,0,0,0,0.0069,0.2207,0,0.0448,0.0034,0,0.0138,0.1,0,0,0,0,0.1414,0.0793,0,0.031,0,0,0,0,0.0172,0.0138,0.1586,0,11053,7167,0.76,17,36303752,41110832,1,0.8824,2
4201,"Psychology, General.",132602,1,3,87.0,,1.0,,132602,Bethune-Cookman University,,0,0.0034,0,0,0.1,0,0.0207,0,0.031,0.0138,0,0,0,0,0.0069,0.2207,0,0.0448,0.0034,0,0.0138,0.1,0,0,0,0,0.1414,0.0793,0,0.031,0,0,0,0,0.0172,0.0138,0.1586,0,11053,7167,0.76,17,36303752,41110832,1,0.8824,2
4301,Criminal Justice and Corrections.,132602,1,3,63.0,,1.0,,132602,Bethune-Cookman University,,0,0.0034,0,0,0.1,0,0.0207,0,0.031,0.0138,0,0,0,0,0.0069,0.2207,0,0.0448,0.0034,0,0.0138,0.1,0,0,0,0,0.1414,0.0793,0,0.031,0,0,0,0,0.0172,0.0138,0.1586,0,11053,7167,0.76,17,36303752,41110832,1,0.8824,2
5138,"Registered Nursing, Nursing Administration, Nursing Research and Clinical Nursing.",132602,1,3,,,0.0,,132602,Bethune-Cookman University,,0,0.0034,0,0,0.1,0,0.0207,0,0.031,0.0138,0,0,0,0,0.0069,0.2207,0,0.0448,0.0034,0,0.0138,0.1,0,0,0,0,0.1414,0.0793,0,0.031,0,0,0,0,0.0172,0.0138,0.1586,0,11053,7167,0.76,17,36303752,41110832,1,0.8824,2
5202,"Business Administration, Management and Operations.",132602,1,3,45.0,,0.0,,132602,Bethune-Cookman University,,0,0.0034,0,0,0.1,0,0.0207,0,0.031,0.0138,0,0,0,0,0.0069,0.2207,0,0.0448,0.0034,0,0.0138,0.1,0,0,0,0,0.1414,0.0793,0,0.031,0,0,0,0,0.0172,0.0138,0.1586,0,11053,7167,0.76,17,36303752,41110832,1,0.8824,2
5210,Human Resources Management and Services.,132602,3,5,,,1.0,,132602,Bethune-Cookman University,,0,0.0034,0,0,0.1,0,0.0207,0,0.031,0.0138,0,0,0,0,0.0069,0.2207,0,0.0448,0.0034,0,0.0138,0.1,0,0,0,0,0.1414,0.0793,0,0.031,0,0,0,0,0.0172,0.0138,0.1586,0,11053,7167,0.76,17,36303752,41110832,1,0.8824,2
0901,Communication and Media Studies.,132657,1,3,15.0,,4.0,,132657,Lynn University,,0,0.0051,0,0,0.0696,0.017,0,0,0.0357,0,0,0,0,0,0,0.0017,0,0.0628,0,0.0136,0.0068,0.0696,0,0,0,0,0.0951,0.0594,0,0.0119,0,0,0,0.0611,0.107,0.0051,0.3786,0,7523,6894,0.4331,16,37840050,42918486,0,0.7347,2
0901,Communication and Media Studies.,132657,0,5,16.0,20.0,1.0,,132657,Lynn University,,0,0.0051,0,0,0.0696,0.017,0,0,0.0357,0,0,0,0,0,0,0.0017,0,0.0628,0,0.0136,0.0068,0.0696,0,0,0,0,0.0951,0.0594,0,0.0119,0,0,0,0.0611,0.107,0.0051,0.3786,0,7523,6894,0.4331,16,37840050,42918486,0,0.7347,2
0907,"Radio, Television, and Digital Communication.",132657,2,3,19.0,,2.0,207.0,132657,Lynn University,,0,0.0051,0,0,0.0696,0.017,0,0,0.0357,0,0,0,0,0,0,0.0017,0,0.0628,0,0.0136,0.0068,0.0696,0,0,0,0,0.0951,0.0594,0,0.0119,0,0,0,0.0611,0.107,0.0051,0.3786,0,7523,6894,0.4331,16,37840050,42918486,0,0.7347,2
1003,Graphic Communications.,132657,1,3,19.0,24.0,5.0,138.0,132657,Lynn University,,0,0.0051,0,0,0.0696,0.017,0,0,0.0357,0,0,0,0,0,0,0.0017,0,0.0628,0,0.0136,0.0068,0.0696,0,0,0,0,0.0951,0.0594,0,0.0119,0,0,0,0.0611,0.107,0.0051,0.3786,0,7523,6894,0.4331,16,37840050,42918486,0,0.7347,2
1304,Educational Administration and Supervision.,132657,3,5,,22.0,0.0,,132657,Lynn University,,0,0.0051,0,0,0.0696,0.017,0,0,0.0357,0,0,0,0,0,0,0.0017,0,0.0628,0,0.0136,0.0068,0.0696,0,0,0,0,0.0951,0.0594,0,0.0119,0,0,0,0.0611,0.107,0.0051,0.3786,0,7523,6894,0.4331,16,37840050,42918486,0,0.7347,2
1304,Educational Administration and Supervision.,132657,3,6,20.0,28.0,1.0,514.0,132657,Lynn University,,0,0.0051,0,0,0.0696,0.017,0,0,0.0357,0,0,0,0,0,0,0.0017,0,0.0628,0,0.0136,0.0068,0.0696,0,0,0,0,0.0951,0.0594,0,0.0119,0,0,0,0.0611,0.107,0.0051,0.3786,0,7523,6894,0.4331,16,37840050,42918486,0,0.7347,2
2601,"Biology, General.",132657,1,3,25.0,,2.0,207.0,132657,Lynn University,,0,0.0051,0,0,0.0696,0.017,0,0,0.0357,0,0,0,0,0,0,0.0017,0,0.0628,0,0.0136,0.0068,0.0696,0,0,0,0,0.0951,0.0594,0,0.0119,0,0,0,0.0611,0.107,0.0051,0.3786,0,7523,6894,0.4331,16,37840050,42918486,0,0.7347,2
3105,"Sports, Kinesiology, and Physical Education/Fitness.",132657,1,3,22.0,,4.0,,132657,Lynn University,,0,0.0051,0,0,0.0696,0.017,0,0,0.0357,0,0,0,0,0,0,0.0017,0,0.0628,0,0.0136,0.0068,0.0696,0,0,0,0,0.0951,0.0594,0,0.0119,0,0,0,0.0611,0.107,0.0051,0.3786,0,7523,6894,0.4331,16,37840050,42918486,0,0.7347,2
4201,"Psychology, General.",132657,2,3,24.0,,0.0,205.0,132657,Lynn University,,0,0.0051,0,0,0.0696,0.017,0,0,0.0357,0,0,0,0,0,0,0.0017,0,0.0628,0,0.0136,0.0068,0.0696,0,0,0,0,0.0951,0.0594,0,0.0119,0,0,0,0.0611,0.107,0.0051,0.3786,0,7523,6894,0.4331,16,37840050,42918486,0,0.7347,2
4301,Criminal Justice and Corrections.,132657,2,3,23.0,24.0,0.0,183.0,132657,Lynn University,,0,0.0051,0,0,0.0696,0.017,0,0,0.0357,0,0,0,0,0,0,0.0017,0,0.0628,0,0.0136,0.0068,0.0696,0,0,0,0,0.0951,0.0594,0,0.0119,0,0,0,0.0611,0.107,0.0051,0.3786,0,7523,6894,0.4331,16,37840050,42918486,0,0.7347,2
5202,"Business Administration, Management and Operations.",132657,3,3,19.0,22.0,1.0,190.0,132657,Lynn University,,0,0.0051,0,0,0.0696,0.017,0,0,0.0357,0,0,0,0,0,0,0.0017,0,0.0628,0,0.0136,0.0068,0.0696,0,0,0,0,0.0951,0.0594,0,0.0119,0,0,0,0.0611,0.107,0.0051,0.3786,0,7523,6894,0.4331,16,37840050,42918486,0,0.7347,2
5202,"Business Administration, Management and Operations.",132657,2,5,215.0,246.0,13.0,337.0,132657,Lynn University,,0,0.0051,0,0,0.0696,0.017,0,0,0.0357,0,0,0,0,0,0,0.0017,0,0.0628,0,0.0136,0.0068,0.0696,0,0,0,0,0.0951,0.0594,0,0.0119,0,0,0,0.0611,0.107,0.0051,0.3786,0,7523,6894,0.4331,16,37840050,42918486,0,0.7347,2
5211,International Business.,132657,2,3,19.0,,1.0,143.0,132657,Lynn University,,0,0.0051,0,0,0.0696,0.017,0,0,0.0357,0,0,0,0,0,0,0.0017,0,0.0628,0,0.0136,0.0068,0.0696,0,0,0,0,0.0951,0.0594,0,0.0119,0,0,0,0.0611,0.107,0.0051,0.3786,0,7523,6894,0.4331,16,37840050,42918486,0,0.7347,2
5219,"Specialized Sales, Merchandising and  Marketing Operations.",132657,1,3,20.0,,1.0,,132657,Lynn University,,0,0.0051,0,0,0.0696,0.017,0,0,0.0357,0,0,0,0,0,0,0.0017,0,0.0628,0,0.0136,0.0068,0.0696,0,0,0,0,0.0951,0.0594,0,0.0119,0,0,0,0.0611,0.107,0.0051,0.3786,0,7523,6894,0.4331,16,37840050,42918486,0,0.7347,2
5139,"Practical Nursing, Vocational Nursing and Nursing Assistants.",132675,1,1,,38.0,0.0,,132675,North Florida Technical College,5,0,0,0,0,0,0,0,0,0,0,0,0,0,0,0,0,0,0,0,0,0,0,0,0,0,0,0,0,0,0,0,0,0.1343,0.5821,0,0.2836,0,0,24725,,,7,,,1,,1
1104,Information Science/Studies.,132693,1,3,33.0,64.0,6.0,180.0,132693,Eastern Florida State College,,0.0036,0,0,0,0.0007,0.0019,0.0713,0.011,0.0024,0,0.038,0,0.0129,0.0014,0,0.3991,0,0,0,0,0,0,0,0,0,0.0603,0,0.0543,0,0,0,0.0115,0.0081,0,0.0012,0.1706,0.1515,0,4778,6880,0.3651,22,19989561,22555029,1,,1
2203,Legal Support Services.,132693,1,2,15.0,,2.0,171.0,132693,Eastern Florida State College,,0.0036,0,0,0,0.0007,0.0019,0.0713,0.011,0.0024,0,0.038,0,0.0129,0.0014,0,0.3991,0,0,0,0,0,0,0,0,0,0.0603,0,0.0543,0,0,0,0.0115,0.0081,0,0.0012,0.1706,0.1515,0,4778,6880,0.3651,22,19989561,22555029,1,,1
2401,"Liberal Arts and Sciences, General Studies and Humanities.",132693,1,2,670.0,401.0,48.0,91.0,132693,Eastern Florida State College,,0.0036,0,0,0,0.0007,0.0019,0.0713,0.011,0.0024,0,0.038,0,0.0129,0.0014,0,0.3991,0,0,0,0,0,0,0,0,0,0.0603,0,0.0543,0,0,0,0.0115,0.0081,0,0.0012,0.1706,0.1515,0,4778,6880,0.3651,22,19989561,22555029,1,,1
4301,Criminal Justice and Corrections.,132693,1,1,,53.0,0.0,,132693,Eastern Florida State College,,0.0036,0,0,0,0.0007,0.0019,0.0713,0.011,0.0024,0,0.038,0,0.0129,0.0014,0,0.3991,0,0,0,0,0,0,0,0,0,0.0603,0,0.0543,0,0,0,0.0115,0.0081,0,0.0012,0.1706,0.1515,0,4778,6880,0.3651,22,19989561,22555029,1,,1
4301,Criminal Justice and Corrections.,132693,3,2,17.0,,0.0,,132693,Eastern Florida State College,,0.0036,0,0,0,0.0007,0.0019,0.0713,0.011,0.0024,0,0.038,0,0.0129,0.0014,0,0.3991,0,0,0,0,0,0,0,0,0,0.0603,0,0.0543,0,0,0,0.0115,0.0081,0,0.0012,0.1706,0.1515,0,4778,6880,0.3651,22,19989561,22555029,1,,1
4302,Fire Protection.,132693,1,1,,,1.0,,132693,Eastern Florida State College,,0.0036,0,0,0,0.0007,0.0019,0.0713,0.011,0.0024,0,0.038,0,0.0129,0.0014,0,0.3991,0,0,0,0,0,0,0,0,0,0.0603,0,0.0543,0,0,0,0.0115,0.0081,0,0.0012,0.1706,0.1515,0,4778,6880,0.3651,22,19989561,22555029,1,,1
4702,"Heating, Air Conditioning, Ventilation and Refrigeration Maintenance Technology/Technician (HAC, HACR, HVAC, HVACR).",132693,0,1,,,0.0,,132693,Eastern Florida State College,,0.0036,0,0,0,0.0007,0.0019,0.0713,0.011,0.0024,0,0.038,0,0.0129,0.0014,0,0.3991,0,0,0,0,0,0,0,0,0,0.0603,0,0.0543,0,0,0,0.0115,0.0081,0,0.0012,0.1706,0.1515,0,4778,6880,0.3651,22,19989561,22555029,1,,1
4706,Vehicle Maintenance and Repair Technologies/Technicians.,132693,1,1,18.0,,2.0,,132693,Eastern Florida State College,,0.0036,0,0,0,0.0007,0.0019,0.0713,0.011,0.0024,0,0.038,0,0.0129,0.0014,0,0.3991,0,0,0,0,0,0,0,0,0,0.0603,0,0.0543,0,0,0,0.0115,0.0081,0,0.0012,0.1706,0.1515,0,4778,6880,0.3651,22,19989561,22555029,1,,1
4805,Precision Metal Working.,132693,1,1,,,1.0,,132693,Eastern Florida State College,,0.0036,0,0,0,0.0007,0.0019,0.0713,0.011,0.0024,0,0.038,0,0.0129,0.0014,0,0.3991,0,0,0,0,0,0,0,0,0,0.0603,0,0.0543,0,0,0,0.0115,0.0081,0,0.0012,0.1706,0.1515,0,4778,6880,0.3651,22,19989561,22555029,1,,1
5106,Dental Support Services and Allied Professions.,132693,1,2,14.0,19.0,0.0,,132693,Eastern Florida State College,,0.0036,0,0,0,0.0007,0.0019,0.0713,0.011,0.0024,0,0.038,0,0.0129,0.0014,0,0.3991,0,0,0,0,0,0,0,0,0,0.0603,0,0.0543,0,0,0,0.0115,0.0081,0,0.0012,0.1706,0.1515,0,4778,6880,0.3651,22,19989561,22555029,1,,1
5108,Allied Health and Medical Assisting Services.,132693,1,2,24.0,21.0,1.0,,132693,Eastern Florida State College,,0.0036,0,0,0,0.0007,0.0019,0.0713,0.011,0.0024,0,0.038,0,0.0129,0.0014,0,0.3991,0,0,0,0,0,0,0,0,0,0.0603,0,0.0543,0,0,0,0.0115,0.0081,0,0.0012,0.1706,0.1515,0,4778,6880,0.3651,22,19989561,22555029,1,,1
5109,"Allied Health Diagnostic, Intervention, and Treatment Professions.",132693,1,1,,35.0,0.0,,132693,Eastern Florida State College,,0.0036,0,0,0,0.0007,0.0019,0.0713,0.011,0.0024,0,0.038,0,0.0129,0.0014,0,0.3991,0,0,0,0,0,0,0,0,0,0.0603,0,0.0543,0,0,0,0.0115,0.0081,0,0.0012,0.1706,0.1515,0,4778,6880,0.3651,22,19989561,22555029,1,,1
5109,"Allied Health Diagnostic, Intervention, and Treatment Professions.",132693,1,2,40.0,39.0,1.0,159.0,132693,Eastern Florida State College,,0.0036,0,0,0,0.0007,0.0019,0.0713,0.011,0.0024,0,0.038,0,0.0129,0.0014,0,0.3991,0,0,0,0,0,0,0,0,0,0.0603,0,0.0543,0,0,0,0.0115,0.0081,0,0.0012,0.1706,0.1515,0,4778,6880,0.3651,22,19989561,22555029,1,,1
5110,Clinical/Medical Laboratory Science/Research and Allied Professions.,132693,1,2,11.0,,0.0,,132693,Eastern Florida State College,,0.0036,0,0,0,0.0007,0.0019,0.0713,0.011,0.0024,0,0.038,0,0.0129,0.0014,0,0.3991,0,0,0,0,0,0,0,0,0,0.0603,0,0.0543,0,0,0,0.0115,0.0081,0,0.0012,0.1706,0.1515,0,4778,6880,0.3651,22,19989561,22555029,1,,1
5122,Public Health.,132693,1,3,33.0,38.0,0.0,227.0,132693,Eastern Florida State College,,0.0036,0,0,0,0.0007,0.0019,0.0713,0.011,0.0024,0,0.038,0,0.0129,0.0014,0,0.3991,0,0,0,0,0,0,0,0,0,0.0603,0,0.0543,0,0,0,0.0115,0.0081,0,0.0012,0.1706,0.1515,0,4778,6880,0.3651,22,19989561,22555029,1,,1
5138,"Registered Nursing, Nursing Administration, Nursing Research and Clinical Nursing.",132693,2,2,92.0,74.0,1.0,181.0,132693,Eastern Florida State College,,0.0036,0,0,0,0.0007,0.0019,0.0713,0.011,0.0024,0,0.038,0,0.0129,0.0014,0,0.3991,0,0,0,0,0,0,0,0,0,0.0603,0,0.0543,0,0,0,0.0115,0.0081,0,0.0012,0.1706,0.1515,0,4778,6880,0.3651,22,19989561,22555029,1,,1
5139,"Practical Nursing, Vocational Nursing and Nursing Assistants.",132693,1,1,,,1.0,,132693,Eastern Florida State College,,0.0036,0,0,0,0.0007,0.0019,0.0713,0.011,0.0024,0,0.038,0,0.0129,0.0014,0,0.3991,0,0,0,0,0,0,0,0,0,0.0603,0,0.0543,0,0,0,0.0115,0.0081,0,0.0012,0.1706,0.1515,0,4778,6880,0.3651,22,19989561,22555029,1,,1
5202,"Business Administration, Management and Operations.",132693,1,2,40.0,,2.0,207.0,132693,Eastern Florida State College,,0.0036,0,0,0,0.0007,0.0019,0.0713,0.011,0.0024,0,0.038,0,0.0129,0.0014,0,0.3991,0,0,0,0,0,0,0,0,0,0.0603,0,0.0543,0,0,0,0.0115,0.0081,0,0.0012,0.1706,0.1515,0,4778,6880,0.3651,22,19989561,22555029,1,,1
5202,"Business Administration, Management and Operations.",132693,3,3,185.0,318.0,20.0,199.0,132693,Eastern Florida State College,,0.0036,0,0,0,0.0007,0.0019,0.0713,0.011,0.0024,0,0.038,0,0.0129,0.0014,0,0.3991,0,0,0,0,0,0,0,0,0,0.0603,0,0.0543,0,0,0,0.0115,0.0081,0,0.0012,0.1706,0.1515,0,4778,6880,0.3651,22,19989561,22555029,1,,1
1101,"Computer and Information Sciences, General.",132709,2,3,16.0,37.0,6.0,143.0,132709,Broward College,,0,0.0059,0,0,0.0014,0.001,0.0992,0.0023,0.0092,0,0.0119,0,0.0155,0.0028,0,0.397,0,0,0,0,0.0025,0,0,0,0,0.0001,0,0.0528,0,0.0001,0,0.0035,0,0.0261,0.0086,0.1196,0.2407,0,3883,6877,0.3117,31,44981606,45145927,1,,1
1310,Special Education and Teaching.,132709,1,3,13.0,16.0,1.0,,132709,Broward College,,0,0.0059,0,0,0.0014,0.001,0.0992,0.0023,0.0092,0,0.0119,0,0.0155,0.0028,0,0.397,0,0,0,0,0.0025,0,0,0,0,0.0001,0,0.0528,0,0.0001,0,0.0035,0,0.0261,0.0086,0.1196,0.2407,0,3883,6877,0.3117,31,44981606,45145927,1,,1
2203,Legal Support Services.,132709,1,2,,,1.0,,132709,Broward College,,0,0.0059,0,0,0.0014,0.001,0.0992,0.0023,0.0092,0,0.0119,0,0.0155,0.0028,0,0.397,0,0,0,0,0.0025,0,0,0,0,0.0001,0,0.0528,0,0.0001,0,0.0035,0,0.0261,0.0086,0.1196,0.2407,0,3883,6877,0.3117,31,44981606,45145927,1,,1
2401,"Liberal Arts and Sciences, General Studies and Humanities.",132709,2,2,518.0,488.0,50.0,58.0,132709,Broward College,,0,0.0059,0,0,0.0014,0.001,0.0992,0.0023,0.0092,0,0.0119,0,0.0155,0.0028,0,0.397,0,0,0,0,0.0025,0,0,0,0,0.0001,0,0.0528,0,0.0001,0,0.0035,0,0.0261,0.0086,0.1196,0.2407,0,3883,6877,0.3117,31,44981606,45145927,1,,1
4301,Criminal Justice and Corrections.,132709,2,2,15.0,18.0,1.0,,132709,Broward College,,0,0.0059,0,0,0.0014,0.001,0.0992,0.0023,0.0092,0,0.0119,0,0.0155,0.0028,0,0.397,0,0,0,0,0.0025,0,0,0,0,0.0001,0,0.0528,0,0.0001,0,0.0035,0,0.0261,0.0086,0.1196,0.2407,0,3883,6877,0.3117,31,44981606,45145927,1,,1
4901,Air Transportation.,132709,2,2,,,0.0,,132709,Broward College,,0,0.0059,0,0,0.0014,0.001,0.0992,0.0023,0.0092,0,0.0119,0,0.0155,0.0028,0,0.397,0,0,0,0,0.0025,0,0,0,0,0.0001,0,0.0528,0,0.0001,0,0.0035,0,0.0261,0.0086,0.1196,0.2407,0,3883,6877,0.3117,31,44981606,45145927,1,,1
5108,Allied Health and Medical Assisting Services.,132709,1,2,16.0,,,,132709,Broward College,,0,0.0059,0,0,0.0014,0.001,0.0992,0.0023,0.0092,0,0.0119,0,0.0155,0.0028,0,0.397,0,0,0,0,0.0025,0,0,0,0,0.0001,0,0.0528,0,0.0001,0,0.0035,0,0.0261,0.0086,0.1196,0.2407,0,3883,6877,0.3117,31,44981606,45145927,1,,1
5109,"Allied Health Diagnostic, Intervention, and Treatment Professions.",132709,1,1,,19.0,0.0,,132709,Broward College,,0,0.0059,0,0,0.0014,0.001,0.0992,0.0023,0.0092,0,0.0119,0,0.0155,0.0028,0,0.397,0,0,0,0,0.0025,0,0,0,0,0.0001,0,0.0528,0,0.0001,0,0.0035,0,0.0261,0.0086,0.1196,0.2407,0,3883,6877,0.3117,31,44981606,45145927,1,,1
5109,"Allied Health Diagnostic, Intervention, and Treatment Professions.",132709,1,2,35.0,60.0,2.0,91.0,132709,Broward College,,0,0.0059,0,0,0.0014,0.001,0.0992,0.0023,0.0092,0,0.0119,0,0.0155,0.0028,0,0.397,0,0,0,0,0.0025,0,0,0,0,0.0001,0,0.0528,0,0.0001,0,0.0035,0,0.0261,0.0086,0.1196,0.2407,0,3883,6877,0.3117,31,44981606,45145927,1,,1
5109,"Allied Health Diagnostic, Intervention, and Treatment Professions.",132709,0,99,,,,,132709,Broward College,,0,0.0059,0,0,0.0014,0.001,0.0992,0.0023,0.0092,0,0.0119,0,0.0155,0.0028,0,0.397,0,0,0,0,0.0025,0,0,0,0,0.0001,0,0.0528,0,0.0001,0,0.0035,0,0.0261,0.0086,0.1196,0.2407,0,3883,6877,0.3117,31,44981606,45145927,1,,1
5138,"Registered Nursing, Nursing Administration, Nursing Research and Clinical Nursing.",132709,1,2,73.0,69.0,1.0,95.0,132709,Broward College,,0,0.0059,0,0,0.0014,0.001,0.0992,0.0023,0.0092,0,0.0119,0,0.0155,0.0028,0,0.397,0,0,0,0,0.0025,0,0,0,0,0.0001,0,0.0528,0,0.0001,0,0.0035,0,0.0261,0.0086,0.1196,0.2407,0,3883,6877,0.3117,31,44981606,45145927,1,,1
5202,"Business Administration, Management and Operations.",132709,2,2,42.0,28.0,4.0,77.0,132709,Broward College,,0,0.0059,0,0,0.0014,0.001,0.0992,0.0023,0.0092,0,0.0119,0,0.0155,0.0028,0,0.397,0,0,0,0,0.0025,0,0,0,0,0.0001,0,0.0528,0,0.0001,0,0.0035,0,0.0261,0.0086,0.1196,0.2407,0,3883,6877,0.3117,31,44981606,45145927,1,,1
5202,"Business Administration, Management and Operations.",132709,2,3,80.0,106.0,6.0,117.0,132709,Broward College,,0,0.0059,0,0,0.0014,0.001,0.0992,0.0023,0.0092,0,0.0119,0,0.0155,0.0028,0,0.397,0,0,0,0,0.0025,0,0,0,0,0.0001,0,0.0528,0,0.0001,0,0.0035,0,0.0261,0.0086,0.1196,0.2407,0,3883,6877,0.3117,31,44981606,45145927,1,,1
5203,Accounting and Related Services.,132709,2,2,12.0,17.0,2.0,,132709,Broward College,,0,0.0059,0,0,0.0014,0.001,0.0992,0.0023,0.0092,0,0.0119,0,0.0155,0.0028,0,0.397,0,0,0,0,0.0025,0,0,0,0,0.0001,0,0.0528,0,0.0001,0,0.0035,0,0.0261,0.0086,0.1196,0.2407,0,3883,6877,0.3117,31,44981606,45145927,1,,1
4228,"Clinical, Counseling and Applied Psychology.",132842,2,5,,,1.0,,132842,Albizu University-Miami,,0,0,0,0,0,0,0,0,0.1,0,0,0,0,0,0,0,0,0,0,0,0,0,0,0,0,0,0.9,0,0,0,0,0,0,0,0,0,0,0,5578,6867,0.9444,12,,,0,0.7571,2
4228,"Clinical, Counseling and Applied Psychology.",132842,1,6,88.0,88.0,7.0,1722.0,132842,Albizu University-Miami,,0,0,0,0,0,0,0,0,0.1,0,0,0,0,0,0,0,0,0,0,0,0,0,0,0,0,0,0.9,0,0,0,0,0,0,0,0,0,0,0,5578,6867,0.9444,12,,,0,0.7571,2
0105,Agricultural and Domestic Animal Services.,132851,1,2,,,0.0,,132851,College of Central Florida,,0.0396,0,0,0,0.0031,0,0.0521,0,0.0121,0,0.013,0,0.0202,0.0004,0,0.3007,0,0,0,0,0,0,0,0,0,0.0126,0,0.0481,0,0,0,0,0.0067,0,0.0013,0.1528,0.3371,0,6055,7331,0.4306,19,81612755,88387344,1,,1
0105,Agricultural and Domestic Animal Services.,132851,0,99,,,,,132851,College of Central Florida,,0.0396,0,0,0,0.0031,0,0.0521,0,0.0121,0,0.013,0,0.0202,0.0004,0,0.3007,0,0,0,0,0,0,0,0,0,0.0126,0,0.0481,0,0,0,0,0.0067,0,0.0013,0.1528,0.3371,0,6055,7331,0.4306,19,81612755,88387344,1,,1
1101,"Computer and Information Sciences, General.",132851,0,99,,,,,132851,College of Central Florida,,0.0396,0,0,0,0.0031,0,0.0521,0,0.0121,0,0.013,0,0.0202,0.0004,0,0.3007,0,0,0,0,0,0,0,0,0,0.0126,0,0.0481,0,0,0,0,0.0067,0,0.0013,0.1528,0.3371,0,6055,7331,0.4306,19,81612755,88387344,1,,1
1105,Computer Systems Analysis.,132851,0,99,,,,,132851,College of Central Florida,,0.0396,0,0,0,0.0031,0,0.0521,0,0.0121,0,0.013,0,0.0202,0.0004,0,0.3007,0,0,0,0,0,0,0,0,0,0.0126,0,0.0481,0,0,0,0,0.0067,0,0.0013,0.1528,0.3371,0,6055,7331,0.4306,19,81612755,88387344,1,,1
1312,"Teacher Education and Professional Development, Specific Levels and Methods.",132851,1,3,11.0,21.0,0.0,,132851,College of Central Florida,,0.0396,0,0,0,0.0031,0,0.0521,0,0.0121,0,0.013,0,0.0202,0.0004,0,0.3007,0,0,0,0,0,0,0,0,0,0.0126,0,0.0481,0,0,0,0,0.0067,0,0.0013,0.1528,0.3371,0,6055,7331,0.4306,19,81612755,88387344,1,,1
2401,"Liberal Arts and Sciences, General Studies and Humanities.",132851,3,2,352.0,300.0,31.0,102.0,132851,College of Central Florida,,0.0396,0,0,0,0.0031,0,0.0521,0,0.0121,0,0.013,0,0.0202,0.0004,0,0.3007,0,0,0,0,0,0,0,0,0,0.0126,0,0.0481,0,0,0,0,0.0067,0,0.0013,0.1528,0.3371,0,6055,7331,0.4306,19,81612755,88387344,1,,1
4103,Physical Science Technologies/Technicians.,132851,0,99,,,,,132851,College of Central Florida,,0.0396,0,0,0,0.0031,0,0.0521,0,0.0121,0,0.013,0,0.0202,0.0004,0,0.3007,0,0,0,0,0,0,0,0,0,0.0126,0,0.0481,0,0,0,0,0.0067,0,0.0013,0.1528,0.3371,0,6055,7331,0.4306,19,81612755,88387344,1,,1
4301,Criminal Justice and Corrections.,132851,0,99,,,,,132851,College of Central Florida,,0.0396,0,0,0,0.0031,0,0.0521,0,0.0121,0,0.013,0,0.0202,0.0004,0,0.3007,0,0,0,0,0,0,0,0,0,0.0126,0,0.0481,0,0,0,0,0.0067,0,0.0013,0.1528,0.3371,0,6055,7331,0.4306,19,81612755,88387344,1,,1
5107,Health and Medical Administrative Services.,132851,0,99,,,,,132851,College of Central Florida,,0.0396,0,0,0,0.0031,0,0.0521,0,0.0121,0,0.013,0,0.0202,0.0004,0,0.3007,0,0,0,0,0,0,0,0,0,0.0126,0,0.0481,0,0,0,0,0.0067,0,0.0013,0.1528,0.3371,0,6055,7331,0.4306,19,81612755,88387344,1,,1
5109,"Allied Health Diagnostic, Intervention, and Treatment Professions.",132851,1,2,11.0,22.0,0.0,,132851,College of Central Florida,,0.0396,0,0,0,0.0031,0,0.0521,0,0.0121,0,0.013,0,0.0202,0.0004,0,0.3007,0,0,0,0,0,0,0,0,0,0.0126,0,0.0481,0,0,0,0,0.0067,0,0.0013,0.1528,0.3371,0,6055,7331,0.4306,19,81612755,88387344,1,,1
5109,"Allied Health Diagnostic, Intervention, and Treatment Professions.",132851,0,99,,,,,132851,College of Central Florida,,0.0396,0,0,0,0.0031,0,0.0521,0,0.0121,0,0.013,0,0.0202,0.0004,0,0.3007,0,0,0,0,0,0,0,0,0,0.0126,0,0.0481,0,0,0,0,0.0067,0,0.0013,0.1528,0.3371,0,6055,7331,0.4306,19,81612755,88387344,1,,1
5138,"Registered Nursing, Nursing Administration, Nursing Research and Clinical Nursing.",132851,1,2,98.0,82.0,2.0,157.0,132851,College of Central Florida,,0.0396,0,0,0,0.0031,0,0.0521,0,0.0121,0,0.013,0,0.0202,0.0004,0,0.3007,0,0,0,0,0,0,0,0,0,0.0126,0,0.0481,0,0,0,0,0.0067,0,0.0013,0.1528,0.3371,0,6055,7331,0.4306,19,81612755,88387344,1,,1
5138,"Registered Nursing, Nursing Administration, Nursing Research and Clinical Nursing.",132851,1,3,46.0,61.0,0.0,282.0,132851,College of Central Florida,,0.0396,0,0,0,0.0031,0,0.0521,0,0.0121,0,0.013,0,0.0202,0.0004,0,0.3007,0,0,0,0,0,0,0,0,0,0.0126,0,0.0481,0,0,0,0,0.0067,0,0.0013,0.1528,0.3371,0,6055,7331,0.4306,19,81612755,88387344,1,,1
5202,"Business Administration, Management and Operations.",132851,1,2,20.0,22.0,4.0,157.0,132851,College of Central Florida,,0.0396,0,0,0,0.0031,0,0.0521,0,0.0121,0,0.013,0,0.0202,0.0004,0,0.3007,0,0,0,0,0,0,0,0,0,0.0126,0,0.0481,0,0,0,0,0.0067,0,0.0013,0.1528,0.3371,0,6055,7331,0.4306,19,81612755,88387344,1,,1
5202,"Business Administration, Management and Operations.",132851,1,3,143.0,179.0,18.0,257.0,132851,College of Central Florida,,0.0396,0,0,0,0.0031,0,0.0521,0,0.0121,0,0.013,0,0.0202,0.0004,0,0.3007,0,0,0,0,0,0,0,0,0,0.0126,0,0.0481,0,0,0,0,0.0067,0,0.0013,0.1528,0.3371,0,6055,7331,0.4306,19,81612755,88387344,1,,1
5202,"Business Administration, Management and Operations.",132851,0,99,,,,,132851,College of Central Florida,,0.0396,0,0,0,0.0031,0,0.0521,0,0.0121,0,0.013,0,0.0202,0.0004,0,0.3007,0,0,0,0,0,0,0,0,0,0.0126,0,0.0481,0,0,0,0,0.0067,0,0.0013,0.1528,0.3371,0,6055,7331,0.4306,19,81612755,88387344,1,,1
5204,Business Operations Support and Assistant Services.,132851,0,99,,,,,132851,College of Central Florida,,0.0396,0,0,0,0.0031,0,0.0521,0,0.0121,0,0.013,0,0.0202,0.0004,0,0.3007,0,0,0,0,0,0,0,0,0,0.0126,0,0.0481,0,0,0,0,0.0067,0,0.0013,0.1528,0.3371,0,6055,7331,0.4306,19,81612755,88387344,1,,1
5207,Entrepreneurial and Small Business Operations.,132851,0,99,,,,,132851,College of Central Florida,,0.0396,0,0,0,0.0031,0,0.0521,0,0.0121,0,0.013,0,0.0202,0.0004,0,0.3007,0,0,0,0,0,0,0,0,0,0.0126,0,0.0481,0,0,0,0,0.0067,0,0.0013,0.1528,0.3371,0,6055,7331,0.4306,19,81612755,88387344,1,,1
5212,Management Information Systems and Services.,132851,0,99,,,,,132851,College of Central Florida,,0.0396,0,0,0,0.0031,0,0.0521,0,0.0121,0,0.013,0,0.0202,0.0004,0,0.3007,0,0,0,0,0,0,0,0,0,0.0126,0,0.0481,0,0,0,0,0.0067,0,0.0013,0.1528,0.3371,0,6055,7331,0.4306,19,81612755,88387344,1,,1
0402,Architecture.,132903,1,3,16.0,34.0,4.0,114.0,132903,University of Central Florida,,0,0.0069,0.0018,0,0.041,0,0.0557,0,0.0332,0.0788,0,0.001,0,0.0124,0.0214,0.0273,0,0.0578,0.0062,0,0.0527,0.0274,0.0025,0,0.0053,0,0.1076,0.0329,0.0079,0.0457,0,0,0,0,0.0736,0.1428,0.15,0.008,7831,11575,0.9851,28,186027257,201916665,1,0.4011,2
0901,Communication and Media Studies.,132903,2,3,254.0,403.0,14.0,182.0,132903,University of Central Florida,,0,0.0069,0.0018,0,0.041,0,0.0557,0,0.0332,0.0788,0,0.001,0,0.0124,0.0214,0.0273,0,0.0578,0.0062,0,0.0527,0.0274,0.0025,0,0.0053,0,0.1076,0.0329,0.0079,0.0457,0,0,0,0,0.0736,0.1428,0.15,0.008,7831,11575,0.9851,28,186027257,201916665,1,0.4011,2
0904,Journalism.,132903,1,3,35.0,55.0,1.0,199.0,132903,University of Central Florida,,0,0.0069,0.0018,0,0.041,0,0.0557,0,0.0332,0.0788,0,0.001,0,0.0124,0.0214,0.0273,0,0.0578,0.0062,0,0.0527,0.0274,0.0025,0,0.0053,0,0.1076,0.0329,0.0079,0.0457,0,0,0,0,0.0736,0.1428,0.15,0.008,7831,11575,0.9851,28,186027257,201916665,1,0.4011,2
0907,"Radio, Television, and Digital Communication.",132903,1,3,58.0,97.0,9.0,191.0,132903,University of Central Florida,,0,0.0069,0.0018,0,0.041,0,0.0557,0,0.0332,0.0788,0,0.001,0,0.0124,0.0214,0.0273,0,0.0578,0.0062,0,0.0527,0.0274,0.0025,0,0.0053,0,0.1076,0.0329,0.0079,0.0457,0,0,0,0,0.0736,0.1428,0.15,0.008,7831,11575,0.9851,28,186027257,201916665,1,0.4011,2
0909,"Public Relations, Advertising, and Applied Communication.",132903,1,3,77.0,143.0,6.0,190.0,132903,University of Central Florida,,0,0.0069,0.0018,0,0.041,0,0.0557,0,0.0332,0.0788,0,0.001,0,0.0124,0.0214,0.0273,0,0.0578,0.0062,0,0.0527,0.0274,0.0025,0,0.0053,0,0.1076,0.0329,0.0079,0.0457,0,0,0,0,0.0736,0.1428,0.15,0.008,7831,11575,0.9851,28,186027257,201916665,1,0.4011,2
1101,"Computer and Information Sciences, General.",132903,1,3,313.0,546.0,21.0,214.0,132903,University of Central Florida,,0,0.0069,0.0018,0,0.041,0,0.0557,0,0.0332,0.0788,0,0.001,0,0.0124,0.0214,0.0273,0,0.0578,0.0062,0,0.0527,0.0274,0.0025,0,0.0053,0,0.1076,0.0329,0.0079,0.0457,0,0,0,0,0.0736,0.1428,0.15,0.008,7831,11575,0.9851,28,186027257,201916665,1,0.4011,2
1101,"Computer and Information Sciences, General.",132903,1,5,25.0,52.0,6.0,334.0,132903,University of Central Florida,,0,0.0069,0.0018,0,0.041,0,0.0557,0,0.0332,0.0788,0,0.001,0,0.0124,0.0214,0.0273,0,0.0578,0.0062,0,0.0527,0.0274,0.0025,0,0.0053,0,0.1076,0.0329,0.0079,0.0457,0,0,0,0,0.0736,0.1428,0.15,0.008,7831,11575,0.9851,28,186027257,201916665,1,0.4011,2
1301,"Education, General.",132903,1,6,11.0,24.0,1.0,,132903,University of Central Florida,,0,0.0069,0.0018,0,0.041,0,0.0557,0,0.0332,0.0788,0,0.001,0,0.0124,0.0214,0.0273,0,0.0578,0.0062,0,0.0527,0.0274,0.0025,0,0.0053,0,0.1076,0.0329,0.0079,0.0457,0,0,0,0,0.0736,0.1428,0.15,0.008,7831,11575,0.9851,28,186027257,201916665,1,0.4011,2
1304,Educational Administration and Supervision.,132903,1,5,86.0,143.0,3.0,379.0,132903,University of Central Florida,,0,0.0069,0.0018,0,0.041,0,0.0557,0,0.0332,0.0788,0,0.001,0,0.0124,0.0214,0.0273,0,0.0578,0.0062,0,0.0527,0.0274,0.0025,0,0.0053,0,0.1076,0.0329,0.0079,0.0457,0,0,0,0,0.0736,0.1428,0.15,0.008,7831,11575,0.9851,28,186027257,201916665,1,0.4011,2
1305,Educational/Instructional Media Design.,132903,3,5,16.0,28.0,1.0,394.0,132903,University of Central Florida,,0,0.0069,0.0018,0,0.041,0,0.0557,0,0.0332,0.0788,0,0.001,0,0.0124,0.0214,0.0273,0,0.0578,0.0062,0,0.0527,0.0274,0.0025,0,0.0053,0,0.1076,0.0329,0.0079,0.0457,0,0,0,0,0.0736,0.1428,0.15,0.008,7831,11575,0.9851,28,186027257,201916665,1,0.4011,2
1310,Special Education and Teaching.,132903,0,4,,,0.0,,132903,University of Central Florida,,0,0.0069,0.0018,0,0.041,0,0.0557,0,0.0332,0.0788,0,0.001,0,0.0124,0.0214,0.0273,0,0.0578,0.0062,0,0.0527,0.0274,0.0025,0,0.0053,0,0.1076,0.0329,0.0079,0.0457,0,0,0,0,0.0736,0.1428,0.15,0.008,7831,11575,0.9851,28,186027257,201916665,1,0.4011,2
1310,Special Education and Teaching.,132903,2,5,17.0,35.0,1.0,280.0,132903,University of Central Florida,,0,0.0069,0.0018,0,0.041,0,0.0557,0,0.0332,0.0788,0,0.001,0,0.0124,0.0214,0.0273,0,0.0578,0.0062,0,0.0527,0.0274,0.0025,0,0.0053,0,0.1076,0.0329,0.0079,0.0457,0,0,0,0,0.0736,0.1428,0.15,0.008,7831,11575,0.9851,28,186027257,201916665,1,0.4011,2
1311,Student Counseling and Personnel Services.,132903,1,5,45.0,75.0,1.0,509.0,132903,University of Central Florida,,0,0.0069,0.0018,0,0.041,0,0.0557,0,0.0332,0.0788,0,0.001,0,0.0124,0.0214,0.0273,0,0.0578,0.0062,0,0.0527,0.0274,0.0025,0,0.0053,0,0.1076,0.0329,0.0079,0.0457,0,0,0,0,0.0736,0.1428,0.15,0.008,7831,11575,0.9851,28,186027257,201916665,1,0.4011,2
1312,"Teacher Education and Professional Development, Specific Levels and Methods.",132903,1,3,350.0,565.0,18.0,199.0,132903,University of Central Florida,,0,0.0069,0.0018,0,0.041,0,0.0557,0,0.0332,0.0788,0,0.001,0,0.0124,0.0214,0.0273,0,0.0578,0.0062,0,0.0527,0.0274,0.0025,0,0.0053,0,0.1076,0.0329,0.0079,0.0457,0,0,0,0,0.0736,0.1428,0.15,0.008,7831,11575,0.9851,28,186027257,201916665,1,0.4011,2
1312,"Teacher Education and Professional Development, Specific Levels and Methods.",132903,2,5,22.0,60.0,0.0,329.0,132903,University of Central Florida,,0,0.0069,0.0018,0,0.041,0,0.0557,0,0.0332,0.0788,0,0.001,0,0.0124,0.0214,0.0273,0,0.0578,0.0062,0,0.0527,0.0274,0.0025,0,0.0053,0,0.1076,0.0329,0.0079,0.0457,0,0,0,0,0.0736,0.1428,0.15,0.008,7831,11575,0.9851,28,186027257,201916665,1,0.4011,2
1313,"Teacher Education and Professional Development, Specific Subject Areas.",132903,1,3,355.0,437.0,26.0,198.0,132903,University of Central Florida,,0,0.0069,0.0018,0,0.041,0,0.0557,0,0.0332,0.0788,0,0.001,0,0.0124,0.0214,0.0273,0,0.0578,0.0062,0,0.0527,0.0274,0.0025,0,0.0053,0,0.1076,0.0329,0.0079,0.0457,0,0,0,0,0.0736,0.1428,0.15,0.008,7831,11575,0.9851,28,186027257,201916665,1,0.4011,2
1313,"Teacher Education and Professional Development, Specific Subject Areas.",132903,3,5,51.0,70.0,0.0,355.0,132903,University of Central Florida,,0,0.0069,0.0018,0,0.041,0,0.0557,0,0.0332,0.0788,0,0.001,0,0.0124,0.0214,0.0273,0,0.0578,0.0062,0,0.0527,0.0274,0.0025,0,0.0053,0,0.1076,0.0329,0.0079,0.0457,0,0,0,0,0.0736,0.1428,0.15,0.008,7831,11575,0.9851,28,186027257,201916665,1,0.4011,2
1402,"Aerospace, Aeronautical, and Astronautical/Space Engineering.",132903,1,3,86.0,138.0,10.0,262.0,132903,University of Central Florida,,0,0.0069,0.0018,0,0.041,0,0.0557,0,0.0332,0.0788,0,0.001,0,0.0124,0.0214,0.0273,0,0.0578,0.0062,0,0.0527,0.0274,0.0025,0,0.0053,0,0.1076,0.0329,0.0079,0.0457,0,0,0,0,0.0736,0.1428,0.15,0.008,7831,11575,0.9851,28,186027257,201916665,1,0.4011,2
1408,Civil Engineering.,132903,1,3,60.0,97.0,6.0,215.0,132903,University of Central Florida,,0,0.0069,0.0018,0,0.041,0,0.0557,0,0.0332,0.0788,0,0.001,0,0.0124,0.0214,0.0273,0,0.0578,0.0062,0,0.0527,0.0274,0.0025,0,0.0053,0,0.1076,0.0329,0.0079,0.0457,0,0,0,0,0.0736,0.1428,0.15,0.008,7831,11575,0.9851,28,186027257,201916665,1,0.4011,2
1409,Computer Engineering.,132903,1,3,63.0,107.0,1.0,199.0,132903,University of Central Florida,,0,0.0069,0.0018,0,0.041,0,0.0557,0,0.0332,0.0788,0,0.001,0,0.0124,0.0214,0.0273,0,0.0578,0.0062,0,0.0527,0.0274,0.0025,0,0.0053,0,0.1076,0.0329,0.0079,0.0457,0,0,0,0,0.0736,0.1428,0.15,0.008,7831,11575,0.9851,28,186027257,201916665,1,0.4011,2
1410,"Electrical, Electronics, and Communications Engineering.",132903,1,3,77.0,130.0,5.0,239.0,132903,University of Central Florida,,0,0.0069,0.0018,0,0.041,0,0.0557,0,0.0332,0.0788,0,0.001,0,0.0124,0.0214,0.0273,0,0.0578,0.0062,0,0.0527,0.0274,0.0025,0,0.0053,0,0.1076,0.0329,0.0079,0.0457,0,0,0,0,0.0736,0.1428,0.15,0.008,7831,11575,0.9851,28,186027257,201916665,1,0.4011,2
1419,Mechanical Engineering.,132903,1,3,251.0,426.0,19.0,215.0,132903,University of Central Florida,,0,0.0069,0.0018,0,0.041,0,0.0557,0,0.0332,0.0788,0,0.001,0,0.0124,0.0214,0.0273,0,0.0578,0.0062,0,0.0527,0.0274,0.0025,0,0.0053,0,0.1076,0.0329,0.0079,0.0457,0,0,0,0,0.0736,0.1428,0.15,0.008,7831,11575,0.9851,28,186027257,201916665,1,0.4011,2
1419,Mechanical Engineering.,132903,3,5,,42.0,0.0,,132903,University of Central Florida,,0,0.0069,0.0018,0,0.041,0,0.0557,0,0.0332,0.0788,0,0.001,0,0.0124,0.0214,0.0273,0,0.0578,0.0062,0,0.0527,0.0274,0.0025,0,0.0053,0,0.1076,0.0329,0.0079,0.0457,0,0,0,0,0.0736,0.1428,0.15,0.008,7831,11575,0.9851,28,186027257,201916665,1,0.4011,2
1435,Industrial Engineering.,132903,1,3,60.0,101.0,8.0,247.0,132903,University of Central Florida,,0,0.0069,0.0018,0,0.041,0,0.0557,0,0.0332,0.0788,0,0.001,0,0.0124,0.0214,0.0273,0,0.0578,0.0062,0,0.0527,0.0274,0.0025,0,0.0053,0,0.1076,0.0329,0.0079,0.0457,0,0,0,0,0.0736,0.1428,0.15,0.008,7831,11575,0.9851,28,186027257,201916665,1,0.4011,2
1435,Industrial Engineering.,132903,3,5,13.0,36.0,1.0,234.0,132903,University of Central Florida,,0,0.0069,0.0018,0,0.041,0,0.0557,0,0.0332,0.0788,0,0.001,0,0.0124,0.0214,0.0273,0,0.0578,0.0062,0,0.0527,0.0274,0.0025,0,0.0053,0,0.1076,0.0329,0.0079,0.0457,0,0,0,0,0.0736,0.1428,0.15,0.008,7831,11575,0.9851,28,186027257,201916665,1,0.4011,2
2200,Non-Professional Legal Studies.,132903,3,3,122.0,184.0,17.0,190.0,132903,University of Central Florida,,0,0.0069,0.0018,0,0.041,0,0.0557,0,0.0332,0.0788,0,0.001,0,0.0124,0.0214,0.0273,0,0.0578,0.0062,0,0.0527,0.0274,0.0025,0,0.0053,0,0.1076,0.0329,0.0079,0.0457,0,0,0,0,0.0736,0.1428,0.15,0.008,7831,11575,0.9851,28,186027257,201916665,1,0.4011,2
2203,Legal Support Services.,132903,0,3,30.0,,,,132903,University of Central Florida,,0,0.0069,0.0018,0,0.041,0,0.0557,0,0.0332,0.0788,0,0.001,0,0.0124,0.0214,0.0273,0,0.0578,0.0062,0,0.0527,0.0274,0.0025,0,0.0053,0,0.1076,0.0329,0.0079,0.0457,0,0,0,0,0.0736,0.1428,0.15,0.008,7831,11575,0.9851,28,186027257,201916665,1,0.4011,2
2301,"English Language and Literature, General.",132903,3,3,196.0,269.0,34.0,178.0,132903,University of Central Florida,,0,0.0069,0.0018,0,0.041,0,0.0557,0,0.0332,0.0788,0,0.001,0,0.0124,0.0214,0.0273,0,0.0578,0.0062,0,0.0527,0.0274,0.0025,0,0.0053,0,0.1076,0.0329,0.0079,0.0457,0,0,0,0,0.0736,0.1428,0.15,0.008,7831,11575,0.9851,28,186027257,201916665,1,0.4011,2
2401,"Liberal Arts and Sciences, General Studies and Humanities.",132903,1,3,299.0,73.0,7.0,147.0,132903,University of Central Florida,,0,0.0069,0.0018,0,0.041,0,0.0557,0,0.0332,0.0788,0,0.001,0,0.0124,0.0214,0.0273,0,0.0578,0.0062,0,0.0527,0.0274,0.0025,0,0.0053,0,0.1076,0.0329,0.0079,0.0457,0,0,0,0,0.0736,0.1428,0.15,0.008,7831,11575,0.9851,28,186027257,201916665,1,0.4011,2
2601,"Biology, General.",132903,1,3,360.0,486.0,53.0,213.0,132903,University of Central Florida,,0,0.0069,0.0018,0,0.041,0,0.0557,0,0.0332,0.0788,0,0.001,0,0.0124,0.0214,0.0273,0,0.0578,0.0062,0,0.0527,0.0274,0.0025,0,0.0053,0,0.1076,0.0329,0.0079,0.0457,0,0,0,0,0.0736,0.1428,0.15,0.008,7831,11575,0.9851,28,186027257,201916665,1,0.4011,2
2701,Mathematics.,132903,1,3,24.0,23.0,1.0,124.0,132903,University of Central Florida,,0,0.0069,0.0018,0,0.041,0,0.0557,0,0.0332,0.0788,0,0.001,0,0.0124,0.0214,0.0273,0,0.0578,0.0062,0,0.0527,0.0274,0.0025,0,0.0053,0,0.1076,0.0329,0.0079,0.0457,0,0,0,0,0.0736,0.1428,0.15,0.008,7831,11575,0.9851,28,186027257,201916665,1,0.4011,2
2705,Statistics.,132903,1,3,19.0,27.0,7.0,235.0,132903,University of Central Florida,,0,0.0069,0.0018,0,0.041,0,0.0557,0,0.0332,0.0788,0,0.001,0,0.0124,0.0214,0.0273,0,0.0578,0.0062,0,0.0527,0.0274,0.0025,0,0.0053,0,0.1076,0.0329,0.0079,0.0457,0,0,0,0,0.0736,0.1428,0.15,0.008,7831,11575,0.9851,28,186027257,201916665,1,0.4011,2
3000,"Multi-/Interdisciplinary Studies, General.",132903,3,3,475.0,693.0,61.0,206.0,132903,University of Central Florida,,0,0.0069,0.0018,0,0.041,0,0.0557,0,0.0332,0.0788,0,0.001,0,0.0124,0.0214,0.0273,0,0.0578,0.0062,0,0.0527,0.0274,0.0025,0,0.0053,0,0.1076,0.0329,0.0079,0.0457,0,0,0,0,0.0736,0.1428,0.15,0.008,7831,11575,0.9851,28,186027257,201916665,1,0.4011,2
3020,International/Globalization Studies.,132903,3,3,19.0,27.0,4.0,151.0,132903,University of Central Florida,,0,0.0069,0.0018,0,0.041,0,0.0557,0,0.0332,0.0788,0,0.001,0,0.0124,0.0214,0.0273,0,0.0578,0.0062,0,0.0527,0.0274,0.0025,0,0.0053,0,0.1076,0.0329,0.0079,0.0457,0,0,0,0,0.0736,0.1428,0.15,0.008,7831,11575,0.9851,28,186027257,201916665,1,0.4011,2
3105,"Sports, Kinesiology, and Physical Education/Fitness.",132903,1,5,15.0,32.0,0.0,,132903,University of Central Florida,,0,0.0069,0.0018,0,0.041,0,0.0557,0,0.0332,0.0788,0,0.001,0,0.0124,0.0214,0.0273,0,0.0578,0.0062,0,0.0527,0.0274,0.0025,0,0.0053,0,0.1076,0.0329,0.0079,0.0457,0,0,0,0,0.0736,0.1428,0.15,0.008,7831,11575,0.9851,28,186027257,201916665,1,0.4011,2
4005,Chemistry.,132903,1,3,16.0,29.0,1.0,170.0,132903,University of Central Florida,,0,0.0069,0.0018,0,0.041,0,0.0557,0,0.0332,0.0788,0,0.001,0,0.0124,0.0214,0.0273,0,0.0578,0.0062,0,0.0527,0.0274,0.0025,0,0.0053,0,0.1076,0.0329,0.0079,0.0457,0,0,0,0,0.0736,0.1428,0.15,0.008,7831,11575,0.9851,28,186027257,201916665,1,0.4011,2
4201,"Psychology, General.",132903,3,3,777.0,962.0,104.0,170.0,132903,University of Central Florida,,0,0.0069,0.0018,0,0.041,0,0.0557,0,0.0332,0.0788,0,0.001,0,0.0124,0.0214,0.0273,0,0.0578,0.0062,0,0.0527,0.0274,0.0025,0,0.0053,0,0.1076,0.0329,0.0079,0.0457,0,0,0,0,0.0736,0.1428,0.15,0.008,7831,11575,0.9851,28,186027257,201916665,1,0.4011,2
4228,"Clinical, Counseling and Applied Psychology.",132903,1,5,15.0,26.0,0.0,464.0,132903,University of Central Florida,,0,0.0069,0.0018,0,0.041,0,0.0557,0,0.0332,0.0788,0,0.001,0,0.0124,0.0214,0.0273,0,0.0578,0.0062,0,0.0527,0.0274,0.0025,0,0.0053,0,0.1076,0.0329,0.0079,0.0457,0,0,0,0,0.0736,0.1428,0.15,0.008,7831,11575,0.9851,28,186027257,201916665,1,0.4011,2
4301,Criminal Justice and Corrections.,132903,2,3,213.0,285.0,16.0,178.0,132903,University of Central Florida,,0,0.0069,0.0018,0,0.041,0,0.0557,0,0.0332,0.0788,0,0.001,0,0.0124,0.0214,0.0273,0,0.0578,0.0062,0,0.0527,0.0274,0.0025,0,0.0053,0,0.1076,0.0329,0.0079,0.0457,0,0,0,0,0.0736,0.1428,0.15,0.008,7831,11575,0.9851,28,186027257,201916665,1,0.4011,2
4301,Criminal Justice and Corrections.,132903,3,5,33.0,67.0,1.0,448.0,132903,University of Central Florida,,0,0.0069,0.0018,0,0.041,0,0.0557,0,0.0332,0.0788,0,0.001,0,0.0124,0.0214,0.0273,0,0.0578,0.0062,0,0.0527,0.0274,0.0025,0,0.0053,0,0.1076,0.0329,0.0079,0.0457,0,0,0,0,0.0736,0.1428,0.15,0.008,7831,11575,0.9851,28,186027257,201916665,1,0.4011,2
4304,Security Science and Technology.,132903,1,3,,,2.0,,132903,University of Central Florida,,0,0.0069,0.0018,0,0.041,0,0.0557,0,0.0332,0.0788,0,0.001,0,0.0124,0.0214,0.0273,0,0.0578,0.0062,0,0.0527,0.0274,0.0025,0,0.0053,0,0.1076,0.0329,0.0079,0.0457,0,0,0,0,0.0736,0.1428,0.15,0.008,7831,11575,0.9851,28,186027257,201916665,1,0.4011,2
4404,Public Administration.,132903,1,3,46.0,59.0,4.0,179.0,132903,University of Central Florida,,0,0.0069,0.0018,0,0.041,0,0.0557,0,0.0332,0.0788,0,0.001,0,0.0124,0.0214,0.0273,0,0.0578,0.0062,0,0.0527,0.0274,0.0025,0,0.0053,0,0.1076,0.0329,0.0079,0.0457,0,0,0,0,0.0736,0.1428,0.15,0.008,7831,11575,0.9851,28,186027257,201916665,1,0.4011,2
4404,Public Administration.,132903,3,5,27.0,56.0,2.0,418.0,132903,University of Central Florida,,0,0.0069,0.0018,0,0.041,0,0.0557,0,0.0332,0.0788,0,0.001,0,0.0124,0.0214,0.0273,0,0.0578,0.0062,0,0.0527,0.0274,0.0025,0,0.0053,0,0.1076,0.0329,0.0079,0.0457,0,0,0,0,0.0736,0.1428,0.15,0.008,7831,11575,0.9851,28,186027257,201916665,1,0.4011,2
4407,Social Work.,132903,1,3,44.0,53.0,1.0,197.0,132903,University of Central Florida,,0,0.0069,0.0018,0,0.041,0,0.0557,0,0.0332,0.0788,0,0.001,0,0.0124,0.0214,0.0273,0,0.0578,0.0062,0,0.0527,0.0274,0.0025,0,0.0053,0,0.1076,0.0329,0.0079,0.0457,0,0,0,0,0.0736,0.1428,0.15,0.008,7831,11575,0.9851,28,186027257,201916665,1,0.4011,2
4407,Social Work.,132903,3,5,153.0,213.0,10.0,445.0,132903,University of Central Florida,,0,0.0069,0.0018,0,0.041,0,0.0557,0,0.0332,0.0788,0,0.001,0,0.0124,0.0214,0.0273,0,0.0578,0.0062,0,0.0527,0.0274,0.0025,0,0.0053,0,0.1076,0.0329,0.0079,0.0457,0,0,0,0,0.0736,0.1428,0.15,0.008,7831,11575,0.9851,28,186027257,201916665,1,0.4011,2
4501,"Social Sciences, General.",132903,3,3,23.0,28.0,3.0,232.0,132903,University of Central Florida,,0,0.0069,0.0018,0,0.041,0,0.0557,0,0.0332,0.0788,0,0.001,0,0.0124,0.0214,0.0273,0,0.0578,0.0062,0,0.0527,0.0274,0.0025,0,0.0053,0,0.1076,0.0329,0.0079,0.0457,0,0,0,0,0.0736,0.1428,0.15,0.008,7831,11575,0.9851,28,186027257,201916665,1,0.4011,2
4502,Anthropology.,132903,3,3,42.0,65.0,8.0,199.0,132903,University of Central Florida,,0,0.0069,0.0018,0,0.041,0,0.0557,0,0.0332,0.0788,0,0.001,0,0.0124,0.0214,0.0273,0,0.0578,0.0062,0,0.0527,0.0274,0.0025,0,0.0053,0,0.1076,0.0329,0.0079,0.0457,0,0,0,0,0.0736,0.1428,0.15,0.008,7831,11575,0.9851,28,186027257,201916665,1,0.4011,2
4506,Economics.,132903,1,3,20.0,29.0,4.0,199.0,132903,University of Central Florida,,0,0.0069,0.0018,0,0.041,0,0.0557,0,0.0332,0.0788,0,0.001,0,0.0124,0.0214,0.0273,0,0.0578,0.0062,0,0.0527,0.0274,0.0025,0,0.0053,0,0.1076,0.0329,0.0079,0.0457,0,0,0,0,0.0736,0.1428,0.15,0.008,7831,11575,0.9851,28,186027257,201916665,1,0.4011,2
4510,Political Science and Government.,132903,3,3,148.0,194.0,22.0,188.0,132903,University of Central Florida,,0,0.0069,0.0018,0,0.041,0,0.0557,0,0.0332,0.0788,0,0.001,0,0.0124,0.0214,0.0273,0,0.0578,0.0062,0,0.0527,0.0274,0.0025,0,0.0053,0,0.1076,0.0329,0.0079,0.0457,0,0,0,0,0.0736,0.1428,0.15,0.008,7831,11575,0.9851,28,186027257,201916665,1,0.4011,2
4511,Sociology.,132903,3,3,72.0,102.0,9.0,240.0,132903,University of Central Florida,,0,0.0069,0.0018,0,0.041,0,0.0557,0,0.0332,0.0788,0,0.001,0,0.0124,0.0214,0.0273,0,0.0578,0.0062,0,0.0527,0.0274,0.0025,0,0.0053,0,0.1076,0.0329,0.0079,0.0457,0,0,0,0,0.0736,0.1428,0.15,0.008,7831,11575,0.9851,28,186027257,201916665,1,0.4011,2
5001,"Visual and Performing Arts, General.",132903,1,3,131.0,291.0,23.0,238.0,132903,University of Central Florida,,0,0.0069,0.0018,0,0.041,0,0.0557,0,0.0332,0.0788,0,0.001,0,0.0124,0.0214,0.0273,0,0.0578,0.0062,0,0.0527,0.0274,0.0025,0,0.0053,0,0.1076,0.0329,0.0079,0.0457,0,0,0,0,0.0736,0.1428,0.15,0.008,7831,11575,0.9851,28,186027257,201916665,1,0.4011,2
5001,"Visual and Performing Arts, General.",132903,1,5,68.0,83.0,8.0,620.0,132903,University of Central Florida,,0,0.0069,0.0018,0,0.041,0,0.0557,0,0.0332,0.0788,0,0.001,0,0.0124,0.0214,0.0273,0,0.0578,0.0062,0,0.0527,0.0274,0.0025,0,0.0053,0,0.1076,0.0329,0.0079,0.0457,0,0,0,0,0.0736,0.1428,0.15,0.008,7831,11575,0.9851,28,186027257,201916665,1,0.4011,2
5005,Drama/Theatre Arts and Stagecraft.,132903,1,3,60.0,101.0,2.0,207.0,132903,University of Central Florida,,0,0.0069,0.0018,0,0.041,0,0.0557,0,0.0332,0.0788,0,0.001,0,0.0124,0.0214,0.0273,0,0.0578,0.0062,0,0.0527,0.0274,0.0025,0,0.0053,0,0.1076,0.0329,0.0079,0.0457,0,0,0,0,0.0736,0.1428,0.15,0.008,7831,11575,0.9851,28,186027257,201916665,1,0.4011,2
5006,Film/Video and Photographic Arts.,132903,1,3,73.0,147.0,7.0,210.0,132903,University of Central Florida,,0,0.0069,0.0018,0,0.041,0,0.0557,0,0.0332,0.0788,0,0.001,0,0.0124,0.0214,0.0273,0,0.0578,0.0062,0,0.0527,0.0274,0.0025,0,0.0053,0,0.1076,0.0329,0.0079,0.0457,0,0,0,0,0.0736,0.1428,0.15,0.008,7831,11575,0.9851,28,186027257,201916665,1,0.4011,2
5007,Fine and Studio Arts.,132903,1,3,129.0,227.0,30.0,212.0,132903,University of Central Florida,,0,0.0069,0.0018,0,0.041,0,0.0557,0,0.0332,0.0788,0,0.001,0,0.0124,0.0214,0.0273,0,0.0578,0.0062,0,0.0527,0.0274,0.0025,0,0.0053,0,0.1076,0.0329,0.0079,0.0457,0,0,0,0,0.0736,0.1428,0.15,0.008,7831,11575,0.9851,28,186027257,201916665,1,0.4011,2
5009,Music.,132903,1,3,28.0,28.0,3.0,157.0,132903,University of Central Florida,,0,0.0069,0.0018,0,0.041,0,0.0557,0,0.0332,0.0788,0,0.001,0,0.0124,0.0214,0.0273,0,0.0578,0.0062,0,0.0527,0.0274,0.0025,0,0.0053,0,0.1076,0.0329,0.0079,0.0457,0,0,0,0,0.0736,0.1428,0.15,0.008,7831,11575,0.9851,28,186027257,201916665,1,0.4011,2
5010,"Arts, Entertainment, and Media Management.",132903,1,3,79.0,134.0,8.0,219.0,132903,University of Central Florida,,0,0.0069,0.0018,0,0.041,0,0.0557,0,0.0332,0.0788,0,0.001,0,0.0124,0.0214,0.0273,0,0.0578,0.0062,0,0.0527,0.0274,0.0025,0,0.0053,0,0.1076,0.0329,0.0079,0.0457,0,0,0,0,0.0736,0.1428,0.15,0.008,7831,11575,0.9851,28,186027257,201916665,1,0.4011,2
5100,"Health Services/Allied Health/Health Sciences, General.",132903,1,3,526.0,619.0,32.0,204.0,132903,University of Central Florida,,0,0.0069,0.0018,0,0.041,0,0.0557,0,0.0332,0.0788,0,0.001,0,0.0124,0.0214,0.0273,0,0.0578,0.0062,0,0.0527,0.0274,0.0025,0,0.0053,0,0.1076,0.0329,0.0079,0.0457,0,0,0,0,0.0736,0.1428,0.15,0.008,7831,11575,0.9851,28,186027257,201916665,1,0.4011,2
5100,"Health Services/Allied Health/Health Sciences, General.",132903,3,5,82.0,106.0,5.0,517.0,132903,University of Central Florida,,0,0.0069,0.0018,0,0.041,0,0.0557,0,0.0332,0.0788,0,0.001,0,0.0124,0.0214,0.0273,0,0.0578,0.0062,0,0.0527,0.0274,0.0025,0,0.0053,0,0.1076,0.0329,0.0079,0.0457,0,0,0,0,0.0736,0.1428,0.15,0.008,7831,11575,0.9851,28,186027257,201916665,1,0.4011,2
5102,Communication Disorders Sciences and Services.,132903,1,3,160.0,184.0,13.0,196.0,132903,University of Central Florida,,0,0.0069,0.0018,0,0.041,0,0.0557,0,0.0332,0.0788,0,0.001,0,0.0124,0.0214,0.0273,0,0.0578,0.0062,0,0.0527,0.0274,0.0025,0,0.0053,0,0.1076,0.0329,0.0079,0.0457,0,0,0,0,0.0736,0.1428,0.15,0.008,7831,11575,0.9851,28,186027257,201916665,1,0.4011,2
5102,Communication Disorders Sciences and Services.,132903,1,5,78.0,115.0,2.0,573.0,132903,University of Central Florida,,0,0.0069,0.0018,0,0.041,0,0.0557,0,0.0332,0.0788,0,0.001,0,0.0124,0.0214,0.0273,0,0.0578,0.0062,0,0.0527,0.0274,0.0025,0,0.0053,0,0.1076,0.0329,0.0079,0.0457,0,0,0,0,0.0736,0.1428,0.15,0.008,7831,11575,0.9851,28,186027257,201916665,1,0.4011,2
5107,Health and Medical Administrative Services.,132903,3,3,317.0,404.0,18.0,190.0,132903,University of Central Florida,,0,0.0069,0.0018,0,0.041,0,0.0557,0,0.0332,0.0788,0,0.001,0,0.0124,0.0214,0.0273,0,0.0578,0.0062,0,0.0527,0.0274,0.0025,0,0.0053,0,0.1076,0.0329,0.0079,0.0457,0,0,0,0,0.0736,0.1428,0.15,0.008,7831,11575,0.9851,28,186027257,201916665,1,0.4011,2
5107,Health and Medical Administrative Services.,132903,3,5,34.0,64.0,7.0,546.0,132903,University of Central Florida,,0,0.0069,0.0018,0,0.041,0,0.0557,0,0.0332,0.0788,0,0.001,0,0.0124,0.0214,0.0273,0,0.0578,0.0062,0,0.0527,0.0274,0.0025,0,0.0053,0,0.1076,0.0329,0.0079,0.0457,0,0,0,0,0.0736,0.1428,0.15,0.008,7831,11575,0.9851,28,186027257,201916665,1,0.4011,2
5110,Clinical/Medical Laboratory Science/Research and Allied Professions.,132903,1,3,20.0,45.0,0.0,204.0,132903,University of Central Florida,,0,0.0069,0.0018,0,0.041,0,0.0557,0,0.0332,0.0788,0,0.001,0,0.0124,0.0214,0.0273,0,0.0578,0.0062,0,0.0527,0.0274,0.0025,0,0.0053,0,0.1076,0.0329,0.0079,0.0457,0,0,0,0,0.0736,0.1428,0.15,0.008,7831,11575,0.9851,28,186027257,201916665,1,0.4011,2
5123,Rehabilitation and Therapeutic Professions.,132903,0,6,28.0,53.0,1.0,965.0,132903,University of Central Florida,,0,0.0069,0.0018,0,0.041,0,0.0557,0,0.0332,0.0788,0,0.001,0,0.0124,0.0214,0.0273,0,0.0578,0.0062,0,0.0527,0.0274,0.0025,0,0.0053,0,0.1076,0.0329,0.0079,0.0457,0,0,0,0,0.0736,0.1428,0.15,0.008,7831,11575,0.9851,28,186027257,201916665,1,0.4011,2
5138,"Registered Nursing, Nursing Administration, Nursing Research and Clinical Nursing.",132903,2,3,338.0,841.0,14.0,142.0,132903,University of Central Florida,,0,0.0069,0.0018,0,0.041,0,0.0557,0,0.0332,0.0788,0,0.001,0,0.0124,0.0214,0.0273,0,0.0578,0.0062,0,0.0527,0.0274,0.0025,0,0.0053,0,0.1076,0.0329,0.0079,0.0457,0,0,0,0,0.0736,0.1428,0.15,0.008,7831,11575,0.9851,28,186027257,201916665,1,0.4011,2
5138,"Registered Nursing, Nursing Administration, Nursing Research and Clinical Nursing.",132903,3,5,51.0,94.0,2.0,310.0,132903,University of Central Florida,,0,0.0069,0.0018,0,0.041,0,0.0557,0,0.0332,0.0788,0,0.001,0,0.0124,0.0214,0.0273,0,0.0578,0.0062,0,0.0527,0.0274,0.0025,0,0.0053,0,0.1076,0.0329,0.0079,0.0457,0,0,0,0,0.0736,0.1428,0.15,0.008,7831,11575,0.9851,28,186027257,201916665,1,0.4011,2
5201,"Business/Commerce, General.",132903,1,3,351.0,563.0,29.0,191.0,132903,University of Central Florida,,0,0.0069,0.0018,0,0.041,0,0.0557,0,0.0332,0.0788,0,0.001,0,0.0124,0.0214,0.0273,0,0.0578,0.0062,0,0.0527,0.0274,0.0025,0,0.0053,0,0.1076,0.0329,0.0079,0.0457,0,0,0,0,0.0736,0.1428,0.15,0.008,7831,11575,0.9851,28,186027257,201916665,1,0.4011,2
5201,"Business/Commerce, General.",132903,1,5,97.0,257.0,6.0,458.0,132903,University of Central Florida,,0,0.0069,0.0018,0,0.041,0,0.0557,0,0.0332,0.0788,0,0.001,0,0.0124,0.0214,0.0273,0,0.0578,0.0062,0,0.0527,0.0274,0.0025,0,0.0053,0,0.1076,0.0329,0.0079,0.0457,0,0,0,0,0.0736,0.1428,0.15,0.008,7831,11575,0.9851,28,186027257,201916665,1,0.4011,2
5202,"Business Administration, Management and Operations.",132903,1,3,87.0,153.0,8.0,175.0,132903,University of Central Florida,,0,0.0069,0.0018,0,0.041,0,0.0557,0,0.0332,0.0788,0,0.001,0,0.0124,0.0214,0.0273,0,0.0578,0.0062,0,0.0527,0.0274,0.0025,0,0.0053,0,0.1076,0.0329,0.0079,0.0457,0,0,0,0,0.0736,0.1428,0.15,0.008,7831,11575,0.9851,28,186027257,201916665,1,0.4011,2
5202,"Business Administration, Management and Operations.",132903,1,5,56.0,93.0,4.0,404.0,132903,University of Central Florida,,0,0.0069,0.0018,0,0.041,0,0.0557,0,0.0332,0.0788,0,0.001,0,0.0124,0.0214,0.0273,0,0.0578,0.0062,0,0.0527,0.0274,0.0025,0,0.0053,0,0.1076,0.0329,0.0079,0.0457,0,0,0,0,0.0736,0.1428,0.15,0.008,7831,11575,0.9851,28,186027257,201916665,1,0.4011,2
5203,Accounting and Related Services.,132903,1,3,154.0,186.0,9.0,188.0,132903,University of Central Florida,,0,0.0069,0.0018,0,0.041,0,0.0557,0,0.0332,0.0788,0,0.001,0,0.0124,0.0214,0.0273,0,0.0578,0.0062,0,0.0527,0.0274,0.0025,0,0.0053,0,0.1076,0.0329,0.0079,0.0457,0,0,0,0,0.0736,0.1428,0.15,0.008,7831,11575,0.9851,28,186027257,201916665,1,0.4011,2
5203,Accounting and Related Services.,132903,1,5,39.0,70.0,1.0,204.0,132903,University of Central Florida,,0,0.0069,0.0018,0,0.041,0,0.0557,0,0.0332,0.0788,0,0.001,0,0.0124,0.0214,0.0273,0,0.0578,0.0062,0,0.0527,0.0274,0.0025,0,0.0053,0,0.1076,0.0329,0.0079,0.0457,0,0,0,0,0.0736,0.1428,0.15,0.008,7831,11575,0.9851,28,186027257,201916665,1,0.4011,2
5206,Business/Managerial Economics.,132903,1,3,53.0,76.0,6.0,201.0,132903,University of Central Florida,,0,0.0069,0.0018,0,0.041,0,0.0557,0,0.0332,0.0788,0,0.001,0,0.0124,0.0214,0.0273,0,0.0578,0.0062,0,0.0527,0.0274,0.0025,0,0.0053,0,0.1076,0.0329,0.0079,0.0457,0,0,0,0,0.0736,0.1428,0.15,0.008,7831,11575,0.9851,28,186027257,201916665,1,0.4011,2
5208,Finance and Financial Management Services.,132903,1,3,229.0,377.0,16.0,186.0,132903,University of Central Florida,,0,0.0069,0.0018,0,0.041,0,0.0557,0,0.0332,0.0788,0,0.001,0,0.0124,0.0214,0.0273,0,0.0578,0.0062,0,0.0527,0.0274,0.0025,0,0.0053,0,0.1076,0.0329,0.0079,0.0457,0,0,0,0,0.0736,0.1428,0.15,0.008,7831,11575,0.9851,28,186027257,201916665,1,0.4011,2
5209,Hospitality Administration/Management.,132903,2,3,422.0,666.0,32.0,193.0,132903,University of Central Florida,,0,0.0069,0.0018,0,0.041,0,0.0557,0,0.0332,0.0788,0,0.001,0,0.0124,0.0214,0.0273,0,0.0578,0.0062,0,0.0527,0.0274,0.0025,0,0.0053,0,0.1076,0.0329,0.0079,0.0457,0,0,0,0,0.0736,0.1428,0.15,0.008,7831,11575,0.9851,28,186027257,201916665,1,0.4011,2
5209,Hospitality Administration/Management.,132903,1,5,22.0,40.0,1.0,397.0,132903,University of Central Florida,,0,0.0069,0.0018,0,0.041,0,0.0557,0,0.0332,0.0788,0,0.001,0,0.0124,0.0214,0.0273,0,0.0578,0.0062,0,0.0527,0.0274,0.0025,0,0.0053,0,0.1076,0.0329,0.0079,0.0457,0,0,0,0,0.0736,0.1428,0.15,0.008,7831,11575,0.9851,28,186027257,201916665,1,0.4011,2
5214,Marketing.,132903,1,3,134.0,218.0,8.0,212.0,132903,University of Central Florida,,0,0.0069,0.0018,0,0.041,0,0.0557,0,0.0332,0.0788,0,0.001,0,0.0124,0.0214,0.0273,0,0.0578,0.0062,0,0.0527,0.0274,0.0025,0,0.0053,0,0.1076,0.0329,0.0079,0.0457,0,0,0,0,0.0736,0.1428,0.15,0.008,7831,11575,0.9851,28,186027257,201916665,1,0.4011,2
5215,Real Estate.,132903,1,3,44.0,67.0,6.0,188.0,132903,University of Central Florida,,0,0.0069,0.0018,0,0.041,0,0.0557,0,0.0332,0.0788,0,0.001,0,0.0124,0.0214,0.0273,0,0.0578,0.0062,0,0.0527,0.0274,0.0025,0,0.0053,0,0.1076,0.0329,0.0079,0.0457,0,0,0,0,0.0736,0.1428,0.15,0.008,7831,11575,0.9851,28,186027257,201916665,1,0.4011,2
5401,History.,132903,3,3,81.0,119.0,17.0,200.0,132903,University of Central Florida,,0,0.0069,0.0018,0,0.041,0,0.0557,0,0.0332,0.0788,0,0.001,0,0.0124,0.0214,0.0273,0,0.0578,0.0062,0,0.0527,0.0274,0.0025,0,0.0053,0,0.1076,0.0329,0.0079,0.0457,0,0,0,0,0.0736,0.1428,0.15,0.008,7831,11575,0.9851,28,186027257,201916665,1,0.4011,2
5106,Dental Support Services and Allied Professions.,132976,1,1,,20.0,3.0,,132976,Charlotte Technical College,,0,0,0,0,0.0201,0.0738,0.094,0.1611,0,0,0.0638,0,0.0201,0,0,0,0,0,0,0,0,0,0,0,0,0,0,0.0772,0,0,0,0.245,0,0,0,0.245,0,0,11681,,,15,,,1,,1
5139,"Practical Nursing, Vocational Nursing and Nursing Assistants.",132976,1,1,,50.0,1.0,,132976,Charlotte Technical College,,0,0,0,0,0.0201,0.0738,0.094,0.1611,0,0,0.0638,0,0.0201,0,0,0,0,0,0,0,0,0,0,0,0,0,0,0.0772,0,0,0,0.245,0,0,0,0.245,0,0,11681,,,15,,,1,,1
2401,"Liberal Arts and Sciences, General Studies and Humanities.",133021,1,2,,39.0,7.0,,133021,Chipola College,,0,0,0,0,0,0,0.0393,0.0291,0.0496,0,0,0,0,0,0,0.3453,0,0,0,0,0,0.0103,0,0,0,0,0,0.2051,0,0,0.0068,0.0188,0.0496,0,0.0017,0.1932,0.0513,0,6990,6218,0.4035,17,18927510,20819656,1,,1
4301,Criminal Justice and Corrections.,133021,1,1,,47.0,2.0,,133021,Chipola College,,0,0,0,0,0,0,0.0393,0.0291,0.0496,0,0,0,0,0,0,0.3453,0,0,0,0,0,0.0103,0,0,0,0,0,0.2051,0,0,0.0068,0.0188,0.0496,0,0.0017,0.1932,0.0513,0,6990,6218,0.4035,17,18927510,20819656,1,,1
5138,"Registered Nursing, Nursing Administration, Nursing Research and Clinical Nursing.",133021,1,2,,32.0,0.0,,133021,Chipola College,,0,0,0,0,0,0,0.0393,0.0291,0.0496,0,0,0,0,0,0,0.3453,0,0,0,0,0,0.0103,0,0,0,0,0,0.2051,0,0,0.0068,0.0188,0.0496,0,0.0017,0.1932,0.0513,0,6990,6218,0.4035,17,18927510,20819656,1,,1
5138,"Registered Nursing, Nursing Administration, Nursing Research and Clinical Nursing.",133021,3,3,,19.0,0.0,,133021,Chipola College,,0,0,0,0,0,0,0.0393,0.0291,0.0496,0,0,0,0,0,0,0.3453,0,0,0,0,0,0.0103,0,0,0,0,0,0.2051,0,0,0.0068,0.0188,0.0496,0,0.0017,0.1932,0.0513,0,6990,6218,0.4035,17,18927510,20819656,1,,1
5202,"Business Administration, Management and Operations.",133021,1,3,,22.0,4.0,,133021,Chipola College,,0,0,0,0,0,0,0.0393,0.0291,0.0496,0,0,0,0,0,0,0.3453,0,0,0,0,0,0.0103,0,0,0,0,0,0.2051,0,0,0.0068,0.0188,0.0496,0,0.0017,0.1932,0.0513,0,6990,6218,0.4035,17,18927510,20819656,1,,1
5108,Allied Health and Medical Assisting Services.,133155,1,1,,19.0,0.0,,133155,Lorenzo Walker Technical College,27,0.0482,0,0,0,0.0382,0,0.0743,0.1285,0,0,0.0863,0,0,0.008,0,0,0,0,0,0,0,0,0,0,0,0,0,0,0,0,0,0.1847,0.0622,0,0,0.3293,0.0402,0,8756,,,20,,,1,,1
5139,"Practical Nursing, Vocational Nursing and Nursing Assistants.",133155,1,1,,19.0,0.0,,133155,Lorenzo Walker Technical College,27,0.0482,0,0,0,0.0382,0,0.0743,0.1285,0,0,0.0863,0,0,0.008,0,0,0,0,0,0,0,0,0,0,0,0,0,0,0,0,0,0.1847,0.0622,0,0,0.3293,0.0402,0,8756,,,20,,,1,,1
1101,"Computer and Information Sciences, General.",133386,2,1,,,3.0,,133386,Daytona State College,,0,0.0003,0,0,0.0016,0.0016,0.0227,0.0605,0.0186,0.0129,0.0202,0,0.0003,0.0044,0,0.4307,0,0,0,0,0,0,0,0,0,0,0,0.0586,0,0,0.0195,0.0088,0.0224,0,0.0126,0.2146,0.0898,0,5646,7621,0.2803,19,20767028,24334381,1,,1
1101,"Computer and Information Sciences, General.",133386,3,3,16.0,32.0,10.0,214.0,133386,Daytona State College,,0,0.0003,0,0,0.0016,0.0016,0.0227,0.0605,0.0186,0.0129,0.0202,0,0.0003,0.0044,0,0.4307,0,0,0,0,0,0,0,0,0,0,0,0.0586,0,0,0.0195,0.0088,0.0224,0,0.0126,0.2146,0.0898,0,5646,7621,0.2803,19,20767028,24334381,1,,1
1204,Cosmetology and Related Personal Grooming Services.,133386,1,1,43.0,72.0,9.0,58.0,133386,Daytona State College,,0,0.0003,0,0,0.0016,0.0016,0.0227,0.0605,0.0186,0.0129,0.0202,0,0.0003,0.0044,0,0.4307,0,0,0,0,0,0,0,0,0,0,0,0.0586,0,0,0.0195,0.0088,0.0224,0,0.0126,0.2146,0.0898,0,5646,7621,0.2803,19,20767028,24334381,1,,1
1204,Cosmetology and Related Personal Grooming Services.,133386,0,99,,,,,133386,Daytona State College,,0,0.0003,0,0,0.0016,0.0016,0.0227,0.0605,0.0186,0.0129,0.0202,0,0.0003,0.0044,0,0.4307,0,0,0,0,0,0,0,0,0,0,0,0.0586,0,0,0.0195,0.0088,0.0224,0,0.0126,0.2146,0.0898,0,5646,7621,0.2803,19,20767028,24334381,1,,1
1205,Culinary Arts and Related Services.,133386,1,1,,,1.0,,133386,Daytona State College,,0,0.0003,0,0,0.0016,0.0016,0.0227,0.0605,0.0186,0.0129,0.0202,0,0.0003,0.0044,0,0.4307,0,0,0,0,0,0,0,0,0,0,0,0.0586,0,0,0.0195,0.0088,0.0224,0,0.0126,0.2146,0.0898,0,5646,7621,0.2803,19,20767028,24334381,1,,1
1205,Culinary Arts and Related Services.,133386,1,2,20.0,,4.0,120.0,133386,Daytona State College,,0,0.0003,0,0,0.0016,0.0016,0.0227,0.0605,0.0186,0.0129,0.0202,0,0.0003,0.0044,0,0.4307,0,0,0,0,0,0,0,0,0,0,0,0.0586,0,0,0.0195,0.0088,0.0224,0,0.0126,0.2146,0.0898,0,5646,7621,0.2803,19,20767028,24334381,1,,1
1312,"Teacher Education and Professional Development, Specific Levels and Methods.",133386,2,3,43.0,73.0,0.0,181.0,133386,Daytona State College,,0,0.0003,0,0,0.0016,0.0016,0.0227,0.0605,0.0186,0.0129,0.0202,0,0.0003,0.0044,0,0.4307,0,0,0,0,0,0,0,0,0,0,0,0.0586,0,0,0.0195,0.0088,0.0224,0,0.0126,0.2146,0.0898,0,5646,7621,0.2803,19,20767028,24334381,1,,1
1599,"Engineering/Engineering-Related Technologies/Technicians, Other.",133386,3,3,18.0,42.0,3.0,135.0,133386,Daytona State College,,0,0.0003,0,0,0.0016,0.0016,0.0227,0.0605,0.0186,0.0129,0.0202,0,0.0003,0.0044,0,0.4307,0,0,0,0,0,0,0,0,0,0,0,0.0586,0,0,0.0195,0.0088,0.0224,0,0.0126,0.2146,0.0898,0,5646,7621,0.2803,19,20767028,24334381,1,,1
2401,"Liberal Arts and Sciences, General Studies and Humanities.",133386,3,2,634.0,529.0,77.0,72.0,133386,Daytona State College,,0,0.0003,0,0,0.0016,0.0016,0.0227,0.0605,0.0186,0.0129,0.0202,0,0.0003,0.0044,0,0.4307,0,0,0,0,0,0,0,0,0,0,0,0.0586,0,0,0.0195,0.0088,0.0224,0,0.0126,0.2146,0.0898,0,5646,7621,0.2803,19,20767028,24334381,1,,1
2401,"Liberal Arts and Sciences, General Studies and Humanities.",133386,0,99,,,,,133386,Daytona State College,,0,0.0003,0,0,0.0016,0.0016,0.0227,0.0605,0.0186,0.0129,0.0202,0,0.0003,0.0044,0,0.4307,0,0,0,0,0,0,0,0,0,0,0,0.0586,0,0,0.0195,0.0088,0.0224,0,0.0126,0.2146,0.0898,0,5646,7621,0.2803,19,20767028,24334381,1,,1
4301,Criminal Justice and Corrections.,133386,1,1,54.0,118.0,1.0,47.0,133386,Daytona State College,,0,0.0003,0,0,0.0016,0.0016,0.0227,0.0605,0.0186,0.0129,0.0202,0,0.0003,0.0044,0,0.4307,0,0,0,0,0,0,0,0,0,0,0,0.0586,0,0,0.0195,0.0088,0.0224,0,0.0126,0.2146,0.0898,0,5646,7621,0.2803,19,20767028,24334381,1,,1
4302,Fire Protection.,133386,1,1,,32.0,1.0,,133386,Daytona State College,,0,0.0003,0,0,0.0016,0.0016,0.0227,0.0605,0.0186,0.0129,0.0202,0,0.0003,0.0044,0,0.4307,0,0,0,0,0,0,0,0,0,0,0,0.0586,0,0,0.0195,0.0088,0.0224,0,0.0126,0.2146,0.0898,0,5646,7621,0.2803,19,20767028,24334381,1,,1
4702,"Heating, Air Conditioning, Ventilation and Refrigeration Maintenance Technology/Technician (HAC, HACR, HVAC, HVACR).",133386,1,1,10.0,,2.0,,133386,Daytona State College,,0,0.0003,0,0,0.0016,0.0016,0.0227,0.0605,0.0186,0.0129,0.0202,0,0.0003,0.0044,0,0.4307,0,0,0,0,0,0,0,0,0,0,0,0.0586,0,0,0.0195,0.0088,0.0224,0,0.0126,0.2146,0.0898,0,5646,7621,0.2803,19,20767028,24334381,1,,1
4706,Vehicle Maintenance and Repair Technologies/Technicians.,133386,1,1,,16.0,1.0,,133386,Daytona State College,,0,0.0003,0,0,0.0016,0.0016,0.0227,0.0605,0.0186,0.0129,0.0202,0,0.0003,0.0044,0,0.4307,0,0,0,0,0,0,0,0,0,0,0,0.0586,0,0,0.0195,0.0088,0.0224,0,0.0126,0.2146,0.0898,0,5646,7621,0.2803,19,20767028,24334381,1,,1
5006,Film/Video and Photographic Arts.,133386,1,2,21.0,,7.0,97.0,133386,Daytona State College,,0,0.0003,0,0,0.0016,0.0016,0.0227,0.0605,0.0186,0.0129,0.0202,0,0.0003,0.0044,0,0.4307,0,0,0,0,0,0,0,0,0,0,0,0.0586,0,0,0.0195,0.0088,0.0224,0,0.0126,0.2146,0.0898,0,5646,7621,0.2803,19,20767028,24334381,1,,1
5106,Dental Support Services and Allied Professions.,133386,1,1,,19.0,1.0,,133386,Daytona State College,,0,0.0003,0,0,0.0016,0.0016,0.0227,0.0605,0.0186,0.0129,0.0202,0,0.0003,0.0044,0,0.4307,0,0,0,0,0,0,0,0,0,0,0,0.0586,0,0,0.0195,0.0088,0.0224,0,0.0126,0.2146,0.0898,0,5646,7621,0.2803,19,20767028,24334381,1,,1
5106,Dental Support Services and Allied Professions.,133386,1,2,12.0,19.0,0.0,,133386,Daytona State College,,0,0.0003,0,0,0.0016,0.0016,0.0227,0.0605,0.0186,0.0129,0.0202,0,0.0003,0.0044,0,0.4307,0,0,0,0,0,0,0,0,0,0,0,0.0586,0,0,0.0195,0.0088,0.0224,0,0.0126,0.2146,0.0898,0,5646,7621,0.2803,19,20767028,24334381,1,,1
5107,Health and Medical Administrative Services.,133386,1,2,,,5.0,,133386,Daytona State College,,0,0.0003,0,0,0.0016,0.0016,0.0227,0.0605,0.0186,0.0129,0.0202,0,0.0003,0.0044,0,0.4307,0,0,0,0,0,0,0,0,0,0,0,0.0586,0,0,0.0195,0.0088,0.0224,0,0.0126,0.2146,0.0898,0,5646,7621,0.2803,19,20767028,24334381,1,,1
5108,Allied Health and Medical Assisting Services.,133386,1,1,,18.0,0.0,,133386,Daytona State College,,0,0.0003,0,0,0.0016,0.0016,0.0227,0.0605,0.0186,0.0129,0.0202,0,0.0003,0.0044,0,0.4307,0,0,0,0,0,0,0,0,0,0,0,0.0586,0,0,0.0195,0.0088,0.0224,0,0.0126,0.2146,0.0898,0,5646,7621,0.2803,19,20767028,24334381,1,,1
5108,Allied Health and Medical Assisting Services.,133386,1,2,41.0,,0.0,112.0,133386,Daytona State College,,0,0.0003,0,0,0.0016,0.0016,0.0227,0.0605,0.0186,0.0129,0.0202,0,0.0003,0.0044,0,0.4307,0,0,0,0,0,0,0,0,0,0,0,0.0586,0,0,0.0195,0.0088,0.0224,0,0.0126,0.2146,0.0898,0,5646,7621,0.2803,19,20767028,24334381,1,,1
5109,"Allied Health Diagnostic, Intervention, and Treatment Professions.",133386,1,1,38.0,66.0,2.0,58.0,133386,Daytona State College,,0,0.0003,0,0,0.0016,0.0016,0.0227,0.0605,0.0186,0.0129,0.0202,0,0.0003,0.0044,0,0.4307,0,0,0,0,0,0,0,0,0,0,0,0.0586,0,0,0.0195,0.0088,0.0224,0,0.0126,0.2146,0.0898,0,5646,7621,0.2803,19,20767028,24334381,1,,1
5109,"Allied Health Diagnostic, Intervention, and Treatment Professions.",133386,1,2,19.0,42.0,0.0,110.0,133386,Daytona State College,,0,0.0003,0,0,0.0016,0.0016,0.0227,0.0605,0.0186,0.0129,0.0202,0,0.0003,0.0044,0,0.4307,0,0,0,0,0,0,0,0,0,0,0,0.0586,0,0,0.0195,0.0088,0.0224,0,0.0126,0.2146,0.0898,0,5646,7621,0.2803,19,20767028,24334381,1,,1
5110,Clinical/Medical Laboratory Science/Research and Allied Professions.,133386,1,1,,19.0,1.0,,133386,Daytona State College,,0,0.0003,0,0,0.0016,0.0016,0.0227,0.0605,0.0186,0.0129,0.0202,0,0.0003,0.0044,0,0.4307,0,0,0,0,0,0,0,0,0,0,0,0.0586,0,0,0.0195,0.0088,0.0224,0,0.0126,0.2146,0.0898,0,5646,7621,0.2803,19,20767028,24334381,1,,1
5138,"Registered Nursing, Nursing Administration, Nursing Research and Clinical Nursing.",133386,1,2,200.0,177.0,1.0,119.0,133386,Daytona State College,,0,0.0003,0,0,0.0016,0.0016,0.0227,0.0605,0.0186,0.0129,0.0202,0,0.0003,0.0044,0,0.4307,0,0,0,0,0,0,0,0,0,0,0,0.0586,0,0,0.0195,0.0088,0.0224,0,0.0126,0.2146,0.0898,0,5646,7621,0.2803,19,20767028,24334381,1,,1
5138,"Registered Nursing, Nursing Administration, Nursing Research and Clinical Nursing.",133386,3,3,51.0,140.0,2.0,135.0,133386,Daytona State College,,0,0.0003,0,0,0.0016,0.0016,0.0227,0.0605,0.0186,0.0129,0.0202,0,0.0003,0.0044,0,0.4307,0,0,0,0,0,0,0,0,0,0,0,0.0586,0,0,0.0195,0.0088,0.0224,0,0.0126,0.2146,0.0898,0,5646,7621,0.2803,19,20767028,24334381,1,,1
5139,"Practical Nursing, Vocational Nursing and Nursing Assistants.",133386,1,1,28.0,41.0,0.0,111.0,133386,Daytona State College,,0,0.0003,0,0,0.0016,0.0016,0.0227,0.0605,0.0186,0.0129,0.0202,0,0.0003,0.0044,0,0.4307,0,0,0,0,0,0,0,0,0,0,0,0.0586,0,0,0.0195,0.0088,0.0224,0,0.0126,0.2146,0.0898,0,5646,7621,0.2803,19,20767028,24334381,1,,1
5202,"Business Administration, Management and Operations.",133386,2,1,13.0,36.0,6.0,97.0,133386,Daytona State College,,0,0.0003,0,0,0.0016,0.0016,0.0227,0.0605,0.0186,0.0129,0.0202,0,0.0003,0.0044,0,0.4307,0,0,0,0,0,0,0,0,0,0,0,0.0586,0,0,0.0195,0.0088,0.0224,0,0.0126,0.2146,0.0898,0,5646,7621,0.2803,19,20767028,24334381,1,,1
5202,"Business Administration, Management and Operations.",133386,2,2,25.0,24.0,5.0,102.0,133386,Daytona State College,,0,0.0003,0,0,0.0016,0.0016,0.0227,0.0605,0.0186,0.0129,0.0202,0,0.0003,0.0044,0,0.4307,0,0,0,0,0,0,0,0,0,0,0,0.0586,0,0,0.0195,0.0088,0.0224,0,0.0126,0.2146,0.0898,0,5646,7621,0.2803,19,20767028,24334381,1,,1
5202,"Business Administration, Management and Operations.",133386,3,3,217.0,307.0,24.0,160.0,133386,Daytona State College,,0,0.0003,0,0,0.0016,0.0016,0.0227,0.0605,0.0186,0.0129,0.0202,0,0.0003,0.0044,0,0.4307,0,0,0,0,0,0,0,0,0,0,0,0.0586,0,0,0.0195,0.0088,0.0224,0,0.0126,0.2146,0.0898,0,5646,7621,0.2803,19,20767028,24334381,1,,1
5203,Accounting and Related Services.,133386,3,1,,,0.0,,133386,Daytona State College,,0,0.0003,0,0,0.0016,0.0016,0.0227,0.0605,0.0186,0.0129,0.0202,0,0.0003,0.0044,0,0.4307,0,0,0,0,0,0,0,0,0,0,0,0.0586,0,0,0.0195,0.0088,0.0224,0,0.0126,0.2146,0.0898,0,5646,7621,0.2803,19,20767028,24334381,1,,1
5207,Entrepreneurial and Small Business Operations.,133386,2,1,,19.0,1.0,85.0,133386,Daytona State College,,0,0.0003,0,0,0.0016,0.0016,0.0227,0.0605,0.0186,0.0129,0.0202,0,0.0003,0.0044,0,0.4307,0,0,0,0,0,0,0,0,0,0,0,0.0586,0,0,0.0195,0.0088,0.0224,0,0.0126,0.2146,0.0898,0,5646,7621,0.2803,19,20767028,24334381,1,,1
5209,Hospitality Administration/Management.,133386,1,2,10.0,,0.0,,133386,Daytona State College,,0,0.0003,0,0,0.0016,0.0016,0.0227,0.0605,0.0186,0.0129,0.0202,0,0.0003,0.0044,0,0.4307,0,0,0,0,0,0,0,0,0,0,0,0.0586,0,0,0.0195,0.0088,0.0224,0,0.0126,0.2146,0.0898,0,5646,7621,0.2803,19,20767028,24334381,1,,1
4201,"Psychology, General.",133465,3,3,165.0,90.0,15.0,472.0,133465,South University-West Palm Beach,,0,0,0,0,0,0,0,0,0,0,0,0,0,0,0,0,0,0,0,0,0,0,0,0,0,0,0.0278,0,0,0,0,0,0,0,0,0.9444,0.0278,0,10230,9088,0.5345,12,,,0,,1
4301,Criminal Justice and Corrections.,133465,3,3,115.0,76.0,7.0,449.0,133465,South University-West Palm Beach,,0,0,0,0,0,0,0,0,0,0,0,0,0,0,0,0,0,0,0,0,0,0,0,0,0,0,0.0278,0,0,0,0,0,0,0,0,0.9444,0.0278,0,10230,9088,0.5345,12,,,0,,1
4301,Criminal Justice and Corrections.,133465,3,5,78.0,57.0,6.0,466.0,133465,South University-West Palm Beach,,0,0,0,0,0,0,0,0,0,0,0,0,0,0,0,0,0,0,0,0,0,0,0,0,0,0,0.0278,0,0,0,0,0,0,0,0,0.9444,0.0278,0,10230,9088,0.5345,12,,,0,,1
5107,Health and Medical Administrative Services.,133465,3,2,209.0,76.0,9.0,295.0,133465,South University-West Palm Beach,,0,0,0,0,0,0,0,0,0,0,0,0,0,0,0,0,0,0,0,0,0,0,0,0,0,0,0.0278,0,0,0,0,0,0,0,0,0.9444,0.0278,0,10230,9088,0.5345,12,,,0,,1
5107,Health and Medical Administrative Services.,133465,3,3,258.0,156.0,12.0,421.0,133465,South University-West Palm Beach,,0,0,0,0,0,0,0,0,0,0,0,0,0,0,0,0,0,0,0,0,0,0,0,0,0,0,0.0278,0,0,0,0,0,0,0,0,0.9444,0.0278,0,10230,9088,0.5345,12,,,0,,1
5107,Health and Medical Administrative Services.,133465,3,5,241.0,180.0,17.0,466.0,133465,South University-West Palm Beach,,0,0,0,0,0,0,0,0,0,0,0,0,0,0,0,0,0,0,0,0,0,0,0,0,0,0,0.0278,0,0,0,0,0,0,0,0,0.9444,0.0278,0,10230,9088,0.5345,12,,,0,,1
5108,Allied Health and Medical Assisting Services.,133465,1,2,440.0,493.0,24.0,244.0,133465,South University-West Palm Beach,,0,0,0,0,0,0,0,0,0,0,0,0,0,0,0,0,0,0,0,0,0,0,0,0,0,0,0.0278,0,0,0,0,0,0,0,0,0.9444,0.0278,0,10230,9088,0.5345,12,,,0,,1
5108,Allied Health and Medical Assisting Services.,133465,1,5,43.0,46.0,0.0,1612.0,133465,South University-West Palm Beach,,0,0,0,0,0,0,0,0,0,0,0,0,0,0,0,0,0,0,0,0,0,0,0,0,0,0,0.0278,0,0,0,0,0,0,0,0,0.9444,0.0278,0,10230,9088,0.5345,12,,,0,,1
5109,"Allied Health Diagnostic, Intervention, and Treatment Professions.",133465,1,5,204.0,254.0,5.0,1585.0,133465,South University-West Palm Beach,,0,0,0,0,0,0,0,0,0,0,0,0,0,0,0,0,0,0,0,0,0,0,0,0,0,0,0.0278,0,0,0,0,0,0,0,0,0.9444,0.0278,0,10230,9088,0.5345,12,,,0,,1
5115,Mental and Social Health Services and Allied Professions.,133465,1,5,181.0,170.0,9.0,708.0,133465,South University-West Palm Beach,,0,0,0,0,0,0,0,0,0,0,0,0,0,0,0,0,0,0,0,0,0,0,0,0,0,0,0.0278,0,0,0,0,0,0,0,0,0.9444,0.0278,0,10230,9088,0.5345,12,,,0,,1
5122,Public Health.,133465,3,3,90.0,84.0,5.0,412.0,133465,South University-West Palm Beach,,0,0,0,0,0,0,0,0,0,0,0,0,0,0,0,0,0,0,0,0,0,0,0,0,0,0,0.0278,0,0,0,0,0,0,0,0,0.9444,0.0278,0,10230,9088,0.5345,12,,,0,,1
5138,"Registered Nursing, Nursing Administration, Nursing Research and Clinical Nursing.",133465,2,3,1287.0,1002.0,16.0,250.0,133465,South University-West Palm Beach,,0,0,0,0,0,0,0,0,0,0,0,0,0,0,0,0,0,0,0,0,0,0,0,0,0,0,0.0278,0,0,0,0,0,0,0,0,0.9444,0.0278,0,10230,9088,0.5345,12,,,0,,1
5138,"Registered Nursing, Nursing Administration, Nursing Research and Clinical Nursing.",133465,3,5,2528.0,2334.0,53.0,676.0,133465,South University-West Palm Beach,,0,0,0,0,0,0,0,0,0,0,0,0,0,0,0,0,0,0,0,0,0,0,0,0,0,0,0.0278,0,0,0,0,0,0,0,0,0.9444,0.0278,0,10230,9088,0.5345,12,,,0,,1
5202,"Business Administration, Management and Operations.",133465,3,3,245.0,177.0,19.0,488.0,133465,South University-West Palm Beach,,0,0,0,0,0,0,0,0,0,0,0,0,0,0,0,0,0,0,0,0,0,0,0,0,0,0,0.0278,0,0,0,0,0,0,0,0,0.9444,0.0278,0,10230,9088,0.5345,12,,,0,,1
5202,"Business Administration, Management and Operations.",133465,3,5,155.0,205.0,11.0,525.0,133465,South University-West Palm Beach,,0,0,0,0,0,0,0,0,0,0,0,0,0,0,0,0,0,0,0,0,0,0,0,0,0,0,0.0278,0,0,0,0,0,0,0,0,0.9444,0.0278,0,10230,9088,0.5345,12,,,0,,1
0301,Natural Resources Conservation and Research.,133492,1,3,91.0,94.0,9.0,260.0,133492,Eckerd College,,0,0.1212,0,0.0023,0.0233,0,0.007,0,0,0,0,0.0047,0,0,0.0256,0.0023,0,0.4639,0,0,0,0,0.0093,0,0.0303,0,0.0793,0,0,0.0629,0,0,0,0,0.049,0.0023,0.1096,0.007,17363,8920,0.8918,11,83580143,94995100,0,0.758,2
0901,Communication and Media Studies.,133492,1,3,22.0,22.0,1.0,217.0,133492,Eckerd College,,0,0.1212,0,0.0023,0.0233,0,0.007,0,0,0,0,0.0047,0,0,0.0256,0.0023,0,0.4639,0,0,0,0,0.0093,0,0.0303,0,0.0793,0,0,0.0629,0,0,0,0,0.049,0.0023,0.1096,0.007,17363,8920,0.8918,11,83580143,94995100,0,0.758,2
1609,"Romance Languages, Literatures, and Linguistics.",133492,1,3,16.0,,1.0,270.0,133492,Eckerd College,,0,0.1212,0,0.0023,0.0233,0,0.007,0,0,0,0,0.0047,0,0,0.0256,0.0023,0,0.4639,0,0,0,0,0.0093,0,0.0303,0,0.0793,0,0,0.0629,0,0,0,0,0.049,0.0023,0.1096,0.007,17363,8920,0.8918,11,83580143,94995100,0,0.758,2
2401,"Liberal Arts and Sciences, General Studies and Humanities.",133492,1,3,121.0,,,,133492,Eckerd College,,0,0.1212,0,0.0023,0.0233,0,0.007,0,0,0,0,0.0047,0,0,0.0256,0.0023,0,0.4639,0,0,0,0,0.0093,0,0.0303,0,0.0793,0,0,0.0629,0,0,0,0,0.049,0.0023,0.1096,0.007,17363,8920,0.8918,11,83580143,94995100,0,0.758,2
2601,"Biology, General.",133492,1,3,73.0,54.0,5.0,286.0,133492,Eckerd College,,0,0.1212,0,0.0023,0.0233,0,0.007,0,0,0,0,0.0047,0,0,0.0256,0.0023,0,0.4639,0,0,0,0,0.0093,0,0.0303,0,0.0793,0,0,0.0629,0,0,0,0,0.049,0.0023,0.1096,0.007,17363,8920,0.8918,11,83580143,94995100,0,0.758,2
2613,"Ecology, Evolution, Systematics, and Population Biology.",133492,1,3,62.0,63.0,1.0,286.0,133492,Eckerd College,,0,0.1212,0,0.0023,0.0233,0,0.007,0,0,0,0,0.0047,0,0,0.0256,0.0023,0,0.4639,0,0,0,0,0.0093,0,0.0303,0,0.0793,0,0,0.0629,0,0,0,0,0.049,0.0023,0.1096,0.007,17363,8920,0.8918,11,83580143,94995100,0,0.758,2
4201,"Psychology, General.",133492,1,3,43.0,42.0,6.0,286.0,133492,Eckerd College,,0,0.1212,0,0.0023,0.0233,0,0.007,0,0,0,0,0.0047,0,0,0.0256,0.0023,0,0.4639,0,0,0,0,0.0093,0,0.0303,0,0.0793,0,0,0.0629,0,0,0,0,0.049,0.0023,0.1096,0.007,17363,8920,0.8918,11,83580143,94995100,0,0.758,2
5201,"Business/Commerce, General.",133492,1,3,20.0,,1.0,,133492,Eckerd College,,0,0.1212,0,0.0023,0.0233,0,0.007,0,0,0,0,0.0047,0,0,0.0256,0.0023,0,0.4639,0,0,0,0,0.0093,0,0.0303,0,0.0793,0,0,0.0629,0,0,0,0,0.049,0.0023,0.1096,0.007,17363,8920,0.8918,11,83580143,94995100,0,0.758,2
5202,"Business Administration, Management and Operations.",133492,1,3,20.0,21.0,0.0,,133492,Eckerd College,,0,0.1212,0,0.0023,0.0233,0,0.007,0,0,0,0,0.0047,0,0,0.0256,0.0023,0,0.4639,0,0,0,0,0.0093,0,0.0303,0,0.0793,0,0,0.0629,0,0,0,0,0.049,0.0023,0.1096,0.007,17363,8920,0.8918,11,83580143,94995100,0,0.758,2
1312,"Teacher Education and Professional Development, Specific Levels and Methods.",133508,1,3,53.0,81.0,1.0,112.0,133508,Florida SouthWestern State College,,0,0,0.006,0,0,0.0089,0.0741,0,0.0244,0,0,0,0.012,0.0279,0,0.4767,0,0,0,0,0.0006,0,0,0,0,0.0355,0,0.05,0,0,0,0,0,0,0.0013,0.2232,0.0595,0,4739,7052,0.2759,27,46408962,49289947,1,,1
2203,Legal Support Services.,133508,1,2,,,0.0,,133508,Florida SouthWestern State College,,0,0,0.006,0,0,0.0089,0.0741,0,0.0244,0,0,0,0.012,0.0279,0,0.4767,0,0,0,0,0.0006,0,0,0,0,0.0355,0,0.05,0,0,0,0,0,0,0.0013,0.2232,0.0595,0,4739,7052,0.2759,27,46408962,49289947,1,,1
2401,"Liberal Arts and Sciences, General Studies and Humanities.",133508,1,2,610.0,504.0,46.0,74.0,133508,Florida SouthWestern State College,,0,0,0.006,0,0,0.0089,0.0741,0,0.0244,0,0,0,0.012,0.0279,0,0.4767,0,0,0,0,0.0006,0,0,0,0,0.0355,0,0.05,0,0,0,0,0,0,0.0013,0.2232,0.0595,0,4739,7052,0.2759,27,46408962,49289947,1,,1
4399,"Homeland Security, Law Enforcement, Firefighting and Related Protective Services, Other.",133508,1,3,,16.0,0.0,,133508,Florida SouthWestern State College,,0,0,0.006,0,0,0.0089,0.0741,0,0.0244,0,0,0,0.012,0.0279,0,0.4767,0,0,0,0,0.0006,0,0,0,0,0.0355,0,0.05,0,0,0,0,0,0,0.0013,0.2232,0.0595,0,4739,7052,0.2759,27,46408962,49289947,1,,1
5106,Dental Support Services and Allied Professions.,133508,1,2,10.0,,0.0,,133508,Florida SouthWestern State College,,0,0,0.006,0,0,0.0089,0.0741,0,0.0244,0,0,0,0.012,0.0279,0,0.4767,0,0,0,0,0.0006,0,0,0,0,0.0355,0,0.05,0,0,0,0,0,0,0.0013,0.2232,0.0595,0,4739,7052,0.2759,27,46408962,49289947,1,,1
5109,"Allied Health Diagnostic, Intervention, and Treatment Professions.",133508,1,2,50.0,56.0,8.0,95.0,133508,Florida SouthWestern State College,,0,0,0.006,0,0,0.0089,0.0741,0,0.0244,0,0,0,0.012,0.0279,0,0.4767,0,0,0,0,0.0006,0,0,0,0,0.0355,0,0.05,0,0,0,0,0,0,0.0013,0.2232,0.0595,0,4739,7052,0.2759,27,46408962,49289947,1,,1
5138,"Registered Nursing, Nursing Administration, Nursing Research and Clinical Nursing.",133508,1,2,150.0,147.0,37.0,95.0,133508,Florida SouthWestern State College,,0,0,0.006,0,0,0.0089,0.0741,0,0.0244,0,0,0,0.012,0.0279,0,0.4767,0,0,0,0,0.0006,0,0,0,0,0.0355,0,0.05,0,0,0,0,0,0,0.0013,0.2232,0.0595,0,4739,7052,0.2759,27,46408962,49289947,1,,1
5138,"Registered Nursing, Nursing Administration, Nursing Research and Clinical Nursing.",133508,3,3,37.0,76.0,19.0,119.0,133508,Florida SouthWestern State College,,0,0,0.006,0,0,0.0089,0.0741,0,0.0244,0,0,0,0.012,0.0279,0,0.4767,0,0,0,0,0.0006,0,0,0,0,0.0355,0,0.05,0,0,0,0,0,0,0.0013,0.2232,0.0595,0,4739,7052,0.2759,27,46408962,49289947,1,,1
5202,"Business Administration, Management and Operations.",133508,1,2,19.0,,2.0,110.0,133508,Florida SouthWestern State College,,0,0,0.006,0,0,0.0089,0.0741,0,0.0244,0,0,0,0.012,0.0279,0,0.4767,0,0,0,0,0.0006,0,0,0,0,0.0355,0,0.05,0,0,0,0,0,0,0.0013,0.2232,0.0595,0,4739,7052,0.2759,27,46408962,49289947,1,,1
5202,"Business Administration, Management and Operations.",133508,1,3,76.0,145.0,7.0,149.0,133508,Florida SouthWestern State College,,0,0,0.006,0,0,0.0089,0.0741,0,0.0244,0,0,0,0.012,0.0279,0,0.4767,0,0,0,0,0.0006,0,0,0,0,0.0355,0,0.05,0,0,0,0,0,0,0.0013,0.2232,0.0595,0,4739,7052,0.2759,27,46408962,49289947,1,,1
1402,"Aerospace, Aeronautical, and Astronautical/Space Engineering.",133553,1,3,356.0,339.0,23.0,279.0,133553,Embry-Riddle Aeronautical University-Daytona Beach,,0,0,0,0,0.0007,0,0.0209,0,0,0.3398,0.0056,0,0,0,0,0,0,0.0265,0.014,0.0216,0.0174,0,0,0,0.03,0,0.0209,0.0356,0,0,0,0,0,0.4166,0,0,0.0502,0,14657,10966,0.8761,18,195144000,222643000,1,0.6481,2
1402,"Aerospace, Aeronautical, and Astronautical/Space Engineering.",133553,1,5,18.0,,2.0,,133553,Embry-Riddle Aeronautical University-Daytona Beach,,0,0,0,0,0.0007,0,0.0209,0,0,0.3398,0.0056,0,0,0,0,0,0,0.0265,0.014,0.0216,0.0174,0,0,0,0.03,0,0.0209,0.0356,0,0,0,0,0,0.4166,0,0,0.0502,0,14657,10966,0.8761,18,195144000,222643000,1,0.6481,2
1409,Computer Engineering.,133553,1,3,31.0,40.0,0.0,279.0,133553,Embry-Riddle Aeronautical University-Daytona Beach,,0,0,0,0,0.0007,0,0.0209,0,0,0.3398,0.0056,0,0,0,0,0,0,0.0265,0.014,0.0216,0.0174,0,0,0,0.03,0,0.0209,0.0356,0,0,0,0,0,0.4166,0,0,0.0502,0,14657,10966,0.8761,18,195144000,222643000,1,0.6481,2
1410,"Electrical, Electronics, and Communications Engineering.",133553,1,3,19.0,27.0,2.0,265.0,133553,Embry-Riddle Aeronautical University-Daytona Beach,,0,0,0,0,0.0007,0,0.0209,0,0,0.3398,0.0056,0,0,0,0,0,0,0.0265,0.014,0.0216,0.0174,0,0,0,0.03,0,0.0209,0.0356,0,0,0,0,0,0.4166,0,0,0.0502,0,14657,10966,0.8761,18,195144000,222643000,1,0.6481,2
1412,Engineering Physics.,133553,1,3,24.0,16.0,2.0,239.0,133553,Embry-Riddle Aeronautical University-Daytona Beach,,0,0,0,0,0.0007,0,0.0209,0,0,0.3398,0.0056,0,0,0,0,0,0,0.0265,0.014,0.0216,0.0174,0,0,0,0.03,0,0.0209,0.0356,0,0,0,0,0,0.4166,0,0,0.0502,0,14657,10966,0.8761,18,195144000,222643000,1,0.6481,2
1419,Mechanical Engineering.,133553,1,3,83.0,87.0,10.0,278.0,133553,Embry-Riddle Aeronautical University-Daytona Beach,,0,0,0,0,0.0007,0,0.0209,0,0,0.3398,0.0056,0,0,0,0,0,0,0.0265,0.014,0.0216,0.0174,0,0,0,0.03,0,0.0209,0.0356,0,0,0,0,0,0.4166,0,0,0.0502,0,14657,10966,0.8761,18,195144000,222643000,1,0.6481,2
1427,Systems Engineering.,133553,1,5,33.0,121.0,7.0,387.0,133553,Embry-Riddle Aeronautical University-Daytona Beach,,0,0,0,0,0.0007,0,0.0209,0,0,0.3398,0.0056,0,0,0,0,0,0,0.0265,0.014,0.0216,0.0174,0,0,0,0.03,0,0.0209,0.0356,0,0,0,0,0,0.4166,0,0,0.0502,0,14657,10966,0.8761,18,195144000,222643000,1,0.6481,2
1507,Quality Control and Safety Technologies/Technicians.,133553,1,5,20.0,31.0,3.0,466.0,133553,Embry-Riddle Aeronautical University-Daytona Beach,,0,0,0,0,0.0007,0,0.0209,0,0,0.3398,0.0056,0,0,0,0,0,0,0.0265,0.014,0.0216,0.0174,0,0,0,0.03,0,0.0209,0.0356,0,0,0,0,0,0.4166,0,0,0.0502,0,14657,10966,0.8761,18,195144000,222643000,1,0.6481,2
2904,Military Systems and Maintenance Technology.,133553,1,3,42.0,20.0,0.0,265.0,133553,Embry-Riddle Aeronautical University-Daytona Beach,,0,0,0,0,0.0007,0,0.0209,0,0,0.3398,0.0056,0,0,0,0,0,0,0.0265,0.014,0.0216,0.0174,0,0,0,0.03,0,0.0209,0.0356,0,0,0,0,0,0.4166,0,0,0.0502,0,14657,10966,0.8761,18,195144000,222643000,1,0.6481,2
4004,Atmospheric Sciences and Meteorology.,133553,1,3,31.0,27.0,3.0,270.0,133553,Embry-Riddle Aeronautical University-Daytona Beach,,0,0,0,0,0.0007,0,0.0209,0,0,0.3398,0.0056,0,0,0,0,0,0,0.0265,0.014,0.0216,0.0174,0,0,0,0.03,0,0.0209,0.0356,0,0,0,0,0,0.4166,0,0,0.0502,0,14657,10966,0.8761,18,195144000,222643000,1,0.6481,2
4228,"Clinical, Counseling and Applied Psychology.",133553,1,3,40.0,35.0,2.0,252.0,133553,Embry-Riddle Aeronautical University-Daytona Beach,,0,0,0,0,0.0007,0,0.0209,0,0,0.3398,0.0056,0,0,0,0,0,0,0.0265,0.014,0.0216,0.0174,0,0,0,0.03,0,0.0209,0.0356,0,0,0,0,0,0.4166,0,0,0.0502,0,14657,10966,0.8761,18,195144000,222643000,1,0.6481,2
4228,"Clinical, Counseling and Applied Psychology.",133553,1,5,30.0,43.0,1.0,595.0,133553,Embry-Riddle Aeronautical University-Daytona Beach,,0,0,0,0,0.0007,0,0.0209,0,0,0.3398,0.0056,0,0,0,0,0,0,0.0265,0.014,0.0216,0.0174,0,0,0,0.03,0,0.0209,0.0356,0,0,0,0,0,0.4166,0,0,0.0502,0,14657,10966,0.8761,18,195144000,222643000,1,0.6481,2
4303,Homeland Security.,133553,1,3,74.0,61.0,10.0,217.0,133553,Embry-Riddle Aeronautical University-Daytona Beach,,0,0,0,0,0.0007,0,0.0209,0,0,0.3398,0.0056,0,0,0,0,0,0,0.0265,0.014,0.0216,0.0174,0,0,0,0.03,0,0.0209,0.0356,0,0,0,0,0,0.4166,0,0,0.0502,0,14657,10966,0.8761,18,195144000,222643000,1,0.6481,2
4304,Security Science and Technology.,133553,0,3,,51.0,3.0,207.0,133553,Embry-Riddle Aeronautical University-Daytona Beach,,0,0,0,0,0.0007,0,0.0209,0,0,0.3398,0.0056,0,0,0,0,0,0,0.0265,0.014,0.0216,0.0174,0,0,0,0.03,0,0.0209,0.0356,0,0,0,0,0,0.4166,0,0,0.0502,0,14657,10966,0.8761,18,195144000,222643000,1,0.6481,2
4304,Security Science and Technology.,133553,1,5,,24.0,0.0,,133553,Embry-Riddle Aeronautical University-Daytona Beach,,0,0,0,0,0.0007,0,0.0209,0,0,0.3398,0.0056,0,0,0,0,0,0,0.0265,0.014,0.0216,0.0174,0,0,0,0.03,0,0.0209,0.0356,0,0,0,0,0,0.4166,0,0,0.0502,0,14657,10966,0.8761,18,195144000,222643000,1,0.6481,2
4509,International Relations and National Security Studies.,133553,0,3,85.0,79.0,9.0,239.0,133553,Embry-Riddle Aeronautical University-Daytona Beach,,0,0,0,0,0.0007,0,0.0209,0,0,0.3398,0.0056,0,0,0,0,0,0,0.0265,0.014,0.0216,0.0174,0,0,0,0.03,0,0.0209,0.0356,0,0,0,0,0,0.4166,0,0,0.0502,0,14657,10966,0.8761,18,195144000,222643000,1,0.6481,2
4509,International Relations and National Security Studies.,133553,0,5,12.0,,0.0,,133553,Embry-Riddle Aeronautical University-Daytona Beach,,0,0,0,0,0.0007,0,0.0209,0,0,0.3398,0.0056,0,0,0,0,0,0,0.0265,0.014,0.0216,0.0174,0,0,0,0.03,0,0.0209,0.0356,0,0,0,0,0,0.4166,0,0,0.0502,0,14657,10966,0.8761,18,195144000,222643000,1,0.6481,2
4706,Vehicle Maintenance and Repair Technologies/Technicians.,133553,0,2,22.0,38.0,4.0,163.0,133553,Embry-Riddle Aeronautical University-Daytona Beach,,0,0,0,0,0.0007,0,0.0209,0,0,0.3398,0.0056,0,0,0,0,0,0,0.0265,0.014,0.0216,0.0174,0,0,0,0.03,0,0.0209,0.0356,0,0,0,0,0,0.4166,0,0,0.0502,0,14657,10966,0.8761,18,195144000,222643000,1,0.6481,2
4706,Vehicle Maintenance and Repair Technologies/Technicians.,133553,0,3,32.0,67.0,6.0,240.0,133553,Embry-Riddle Aeronautical University-Daytona Beach,,0,0,0,0,0.0007,0,0.0209,0,0,0.3398,0.0056,0,0,0,0,0,0,0.0265,0.014,0.0216,0.0174,0,0,0,0.03,0,0.0209,0.0356,0,0,0,0,0,0.4166,0,0,0.0502,0,14657,10966,0.8761,18,195144000,222643000,1,0.6481,2
4901,Air Transportation.,133553,1,2,66.0,140.0,12.0,199.0,133553,Embry-Riddle Aeronautical University-Daytona Beach,,0,0,0,0,0.0007,0,0.0209,0,0,0.3398,0.0056,0,0,0,0,0,0,0.0265,0.014,0.0216,0.0174,0,0,0,0.03,0,0.0209,0.0356,0,0,0,0,0,0.4166,0,0,0.0502,0,14657,10966,0.8761,18,195144000,222643000,1,0.6481,2
4901,Air Transportation.,133553,1,3,690.0,1094.0,105.0,246.0,133553,Embry-Riddle Aeronautical University-Daytona Beach,,0,0,0,0,0.0007,0,0.0209,0,0,0.3398,0.0056,0,0,0,0,0,0,0.0265,0.014,0.0216,0.0174,0,0,0,0.03,0,0.0209,0.0356,0,0,0,0,0,0.4166,0,0,0.0502,0,14657,10966,0.8761,18,195144000,222643000,1,0.6481,2
4901,Air Transportation.,133553,1,5,187.0,387.0,37.0,429.0,133553,Embry-Riddle Aeronautical University-Daytona Beach,,0,0,0,0,0.0007,0,0.0209,0,0,0.3398,0.0056,0,0,0,0,0,0,0.0265,0.014,0.0216,0.0174,0,0,0,0.03,0,0.0209,0.0356,0,0,0,0,0,0.4166,0,0,0.0502,0,14657,10966,0.8761,18,195144000,222643000,1,0.6481,2
5202,"Business Administration, Management and Operations.",133553,0,2,22.0,44.0,3.0,243.0,133553,Embry-Riddle Aeronautical University-Daytona Beach,,0,0,0,0,0.0007,0,0.0209,0,0,0.3398,0.0056,0,0,0,0,0,0,0.0265,0.014,0.0216,0.0174,0,0,0,0.03,0,0.0209,0.0356,0,0,0,0,0,0.4166,0,0,0.0502,0,14657,10966,0.8761,18,195144000,222643000,1,0.6481,2
5202,"Business Administration, Management and Operations.",133553,1,3,252.0,426.0,37.0,238.0,133553,Embry-Riddle Aeronautical University-Daytona Beach,,0,0,0,0,0.0007,0,0.0209,0,0,0.3398,0.0056,0,0,0,0,0,0,0.0265,0.014,0.0216,0.0174,0,0,0,0.03,0,0.0209,0.0356,0,0,0,0,0,0.4166,0,0,0.0502,0,14657,10966,0.8761,18,195144000,222643000,1,0.6481,2
5202,"Business Administration, Management and Operations.",133553,1,5,221.0,397.0,32.0,418.0,133553,Embry-Riddle Aeronautical University-Daytona Beach,,0,0,0,0,0.0007,0,0.0209,0,0,0.3398,0.0056,0,0,0,0,0,0,0.0265,0.014,0.0216,0.0174,0,0,0,0.03,0,0.0209,0.0356,0,0,0,0,0,0.4166,0,0,0.0502,0,14657,10966,0.8761,18,195144000,222643000,1,0.6481,2
5212,Management Information Systems and Services.,133553,0,5,25.0,45.0,0.0,379.0,133553,Embry-Riddle Aeronautical University-Daytona Beach,,0,0,0,0,0.0007,0,0.0209,0,0,0.3398,0.0056,0,0,0,0,0,0,0.0265,0.014,0.0216,0.0174,0,0,0,0.03,0,0.0209,0.0356,0,0,0,0,0,0.4166,0,0,0.0502,0,14657,10966,0.8761,18,195144000,222643000,1,0.6481,2
0402,Architecture.,133650,1,3,18.0,,1.0,276.0,133650,Florida Agricultural and Mechanical University,,0.0355,0.0025,0.0249,0.0037,0.0423,0,0.0292,0,0.0317,0.033,0.0087,0,0,0,0.0056,0.0124,0,0.0616,0.0031,0,0.0759,0.0131,0.0012,0,0.0081,0,0.0896,0.0647,0.0292,0.0485,0,0,0,0,0.0342,0.2365,0.1033,0.0012,10680,9244,0.9984,14,97517038,101700975,1,0.2056,2
0402,Architecture.,133650,1,5,15.0,,0.0,,133650,Florida Agricultural and Mechanical University,,0.0355,0.0025,0.0249,0.0037,0.0423,0,0.0292,0,0.0317,0.033,0.0087,0,0,0,0.0056,0.0124,0,0.0616,0.0031,0,0.0759,0.0131,0.0012,0,0.0081,0,0.0896,0.0647,0.0292,0.0485,0,0,0,0,0.0342,0.2365,0.1033,0.0012,10680,9244,0.9984,14,97517038,101700975,1,0.2056,2
0904,Journalism.,133650,1,3,75.0,54.0,7.0,277.0,133650,Florida Agricultural and Mechanical University,,0.0355,0.0025,0.0249,0.0037,0.0423,0,0.0292,0,0.0317,0.033,0.0087,0,0,0,0.0056,0.0124,0,0.0616,0.0031,0,0.0759,0.0131,0.0012,0,0.0081,0,0.0896,0.0647,0.0292,0.0485,0,0,0,0,0.0342,0.2365,0.1033,0.0012,10680,9244,0.9984,14,97517038,101700975,1,0.2056,2
0909,"Public Relations, Advertising, and Applied Communication.",133650,1,3,63.0,48.0,3.0,276.0,133650,Florida Agricultural and Mechanical University,,0.0355,0.0025,0.0249,0.0037,0.0423,0,0.0292,0,0.0317,0.033,0.0087,0,0,0,0.0056,0.0124,0,0.0616,0.0031,0,0.0759,0.0131,0.0012,0,0.0081,0,0.0896,0.0647,0.0292,0.0485,0,0,0,0,0.0342,0.2365,0.1033,0.0012,10680,9244,0.9984,14,97517038,101700975,1,0.2056,2
1101,"Computer and Information Sciences, General.",133650,2,3,52.0,74.0,4.0,245.0,133650,Florida Agricultural and Mechanical University,,0.0355,0.0025,0.0249,0.0037,0.0423,0,0.0292,0,0.0317,0.033,0.0087,0,0,0,0.0056,0.0124,0,0.0616,0.0031,0,0.0759,0.0131,0.0012,0,0.0081,0,0.0896,0.0647,0.0292,0.0485,0,0,0,0,0.0342,0.2365,0.1033,0.0012,10680,9244,0.9984,14,97517038,101700975,1,0.2056,2
1510,Construction Engineering Technology/Technician.,133650,1,3,18.0,20.0,5.0,329.0,133650,Florida Agricultural and Mechanical University,,0.0355,0.0025,0.0249,0.0037,0.0423,0,0.0292,0,0.0317,0.033,0.0087,0,0,0,0.0056,0.0124,0,0.0616,0.0031,0,0.0759,0.0131,0.0012,0,0.0081,0,0.0896,0.0647,0.0292,0.0485,0,0,0,0,0.0342,0.2365,0.1033,0.0012,10680,9244,0.9984,14,97517038,101700975,1,0.2056,2
2201,Law.,133650,1,7,283.0,224.0,20.0,1314.0,133650,Florida Agricultural and Mechanical University,,0.0355,0.0025,0.0249,0.0037,0.0423,0,0.0292,0,0.0317,0.033,0.0087,0,0,0,0.0056,0.0124,0,0.0616,0.0031,0,0.0759,0.0131,0.0012,0,0.0081,0,0.0896,0.0647,0.0292,0.0485,0,0,0,0,0.0342,0.2365,0.1033,0.0012,10680,9244,0.9984,14,97517038,101700975,1,0.2056,2
2601,"Biology, General.",133650,1,3,87.0,61.0,8.0,289.0,133650,Florida Agricultural and Mechanical University,,0.0355,0.0025,0.0249,0.0037,0.0423,0,0.0292,0,0.0317,0.033,0.0087,0,0,0,0.0056,0.0124,0,0.0616,0.0031,0,0.0759,0.0131,0.0012,0,0.0081,0,0.0896,0.0647,0.0292,0.0485,0,0,0,0,0.0342,0.2365,0.1033,0.0012,10680,9244,0.9984,14,97517038,101700975,1,0.2056,2
3000,"Multi-/Interdisciplinary Studies, General.",133650,1,3,200.0,181.0,13.0,292.0,133650,Florida Agricultural and Mechanical University,,0.0355,0.0025,0.0249,0.0037,0.0423,0,0.0292,0,0.0317,0.033,0.0087,0,0,0,0.0056,0.0124,0,0.0616,0.0031,0,0.0759,0.0131,0.0012,0,0.0081,0,0.0896,0.0647,0.0292,0.0485,0,0,0,0,0.0342,0.2365,0.1033,0.0012,10680,9244,0.9984,14,97517038,101700975,1,0.2056,2
3105,"Sports, Kinesiology, and Physical Education/Fitness.",133650,1,3,19.0,,1.0,302.0,133650,Florida Agricultural and Mechanical University,,0.0355,0.0025,0.0249,0.0037,0.0423,0,0.0292,0,0.0317,0.033,0.0087,0,0,0,0.0056,0.0124,0,0.0616,0.0031,0,0.0759,0.0131,0.0012,0,0.0081,0,0.0896,0.0647,0.0292,0.0485,0,0,0,0,0.0342,0.2365,0.1033,0.0012,10680,9244,0.9984,14,97517038,101700975,1,0.2056,2
4201,"Psychology, General.",133650,2,3,108.0,111.0,3.0,237.0,133650,Florida Agricultural and Mechanical University,,0.0355,0.0025,0.0249,0.0037,0.0423,0,0.0292,0,0.0317,0.033,0.0087,0,0,0,0.0056,0.0124,0,0.0616,0.0031,0,0.0759,0.0131,0.0012,0,0.0081,0,0.0896,0.0647,0.0292,0.0485,0,0,0,0,0.0342,0.2365,0.1033,0.0012,10680,9244,0.9984,14,97517038,101700975,1,0.2056,2
4301,Criminal Justice and Corrections.,133650,2,3,80.0,83.0,1.0,246.0,133650,Florida Agricultural and Mechanical University,,0.0355,0.0025,0.0249,0.0037,0.0423,0,0.0292,0,0.0317,0.033,0.0087,0,0,0,0.0056,0.0124,0,0.0616,0.0031,0,0.0759,0.0131,0.0012,0,0.0081,0,0.0896,0.0647,0.0292,0.0485,0,0,0,0,0.0342,0.2365,0.1033,0.0012,10680,9244,0.9984,14,97517038,101700975,1,0.2056,2
4407,Social Work.,133650,1,3,87.0,49.0,2.0,239.0,133650,Florida Agricultural and Mechanical University,,0.0355,0.0025,0.0249,0.0037,0.0423,0,0.0292,0,0.0317,0.033,0.0087,0,0,0,0.0056,0.0124,0,0.0616,0.0031,0,0.0759,0.0131,0.0012,0,0.0081,0,0.0896,0.0647,0.0292,0.0485,0,0,0,0,0.0342,0.2365,0.1033,0.0012,10680,9244,0.9984,14,97517038,101700975,1,0.2056,2
4407,Social Work.,133650,1,5,28.0,35.0,0.0,466.0,133650,Florida Agricultural and Mechanical University,,0.0355,0.0025,0.0249,0.0037,0.0423,0,0.0292,0,0.0317,0.033,0.0087,0,0,0,0.0056,0.0124,0,0.0616,0.0031,0,0.0759,0.0131,0.0012,0,0.0081,0,0.0896,0.0647,0.0292,0.0485,0,0,0,0,0.0342,0.2365,0.1033,0.0012,10680,9244,0.9984,14,97517038,101700975,1,0.2056,2
4501,"Social Sciences, General.",133650,2,5,53.0,38.0,2.0,297.0,133650,Florida Agricultural and Mechanical University,,0.0355,0.0025,0.0249,0.0037,0.0423,0,0.0292,0,0.0317,0.033,0.0087,0,0,0,0.0056,0.0124,0,0.0616,0.0031,0,0.0759,0.0131,0.0012,0,0.0081,0,0.0896,0.0647,0.0292,0.0485,0,0,0,0,0.0342,0.2365,0.1033,0.0012,10680,9244,0.9984,14,97517038,101700975,1,0.2056,2
4510,Political Science and Government.,133650,2,3,58.0,36.0,2.0,286.0,133650,Florida Agricultural and Mechanical University,,0.0355,0.0025,0.0249,0.0037,0.0423,0,0.0292,0,0.0317,0.033,0.0087,0,0,0,0.0056,0.0124,0,0.0616,0.0031,0,0.0759,0.0131,0.0012,0,0.0081,0,0.0896,0.0647,0.0292,0.0485,0,0,0,0,0.0342,0.2365,0.1033,0.0012,10680,9244,0.9984,14,97517038,101700975,1,0.2056,2
5004,Design and Applied Arts.,133650,1,3,21.0,16.0,1.0,277.0,133650,Florida Agricultural and Mechanical University,,0.0355,0.0025,0.0249,0.0037,0.0423,0,0.0292,0,0.0317,0.033,0.0087,0,0,0,0.0056,0.0124,0,0.0616,0.0031,0,0.0759,0.0131,0.0012,0,0.0081,0,0.0896,0.0647,0.0292,0.0485,0,0,0,0,0.0342,0.2365,0.1033,0.0012,10680,9244,0.9984,14,97517038,101700975,1,0.2056,2
5100,"Health Services/Allied Health/Health Sciences, General.",133650,1,3,215.0,183.0,14.0,273.0,133650,Florida Agricultural and Mechanical University,,0.0355,0.0025,0.0249,0.0037,0.0423,0,0.0292,0,0.0317,0.033,0.0087,0,0,0,0.0056,0.0124,0,0.0616,0.0031,0,0.0759,0.0131,0.0012,0,0.0081,0,0.0896,0.0647,0.0292,0.0485,0,0,0,0,0.0342,0.2365,0.1033,0.0012,10680,9244,0.9984,14,97517038,101700975,1,0.2056,2
5107,Health and Medical Administrative Services.,133650,1,3,78.0,61.0,2.0,278.0,133650,Florida Agricultural and Mechanical University,,0.0355,0.0025,0.0249,0.0037,0.0423,0,0.0292,0,0.0317,0.033,0.0087,0,0,0,0.0056,0.0124,0,0.0616,0.0031,0,0.0759,0.0131,0.0012,0,0.0081,0,0.0896,0.0647,0.0292,0.0485,0,0,0,0,0.0342,0.2365,0.1033,0.0012,10680,9244,0.9984,14,97517038,101700975,1,0.2056,2
5122,Public Health.,133650,2,5,33.0,20.0,0.0,606.0,133650,Florida Agricultural and Mechanical University,,0.0355,0.0025,0.0249,0.0037,0.0423,0,0.0292,0,0.0317,0.033,0.0087,0,0,0,0.0056,0.0124,0,0.0616,0.0031,0,0.0759,0.0131,0.0012,0,0.0081,0,0.0896,0.0647,0.0292,0.0485,0,0,0,0,0.0342,0.2365,0.1033,0.0012,10680,9244,0.9984,14,97517038,101700975,1,0.2056,2
5123,Rehabilitation and Therapeutic Professions.,133650,1,5,50.0,38.0,1.0,902.0,133650,Florida Agricultural and Mechanical University,,0.0355,0.0025,0.0249,0.0037,0.0423,0,0.0292,0,0.0317,0.033,0.0087,0,0,0,0.0056,0.0124,0,0.0616,0.0031,0,0.0759,0.0131,0.0012,0,0.0081,0,0.0896,0.0647,0.0292,0.0485,0,0,0,0,0.0342,0.2365,0.1033,0.0012,10680,9244,0.9984,14,97517038,101700975,1,0.2056,2
5138,"Registered Nursing, Nursing Administration, Nursing Research and Clinical Nursing.",133650,2,3,148.0,146.0,4.0,226.0,133650,Florida Agricultural and Mechanical University,,0.0355,0.0025,0.0249,0.0037,0.0423,0,0.0292,0,0.0317,0.033,0.0087,0,0,0,0.0056,0.0124,0,0.0616,0.0031,0,0.0759,0.0131,0.0012,0,0.0081,0,0.0896,0.0647,0.0292,0.0485,0,0,0,0,0.0342,0.2365,0.1033,0.0012,10680,9244,0.9984,14,97517038,101700975,1,0.2056,2
5202,"Business Administration, Management and Operations.",133650,1,3,126.0,128.0,1.0,244.0,133650,Florida Agricultural and Mechanical University,,0.0355,0.0025,0.0249,0.0037,0.0423,0,0.0292,0,0.0317,0.033,0.0087,0,0,0,0.0056,0.0124,0,0.0616,0.0031,0,0.0759,0.0131,0.0012,0,0.0081,0,0.0896,0.0647,0.0292,0.0485,0,0,0,0,0.0342,0.2365,0.1033,0.0012,10680,9244,0.9984,14,97517038,101700975,1,0.2056,2
5202,"Business Administration, Management and Operations.",133650,2,5,52.0,73.0,4.0,440.0,133650,Florida Agricultural and Mechanical University,,0.0355,0.0025,0.0249,0.0037,0.0423,0,0.0292,0,0.0317,0.033,0.0087,0,0,0,0.0056,0.0124,0,0.0616,0.0031,0,0.0759,0.0131,0.0012,0,0.0081,0,0.0896,0.0647,0.0292,0.0485,0,0,0,0,0.0342,0.2365,0.1033,0.0012,10680,9244,0.9984,14,97517038,101700975,1,0.2056,2
5203,Accounting and Related Services.,133650,1,3,13.0,,0.0,,133650,Florida Agricultural and Mechanical University,,0.0355,0.0025,0.0249,0.0037,0.0423,0,0.0292,0,0.0317,0.033,0.0087,0,0,0,0.0056,0.0124,0,0.0616,0.0031,0,0.0759,0.0131,0.0012,0,0.0081,0,0.0896,0.0647,0.0292,0.0485,0,0,0,0,0.0342,0.2365,0.1033,0.0012,10680,9244,0.9984,14,97517038,101700975,1,0.2056,2
0301,Natural Resources Conservation and Research.,133669,1,1,,37.0,0.0,154.0,133669,Florida Atlantic University,,0,0.0038,0.0176,0.0003,0.058,0,0.0365,0,0.0293,0.0346,0,0.0035,0,0,0.0112,0.0536,0,0.0614,0.003,0,0.0928,0.0239,0.0014,0,0.0123,0,0.0752,0.0442,0.0351,0.0445,0,0,0,0,0.0157,0.1138,0.2223,0.0058,9412,10706,0.7525,24,354574122,398118994,1,0.6613,2
0402,Architecture.,133669,0,3,36.0,44.0,0.0,326.0,133669,Florida Atlantic University,,0,0.0038,0.0176,0.0003,0.058,0,0.0365,0,0.0293,0.0346,0,0.0035,0,0,0.0112,0.0536,0,0.0614,0.003,0,0.0928,0.0239,0.0014,0,0.0123,0,0.0752,0.0442,0.0351,0.0445,0,0,0,0,0.0157,0.1138,0.2223,0.0058,9412,10706,0.7525,24,354574122,398118994,1,0.6613,2
0403,"City/Urban, Community, and Regional Planning.",133669,1,3,33.0,24.0,1.0,224.0,133669,Florida Atlantic University,,0,0.0038,0.0176,0.0003,0.058,0,0.0365,0,0.0293,0.0346,0,0.0035,0,0,0.0112,0.0536,0,0.0614,0.003,0,0.0928,0.0239,0.0014,0,0.0123,0,0.0752,0.0442,0.0351,0.0445,0,0,0,0,0.0157,0.1138,0.2223,0.0058,9412,10706,0.7525,24,354574122,398118994,1,0.6613,2
0404,Environmental Design.,133669,1,3,12.0,,4.0,152.0,133669,Florida Atlantic University,,0,0.0038,0.0176,0.0003,0.058,0,0.0365,0,0.0293,0.0346,0,0.0035,0,0,0.0112,0.0536,0,0.0614,0.003,0,0.0928,0.0239,0.0014,0,0.0123,0,0.0752,0.0442,0.0351,0.0445,0,0,0,0,0.0157,0.1138,0.2223,0.0058,9412,10706,0.7525,24,354574122,398118994,1,0.6613,2
0901,Communication and Media Studies.,133669,1,3,157.0,184.0,9.0,195.0,133669,Florida Atlantic University,,0,0.0038,0.0176,0.0003,0.058,0,0.0365,0,0.0293,0.0346,0,0.0035,0,0,0.0112,0.0536,0,0.0614,0.003,0,0.0928,0.0239,0.0014,0,0.0123,0,0.0752,0.0442,0.0351,0.0445,0,0,0,0,0.0157,0.1138,0.2223,0.0058,9412,10706,0.7525,24,354574122,398118994,1,0.6613,2
0907,"Radio, Television, and Digital Communication.",133669,1,3,127.0,163.0,10.0,170.0,133669,Florida Atlantic University,,0,0.0038,0.0176,0.0003,0.058,0,0.0365,0,0.0293,0.0346,0,0.0035,0,0,0.0112,0.0536,0,0.0614,0.003,0,0.0928,0.0239,0.0014,0,0.0123,0,0.0752,0.0442,0.0351,0.0445,0,0,0,0,0.0157,0.1138,0.2223,0.0058,9412,10706,0.7525,24,354574122,398118994,1,0.6613,2
1101,"Computer and Information Sciences, General.",133669,2,3,94.0,155.0,11.0,180.0,133669,Florida Atlantic University,,0,0.0038,0.0176,0.0003,0.058,0,0.0365,0,0.0293,0.0346,0,0.0035,0,0,0.0112,0.0536,0,0.0614,0.003,0,0.0928,0.0239,0.0014,0,0.0123,0,0.0752,0.0442,0.0351,0.0445,0,0,0,0,0.0157,0.1138,0.2223,0.0058,9412,10706,0.7525,24,354574122,398118994,1,0.6613,2
1101,"Computer and Information Sciences, General.",133669,1,5,,16.0,1.0,,133669,Florida Atlantic University,,0,0.0038,0.0176,0.0003,0.058,0,0.0365,0,0.0293,0.0346,0,0.0035,0,0,0.0112,0.0536,0,0.0614,0.003,0,0.0928,0.0239,0.0014,0,0.0123,0,0.0752,0.0442,0.0351,0.0445,0,0,0,0,0.0157,0.1138,0.2223,0.0058,9412,10706,0.7525,24,354574122,398118994,1,0.6613,2
1301,"Education, General.",133669,1,3,62.0,95.0,5.0,179.0,133669,Florida Atlantic University,,0,0.0038,0.0176,0.0003,0.058,0,0.0365,0,0.0293,0.0346,0,0.0035,0,0,0.0112,0.0536,0,0.0614,0.003,0,0.0928,0.0239,0.0014,0,0.0123,0,0.0752,0.0442,0.0351,0.0445,0,0,0,0,0.0157,0.1138,0.2223,0.0058,9412,10706,0.7525,24,354574122,398118994,1,0.6613,2
1303,Curriculum and Instruction.,133669,2,5,17.0,,0.0,,133669,Florida Atlantic University,,0,0.0038,0.0176,0.0003,0.058,0,0.0365,0,0.0293,0.0346,0,0.0035,0,0,0.0112,0.0536,0,0.0614,0.003,0,0.0928,0.0239,0.0014,0,0.0123,0,0.0752,0.0442,0.0351,0.0445,0,0,0,0,0.0157,0.1138,0.2223,0.0058,9412,10706,0.7525,24,354574122,398118994,1,0.6613,2
1304,Educational Administration and Supervision.,133669,2,5,94.0,97.0,0.0,285.0,133669,Florida Atlantic University,,0,0.0038,0.0176,0.0003,0.058,0,0.0365,0,0.0293,0.0346,0,0.0035,0,0,0.0112,0.0536,0,0.0614,0.003,0,0.0928,0.0239,0.0014,0,0.0123,0,0.0752,0.0442,0.0351,0.0445,0,0,0,0,0.0157,0.1138,0.2223,0.0058,9412,10706,0.7525,24,354574122,398118994,1,0.6613,2
1304,Educational Administration and Supervision.,133669,1,6,,,0.0,,133669,Florida Atlantic University,,0,0.0038,0.0176,0.0003,0.058,0,0.0365,0,0.0293,0.0346,0,0.0035,0,0,0.0112,0.0536,0,0.0614,0.003,0,0.0928,0.0239,0.0014,0,0.0123,0,0.0752,0.0442,0.0351,0.0445,0,0,0,0,0.0157,0.1138,0.2223,0.0058,9412,10706,0.7525,24,354574122,398118994,1,0.6613,2
1310,Special Education and Teaching.,133669,1,5,,,0.0,,133669,Florida Atlantic University,,0,0.0038,0.0176,0.0003,0.058,0,0.0365,0,0.0293,0.0346,0,0.0035,0,0,0.0112,0.0536,0,0.0614,0.003,0,0.0928,0.0239,0.0014,0,0.0123,0,0.0752,0.0442,0.0351,0.0445,0,0,0,0,0.0157,0.1138,0.2223,0.0058,9412,10706,0.7525,24,354574122,398118994,1,0.6613,2
1311,Student Counseling and Personnel Services.,133669,1,5,35.0,64.0,1.0,415.0,133669,Florida Atlantic University,,0,0.0038,0.0176,0.0003,0.058,0,0.0365,0,0.0293,0.0346,0,0.0035,0,0,0.0112,0.0536,0,0.0614,0.003,0,0.0928,0.0239,0.0014,0,0.0123,0,0.0752,0.0442,0.0351,0.0445,0,0,0,0,0.0157,0.1138,0.2223,0.0058,9412,10706,0.7525,24,354574122,398118994,1,0.6613,2
1312,"Teacher Education and Professional Development, Specific Levels and Methods.",133669,1,3,94.0,131.0,3.0,178.0,133669,Florida Atlantic University,,0,0.0038,0.0176,0.0003,0.058,0,0.0365,0,0.0293,0.0346,0,0.0035,0,0,0.0112,0.0536,0,0.0614,0.003,0,0.0928,0.0239,0.0014,0,0.0123,0,0.0752,0.0442,0.0351,0.0445,0,0,0,0,0.0157,0.1138,0.2223,0.0058,9412,10706,0.7525,24,354574122,398118994,1,0.6613,2
1313,"Teacher Education and Professional Development, Specific Subject Areas.",133669,1,3,33.0,42.0,0.0,236.0,133669,Florida Atlantic University,,0,0.0038,0.0176,0.0003,0.058,0,0.0365,0,0.0293,0.0346,0,0.0035,0,0,0.0112,0.0536,0,0.0614,0.003,0,0.0928,0.0239,0.0014,0,0.0123,0,0.0752,0.0442,0.0351,0.0445,0,0,0,0,0.0157,0.1138,0.2223,0.0058,9412,10706,0.7525,24,354574122,398118994,1,0.6613,2
1408,Civil Engineering.,133669,1,3,49.0,53.0,1.0,247.0,133669,Florida Atlantic University,,0,0.0038,0.0176,0.0003,0.058,0,0.0365,0,0.0293,0.0346,0,0.0035,0,0,0.0112,0.0536,0,0.0614,0.003,0,0.0928,0.0239,0.0014,0,0.0123,0,0.0752,0.0442,0.0351,0.0445,0,0,0,0,0.0157,0.1138,0.2223,0.0058,9412,10706,0.7525,24,354574122,398118994,1,0.6613,2
1408,Civil Engineering.,133669,1,5,,18.0,0.0,,133669,Florida Atlantic University,,0,0.0038,0.0176,0.0003,0.058,0,0.0365,0,0.0293,0.0346,0,0.0035,0,0,0.0112,0.0536,0,0.0614,0.003,0,0.0928,0.0239,0.0014,0,0.0123,0,0.0752,0.0442,0.0351,0.0445,0,0,0,0,0.0157,0.1138,0.2223,0.0058,9412,10706,0.7525,24,354574122,398118994,1,0.6613,2
1409,Computer Engineering.,133669,1,3,36.0,48.0,1.0,244.0,133669,Florida Atlantic University,,0,0.0038,0.0176,0.0003,0.058,0,0.0365,0,0.0293,0.0346,0,0.0035,0,0,0.0112,0.0536,0,0.0614,0.003,0,0.0928,0.0239,0.0014,0,0.0123,0,0.0752,0.0442,0.0351,0.0445,0,0,0,0,0.0157,0.1138,0.2223,0.0058,9412,10706,0.7525,24,354574122,398118994,1,0.6613,2
1410,"Electrical, Electronics, and Communications Engineering.",133669,1,3,60.0,49.0,3.0,195.0,133669,Florida Atlantic University,,0,0.0038,0.0176,0.0003,0.058,0,0.0365,0,0.0293,0.0346,0,0.0035,0,0,0.0112,0.0536,0,0.0614,0.003,0,0.0928,0.0239,0.0014,0,0.0123,0,0.0752,0.0442,0.0351,0.0445,0,0,0,0,0.0157,0.1138,0.2223,0.0058,9412,10706,0.7525,24,354574122,398118994,1,0.6613,2
1419,Mechanical Engineering.,133669,1,3,81.0,111.0,4.0,221.0,133669,Florida Atlantic University,,0,0.0038,0.0176,0.0003,0.058,0,0.0365,0,0.0293,0.0346,0,0.0035,0,0,0.0112,0.0536,0,0.0614,0.003,0,0.0928,0.0239,0.0014,0,0.0123,0,0.0752,0.0442,0.0351,0.0445,0,0,0,0,0.0157,0.1138,0.2223,0.0058,9412,10706,0.7525,24,354574122,398118994,1,0.6613,2
1424,Ocean Engineering.,133669,1,3,19.0,22.0,1.0,286.0,133669,Florida Atlantic University,,0,0.0038,0.0176,0.0003,0.058,0,0.0365,0,0.0293,0.0346,0,0.0035,0,0,0.0112,0.0536,0,0.0614,0.003,0,0.0928,0.0239,0.0014,0,0.0123,0,0.0752,0.0442,0.0351,0.0445,0,0,0,0,0.0157,0.1138,0.2223,0.0058,9412,10706,0.7525,24,354574122,398118994,1,0.6613,2
1601,"Linguistic, Comparative, and Related Language Studies and Services.",133669,1,3,21.0,16.0,6.0,207.0,133669,Florida Atlantic University,,0,0.0038,0.0176,0.0003,0.058,0,0.0365,0,0.0293,0.0346,0,0.0035,0,0,0.0112,0.0536,0,0.0614,0.003,0,0.0928,0.0239,0.0014,0,0.0123,0,0.0752,0.0442,0.0351,0.0445,0,0,0,0,0.0157,0.1138,0.2223,0.0058,9412,10706,0.7525,24,354574122,398118994,1,0.6613,2
2301,"English Language and Literature, General.",133669,1,3,82.0,92.0,12.0,188.0,133669,Florida Atlantic University,,0,0.0038,0.0176,0.0003,0.058,0,0.0365,0,0.0293,0.0346,0,0.0035,0,0,0.0112,0.0536,0,0.0614,0.003,0,0.0928,0.0239,0.0014,0,0.0123,0,0.0752,0.0442,0.0351,0.0445,0,0,0,0,0.0157,0.1138,0.2223,0.0058,9412,10706,0.7525,24,354574122,398118994,1,0.6613,2
2401,"Liberal Arts and Sciences, General Studies and Humanities.",133669,1,2,27.0,,2.0,126.0,133669,Florida Atlantic University,,0,0.0038,0.0176,0.0003,0.058,0,0.0365,0,0.0293,0.0346,0,0.0035,0,0,0.0112,0.0536,0,0.0614,0.003,0,0.0928,0.0239,0.0014,0,0.0123,0,0.0752,0.0442,0.0351,0.0445,0,0,0,0,0.0157,0.1138,0.2223,0.0058,9412,10706,0.7525,24,354574122,398118994,1,0.6613,2
2401,"Liberal Arts and Sciences, General Studies and Humanities.",133669,2,3,123.0,122.0,7.0,204.0,133669,Florida Atlantic University,,0,0.0038,0.0176,0.0003,0.058,0,0.0365,0,0.0293,0.0346,0,0.0035,0,0,0.0112,0.0536,0,0.0614,0.003,0,0.0928,0.0239,0.0014,0,0.0123,0,0.0752,0.0442,0.0351,0.0445,0,0,0,0,0.0157,0.1138,0.2223,0.0058,9412,10706,0.7525,24,354574122,398118994,1,0.6613,2
2601,"Biology, General.",133669,1,3,318.0,346.0,31.0,170.0,133669,Florida Atlantic University,,0,0.0038,0.0176,0.0003,0.058,0,0.0365,0,0.0293,0.0346,0,0.0035,0,0,0.0112,0.0536,0,0.0614,0.003,0,0.0928,0.0239,0.0014,0,0.0123,0,0.0752,0.0442,0.0351,0.0445,0,0,0,0,0.0157,0.1138,0.2223,0.0058,9412,10706,0.7525,24,354574122,398118994,1,0.6613,2
2601,"Biology, General.",133669,1,5,31.0,43.0,6.0,290.0,133669,Florida Atlantic University,,0,0.0038,0.0176,0.0003,0.058,0,0.0365,0,0.0293,0.0346,0,0.0035,0,0,0.0112,0.0536,0,0.0614,0.003,0,0.0928,0.0239,0.0014,0,0.0123,0,0.0752,0.0442,0.0351,0.0445,0,0,0,0,0.0157,0.1138,0.2223,0.0058,9412,10706,0.7525,24,354574122,398118994,1,0.6613,2
2701,Mathematics.,133669,1,3,23.0,21.0,0.0,204.0,133669,Florida Atlantic University,,0,0.0038,0.0176,0.0003,0.058,0,0.0365,0,0.0293,0.0346,0,0.0035,0,0,0.0112,0.0536,0,0.0614,0.003,0,0.0928,0.0239,0.0014,0,0.0123,0,0.0752,0.0442,0.0351,0.0445,0,0,0,0,0.0157,0.1138,0.2223,0.0058,9412,10706,0.7525,24,354574122,398118994,1,0.6613,2
3000,"Multi-/Interdisciplinary Studies, General.",133669,1,3,381.0,502.0,43.0,203.0,133669,Florida Atlantic University,,0,0.0038,0.0176,0.0003,0.058,0,0.0365,0,0.0293,0.0346,0,0.0035,0,0,0.0112,0.0536,0,0.0614,0.003,0,0.0928,0.0239,0.0014,0,0.0123,0,0.0752,0.0442,0.0351,0.0445,0,0,0,0,0.0157,0.1138,0.2223,0.0058,9412,10706,0.7525,24,354574122,398118994,1,0.6613,2
3105,"Sports, Kinesiology, and Physical Education/Fitness.",133669,1,3,167.0,141.0,10.0,192.0,133669,Florida Atlantic University,,0,0.0038,0.0176,0.0003,0.058,0,0.0365,0,0.0293,0.0346,0,0.0035,0,0,0.0112,0.0536,0,0.0614,0.003,0,0.0928,0.0239,0.0014,0,0.0123,0,0.0752,0.0442,0.0351,0.0445,0,0,0,0,0.0157,0.1138,0.2223,0.0058,9412,10706,0.7525,24,354574122,398118994,1,0.6613,2
3105,"Sports, Kinesiology, and Physical Education/Fitness.",133669,2,5,18.0,22.0,0.0,,133669,Florida Atlantic University,,0,0.0038,0.0176,0.0003,0.058,0,0.0365,0,0.0293,0.0346,0,0.0035,0,0,0.0112,0.0536,0,0.0614,0.003,0,0.0928,0.0239,0.0014,0,0.0123,0,0.0752,0.0442,0.0351,0.0445,0,0,0,0,0.0157,0.1138,0.2223,0.0058,9412,10706,0.7525,24,354574122,398118994,1,0.6613,2
4201,"Psychology, General.",133669,1,3,328.0,299.0,30.0,170.0,133669,Florida Atlantic University,,0,0.0038,0.0176,0.0003,0.058,0,0.0365,0,0.0293,0.0346,0,0.0035,0,0,0.0112,0.0536,0,0.0614,0.003,0,0.0928,0.0239,0.0014,0,0.0123,0,0.0752,0.0442,0.0351,0.0445,0,0,0,0,0.0157,0.1138,0.2223,0.0058,9412,10706,0.7525,24,354574122,398118994,1,0.6613,2
4227,Research and Experimental Psychology.,133669,1,3,80.0,71.0,9.0,188.0,133669,Florida Atlantic University,,0,0.0038,0.0176,0.0003,0.058,0,0.0365,0,0.0293,0.0346,0,0.0035,0,0,0.0112,0.0536,0,0.0614,0.003,0,0.0928,0.0239,0.0014,0,0.0123,0,0.0752,0.0442,0.0351,0.0445,0,0,0,0,0.0157,0.1138,0.2223,0.0058,9412,10706,0.7525,24,354574122,398118994,1,0.6613,2
4301,Criminal Justice and Corrections.,133669,3,3,311.0,369.0,31.0,164.0,133669,Florida Atlantic University,,0,0.0038,0.0176,0.0003,0.058,0,0.0365,0,0.0293,0.0346,0,0.0035,0,0,0.0112,0.0536,0,0.0614,0.003,0,0.0928,0.0239,0.0014,0,0.0123,0,0.0752,0.0442,0.0351,0.0445,0,0,0,0,0.0157,0.1138,0.2223,0.0058,9412,10706,0.7525,24,354574122,398118994,1,0.6613,2
4301,Criminal Justice and Corrections.,133669,1,5,20.0,18.0,0.0,,133669,Florida Atlantic University,,0,0.0038,0.0176,0.0003,0.058,0,0.0365,0,0.0293,0.0346,0,0.0035,0,0,0.0112,0.0536,0,0.0614,0.003,0,0.0928,0.0239,0.0014,0,0.0123,0,0.0752,0.0442,0.0351,0.0445,0,0,0,0,0.0157,0.1138,0.2223,0.0058,9412,10706,0.7525,24,354574122,398118994,1,0.6613,2
4399,"Homeland Security, Law Enforcement, Firefighting and Related Protective Services, Other.",133669,3,3,38.0,61.0,2.0,195.0,133669,Florida Atlantic University,,0,0.0038,0.0176,0.0003,0.058,0,0.0365,0,0.0293,0.0346,0,0.0035,0,0,0.0112,0.0536,0,0.0614,0.003,0,0.0928,0.0239,0.0014,0,0.0123,0,0.0752,0.0442,0.0351,0.0445,0,0,0,0,0.0157,0.1138,0.2223,0.0058,9412,10706,0.7525,24,354574122,398118994,1,0.6613,2
4404,Public Administration.,133669,3,3,35.0,36.0,1.0,180.0,133669,Florida Atlantic University,,0,0.0038,0.0176,0.0003,0.058,0,0.0365,0,0.0293,0.0346,0,0.0035,0,0,0.0112,0.0536,0,0.0614,0.003,0,0.0928,0.0239,0.0014,0,0.0123,0,0.0752,0.0442,0.0351,0.0445,0,0,0,0,0.0157,0.1138,0.2223,0.0058,9412,10706,0.7525,24,354574122,398118994,1,0.6613,2
4404,Public Administration.,133669,1,5,10.0,16.0,2.0,,133669,Florida Atlantic University,,0,0.0038,0.0176,0.0003,0.058,0,0.0365,0,0.0293,0.0346,0,0.0035,0,0,0.0112,0.0536,0,0.0614,0.003,0,0.0928,0.0239,0.0014,0,0.0123,0,0.0752,0.0442,0.0351,0.0445,0,0,0,0,0.0157,0.1138,0.2223,0.0058,9412,10706,0.7525,24,354574122,398118994,1,0.6613,2
4407,Social Work.,133669,1,3,180.0,144.0,9.0,188.0,133669,Florida Atlantic University,,0,0.0038,0.0176,0.0003,0.058,0,0.0365,0,0.0293,0.0346,0,0.0035,0,0,0.0112,0.0536,0,0.0614,0.003,0,0.0928,0.0239,0.0014,0,0.0123,0,0.0752,0.0442,0.0351,0.0445,0,0,0,0,0.0157,0.1138,0.2223,0.0058,9412,10706,0.7525,24,354574122,398118994,1,0.6613,2
4502,Anthropology.,133669,1,3,29.0,24.0,3.0,196.0,133669,Florida Atlantic University,,0,0.0038,0.0176,0.0003,0.058,0,0.0365,0,0.0293,0.0346,0,0.0035,0,0,0.0112,0.0536,0,0.0614,0.003,0,0.0928,0.0239,0.0014,0,0.0123,0,0.0752,0.0442,0.0351,0.0445,0,0,0,0,0.0157,0.1138,0.2223,0.0058,9412,10706,0.7525,24,354574122,398118994,1,0.6613,2
4506,Economics.,133669,2,3,46.0,59.0,4.0,191.0,133669,Florida Atlantic University,,0,0.0038,0.0176,0.0003,0.058,0,0.0365,0,0.0293,0.0346,0,0.0035,0,0,0.0112,0.0536,0,0.0614,0.003,0,0.0928,0.0239,0.0014,0,0.0123,0,0.0752,0.0442,0.0351,0.0445,0,0,0,0,0.0157,0.1138,0.2223,0.0058,9412,10706,0.7525,24,354574122,398118994,1,0.6613,2
4507,Geography and Cartography.,133669,1,1,,41.0,1.0,199.0,133669,Florida Atlantic University,,0,0.0038,0.0176,0.0003,0.058,0,0.0365,0,0.0293,0.0346,0,0.0035,0,0,0.0112,0.0536,0,0.0614,0.003,0,0.0928,0.0239,0.0014,0,0.0123,0,0.0752,0.0442,0.0351,0.0445,0,0,0,0,0.0157,0.1138,0.2223,0.0058,9412,10706,0.7525,24,354574122,398118994,1,0.6613,2
4510,Political Science and Government.,133669,1,3,91.0,104.0,19.0,179.0,133669,Florida Atlantic University,,0,0.0038,0.0176,0.0003,0.058,0,0.0365,0,0.0293,0.0346,0,0.0035,0,0,0.0112,0.0536,0,0.0614,0.003,0,0.0928,0.0239,0.0014,0,0.0123,0,0.0752,0.0442,0.0351,0.0445,0,0,0,0,0.0157,0.1138,0.2223,0.0058,9412,10706,0.7525,24,354574122,398118994,1,0.6613,2
4511,Sociology.,133669,1,3,130.0,130.0,7.0,196.0,133669,Florida Atlantic University,,0,0.0038,0.0176,0.0003,0.058,0,0.0365,0,0.0293,0.0346,0,0.0035,0,0,0.0112,0.0536,0,0.0614,0.003,0,0.0928,0.0239,0.0014,0,0.0123,0,0.0752,0.0442,0.0351,0.0445,0,0,0,0,0.0157,0.1138,0.2223,0.0058,9412,10706,0.7525,24,354574122,398118994,1,0.6613,2
5005,Drama/Theatre Arts and Stagecraft.,133669,1,3,15.0,24.0,2.0,236.0,133669,Florida Atlantic University,,0,0.0038,0.0176,0.0003,0.058,0,0.0365,0,0.0293,0.0346,0,0.0035,0,0,0.0112,0.0536,0,0.0614,0.003,0,0.0928,0.0239,0.0014,0,0.0123,0,0.0752,0.0442,0.0351,0.0445,0,0,0,0,0.0157,0.1138,0.2223,0.0058,9412,10706,0.7525,24,354574122,398118994,1,0.6613,2
5007,Fine and Studio Arts.,133669,1,3,81.0,125.0,11.0,147.0,133669,Florida Atlantic University,,0,0.0038,0.0176,0.0003,0.058,0,0.0365,0,0.0293,0.0346,0,0.0035,0,0,0.0112,0.0536,0,0.0614,0.003,0,0.0928,0.0239,0.0014,0,0.0123,0,0.0752,0.0442,0.0351,0.0445,0,0,0,0,0.0157,0.1138,0.2223,0.0058,9412,10706,0.7525,24,354574122,398118994,1,0.6613,2
5010,"Arts, Entertainment, and Media Management.",133669,1,3,16.0,,0.0,,133669,Florida Atlantic University,,0,0.0038,0.0176,0.0003,0.058,0,0.0365,0,0.0293,0.0346,0,0.0035,0,0,0.0112,0.0536,0,0.0614,0.003,0,0.0928,0.0239,0.0014,0,0.0123,0,0.0752,0.0442,0.0351,0.0445,0,0,0,0,0.0157,0.1138,0.2223,0.0058,9412,10706,0.7525,24,354574122,398118994,1,0.6613,2
5100,"Health Services/Allied Health/Health Sciences, General.",133669,1,3,79.0,82.0,5.0,181.0,133669,Florida Atlantic University,,0,0.0038,0.0176,0.0003,0.058,0,0.0365,0,0.0293,0.0346,0,0.0035,0,0,0.0112,0.0536,0,0.0614,0.003,0,0.0928,0.0239,0.0014,0,0.0123,0,0.0752,0.0442,0.0351,0.0445,0,0,0,0,0.0157,0.1138,0.2223,0.0058,9412,10706,0.7525,24,354574122,398118994,1,0.6613,2
5102,Communication Disorders Sciences and Services.,133669,1,5,33.0,35.0,3.0,466.0,133669,Florida Atlantic University,,0,0.0038,0.0176,0.0003,0.058,0,0.0365,0,0.0293,0.0346,0,0.0035,0,0,0.0112,0.0536,0,0.0614,0.003,0,0.0928,0.0239,0.0014,0,0.0123,0,0.0752,0.0442,0.0351,0.0445,0,0,0,0,0.0157,0.1138,0.2223,0.0058,9412,10706,0.7525,24,354574122,398118994,1,0.6613,2
5107,Health and Medical Administrative Services.,133669,1,3,192.0,187.0,13.0,159.0,133669,Florida Atlantic University,,0,0.0038,0.0176,0.0003,0.058,0,0.0365,0,0.0293,0.0346,0,0.0035,0,0,0.0112,0.0536,0,0.0614,0.003,0,0.0928,0.0239,0.0014,0,0.0123,0,0.0752,0.0442,0.0351,0.0445,0,0,0,0,0.0157,0.1138,0.2223,0.0058,9412,10706,0.7525,24,354574122,398118994,1,0.6613,2
5107,Health and Medical Administrative Services.,133669,2,5,156.0,151.0,5.0,377.0,133669,Florida Atlantic University,,0,0.0038,0.0176,0.0003,0.058,0,0.0365,0,0.0293,0.0346,0,0.0035,0,0,0.0112,0.0536,0,0.0614,0.003,0,0.0928,0.0239,0.0014,0,0.0123,0,0.0752,0.0442,0.0351,0.0445,0,0,0,0,0.0157,0.1138,0.2223,0.0058,9412,10706,0.7525,24,354574122,398118994,1,0.6613,2
5112,Medicine.,133669,1,7,80.0,44.0,0.0,1948.0,133669,Florida Atlantic University,,0,0.0038,0.0176,0.0003,0.058,0,0.0365,0,0.0293,0.0346,0,0.0035,0,0,0.0112,0.0536,0,0.0614,0.003,0,0.0928,0.0239,0.0014,0,0.0123,0,0.0752,0.0442,0.0351,0.0445,0,0,0,0,0.0157,0.1138,0.2223,0.0058,9412,10706,0.7525,24,354574122,398118994,1,0.6613,2
5115,Mental and Social Health Services and Allied Professions.,133669,1,5,149.0,202.0,6.0,290.0,133669,Florida Atlantic University,,0,0.0038,0.0176,0.0003,0.058,0,0.0365,0,0.0293,0.0346,0,0.0035,0,0,0.0112,0.0536,0,0.0614,0.003,0,0.0928,0.0239,0.0014,0,0.0123,0,0.0752,0.0442,0.0351,0.0445,0,0,0,0,0.0157,0.1138,0.2223,0.0058,9412,10706,0.7525,24,354574122,398118994,1,0.6613,2
5138,"Registered Nursing, Nursing Administration, Nursing Research and Clinical Nursing.",133669,2,3,159.0,272.0,5.0,181.0,133669,Florida Atlantic University,,0,0.0038,0.0176,0.0003,0.058,0,0.0365,0,0.0293,0.0346,0,0.0035,0,0,0.0112,0.0536,0,0.0614,0.003,0,0.0928,0.0239,0.0014,0,0.0123,0,0.0752,0.0442,0.0351,0.0445,0,0,0,0,0.0157,0.1138,0.2223,0.0058,9412,10706,0.7525,24,354574122,398118994,1,0.6613,2
5138,"Registered Nursing, Nursing Administration, Nursing Research and Clinical Nursing.",133669,2,5,103.0,161.0,3.0,455.0,133669,Florida Atlantic University,,0,0.0038,0.0176,0.0003,0.058,0,0.0365,0,0.0293,0.0346,0,0.0035,0,0,0.0112,0.0536,0,0.0614,0.003,0,0.0928,0.0239,0.0014,0,0.0123,0,0.0752,0.0442,0.0351,0.0445,0,0,0,0,0.0157,0.1138,0.2223,0.0058,9412,10706,0.7525,24,354574122,398118994,1,0.6613,2
5138,"Registered Nursing, Nursing Administration, Nursing Research and Clinical Nursing.",133669,1,6,26.0,46.0,1.0,620.0,133669,Florida Atlantic University,,0,0.0038,0.0176,0.0003,0.058,0,0.0365,0,0.0293,0.0346,0,0.0035,0,0,0.0112,0.0536,0,0.0614,0.003,0,0.0928,0.0239,0.0014,0,0.0123,0,0.0752,0.0442,0.0351,0.0445,0,0,0,0,0.0157,0.1138,0.2223,0.0058,9412,10706,0.7525,24,354574122,398118994,1,0.6613,2
5138,"Registered Nursing, Nursing Administration, Nursing Research and Clinical Nursing.",133669,1,8,,38.0,0.0,,133669,Florida Atlantic University,,0,0.0038,0.0176,0.0003,0.058,0,0.0365,0,0.0293,0.0346,0,0.0035,0,0,0.0112,0.0536,0,0.0614,0.003,0,0.0928,0.0239,0.0014,0,0.0123,0,0.0752,0.0442,0.0351,0.0445,0,0,0,0,0.0157,0.1138,0.2223,0.0058,9412,10706,0.7525,24,354574122,398118994,1,0.6613,2
5202,"Business Administration, Management and Operations.",133669,2,3,214.0,284.0,23.0,183.0,133669,Florida Atlantic University,,0,0.0038,0.0176,0.0003,0.058,0,0.0365,0,0.0293,0.0346,0,0.0035,0,0,0.0112,0.0536,0,0.0614,0.003,0,0.0928,0.0239,0.0014,0,0.0123,0,0.0752,0.0442,0.0351,0.0445,0,0,0,0,0.0157,0.1138,0.2223,0.0058,9412,10706,0.7525,24,354574122,398118994,1,0.6613,2
5202,"Business Administration, Management and Operations.",133669,2,5,334.0,407.0,17.0,466.0,133669,Florida Atlantic University,,0,0.0038,0.0176,0.0003,0.058,0,0.0365,0,0.0293,0.0346,0,0.0035,0,0,0.0112,0.0536,0,0.0614,0.003,0,0.0928,0.0239,0.0014,0,0.0123,0,0.0752,0.0442,0.0351,0.0445,0,0,0,0,0.0157,0.1138,0.2223,0.0058,9412,10706,0.7525,24,354574122,398118994,1,0.6613,2
5203,Accounting and Related Services.,133669,2,3,212.0,253.0,25.0,174.0,133669,Florida Atlantic University,,0,0.0038,0.0176,0.0003,0.058,0,0.0365,0,0.0293,0.0346,0,0.0035,0,0,0.0112,0.0536,0,0.0614,0.003,0,0.0928,0.0239,0.0014,0,0.0123,0,0.0752,0.0442,0.0351,0.0445,0,0,0,0,0.0157,0.1138,0.2223,0.0058,9412,10706,0.7525,24,354574122,398118994,1,0.6613,2
5203,Accounting and Related Services.,133669,2,5,230.0,297.0,5.0,412.0,133669,Florida Atlantic University,,0,0.0038,0.0176,0.0003,0.058,0,0.0365,0,0.0293,0.0346,0,0.0035,0,0,0.0112,0.0536,0,0.0614,0.003,0,0.0928,0.0239,0.0014,0,0.0123,0,0.0752,0.0442,0.0351,0.0445,0,0,0,0,0.0157,0.1138,0.2223,0.0058,9412,10706,0.7525,24,354574122,398118994,1,0.6613,2
5208,Finance and Financial Management Services.,133669,2,3,197.0,286.0,21.0,164.0,133669,Florida Atlantic University,,0,0.0038,0.0176,0.0003,0.058,0,0.0365,0,0.0293,0.0346,0,0.0035,0,0,0.0112,0.0536,0,0.0614,0.003,0,0.0928,0.0239,0.0014,0,0.0123,0,0.0752,0.0442,0.0351,0.0445,0,0,0,0,0.0157,0.1138,0.2223,0.0058,9412,10706,0.7525,24,354574122,398118994,1,0.6613,2
5208,Finance and Financial Management Services.,133669,1,5,13.0,17.0,1.0,,133669,Florida Atlantic University,,0,0.0038,0.0176,0.0003,0.058,0,0.0365,0,0.0293,0.0346,0,0.0035,0,0,0.0112,0.0536,0,0.0614,0.003,0,0.0928,0.0239,0.0014,0,0.0123,0,0.0752,0.0442,0.0351,0.0445,0,0,0,0,0.0157,0.1138,0.2223,0.0058,9412,10706,0.7525,24,354574122,398118994,1,0.6613,2
5209,Hospitality Administration/Management.,133669,3,1,,45.0,3.0,147.0,133669,Florida Atlantic University,,0,0.0038,0.0176,0.0003,0.058,0,0.0365,0,0.0293,0.0346,0,0.0035,0,0,0.0112,0.0536,0,0.0614,0.003,0,0.0928,0.0239,0.0014,0,0.0123,0,0.0752,0.0442,0.0351,0.0445,0,0,0,0,0.0157,0.1138,0.2223,0.0058,9412,10706,0.7525,24,354574122,398118994,1,0.6613,2
5209,Hospitality Administration/Management.,133669,2,3,38.0,62.0,4.0,212.0,133669,Florida Atlantic University,,0,0.0038,0.0176,0.0003,0.058,0,0.0365,0,0.0293,0.0346,0,0.0035,0,0,0.0112,0.0536,0,0.0614,0.003,0,0.0928,0.0239,0.0014,0,0.0123,0,0.0752,0.0442,0.0351,0.0445,0,0,0,0,0.0157,0.1138,0.2223,0.0058,9412,10706,0.7525,24,354574122,398118994,1,0.6613,2
5211,International Business.,133669,1,3,47.0,56.0,5.0,162.0,133669,Florida Atlantic University,,0,0.0038,0.0176,0.0003,0.058,0,0.0365,0,0.0293,0.0346,0,0.0035,0,0,0.0112,0.0536,0,0.0614,0.003,0,0.0928,0.0239,0.0014,0,0.0123,0,0.0752,0.0442,0.0351,0.0445,0,0,0,0,0.0157,0.1138,0.2223,0.0058,9412,10706,0.7525,24,354574122,398118994,1,0.6613,2
5212,Management Information Systems and Services.,133669,1,3,80.0,120.0,3.0,172.0,133669,Florida Atlantic University,,0,0.0038,0.0176,0.0003,0.058,0,0.0365,0,0.0293,0.0346,0,0.0035,0,0,0.0112,0.0536,0,0.0614,0.003,0,0.0928,0.0239,0.0014,0,0.0123,0,0.0752,0.0442,0.0351,0.0445,0,0,0,0,0.0157,0.1138,0.2223,0.0058,9412,10706,0.7525,24,354574122,398118994,1,0.6613,2
5212,Management Information Systems and Services.,133669,3,5,12.0,23.0,0.0,,133669,Florida Atlantic University,,0,0.0038,0.0176,0.0003,0.058,0,0.0365,0,0.0293,0.0346,0,0.0035,0,0,0.0112,0.0536,0,0.0614,0.003,0,0.0928,0.0239,0.0014,0,0.0123,0,0.0752,0.0442,0.0351,0.0445,0,0,0,0,0.0157,0.1138,0.2223,0.0058,9412,10706,0.7525,24,354574122,398118994,1,0.6613,2
5214,Marketing.,133669,2,3,184.0,280.0,20.0,179.0,133669,Florida Atlantic University,,0,0.0038,0.0176,0.0003,0.058,0,0.0365,0,0.0293,0.0346,0,0.0035,0,0,0.0112,0.0536,0,0.0614,0.003,0,0.0928,0.0239,0.0014,0,0.0123,0,0.0752,0.0442,0.0351,0.0445,0,0,0,0,0.0157,0.1138,0.2223,0.0058,9412,10706,0.7525,24,354574122,398118994,1,0.6613,2
5216,Taxation.,133669,2,5,29.0,45.0,0.0,351.0,133669,Florida Atlantic University,,0,0.0038,0.0176,0.0003,0.058,0,0.0365,0,0.0293,0.0346,0,0.0035,0,0,0.0112,0.0536,0,0.0614,0.003,0,0.0928,0.0239,0.0014,0,0.0123,0,0.0752,0.0442,0.0351,0.0445,0,0,0,0,0.0157,0.1138,0.2223,0.0058,9412,10706,0.7525,24,354574122,398118994,1,0.6613,2
5401,History.,133669,1,3,28.0,35.0,1.0,175.0,133669,Florida Atlantic University,,0,0.0038,0.0176,0.0003,0.058,0,0.0365,0,0.0293,0.0346,0,0.0035,0,0,0.0112,0.0536,0,0.0614,0.003,0,0.0928,0.0239,0.0014,0,0.0123,0,0.0752,0.0442,0.0351,0.0445,0,0,0,0,0.0157,0.1138,0.2223,0.0058,9412,10706,0.7525,24,354574122,398118994,1,0.6613,2
0999,"Communication, Journalism, and Related Programs, Other.",133702,0,1,,,0.0,,133702,Florida State College at Jacksonville,,0,0.0002,0.0009,0,0.0036,0.0145,0.0807,0.0518,0.0059,0,0.0302,0,0.0074,0.0067,0,0.2881,0,0.0028,0,0,0.0014,0,0,0,0,0.0209,0,0.0532,0.0147,0,0.0031,0.001,0.0074,0.0484,0.0104,0.1402,0.2066,0,4827,6904,0.3598,27,33332917,35667630,1,,1
1003,Graphic Communications.,133702,1,3,,23.0,3.0,,133702,Florida State College at Jacksonville,,0,0.0002,0.0009,0,0.0036,0.0145,0.0807,0.0518,0.0059,0,0.0302,0,0.0074,0.0067,0,0.2881,0,0.0028,0,0,0.0014,0,0,0,0,0.0209,0,0.0532,0.0147,0,0.0031,0.001,0.0074,0.0484,0.0104,0.1402,0.2066,0,4827,6904,0.3598,27,33332917,35667630,1,,1
1101,"Computer and Information Sciences, General.",133702,1,1,,,1.0,,133702,Florida State College at Jacksonville,,0,0.0002,0.0009,0,0.0036,0.0145,0.0807,0.0518,0.0059,0,0.0302,0,0.0074,0.0067,0,0.2881,0,0.0028,0,0,0.0014,0,0,0,0,0.0209,0,0.0532,0.0147,0,0.0031,0.001,0.0074,0.0484,0.0104,0.1402,0.2066,0,4827,6904,0.3598,27,33332917,35667630,1,,1
1101,"Computer and Information Sciences, General.",133702,1,2,24.0,,1.0,,133702,Florida State College at Jacksonville,,0,0.0002,0.0009,0,0.0036,0.0145,0.0807,0.0518,0.0059,0,0.0302,0,0.0074,0.0067,0,0.2881,0,0.0028,0,0,0.0014,0,0,0,0,0.0209,0,0.0532,0.0147,0,0.0031,0.001,0.0074,0.0484,0.0104,0.1402,0.2066,0,4827,6904,0.3598,27,33332917,35667630,1,,1
1109,Computer Systems Networking and Telecommunications.,133702,1,3,28.0,47.0,8.0,237.0,133702,Florida State College at Jacksonville,,0,0.0002,0.0009,0,0.0036,0.0145,0.0807,0.0518,0.0059,0,0.0302,0,0.0074,0.0067,0,0.2881,0,0.0028,0,0,0.0014,0,0,0,0,0.0209,0,0.0532,0.0147,0,0.0031,0.001,0.0074,0.0484,0.0104,0.1402,0.2066,0,4827,6904,0.3598,27,33332917,35667630,1,,1
1110,Computer/Information Technology Administration and Management.,133702,1,2,15.0,17.0,2.0,,133702,Florida State College at Jacksonville,,0,0.0002,0.0009,0,0.0036,0.0145,0.0807,0.0518,0.0059,0,0.0302,0,0.0074,0.0067,0,0.2881,0,0.0028,0,0,0.0014,0,0,0,0,0.0209,0,0.0532,0.0147,0,0.0031,0.001,0.0074,0.0484,0.0104,0.1402,0.2066,0,4827,6904,0.3598,27,33332917,35667630,1,,1
1110,Computer/Information Technology Administration and Management.,133702,1,3,19.0,43.0,6.0,276.0,133702,Florida State College at Jacksonville,,0,0.0002,0.0009,0,0.0036,0.0145,0.0807,0.0518,0.0059,0,0.0302,0,0.0074,0.0067,0,0.2881,0,0.0028,0,0,0.0014,0,0,0,0,0.0209,0,0.0532,0.0147,0,0.0031,0.001,0.0074,0.0484,0.0104,0.1402,0.2066,0,4827,6904,0.3598,27,33332917,35667630,1,,1
1204,Cosmetology and Related Personal Grooming Services.,133702,1,1,12.0,71.0,8.0,69.0,133702,Florida State College at Jacksonville,,0,0.0002,0.0009,0,0.0036,0.0145,0.0807,0.0518,0.0059,0,0.0302,0,0.0074,0.0067,0,0.2881,0,0.0028,0,0,0.0014,0,0,0,0,0.0209,0,0.0532,0.0147,0,0.0031,0.001,0.0074,0.0484,0.0104,0.1402,0.2066,0,4827,6904,0.3598,27,33332917,35667630,1,,1
1205,Culinary Arts and Related Services.,133702,1,2,,,1.0,,133702,Florida State College at Jacksonville,,0,0.0002,0.0009,0,0.0036,0.0145,0.0807,0.0518,0.0059,0,0.0302,0,0.0074,0.0067,0,0.2881,0,0.0028,0,0,0.0014,0,0,0,0,0.0209,0,0.0532,0.0147,0,0.0031,0.001,0.0074,0.0484,0.0104,0.1402,0.2066,0,4827,6904,0.3598,27,33332917,35667630,1,,1
1312,"Teacher Education and Professional Development, Specific Levels and Methods.",133702,1,3,11.0,31.0,1.0,,133702,Florida State College at Jacksonville,,0,0.0002,0.0009,0,0.0036,0.0145,0.0807,0.0518,0.0059,0,0.0302,0,0.0074,0.0067,0,0.2881,0,0.0028,0,0,0.0014,0,0,0,0,0.0209,0,0.0532,0.0147,0,0.0031,0.001,0.0074,0.0484,0.0104,0.1402,0.2066,0,4827,6904,0.3598,27,33332917,35667630,1,,1
2401,"Liberal Arts and Sciences, General Studies and Humanities.",133702,1,2,694.0,547.0,79.0,111.0,133702,Florida State College at Jacksonville,,0,0.0002,0.0009,0,0.0036,0.0145,0.0807,0.0518,0.0059,0,0.0302,0,0.0074,0.0067,0,0.2881,0,0.0028,0,0,0.0014,0,0,0,0,0.0209,0,0.0532,0.0147,0,0.0031,0.001,0.0074,0.0484,0.0104,0.1402,0.2066,0,4827,6904,0.3598,27,33332917,35667630,1,,1
2601,"Biology, General.",133702,1,3,10.0,16.0,3.0,,133702,Florida State College at Jacksonville,,0,0.0002,0.0009,0,0.0036,0.0145,0.0807,0.0518,0.0059,0,0.0302,0,0.0074,0.0067,0,0.2881,0,0.0028,0,0,0.0014,0,0,0,0,0.0209,0,0.0532,0.0147,0,0.0031,0.001,0.0074,0.0484,0.0104,0.1402,0.2066,0,4827,6904,0.3598,27,33332917,35667630,1,,1
4103,Physical Science Technologies/Technicians.,133702,1,1,55.0,59.0,1.0,111.0,133702,Florida State College at Jacksonville,,0,0.0002,0.0009,0,0.0036,0.0145,0.0807,0.0518,0.0059,0,0.0302,0,0.0074,0.0067,0,0.2881,0,0.0028,0,0,0.0014,0,0,0,0,0.0209,0,0.0532,0.0147,0,0.0031,0.001,0.0074,0.0484,0.0104,0.1402,0.2066,0,4827,6904,0.3598,27,33332917,35667630,1,,1
4301,Criminal Justice and Corrections.,133702,1,1,,105.0,1.0,,133702,Florida State College at Jacksonville,,0,0.0002,0.0009,0,0.0036,0.0145,0.0807,0.0518,0.0059,0,0.0302,0,0.0074,0.0067,0,0.2881,0,0.0028,0,0,0.0014,0,0,0,0,0.0209,0,0.0532,0.0147,0,0.0031,0.001,0.0074,0.0484,0.0104,0.1402,0.2066,0,4827,6904,0.3598,27,33332917,35667630,1,,1
4302,Fire Protection.,133702,1,1,,17.0,0.0,,133702,Florida State College at Jacksonville,,0,0.0002,0.0009,0,0.0036,0.0145,0.0807,0.0518,0.0059,0,0.0302,0,0.0074,0.0067,0,0.2881,0,0.0028,0,0,0.0014,0,0,0,0,0.0209,0,0.0532,0.0147,0,0.0031,0.001,0.0074,0.0484,0.0104,0.1402,0.2066,0,4827,6904,0.3598,27,33332917,35667630,1,,1
4399,"Homeland Security, Law Enforcement, Firefighting and Related Protective Services, Other.",133702,1,3,21.0,40.0,3.0,179.0,133702,Florida State College at Jacksonville,,0,0.0002,0.0009,0,0.0036,0.0145,0.0807,0.0518,0.0059,0,0.0302,0,0.0074,0.0067,0,0.2881,0,0.0028,0,0,0.0014,0,0,0,0,0.0209,0,0.0532,0.0147,0,0.0031,0.001,0.0074,0.0484,0.0104,0.1402,0.2066,0,4827,6904,0.3598,27,33332917,35667630,1,,1
4400,"Human Services, General.",133702,1,3,63.0,119.0,13.0,299.0,133702,Florida State College at Jacksonville,,0,0.0002,0.0009,0,0.0036,0.0145,0.0807,0.0518,0.0059,0,0.0302,0,0.0074,0.0067,0,0.2881,0,0.0028,0,0,0.0014,0,0,0,0,0.0209,0,0.0532,0.0147,0,0.0031,0.001,0.0074,0.0484,0.0104,0.1402,0.2066,0,4827,6904,0.3598,27,33332917,35667630,1,,1
4902,Ground Transportation.,133702,1,1,,30.0,2.0,,133702,Florida State College at Jacksonville,,0,0.0002,0.0009,0,0.0036,0.0145,0.0807,0.0518,0.0059,0,0.0302,0,0.0074,0.0067,0,0.2881,0,0.0028,0,0,0.0014,0,0,0,0,0.0209,0,0.0532,0.0147,0,0.0031,0.001,0.0074,0.0484,0.0104,0.1402,0.2066,0,4827,6904,0.3598,27,33332917,35667630,1,,1
5108,Allied Health and Medical Assisting Services.,133702,1,2,17.0,48.0,3.0,89.0,133702,Florida State College at Jacksonville,,0,0.0002,0.0009,0,0.0036,0.0145,0.0807,0.0518,0.0059,0,0.0302,0,0.0074,0.0067,0,0.2881,0,0.0028,0,0,0.0014,0,0,0,0,0.0209,0,0.0532,0.0147,0,0.0031,0.001,0.0074,0.0484,0.0104,0.1402,0.2066,0,4827,6904,0.3598,27,33332917,35667630,1,,1
5109,"Allied Health Diagnostic, Intervention, and Treatment Professions.",133702,1,1,,19.0,0.0,,133702,Florida State College at Jacksonville,,0,0.0002,0.0009,0,0.0036,0.0145,0.0807,0.0518,0.0059,0,0.0302,0,0.0074,0.0067,0,0.2881,0,0.0028,0,0,0.0014,0,0,0,0,0.0209,0,0.0532,0.0147,0,0.0031,0.001,0.0074,0.0484,0.0104,0.1402,0.2066,0,4827,6904,0.3598,27,33332917,35667630,1,,1
5109,"Allied Health Diagnostic, Intervention, and Treatment Professions.",133702,1,2,28.0,79.0,2.0,164.0,133702,Florida State College at Jacksonville,,0,0.0002,0.0009,0,0.0036,0.0145,0.0807,0.0518,0.0059,0,0.0302,0,0.0074,0.0067,0,0.2881,0,0.0028,0,0,0.0014,0,0,0,0,0.0209,0,0.0532,0.0147,0,0.0031,0.001,0.0074,0.0484,0.0104,0.1402,0.2066,0,4827,6904,0.3598,27,33332917,35667630,1,,1
5138,"Registered Nursing, Nursing Administration, Nursing Research and Clinical Nursing.",133702,1,2,134.0,174.0,6.0,115.0,133702,Florida State College at Jacksonville,,0,0.0002,0.0009,0,0.0036,0.0145,0.0807,0.0518,0.0059,0,0.0302,0,0.0074,0.0067,0,0.2881,0,0.0028,0,0,0.0014,0,0,0,0,0.0209,0,0.0532,0.0147,0,0.0031,0.001,0.0074,0.0484,0.0104,0.1402,0.2066,0,4827,6904,0.3598,27,33332917,35667630,1,,1
5138,"Registered Nursing, Nursing Administration, Nursing Research and Clinical Nursing.",133702,1,3,40.0,128.0,1.0,147.0,133702,Florida State College at Jacksonville,,0,0.0002,0.0009,0,0.0036,0.0145,0.0807,0.0518,0.0059,0,0.0302,0,0.0074,0.0067,0,0.2881,0,0.0028,0,0,0.0014,0,0,0,0,0.0209,0,0.0532,0.0147,0,0.0031,0.001,0.0074,0.0484,0.0104,0.1402,0.2066,0,4827,6904,0.3598,27,33332917,35667630,1,,1
5202,"Business Administration, Management and Operations.",133702,2,1,40.0,23.0,1.0,131.0,133702,Florida State College at Jacksonville,,0,0.0002,0.0009,0,0.0036,0.0145,0.0807,0.0518,0.0059,0,0.0302,0,0.0074,0.0067,0,0.2881,0,0.0028,0,0,0.0014,0,0,0,0,0.0209,0,0.0532,0.0147,0,0.0031,0.001,0.0074,0.0484,0.0104,0.1402,0.2066,0,4827,6904,0.3598,27,33332917,35667630,1,,1
5202,"Business Administration, Management and Operations.",133702,2,2,51.0,20.0,4.0,163.0,133702,Florida State College at Jacksonville,,0,0.0002,0.0009,0,0.0036,0.0145,0.0807,0.0518,0.0059,0,0.0302,0,0.0074,0.0067,0,0.2881,0,0.0028,0,0,0.0014,0,0,0,0,0.0209,0,0.0532,0.0147,0,0.0031,0.001,0.0074,0.0484,0.0104,0.1402,0.2066,0,4827,6904,0.3598,27,33332917,35667630,1,,1
5202,"Business Administration, Management and Operations.",133702,1,3,208.0,359.0,33.0,246.0,133702,Florida State College at Jacksonville,,0,0.0002,0.0009,0,0.0036,0.0145,0.0807,0.0518,0.0059,0,0.0302,0,0.0074,0.0067,0,0.2881,0,0.0028,0,0,0.0014,0,0,0,0,0.0209,0,0.0532,0.0147,0,0.0031,0.001,0.0074,0.0484,0.0104,0.1402,0.2066,0,4827,6904,0.3598,27,33332917,35667630,1,,1
5203,Accounting and Related Services.,133702,1,1,,,0.0,,133702,Florida State College at Jacksonville,,0,0.0002,0.0009,0,0.0036,0.0145,0.0807,0.0518,0.0059,0,0.0302,0,0.0074,0.0067,0,0.2881,0,0.0028,0,0,0.0014,0,0,0,0,0.0209,0,0.0532,0.0147,0,0.0031,0.001,0.0074,0.0484,0.0104,0.1402,0.2066,0,4827,6904,0.3598,27,33332917,35667630,1,,1
5203,Accounting and Related Services.,133702,1,2,17.0,,1.0,,133702,Florida State College at Jacksonville,,0,0.0002,0.0009,0,0.0036,0.0145,0.0807,0.0518,0.0059,0,0.0302,0,0.0074,0.0067,0,0.2881,0,0.0028,0,0,0.0014,0,0,0,0,0.0209,0,0.0532,0.0147,0,0.0031,0.001,0.0074,0.0484,0.0104,0.1402,0.2066,0,4827,6904,0.3598,27,33332917,35667630,1,,1
5207,Entrepreneurial and Small Business Operations.,133702,1,1,,,0.0,,133702,Florida State College at Jacksonville,,0,0.0002,0.0009,0,0.0036,0.0145,0.0807,0.0518,0.0059,0,0.0302,0,0.0074,0.0067,0,0.2881,0,0.0028,0,0,0.0014,0,0,0,0,0.0209,0,0.0532,0.0147,0,0.0031,0.001,0.0074,0.0484,0.0104,0.1402,0.2066,0,4827,6904,0.3598,27,33332917,35667630,1,,1
5208,Finance and Financial Management Services.,133702,1,3,18.0,36.0,3.0,279.0,133702,Florida State College at Jacksonville,,0,0.0002,0.0009,0,0.0036,0.0145,0.0807,0.0518,0.0059,0,0.0302,0,0.0074,0.0067,0,0.2881,0,0.0028,0,0,0.0014,0,0,0,0,0.0209,0,0.0532,0.0147,0,0.0031,0.001,0.0074,0.0484,0.0104,0.1402,0.2066,0,4827,6904,0.3598,27,33332917,35667630,1,,1
5219,"Specialized Sales, Merchandising and  Marketing Operations.",133702,1,1,,131.0,9.0,98.0,133702,Florida State College at Jacksonville,,0,0.0002,0.0009,0,0.0036,0.0145,0.0807,0.0518,0.0059,0,0.0302,0,0.0074,0.0067,0,0.2881,0,0.0028,0,0,0.0014,0,0,0,0,0.0209,0,0.0532,0.0147,0,0.0031,0.001,0.0074,0.0484,0.0104,0.1402,0.2066,0,4827,6904,0.3598,27,33332917,35667630,1,,1
0301,Natural Resources Conservation and Research.,133711,1,3,31.0,38.0,0.0,253.0,133711,Flagler College,,0,0.0545,0,0,0.0773,0,0,0,0.0808,0,0,0.0018,0,0,0.0316,0.0018,0,0,0.0035,0,0.0141,0.0422,0.0018,0,0,0,0.116,0,0.0264,0.1301,0,0,0,0,0.1213,0,0.2724,0.0246,10177,7796,0.4865,15,87754970,94777008,0,0.8076,2
0904,Journalism.,133711,1,3,34.0,42.0,3.0,262.0,133711,Flagler College,,0,0.0545,0,0,0.0773,0,0,0,0.0808,0,0,0.0018,0,0,0.0316,0.0018,0,0,0.0035,0,0.0141,0.0422,0.0018,0,0,0,0.116,0,0.0264,0.1301,0,0,0,0,0.1213,0,0.2724,0.0246,10177,7796,0.4865,15,87754970,94777008,0,0.8076,2
0909,"Public Relations, Advertising, and Applied Communication.",133711,1,3,51.0,54.0,3.0,201.0,133711,Flagler College,,0,0.0545,0,0,0.0773,0,0,0,0.0808,0,0,0.0018,0,0,0.0316,0.0018,0,0,0.0035,0,0.0141,0.0422,0.0018,0,0,0,0.116,0,0.0264,0.1301,0,0,0,0,0.1213,0,0.2724,0.0246,10177,7796,0.4865,15,87754970,94777008,0,0.8076,2
1301,"Education, General.",133711,1,3,37.0,35.0,1.0,239.0,133711,Flagler College,,0,0.0545,0,0,0.0773,0,0,0,0.0808,0,0,0.0018,0,0,0.0316,0.0018,0,0,0.0035,0,0.0141,0.0422,0.0018,0,0,0,0.116,0,0.0264,0.1301,0,0,0,0,0.1213,0,0.2724,0.0246,10177,7796,0.4865,15,87754970,94777008,0,0.8076,2
1312,"Teacher Education and Professional Development, Specific Levels and Methods.",133711,1,3,38.0,43.0,0.0,226.0,133711,Flagler College,,0,0.0545,0,0,0.0773,0,0,0,0.0808,0,0,0.0018,0,0,0.0316,0.0018,0,0,0.0035,0,0.0141,0.0422,0.0018,0,0,0,0.116,0,0.0264,0.1301,0,0,0,0,0.1213,0,0.2724,0.0246,10177,7796,0.4865,15,87754970,94777008,0,0.8076,2
2301,"English Language and Literature, General.",133711,1,3,31.0,25.0,1.0,275.0,133711,Flagler College,,0,0.0545,0,0,0.0773,0,0,0,0.0808,0,0,0.0018,0,0,0.0316,0.0018,0,0,0.0035,0,0.0141,0.0422,0.0018,0,0,0,0.116,0,0.0264,0.1301,0,0,0,0,0.1213,0,0.2724,0.0246,10177,7796,0.4865,15,87754970,94777008,0,0.8076,2
3105,"Sports, Kinesiology, and Physical Education/Fitness.",133711,1,3,16.0,16.0,0.0,,133711,Flagler College,,0,0.0545,0,0,0.0773,0,0,0,0.0808,0,0,0.0018,0,0,0.0316,0.0018,0,0,0.0035,0,0.0141,0.0422,0.0018,0,0,0,0.116,0,0.0264,0.1301,0,0,0,0,0.1213,0,0.2724,0.0246,10177,7796,0.4865,15,87754970,94777008,0,0.8076,2
4201,"Psychology, General.",133711,1,3,60.0,47.0,1.0,252.0,133711,Flagler College,,0,0.0545,0,0,0.0773,0,0,0,0.0808,0,0,0.0018,0,0,0.0316,0.0018,0,0,0.0035,0,0.0141,0.0422,0.0018,0,0,0,0.116,0,0.0264,0.1301,0,0,0,0,0.1213,0,0.2724,0.0246,10177,7796,0.4865,15,87754970,94777008,0,0.8076,2
4404,Public Administration.,133711,1,3,22.0,36.0,0.0,224.0,133711,Flagler College,,0,0.0545,0,0,0.0773,0,0,0,0.0808,0,0,0.0018,0,0,0.0316,0.0018,0,0,0.0035,0,0.0141,0.0422,0.0018,0,0,0,0.116,0,0.0264,0.1301,0,0,0,0,0.1213,0,0.2724,0.0246,10177,7796,0.4865,15,87754970,94777008,0,0.8076,2
4504,Criminology.,133711,1,3,38.0,41.0,2.0,257.0,133711,Flagler College,,0,0.0545,0,0,0.0773,0,0,0,0.0808,0,0,0.0018,0,0,0.0316,0.0018,0,0,0.0035,0,0.0141,0.0422,0.0018,0,0,0,0.116,0,0.0264,0.1301,0,0,0,0,0.1213,0,0.2724,0.0246,10177,7796,0.4865,15,87754970,94777008,0,0.8076,2
4510,Political Science and Government.,133711,1,3,19.0,,0.0,,133711,Flagler College,,0,0.0545,0,0,0.0773,0,0,0,0.0808,0,0,0.0018,0,0,0.0316,0.0018,0,0,0.0035,0,0.0141,0.0422,0.0018,0,0,0,0.116,0,0.0264,0.1301,0,0,0,0,0.1213,0,0.2724,0.0246,10177,7796,0.4865,15,87754970,94777008,0,0.8076,2
5004,Design and Applied Arts.,133711,1,3,43.0,55.0,1.0,278.0,133711,Flagler College,,0,0.0545,0,0,0.0773,0,0,0,0.0808,0,0,0.0018,0,0,0.0316,0.0018,0,0,0.0035,0,0.0141,0.0422,0.0018,0,0,0,0.116,0,0.0264,0.1301,0,0,0,0,0.1213,0,0.2724,0.0246,10177,7796,0.4865,15,87754970,94777008,0,0.8076,2
5005,Drama/Theatre Arts and Stagecraft.,133711,1,3,18.0,18.0,0.0,,133711,Flagler College,,0,0.0545,0,0,0.0773,0,0,0,0.0808,0,0,0.0018,0,0,0.0316,0.0018,0,0,0.0035,0,0.0141,0.0422,0.0018,0,0,0,0.116,0,0.0264,0.1301,0,0,0,0,0.1213,0,0.2724,0.0246,10177,7796,0.4865,15,87754970,94777008,0,0.8076,2
5007,Fine and Studio Arts.,133711,1,3,24.0,21.0,1.0,278.0,133711,Flagler College,,0,0.0545,0,0,0.0773,0,0,0,0.0808,0,0,0.0018,0,0,0.0316,0.0018,0,0,0.0035,0,0.0141,0.0422,0.0018,0,0,0,0.116,0,0.0264,0.1301,0,0,0,0,0.1213,0,0.2724,0.0246,10177,7796,0.4865,15,87754970,94777008,0,0.8076,2
5202,"Business Administration, Management and Operations.",133711,1,3,142.0,138.0,7.0,228.0,133711,Flagler College,,0,0.0545,0,0,0.0773,0,0,0,0.0808,0,0,0.0018,0,0,0.0316,0.0018,0,0,0.0035,0,0.0141,0.0422,0.0018,0,0,0,0.116,0,0.0264,0.1301,0,0,0,0,0.1213,0,0.2724,0.0246,10177,7796,0.4865,15,87754970,94777008,0,0.8076,2
5203,Accounting and Related Services.,133711,1,3,49.0,33.0,0.0,156.0,133711,Flagler College,,0,0.0545,0,0,0.0773,0,0,0,0.0808,0,0,0.0018,0,0,0.0316,0.0018,0,0,0.0035,0,0.0141,0.0422,0.0018,0,0,0,0.116,0,0.0264,0.1301,0,0,0,0,0.1213,0,0.2724,0.0246,10177,7796,0.4865,15,87754970,94777008,0,0.8076,2
5401,History.,133711,1,3,13.0,,0.0,286.0,133711,Flagler College,,0,0.0545,0,0,0.0773,0,0,0,0.0808,0,0,0.0018,0,0,0.0316,0.0018,0,0,0.0035,0,0.0141,0.0422,0.0018,0,0,0,0.116,0,0.0264,0.1301,0,0,0,0,0.1213,0,0.2724,0.0246,10177,7796,0.4865,15,87754970,94777008,0,0.8076,2
2401,"Liberal Arts and Sciences, General Studies and Humanities.",133809,1,2,17.0,,0.0,127.0,133809,Florida College,,0,0,0,0,0.0432,0,0,0,0.0541,0,0,0,0,0,0.0216,0.5622,0,0,0,0,0,0.0486,0,0.0324,0,0,0,0,0,0,0,0,0,0,0.0324,0.0919,0.1027,0.0108,15747,7129,1,14,17258701,16231128,0,0.6966,2
2401,"Liberal Arts and Sciences, General Studies and Humanities.",133809,1,3,30.0,,0.0,187.0,133809,Florida College,,0,0,0,0,0.0432,0,0,0,0.0541,0,0,0,0,0,0.0216,0.5622,0,0,0,0,0,0.0486,0,0.0324,0,0,0,0,0,0,0,0,0,0,0.0324,0.0919,0.1027,0.0108,15747,7129,1,14,17258701,16231128,0,0.6966,2
5111,Health/Medical Preparatory Programs.,133809,1,3,16.0,,0.0,,133809,Florida College,,0,0,0,0,0.0432,0,0,0,0.0541,0,0,0,0,0,0.0216,0.5622,0,0,0,0,0,0.0486,0,0.0324,0,0,0,0,0,0,0,0,0,0,0.0324,0.0919,0.1027,0.0108,15747,7129,1,14,17258701,16231128,0,0.6966,2
5202,"Business Administration, Management and Operations.",133809,1,3,26.0,20.0,0.0,199.0,133809,Florida College,,0,0,0,0,0.0432,0,0,0,0.0541,0,0,0,0,0,0.0216,0.5622,0,0,0,0,0,0.0486,0,0.0324,0,0,0,0,0,0,0,0,0,0,0.0324,0.0919,0.1027,0.0108,15747,7129,1,14,17258701,16231128,0,0.6966,2
5106,Dental Support Services and Allied Professions.,133845,1,1,247.0,209.0,14.0,101.0,133845,Concorde Career Institute-Jacksonville,12,0,0,0,0,0,0,0,0,0,0,0,0,0,0,0,0,0,0,0,0,0,0,0,0,0,0,0,0,0,0,0,0,0,0,0,1,0,0,12867,6365,0.5795,16,,,1,0.9404,2
5107,Health and Medical Administrative Services.,133845,1,1,39.0,40.0,1.0,101.0,133845,Concorde Career Institute-Jacksonville,12,0,0,0,0,0,0,0,0,0,0,0,0,0,0,0,0,0,0,0,0,0,0,0,0,0,0,0,0,0,0,0,0,0,0,0,1,0,0,12867,6365,0.5795,16,,,1,0.9404,2
5108,Allied Health and Medical Assisting Services.,133845,1,1,429.0,367.0,23.0,101.0,133845,Concorde Career Institute-Jacksonville,12,0,0,0,0,0,0,0,0,0,0,0,0,0,0,0,0,0,0,0,0,0,0,0,0,0,0,0,0,0,0,0,0,0,0,0,1,0,0,12867,6365,0.5795,16,,,1,0.9404,2
5109,"Allied Health Diagnostic, Intervention, and Treatment Professions.",133845,1,1,47.0,32.0,4.0,163.0,133845,Concorde Career Institute-Jacksonville,12,0,0,0,0,0,0,0,0,0,0,0,0,0,0,0,0,0,0,0,0,0,0,0,0,0,0,0,0,0,0,0,0,0,0,0,1,0,0,12867,6365,0.5795,16,,,1,0.9404,2
5109,"Allied Health Diagnostic, Intervention, and Treatment Professions.",133845,1,2,62.0,64.0,2.0,212.0,133845,Concorde Career Institute-Jacksonville,12,0,0,0,0,0,0,0,0,0,0,0,0,0,0,0,0,0,0,0,0,0,0,0,0,0,0,0,0,0,0,0,0,0,0,0,1,0,0,12867,6365,0.5795,16,,,1,0.9404,2
5138,"Registered Nursing, Nursing Administration, Nursing Research and Clinical Nursing.",133845,1,2,223.0,167.0,8.0,254.0,133845,Concorde Career Institute-Jacksonville,12,0,0,0,0,0,0,0,0,0,0,0,0,0,0,0,0,0,0,0,0,0,0,0,0,0,0,0,0,0,0,0,0,0,0,0,1,0,0,12867,6365,0.5795,16,,,1,0.9404,2
5139,"Practical Nursing, Vocational Nursing and Nursing Assistants.",133845,1,1,84.0,44.0,1.0,212.0,133845,Concorde Career Institute-Jacksonville,12,0,0,0,0,0,0,0,0,0,0,0,0,0,0,0,0,0,0,0,0,0,0,0,0,0,0,0,0,0,0,0,0,0,0,0,1,0,0,12867,6365,0.5795,16,,,1,0.9404,2
5106,Dental Support Services and Allied Professions.,133854,1,1,123.0,100.0,2.0,101.0,133854,Concorde Career Institute-Miramar,12,0,0,0,0,0,0,0,0,0,0,0,0,0,0,0,0,0,0,0,0,0,0,0,0,0,0,0,0,0,0,0,0,0,0,0,1,0,0,15067,5713,0.7358,19,,,1,0.9959,2
5108,Allied Health and Medical Assisting Services.,133854,1,1,233.0,177.0,9.0,100.0,133854,Concorde Career Institute-Miramar,12,0,0,0,0,0,0,0,0,0,0,0,0,0,0,0,0,0,0,0,0,0,0,0,0,0,0,0,0,0,0,0,0,0,0,0,1,0,0,15067,5713,0.7358,19,,,1,0.9959,2
5108,Allied Health and Medical Assisting Services.,133854,1,2,50.0,44.0,4.0,260.0,133854,Concorde Career Institute-Miramar,12,0,0,0,0,0,0,0,0,0,0,0,0,0,0,0,0,0,0,0,0,0,0,0,0,0,0,0,0,0,0,0,0,0,0,0,1,0,0,15067,5713,0.7358,19,,,1,0.9959,2
5109,"Allied Health Diagnostic, Intervention, and Treatment Professions.",133854,1,2,25.0,36.0,1.0,191.0,133854,Concorde Career Institute-Miramar,12,0,0,0,0,0,0,0,0,0,0,0,0,0,0,0,0,0,0,0,0,0,0,0,0,0,0,0,0,0,0,0,0,0,0,0,1,0,0,15067,5713,0.7358,19,,,1,0.9959,2
5138,"Registered Nursing, Nursing Administration, Nursing Research and Clinical Nursing.",133854,0,2,160.0,137.0,11.0,223.0,133854,Concorde Career Institute-Miramar,12,0,0,0,0,0,0,0,0,0,0,0,0,0,0,0,0,0,0,0,0,0,0,0,0,0,0,0,0,0,0,0,0,0,0,0,1,0,0,15067,5713,0.7358,19,,,1,0.9959,2
5106,Dental Support Services and Allied Professions.,133863,1,1,195.0,154.0,8.0,101.0,133863,Concorde Career Institute-Tampa,10,0,0,0,0,0,0,0,0,0,0,0,0,0,0,0,0,0,0,0,0,0,0,0,0,0,0,0,0,0,0,0,0,0,0,0,1,0,0,11570,5938,0.7273,24,,,1,0.957,2
5107,Health and Medical Administrative Services.,133863,1,1,,19.0,1.0,101.0,133863,Concorde Career Institute-Tampa,10,0,0,0,0,0,0,0,0,0,0,0,0,0,0,0,0,0,0,0,0,0,0,0,0,0,0,0,0,0,0,0,0,0,0,0,1,0,0,11570,5938,0.7273,24,,,1,0.957,2
5108,Allied Health and Medical Assisting Services.,133863,1,1,299.0,246.0,10.0,101.0,133863,Concorde Career Institute-Tampa,10,0,0,0,0,0,0,0,0,0,0,0,0,0,0,0,0,0,0,0,0,0,0,0,0,0,0,0,0,0,0,0,0,0,0,0,1,0,0,11570,5938,0.7273,24,,,1,0.957,2
5109,"Allied Health Diagnostic, Intervention, and Treatment Professions.",133863,1,2,58.0,67.0,1.0,212.0,133863,Concorde Career Institute-Tampa,10,0,0,0,0,0,0,0,0,0,0,0,0,0,0,0,0,0,0,0,0,0,0,0,0,0,0,0,0,0,0,0,0,0,0,0,1,0,0,11570,5938,0.7273,24,,,1,0.957,2
5138,"Registered Nursing, Nursing Administration, Nursing Research and Clinical Nursing.",133863,0,2,45.0,21.0,0.0,249.0,133863,Concorde Career Institute-Tampa,10,0,0,0,0,0,0,0,0,0,0,0,0,0,0,0,0,0,0,0,0,0,0,0,0,0,0,0,0,0,0,0,0,0,0,0,1,0,0,11570,5938,0.7273,24,,,1,0.957,2
2601,"Biology, General.",133872,1,3,15.0,,1.0,212.0,133872,AdventHealth University,,0,0,0,0,0,0,0,0,0,0,0,0,0,0,0,0,0,0.0361,0,0,0,0,0,0,0,0,0,0,0,0,0,0,0,0,0,0.9639,0,0,12856,8875,0.9764,6,11241909,11811829,0,,1
5100,"Health Services/Allied Health/Health Sciences, General.",133872,1,3,22.0,16.0,2.0,260.0,133872,AdventHealth University,,0,0,0,0,0,0,0,0,0,0,0,0,0,0,0,0,0,0.0361,0,0,0,0,0,0,0,0,0,0,0,0,0,0,0,0,0,0.9639,0,0,12856,8875,0.9764,6,11241909,11811829,0,,1
5109,"Allied Health Diagnostic, Intervention, and Treatment Professions.",133872,1,2,66.0,56.0,0.0,215.0,133872,AdventHealth University,,0,0,0,0,0,0,0,0,0,0,0,0,0,0,0,0,0,0.0361,0,0,0,0,0,0,0,0,0,0,0,0,0,0,0,0,0,0.9639,0,0,12856,8875,0.9764,6,11241909,11811829,0,,1
5109,"Allied Health Diagnostic, Intervention, and Treatment Professions.",133872,1,3,81.0,89.0,1.0,290.0,133872,AdventHealth University,,0,0,0,0,0,0,0,0,0,0,0,0,0,0,0,0,0,0.0361,0,0,0,0,0,0,0,0,0,0,0,0,0,0,0,0,0,0.9639,0,0,12856,8875,0.9764,6,11241909,11811829,0,,1
5109,"Allied Health Diagnostic, Intervention, and Treatment Professions.",133872,1,5,33.0,35.0,2.0,1759.0,133872,AdventHealth University,,0,0,0,0,0,0,0,0,0,0,0,0,0,0,0,0,0,0.0361,0,0,0,0,0,0,0,0,0,0,0,0,0,0,0,0,0,0.9639,0,0,12856,8875,0.9764,6,11241909,11811829,0,,1
5123,Rehabilitation and Therapeutic Professions.,133872,1,5,44.0,47.0,3.0,1043.0,133872,AdventHealth University,,0,0,0,0,0,0,0,0,0,0,0,0,0,0,0,0,0,0.0361,0,0,0,0,0,0,0,0,0,0,0,0,0,0,0,0,0,0.9639,0,0,12856,8875,0.9764,6,11241909,11811829,0,,1
5123,Rehabilitation and Therapeutic Professions.,133872,0,6,,38.0,0.0,1921.0,133872,AdventHealth University,,0,0,0,0,0,0,0,0,0,0,0,0,0,0,0,0,0,0.0361,0,0,0,0,0,0,0,0,0,0,0,0,0,0,0,0,0,0.9639,0,0,12856,8875,0.9764,6,11241909,11811829,0,,1
5138,"Registered Nursing, Nursing Administration, Nursing Research and Clinical Nursing.",133872,2,3,194.0,231.0,1.0,302.0,133872,AdventHealth University,,0,0,0,0,0,0,0,0,0,0,0,0,0,0,0,0,0,0.0361,0,0,0,0,0,0,0,0,0,0,0,0,0,0,0,0,0,0.9639,0,0,12856,8875,0.9764,6,11241909,11811829,0,,1
5138,"Registered Nursing, Nursing Administration, Nursing Research and Clinical Nursing.",133872,3,5,46.0,21.0,0.0,1524.0,133872,AdventHealth University,,0,0,0,0,0,0,0,0,0,0,0,0,0,0,0,0,0,0.0361,0,0,0,0,0,0,0,0,0,0,0,0,0,0,0,0,0,0.9639,0,0,12856,8875,0.9764,6,11241909,11811829,0,,1
1104,Information Science/Studies.,133881,0,2,14.0,,3.0,269.0,133881,Florida Institute of Technology,,0.0015,0.0104,0,0,0.0075,0,0.0522,0,0,0.3756,0.0104,0,0,0.0045,0,0.003,0,0.07,0.0075,0,0.0045,0.0089,0,0,0.0686,0,0.0551,0,0,0,0,0,0,0.228,0,0,0.0924,0,11908,11366,0.7554,13,96580299,105961895,1,0.577,2
1104,Information Science/Studies.,133881,0,3,34.0,49.0,3.0,509.0,133881,Florida Institute of Technology,,0.0015,0.0104,0,0,0.0075,0,0.0522,0,0,0.3756,0.0104,0,0,0.0045,0,0.003,0,0.07,0.0075,0,0.0045,0.0089,0,0,0.0686,0,0.0551,0,0,0,0,0,0,0.228,0,0,0.0924,0,11908,11366,0.7554,13,96580299,105961895,1,0.577,2
1104,Information Science/Studies.,133881,2,5,,,3.0,,133881,Florida Institute of Technology,,0.0015,0.0104,0,0,0.0075,0,0.0522,0,0,0.3756,0.0104,0,0,0.0045,0,0.003,0,0.07,0.0075,0,0.0045,0.0089,0,0,0.0686,0,0.0551,0,0,0,0,0,0,0.228,0,0,0.0924,0,11908,11366,0.7554,13,96580299,105961895,1,0.577,2
1107,Computer Science.,133881,1,3,25.0,22.0,2.0,286.0,133881,Florida Institute of Technology,,0.0015,0.0104,0,0,0.0075,0,0.0522,0,0,0.3756,0.0104,0,0,0.0045,0,0.003,0,0.07,0.0075,0,0.0045,0.0089,0,0,0.0686,0,0.0551,0,0,0,0,0,0,0.228,0,0,0.0924,0,11908,11366,0.7554,13,96580299,105961895,1,0.577,2
1110,Computer/Information Technology Administration and Management.,133881,2,5,13.0,25.0,0.0,,133881,Florida Institute of Technology,,0.0015,0.0104,0,0,0.0075,0,0.0522,0,0,0.3756,0.0104,0,0,0.0045,0,0.003,0,0.07,0.0075,0,0.0045,0.0089,0,0,0.0686,0,0.0551,0,0,0,0,0,0,0.228,0,0,0.0924,0,11908,11366,0.7554,13,96580299,105961895,1,0.577,2
1402,"Aerospace, Aeronautical, and Astronautical/Space Engineering.",133881,1,3,54.0,56.0,4.0,265.0,133881,Florida Institute of Technology,,0.0015,0.0104,0,0,0.0075,0,0.0522,0,0,0.3756,0.0104,0,0,0.0045,0,0.003,0,0.07,0.0075,0,0.0045,0.0089,0,0,0.0686,0,0.0551,0,0,0,0,0,0,0.228,0,0,0.0924,0,11908,11366,0.7554,13,96580299,105961895,1,0.577,2
1402,"Aerospace, Aeronautical, and Astronautical/Space Engineering.",133881,1,5,,22.0,2.0,,133881,Florida Institute of Technology,,0.0015,0.0104,0,0,0.0075,0,0.0522,0,0,0.3756,0.0104,0,0,0.0045,0,0.003,0,0.07,0.0075,0,0.0045,0.0089,0,0,0.0686,0,0.0551,0,0,0,0,0,0,0.228,0,0,0.0924,0,11908,11366,0.7554,13,96580299,105961895,1,0.577,2
1405,Biomedical/Medical Engineering.,133881,1,3,30.0,,1.0,286.0,133881,Florida Institute of Technology,,0.0015,0.0104,0,0,0.0075,0,0.0522,0,0,0.3756,0.0104,0,0,0.0045,0,0.003,0,0.07,0.0075,0,0.0045,0.0089,0,0,0.0686,0,0.0551,0,0,0,0,0,0,0.228,0,0,0.0924,0,11908,11366,0.7554,13,96580299,105961895,1,0.577,2
1407,Chemical Engineering.,133881,1,3,18.0,20.0,2.0,286.0,133881,Florida Institute of Technology,,0.0015,0.0104,0,0,0.0075,0,0.0522,0,0,0.3756,0.0104,0,0,0.0045,0,0.003,0,0.07,0.0075,0,0.0045,0.0089,0,0,0.0686,0,0.0551,0,0,0,0,0,0,0.228,0,0,0.0924,0,11908,11366,0.7554,13,96580299,105961895,1,0.577,2
1408,Civil Engineering.,133881,1,3,16.0,19.0,1.0,,133881,Florida Institute of Technology,,0.0015,0.0104,0,0,0.0075,0,0.0522,0,0,0.3756,0.0104,0,0,0.0045,0,0.003,0,0.07,0.0075,0,0.0045,0.0089,0,0,0.0686,0,0.0551,0,0,0,0,0,0,0.228,0,0,0.0924,0,11908,11366,0.7554,13,96580299,105961895,1,0.577,2
1409,Computer Engineering.,133881,1,3,31.0,33.0,0.0,261.0,133881,Florida Institute of Technology,,0.0015,0.0104,0,0,0.0075,0,0.0522,0,0,0.3756,0.0104,0,0,0.0045,0,0.003,0,0.07,0.0075,0,0.0045,0.0089,0,0,0.0686,0,0.0551,0,0,0,0,0,0,0.228,0,0,0.0924,0,11908,11366,0.7554,13,96580299,105961895,1,0.577,2
1410,"Electrical, Electronics, and Communications Engineering.",133881,1,3,13.0,,1.0,,133881,Florida Institute of Technology,,0.0015,0.0104,0,0,0.0075,0,0.0522,0,0,0.3756,0.0104,0,0,0.0045,0,0.003,0,0.07,0.0075,0,0.0045,0.0089,0,0,0.0686,0,0.0551,0,0,0,0,0,0,0.228,0,0,0.0924,0,11908,11366,0.7554,13,96580299,105961895,1,0.577,2
1419,Mechanical Engineering.,133881,1,3,46.0,50.0,1.0,284.0,133881,Florida Institute of Technology,,0.0015,0.0104,0,0,0.0075,0,0.0522,0,0,0.3756,0.0104,0,0,0.0045,0,0.003,0,0.07,0.0075,0,0.0045,0.0089,0,0,0.0686,0,0.0551,0,0,0,0,0,0,0.228,0,0,0.0924,0,11908,11366,0.7554,13,96580299,105961895,1,0.577,2
1424,Ocean Engineering.,133881,1,3,27.0,19.0,4.0,286.0,133881,Florida Institute of Technology,,0.0015,0.0104,0,0,0.0075,0,0.0522,0,0,0.3756,0.0104,0,0,0.0045,0,0.003,0,0.07,0.0075,0,0.0045,0.0089,0,0,0.0686,0,0.0551,0,0,0,0,0,0,0.228,0,0,0.0924,0,11908,11366,0.7554,13,96580299,105961895,1,0.577,2
1427,Systems Engineering.,133881,1,5,,32.0,0.0,,133881,Florida Institute of Technology,,0.0015,0.0104,0,0,0.0075,0,0.0522,0,0,0.3756,0.0104,0,0,0.0045,0,0.003,0,0.07,0.0075,0,0.0045,0.0089,0,0,0.0686,0,0.0551,0,0,0,0,0,0,0.228,0,0,0.0924,0,11908,11366,0.7554,13,96580299,105961895,1,0.577,2
1515,Engineering-Related Fields.,133881,1,5,16.0,17.0,0.0,,133881,Florida Institute of Technology,,0.0015,0.0104,0,0,0.0075,0,0.0522,0,0,0.3756,0.0104,0,0,0.0045,0,0.003,0,0.07,0.0075,0,0.0045,0.0089,0,0,0.0686,0,0.0551,0,0,0,0,0,0,0.228,0,0,0.0924,0,11908,11366,0.7554,13,96580299,105961895,1,0.577,2
2903,Military Applied Sciences.,133881,2,5,,25.0,1.0,,133881,Florida Institute of Technology,,0.0015,0.0104,0,0,0.0075,0,0.0522,0,0,0.3756,0.0104,0,0,0.0045,0,0.003,0,0.07,0.0075,0,0.0045,0.0089,0,0,0.0686,0,0.0551,0,0,0,0,0,0,0.228,0,0,0.0924,0,11908,11366,0.7554,13,96580299,105961895,1,0.577,2
4201,"Psychology, General.",133881,1,3,21.0,,0.0,,133881,Florida Institute of Technology,,0.0015,0.0104,0,0,0.0075,0,0.0522,0,0,0.3756,0.0104,0,0,0.0045,0,0.003,0,0.07,0.0075,0,0.0045,0.0089,0,0,0.0686,0,0.0551,0,0,0,0,0,0,0.228,0,0,0.0924,0,11908,11366,0.7554,13,96580299,105961895,1,0.577,2
4227,Research and Experimental Psychology.,133881,1,3,,,,,133881,Florida Institute of Technology,,0.0015,0.0104,0,0,0.0075,0,0.0522,0,0,0.3756,0.0104,0,0,0.0045,0,0.003,0,0.07,0.0075,0,0.0045,0.0089,0,0,0.0686,0,0.0551,0,0,0,0,0,0,0.228,0,0,0.0924,0,11908,11366,0.7554,13,96580299,105961895,1,0.577,2
4228,"Clinical, Counseling and Applied Psychology.",133881,0,2,,,2.0,,133881,Florida Institute of Technology,,0.0015,0.0104,0,0,0.0075,0,0.0522,0,0,0.3756,0.0104,0,0,0.0045,0,0.003,0,0.07,0.0075,0,0.0045,0.0089,0,0,0.0686,0,0.0551,0,0,0,0,0,0,0.228,0,0,0.0924,0,11908,11366,0.7554,13,96580299,105961895,1,0.577,2
4228,"Clinical, Counseling and Applied Psychology.",133881,1,3,90.0,60.0,11.0,288.0,133881,Florida Institute of Technology,,0.0015,0.0104,0,0,0.0075,0,0.0522,0,0,0.3756,0.0104,0,0,0.0045,0,0.003,0,0.07,0.0075,0,0.0045,0.0089,0,0,0.0686,0,0.0551,0,0,0,0,0,0,0.228,0,0,0.0924,0,11908,11366,0.7554,13,96580299,105961895,1,0.577,2
4228,"Clinical, Counseling and Applied Psychology.",133881,1,5,229.0,264.0,9.0,233.0,133881,Florida Institute of Technology,,0.0015,0.0104,0,0,0.0075,0,0.0522,0,0,0.3756,0.0104,0,0,0.0045,0,0.003,0,0.07,0.0075,0,0.0045,0.0089,0,0,0.0686,0,0.0551,0,0,0,0,0,0,0.228,0,0,0.0924,0,11908,11366,0.7554,13,96580299,105961895,1,0.577,2
4228,"Clinical, Counseling and Applied Psychology.",133881,1,6,24.0,26.0,2.0,2130.0,133881,Florida Institute of Technology,,0.0015,0.0104,0,0,0.0075,0,0.0522,0,0,0.3756,0.0104,0,0,0.0045,0,0.003,0,0.07,0.0075,0,0.0045,0.0089,0,0,0.0686,0,0.0551,0,0,0,0,0,0,0.228,0,0,0.0924,0,11908,11366,0.7554,13,96580299,105961895,1,0.577,2
4901,Air Transportation.,133881,1,3,62.0,69.0,4.0,286.0,133881,Florida Institute of Technology,,0.0015,0.0104,0,0,0.0075,0,0.0522,0,0,0.3756,0.0104,0,0,0.0045,0,0.003,0,0.07,0.0075,0,0.0045,0.0089,0,0,0.0686,0,0.0551,0,0,0,0,0,0,0.228,0,0,0.0924,0,11908,11366,0.7554,13,96580299,105961895,1,0.577,2
5107,Health and Medical Administrative Services.,133881,0,2,14.0,,2.0,,133881,Florida Institute of Technology,,0.0015,0.0104,0,0,0.0075,0,0.0522,0,0,0.3756,0.0104,0,0,0.0045,0,0.003,0,0.07,0.0075,0,0.0045,0.0089,0,0,0.0686,0,0.0551,0,0,0,0,0,0,0.228,0,0,0.0924,0,11908,11366,0.7554,13,96580299,105961895,1,0.577,2
5107,Health and Medical Administrative Services.,133881,0,3,22.0,19.0,6.0,534.0,133881,Florida Institute of Technology,,0.0015,0.0104,0,0,0.0075,0,0.0522,0,0,0.3756,0.0104,0,0,0.0045,0,0.003,0,0.07,0.0075,0,0.0045,0.0089,0,0,0.0686,0,0.0551,0,0,0,0,0,0,0.228,0,0,0.0924,0,11908,11366,0.7554,13,96580299,105961895,1,0.577,2
5107,Health and Medical Administrative Services.,133881,2,5,35.0,36.0,2.0,466.0,133881,Florida Institute of Technology,,0.0015,0.0104,0,0,0.0075,0,0.0522,0,0,0.3756,0.0104,0,0,0.0045,0,0.003,0,0.07,0.0075,0,0.0045,0.0089,0,0,0.0686,0,0.0551,0,0,0,0,0,0,0.228,0,0,0.0924,0,11908,11366,0.7554,13,96580299,105961895,1,0.577,2
5202,"Business Administration, Management and Operations.",133881,0,2,,,2.0,,133881,Florida Institute of Technology,,0.0015,0.0104,0,0,0.0075,0,0.0522,0,0,0.3756,0.0104,0,0,0.0045,0,0.003,0,0.07,0.0075,0,0.0045,0.0089,0,0,0.0686,0,0.0551,0,0,0,0,0,0,0.228,0,0,0.0924,0,11908,11366,0.7554,13,96580299,105961895,1,0.577,2
5202,"Business Administration, Management and Operations.",133881,1,3,60.0,58.0,7.0,364.0,133881,Florida Institute of Technology,,0.0015,0.0104,0,0,0.0075,0,0.0522,0,0,0.3756,0.0104,0,0,0.0045,0,0.003,0,0.07,0.0075,0,0.0045,0.0089,0,0,0.0686,0,0.0551,0,0,0,0,0,0,0.228,0,0,0.0924,0,11908,11366,0.7554,13,96580299,105961895,1,0.577,2
5202,"Business Administration, Management and Operations.",133881,2,5,272.0,477.0,34.0,428.0,133881,Florida Institute of Technology,,0.0015,0.0104,0,0,0.0075,0,0.0522,0,0,0.3756,0.0104,0,0,0.0045,0,0.003,0,0.07,0.0075,0,0.0045,0.0089,0,0,0.0686,0,0.0551,0,0,0,0,0,0,0.228,0,0,0.0924,0,11908,11366,0.7554,13,96580299,105961895,1,0.577,2
5203,Accounting and Related Services.,133881,0,2,,,0.0,,133881,Florida Institute of Technology,,0.0015,0.0104,0,0,0.0075,0,0.0522,0,0,0.3756,0.0104,0,0,0.0045,0,0.003,0,0.07,0.0075,0,0.0045,0.0089,0,0,0.0686,0,0.0551,0,0,0,0,0,0,0.228,0,0,0.0924,0,11908,11366,0.7554,13,96580299,105961895,1,0.577,2
5203,Accounting and Related Services.,133881,1,3,38.0,39.0,2.0,357.0,133881,Florida Institute of Technology,,0.0015,0.0104,0,0,0.0075,0,0.0522,0,0,0.3756,0.0104,0,0,0.0045,0,0.003,0,0.07,0.0075,0,0.0045,0.0089,0,0,0.0686,0,0.0551,0,0,0,0,0,0,0.228,0,0,0.0924,0,11908,11366,0.7554,13,96580299,105961895,1,0.577,2
5203,Accounting and Related Services.,133881,0,5,29.0,30.0,4.0,466.0,133881,Florida Institute of Technology,,0.0015,0.0104,0,0,0.0075,0,0.0522,0,0,0.3756,0.0104,0,0,0.0045,0,0.003,0,0.07,0.0075,0,0.0045,0.0089,0,0,0.0686,0,0.0551,0,0,0,0,0,0,0.228,0,0,0.0924,0,11908,11366,0.7554,13,96580299,105961895,1,0.577,2
5210,Human Resources Management and Services.,133881,2,5,11.0,,2.0,,133881,Florida Institute of Technology,,0.0015,0.0104,0,0,0.0075,0,0.0522,0,0,0.3756,0.0104,0,0,0.0045,0,0.003,0,0.07,0.0075,0,0.0045,0.0089,0,0,0.0686,0,0.0551,0,0,0,0,0,0,0.228,0,0,0.0924,0,11908,11366,0.7554,13,96580299,105961895,1,0.577,2
5212,Management Information Systems and Services.,133881,2,5,95.0,129.0,4.0,428.0,133881,Florida Institute of Technology,,0.0015,0.0104,0,0,0.0075,0,0.0522,0,0,0.3756,0.0104,0,0,0.0045,0,0.003,0,0.07,0.0075,0,0.0045,0.0089,0,0,0.0686,0,0.0551,0,0,0,0,0,0,0.228,0,0,0.0924,0,11908,11366,0.7554,13,96580299,105961895,1,0.577,2
5213,Management Sciences and Quantitative Methods.,133881,2,5,,,1.0,,133881,Florida Institute of Technology,,0.0015,0.0104,0,0,0.0075,0,0.0522,0,0,0.3756,0.0104,0,0,0.0045,0,0.003,0,0.07,0.0075,0,0.0045,0.0089,0,0,0.0686,0,0.0551,0,0,0,0,0,0,0.228,0,0,0.0924,0,11908,11366,0.7554,13,96580299,105961895,1,0.577,2
5214,Marketing.,133881,1,3,16.0,18.0,2.0,289.0,133881,Florida Institute of Technology,,0.0015,0.0104,0,0,0.0075,0,0.0522,0,0,0.3756,0.0104,0,0,0.0045,0,0.003,0,0.07,0.0075,0,0.0045,0.0089,0,0,0.0686,0,0.0551,0,0,0,0,0,0,0.228,0,0,0.0924,0,11908,11366,0.7554,13,96580299,105961895,1,0.577,2
0301,Natural Resources Conservation and Research.,133951,2,3,18.0,21.0,3.0,,133951,Florida International University,,0,0.0028,0,0.0039,0.0519,0,0.0748,0,0.037,0.0549,0.0088,0.0071,0,0,0.0153,0.0339,0,0.0869,0.0031,0,0.0487,0.0058,0.0021,0,0.0083,0,0.1312,0.0478,0.0092,0.0566,0,0,0,0,0.0174,0.0524,0.2331,0.007,8518,11817,0.9761,24,306631350,337735286,0,0.5466,2
0402,Architecture.,133951,0,5,114.0,140.0,5.0,350.0,133951,Florida International University,,0,0.0028,0,0.0039,0.0519,0,0.0748,0,0.037,0.0549,0.0088,0.0071,0,0,0.0153,0.0339,0,0.0869,0.0031,0,0.0487,0.0058,0.0021,0,0.0083,0,0.1312,0.0478,0.0092,0.0566,0,0,0,0,0.0174,0.0524,0.2331,0.007,8518,11817,0.9761,24,306631350,337735286,0,0.5466,2
0405,Interior Architecture.,133951,0,5,26.0,35.0,2.0,394.0,133951,Florida International University,,0,0.0028,0,0.0039,0.0519,0,0.0748,0,0.037,0.0549,0.0088,0.0071,0,0,0.0153,0.0339,0,0.0869,0.0031,0,0.0487,0.0058,0.0021,0,0.0083,0,0.1312,0.0478,0.0092,0.0566,0,0,0,0,0.0174,0.0524,0.2331,0.007,8518,11817,0.9761,24,306631350,337735286,0,0.5466,2
0406,Landscape Architecture.,133951,1,5,16.0,20.0,1.0,,133951,Florida International University,,0,0.0028,0,0.0039,0.0519,0,0.0748,0,0.037,0.0549,0.0088,0.0071,0,0,0.0153,0.0339,0,0.0869,0.0031,0,0.0487,0.0058,0.0021,0,0.0083,0,0.1312,0.0478,0.0092,0.0566,0,0,0,0,0.0174,0.0524,0.2331,0.007,8518,11817,0.9761,24,306631350,337735286,0,0.5466,2
0501,Area Studies.,133951,2,3,23.0,24.0,9.0,203.0,133951,Florida International University,,0,0.0028,0,0.0039,0.0519,0,0.0748,0,0.037,0.0549,0.0088,0.0071,0,0,0.0153,0.0339,0,0.0869,0.0031,0,0.0487,0.0058,0.0021,0,0.0083,0,0.1312,0.0478,0.0092,0.0566,0,0,0,0,0.0174,0.0524,0.2331,0.007,8518,11817,0.9761,24,306631350,337735286,0,0.5466,2
0901,Communication and Media Studies.,133951,2,3,586.0,659.0,55.0,183.0,133951,Florida International University,,0,0.0028,0,0.0039,0.0519,0,0.0748,0,0.037,0.0549,0.0088,0.0071,0,0,0.0153,0.0339,0,0.0869,0.0031,0,0.0487,0.0058,0.0021,0,0.0083,0,0.1312,0.0478,0.0092,0.0566,0,0,0,0,0.0174,0.0524,0.2331,0.007,8518,11817,0.9761,24,306631350,337735286,0,0.5466,2
0901,Communication and Media Studies.,133951,3,5,91.0,108.0,5.0,394.0,133951,Florida International University,,0,0.0028,0,0.0039,0.0519,0,0.0748,0,0.037,0.0549,0.0088,0.0071,0,0,0.0153,0.0339,0,0.0869,0.0031,0,0.0487,0.0058,0.0021,0,0.0083,0,0.1312,0.0478,0.0092,0.0566,0,0,0,0,0.0174,0.0524,0.2331,0.007,8518,11817,0.9761,24,306631350,337735286,0,0.5466,2
0909,"Public Relations, Advertising, and Applied Communication.",133951,3,3,57.0,113.0,11.0,123.0,133951,Florida International University,,0,0.0028,0,0.0039,0.0519,0,0.0748,0,0.037,0.0549,0.0088,0.0071,0,0,0.0153,0.0339,0,0.0869,0.0031,0,0.0487,0.0058,0.0021,0,0.0083,0,0.1312,0.0478,0.0092,0.0566,0,0,0,0,0.0174,0.0524,0.2331,0.007,8518,11817,0.9761,24,306631350,337735286,0,0.5466,2
1101,"Computer and Information Sciences, General.",133951,2,3,322.0,550.0,35.0,200.0,133951,Florida International University,,0,0.0028,0,0.0039,0.0519,0,0.0748,0,0.037,0.0549,0.0088,0.0071,0,0,0.0153,0.0339,0,0.0869,0.0031,0,0.0487,0.0058,0.0021,0,0.0083,0,0.1312,0.0478,0.0092,0.0566,0,0,0,0,0.0174,0.0524,0.2331,0.007,8518,11817,0.9761,24,306631350,337735286,0,0.5466,2
1101,"Computer and Information Sciences, General.",133951,1,5,20.0,36.0,3.0,350.0,133951,Florida International University,,0,0.0028,0,0.0039,0.0519,0,0.0748,0,0.037,0.0549,0.0088,0.0071,0,0,0.0153,0.0339,0,0.0869,0.0031,0,0.0487,0.0058,0.0021,0,0.0083,0,0.1312,0.0478,0.0092,0.0566,0,0,0,0,0.0174,0.0524,0.2331,0.007,8518,11817,0.9761,24,306631350,337735286,0,0.5466,2
1105,Computer Systems Analysis.,133951,1,5,38.0,34.0,1.0,404.0,133951,Florida International University,,0,0.0028,0,0.0039,0.0519,0,0.0748,0,0.037,0.0549,0.0088,0.0071,0,0,0.0153,0.0339,0,0.0869,0.0031,0,0.0487,0.0058,0.0021,0,0.0083,0,0.1312,0.0478,0.0092,0.0566,0,0,0,0,0.0174,0.0524,0.2331,0.007,8518,11817,0.9761,24,306631350,337735286,0,0.5466,2
1110,Computer/Information Technology Administration and Management.,133951,1,5,18.0,34.0,0.0,551.0,133951,Florida International University,,0,0.0028,0,0.0039,0.0519,0,0.0748,0,0.037,0.0549,0.0088,0.0071,0,0,0.0153,0.0339,0,0.0869,0.0031,0,0.0487,0.0058,0.0021,0,0.0083,0,0.1312,0.0478,0.0092,0.0566,0,0,0,0,0.0174,0.0524,0.2331,0.007,8518,11817,0.9761,24,306631350,337735286,0,0.5466,2
1303,Curriculum and Instruction.,133951,3,5,83.0,81.0,2.0,348.0,133951,Florida International University,,0,0.0028,0,0.0039,0.0519,0,0.0748,0,0.037,0.0549,0.0088,0.0071,0,0,0.0153,0.0339,0,0.0869,0.0031,0,0.0487,0.0058,0.0021,0,0.0083,0,0.1312,0.0478,0.0092,0.0566,0,0,0,0,0.0174,0.0524,0.2331,0.007,8518,11817,0.9761,24,306631350,337735286,0,0.5466,2
1304,Educational Administration and Supervision.,133951,1,5,53.0,85.0,2.0,351.0,133951,Florida International University,,0,0.0028,0,0.0039,0.0519,0,0.0748,0,0.037,0.0549,0.0088,0.0071,0,0,0.0153,0.0339,0,0.0869,0.0031,0,0.0487,0.0058,0.0021,0,0.0083,0,0.1312,0.0478,0.0092,0.0566,0,0,0,0,0.0174,0.0524,0.2331,0.007,8518,11817,0.9761,24,306631350,337735286,0,0.5466,2
1310,Special Education and Teaching.,133951,3,5,35.0,56.0,1.0,349.0,133951,Florida International University,,0,0.0028,0,0.0039,0.0519,0,0.0748,0,0.037,0.0549,0.0088,0.0071,0,0,0.0153,0.0339,0,0.0869,0.0031,0,0.0487,0.0058,0.0021,0,0.0083,0,0.1312,0.0478,0.0092,0.0566,0,0,0,0,0.0174,0.0524,0.2331,0.007,8518,11817,0.9761,24,306631350,337735286,0,0.5466,2
1311,Student Counseling and Personnel Services.,133951,1,5,50.0,52.0,2.0,546.0,133951,Florida International University,,0,0.0028,0,0.0039,0.0519,0,0.0748,0,0.037,0.0549,0.0088,0.0071,0,0,0.0153,0.0339,0,0.0869,0.0031,0,0.0487,0.0058,0.0021,0,0.0083,0,0.1312,0.0478,0.0092,0.0566,0,0,0,0,0.0174,0.0524,0.2331,0.007,8518,11817,0.9761,24,306631350,337735286,0,0.5466,2
1312,"Teacher Education and Professional Development, Specific Levels and Methods.",133951,1,3,220.0,312.0,19.0,171.0,133951,Florida International University,,0,0.0028,0,0.0039,0.0519,0,0.0748,0,0.037,0.0549,0.0088,0.0071,0,0,0.0153,0.0339,0,0.0869,0.0031,0,0.0487,0.0058,0.0021,0,0.0083,0,0.1312,0.0478,0.0092,0.0566,0,0,0,0,0.0174,0.0524,0.2331,0.007,8518,11817,0.9761,24,306631350,337735286,0,0.5466,2
1312,"Teacher Education and Professional Development, Specific Levels and Methods.",133951,1,5,25.0,32.0,1.0,525.0,133951,Florida International University,,0,0.0028,0,0.0039,0.0519,0,0.0748,0,0.037,0.0549,0.0088,0.0071,0,0,0.0153,0.0339,0,0.0869,0.0031,0,0.0487,0.0058,0.0021,0,0.0083,0,0.1312,0.0478,0.0092,0.0566,0,0,0,0,0.0174,0.0524,0.2331,0.007,8518,11817,0.9761,24,306631350,337735286,0,0.5466,2
1313,"Teacher Education and Professional Development, Specific Subject Areas.",133951,1,3,78.0,86.0,7.0,183.0,133951,Florida International University,,0,0.0028,0,0.0039,0.0519,0,0.0748,0,0.037,0.0549,0.0088,0.0071,0,0,0.0153,0.0339,0,0.0869,0.0031,0,0.0487,0.0058,0.0021,0,0.0083,0,0.1312,0.0478,0.0092,0.0566,0,0,0,0,0.0174,0.0524,0.2331,0.007,8518,11817,0.9761,24,306631350,337735286,0,0.5466,2
1313,"Teacher Education and Professional Development, Specific Subject Areas.",133951,1,5,16.0,24.0,1.0,350.0,133951,Florida International University,,0,0.0028,0,0.0039,0.0519,0,0.0748,0,0.037,0.0549,0.0088,0.0071,0,0,0.0153,0.0339,0,0.0869,0.0031,0,0.0487,0.0058,0.0021,0,0.0083,0,0.1312,0.0478,0.0092,0.0566,0,0,0,0,0.0174,0.0524,0.2331,0.007,8518,11817,0.9761,24,306631350,337735286,0,0.5466,2
1405,Biomedical/Medical Engineering.,133951,1,3,67.0,73.0,1.0,207.0,133951,Florida International University,,0,0.0028,0,0.0039,0.0519,0,0.0748,0,0.037,0.0549,0.0088,0.0071,0,0,0.0153,0.0339,0,0.0869,0.0031,0,0.0487,0.0058,0.0021,0,0.0083,0,0.1312,0.0478,0.0092,0.0566,0,0,0,0,0.0174,0.0524,0.2331,0.007,8518,11817,0.9761,24,306631350,337735286,0,0.5466,2
1408,Civil Engineering.,133951,1,3,98.0,150.0,5.0,212.0,133951,Florida International University,,0,0.0028,0,0.0039,0.0519,0,0.0748,0,0.037,0.0549,0.0088,0.0071,0,0,0.0153,0.0339,0,0.0869,0.0031,0,0.0487,0.0058,0.0021,0,0.0083,0,0.1312,0.0478,0.0092,0.0566,0,0,0,0,0.0174,0.0524,0.2331,0.007,8518,11817,0.9761,24,306631350,337735286,0,0.5466,2
1409,Computer Engineering.,133951,3,3,85.0,122.0,8.0,192.0,133951,Florida International University,,0,0.0028,0,0.0039,0.0519,0,0.0748,0,0.037,0.0549,0.0088,0.0071,0,0,0.0153,0.0339,0,0.0869,0.0031,0,0.0487,0.0058,0.0021,0,0.0083,0,0.1312,0.0478,0.0092,0.0566,0,0,0,0,0.0174,0.0524,0.2331,0.007,8518,11817,0.9761,24,306631350,337735286,0,0.5466,2
1409,Computer Engineering.,133951,3,5,21.0,23.0,2.0,306.0,133951,Florida International University,,0,0.0028,0,0.0039,0.0519,0,0.0748,0,0.037,0.0549,0.0088,0.0071,0,0,0.0153,0.0339,0,0.0869,0.0031,0,0.0487,0.0058,0.0021,0,0.0083,0,0.1312,0.0478,0.0092,0.0566,0,0,0,0,0.0174,0.0524,0.2331,0.007,8518,11817,0.9761,24,306631350,337735286,0,0.5466,2
1410,"Electrical, Electronics, and Communications Engineering.",133951,3,3,80.0,98.0,4.0,155.0,133951,Florida International University,,0,0.0028,0,0.0039,0.0519,0,0.0748,0,0.037,0.0549,0.0088,0.0071,0,0,0.0153,0.0339,0,0.0869,0.0031,0,0.0487,0.0058,0.0021,0,0.0083,0,0.1312,0.0478,0.0092,0.0566,0,0,0,0,0.0174,0.0524,0.2331,0.007,8518,11817,0.9761,24,306631350,337735286,0,0.5466,2
1410,"Electrical, Electronics, and Communications Engineering.",133951,1,5,,18.0,1.0,,133951,Florida International University,,0,0.0028,0,0.0039,0.0519,0,0.0748,0,0.037,0.0549,0.0088,0.0071,0,0,0.0153,0.0339,0,0.0869,0.0031,0,0.0487,0.0058,0.0021,0,0.0083,0,0.1312,0.0478,0.0092,0.0566,0,0,0,0,0.0174,0.0524,0.2331,0.007,8518,11817,0.9761,24,306631350,337735286,0,0.5466,2
1414,Environmental/Environmental Health Engineering.,133951,1,3,15.0,17.0,0.0,,133951,Florida International University,,0,0.0028,0,0.0039,0.0519,0,0.0748,0,0.037,0.0549,0.0088,0.0071,0,0,0.0153,0.0339,0,0.0869,0.0031,0,0.0487,0.0058,0.0021,0,0.0083,0,0.1312,0.0478,0.0092,0.0566,0,0,0,0,0.0174,0.0524,0.2331,0.007,8518,11817,0.9761,24,306631350,337735286,0,0.5466,2
1419,Mechanical Engineering.,133951,1,3,134.0,169.0,12.0,184.0,133951,Florida International University,,0,0.0028,0,0.0039,0.0519,0,0.0748,0,0.037,0.0549,0.0088,0.0071,0,0,0.0153,0.0339,0,0.0869,0.0031,0,0.0487,0.0058,0.0021,0,0.0083,0,0.1312,0.0478,0.0092,0.0566,0,0,0,0,0.0174,0.0524,0.2331,0.007,8518,11817,0.9761,24,306631350,337735286,0,0.5466,2
1435,Industrial Engineering.,133951,0,5,35.0,38.0,0.0,388.0,133951,Florida International University,,0,0.0028,0,0.0039,0.0519,0,0.0748,0,0.037,0.0549,0.0088,0.0071,0,0,0.0153,0.0339,0,0.0869,0.0031,0,0.0487,0.0058,0.0021,0,0.0083,0,0.1312,0.0478,0.0092,0.0566,0,0,0,0,0.0174,0.0524,0.2331,0.007,8518,11817,0.9761,24,306631350,337735286,0,0.5466,2
1510,Construction Engineering Technology/Technician.,133951,1,3,52.0,82.0,3.0,223.0,133951,Florida International University,,0,0.0028,0,0.0039,0.0519,0,0.0748,0,0.037,0.0549,0.0088,0.0071,0,0,0.0153,0.0339,0,0.0869,0.0031,0,0.0487,0.0058,0.0021,0,0.0083,0,0.1312,0.0478,0.0092,0.0566,0,0,0,0,0.0174,0.0524,0.2331,0.007,8518,11817,0.9761,24,306631350,337735286,0,0.5466,2
1510,Construction Engineering Technology/Technician.,133951,3,5,18.0,24.0,0.0,415.0,133951,Florida International University,,0,0.0028,0,0.0039,0.0519,0,0.0748,0,0.037,0.0549,0.0088,0.0071,0,0,0.0153,0.0339,0,0.0869,0.0031,0,0.0487,0.0058,0.0021,0,0.0083,0,0.1312,0.0478,0.0092,0.0566,0,0,0,0,0.0174,0.0524,0.2331,0.007,8518,11817,0.9761,24,306631350,337735286,0,0.5466,2
2201,Law.,133951,0,6,210.0,195.0,12.0,1028.0,133951,Florida International University,,0,0.0028,0,0.0039,0.0519,0,0.0748,0,0.037,0.0549,0.0088,0.0071,0,0,0.0153,0.0339,0,0.0869,0.0031,0,0.0487,0.0058,0.0021,0,0.0083,0,0.1312,0.0478,0.0092,0.0566,0,0,0,0,0.0174,0.0524,0.2331,0.007,8518,11817,0.9761,24,306631350,337735286,0,0.5466,2
2301,"English Language and Literature, General.",133951,2,3,104.0,137.0,15.0,186.0,133951,Florida International University,,0,0.0028,0,0.0039,0.0519,0,0.0748,0,0.037,0.0549,0.0088,0.0071,0,0,0.0153,0.0339,0,0.0869,0.0031,0,0.0487,0.0058,0.0021,0,0.0083,0,0.1312,0.0478,0.0092,0.0566,0,0,0,0,0.0174,0.0524,0.2331,0.007,8518,11817,0.9761,24,306631350,337735286,0,0.5466,2
2401,"Liberal Arts and Sciences, General Studies and Humanities.",133951,1,3,292.0,303.0,27.0,241.0,133951,Florida International University,,0,0.0028,0,0.0039,0.0519,0,0.0748,0,0.037,0.0549,0.0088,0.0071,0,0,0.0153,0.0339,0,0.0869,0.0031,0,0.0487,0.0058,0.0021,0,0.0083,0,0.1312,0.0478,0.0092,0.0566,0,0,0,0,0.0174,0.0524,0.2331,0.007,8518,11817,0.9761,24,306631350,337735286,0,0.5466,2
2601,"Biology, General.",133951,2,3,255.0,338.0,42.0,159.0,133951,Florida International University,,0,0.0028,0,0.0039,0.0519,0,0.0748,0,0.037,0.0549,0.0088,0.0071,0,0,0.0153,0.0339,0,0.0869,0.0031,0,0.0487,0.0058,0.0021,0,0.0083,0,0.1312,0.0478,0.0092,0.0566,0,0,0,0,0.0174,0.0524,0.2331,0.007,8518,11817,0.9761,24,306631350,337735286,0,0.5466,2
2701,Mathematics.,133951,1,3,,19.0,1.0,,133951,Florida International University,,0,0.0028,0,0.0039,0.0519,0,0.0748,0,0.037,0.0549,0.0088,0.0071,0,0,0.0153,0.0339,0,0.0869,0.0031,0,0.0487,0.0058,0.0021,0,0.0083,0,0.1312,0.0478,0.0092,0.0566,0,0,0,0,0.0174,0.0524,0.2331,0.007,8518,11817,0.9761,24,306631350,337735286,0,0.5466,2
3020,International/Globalization Studies.,133951,2,5,57.0,61.0,1.0,439.0,133951,Florida International University,,0,0.0028,0,0.0039,0.0519,0,0.0748,0,0.037,0.0549,0.0088,0.0071,0,0,0.0153,0.0339,0,0.0869,0.0031,0,0.0487,0.0058,0.0021,0,0.0083,0,0.1312,0.0478,0.0092,0.0566,0,0,0,0,0.0174,0.0524,0.2331,0.007,8518,11817,0.9761,24,306631350,337735286,0,0.5466,2
3099,"Multi/Interdisciplinary Studies, Other.",133951,0,3,251.0,190.0,15.0,236.0,133951,Florida International University,,0,0.0028,0,0.0039,0.0519,0,0.0748,0,0.037,0.0549,0.0088,0.0071,0,0,0.0153,0.0339,0,0.0869,0.0031,0,0.0487,0.0058,0.0021,0,0.0083,0,0.1312,0.0478,0.0092,0.0566,0,0,0,0,0.0174,0.0524,0.2331,0.007,8518,11817,0.9761,24,306631350,337735286,0,0.5466,2
3103,"Parks, Recreation, and Leisure Facilities Management.",133951,3,3,149.0,168.0,4.0,188.0,133951,Florida International University,,0,0.0028,0,0.0039,0.0519,0,0.0748,0,0.037,0.0549,0.0088,0.0071,0,0,0.0153,0.0339,0,0.0869,0.0031,0,0.0487,0.0058,0.0021,0,0.0083,0,0.1312,0.0478,0.0092,0.0566,0,0,0,0,0.0174,0.0524,0.2331,0.007,8518,11817,0.9761,24,306631350,337735286,0,0.5466,2
3801,Philosophy.,133951,1,3,23.0,17.0,4.0,142.0,133951,Florida International University,,0,0.0028,0,0.0039,0.0519,0,0.0748,0,0.037,0.0549,0.0088,0.0071,0,0,0.0153,0.0339,0,0.0869,0.0031,0,0.0487,0.0058,0.0021,0,0.0083,0,0.1312,0.0478,0.0092,0.0566,0,0,0,0,0.0174,0.0524,0.2331,0.007,8518,11817,0.9761,24,306631350,337735286,0,0.5466,2
4005,Chemistry.,133951,1,3,30.0,51.0,8.0,140.0,133951,Florida International University,,0,0.0028,0,0.0039,0.0519,0,0.0748,0,0.037,0.0549,0.0088,0.0071,0,0,0.0153,0.0339,0,0.0869,0.0031,0,0.0487,0.0058,0.0021,0,0.0083,0,0.1312,0.0478,0.0092,0.0566,0,0,0,0,0.0174,0.0524,0.2331,0.007,8518,11817,0.9761,24,306631350,337735286,0,0.5466,2
4005,Chemistry.,133951,1,6,,,1.0,,133951,Florida International University,,0,0.0028,0,0.0039,0.0519,0,0.0748,0,0.037,0.0549,0.0088,0.0071,0,0,0.0153,0.0339,0,0.0869,0.0031,0,0.0487,0.0058,0.0021,0,0.0083,0,0.1312,0.0478,0.0092,0.0566,0,0,0,0,0.0174,0.0524,0.2331,0.007,8518,11817,0.9761,24,306631350,337735286,0,0.5466,2
4201,"Psychology, General.",133951,2,3,946.0,946.0,106.0,175.0,133951,Florida International University,,0,0.0028,0,0.0039,0.0519,0,0.0748,0,0.037,0.0549,0.0088,0.0071,0,0,0.0153,0.0339,0,0.0869,0.0031,0,0.0487,0.0058,0.0021,0,0.0083,0,0.1312,0.0478,0.0092,0.0566,0,0,0,0,0.0174,0.0524,0.2331,0.007,8518,11817,0.9761,24,306631350,337735286,0,0.5466,2
4201,"Psychology, General.",133951,3,5,48.0,51.0,2.0,535.0,133951,Florida International University,,0,0.0028,0,0.0039,0.0519,0,0.0748,0,0.037,0.0549,0.0088,0.0071,0,0,0.0153,0.0339,0,0.0869,0.0031,0,0.0487,0.0058,0.0021,0,0.0083,0,0.1312,0.0478,0.0092,0.0566,0,0,0,0,0.0174,0.0524,0.2331,0.007,8518,11817,0.9761,24,306631350,337735286,0,0.5466,2
4301,Criminal Justice and Corrections.,133951,2,3,446.0,598.0,46.0,178.0,133951,Florida International University,,0,0.0028,0,0.0039,0.0519,0,0.0748,0,0.037,0.0549,0.0088,0.0071,0,0,0.0153,0.0339,0,0.0869,0.0031,0,0.0487,0.0058,0.0021,0,0.0083,0,0.1312,0.0478,0.0092,0.0566,0,0,0,0,0.0174,0.0524,0.2331,0.007,8518,11817,0.9761,24,306631350,337735286,0,0.5466,2
4301,Criminal Justice and Corrections.,133951,3,5,20.0,25.0,1.0,449.0,133951,Florida International University,,0,0.0028,0,0.0039,0.0519,0,0.0748,0,0.037,0.0549,0.0088,0.0071,0,0,0.0153,0.0339,0,0.0869,0.0031,0,0.0487,0.0058,0.0021,0,0.0083,0,0.1312,0.0478,0.0092,0.0566,0,0,0,0,0.0174,0.0524,0.2331,0.007,8518,11817,0.9761,24,306631350,337735286,0,0.5466,2
4303,Homeland Security.,133951,3,5,46.0,48.0,3.0,350.0,133951,Florida International University,,0,0.0028,0,0.0039,0.0519,0,0.0748,0,0.037,0.0549,0.0088,0.0071,0,0,0.0153,0.0339,0,0.0869,0.0031,0,0.0487,0.0058,0.0021,0,0.0083,0,0.1312,0.0478,0.0092,0.0566,0,0,0,0,0.0174,0.0524,0.2331,0.007,8518,11817,0.9761,24,306631350,337735286,0,0.5466,2
4404,Public Administration.,133951,2,3,104.0,100.0,6.0,244.0,133951,Florida International University,,0,0.0028,0,0.0039,0.0519,0,0.0748,0,0.037,0.0549,0.0088,0.0071,0,0,0.0153,0.0339,0,0.0869,0.0031,0,0.0487,0.0058,0.0021,0,0.0083,0,0.1312,0.0478,0.0092,0.0566,0,0,0,0,0.0174,0.0524,0.2331,0.007,8518,11817,0.9761,24,306631350,337735286,0,0.5466,2
4404,Public Administration.,133951,3,5,103.0,119.0,1.0,437.0,133951,Florida International University,,0,0.0028,0,0.0039,0.0519,0,0.0748,0,0.037,0.0549,0.0088,0.0071,0,0,0.0153,0.0339,0,0.0869,0.0031,0,0.0487,0.0058,0.0021,0,0.0083,0,0.1312,0.0478,0.0092,0.0566,0,0,0,0,0.0174,0.0524,0.2331,0.007,8518,11817,0.9761,24,306631350,337735286,0,0.5466,2
4407,Social Work.,133951,1,3,99.0,73.0,8.0,170.0,133951,Florida International University,,0,0.0028,0,0.0039,0.0519,0,0.0748,0,0.037,0.0549,0.0088,0.0071,0,0,0.0153,0.0339,0,0.0869,0.0031,0,0.0487,0.0058,0.0021,0,0.0083,0,0.1312,0.0478,0.0092,0.0566,0,0,0,0,0.0174,0.0524,0.2331,0.007,8518,11817,0.9761,24,306631350,337735286,0,0.5466,2
4506,Economics.,133951,2,3,61.0,82.0,8.0,204.0,133951,Florida International University,,0,0.0028,0,0.0039,0.0519,0,0.0748,0,0.037,0.0549,0.0088,0.0071,0,0,0.0153,0.0339,0,0.0869,0.0031,0,0.0487,0.0058,0.0021,0,0.0083,0,0.1312,0.0478,0.0092,0.0566,0,0,0,0,0.0174,0.0524,0.2331,0.007,8518,11817,0.9761,24,306631350,337735286,0,0.5466,2
4509,International Relations and National Security Studies.,133951,2,3,165.0,177.0,30.0,187.0,133951,Florida International University,,0,0.0028,0,0.0039,0.0519,0,0.0748,0,0.037,0.0549,0.0088,0.0071,0,0,0.0153,0.0339,0,0.0869,0.0031,0,0.0487,0.0058,0.0021,0,0.0083,0,0.1312,0.0478,0.0092,0.0566,0,0,0,0,0.0174,0.0524,0.2331,0.007,8518,11817,0.9761,24,306631350,337735286,0,0.5466,2
4510,Political Science and Government.,133951,2,3,156.0,191.0,25.0,157.0,133951,Florida International University,,0,0.0028,0,0.0039,0.0519,0,0.0748,0,0.037,0.0549,0.0088,0.0071,0,0,0.0153,0.0339,0,0.0869,0.0031,0,0.0487,0.0058,0.0021,0,0.0083,0,0.1312,0.0478,0.0092,0.0566,0,0,0,0,0.0174,0.0524,0.2331,0.007,8518,11817,0.9761,24,306631350,337735286,0,0.5466,2
4511,Sociology.,133951,2,3,100.0,92.0,9.0,203.0,133951,Florida International University,,0,0.0028,0,0.0039,0.0519,0,0.0748,0,0.037,0.0549,0.0088,0.0071,0,0,0.0153,0.0339,0,0.0869,0.0031,0,0.0487,0.0058,0.0021,0,0.0083,0,0.1312,0.0478,0.0092,0.0566,0,0,0,0,0.0174,0.0524,0.2331,0.007,8518,11817,0.9761,24,306631350,337735286,0,0.5466,2
5005,Drama/Theatre Arts and Stagecraft.,133951,1,3,23.0,35.0,3.0,212.0,133951,Florida International University,,0,0.0028,0,0.0039,0.0519,0,0.0748,0,0.037,0.0549,0.0088,0.0071,0,0,0.0153,0.0339,0,0.0869,0.0031,0,0.0487,0.0058,0.0021,0,0.0083,0,0.1312,0.0478,0.0092,0.0566,0,0,0,0,0.0174,0.0524,0.2331,0.007,8518,11817,0.9761,24,306631350,337735286,0,0.5466,2
5007,Fine and Studio Arts.,133951,1,3,115.0,146.0,23.0,164.0,133951,Florida International University,,0,0.0028,0,0.0039,0.0519,0,0.0748,0,0.037,0.0549,0.0088,0.0071,0,0,0.0153,0.0339,0,0.0869,0.0031,0,0.0487,0.0058,0.0021,0,0.0083,0,0.1312,0.0478,0.0092,0.0566,0,0,0,0,0.0174,0.0524,0.2331,0.007,8518,11817,0.9761,24,306631350,337735286,0,0.5466,2
5009,Music.,133951,1,3,31.0,44.0,1.0,135.0,133951,Florida International University,,0,0.0028,0,0.0039,0.0519,0,0.0748,0,0.037,0.0549,0.0088,0.0071,0,0,0.0153,0.0339,0,0.0869,0.0031,0,0.0487,0.0058,0.0021,0,0.0083,0,0.1312,0.0478,0.0092,0.0566,0,0,0,0,0.0174,0.0524,0.2331,0.007,8518,11817,0.9761,24,306631350,337735286,0,0.5466,2
5102,Communication Disorders Sciences and Services.,133951,1,5,55.0,55.0,4.0,733.0,133951,Florida International University,,0,0.0028,0,0.0039,0.0519,0,0.0748,0,0.037,0.0549,0.0088,0.0071,0,0,0.0153,0.0339,0,0.0869,0.0031,0,0.0487,0.0058,0.0021,0,0.0083,0,0.1312,0.0478,0.0092,0.0566,0,0,0,0,0.0174,0.0524,0.2331,0.007,8518,11817,0.9761,24,306631350,337735286,0,0.5466,2
5107,Health and Medical Administrative Services.,133951,3,3,301.0,279.0,16.0,205.0,133951,Florida International University,,0,0.0028,0,0.0039,0.0519,0,0.0748,0,0.037,0.0549,0.0088,0.0071,0,0,0.0153,0.0339,0,0.0869,0.0031,0,0.0487,0.0058,0.0021,0,0.0083,0,0.1312,0.0478,0.0092,0.0566,0,0,0,0,0.0174,0.0524,0.2331,0.007,8518,11817,0.9761,24,306631350,337735286,0,0.5466,2
5107,Health and Medical Administrative Services.,133951,3,5,89.0,81.0,5.0,589.0,133951,Florida International University,,0,0.0028,0,0.0039,0.0519,0,0.0748,0,0.037,0.0549,0.0088,0.0071,0,0,0.0153,0.0339,0,0.0869,0.0031,0,0.0487,0.0058,0.0021,0,0.0083,0,0.1312,0.0478,0.0092,0.0566,0,0,0,0,0.0174,0.0524,0.2331,0.007,8518,11817,0.9761,24,306631350,337735286,0,0.5466,2
5109,"Allied Health Diagnostic, Intervention, and Treatment Professions.",133951,1,5,98.0,97.0,2.0,1341.0,133951,Florida International University,,0,0.0028,0,0.0039,0.0519,0,0.0748,0,0.037,0.0549,0.0088,0.0071,0,0,0.0153,0.0339,0,0.0869,0.0031,0,0.0487,0.0058,0.0021,0,0.0083,0,0.1312,0.0478,0.0092,0.0566,0,0,0,0,0.0174,0.0524,0.2331,0.007,8518,11817,0.9761,24,306631350,337735286,0,0.5466,2
5112,Medicine.,133951,1,7,185.0,205.0,4.0,2366.0,133951,Florida International University,,0,0.0028,0,0.0039,0.0519,0,0.0748,0,0.037,0.0549,0.0088,0.0071,0,0,0.0153,0.0339,0,0.0869,0.0031,0,0.0487,0.0058,0.0021,0,0.0083,0,0.1312,0.0478,0.0092,0.0566,0,0,0,0,0.0174,0.0524,0.2331,0.007,8518,11817,0.9761,24,306631350,337735286,0,0.5466,2
5112,Medicine.,133951,0,8,,,0.0,,133951,Florida International University,,0,0.0028,0,0.0039,0.0519,0,0.0748,0,0.037,0.0549,0.0088,0.0071,0,0,0.0153,0.0339,0,0.0869,0.0031,0,0.0487,0.0058,0.0021,0,0.0083,0,0.1312,0.0478,0.0092,0.0566,0,0,0,0,0.0174,0.0524,0.2331,0.007,8518,11817,0.9761,24,306631350,337735286,0,0.5466,2
5115,Mental and Social Health Services and Allied Professions.,133951,1,5,117.0,144.0,7.0,469.0,133951,Florida International University,,0,0.0028,0,0.0039,0.0519,0,0.0748,0,0.037,0.0549,0.0088,0.0071,0,0,0.0153,0.0339,0,0.0869,0.0031,0,0.0487,0.0058,0.0021,0,0.0083,0,0.1312,0.0478,0.0092,0.0566,0,0,0,0,0.0174,0.0524,0.2331,0.007,8518,11817,0.9761,24,306631350,337735286,0,0.5466,2
5122,Public Health.,133951,3,5,67.0,78.0,2.0,436.0,133951,Florida International University,,0,0.0028,0,0.0039,0.0519,0,0.0748,0,0.037,0.0549,0.0088,0.0071,0,0,0.0153,0.0339,0,0.0869,0.0031,0,0.0487,0.0058,0.0021,0,0.0083,0,0.1312,0.0478,0.0092,0.0566,0,0,0,0,0.0174,0.0524,0.2331,0.007,8518,11817,0.9761,24,306631350,337735286,0,0.5466,2
5123,Rehabilitation and Therapeutic Professions.,133951,1,5,89.0,86.0,9.0,791.0,133951,Florida International University,,0,0.0028,0,0.0039,0.0519,0,0.0748,0,0.037,0.0549,0.0088,0.0071,0,0,0.0153,0.0339,0,0.0869,0.0031,0,0.0487,0.0058,0.0021,0,0.0083,0,0.1312,0.0478,0.0092,0.0566,0,0,0,0,0.0174,0.0524,0.2331,0.007,8518,11817,0.9761,24,306631350,337735286,0,0.5466,2
5123,Rehabilitation and Therapeutic Professions.,133951,0,6,,,0.0,,133951,Florida International University,,0,0.0028,0,0.0039,0.0519,0,0.0748,0,0.037,0.0549,0.0088,0.0071,0,0,0.0153,0.0339,0,0.0869,0.0031,0,0.0487,0.0058,0.0021,0,0.0083,0,0.1312,0.0478,0.0092,0.0566,0,0,0,0,0.0174,0.0524,0.2331,0.007,8518,11817,0.9761,24,306631350,337735286,0,0.5466,2
5131,Dietetics and Clinical Nutrition Services.,133951,1,3,53.0,43.0,2.0,143.0,133951,Florida International University,,0,0.0028,0,0.0039,0.0519,0,0.0748,0,0.037,0.0549,0.0088,0.0071,0,0,0.0153,0.0339,0,0.0869,0.0031,0,0.0487,0.0058,0.0021,0,0.0083,0,0.1312,0.0478,0.0092,0.0566,0,0,0,0,0.0174,0.0524,0.2331,0.007,8518,11817,0.9761,24,306631350,337735286,0,0.5466,2
5131,Dietetics and Clinical Nutrition Services.,133951,1,5,34.0,34.0,2.0,563.0,133951,Florida International University,,0,0.0028,0,0.0039,0.0519,0,0.0748,0,0.037,0.0549,0.0088,0.0071,0,0,0.0153,0.0339,0,0.0869,0.0031,0,0.0487,0.0058,0.0021,0,0.0083,0,0.1312,0.0478,0.0092,0.0566,0,0,0,0,0.0174,0.0524,0.2331,0.007,8518,11817,0.9761,24,306631350,337735286,0,0.5466,2
5138,"Registered Nursing, Nursing Administration, Nursing Research and Clinical Nursing.",133951,2,3,166.0,264.0,6.0,146.0,133951,Florida International University,,0,0.0028,0,0.0039,0.0519,0,0.0748,0,0.037,0.0549,0.0088,0.0071,0,0,0.0153,0.0339,0,0.0869,0.0031,0,0.0487,0.0058,0.0021,0,0.0083,0,0.1312,0.0478,0.0092,0.0566,0,0,0,0,0.0174,0.0524,0.2331,0.007,8518,11817,0.9761,24,306631350,337735286,0,0.5466,2
5138,"Registered Nursing, Nursing Administration, Nursing Research and Clinical Nursing.",133951,1,5,170.0,175.0,2.0,487.0,133951,Florida International University,,0,0.0028,0,0.0039,0.0519,0,0.0748,0,0.037,0.0549,0.0088,0.0071,0,0,0.0153,0.0339,0,0.0869,0.0031,0,0.0487,0.0058,0.0021,0,0.0083,0,0.1312,0.0478,0.0092,0.0566,0,0,0,0,0.0174,0.0524,0.2331,0.007,8518,11817,0.9761,24,306631350,337735286,0,0.5466,2
5202,"Business Administration, Management and Operations.",133951,2,3,219.0,362.0,20.0,180.0,133951,Florida International University,,0,0.0028,0,0.0039,0.0519,0,0.0748,0,0.037,0.0549,0.0088,0.0071,0,0,0.0153,0.0339,0,0.0869,0.0031,0,0.0487,0.0058,0.0021,0,0.0083,0,0.1312,0.0478,0.0092,0.0566,0,0,0,0,0.0174,0.0524,0.2331,0.007,8518,11817,0.9761,24,306631350,337735286,0,0.5466,2
5202,"Business Administration, Management and Operations.",133951,2,5,794.0,804.0,25.0,673.0,133951,Florida International University,,0,0.0028,0,0.0039,0.0519,0,0.0748,0,0.037,0.0549,0.0088,0.0071,0,0,0.0153,0.0339,0,0.0869,0.0031,0,0.0487,0.0058,0.0021,0,0.0083,0,0.1312,0.0478,0.0092,0.0566,0,0,0,0,0.0174,0.0524,0.2331,0.007,8518,11817,0.9761,24,306631350,337735286,0,0.5466,2
5203,Accounting and Related Services.,133951,1,3,184.0,163.0,11.0,187.0,133951,Florida International University,,0,0.0028,0,0.0039,0.0519,0,0.0748,0,0.037,0.0549,0.0088,0.0071,0,0,0.0153,0.0339,0,0.0869,0.0031,0,0.0487,0.0058,0.0021,0,0.0083,0,0.1312,0.0478,0.0092,0.0566,0,0,0,0,0.0174,0.0524,0.2331,0.007,8518,11817,0.9761,24,306631350,337735286,0,0.5466,2
5203,Accounting and Related Services.,133951,3,5,153.0,170.0,3.0,472.0,133951,Florida International University,,0,0.0028,0,0.0039,0.0519,0,0.0748,0,0.037,0.0549,0.0088,0.0071,0,0,0.0153,0.0339,0,0.0869,0.0031,0,0.0487,0.0058,0.0021,0,0.0083,0,0.1312,0.0478,0.0092,0.0566,0,0,0,0,0.0174,0.0524,0.2331,0.007,8518,11817,0.9761,24,306631350,337735286,0,0.5466,2
5208,Finance and Financial Management Services.,133951,2,3,335.0,500.0,35.0,175.0,133951,Florida International University,,0,0.0028,0,0.0039,0.0519,0,0.0748,0,0.037,0.0549,0.0088,0.0071,0,0,0.0153,0.0339,0,0.0869,0.0031,0,0.0487,0.0058,0.0021,0,0.0083,0,0.1312,0.0478,0.0092,0.0566,0,0,0,0,0.0174,0.0524,0.2331,0.007,8518,11817,0.9761,24,306631350,337735286,0,0.5466,2
5208,Finance and Financial Management Services.,133951,3,5,83.0,89.0,0.0,349.0,133951,Florida International University,,0,0.0028,0,0.0039,0.0519,0,0.0748,0,0.037,0.0549,0.0088,0.0071,0,0,0.0153,0.0339,0,0.0869,0.0031,0,0.0487,0.0058,0.0021,0,0.0083,0,0.1312,0.0478,0.0092,0.0566,0,0,0,0,0.0174,0.0524,0.2331,0.007,8518,11817,0.9761,24,306631350,337735286,0,0.5466,2
5209,Hospitality Administration/Management.,133951,3,3,304.0,421.0,23.0,174.0,133951,Florida International University,,0,0.0028,0,0.0039,0.0519,0,0.0748,0,0.037,0.0549,0.0088,0.0071,0,0,0.0153,0.0339,0,0.0869,0.0031,0,0.0487,0.0058,0.0021,0,0.0083,0,0.1312,0.0478,0.0092,0.0566,0,0,0,0,0.0174,0.0524,0.2331,0.007,8518,11817,0.9761,24,306631350,337735286,0,0.5466,2
5209,Hospitality Administration/Management.,133951,3,5,78.0,106.0,8.0,350.0,133951,Florida International University,,0,0.0028,0,0.0039,0.0519,0,0.0748,0,0.037,0.0549,0.0088,0.0071,0,0,0.0153,0.0339,0,0.0869,0.0031,0,0.0487,0.0058,0.0021,0,0.0083,0,0.1312,0.0478,0.0092,0.0566,0,0,0,0,0.0174,0.0524,0.2331,0.007,8518,11817,0.9761,24,306631350,337735286,0,0.5466,2
5210,Human Resources Management and Services.,133951,2,3,87.0,115.0,6.0,213.0,133951,Florida International University,,0,0.0028,0,0.0039,0.0519,0,0.0748,0,0.037,0.0549,0.0088,0.0071,0,0,0.0153,0.0339,0,0.0869,0.0031,0,0.0487,0.0058,0.0021,0,0.0083,0,0.1312,0.0478,0.0092,0.0566,0,0,0,0,0.0174,0.0524,0.2331,0.007,8518,11817,0.9761,24,306631350,337735286,0,0.5466,2
5210,Human Resources Management and Services.,133951,3,5,173.0,179.0,4.0,450.0,133951,Florida International University,,0,0.0028,0,0.0039,0.0519,0,0.0748,0,0.037,0.0549,0.0088,0.0071,0,0,0.0153,0.0339,0,0.0869,0.0031,0,0.0487,0.0058,0.0021,0,0.0083,0,0.1312,0.0478,0.0092,0.0566,0,0,0,0,0.0174,0.0524,0.2331,0.007,8518,11817,0.9761,24,306631350,337735286,0,0.5466,2
5211,International Business.,133951,2,3,139.0,233.0,21.0,172.0,133951,Florida International University,,0,0.0028,0,0.0039,0.0519,0,0.0748,0,0.037,0.0549,0.0088,0.0071,0,0,0.0153,0.0339,0,0.0869,0.0031,0,0.0487,0.0058,0.0021,0,0.0083,0,0.1312,0.0478,0.0092,0.0566,0,0,0,0,0.0174,0.0524,0.2331,0.007,8518,11817,0.9761,24,306631350,337735286,0,0.5466,2
5211,International Business.,133951,3,5,72.0,69.0,4.0,477.0,133951,Florida International University,,0,0.0028,0,0.0039,0.0519,0,0.0748,0,0.037,0.0549,0.0088,0.0071,0,0,0.0153,0.0339,0,0.0869,0.0031,0,0.0487,0.0058,0.0021,0,0.0083,0,0.1312,0.0478,0.0092,0.0566,0,0,0,0,0.0174,0.0524,0.2331,0.007,8518,11817,0.9761,24,306631350,337735286,0,0.5466,2
5212,Management Information Systems and Services.,133951,1,3,31.0,44.0,2.0,199.0,133951,Florida International University,,0,0.0028,0,0.0039,0.0519,0,0.0748,0,0.037,0.0549,0.0088,0.0071,0,0,0.0153,0.0339,0,0.0869,0.0031,0,0.0487,0.0058,0.0021,0,0.0083,0,0.1312,0.0478,0.0092,0.0566,0,0,0,0,0.0174,0.0524,0.2331,0.007,8518,11817,0.9761,24,306631350,337735286,0,0.5466,2
5212,Management Information Systems and Services.,133951,1,5,18.0,17.0,2.0,467.0,133951,Florida International University,,0,0.0028,0,0.0039,0.0519,0,0.0748,0,0.037,0.0549,0.0088,0.0071,0,0,0.0153,0.0339,0,0.0869,0.0031,0,0.0487,0.0058,0.0021,0,0.0083,0,0.1312,0.0478,0.0092,0.0566,0,0,0,0,0.0174,0.0524,0.2331,0.007,8518,11817,0.9761,24,306631350,337735286,0,0.5466,2
5214,Marketing.,133951,2,3,233.0,389.0,29.0,166.0,133951,Florida International University,,0,0.0028,0,0.0039,0.0519,0,0.0748,0,0.037,0.0549,0.0088,0.0071,0,0,0.0153,0.0339,0,0.0869,0.0031,0,0.0487,0.0058,0.0021,0,0.0083,0,0.1312,0.0478,0.0092,0.0566,0,0,0,0,0.0174,0.0524,0.2331,0.007,8518,11817,0.9761,24,306631350,337735286,0,0.5466,2
5214,Marketing.,133951,3,5,179.0,185.0,10.0,392.0,133951,Florida International University,,0,0.0028,0,0.0039,0.0519,0,0.0748,0,0.037,0.0549,0.0088,0.0071,0,0,0.0153,0.0339,0,0.0869,0.0031,0,0.0487,0.0058,0.0021,0,0.0083,0,0.1312,0.0478,0.0092,0.0566,0,0,0,0,0.0174,0.0524,0.2331,0.007,8518,11817,0.9761,24,306631350,337735286,0,0.5466,2
5215,Real Estate.,133951,1,5,69.0,63.0,13.0,466.0,133951,Florida International University,,0,0.0028,0,0.0039,0.0519,0,0.0748,0,0.037,0.0549,0.0088,0.0071,0,0,0.0153,0.0339,0,0.0869,0.0031,0,0.0487,0.0058,0.0021,0,0.0083,0,0.1312,0.0478,0.0092,0.0566,0,0,0,0,0.0174,0.0524,0.2331,0.007,8518,11817,0.9761,24,306631350,337735286,0,0.5466,2
5401,History.,133951,2,3,41.0,40.0,5.0,182.0,133951,Florida International University,,0,0.0028,0,0.0039,0.0519,0,0.0748,0,0.037,0.0549,0.0088,0.0071,0,0,0.0153,0.0339,0,0.0869,0.0031,0,0.0487,0.0058,0.0021,0,0.0083,0,0.1312,0.0478,0.0092,0.0566,0,0,0,0,0.0174,0.0524,0.2331,0.007,8518,11817,0.9761,24,306631350,337735286,0,0.5466,2
2401,"Liberal Arts and Sciences, General Studies and Humanities.",133960,3,2,19.0,25.0,1.0,,133960,The College of the Florida Keys,,0,0.0553,0,0,0,0,0,0.0043,0,0,0,0,0,0,0,0.1957,0,0,0,0,0.0213,0,0,0,0,0,0,0.0723,0,0,0,0.0936,0,0.0681,0,0.3106,0.1787,0,10363,7266,0.211,12,5687682,7040320,1,,1
5138,"Registered Nursing, Nursing Administration, Nursing Research and Clinical Nursing.",133960,1,2,34.0,29.0,0.0,191.0,133960,The College of the Florida Keys,,0,0.0553,0,0,0,0,0,0.0043,0,0,0,0,0,0,0,0.1957,0,0,0,0,0.0213,0,0,0,0,0,0,0.0723,0,0,0,0.0936,0,0.0681,0,0.3106,0.1787,0,10363,7266,0.211,12,5687682,7040320,1,,1
1310,Special Education and Teaching.,133979,1,5,,23.0,1.0,,133979,Florida Memorial University,,0,0,0,0,0.0183,0,0.055,0,0.0459,0,0,0,0,0.0183,0,0,0,0.0459,0,0,0.0183,0,0.0092,0,0.0092,0,0.156,0.1009,0.055,0.0183,0,0,0,0.1009,0.0367,0.0642,0.2477,0,3701,7615,0.6923,17,6253204,7258273,0,0.8526,2
4201,"Psychology, General.",133979,1,3,40.0,23.0,0.0,329.0,133979,Florida Memorial University,,0,0,0,0,0.0183,0,0.055,0,0.0459,0,0,0,0,0.0183,0,0,0,0.0459,0,0,0.0183,0,0.0092,0,0.0092,0,0.156,0.1009,0.055,0.0183,0,0,0,0.1009,0.0367,0.0642,0.2477,0,3701,7615,0.6923,17,6253204,7258273,0,0.8526,2
4301,Criminal Justice and Corrections.,133979,1,3,22.0,,0.0,,133979,Florida Memorial University,,0,0,0,0,0.0183,0,0.055,0,0.0459,0,0,0,0,0.0183,0,0,0,0.0459,0,0,0.0183,0,0.0092,0,0.0092,0,0.156,0.1009,0.055,0.0183,0,0,0,0.1009,0.0367,0.0642,0.2477,0,3701,7615,0.6923,17,6253204,7258273,0,0.8526,2
4407,Social Work.,133979,1,3,24.0,,0.0,350.0,133979,Florida Memorial University,,0,0,0,0,0.0183,0,0.055,0,0.0459,0,0,0,0,0.0183,0,0,0,0.0459,0,0,0.0183,0,0.0092,0,0.0092,0,0.156,0.1009,0.055,0.0183,0,0,0,0.1009,0.0367,0.0642,0.2477,0,3701,7615,0.6923,17,6253204,7258273,0,0.8526,2
5135,Somatic Bodywork and Related Therapeutic Services.,134024,1,1,128.0,119.0,23.0,75.0,134024,Florida School of Massage,1,0,0,0,0,0,0,0,0,0,0,0,0,0,0,0,0,0,0,0,0,0,0,0,0,0,0,0,0,0,0,0,0,0,0,0,1,0,0,3050,,,4,,,1,,1
0909,"Public Relations, Advertising, and Applied Communication.",134079,1,3,55.0,53.0,4.0,273.0,134079,Florida Southern College,,0.0048,0.0145,0,0,0.0644,0,0.037,0,0.0548,0,0,0,0,0,0.0209,0.0032,0,0.1787,0.0225,0,0.0016,0.0177,0.0064,0,0.0048,0,0.0853,0,0,0.0548,0,0,0,0,0.1111,0.066,0.2464,0.0048,11211,9031,1,11,107580305,130587373,0,0.6442,2
1107,Computer Science.,134079,1,3,17.0,,0.0,,134079,Florida Southern College,,0.0048,0.0145,0,0,0.0644,0,0.037,0,0.0548,0,0,0,0,0,0.0209,0.0032,0,0.1787,0.0225,0,0.0016,0.0177,0.0064,0,0.0048,0,0.0853,0,0,0.0548,0,0,0,0,0.1111,0.066,0.2464,0.0048,11211,9031,1,11,107580305,130587373,0,0.6442,2
1303,Curriculum and Instruction.,134079,2,5,19.0,28.0,0.0,458.0,134079,Florida Southern College,,0.0048,0.0145,0,0,0.0644,0,0.037,0,0.0548,0,0,0,0,0,0.0209,0.0032,0,0.1787,0.0225,0,0.0016,0.0177,0.0064,0,0.0048,0,0.0853,0,0,0.0548,0,0,0,0,0.1111,0.066,0.2464,0.0048,11211,9031,1,11,107580305,130587373,0,0.6442,2
1304,Educational Administration and Supervision.,134079,1,5,15.0,21.0,0.0,,134079,Florida Southern College,,0.0048,0.0145,0,0,0.0644,0,0.037,0,0.0548,0,0,0,0,0,0.0209,0.0032,0,0.1787,0.0225,0,0.0016,0.0177,0.0064,0,0.0048,0,0.0853,0,0,0.0548,0,0,0,0,0.1111,0.066,0.2464,0.0048,11211,9031,1,11,107580305,130587373,0,0.6442,2
1312,"Teacher Education and Professional Development, Specific Levels and Methods.",134079,2,3,42.0,41.0,0.0,286.0,134079,Florida Southern College,,0.0048,0.0145,0,0,0.0644,0,0.037,0,0.0548,0,0,0,0,0,0.0209,0.0032,0,0.1787,0.0225,0,0.0016,0.0177,0.0064,0,0.0048,0,0.0853,0,0,0.0548,0,0,0,0,0.1111,0.066,0.2464,0.0048,11211,9031,1,11,107580305,130587373,0,0.6442,2
2601,"Biology, General.",134079,1,3,48.0,27.0,2.0,286.0,134079,Florida Southern College,,0.0048,0.0145,0,0,0.0644,0,0.037,0,0.0548,0,0,0,0,0,0.0209,0.0032,0,0.1787,0.0225,0,0.0016,0.0177,0.0064,0,0.0048,0,0.0853,0,0,0.0548,0,0,0,0,0.1111,0.066,0.2464,0.0048,11211,9031,1,11,107580305,130587373,0,0.6442,2
2609,"Physiology, Pathology and Related Sciences.",134079,1,3,20.0,,0.0,243.0,134079,Florida Southern College,,0.0048,0.0145,0,0,0.0644,0,0.037,0,0.0548,0,0,0,0,0,0.0209,0.0032,0,0.1787,0.0225,0,0.0016,0.0177,0.0064,0,0.0048,0,0.0853,0,0,0.0548,0,0,0,0,0.1111,0.066,0.2464,0.0048,11211,9031,1,11,107580305,130587373,0,0.6442,2
2613,"Ecology, Evolution, Systematics, and Population Biology.",134079,1,3,27.0,27.0,2.0,246.0,134079,Florida Southern College,,0.0048,0.0145,0,0,0.0644,0,0.037,0,0.0548,0,0,0,0,0,0.0209,0.0032,0,0.1787,0.0225,0,0.0016,0.0177,0.0064,0,0.0048,0,0.0853,0,0,0.0548,0,0,0,0,0.1111,0.066,0.2464,0.0048,11211,9031,1,11,107580305,130587373,0,0.6442,2
4201,"Psychology, General.",134079,1,3,70.0,41.0,1.0,260.0,134079,Florida Southern College,,0.0048,0.0145,0,0,0.0644,0,0.037,0,0.0548,0,0,0,0,0,0.0209,0.0032,0,0.1787,0.0225,0,0.0016,0.0177,0.0064,0,0.0048,0,0.0853,0,0,0.0548,0,0,0,0,0.1111,0.066,0.2464,0.0048,11211,9031,1,11,107580305,130587373,0,0.6442,2
4504,Criminology.,134079,1,3,23.0,19.0,0.0,276.0,134079,Florida Southern College,,0.0048,0.0145,0,0,0.0644,0,0.037,0,0.0548,0,0,0,0,0,0.0209,0.0032,0,0.1787,0.0225,0,0.0016,0.0177,0.0064,0,0.0048,0,0.0853,0,0,0.0548,0,0,0,0,0.1111,0.066,0.2464,0.0048,11211,9031,1,11,107580305,130587373,0,0.6442,2
4510,Political Science and Government.,134079,1,3,23.0,,2.0,246.0,134079,Florida Southern College,,0.0048,0.0145,0,0,0.0644,0,0.037,0,0.0548,0,0,0,0,0,0.0209,0.0032,0,0.1787,0.0225,0,0.0016,0.0177,0.0064,0,0.0048,0,0.0853,0,0,0.0548,0,0,0,0,0.1111,0.066,0.2464,0.0048,11211,9031,1,11,107580305,130587373,0,0.6442,2
5005,Drama/Theatre Arts and Stagecraft.,134079,1,3,22.0,28.0,1.0,276.0,134079,Florida Southern College,,0.0048,0.0145,0,0,0.0644,0,0.037,0,0.0548,0,0,0,0,0,0.0209,0.0032,0,0.1787,0.0225,0,0.0016,0.0177,0.0064,0,0.0048,0,0.0853,0,0,0.0548,0,0,0,0,0.1111,0.066,0.2464,0.0048,11211,9031,1,11,107580305,130587373,0,0.6442,2
5138,"Registered Nursing, Nursing Administration, Nursing Research and Clinical Nursing.",134079,1,3,92.0,77.0,1.0,286.0,134079,Florida Southern College,,0.0048,0.0145,0,0,0.0644,0,0.037,0,0.0548,0,0,0,0,0,0.0209,0.0032,0,0.1787,0.0225,0,0.0016,0.0177,0.0064,0,0.0048,0,0.0853,0,0,0.0548,0,0,0,0,0.1111,0.066,0.2464,0.0048,11211,9031,1,11,107580305,130587373,0,0.6442,2
5138,"Registered Nursing, Nursing Administration, Nursing Research and Clinical Nursing.",134079,1,5,108.0,83.0,2.0,631.0,134079,Florida Southern College,,0.0048,0.0145,0,0,0.0644,0,0.037,0,0.0548,0,0,0,0,0,0.0209,0.0032,0,0.1787,0.0225,0,0.0016,0.0177,0.0064,0,0.0048,0,0.0853,0,0,0.0548,0,0,0,0,0.1111,0.066,0.2464,0.0048,11211,9031,1,11,107580305,130587373,0,0.6442,2
5202,"Business Administration, Management and Operations.",134079,2,3,96.0,98.0,5.0,246.0,134079,Florida Southern College,,0.0048,0.0145,0,0,0.0644,0,0.037,0,0.0548,0,0,0,0,0,0.0209,0.0032,0,0.1787,0.0225,0,0.0016,0.0177,0.0064,0,0.0048,0,0.0853,0,0,0.0548,0,0,0,0,0.1111,0.066,0.2464,0.0048,11211,9031,1,11,107580305,130587373,0,0.6442,2
5202,"Business Administration, Management and Operations.",134079,2,5,15.0,26.0,0.0,,134079,Florida Southern College,,0.0048,0.0145,0,0,0.0644,0,0.037,0,0.0548,0,0,0,0,0,0.0209,0.0032,0,0.1787,0.0225,0,0.0016,0.0177,0.0064,0,0.0048,0,0.0853,0,0,0.0548,0,0,0,0,0.1111,0.066,0.2464,0.0048,11211,9031,1,11,107580305,130587373,0,0.6442,2
5203,Accounting and Related Services.,134079,2,3,26.0,21.0,3.0,201.0,134079,Florida Southern College,,0.0048,0.0145,0,0,0.0644,0,0.037,0,0.0548,0,0,0,0,0,0.0209,0.0032,0,0.1787,0.0225,0,0.0016,0.0177,0.0064,0,0.0048,0,0.0853,0,0,0.0548,0,0,0,0,0.1111,0.066,0.2464,0.0048,11211,9031,1,11,107580305,130587373,0,0.6442,2
5203,Accounting and Related Services.,134079,1,5,,18.0,2.0,,134079,Florida Southern College,,0.0048,0.0145,0,0,0.0644,0,0.037,0,0.0548,0,0,0,0,0,0.0209,0.0032,0,0.1787,0.0225,0,0.0016,0.0177,0.0064,0,0.0048,0,0.0853,0,0,0.0548,0,0,0,0,0.1111,0.066,0.2464,0.0048,11211,9031,1,11,107580305,130587373,0,0.6442,2
0301,Natural Resources Conservation and Research.,134097,1,3,159.0,161.0,3.0,184.0,134097,Florida State University,,0,0.0163,0,0.0008,0.0322,0,0.0436,0,0.0188,0.0436,0,0.0068,0.0265,0,0.0269,0.0234,0,0.082,0.0098,0,0.0006,0.0188,0.0034,0,0.0083,0,0.0822,0.0583,0.0072,0.1428,0,0,0,0,0.0345,0.0776,0.2265,0.0089,13724,12841,0.8398,17,947008761,1029931070,0,0.2422,2
0403,"City/Urban, Community, and Regional Planning.",134097,1,5,22.0,42.0,2.0,316.0,134097,Florida State University,,0,0.0163,0,0.0008,0.0322,0,0.0436,0,0.0188,0.0436,0,0.0068,0.0265,0,0.0269,0.0234,0,0.082,0.0098,0,0.0006,0.0188,0.0034,0,0.0083,0,0.0822,0.0583,0.0072,0.1428,0,0,0,0,0.0345,0.0776,0.2265,0.0089,13724,12841,0.8398,17,947008761,1029931070,0,0.2422,2
0501,Area Studies.,134097,1,3,20.0,,2.0,,134097,Florida State University,,0,0.0163,0,0.0008,0.0322,0,0.0436,0,0.0188,0.0436,0,0.0068,0.0265,0,0.0269,0.0234,0,0.082,0.0098,0,0.0006,0.0188,0.0034,0,0.0083,0,0.0822,0.0583,0.0072,0.1428,0,0,0,0,0.0345,0.0776,0.2265,0.0089,13724,12841,0.8398,17,947008761,1029931070,0,0.2422,2
0901,Communication and Media Studies.,134097,0,4,,23.0,0.0,,134097,Florida State University,,0,0.0163,0,0.0008,0.0322,0,0.0436,0,0.0188,0.0436,0,0.0068,0.0265,0,0.0269,0.0234,0,0.082,0.0098,0,0.0006,0.0188,0.0034,0,0.0083,0,0.0822,0.0583,0.0072,0.1428,0,0,0,0,0.0345,0.0776,0.2265,0.0089,13724,12841,0.8398,17,947008761,1029931070,0,0.2422,2
0907,"Radio, Television, and Digital Communication.",134097,1,3,173.0,183.0,12.0,188.0,134097,Florida State University,,0,0.0163,0,0.0008,0.0322,0,0.0436,0,0.0188,0.0436,0,0.0068,0.0265,0,0.0269,0.0234,0,0.082,0.0098,0,0.0006,0.0188,0.0034,0,0.0083,0,0.0822,0.0583,0.0072,0.1428,0,0,0,0,0.0345,0.0776,0.2265,0.0089,13724,12841,0.8398,17,947008761,1029931070,0,0.2422,2
0909,"Public Relations, Advertising, and Applied Communication.",134097,1,3,65.0,98.0,2.0,153.0,134097,Florida State University,,0,0.0163,0,0.0008,0.0322,0,0.0436,0,0.0188,0.0436,0,0.0068,0.0265,0,0.0269,0.0234,0,0.082,0.0098,0,0.0006,0.0188,0.0034,0,0.0083,0,0.0822,0.0583,0.0072,0.1428,0,0,0,0,0.0345,0.0776,0.2265,0.0089,13724,12841,0.8398,17,947008761,1029931070,0,0.2422,2
0909,"Public Relations, Advertising, and Applied Communication.",134097,2,5,41.0,52.0,1.0,353.0,134097,Florida State University,,0,0.0163,0,0.0008,0.0322,0,0.0436,0,0.0188,0.0436,0,0.0068,0.0265,0,0.0269,0.0234,0,0.082,0.0098,0,0.0006,0.0188,0.0034,0,0.0083,0,0.0822,0.0583,0.0072,0.1428,0,0,0,0,0.0345,0.0776,0.2265,0.0089,13724,12841,0.8398,17,947008761,1029931070,0,0.2422,2
1101,"Computer and Information Sciences, General.",134097,1,3,307.0,381.0,27.0,203.0,134097,Florida State University,,0,0.0163,0,0.0008,0.0322,0,0.0436,0,0.0188,0.0436,0,0.0068,0.0265,0,0.0269,0.0234,0,0.082,0.0098,0,0.0006,0.0188,0.0034,0,0.0083,0,0.0822,0.0583,0.0072,0.1428,0,0,0,0,0.0345,0.0776,0.2265,0.0089,13724,12841,0.8398,17,947008761,1029931070,0,0.2422,2
1101,"Computer and Information Sciences, General.",134097,2,5,28.0,66.0,3.0,404.0,134097,Florida State University,,0,0.0163,0,0.0008,0.0322,0,0.0436,0,0.0188,0.0436,0,0.0068,0.0265,0,0.0269,0.0234,0,0.082,0.0098,0,0.0006,0.0188,0.0034,0,0.0083,0,0.0822,0.0583,0.0072,0.1428,0,0,0,0,0.0345,0.0776,0.2265,0.0089,13724,12841,0.8398,17,947008761,1029931070,0,0.2422,2
1104,Information Science/Studies.,134097,2,5,78.0,110.0,4.0,381.0,134097,Florida State University,,0,0.0163,0,0.0008,0.0322,0,0.0436,0,0.0188,0.0436,0,0.0068,0.0265,0,0.0269,0.0234,0,0.082,0.0098,0,0.0006,0.0188,0.0034,0,0.0083,0,0.0822,0.0583,0.0072,0.1428,0,0,0,0,0.0345,0.0776,0.2265,0.0089,13724,12841,0.8398,17,947008761,1029931070,0,0.2422,2
1303,Curriculum and Instruction.,134097,2,5,43.0,95.0,1.0,218.0,134097,Florida State University,,0,0.0163,0,0.0008,0.0322,0,0.0436,0,0.0188,0.0436,0,0.0068,0.0265,0,0.0269,0.0234,0,0.082,0.0098,0,0.0006,0.0188,0.0034,0,0.0083,0,0.0822,0.0583,0.0072,0.1428,0,0,0,0,0.0345,0.0776,0.2265,0.0089,13724,12841,0.8398,17,947008761,1029931070,0,0.2422,2
1304,Educational Administration and Supervision.,134097,0,1,,,0.0,,134097,Florida State University,,0,0.0163,0,0.0008,0.0322,0,0.0436,0,0.0188,0.0436,0,0.0068,0.0265,0,0.0269,0.0234,0,0.082,0.0098,0,0.0006,0.0188,0.0034,0,0.0083,0,0.0822,0.0583,0.0072,0.1428,0,0,0,0,0.0345,0.0776,0.2265,0.0089,13724,12841,0.8398,17,947008761,1029931070,0,0.2422,2
1304,Educational Administration and Supervision.,134097,0,4,,,0.0,,134097,Florida State University,,0,0.0163,0,0.0008,0.0322,0,0.0436,0,0.0188,0.0436,0,0.0068,0.0265,0,0.0269,0.0234,0,0.082,0.0098,0,0.0006,0.0188,0.0034,0,0.0083,0,0.0822,0.0583,0.0072,0.1428,0,0,0,0,0.0345,0.0776,0.2265,0.0089,13724,12841,0.8398,17,947008761,1029931070,0,0.2422,2
1304,Educational Administration and Supervision.,134097,2,5,51.0,67.0,1.0,331.0,134097,Florida State University,,0,0.0163,0,0.0008,0.0322,0,0.0436,0,0.0188,0.0436,0,0.0068,0.0265,0,0.0269,0.0234,0,0.082,0.0098,0,0.0006,0.0188,0.0034,0,0.0083,0,0.0822,0.0583,0.0072,0.1428,0,0,0,0,0.0345,0.0776,0.2265,0.0089,13724,12841,0.8398,17,947008761,1029931070,0,0.2422,2
1304,Educational Administration and Supervision.,134097,2,6,32.0,31.0,2.0,784.0,134097,Florida State University,,0,0.0163,0,0.0008,0.0322,0,0.0436,0,0.0188,0.0436,0,0.0068,0.0265,0,0.0269,0.0234,0,0.082,0.0098,0,0.0006,0.0188,0.0034,0,0.0083,0,0.0822,0.0583,0.0072,0.1428,0,0,0,0,0.0345,0.0776,0.2265,0.0089,13724,12841,0.8398,17,947008761,1029931070,0,0.2422,2
1304,Educational Administration and Supervision.,134097,3,8,14.0,21.0,0.0,,134097,Florida State University,,0,0.0163,0,0.0008,0.0322,0,0.0436,0,0.0188,0.0436,0,0.0068,0.0265,0,0.0269,0.0234,0,0.082,0.0098,0,0.0006,0.0188,0.0034,0,0.0083,0,0.0822,0.0583,0.0072,0.1428,0,0,0,0,0.0345,0.0776,0.2265,0.0089,13724,12841,0.8398,17,947008761,1029931070,0,0.2422,2
1305,Educational/Instructional Media Design.,134097,2,5,20.0,24.0,0.0,233.0,134097,Florida State University,,0,0.0163,0,0.0008,0.0322,0,0.0436,0,0.0188,0.0436,0,0.0068,0.0265,0,0.0269,0.0234,0,0.082,0.0098,0,0.0006,0.0188,0.0034,0,0.0083,0,0.0822,0.0583,0.0072,0.1428,0,0,0,0,0.0345,0.0776,0.2265,0.0089,13724,12841,0.8398,17,947008761,1029931070,0,0.2422,2
1310,Special Education and Teaching.,134097,1,3,11.0,,1.0,192.0,134097,Florida State University,,0,0.0163,0,0.0008,0.0322,0,0.0436,0,0.0188,0.0436,0,0.0068,0.0265,0,0.0269,0.0234,0,0.082,0.0098,0,0.0006,0.0188,0.0034,0,0.0083,0,0.0822,0.0583,0.0072,0.1428,0,0,0,0,0.0345,0.0776,0.2265,0.0089,13724,12841,0.8398,17,947008761,1029931070,0,0.2422,2
1311,Student Counseling and Personnel Services.,134097,2,5,,40.0,1.0,,134097,Florida State University,,0,0.0163,0,0.0008,0.0322,0,0.0436,0,0.0188,0.0436,0,0.0068,0.0265,0,0.0269,0.0234,0,0.082,0.0098,0,0.0006,0.0188,0.0034,0,0.0083,0,0.0822,0.0583,0.0072,0.1428,0,0,0,0,0.0345,0.0776,0.2265,0.0089,13724,12841,0.8398,17,947008761,1029931070,0,0.2422,2
1311,Student Counseling and Personnel Services.,134097,2,8,35.0,39.0,1.0,579.0,134097,Florida State University,,0,0.0163,0,0.0008,0.0322,0,0.0436,0,0.0188,0.0436,0,0.0068,0.0265,0,0.0269,0.0234,0,0.082,0.0098,0,0.0006,0.0188,0.0034,0,0.0083,0,0.0822,0.0583,0.0072,0.1428,0,0,0,0,0.0345,0.0776,0.2265,0.0089,13724,12841,0.8398,17,947008761,1029931070,0,0.2422,2
1312,"Teacher Education and Professional Development, Specific Levels and Methods.",134097,1,3,50.0,31.0,0.0,192.0,134097,Florida State University,,0,0.0163,0,0.0008,0.0322,0,0.0436,0,0.0188,0.0436,0,0.0068,0.0265,0,0.0269,0.0234,0,0.082,0.0098,0,0.0006,0.0188,0.0034,0,0.0083,0,0.0822,0.0583,0.0072,0.1428,0,0,0,0,0.0345,0.0776,0.2265,0.0089,13724,12841,0.8398,17,947008761,1029931070,0,0.2422,2
1313,"Teacher Education and Professional Development, Specific Subject Areas.",134097,1,3,59.0,51.0,0.0,235.0,134097,Florida State University,,0,0.0163,0,0.0008,0.0322,0,0.0436,0,0.0188,0.0436,0,0.0068,0.0265,0,0.0269,0.0234,0,0.082,0.0098,0,0.0006,0.0188,0.0034,0,0.0083,0,0.0822,0.0583,0.0072,0.1428,0,0,0,0,0.0345,0.0776,0.2265,0.0089,13724,12841,0.8398,17,947008761,1029931070,0,0.2422,2
1313,"Teacher Education and Professional Development, Specific Subject Areas.",134097,2,5,39.0,60.0,2.0,285.0,134097,Florida State University,,0,0.0163,0,0.0008,0.0322,0,0.0436,0,0.0188,0.0436,0,0.0068,0.0265,0,0.0269,0.0234,0,0.082,0.0098,0,0.0006,0.0188,0.0034,0,0.0083,0,0.0822,0.0583,0.0072,0.1428,0,0,0,0,0.0345,0.0776,0.2265,0.0089,13724,12841,0.8398,17,947008761,1029931070,0,0.2422,2
1313,"Teacher Education and Professional Development, Specific Subject Areas.",134097,1,6,10.0,19.0,1.0,,134097,Florida State University,,0,0.0163,0,0.0008,0.0322,0,0.0436,0,0.0188,0.0436,0,0.0068,0.0265,0,0.0269,0.0234,0,0.082,0.0098,0,0.0006,0.0188,0.0034,0,0.0083,0,0.0822,0.0583,0.0072,0.1428,0,0,0,0,0.0345,0.0776,0.2265,0.0089,13724,12841,0.8398,17,947008761,1029931070,0,0.2422,2
1407,Chemical Engineering.,134097,1,3,63.0,76.0,3.0,247.0,134097,Florida State University,,0,0.0163,0,0.0008,0.0322,0,0.0436,0,0.0188,0.0436,0,0.0068,0.0265,0,0.0269,0.0234,0,0.082,0.0098,0,0.0006,0.0188,0.0034,0,0.0083,0,0.0822,0.0583,0.0072,0.1428,0,0,0,0,0.0345,0.0776,0.2265,0.0089,13724,12841,0.8398,17,947008761,1029931070,0,0.2422,2
1408,Civil Engineering.,134097,1,3,77.0,101.0,2.0,200.0,134097,Florida State University,,0,0.0163,0,0.0008,0.0322,0,0.0436,0,0.0188,0.0436,0,0.0068,0.0265,0,0.0269,0.0234,0,0.082,0.0098,0,0.0006,0.0188,0.0034,0,0.0083,0,0.0822,0.0583,0.0072,0.1428,0,0,0,0,0.0345,0.0776,0.2265,0.0089,13724,12841,0.8398,17,947008761,1029931070,0,0.2422,2
1409,Computer Engineering.,134097,1,3,16.0,26.0,1.0,246.0,134097,Florida State University,,0,0.0163,0,0.0008,0.0322,0,0.0436,0,0.0188,0.0436,0,0.0068,0.0265,0,0.0269,0.0234,0,0.082,0.0098,0,0.0006,0.0188,0.0034,0,0.0083,0,0.0822,0.0583,0.0072,0.1428,0,0,0,0,0.0345,0.0776,0.2265,0.0089,13724,12841,0.8398,17,947008761,1029931070,0,0.2422,2
1410,"Electrical, Electronics, and Communications Engineering.",134097,1,3,44.0,47.0,3.0,167.0,134097,Florida State University,,0,0.0163,0,0.0008,0.0322,0,0.0436,0,0.0188,0.0436,0,0.0068,0.0265,0,0.0269,0.0234,0,0.082,0.0098,0,0.0006,0.0188,0.0034,0,0.0083,0,0.0822,0.0583,0.0072,0.1428,0,0,0,0,0.0345,0.0776,0.2265,0.0089,13724,12841,0.8398,17,947008761,1029931070,0,0.2422,2
1419,Mechanical Engineering.,134097,1,3,106.0,105.0,3.0,244.0,134097,Florida State University,,0,0.0163,0,0.0008,0.0322,0,0.0436,0,0.0188,0.0436,0,0.0068,0.0265,0,0.0269,0.0234,0,0.082,0.0098,0,0.0006,0.0188,0.0034,0,0.0083,0,0.0822,0.0583,0.0072,0.1428,0,0,0,0,0.0345,0.0776,0.2265,0.0089,13724,12841,0.8398,17,947008761,1029931070,0,0.2422,2
1419,Mechanical Engineering.,134097,1,5,,17.0,1.0,,134097,Florida State University,,0,0.0163,0,0.0008,0.0322,0,0.0436,0,0.0188,0.0436,0,0.0068,0.0265,0,0.0269,0.0234,0,0.082,0.0098,0,0.0006,0.0188,0.0034,0,0.0083,0,0.0822,0.0583,0.0072,0.1428,0,0,0,0,0.0345,0.0776,0.2265,0.0089,13724,12841,0.8398,17,947008761,1029931070,0,0.2422,2
1435,Industrial Engineering.,134097,1,3,24.0,24.0,1.0,205.0,134097,Florida State University,,0,0.0163,0,0.0008,0.0322,0,0.0436,0,0.0188,0.0436,0,0.0068,0.0265,0,0.0269,0.0234,0,0.082,0.0098,0,0.0006,0.0188,0.0034,0,0.0083,0,0.0822,0.0583,0.0072,0.1428,0,0,0,0,0.0345,0.0776,0.2265,0.0089,13724,12841,0.8398,17,947008761,1029931070,0,0.2422,2
1603,"East Asian Languages, Literatures, and Linguistics.",134097,1,3,15.0,16.0,2.0,177.0,134097,Florida State University,,0,0.0163,0,0.0008,0.0322,0,0.0436,0,0.0188,0.0436,0,0.0068,0.0265,0,0.0269,0.0234,0,0.082,0.0098,0,0.0006,0.0188,0.0034,0,0.0083,0,0.0822,0.0583,0.0072,0.1428,0,0,0,0,0.0345,0.0776,0.2265,0.0089,13724,12841,0.8398,17,947008761,1029931070,0,0.2422,2
1609,"Romance Languages, Literatures, and Linguistics.",134097,1,3,53.0,37.0,7.0,218.0,134097,Florida State University,,0,0.0163,0,0.0008,0.0322,0,0.0436,0,0.0188,0.0436,0,0.0068,0.0265,0,0.0269,0.0234,0,0.082,0.0098,0,0.0006,0.0188,0.0034,0,0.0083,0,0.0822,0.0583,0.0072,0.1428,0,0,0,0,0.0345,0.0776,0.2265,0.0089,13724,12841,0.8398,17,947008761,1029931070,0,0.2422,2
1612,"Classics and Classical Languages, Literatures, and Linguistics.",134097,1,3,22.0,,0.0,215.0,134097,Florida State University,,0,0.0163,0,0.0008,0.0322,0,0.0436,0,0.0188,0.0436,0,0.0068,0.0265,0,0.0269,0.0234,0,0.082,0.0098,0,0.0006,0.0188,0.0034,0,0.0083,0,0.0822,0.0583,0.0072,0.1428,0,0,0,0,0.0345,0.0776,0.2265,0.0089,13724,12841,0.8398,17,947008761,1029931070,0,0.2422,2
1907,"Human Development, Family Studies, and Related Services.",134097,1,3,208.0,166.0,6.0,203.0,134097,Florida State University,,0,0.0163,0,0.0008,0.0322,0,0.0436,0,0.0188,0.0436,0,0.0068,0.0265,0,0.0269,0.0234,0,0.082,0.0098,0,0.0006,0.0188,0.0034,0,0.0083,0,0.0822,0.0583,0.0072,0.1428,0,0,0,0,0.0345,0.0776,0.2265,0.0089,13724,12841,0.8398,17,947008761,1029931070,0,0.2422,2
1909,Apparel and Textiles.,134097,1,3,145.0,169.0,5.0,188.0,134097,Florida State University,,0,0.0163,0,0.0008,0.0322,0,0.0436,0,0.0188,0.0436,0,0.0068,0.0265,0,0.0269,0.0234,0,0.082,0.0098,0,0.0006,0.0188,0.0034,0,0.0083,0,0.0822,0.0583,0.0072,0.1428,0,0,0,0,0.0345,0.0776,0.2265,0.0089,13724,12841,0.8398,17,947008761,1029931070,0,0.2422,2
2201,Law.,134097,1,7,261.0,272.0,12.0,759.0,134097,Florida State University,,0,0.0163,0,0.0008,0.0322,0,0.0436,0,0.0188,0.0436,0,0.0068,0.0265,0,0.0269,0.0234,0,0.082,0.0098,0,0.0006,0.0188,0.0034,0,0.0083,0,0.0822,0.0583,0.0072,0.1428,0,0,0,0,0.0345,0.0776,0.2265,0.0089,13724,12841,0.8398,17,947008761,1029931070,0,0.2422,2
2202,Legal Research and Advanced Professional Studies.,134097,0,4,,53.0,1.0,,134097,Florida State University,,0,0.0163,0,0.0008,0.0322,0,0.0436,0,0.0188,0.0436,0,0.0068,0.0265,0,0.0269,0.0234,0,0.082,0.0098,0,0.0006,0.0188,0.0034,0,0.0083,0,0.0822,0.0583,0.0072,0.1428,0,0,0,0,0.0345,0.0776,0.2265,0.0089,13724,12841,0.8398,17,947008761,1029931070,0,0.2422,2
2202,Legal Research and Advanced Professional Studies.,134097,2,5,45.0,62.0,3.0,519.0,134097,Florida State University,,0,0.0163,0,0.0008,0.0322,0,0.0436,0,0.0188,0.0436,0,0.0068,0.0265,0,0.0269,0.0234,0,0.082,0.0098,0,0.0006,0.0188,0.0034,0,0.0083,0,0.0822,0.0583,0.0072,0.1428,0,0,0,0,0.0345,0.0776,0.2265,0.0089,13724,12841,0.8398,17,947008761,1029931070,0,0.2422,2
2301,"English Language and Literature, General.",134097,1,3,422.0,367.0,25.0,197.0,134097,Florida State University,,0,0.0163,0,0.0008,0.0322,0,0.0436,0,0.0188,0.0436,0,0.0068,0.0265,0,0.0269,0.0234,0,0.082,0.0098,0,0.0006,0.0188,0.0034,0,0.0083,0,0.0822,0.0583,0.0072,0.1428,0,0,0,0,0.0345,0.0776,0.2265,0.0089,13724,12841,0.8398,17,947008761,1029931070,0,0.2422,2
2301,"English Language and Literature, General.",134097,1,6,20.0,25.0,2.0,576.0,134097,Florida State University,,0,0.0163,0,0.0008,0.0322,0,0.0436,0,0.0188,0.0436,0,0.0068,0.0265,0,0.0269,0.0234,0,0.082,0.0098,0,0.0006,0.0188,0.0034,0,0.0083,0,0.0822,0.0583,0.0072,0.1428,0,0,0,0,0.0345,0.0776,0.2265,0.0089,13724,12841,0.8398,17,947008761,1029931070,0,0.2422,2
2401,"Liberal Arts and Sciences, General Studies and Humanities.",134097,0,1,19.0,,0.0,,134097,Florida State University,,0,0.0163,0,0.0008,0.0322,0,0.0436,0,0.0188,0.0436,0,0.0068,0.0265,0,0.0269,0.0234,0,0.082,0.0098,0,0.0006,0.0188,0.0034,0,0.0083,0,0.0822,0.0583,0.0072,0.1428,0,0,0,0,0.0345,0.0776,0.2265,0.0089,13724,12841,0.8398,17,947008761,1029931070,0,0.2422,2
2401,"Liberal Arts and Sciences, General Studies and Humanities.",134097,1,3,106.0,109.0,6.0,199.0,134097,Florida State University,,0,0.0163,0,0.0008,0.0322,0,0.0436,0,0.0188,0.0436,0,0.0068,0.0265,0,0.0269,0.0234,0,0.082,0.0098,0,0.0006,0.0188,0.0034,0,0.0083,0,0.0822,0.0583,0.0072,0.1428,0,0,0,0,0.0345,0.0776,0.2265,0.0089,13724,12841,0.8398,17,947008761,1029931070,0,0.2422,2
2501,Library Science and Administration.,134097,0,4,,23.0,0.0,,134097,Florida State University,,0,0.0163,0,0.0008,0.0322,0,0.0436,0,0.0188,0.0436,0,0.0068,0.0265,0,0.0269,0.0234,0,0.082,0.0098,0,0.0006,0.0188,0.0034,0,0.0083,0,0.0822,0.0583,0.0072,0.1428,0,0,0,0,0.0345,0.0776,0.2265,0.0089,13724,12841,0.8398,17,947008761,1029931070,0,0.2422,2
2601,"Biology, General.",134097,1,3,303.0,252.0,18.0,218.0,134097,Florida State University,,0,0.0163,0,0.0008,0.0322,0,0.0436,0,0.0188,0.0436,0,0.0068,0.0265,0,0.0269,0.0234,0,0.082,0.0098,0,0.0006,0.0188,0.0034,0,0.0083,0,0.0822,0.0583,0.0072,0.1428,0,0,0,0,0.0345,0.0776,0.2265,0.0089,13724,12841,0.8398,17,947008761,1029931070,0,0.2422,2
2602,"Biochemistry, Biophysics and Molecular Biology.",134097,1,3,50.0,34.0,2.0,187.0,134097,Florida State University,,0,0.0163,0,0.0008,0.0322,0,0.0436,0,0.0188,0.0436,0,0.0068,0.0265,0,0.0269,0.0234,0,0.082,0.0098,0,0.0006,0.0188,0.0034,0,0.0083,0,0.0822,0.0583,0.0072,0.1428,0,0,0,0,0.0345,0.0776,0.2265,0.0089,13724,12841,0.8398,17,947008761,1029931070,0,0.2422,2
2609,"Physiology, Pathology and Related Sciences.",134097,1,3,187.0,102.0,11.0,197.0,134097,Florida State University,,0,0.0163,0,0.0008,0.0322,0,0.0436,0,0.0188,0.0436,0,0.0068,0.0265,0,0.0269,0.0234,0,0.082,0.0098,0,0.0006,0.0188,0.0034,0,0.0083,0,0.0822,0.0583,0.0072,0.1428,0,0,0,0,0.0345,0.0776,0.2265,0.0089,13724,12841,0.8398,17,947008761,1029931070,0,0.2422,2
2609,"Physiology, Pathology and Related Sciences.",134097,1,5,21.0,,1.0,,134097,Florida State University,,0,0.0163,0,0.0008,0.0322,0,0.0436,0,0.0188,0.0436,0,0.0068,0.0265,0,0.0269,0.0234,0,0.082,0.0098,0,0.0006,0.0188,0.0034,0,0.0083,0,0.0822,0.0583,0.0072,0.1428,0,0,0,0,0.0345,0.0776,0.2265,0.0089,13724,12841,0.8398,17,947008761,1029931070,0,0.2422,2
2701,Mathematics.,134097,1,3,46.0,33.0,1.0,264.0,134097,Florida State University,,0,0.0163,0,0.0008,0.0322,0,0.0436,0,0.0188,0.0436,0,0.0068,0.0265,0,0.0269,0.0234,0,0.082,0.0098,0,0.0006,0.0188,0.0034,0,0.0083,0,0.0822,0.0583,0.0072,0.1428,0,0,0,0,0.0345,0.0776,0.2265,0.0089,13724,12841,0.8398,17,947008761,1029931070,0,0.2422,2
2705,Statistics.,134097,0,1,10.0,35.0,2.0,197.0,134097,Florida State University,,0,0.0163,0,0.0008,0.0322,0,0.0436,0,0.0188,0.0436,0,0.0068,0.0265,0,0.0269,0.0234,0,0.082,0.0098,0,0.0006,0.0188,0.0034,0,0.0083,0,0.0822,0.0583,0.0072,0.1428,0,0,0,0,0.0345,0.0776,0.2265,0.0089,13724,12841,0.8398,17,947008761,1029931070,0,0.2422,2
2705,Statistics.,134097,1,3,50.0,48.0,1.0,237.0,134097,Florida State University,,0,0.0163,0,0.0008,0.0322,0,0.0436,0,0.0188,0.0436,0,0.0068,0.0265,0,0.0269,0.0234,0,0.082,0.0098,0,0.0006,0.0188,0.0034,0,0.0083,0,0.0822,0.0583,0.0072,0.1428,0,0,0,0,0.0345,0.0776,0.2265,0.0089,13724,12841,0.8398,17,947008761,1029931070,0,0.2422,2
3023,Intercultural/Multicultural and Diversity Studies.,134097,0,1,,,0.0,158.0,134097,Florida State University,,0,0.0163,0,0.0008,0.0322,0,0.0436,0,0.0188,0.0436,0,0.0068,0.0265,0,0.0269,0.0234,0,0.082,0.0098,0,0.0006,0.0188,0.0034,0,0.0083,0,0.0822,0.0583,0.0072,0.1428,0,0,0,0,0.0345,0.0776,0.2265,0.0089,13724,12841,0.8398,17,947008761,1029931070,0,0.2422,2
3103,"Parks, Recreation, and Leisure Facilities Management.",134097,1,3,12.0,,0.0,,134097,Florida State University,,0,0.0163,0,0.0008,0.0322,0,0.0436,0,0.0188,0.0436,0,0.0068,0.0265,0,0.0269,0.0234,0,0.082,0.0098,0,0.0006,0.0188,0.0034,0,0.0083,0,0.0822,0.0583,0.0072,0.1428,0,0,0,0,0.0345,0.0776,0.2265,0.0089,13724,12841,0.8398,17,947008761,1029931070,0,0.2422,2
3105,"Sports, Kinesiology, and Physical Education/Fitness.",134097,1,3,118.0,105.0,4.0,171.0,134097,Florida State University,,0,0.0163,0,0.0008,0.0322,0,0.0436,0,0.0188,0.0436,0,0.0068,0.0265,0,0.0269,0.0234,0,0.082,0.0098,0,0.0006,0.0188,0.0034,0,0.0083,0,0.0822,0.0583,0.0072,0.1428,0,0,0,0,0.0345,0.0776,0.2265,0.0089,13724,12841,0.8398,17,947008761,1029931070,0,0.2422,2
3105,"Sports, Kinesiology, and Physical Education/Fitness.",134097,1,5,45.0,57.0,1.0,350.0,134097,Florida State University,,0,0.0163,0,0.0008,0.0322,0,0.0436,0,0.0188,0.0436,0,0.0068,0.0265,0,0.0269,0.0234,0,0.082,0.0098,0,0.0006,0.0188,0.0034,0,0.0083,0,0.0822,0.0583,0.0072,0.1428,0,0,0,0,0.0345,0.0776,0.2265,0.0089,13724,12841,0.8398,17,947008761,1029931070,0,0.2422,2
3801,Philosophy.,134097,1,3,35.0,38.0,1.0,233.0,134097,Florida State University,,0,0.0163,0,0.0008,0.0322,0,0.0436,0,0.0188,0.0436,0,0.0068,0.0265,0,0.0269,0.0234,0,0.082,0.0098,0,0.0006,0.0188,0.0034,0,0.0083,0,0.0822,0.0583,0.0072,0.1428,0,0,0,0,0.0345,0.0776,0.2265,0.0089,13724,12841,0.8398,17,947008761,1029931070,0,0.2422,2
4004,Atmospheric Sciences and Meteorology.,134097,1,3,21.0,18.0,1.0,262.0,134097,Florida State University,,0,0.0163,0,0.0008,0.0322,0,0.0436,0,0.0188,0.0436,0,0.0068,0.0265,0,0.0269,0.0234,0,0.082,0.0098,0,0.0006,0.0188,0.0034,0,0.0083,0,0.0822,0.0583,0.0072,0.1428,0,0,0,0,0.0345,0.0776,0.2265,0.0089,13724,12841,0.8398,17,947008761,1029931070,0,0.2422,2
4005,Chemistry.,134097,1,3,37.0,27.0,4.0,227.0,134097,Florida State University,,0,0.0163,0,0.0008,0.0322,0,0.0436,0,0.0188,0.0436,0,0.0068,0.0265,0,0.0269,0.0234,0,0.082,0.0098,0,0.0006,0.0188,0.0034,0,0.0083,0,0.0822,0.0583,0.0072,0.1428,0,0,0,0,0.0345,0.0776,0.2265,0.0089,13724,12841,0.8398,17,947008761,1029931070,0,0.2422,2
4005,Chemistry.,134097,1,5,,16.0,0.0,,134097,Florida State University,,0,0.0163,0,0.0008,0.0322,0,0.0436,0,0.0188,0.0436,0,0.0068,0.0265,0,0.0269,0.0234,0,0.082,0.0098,0,0.0006,0.0188,0.0034,0,0.0083,0,0.0822,0.0583,0.0072,0.1428,0,0,0,0,0.0345,0.0776,0.2265,0.0089,13724,12841,0.8398,17,947008761,1029931070,0,0.2422,2
4005,Chemistry.,134097,1,6,,22.0,0.0,,134097,Florida State University,,0,0.0163,0,0.0008,0.0322,0,0.0436,0,0.0188,0.0436,0,0.0068,0.0265,0,0.0269,0.0234,0,0.082,0.0098,0,0.0006,0.0188,0.0034,0,0.0083,0,0.0822,0.0583,0.0072,0.1428,0,0,0,0,0.0345,0.0776,0.2265,0.0089,13724,12841,0.8398,17,947008761,1029931070,0,0.2422,2
4006,Geological and Earth Sciences/Geosciences.,134097,1,3,,,0.0,,134097,Florida State University,,0,0.0163,0,0.0008,0.0322,0,0.0436,0,0.0188,0.0436,0,0.0068,0.0265,0,0.0269,0.0234,0,0.082,0.0098,0,0.0006,0.0188,0.0034,0,0.0083,0,0.0822,0.0583,0.0072,0.1428,0,0,0,0,0.0345,0.0776,0.2265,0.0089,13724,12841,0.8398,17,947008761,1029931070,0,0.2422,2
4201,"Psychology, General.",134097,1,3,717.0,591.0,41.0,184.0,134097,Florida State University,,0,0.0163,0,0.0008,0.0322,0,0.0436,0,0.0188,0.0436,0,0.0068,0.0265,0,0.0269,0.0234,0,0.082,0.0098,0,0.0006,0.0188,0.0034,0,0.0083,0,0.0822,0.0583,0.0072,0.1428,0,0,0,0,0.0345,0.0776,0.2265,0.0089,13724,12841,0.8398,17,947008761,1029931070,0,0.2422,2
4201,"Psychology, General.",134097,1,5,24.0,26.0,3.0,369.0,134097,Florida State University,,0,0.0163,0,0.0008,0.0322,0,0.0436,0,0.0188,0.0436,0,0.0068,0.0265,0,0.0269,0.0234,0,0.082,0.0098,0,0.0006,0.0188,0.0034,0,0.0083,0,0.0822,0.0583,0.0072,0.1428,0,0,0,0,0.0345,0.0776,0.2265,0.0089,13724,12841,0.8398,17,947008761,1029931070,0,0.2422,2
4201,"Psychology, General.",134097,1,6,15.0,23.0,0.0,,134097,Florida State University,,0,0.0163,0,0.0008,0.0322,0,0.0436,0,0.0188,0.0436,0,0.0068,0.0265,0,0.0269,0.0234,0,0.082,0.0098,0,0.0006,0.0188,0.0034,0,0.0083,0,0.0822,0.0583,0.0072,0.1428,0,0,0,0,0.0345,0.0776,0.2265,0.0089,13724,12841,0.8398,17,947008761,1029931070,0,0.2422,2
4228,"Clinical, Counseling and Applied Psychology.",134097,0,4,,,0.0,,134097,Florida State University,,0,0.0163,0,0.0008,0.0322,0,0.0436,0,0.0188,0.0436,0,0.0068,0.0265,0,0.0269,0.0234,0,0.082,0.0098,0,0.0006,0.0188,0.0034,0,0.0083,0,0.0822,0.0583,0.0072,0.1428,0,0,0,0,0.0345,0.0776,0.2265,0.0089,13724,12841,0.8398,17,947008761,1029931070,0,0.2422,2
4301,Criminal Justice and Corrections.,134097,1,3,572.0,515.0,29.0,196.0,134097,Florida State University,,0,0.0163,0,0.0008,0.0322,0,0.0436,0,0.0188,0.0436,0,0.0068,0.0265,0,0.0269,0.0234,0,0.082,0.0098,0,0.0006,0.0188,0.0034,0,0.0083,0,0.0822,0.0583,0.0072,0.1428,0,0,0,0,0.0345,0.0776,0.2265,0.0089,13724,12841,0.8398,17,947008761,1029931070,0,0.2422,2
4301,Criminal Justice and Corrections.,134097,2,5,69.0,77.0,2.0,466.0,134097,Florida State University,,0,0.0163,0,0.0008,0.0322,0,0.0436,0,0.0188,0.0436,0,0.0068,0.0265,0,0.0269,0.0234,0,0.082,0.0098,0,0.0006,0.0188,0.0034,0,0.0083,0,0.0822,0.0583,0.0072,0.1428,0,0,0,0,0.0345,0.0776,0.2265,0.0089,13724,12841,0.8398,17,947008761,1029931070,0,0.2422,2
4304,Security Science and Technology.,134097,1,3,,40.0,0.0,199.0,134097,Florida State University,,0,0.0163,0,0.0008,0.0322,0,0.0436,0,0.0188,0.0436,0,0.0068,0.0265,0,0.0269,0.0234,0,0.082,0.0098,0,0.0006,0.0188,0.0034,0,0.0083,0,0.0822,0.0583,0.0072,0.1428,0,0,0,0,0.0345,0.0776,0.2265,0.0089,13724,12841,0.8398,17,947008761,1029931070,0,0.2422,2
4399,"Homeland Security, Law Enforcement, Firefighting and Related Protective Services, Other.",134097,0,1,,40.0,5.0,199.0,134097,Florida State University,,0,0.0163,0,0.0008,0.0322,0,0.0436,0,0.0188,0.0436,0,0.0068,0.0265,0,0.0269,0.0234,0,0.082,0.0098,0,0.0006,0.0188,0.0034,0,0.0083,0,0.0822,0.0583,0.0072,0.1428,0,0,0,0,0.0345,0.0776,0.2265,0.0089,13724,12841,0.8398,17,947008761,1029931070,0,0.2422,2
4404,Public Administration.,134097,0,1,,109.0,11.0,186.0,134097,Florida State University,,0,0.0163,0,0.0008,0.0322,0,0.0436,0,0.0188,0.0436,0,0.0068,0.0265,0,0.0269,0.0234,0,0.082,0.0098,0,0.0006,0.0188,0.0034,0,0.0083,0,0.0822,0.0583,0.0072,0.1428,0,0,0,0,0.0345,0.0776,0.2265,0.0089,13724,12841,0.8398,17,947008761,1029931070,0,0.2422,2
4404,Public Administration.,134097,0,4,,16.0,1.0,,134097,Florida State University,,0,0.0163,0,0.0008,0.0322,0,0.0436,0,0.0188,0.0436,0,0.0068,0.0265,0,0.0269,0.0234,0,0.082,0.0098,0,0.0006,0.0188,0.0034,0,0.0083,0,0.0822,0.0583,0.0072,0.1428,0,0,0,0,0.0345,0.0776,0.2265,0.0089,13724,12841,0.8398,17,947008761,1029931070,0,0.2422,2
4404,Public Administration.,134097,2,5,26.0,36.0,1.0,296.0,134097,Florida State University,,0,0.0163,0,0.0008,0.0322,0,0.0436,0,0.0188,0.0436,0,0.0068,0.0265,0,0.0269,0.0234,0,0.082,0.0098,0,0.0006,0.0188,0.0034,0,0.0083,0,0.0822,0.0583,0.0072,0.1428,0,0,0,0,0.0345,0.0776,0.2265,0.0089,13724,12841,0.8398,17,947008761,1029931070,0,0.2422,2
4407,Social Work.,134097,1,3,80.0,35.0,4.0,154.0,134097,Florida State University,,0,0.0163,0,0.0008,0.0322,0,0.0436,0,0.0188,0.0436,0,0.0068,0.0265,0,0.0269,0.0234,0,0.082,0.0098,0,0.0006,0.0188,0.0034,0,0.0083,0,0.0822,0.0583,0.0072,0.1428,0,0,0,0,0.0345,0.0776,0.2265,0.0089,13724,12841,0.8398,17,947008761,1029931070,0,0.2422,2
4407,Social Work.,134097,0,4,,16.0,4.0,,134097,Florida State University,,0,0.0163,0,0.0008,0.0322,0,0.0436,0,0.0188,0.0436,0,0.0068,0.0265,0,0.0269,0.0234,0,0.082,0.0098,0,0.0006,0.0188,0.0034,0,0.0083,0,0.0822,0.0583,0.0072,0.1428,0,0,0,0,0.0345,0.0776,0.2265,0.0089,13724,12841,0.8398,17,947008761,1029931070,0,0.2422,2
4407,Social Work.,134097,0,5,,,,,134097,Florida State University,,0,0.0163,0,0.0008,0.0322,0,0.0436,0,0.0188,0.0436,0,0.0068,0.0265,0,0.0269,0.0234,0,0.082,0.0098,0,0.0006,0.0188,0.0034,0,0.0083,0,0.0822,0.0583,0.0072,0.1428,0,0,0,0,0.0345,0.0776,0.2265,0.0089,13724,12841,0.8398,17,947008761,1029931070,0,0.2422,2
4501,"Social Sciences, General.",134097,1,3,264.0,295.0,20.0,212.0,134097,Florida State University,,0,0.0163,0,0.0008,0.0322,0,0.0436,0,0.0188,0.0436,0,0.0068,0.0265,0,0.0269,0.0234,0,0.082,0.0098,0,0.0006,0.0188,0.0034,0,0.0083,0,0.0822,0.0583,0.0072,0.1428,0,0,0,0,0.0345,0.0776,0.2265,0.0089,13724,12841,0.8398,17,947008761,1029931070,0,0.2422,2
4502,Anthropology.,134097,1,3,35.0,,3.0,204.0,134097,Florida State University,,0,0.0163,0,0.0008,0.0322,0,0.0436,0,0.0188,0.0436,0,0.0068,0.0265,0,0.0269,0.0234,0,0.082,0.0098,0,0.0006,0.0188,0.0034,0,0.0083,0,0.0822,0.0583,0.0072,0.1428,0,0,0,0,0.0345,0.0776,0.2265,0.0089,13724,12841,0.8398,17,947008761,1029931070,0,0.2422,2
4506,Economics.,134097,1,3,248.0,239.0,14.0,178.0,134097,Florida State University,,0,0.0163,0,0.0008,0.0322,0,0.0436,0,0.0188,0.0436,0,0.0068,0.0265,0,0.0269,0.0234,0,0.082,0.0098,0,0.0006,0.0188,0.0034,0,0.0083,0,0.0822,0.0583,0.0072,0.1428,0,0,0,0,0.0345,0.0776,0.2265,0.0089,13724,12841,0.8398,17,947008761,1029931070,0,0.2422,2
4506,Economics.,134097,1,5,27.0,42.0,0.0,230.0,134097,Florida State University,,0,0.0163,0,0.0008,0.0322,0,0.0436,0,0.0188,0.0436,0,0.0068,0.0265,0,0.0269,0.0234,0,0.082,0.0098,0,0.0006,0.0188,0.0034,0,0.0083,0,0.0822,0.0583,0.0072,0.1428,0,0,0,0,0.0345,0.0776,0.2265,0.0089,13724,12841,0.8398,17,947008761,1029931070,0,0.2422,2
4507,Geography and Cartography.,134097,1,3,26.0,17.0,2.0,283.0,134097,Florida State University,,0,0.0163,0,0.0008,0.0322,0,0.0436,0,0.0188,0.0436,0,0.0068,0.0265,0,0.0269,0.0234,0,0.082,0.0098,0,0.0006,0.0188,0.0034,0,0.0083,0,0.0822,0.0583,0.0072,0.1428,0,0,0,0,0.0345,0.0776,0.2265,0.0089,13724,12841,0.8398,17,947008761,1029931070,0,0.2422,2
4507,Geography and Cartography.,134097,1,5,19.0,24.0,1.0,286.0,134097,Florida State University,,0,0.0163,0,0.0008,0.0322,0,0.0436,0,0.0188,0.0436,0,0.0068,0.0265,0,0.0269,0.0234,0,0.082,0.0098,0,0.0006,0.0188,0.0034,0,0.0083,0,0.0822,0.0583,0.0072,0.1428,0,0,0,0,0.0345,0.0776,0.2265,0.0089,13724,12841,0.8398,17,947008761,1029931070,0,0.2422,2
4509,International Relations and National Security Studies.,134097,1,3,284.0,279.0,37.0,178.0,134097,Florida State University,,0,0.0163,0,0.0008,0.0322,0,0.0436,0,0.0188,0.0436,0,0.0068,0.0265,0,0.0269,0.0234,0,0.082,0.0098,0,0.0006,0.0188,0.0034,0,0.0083,0,0.0822,0.0583,0.0072,0.1428,0,0,0,0,0.0345,0.0776,0.2265,0.0089,13724,12841,0.8398,17,947008761,1029931070,0,0.2422,2
4509,International Relations and National Security Studies.,134097,1,5,21.0,24.0,4.0,410.0,134097,Florida State University,,0,0.0163,0,0.0008,0.0322,0,0.0436,0,0.0188,0.0436,0,0.0068,0.0265,0,0.0269,0.0234,0,0.082,0.0098,0,0.0006,0.0188,0.0034,0,0.0083,0,0.0822,0.0583,0.0072,0.1428,0,0,0,0,0.0345,0.0776,0.2265,0.0089,13724,12841,0.8398,17,947008761,1029931070,0,0.2422,2
4510,Political Science and Government.,134097,1,3,374.0,306.0,32.0,186.0,134097,Florida State University,,0,0.0163,0,0.0008,0.0322,0,0.0436,0,0.0188,0.0436,0,0.0068,0.0265,0,0.0269,0.0234,0,0.082,0.0098,0,0.0006,0.0188,0.0034,0,0.0083,0,0.0822,0.0583,0.0072,0.1428,0,0,0,0,0.0345,0.0776,0.2265,0.0089,13724,12841,0.8398,17,947008761,1029931070,0,0.2422,2
4510,Political Science and Government.,134097,1,5,16.0,23.0,0.0,279.0,134097,Florida State University,,0,0.0163,0,0.0008,0.0322,0,0.0436,0,0.0188,0.0436,0,0.0068,0.0265,0,0.0269,0.0234,0,0.082,0.0098,0,0.0006,0.0188,0.0034,0,0.0083,0,0.0822,0.0583,0.0072,0.1428,0,0,0,0,0.0345,0.0776,0.2265,0.0089,13724,12841,0.8398,17,947008761,1029931070,0,0.2422,2
4511,Sociology.,134097,1,3,212.0,168.0,8.0,199.0,134097,Florida State University,,0,0.0163,0,0.0008,0.0322,0,0.0436,0,0.0188,0.0436,0,0.0068,0.0265,0,0.0269,0.0234,0,0.082,0.0098,0,0.0006,0.0188,0.0034,0,0.0083,0,0.0822,0.0583,0.0072,0.1428,0,0,0,0,0.0345,0.0776,0.2265,0.0089,13724,12841,0.8398,17,947008761,1029931070,0,0.2422,2
5003,Dance.,134097,1,3,24.0,23.0,0.0,225.0,134097,Florida State University,,0,0.0163,0,0.0008,0.0322,0,0.0436,0,0.0188,0.0436,0,0.0068,0.0265,0,0.0269,0.0234,0,0.082,0.0098,0,0.0006,0.0188,0.0034,0,0.0083,0,0.0822,0.0583,0.0072,0.1428,0,0,0,0,0.0345,0.0776,0.2265,0.0089,13724,12841,0.8398,17,947008761,1029931070,0,0.2422,2
5004,Design and Applied Arts.,134097,1,3,36.0,43.0,2.0,240.0,134097,Florida State University,,0,0.0163,0,0.0008,0.0322,0,0.0436,0,0.0188,0.0436,0,0.0068,0.0265,0,0.0269,0.0234,0,0.082,0.0098,0,0.0006,0.0188,0.0034,0,0.0083,0,0.0822,0.0583,0.0072,0.1428,0,0,0,0,0.0345,0.0776,0.2265,0.0089,13724,12841,0.8398,17,947008761,1029931070,0,0.2422,2
5005,Drama/Theatre Arts and Stagecraft.,134097,1,3,63.0,61.0,4.0,207.0,134097,Florida State University,,0,0.0163,0,0.0008,0.0322,0,0.0436,0,0.0188,0.0436,0,0.0068,0.0265,0,0.0269,0.0234,0,0.082,0.0098,0,0.0006,0.0188,0.0034,0,0.0083,0,0.0822,0.0583,0.0072,0.1428,0,0,0,0,0.0345,0.0776,0.2265,0.0089,13724,12841,0.8398,17,947008761,1029931070,0,0.2422,2
5005,Drama/Theatre Arts and Stagecraft.,134097,1,5,34.0,44.0,2.0,572.0,134097,Florida State University,,0,0.0163,0,0.0008,0.0322,0,0.0436,0,0.0188,0.0436,0,0.0068,0.0265,0,0.0269,0.0234,0,0.082,0.0098,0,0.0006,0.0188,0.0034,0,0.0083,0,0.0822,0.0583,0.0072,0.1428,0,0,0,0,0.0345,0.0776,0.2265,0.0089,13724,12841,0.8398,17,947008761,1029931070,0,0.2422,2
5006,Film/Video and Photographic Arts.,134097,1,3,25.0,36.0,1.0,218.0,134097,Florida State University,,0,0.0163,0,0.0008,0.0322,0,0.0436,0,0.0188,0.0436,0,0.0068,0.0265,0,0.0269,0.0234,0,0.082,0.0098,0,0.0006,0.0188,0.0034,0,0.0083,0,0.0822,0.0583,0.0072,0.1428,0,0,0,0,0.0345,0.0776,0.2265,0.0089,13724,12841,0.8398,17,947008761,1029931070,0,0.2422,2
5006,Film/Video and Photographic Arts.,134097,1,5,28.0,30.0,0.0,700.0,134097,Florida State University,,0,0.0163,0,0.0008,0.0322,0,0.0436,0,0.0188,0.0436,0,0.0068,0.0265,0,0.0269,0.0234,0,0.082,0.0098,0,0.0006,0.0188,0.0034,0,0.0083,0,0.0822,0.0583,0.0072,0.1428,0,0,0,0,0.0345,0.0776,0.2265,0.0089,13724,12841,0.8398,17,947008761,1029931070,0,0.2422,2
5007,Fine and Studio Arts.,134097,1,3,136.0,130.0,8.0,199.0,134097,Florida State University,,0,0.0163,0,0.0008,0.0322,0,0.0436,0,0.0188,0.0436,0,0.0068,0.0265,0,0.0269,0.0234,0,0.082,0.0098,0,0.0006,0.0188,0.0034,0,0.0083,0,0.0822,0.0583,0.0072,0.1428,0,0,0,0,0.0345,0.0776,0.2265,0.0089,13724,12841,0.8398,17,947008761,1029931070,0,0.2422,2
5007,Fine and Studio Arts.,134097,1,5,24.0,25.0,1.0,,134097,Florida State University,,0,0.0163,0,0.0008,0.0322,0,0.0436,0,0.0188,0.0436,0,0.0068,0.0265,0,0.0269,0.0234,0,0.082,0.0098,0,0.0006,0.0188,0.0034,0,0.0083,0,0.0822,0.0583,0.0072,0.1428,0,0,0,0,0.0345,0.0776,0.2265,0.0089,13724,12841,0.8398,17,947008761,1029931070,0,0.2422,2
5009,Music.,134097,1,3,62.0,55.0,3.0,244.0,134097,Florida State University,,0,0.0163,0,0.0008,0.0322,0,0.0436,0,0.0188,0.0436,0,0.0068,0.0265,0,0.0269,0.0234,0,0.082,0.0098,0,0.0006,0.0188,0.0034,0,0.0083,0,0.0822,0.0583,0.0072,0.1428,0,0,0,0,0.0345,0.0776,0.2265,0.0089,13724,12841,0.8398,17,947008761,1029931070,0,0.2422,2
5009,Music.,134097,1,5,41.0,44.0,4.0,307.0,134097,Florida State University,,0,0.0163,0,0.0008,0.0322,0,0.0436,0,0.0188,0.0436,0,0.0068,0.0265,0,0.0269,0.0234,0,0.082,0.0098,0,0.0006,0.0188,0.0034,0,0.0083,0,0.0822,0.0583,0.0072,0.1428,0,0,0,0,0.0345,0.0776,0.2265,0.0089,13724,12841,0.8398,17,947008761,1029931070,0,0.2422,2
5009,Music.,134097,1,6,15.0,35.0,0.0,600.0,134097,Florida State University,,0,0.0163,0,0.0008,0.0322,0,0.0436,0,0.0188,0.0436,0,0.0068,0.0265,0,0.0269,0.0234,0,0.082,0.0098,0,0.0006,0.0188,0.0034,0,0.0083,0,0.0822,0.0583,0.0072,0.1428,0,0,0,0,0.0345,0.0776,0.2265,0.0089,13724,12841,0.8398,17,947008761,1029931070,0,0.2422,2
5102,Communication Disorders Sciences and Services.,134097,0,1,,,0.0,173.0,134097,Florida State University,,0,0.0163,0,0.0008,0.0322,0,0.0436,0,0.0188,0.0436,0,0.0068,0.0265,0,0.0269,0.0234,0,0.082,0.0098,0,0.0006,0.0188,0.0034,0,0.0083,0,0.0822,0.0583,0.0072,0.1428,0,0,0,0,0.0345,0.0776,0.2265,0.0089,13724,12841,0.8398,17,947008761,1029931070,0,0.2422,2
5102,Communication Disorders Sciences and Services.,134097,1,3,47.0,22.0,1.0,157.0,134097,Florida State University,,0,0.0163,0,0.0008,0.0322,0,0.0436,0,0.0188,0.0436,0,0.0068,0.0265,0,0.0269,0.0234,0,0.082,0.0098,0,0.0006,0.0188,0.0034,0,0.0083,0,0.0822,0.0583,0.0072,0.1428,0,0,0,0,0.0345,0.0776,0.2265,0.0089,13724,12841,0.8398,17,947008761,1029931070,0,0.2422,2
5102,Communication Disorders Sciences and Services.,134097,2,5,59.0,73.0,1.0,455.0,134097,Florida State University,,0,0.0163,0,0.0008,0.0322,0,0.0436,0,0.0188,0.0436,0,0.0068,0.0265,0,0.0269,0.0234,0,0.082,0.0098,0,0.0006,0.0188,0.0034,0,0.0083,0,0.0822,0.0583,0.0072,0.1428,0,0,0,0,0.0345,0.0776,0.2265,0.0089,13724,12841,0.8398,17,947008761,1029931070,0,0.2422,2
5109,"Allied Health Diagnostic, Intervention, and Treatment Professions.",134097,1,3,27.0,25.0,4.0,223.0,134097,Florida State University,,0,0.0163,0,0.0008,0.0322,0,0.0436,0,0.0188,0.0436,0,0.0068,0.0265,0,0.0269,0.0234,0,0.082,0.0098,0,0.0006,0.0188,0.0034,0,0.0083,0,0.0822,0.0583,0.0072,0.1428,0,0,0,0,0.0345,0.0776,0.2265,0.0089,13724,12841,0.8398,17,947008761,1029931070,0,0.2422,2
5112,Medicine.,134097,1,7,174.0,200.0,4.0,1996.0,134097,Florida State University,,0,0.0163,0,0.0008,0.0322,0,0.0436,0,0.0188,0.0436,0,0.0068,0.0265,0,0.0269,0.0234,0,0.082,0.0098,0,0.0006,0.0188,0.0034,0,0.0083,0,0.0822,0.0583,0.0072,0.1428,0,0,0,0,0.0345,0.0776,0.2265,0.0089,13724,12841,0.8398,17,947008761,1029931070,0,0.2422,2
5115,Mental and Social Health Services and Allied Professions.,134097,2,5,336.0,390.0,12.0,466.0,134097,Florida State University,,0,0.0163,0,0.0008,0.0322,0,0.0436,0,0.0188,0.0436,0,0.0068,0.0265,0,0.0269,0.0234,0,0.082,0.0098,0,0.0006,0.0188,0.0034,0,0.0083,0,0.0822,0.0583,0.0072,0.1428,0,0,0,0,0.0345,0.0776,0.2265,0.0089,13724,12841,0.8398,17,947008761,1029931070,0,0.2422,2
5122,Public Health.,134097,1,5,39.0,40.0,3.0,456.0,134097,Florida State University,,0,0.0163,0,0.0008,0.0322,0,0.0436,0,0.0188,0.0436,0,0.0068,0.0265,0,0.0269,0.0234,0,0.082,0.0098,0,0.0006,0.0188,0.0034,0,0.0083,0,0.0822,0.0583,0.0072,0.1428,0,0,0,0,0.0345,0.0776,0.2265,0.0089,13724,12841,0.8398,17,947008761,1029931070,0,0.2422,2
5123,Rehabilitation and Therapeutic Professions.,134097,1,5,29.0,40.0,1.0,589.0,134097,Florida State University,,0,0.0163,0,0.0008,0.0322,0,0.0436,0,0.0188,0.0436,0,0.0068,0.0265,0,0.0269,0.0234,0,0.082,0.0098,0,0.0006,0.0188,0.0034,0,0.0083,0,0.0822,0.0583,0.0072,0.1428,0,0,0,0,0.0345,0.0776,0.2265,0.0089,13724,12841,0.8398,17,947008761,1029931070,0,0.2422,2
5131,Dietetics and Clinical Nutrition Services.,134097,1,3,37.0,22.0,2.0,229.0,134097,Florida State University,,0,0.0163,0,0.0008,0.0322,0,0.0436,0,0.0188,0.0436,0,0.0068,0.0265,0,0.0269,0.0234,0,0.082,0.0098,0,0.0006,0.0188,0.0034,0,0.0083,0,0.0822,0.0583,0.0072,0.1428,0,0,0,0,0.0345,0.0776,0.2265,0.0089,13724,12841,0.8398,17,947008761,1029931070,0,0.2422,2
5138,"Registered Nursing, Nursing Administration, Nursing Research and Clinical Nursing.",134097,1,3,104.0,135.0,2.0,204.0,134097,Florida State University,,0,0.0163,0,0.0008,0.0322,0,0.0436,0,0.0188,0.0436,0,0.0068,0.0265,0,0.0269,0.0234,0,0.082,0.0098,0,0.0006,0.0188,0.0034,0,0.0083,0,0.0822,0.0583,0.0072,0.1428,0,0,0,0,0.0345,0.0776,0.2265,0.0089,13724,12841,0.8398,17,947008761,1029931070,0,0.2422,2
5138,"Registered Nursing, Nursing Administration, Nursing Research and Clinical Nursing.",134097,1,5,49.0,45.0,0.0,1779.0,134097,Florida State University,,0,0.0163,0,0.0008,0.0322,0,0.0436,0,0.0188,0.0436,0,0.0068,0.0265,0,0.0269,0.0234,0,0.082,0.0098,0,0.0006,0.0188,0.0034,0,0.0083,0,0.0822,0.0583,0.0072,0.1428,0,0,0,0,0.0345,0.0776,0.2265,0.0089,13724,12841,0.8398,17,947008761,1029931070,0,0.2422,2
5138,"Registered Nursing, Nursing Administration, Nursing Research and Clinical Nursing.",134097,0,6,33.0,36.0,0.0,783.0,134097,Florida State University,,0,0.0163,0,0.0008,0.0322,0,0.0436,0,0.0188,0.0436,0,0.0068,0.0265,0,0.0269,0.0234,0,0.082,0.0098,0,0.0006,0.0188,0.0034,0,0.0083,0,0.0822,0.0583,0.0072,0.1428,0,0,0,0,0.0345,0.0776,0.2265,0.0089,13724,12841,0.8398,17,947008761,1029931070,0,0.2422,2
5201,"Business/Commerce, General.",134097,1,3,34.0,29.0,0.0,,134097,Florida State University,,0,0.0163,0,0.0008,0.0322,0,0.0436,0,0.0188,0.0436,0,0.0068,0.0265,0,0.0269,0.0234,0,0.082,0.0098,0,0.0006,0.0188,0.0034,0,0.0083,0,0.0822,0.0583,0.0072,0.1428,0,0,0,0,0.0345,0.0776,0.2265,0.0089,13724,12841,0.8398,17,947008761,1029931070,0,0.2422,2
5201,"Business/Commerce, General.",134097,2,5,76.0,173.0,3.0,350.0,134097,Florida State University,,0,0.0163,0,0.0008,0.0322,0,0.0436,0,0.0188,0.0436,0,0.0068,0.0265,0,0.0269,0.0234,0,0.082,0.0098,0,0.0006,0.0188,0.0034,0,0.0083,0,0.0822,0.0583,0.0072,0.1428,0,0,0,0,0.0345,0.0776,0.2265,0.0089,13724,12841,0.8398,17,947008761,1029931070,0,0.2422,2
5202,"Business Administration, Management and Operations.",134097,1,3,176.0,207.0,5.0,168.0,134097,Florida State University,,0,0.0163,0,0.0008,0.0322,0,0.0436,0,0.0188,0.0436,0,0.0068,0.0265,0,0.0269,0.0234,0,0.082,0.0098,0,0.0006,0.0188,0.0034,0,0.0083,0,0.0822,0.0583,0.0072,0.1428,0,0,0,0,0.0345,0.0776,0.2265,0.0089,13724,12841,0.8398,17,947008761,1029931070,0,0.2422,2
5203,Accounting and Related Services.,134097,1,3,159.0,77.0,1.0,193.0,134097,Florida State University,,0,0.0163,0,0.0008,0.0322,0,0.0436,0,0.0188,0.0436,0,0.0068,0.0265,0,0.0269,0.0234,0,0.082,0.0098,0,0.0006,0.0188,0.0034,0,0.0083,0,0.0822,0.0583,0.0072,0.1428,0,0,0,0,0.0345,0.0776,0.2265,0.0089,13724,12841,0.8398,17,947008761,1029931070,0,0.2422,2
5203,Accounting and Related Services.,134097,0,5,54.0,114.0,1.0,249.0,134097,Florida State University,,0,0.0163,0,0.0008,0.0322,0,0.0436,0,0.0188,0.0436,0,0.0068,0.0265,0,0.0269,0.0234,0,0.082,0.0098,0,0.0006,0.0188,0.0034,0,0.0083,0,0.0822,0.0583,0.0072,0.1428,0,0,0,0,0.0345,0.0776,0.2265,0.0089,13724,12841,0.8398,17,947008761,1029931070,0,0.2422,2
5207,Entrepreneurial and Small Business Operations.,134097,1,3,16.0,53.0,6.0,174.0,134097,Florida State University,,0,0.0163,0,0.0008,0.0322,0,0.0436,0,0.0188,0.0436,0,0.0068,0.0265,0,0.0269,0.0234,0,0.082,0.0098,0,0.0006,0.0188,0.0034,0,0.0083,0,0.0822,0.0583,0.0072,0.1428,0,0,0,0,0.0345,0.0776,0.2265,0.0089,13724,12841,0.8398,17,947008761,1029931070,0,0.2422,2
5208,Finance and Financial Management Services.,134097,1,3,402.0,419.0,13.0,177.0,134097,Florida State University,,0,0.0163,0,0.0008,0.0322,0,0.0436,0,0.0188,0.0436,0,0.0068,0.0265,0,0.0269,0.0234,0,0.082,0.0098,0,0.0006,0.0188,0.0034,0,0.0083,0,0.0822,0.0583,0.0072,0.1428,0,0,0,0,0.0345,0.0776,0.2265,0.0089,13724,12841,0.8398,17,947008761,1029931070,0,0.2422,2
5208,Finance and Financial Management Services.,134097,1,5,26.0,35.0,0.0,308.0,134097,Florida State University,,0,0.0163,0,0.0008,0.0322,0,0.0436,0,0.0188,0.0436,0,0.0068,0.0265,0,0.0269,0.0234,0,0.082,0.0098,0,0.0006,0.0188,0.0034,0,0.0083,0,0.0822,0.0583,0.0072,0.1428,0,0,0,0,0.0345,0.0776,0.2265,0.0089,13724,12841,0.8398,17,947008761,1029931070,0,0.2422,2
5209,Hospitality Administration/Management.,134097,1,3,144.0,216.0,9.0,185.0,134097,Florida State University,,0,0.0163,0,0.0008,0.0322,0,0.0436,0,0.0188,0.0436,0,0.0068,0.0265,0,0.0269,0.0234,0,0.082,0.0098,0,0.0006,0.0188,0.0034,0,0.0083,0,0.0822,0.0583,0.0072,0.1428,0,0,0,0,0.0345,0.0776,0.2265,0.0089,13724,12841,0.8398,17,947008761,1029931070,0,0.2422,2
5212,Management Information Systems and Services.,134097,1,3,94.0,120.0,2.0,184.0,134097,Florida State University,,0,0.0163,0,0.0008,0.0322,0,0.0436,0,0.0188,0.0436,0,0.0068,0.0265,0,0.0269,0.0234,0,0.082,0.0098,0,0.0006,0.0188,0.0034,0,0.0083,0,0.0822,0.0583,0.0072,0.1428,0,0,0,0,0.0345,0.0776,0.2265,0.0089,13724,12841,0.8398,17,947008761,1029931070,0,0.2422,2
5212,Management Information Systems and Services.,134097,3,5,,,0.0,,134097,Florida State University,,0,0.0163,0,0.0008,0.0322,0,0.0436,0,0.0188,0.0436,0,0.0068,0.0265,0,0.0269,0.0234,0,0.082,0.0098,0,0.0006,0.0188,0.0034,0,0.0083,0,0.0822,0.0583,0.0072,0.1428,0,0,0,0,0.0345,0.0776,0.2265,0.0089,13724,12841,0.8398,17,947008761,1029931070,0,0.2422,2
5213,Management Sciences and Quantitative Methods.,134097,1,3,43.0,43.0,3.0,196.0,134097,Florida State University,,0,0.0163,0,0.0008,0.0322,0,0.0436,0,0.0188,0.0436,0,0.0068,0.0265,0,0.0269,0.0234,0,0.082,0.0098,0,0.0006,0.0188,0.0034,0,0.0083,0,0.0822,0.0583,0.0072,0.1428,0,0,0,0,0.0345,0.0776,0.2265,0.0089,13724,12841,0.8398,17,947008761,1029931070,0,0.2422,2
5214,Marketing.,134097,1,3,351.0,395.0,8.0,181.0,134097,Florida State University,,0,0.0163,0,0.0008,0.0322,0,0.0436,0,0.0188,0.0436,0,0.0068,0.0265,0,0.0269,0.0234,0,0.082,0.0098,0,0.0006,0.0188,0.0034,0,0.0083,0,0.0822,0.0583,0.0072,0.1428,0,0,0,0,0.0345,0.0776,0.2265,0.0089,13724,12841,0.8398,17,947008761,1029931070,0,0.2422,2
5215,Real Estate.,134097,1,3,89.0,119.0,5.0,207.0,134097,Florida State University,,0,0.0163,0,0.0008,0.0322,0,0.0436,0,0.0188,0.0436,0,0.0068,0.0265,0,0.0269,0.0234,0,0.082,0.0098,0,0.0006,0.0188,0.0034,0,0.0083,0,0.0822,0.0583,0.0072,0.1428,0,0,0,0,0.0345,0.0776,0.2265,0.0089,13724,12841,0.8398,17,947008761,1029931070,0,0.2422,2
5217,Insurance.,134097,1,3,88.0,99.0,3.0,232.0,134097,Florida State University,,0,0.0163,0,0.0008,0.0322,0,0.0436,0,0.0188,0.0436,0,0.0068,0.0265,0,0.0269,0.0234,0,0.082,0.0098,0,0.0006,0.0188,0.0034,0,0.0083,0,0.0822,0.0583,0.0072,0.1428,0,0,0,0,0.0345,0.0776,0.2265,0.0089,13724,12841,0.8398,17,947008761,1029931070,0,0.2422,2
5217,Insurance.,134097,3,5,10.0,21.0,1.0,,134097,Florida State University,,0,0.0163,0,0.0008,0.0322,0,0.0436,0,0.0188,0.0436,0,0.0068,0.0265,0,0.0269,0.0234,0,0.082,0.0098,0,0.0006,0.0188,0.0034,0,0.0083,0,0.0822,0.0583,0.0072,0.1428,0,0,0,0,0.0345,0.0776,0.2265,0.0089,13724,12841,0.8398,17,947008761,1029931070,0,0.2422,2
5401,History.,134097,1,3,89.0,82.0,8.0,186.0,134097,Florida State University,,0,0.0163,0,0.0008,0.0322,0,0.0436,0,0.0188,0.0436,0,0.0068,0.0265,0,0.0269,0.0234,0,0.082,0.0098,0,0.0006,0.0188,0.0034,0,0.0083,0,0.0822,0.0583,0.0072,0.1428,0,0,0,0,0.0345,0.0776,0.2265,0.0089,13724,12841,0.8398,17,947008761,1029931070,0,0.2422,2
0101,Agricultural Business and Management.,134130,1,3,77.0,119.0,10.0,159.0,134130,University of Florida,,0.0303,0.0208,0.0117,0.0031,0.0598,0,0.0457,0,0.0182,0.1401,0.0109,0.014,0.0061,0,0.0136,0.0103,0,0.1032,0.0195,0,0.0345,0.0285,0.0048,0,0.0229,0,0.0563,0.0042,0,0.1025,0,0,0,0,0.0344,0.0686,0.125,0.0111,23406,13581,0.8959,16,2334070000,2448293000,1,0.242,2
0109,Animal Sciences.,134130,1,3,103.0,126.0,7.0,159.0,134130,University of Florida,,0.0303,0.0208,0.0117,0.0031,0.0598,0,0.0457,0,0.0182,0.1401,0.0109,0.014,0.0061,0,0.0136,0.0103,0,0.1032,0.0195,0,0.0345,0.0285,0.0048,0,0.0229,0,0.0563,0.0042,0,0.1025,0,0,0,0,0.0344,0.0686,0.125,0.0111,23406,13581,0.8959,16,2334070000,2448293000,1,0.242,2
0110,Food Science and Technology.,134130,1,3,26.0,,1.0,,134130,University of Florida,,0.0303,0.0208,0.0117,0.0031,0.0598,0,0.0457,0,0.0182,0.1401,0.0109,0.014,0.0061,0,0.0136,0.0103,0,0.1032,0.0195,0,0.0345,0.0285,0.0048,0,0.0229,0,0.0563,0.0042,0,0.1025,0,0,0,0,0.0344,0.0686,0.125,0.0111,23406,13581,0.8959,16,2334070000,2448293000,1,0.242,2
0111,Plant Sciences.,134130,1,3,27.0,56.0,1.0,138.0,134130,University of Florida,,0.0303,0.0208,0.0117,0.0031,0.0598,0,0.0457,0,0.0182,0.1401,0.0109,0.014,0.0061,0,0.0136,0.0103,0,0.1032,0.0195,0,0.0345,0.0285,0.0048,0,0.0229,0,0.0563,0.0042,0,0.1025,0,0,0,0,0.0344,0.0686,0.125,0.0111,23406,13581,0.8959,16,2334070000,2448293000,1,0.242,2
0111,Plant Sciences.,134130,1,5,,18.0,1.0,,134130,University of Florida,,0.0303,0.0208,0.0117,0.0031,0.0598,0,0.0457,0,0.0182,0.1401,0.0109,0.014,0.0061,0,0.0136,0.0103,0,0.1032,0.0195,0,0.0345,0.0285,0.0048,0,0.0229,0,0.0563,0.0042,0,0.1025,0,0,0,0,0.0344,0.0686,0.125,0.0111,23406,13581,0.8959,16,2334070000,2448293000,1,0.242,2
0112,Soil Sciences.,134130,3,5,,21.0,1.0,,134130,University of Florida,,0.0303,0.0208,0.0117,0.0031,0.0598,0,0.0457,0,0.0182,0.1401,0.0109,0.014,0.0061,0,0.0136,0.0103,0,0.1032,0.0195,0,0.0345,0.0285,0.0048,0,0.0229,0,0.0563,0.0042,0,0.1025,0,0,0,0,0.0344,0.0686,0.125,0.0111,23406,13581,0.8959,16,2334070000,2448293000,1,0.242,2
0180,Veterinary Medicine.,134130,1,7,,194.0,0.0,1934.0,134130,University of Florida,,0.0303,0.0208,0.0117,0.0031,0.0598,0,0.0457,0,0.0182,0.1401,0.0109,0.014,0.0061,0,0.0136,0.0103,0,0.1032,0.0195,0,0.0345,0.0285,0.0048,0,0.0229,0,0.0563,0.0042,0,0.1025,0,0,0,0,0.0344,0.0686,0.125,0.0111,23406,13581,0.8959,16,2334070000,2448293000,1,0.242,2
0181,Veterinary Biomedical and Clinical Sciences.,134130,3,5,,51.0,1.0,274.0,134130,University of Florida,,0.0303,0.0208,0.0117,0.0031,0.0598,0,0.0457,0,0.0182,0.1401,0.0109,0.014,0.0061,0,0.0136,0.0103,0,0.1032,0.0195,0,0.0345,0.0285,0.0048,0,0.0229,0,0.0563,0.0042,0,0.1025,0,0,0,0,0.0344,0.0686,0.125,0.0111,23406,13581,0.8959,16,2334070000,2448293000,1,0.242,2
0181,Veterinary Biomedical and Clinical Sciences.,134130,2,8,,,0.0,,134130,University of Florida,,0.0303,0.0208,0.0117,0.0031,0.0598,0,0.0457,0,0.0182,0.1401,0.0109,0.014,0.0061,0,0.0136,0.0103,0,0.1032,0.0195,0,0.0345,0.0285,0.0048,0,0.0229,0,0.0563,0.0042,0,0.1025,0,0,0,0,0.0344,0.0686,0.125,0.0111,23406,13581,0.8959,16,2334070000,2448293000,1,0.242,2
0301,Natural Resources Conservation and Research.,134130,1,3,22.0,29.0,0.0,214.0,134130,University of Florida,,0.0303,0.0208,0.0117,0.0031,0.0598,0,0.0457,0,0.0182,0.1401,0.0109,0.014,0.0061,0,0.0136,0.0103,0,0.1032,0.0195,0,0.0345,0.0285,0.0048,0,0.0229,0,0.0563,0.0042,0,0.1025,0,0,0,0,0.0344,0.0686,0.125,0.0111,23406,13581,0.8959,16,2334070000,2448293000,1,0.242,2
0303,Fishing and Fisheries Sciences and Management.,134130,3,5,,32.0,0.0,,134130,University of Florida,,0.0303,0.0208,0.0117,0.0031,0.0598,0,0.0457,0,0.0182,0.1401,0.0109,0.014,0.0061,0,0.0136,0.0103,0,0.1032,0.0195,0,0.0345,0.0285,0.0048,0,0.0229,0,0.0563,0.0042,0,0.1025,0,0,0,0,0.0344,0.0686,0.125,0.0111,23406,13581,0.8959,16,2334070000,2448293000,1,0.242,2
0305,Forestry.,134130,1,3,37.0,65.0,3.0,164.0,134130,University of Florida,,0.0303,0.0208,0.0117,0.0031,0.0598,0,0.0457,0,0.0182,0.1401,0.0109,0.014,0.0061,0,0.0136,0.0103,0,0.1032,0.0195,0,0.0345,0.0285,0.0048,0,0.0229,0,0.0563,0.0042,0,0.1025,0,0,0,0,0.0344,0.0686,0.125,0.0111,23406,13581,0.8959,16,2334070000,2448293000,1,0.242,2
0305,Forestry.,134130,3,5,13.0,39.0,0.0,,134130,University of Florida,,0.0303,0.0208,0.0117,0.0031,0.0598,0,0.0457,0,0.0182,0.1401,0.0109,0.014,0.0061,0,0.0136,0.0103,0,0.1032,0.0195,0,0.0345,0.0285,0.0048,0,0.0229,0,0.0563,0.0042,0,0.1025,0,0,0,0,0.0344,0.0686,0.125,0.0111,23406,13581,0.8959,16,2334070000,2448293000,1,0.242,2
0306,Wildlife and Wildlands Science and Management.,134130,1,3,48.0,66.0,0.0,175.0,134130,University of Florida,,0.0303,0.0208,0.0117,0.0031,0.0598,0,0.0457,0,0.0182,0.1401,0.0109,0.014,0.0061,0,0.0136,0.0103,0,0.1032,0.0195,0,0.0345,0.0285,0.0048,0,0.0229,0,0.0563,0.0042,0,0.1025,0,0,0,0,0.0344,0.0686,0.125,0.0111,23406,13581,0.8959,16,2334070000,2448293000,1,0.242,2
0402,Architecture.,134130,1,3,59.0,71.0,5.0,201.0,134130,University of Florida,,0.0303,0.0208,0.0117,0.0031,0.0598,0,0.0457,0,0.0182,0.1401,0.0109,0.014,0.0061,0,0.0136,0.0103,0,0.1032,0.0195,0,0.0345,0.0285,0.0048,0,0.0229,0,0.0563,0.0042,0,0.1025,0,0,0,0,0.0344,0.0686,0.125,0.0111,23406,13581,0.8959,16,2334070000,2448293000,1,0.242,2
0402,Architecture.,134130,3,5,49.0,49.0,2.0,508.0,134130,University of Florida,,0.0303,0.0208,0.0117,0.0031,0.0598,0,0.0457,0,0.0182,0.1401,0.0109,0.014,0.0061,0,0.0136,0.0103,0,0.1032,0.0195,0,0.0345,0.0285,0.0048,0,0.0229,0,0.0563,0.0042,0,0.1025,0,0,0,0,0.0344,0.0686,0.125,0.0111,23406,13581,0.8959,16,2334070000,2448293000,1,0.242,2
0403,"City/Urban, Community, and Regional Planning.",134130,3,5,24.0,27.0,2.0,466.0,134130,University of Florida,,0.0303,0.0208,0.0117,0.0031,0.0598,0,0.0457,0,0.0182,0.1401,0.0109,0.014,0.0061,0,0.0136,0.0103,0,0.1032,0.0195,0,0.0345,0.0285,0.0048,0,0.0229,0,0.0563,0.0042,0,0.1025,0,0,0,0,0.0344,0.0686,0.125,0.0111,23406,13581,0.8959,16,2334070000,2448293000,1,0.242,2
0502,"Ethnic, Cultural Minority, Gender, and Group Studies.",134130,1,3,47.0,51.0,5.0,241.0,134130,University of Florida,,0.0303,0.0208,0.0117,0.0031,0.0598,0,0.0457,0,0.0182,0.1401,0.0109,0.014,0.0061,0,0.0136,0.0103,0,0.1032,0.0195,0,0.0345,0.0285,0.0048,0,0.0229,0,0.0563,0.0042,0,0.1025,0,0,0,0,0.0344,0.0686,0.125,0.0111,23406,13581,0.8959,16,2334070000,2448293000,1,0.242,2
0901,Communication and Media Studies.,134130,3,5,87.0,139.0,8.0,338.0,134130,University of Florida,,0.0303,0.0208,0.0117,0.0031,0.0598,0,0.0457,0,0.0182,0.1401,0.0109,0.014,0.0061,0,0.0136,0.0103,0,0.1032,0.0195,0,0.0345,0.0285,0.0048,0,0.0229,0,0.0563,0.0042,0,0.1025,0,0,0,0,0.0344,0.0686,0.125,0.0111,23406,13581,0.8959,16,2334070000,2448293000,1,0.242,2
0901,Communication and Media Studies.,134130,2,8,,,0.0,,134130,University of Florida,,0.0303,0.0208,0.0117,0.0031,0.0598,0,0.0457,0,0.0182,0.1401,0.0109,0.014,0.0061,0,0.0136,0.0103,0,0.1032,0.0195,0,0.0345,0.0285,0.0048,0,0.0229,0,0.0563,0.0042,0,0.1025,0,0,0,0,0.0344,0.0686,0.125,0.0111,23406,13581,0.8959,16,2334070000,2448293000,1,0.242,2
0904,Journalism.,134130,3,3,74.0,113.0,3.0,174.0,134130,University of Florida,,0.0303,0.0208,0.0117,0.0031,0.0598,0,0.0457,0,0.0182,0.1401,0.0109,0.014,0.0061,0,0.0136,0.0103,0,0.1032,0.0195,0,0.0345,0.0285,0.0048,0,0.0229,0,0.0563,0.0042,0,0.1025,0,0,0,0,0.0344,0.0686,0.125,0.0111,23406,13581,0.8959,16,2334070000,2448293000,1,0.242,2
0907,"Radio, Television, and Digital Communication.",134130,3,3,181.0,224.0,12.0,159.0,134130,University of Florida,,0.0303,0.0208,0.0117,0.0031,0.0598,0,0.0457,0,0.0182,0.1401,0.0109,0.014,0.0061,0,0.0136,0.0103,0,0.1032,0.0195,0,0.0345,0.0285,0.0048,0,0.0229,0,0.0563,0.0042,0,0.1025,0,0,0,0,0.0344,0.0686,0.125,0.0111,23406,13581,0.8959,16,2334070000,2448293000,1,0.242,2
0909,"Public Relations, Advertising, and Applied Communication.",134130,3,3,281.0,403.0,17.0,162.0,134130,University of Florida,,0.0303,0.0208,0.0117,0.0031,0.0598,0,0.0457,0,0.0182,0.1401,0.0109,0.014,0.0061,0,0.0136,0.0103,0,0.1032,0.0195,0,0.0345,0.0285,0.0048,0,0.0229,0,0.0563,0.0042,0,0.1025,0,0,0,0,0.0344,0.0686,0.125,0.0111,23406,13581,0.8959,16,2334070000,2448293000,1,0.242,2
1101,"Computer and Information Sciences, General.",134130,3,3,137.0,267.0,10.0,159.0,134130,University of Florida,,0.0303,0.0208,0.0117,0.0031,0.0598,0,0.0457,0,0.0182,0.1401,0.0109,0.014,0.0061,0,0.0136,0.0103,0,0.1032,0.0195,0,0.0345,0.0285,0.0048,0,0.0229,0,0.0563,0.0042,0,0.1025,0,0,0,0,0.0344,0.0686,0.125,0.0111,23406,13581,0.8959,16,2334070000,2448293000,1,0.242,2
1105,Computer Systems Analysis.,134130,1,5,70.0,112.0,1.0,233.0,134130,University of Florida,,0.0303,0.0208,0.0117,0.0031,0.0598,0,0.0457,0,0.0182,0.1401,0.0109,0.014,0.0061,0,0.0136,0.0103,0,0.1032,0.0195,0,0.0345,0.0285,0.0048,0,0.0229,0,0.0563,0.0042,0,0.1025,0,0,0,0,0.0344,0.0686,0.125,0.0111,23406,13581,0.8959,16,2334070000,2448293000,1,0.242,2
1303,Curriculum and Instruction.,134130,3,5,21.0,41.0,2.0,331.0,134130,University of Florida,,0.0303,0.0208,0.0117,0.0031,0.0598,0,0.0457,0,0.0182,0.1401,0.0109,0.014,0.0061,0,0.0136,0.0103,0,0.1032,0.0195,0,0.0345,0.0285,0.0048,0,0.0229,0,0.0563,0.0042,0,0.1025,0,0,0,0,0.0344,0.0686,0.125,0.0111,23406,13581,0.8959,16,2334070000,2448293000,1,0.242,2
1303,Curriculum and Instruction.,134130,1,6,17.0,32.0,2.0,549.0,134130,University of Florida,,0.0303,0.0208,0.0117,0.0031,0.0598,0,0.0457,0,0.0182,0.1401,0.0109,0.014,0.0061,0,0.0136,0.0103,0,0.1032,0.0195,0,0.0345,0.0285,0.0048,0,0.0229,0,0.0563,0.0042,0,0.1025,0,0,0,0,0.0344,0.0686,0.125,0.0111,23406,13581,0.8959,16,2334070000,2448293000,1,0.242,2
1304,Educational Administration and Supervision.,134130,3,5,21.0,29.0,0.0,466.0,134130,University of Florida,,0.0303,0.0208,0.0117,0.0031,0.0598,0,0.0457,0,0.0182,0.1401,0.0109,0.014,0.0061,0,0.0136,0.0103,0,0.1032,0.0195,0,0.0345,0.0285,0.0048,0,0.0229,0,0.0563,0.0042,0,0.1025,0,0,0,0,0.0344,0.0686,0.125,0.0111,23406,13581,0.8959,16,2334070000,2448293000,1,0.242,2
1304,Educational Administration and Supervision.,134130,3,6,16.0,22.0,0.0,771.0,134130,University of Florida,,0.0303,0.0208,0.0117,0.0031,0.0598,0,0.0457,0,0.0182,0.1401,0.0109,0.014,0.0061,0,0.0136,0.0103,0,0.1032,0.0195,0,0.0345,0.0285,0.0048,0,0.0229,0,0.0563,0.0042,0,0.1025,0,0,0,0,0.0344,0.0686,0.125,0.0111,23406,13581,0.8959,16,2334070000,2448293000,1,0.242,2
1310,Special Education and Teaching.,134130,3,5,37.0,49.0,1.0,235.0,134130,University of Florida,,0.0303,0.0208,0.0117,0.0031,0.0598,0,0.0457,0,0.0182,0.1401,0.0109,0.014,0.0061,0,0.0136,0.0103,0,0.1032,0.0195,0,0.0345,0.0285,0.0048,0,0.0229,0,0.0563,0.0042,0,0.1025,0,0,0,0,0.0344,0.0686,0.125,0.0111,23406,13581,0.8959,16,2334070000,2448293000,1,0.242,2
1311,Student Counseling and Personnel Services.,134130,1,5,25.0,40.0,0.0,,134130,University of Florida,,0.0303,0.0208,0.0117,0.0031,0.0598,0,0.0457,0,0.0182,0.1401,0.0109,0.014,0.0061,0,0.0136,0.0103,0,0.1032,0.0195,0,0.0345,0.0285,0.0048,0,0.0229,0,0.0563,0.0042,0,0.1025,0,0,0,0,0.0344,0.0686,0.125,0.0111,23406,13581,0.8959,16,2334070000,2448293000,1,0.242,2
1312,"Teacher Education and Professional Development, Specific Levels and Methods.",134130,1,3,39.0,21.0,2.0,156.0,134130,University of Florida,,0.0303,0.0208,0.0117,0.0031,0.0598,0,0.0457,0,0.0182,0.1401,0.0109,0.014,0.0061,0,0.0136,0.0103,0,0.1032,0.0195,0,0.0345,0.0285,0.0048,0,0.0229,0,0.0563,0.0042,0,0.1025,0,0,0,0,0.0344,0.0686,0.125,0.0111,23406,13581,0.8959,16,2334070000,2448293000,1,0.242,2
1312,"Teacher Education and Professional Development, Specific Levels and Methods.",134130,1,5,68.0,88.0,1.0,279.0,134130,University of Florida,,0.0303,0.0208,0.0117,0.0031,0.0598,0,0.0457,0,0.0182,0.1401,0.0109,0.014,0.0061,0,0.0136,0.0103,0,0.1032,0.0195,0,0.0345,0.0285,0.0048,0,0.0229,0,0.0563,0.0042,0,0.1025,0,0,0,0,0.0344,0.0686,0.125,0.0111,23406,13581,0.8959,16,2334070000,2448293000,1,0.242,2
1313,"Teacher Education and Professional Development, Specific Subject Areas.",134130,1,3,65.0,79.0,2.0,145.0,134130,University of Florida,,0.0303,0.0208,0.0117,0.0031,0.0598,0,0.0457,0,0.0182,0.1401,0.0109,0.014,0.0061,0,0.0136,0.0103,0,0.1032,0.0195,0,0.0345,0.0285,0.0048,0,0.0229,0,0.0563,0.0042,0,0.1025,0,0,0,0,0.0344,0.0686,0.125,0.0111,23406,13581,0.8959,16,2334070000,2448293000,1,0.242,2
1313,"Teacher Education and Professional Development, Specific Subject Areas.",134130,1,5,94.0,148.0,8.0,332.0,134130,University of Florida,,0.0303,0.0208,0.0117,0.0031,0.0598,0,0.0457,0,0.0182,0.1401,0.0109,0.014,0.0061,0,0.0136,0.0103,0,0.1032,0.0195,0,0.0345,0.0285,0.0048,0,0.0229,0,0.0563,0.0042,0,0.1025,0,0,0,0,0.0344,0.0686,0.125,0.0111,23406,13581,0.8959,16,2334070000,2448293000,1,0.242,2
1402,"Aerospace, Aeronautical, and Astronautical/Space Engineering.",134130,1,3,58.0,85.0,4.0,185.0,134130,University of Florida,,0.0303,0.0208,0.0117,0.0031,0.0598,0,0.0457,0,0.0182,0.1401,0.0109,0.014,0.0061,0,0.0136,0.0103,0,0.1032,0.0195,0,0.0345,0.0285,0.0048,0,0.0229,0,0.0563,0.0042,0,0.1025,0,0,0,0,0.0344,0.0686,0.125,0.0111,23406,13581,0.8959,16,2334070000,2448293000,1,0.242,2
1402,"Aerospace, Aeronautical, and Astronautical/Space Engineering.",134130,3,5,,19.0,3.0,,134130,University of Florida,,0.0303,0.0208,0.0117,0.0031,0.0598,0,0.0457,0,0.0182,0.1401,0.0109,0.014,0.0061,0,0.0136,0.0103,0,0.1032,0.0195,0,0.0345,0.0285,0.0048,0,0.0229,0,0.0563,0.0042,0,0.1025,0,0,0,0,0.0344,0.0686,0.125,0.0111,23406,13581,0.8959,16,2334070000,2448293000,1,0.242,2
1405,Biomedical/Medical Engineering.,134130,1,3,28.0,46.0,3.0,223.0,134130,University of Florida,,0.0303,0.0208,0.0117,0.0031,0.0598,0,0.0457,0,0.0182,0.1401,0.0109,0.014,0.0061,0,0.0136,0.0103,0,0.1032,0.0195,0,0.0345,0.0285,0.0048,0,0.0229,0,0.0563,0.0042,0,0.1025,0,0,0,0,0.0344,0.0686,0.125,0.0111,23406,13581,0.8959,16,2334070000,2448293000,1,0.242,2
1405,Biomedical/Medical Engineering.,134130,1,5,10.0,,1.0,,134130,University of Florida,,0.0303,0.0208,0.0117,0.0031,0.0598,0,0.0457,0,0.0182,0.1401,0.0109,0.014,0.0061,0,0.0136,0.0103,0,0.1032,0.0195,0,0.0345,0.0285,0.0048,0,0.0229,0,0.0563,0.0042,0,0.1025,0,0,0,0,0.0344,0.0686,0.125,0.0111,23406,13581,0.8959,16,2334070000,2448293000,1,0.242,2
1407,Chemical Engineering.,134130,1,3,88.0,104.0,3.0,208.0,134130,University of Florida,,0.0303,0.0208,0.0117,0.0031,0.0598,0,0.0457,0,0.0182,0.1401,0.0109,0.014,0.0061,0,0.0136,0.0103,0,0.1032,0.0195,0,0.0345,0.0285,0.0048,0,0.0229,0,0.0563,0.0042,0,0.1025,0,0,0,0,0.0344,0.0686,0.125,0.0111,23406,13581,0.8959,16,2334070000,2448293000,1,0.242,2
1408,Civil Engineering.,134130,1,3,100.0,123.0,7.0,197.0,134130,University of Florida,,0.0303,0.0208,0.0117,0.0031,0.0598,0,0.0457,0,0.0182,0.1401,0.0109,0.014,0.0061,0,0.0136,0.0103,0,0.1032,0.0195,0,0.0345,0.0285,0.0048,0,0.0229,0,0.0563,0.0042,0,0.1025,0,0,0,0,0.0344,0.0686,0.125,0.0111,23406,13581,0.8959,16,2334070000,2448293000,1,0.242,2
1408,Civil Engineering.,134130,3,5,15.0,32.0,2.0,,134130,University of Florida,,0.0303,0.0208,0.0117,0.0031,0.0598,0,0.0457,0,0.0182,0.1401,0.0109,0.014,0.0061,0,0.0136,0.0103,0,0.1032,0.0195,0,0.0345,0.0285,0.0048,0,0.0229,0,0.0563,0.0042,0,0.1025,0,0,0,0,0.0344,0.0686,0.125,0.0111,23406,13581,0.8959,16,2334070000,2448293000,1,0.242,2
1409,Computer Engineering.,134130,1,3,69.0,114.0,2.0,217.0,134130,University of Florida,,0.0303,0.0208,0.0117,0.0031,0.0598,0,0.0457,0,0.0182,0.1401,0.0109,0.014,0.0061,0,0.0136,0.0103,0,0.1032,0.0195,0,0.0345,0.0285,0.0048,0,0.0229,0,0.0563,0.0042,0,0.1025,0,0,0,0,0.0344,0.0686,0.125,0.0111,23406,13581,0.8959,16,2334070000,2448293000,1,0.242,2
1410,"Electrical, Electronics, and Communications Engineering.",134130,1,3,98.0,141.0,6.0,219.0,134130,University of Florida,,0.0303,0.0208,0.0117,0.0031,0.0598,0,0.0457,0,0.0182,0.1401,0.0109,0.014,0.0061,0,0.0136,0.0103,0,0.1032,0.0195,0,0.0345,0.0285,0.0048,0,0.0229,0,0.0563,0.0042,0,0.1025,0,0,0,0,0.0344,0.0686,0.125,0.0111,23406,13581,0.8959,16,2334070000,2448293000,1,0.242,2
1410,"Electrical, Electronics, and Communications Engineering.",134130,3,5,,32.0,1.0,,134130,University of Florida,,0.0303,0.0208,0.0117,0.0031,0.0598,0,0.0457,0,0.0182,0.1401,0.0109,0.014,0.0061,0,0.0136,0.0103,0,0.1032,0.0195,0,0.0345,0.0285,0.0048,0,0.0229,0,0.0563,0.0042,0,0.1025,0,0,0,0,0.0344,0.0686,0.125,0.0111,23406,13581,0.8959,16,2334070000,2448293000,1,0.242,2
1414,Environmental/Environmental Health Engineering.,134130,1,3,33.0,35.0,2.0,223.0,134130,University of Florida,,0.0303,0.0208,0.0117,0.0031,0.0598,0,0.0457,0,0.0182,0.1401,0.0109,0.014,0.0061,0,0.0136,0.0103,0,0.1032,0.0195,0,0.0345,0.0285,0.0048,0,0.0229,0,0.0563,0.0042,0,0.1025,0,0,0,0,0.0344,0.0686,0.125,0.0111,23406,13581,0.8959,16,2334070000,2448293000,1,0.242,2
1414,Environmental/Environmental Health Engineering.,134130,3,5,13.0,26.0,0.0,,134130,University of Florida,,0.0303,0.0208,0.0117,0.0031,0.0598,0,0.0457,0,0.0182,0.1401,0.0109,0.014,0.0061,0,0.0136,0.0103,0,0.1032,0.0195,0,0.0345,0.0285,0.0048,0,0.0229,0,0.0563,0.0042,0,0.1025,0,0,0,0,0.0344,0.0686,0.125,0.0111,23406,13581,0.8959,16,2334070000,2448293000,1,0.242,2
1418,Materials Engineering.,134130,1,3,18.0,32.0,4.0,,134130,University of Florida,,0.0303,0.0208,0.0117,0.0031,0.0598,0,0.0457,0,0.0182,0.1401,0.0109,0.014,0.0061,0,0.0136,0.0103,0,0.1032,0.0195,0,0.0345,0.0285,0.0048,0,0.0229,0,0.0563,0.0042,0,0.1025,0,0,0,0,0.0344,0.0686,0.125,0.0111,23406,13581,0.8959,16,2334070000,2448293000,1,0.242,2
1418,Materials Engineering.,134130,1,5,,19.0,0.0,,134130,University of Florida,,0.0303,0.0208,0.0117,0.0031,0.0598,0,0.0457,0,0.0182,0.1401,0.0109,0.014,0.0061,0,0.0136,0.0103,0,0.1032,0.0195,0,0.0345,0.0285,0.0048,0,0.0229,0,0.0563,0.0042,0,0.1025,0,0,0,0,0.0344,0.0686,0.125,0.0111,23406,13581,0.8959,16,2334070000,2448293000,1,0.242,2
1418,Materials Engineering.,134130,1,6,,,1.0,,134130,University of Florida,,0.0303,0.0208,0.0117,0.0031,0.0598,0,0.0457,0,0.0182,0.1401,0.0109,0.014,0.0061,0,0.0136,0.0103,0,0.1032,0.0195,0,0.0345,0.0285,0.0048,0,0.0229,0,0.0563,0.0042,0,0.1025,0,0,0,0,0.0344,0.0686,0.125,0.0111,23406,13581,0.8959,16,2334070000,2448293000,1,0.242,2
1419,Mechanical Engineering.,134130,1,3,183.0,250.0,10.0,192.0,134130,University of Florida,,0.0303,0.0208,0.0117,0.0031,0.0598,0,0.0457,0,0.0182,0.1401,0.0109,0.014,0.0061,0,0.0136,0.0103,0,0.1032,0.0195,0,0.0345,0.0285,0.0048,0,0.0229,0,0.0563,0.0042,0,0.1025,0,0,0,0,0.0344,0.0686,0.125,0.0111,23406,13581,0.8959,16,2334070000,2448293000,1,0.242,2
1419,Mechanical Engineering.,134130,3,5,21.0,53.0,3.0,337.0,134130,University of Florida,,0.0303,0.0208,0.0117,0.0031,0.0598,0,0.0457,0,0.0182,0.1401,0.0109,0.014,0.0061,0,0.0136,0.0103,0,0.1032,0.0195,0,0.0345,0.0285,0.0048,0,0.0229,0,0.0563,0.0042,0,0.1025,0,0,0,0,0.0344,0.0686,0.125,0.0111,23406,13581,0.8959,16,2334070000,2448293000,1,0.242,2
1419,Mechanical Engineering.,134130,1,6,,22.0,1.0,,134130,University of Florida,,0.0303,0.0208,0.0117,0.0031,0.0598,0,0.0457,0,0.0182,0.1401,0.0109,0.014,0.0061,0,0.0136,0.0103,0,0.1032,0.0195,0,0.0345,0.0285,0.0048,0,0.0229,0,0.0563,0.0042,0,0.1025,0,0,0,0,0.0344,0.0686,0.125,0.0111,23406,13581,0.8959,16,2334070000,2448293000,1,0.242,2
1427,Systems Engineering.,134130,1,3,65.0,106.0,3.0,209.0,134130,University of Florida,,0.0303,0.0208,0.0117,0.0031,0.0598,0,0.0457,0,0.0182,0.1401,0.0109,0.014,0.0061,0,0.0136,0.0103,0,0.1032,0.0195,0,0.0345,0.0285,0.0048,0,0.0229,0,0.0563,0.0042,0,0.1025,0,0,0,0,0.0344,0.0686,0.125,0.0111,23406,13581,0.8959,16,2334070000,2448293000,1,0.242,2
1427,Systems Engineering.,134130,3,5,14.0,26.0,0.0,,134130,University of Florida,,0.0303,0.0208,0.0117,0.0031,0.0598,0,0.0457,0,0.0182,0.1401,0.0109,0.014,0.0061,0,0.0136,0.0103,0,0.1032,0.0195,0,0.0345,0.0285,0.0048,0,0.0229,0,0.0563,0.0042,0,0.1025,0,0,0,0,0.0344,0.0686,0.125,0.0111,23406,13581,0.8959,16,2334070000,2448293000,1,0.242,2
1445,Biological/Biosystems Engineering.,134130,1,3,12.0,20.0,0.0,,134130,University of Florida,,0.0303,0.0208,0.0117,0.0031,0.0598,0,0.0457,0,0.0182,0.1401,0.0109,0.014,0.0061,0,0.0136,0.0103,0,0.1032,0.0195,0,0.0345,0.0285,0.0048,0,0.0229,0,0.0563,0.0042,0,0.1025,0,0,0,0,0.0344,0.0686,0.125,0.0111,23406,13581,0.8959,16,2334070000,2448293000,1,0.242,2
1510,Construction Engineering Technology/Technician.,134130,1,3,47.0,79.0,1.0,158.0,134130,University of Florida,,0.0303,0.0208,0.0117,0.0031,0.0598,0,0.0457,0,0.0182,0.1401,0.0109,0.014,0.0061,0,0.0136,0.0103,0,0.1032,0.0195,0,0.0345,0.0285,0.0048,0,0.0229,0,0.0563,0.0042,0,0.1025,0,0,0,0,0.0344,0.0686,0.125,0.0111,23406,13581,0.8959,16,2334070000,2448293000,1,0.242,2
1511,Engineering-Related Technologies/Technicians.,134130,1,3,14.0,17.0,0.0,,134130,University of Florida,,0.0303,0.0208,0.0117,0.0031,0.0598,0,0.0457,0,0.0182,0.1401,0.0109,0.014,0.0061,0,0.0136,0.0103,0,0.1032,0.0195,0,0.0345,0.0285,0.0048,0,0.0229,0,0.0563,0.0042,0,0.1025,0,0,0,0,0.0344,0.0686,0.125,0.0111,23406,13581,0.8959,16,2334070000,2448293000,1,0.242,2
1601,"Linguistic, Comparative, and Related Language Studies and Services.",134130,1,3,44.0,61.0,14.0,188.0,134130,University of Florida,,0.0303,0.0208,0.0117,0.0031,0.0598,0,0.0457,0,0.0182,0.1401,0.0109,0.014,0.0061,0,0.0136,0.0103,0,0.1032,0.0195,0,0.0345,0.0285,0.0048,0,0.0229,0,0.0563,0.0042,0,0.1025,0,0,0,0,0.0344,0.0686,0.125,0.0111,23406,13581,0.8959,16,2334070000,2448293000,1,0.242,2
1609,"Romance Languages, Literatures, and Linguistics.",134130,1,3,38.0,37.0,2.0,138.0,134130,University of Florida,,0.0303,0.0208,0.0117,0.0031,0.0598,0,0.0457,0,0.0182,0.1401,0.0109,0.014,0.0061,0,0.0136,0.0103,0,0.1032,0.0195,0,0.0345,0.0285,0.0048,0,0.0229,0,0.0563,0.0042,0,0.1025,0,0,0,0,0.0344,0.0686,0.125,0.0111,23406,13581,0.8959,16,2334070000,2448293000,1,0.242,2
1907,"Human Development, Family Studies, and Related Services.",134130,1,3,92.0,89.0,5.0,165.0,134130,University of Florida,,0.0303,0.0208,0.0117,0.0031,0.0598,0,0.0457,0,0.0182,0.1401,0.0109,0.014,0.0061,0,0.0136,0.0103,0,0.1032,0.0195,0,0.0345,0.0285,0.0048,0,0.0229,0,0.0563,0.0042,0,0.1025,0,0,0,0,0.0344,0.0686,0.125,0.0111,23406,13581,0.8959,16,2334070000,2448293000,1,0.242,2
1907,"Human Development, Family Studies, and Related Services.",134130,3,5,,16.0,1.0,,134130,University of Florida,,0.0303,0.0208,0.0117,0.0031,0.0598,0,0.0457,0,0.0182,0.1401,0.0109,0.014,0.0061,0,0.0136,0.0103,0,0.1032,0.0195,0,0.0345,0.0285,0.0048,0,0.0229,0,0.0563,0.0042,0,0.1025,0,0,0,0,0.0344,0.0686,0.125,0.0111,23406,13581,0.8959,16,2334070000,2448293000,1,0.242,2
2201,Law.,134130,1,7,508.0,467.0,11.0,813.0,134130,University of Florida,,0.0303,0.0208,0.0117,0.0031,0.0598,0,0.0457,0,0.0182,0.1401,0.0109,0.014,0.0061,0,0.0136,0.0103,0,0.1032,0.0195,0,0.0345,0.0285,0.0048,0,0.0229,0,0.0563,0.0042,0,0.1025,0,0,0,0,0.0344,0.0686,0.125,0.0111,23406,13581,0.8959,16,2334070000,2448293000,1,0.242,2
2202,Legal Research and Advanced Professional Studies.,134130,1,5,17.0,79.0,1.0,425.0,134130,University of Florida,,0.0303,0.0208,0.0117,0.0031,0.0598,0,0.0457,0,0.0182,0.1401,0.0109,0.014,0.0061,0,0.0136,0.0103,0,0.1032,0.0195,0,0.0345,0.0285,0.0048,0,0.0229,0,0.0563,0.0042,0,0.1025,0,0,0,0,0.0344,0.0686,0.125,0.0111,23406,13581,0.8959,16,2334070000,2448293000,1,0.242,2
2301,"English Language and Literature, General.",134130,1,3,130.0,145.0,19.0,165.0,134130,University of Florida,,0.0303,0.0208,0.0117,0.0031,0.0598,0,0.0457,0,0.0182,0.1401,0.0109,0.014,0.0061,0,0.0136,0.0103,0,0.1032,0.0195,0,0.0345,0.0285,0.0048,0,0.0229,0,0.0563,0.0042,0,0.1025,0,0,0,0,0.0344,0.0686,0.125,0.0111,23406,13581,0.8959,16,2334070000,2448293000,1,0.242,2
2301,"English Language and Literature, General.",134130,1,6,,16.0,0.0,,134130,University of Florida,,0.0303,0.0208,0.0117,0.0031,0.0598,0,0.0457,0,0.0182,0.1401,0.0109,0.014,0.0061,0,0.0136,0.0103,0,0.1032,0.0195,0,0.0345,0.0285,0.0048,0,0.0229,0,0.0563,0.0042,0,0.1025,0,0,0,0,0.0344,0.0686,0.125,0.0111,23406,13581,0.8959,16,2334070000,2448293000,1,0.242,2
2601,"Biology, General.",134130,3,3,328.0,324.0,42.0,159.0,134130,University of Florida,,0.0303,0.0208,0.0117,0.0031,0.0598,0,0.0457,0,0.0182,0.1401,0.0109,0.014,0.0061,0,0.0136,0.0103,0,0.1032,0.0195,0,0.0345,0.0285,0.0048,0,0.0229,0,0.0563,0.0042,0,0.1025,0,0,0,0,0.0344,0.0686,0.125,0.0111,23406,13581,0.8959,16,2334070000,2448293000,1,0.242,2
2605,Microbiological Sciences and Immunology.,134130,3,3,116.0,132.0,10.0,158.0,134130,University of Florida,,0.0303,0.0208,0.0117,0.0031,0.0598,0,0.0457,0,0.0182,0.1401,0.0109,0.014,0.0061,0,0.0136,0.0103,0,0.1032,0.0195,0,0.0345,0.0285,0.0048,0,0.0229,0,0.0563,0.0042,0,0.1025,0,0,0,0,0.0344,0.0686,0.125,0.0111,23406,13581,0.8959,16,2334070000,2448293000,1,0.242,2
2605,Microbiological Sciences and Immunology.,134130,3,5,69.0,108.0,5.0,274.0,134130,University of Florida,,0.0303,0.0208,0.0117,0.0031,0.0598,0,0.0457,0,0.0182,0.1401,0.0109,0.014,0.0061,0,0.0136,0.0103,0,0.1032,0.0195,0,0.0345,0.0285,0.0048,0,0.0229,0,0.0563,0.0042,0,0.1025,0,0,0,0,0.0344,0.0686,0.125,0.0111,23406,13581,0.8959,16,2334070000,2448293000,1,0.242,2
2607,Zoology/Animal Biology.,134130,1,3,23.0,26.0,2.0,187.0,134130,University of Florida,,0.0303,0.0208,0.0117,0.0031,0.0598,0,0.0457,0,0.0182,0.1401,0.0109,0.014,0.0061,0,0.0136,0.0103,0,0.1032,0.0195,0,0.0345,0.0285,0.0048,0,0.0229,0,0.0563,0.0042,0,0.1025,0,0,0,0,0.0344,0.0686,0.125,0.0111,23406,13581,0.8959,16,2334070000,2448293000,1,0.242,2
2607,Zoology/Animal Biology.,134130,1,5,,20.0,1.0,,134130,University of Florida,,0.0303,0.0208,0.0117,0.0031,0.0598,0,0.0457,0,0.0182,0.1401,0.0109,0.014,0.0061,0,0.0136,0.0103,0,0.1032,0.0195,0,0.0345,0.0285,0.0048,0,0.0229,0,0.0563,0.0042,0,0.1025,0,0,0,0,0.0344,0.0686,0.125,0.0111,23406,13581,0.8959,16,2334070000,2448293000,1,0.242,2
2607,Zoology/Animal Biology.,134130,1,6,,,3.0,,134130,University of Florida,,0.0303,0.0208,0.0117,0.0031,0.0598,0,0.0457,0,0.0182,0.1401,0.0109,0.014,0.0061,0,0.0136,0.0103,0,0.1032,0.0195,0,0.0345,0.0285,0.0048,0,0.0229,0,0.0563,0.0042,0,0.1025,0,0,0,0,0.0344,0.0686,0.125,0.0111,23406,13581,0.8959,16,2334070000,2448293000,1,0.242,2
2609,"Physiology, Pathology and Related Sciences.",134130,1,3,129.0,102.0,10.0,178.0,134130,University of Florida,,0.0303,0.0208,0.0117,0.0031,0.0598,0,0.0457,0,0.0182,0.1401,0.0109,0.014,0.0061,0,0.0136,0.0103,0,0.1032,0.0195,0,0.0345,0.0285,0.0048,0,0.0229,0,0.0563,0.0042,0,0.1025,0,0,0,0,0.0344,0.0686,0.125,0.0111,23406,13581,0.8959,16,2334070000,2448293000,1,0.242,2
2609,"Physiology, Pathology and Related Sciences.",134130,3,5,25.0,30.0,3.0,413.0,134130,University of Florida,,0.0303,0.0208,0.0117,0.0031,0.0598,0,0.0457,0,0.0182,0.1401,0.0109,0.014,0.0061,0,0.0136,0.0103,0,0.1032,0.0195,0,0.0345,0.0285,0.0048,0,0.0229,0,0.0563,0.0042,0,0.1025,0,0,0,0,0.0344,0.0686,0.125,0.0111,23406,13581,0.8959,16,2334070000,2448293000,1,0.242,2
2699,"Biological and Biomedical Sciences, Other.",134130,3,5,10.0,19.0,1.0,,134130,University of Florida,,0.0303,0.0208,0.0117,0.0031,0.0598,0,0.0457,0,0.0182,0.1401,0.0109,0.014,0.0061,0,0.0136,0.0103,0,0.1032,0.0195,0,0.0345,0.0285,0.0048,0,0.0229,0,0.0563,0.0042,0,0.1025,0,0,0,0,0.0344,0.0686,0.125,0.0111,23406,13581,0.8959,16,2334070000,2448293000,1,0.242,2
2699,"Biological and Biomedical Sciences, Other.",134130,1,6,,42.0,0.0,,134130,University of Florida,,0.0303,0.0208,0.0117,0.0031,0.0598,0,0.0457,0,0.0182,0.1401,0.0109,0.014,0.0061,0,0.0136,0.0103,0,0.1032,0.0195,0,0.0345,0.0285,0.0048,0,0.0229,0,0.0563,0.0042,0,0.1025,0,0,0,0,0.0344,0.0686,0.125,0.0111,23406,13581,0.8959,16,2334070000,2448293000,1,0.242,2
2699,"Biological and Biomedical Sciences, Other.",134130,2,8,,,2.0,,134130,University of Florida,,0.0303,0.0208,0.0117,0.0031,0.0598,0,0.0457,0,0.0182,0.1401,0.0109,0.014,0.0061,0,0.0136,0.0103,0,0.1032,0.0195,0,0.0345,0.0285,0.0048,0,0.0229,0,0.0563,0.0042,0,0.1025,0,0,0,0,0.0344,0.0686,0.125,0.0111,23406,13581,0.8959,16,2334070000,2448293000,1,0.242,2
2701,Mathematics.,134130,1,3,38.0,55.0,4.0,171.0,134130,University of Florida,,0.0303,0.0208,0.0117,0.0031,0.0598,0,0.0457,0,0.0182,0.1401,0.0109,0.014,0.0061,0,0.0136,0.0103,0,0.1032,0.0195,0,0.0345,0.0285,0.0048,0,0.0229,0,0.0563,0.0042,0,0.1025,0,0,0,0,0.0344,0.0686,0.125,0.0111,23406,13581,0.8959,16,2334070000,2448293000,1,0.242,2
2705,Statistics.,134130,1,3,25.0,30.0,4.0,140.0,134130,University of Florida,,0.0303,0.0208,0.0117,0.0031,0.0598,0,0.0457,0,0.0182,0.1401,0.0109,0.014,0.0061,0,0.0136,0.0103,0,0.1032,0.0195,0,0.0345,0.0285,0.0048,0,0.0229,0,0.0563,0.0042,0,0.1025,0,0,0,0,0.0344,0.0686,0.125,0.0111,23406,13581,0.8959,16,2334070000,2448293000,1,0.242,2
3020,International/Globalization Studies.,134130,1,3,63.0,62.0,11.0,123.0,134130,University of Florida,,0.0303,0.0208,0.0117,0.0031,0.0598,0,0.0457,0,0.0182,0.1401,0.0109,0.014,0.0061,0,0.0136,0.0103,0,0.1032,0.0195,0,0.0345,0.0285,0.0048,0,0.0229,0,0.0563,0.0042,0,0.1025,0,0,0,0,0.0344,0.0686,0.125,0.0111,23406,13581,0.8959,16,2334070000,2448293000,1,0.242,2
3033,Sustainability Studies.,134130,1,3,43.0,52.0,4.0,159.0,134130,University of Florida,,0.0303,0.0208,0.0117,0.0031,0.0598,0,0.0457,0,0.0182,0.1401,0.0109,0.014,0.0061,0,0.0136,0.0103,0,0.1032,0.0195,0,0.0345,0.0285,0.0048,0,0.0229,0,0.0563,0.0042,0,0.1025,0,0,0,0,0.0344,0.0686,0.125,0.0111,23406,13581,0.8959,16,2334070000,2448293000,1,0.242,2
3099,"Multi/Interdisciplinary Studies, Other.",134130,3,3,41.0,61.0,6.0,157.0,134130,University of Florida,,0.0303,0.0208,0.0117,0.0031,0.0598,0,0.0457,0,0.0182,0.1401,0.0109,0.014,0.0061,0,0.0136,0.0103,0,0.1032,0.0195,0,0.0345,0.0285,0.0048,0,0.0229,0,0.0563,0.0042,0,0.1025,0,0,0,0,0.0344,0.0686,0.125,0.0111,23406,13581,0.8959,16,2334070000,2448293000,1,0.242,2
3103,"Parks, Recreation, and Leisure Facilities Management.",134130,3,3,52.0,61.0,1.0,171.0,134130,University of Florida,,0.0303,0.0208,0.0117,0.0031,0.0598,0,0.0457,0,0.0182,0.1401,0.0109,0.014,0.0061,0,0.0136,0.0103,0,0.1032,0.0195,0,0.0345,0.0285,0.0048,0,0.0229,0,0.0563,0.0042,0,0.1025,0,0,0,0,0.0344,0.0686,0.125,0.0111,23406,13581,0.8959,16,2334070000,2448293000,1,0.242,2
3105,"Sports, Kinesiology, and Physical Education/Fitness.",134130,3,3,95.0,110.0,9.0,159.0,134130,University of Florida,,0.0303,0.0208,0.0117,0.0031,0.0598,0,0.0457,0,0.0182,0.1401,0.0109,0.014,0.0061,0,0.0136,0.0103,0,0.1032,0.0195,0,0.0345,0.0285,0.0048,0,0.0229,0,0.0563,0.0042,0,0.1025,0,0,0,0,0.0344,0.0686,0.125,0.0111,23406,13581,0.8959,16,2334070000,2448293000,1,0.242,2
3105,"Sports, Kinesiology, and Physical Education/Fitness.",134130,3,5,62.0,86.0,1.0,358.0,134130,University of Florida,,0.0303,0.0208,0.0117,0.0031,0.0598,0,0.0457,0,0.0182,0.1401,0.0109,0.014,0.0061,0,0.0136,0.0103,0,0.1032,0.0195,0,0.0345,0.0285,0.0048,0,0.0229,0,0.0563,0.0042,0,0.1025,0,0,0,0,0.0344,0.0686,0.125,0.0111,23406,13581,0.8959,16,2334070000,2448293000,1,0.242,2
3801,Philosophy.,134130,1,3,42.0,53.0,5.0,185.0,134130,University of Florida,,0.0303,0.0208,0.0117,0.0031,0.0598,0,0.0457,0,0.0182,0.1401,0.0109,0.014,0.0061,0,0.0136,0.0103,0,0.1032,0.0195,0,0.0345,0.0285,0.0048,0,0.0229,0,0.0563,0.0042,0,0.1025,0,0,0,0,0.0344,0.0686,0.125,0.0111,23406,13581,0.8959,16,2334070000,2448293000,1,0.242,2
4005,Chemistry.,134130,1,3,57.0,71.0,6.0,157.0,134130,University of Florida,,0.0303,0.0208,0.0117,0.0031,0.0598,0,0.0457,0,0.0182,0.1401,0.0109,0.014,0.0061,0,0.0136,0.0103,0,0.1032,0.0195,0,0.0345,0.0285,0.0048,0,0.0229,0,0.0563,0.0042,0,0.1025,0,0,0,0,0.0344,0.0686,0.125,0.0111,23406,13581,0.8959,16,2334070000,2448293000,1,0.242,2
4005,Chemistry.,134130,1,6,,19.0,2.0,,134130,University of Florida,,0.0303,0.0208,0.0117,0.0031,0.0598,0,0.0457,0,0.0182,0.1401,0.0109,0.014,0.0061,0,0.0136,0.0103,0,0.1032,0.0195,0,0.0345,0.0285,0.0048,0,0.0229,0,0.0563,0.0042,0,0.1025,0,0,0,0,0.0344,0.0686,0.125,0.0111,23406,13581,0.8959,16,2334070000,2448293000,1,0.242,2
4006,Geological and Earth Sciences/Geosciences.,134130,3,3,22.0,33.0,0.0,209.0,134130,University of Florida,,0.0303,0.0208,0.0117,0.0031,0.0598,0,0.0457,0,0.0182,0.1401,0.0109,0.014,0.0061,0,0.0136,0.0103,0,0.1032,0.0195,0,0.0345,0.0285,0.0048,0,0.0229,0,0.0563,0.0042,0,0.1025,0,0,0,0,0.0344,0.0686,0.125,0.0111,23406,13581,0.8959,16,2334070000,2448293000,1,0.242,2
4008,Physics.,134130,1,3,20.0,,7.0,146.0,134130,University of Florida,,0.0303,0.0208,0.0117,0.0031,0.0598,0,0.0457,0,0.0182,0.1401,0.0109,0.014,0.0061,0,0.0136,0.0103,0,0.1032,0.0195,0,0.0345,0.0285,0.0048,0,0.0229,0,0.0563,0.0042,0,0.1025,0,0,0,0,0.0344,0.0686,0.125,0.0111,23406,13581,0.8959,16,2334070000,2448293000,1,0.242,2
4201,"Psychology, General.",134130,3,3,324.0,292.0,32.0,176.0,134130,University of Florida,,0.0303,0.0208,0.0117,0.0031,0.0598,0,0.0457,0,0.0182,0.1401,0.0109,0.014,0.0061,0,0.0136,0.0103,0,0.1032,0.0195,0,0.0345,0.0285,0.0048,0,0.0229,0,0.0563,0.0042,0,0.1025,0,0,0,0,0.0344,0.0686,0.125,0.0111,23406,13581,0.8959,16,2334070000,2448293000,1,0.242,2
4201,"Psychology, General.",134130,1,6,13.0,29.0,3.0,,134130,University of Florida,,0.0303,0.0208,0.0117,0.0031,0.0598,0,0.0457,0,0.0182,0.1401,0.0109,0.014,0.0061,0,0.0136,0.0103,0,0.1032,0.0195,0,0.0345,0.0285,0.0048,0,0.0229,0,0.0563,0.0042,0,0.1025,0,0,0,0,0.0344,0.0686,0.125,0.0111,23406,13581,0.8959,16,2334070000,2448293000,1,0.242,2
4228,"Clinical, Counseling and Applied Psychology.",134130,1,6,11.0,,2.0,,134130,University of Florida,,0.0303,0.0208,0.0117,0.0031,0.0598,0,0.0457,0,0.0182,0.1401,0.0109,0.014,0.0061,0,0.0136,0.0103,0,0.1032,0.0195,0,0.0345,0.0285,0.0048,0,0.0229,0,0.0563,0.0042,0,0.1025,0,0,0,0,0.0344,0.0686,0.125,0.0111,23406,13581,0.8959,16,2334070000,2448293000,1,0.242,2
4302,Fire Protection.,134130,3,3,14.0,30.0,1.0,,134130,University of Florida,,0.0303,0.0208,0.0117,0.0031,0.0598,0,0.0457,0,0.0182,0.1401,0.0109,0.014,0.0061,0,0.0136,0.0103,0,0.1032,0.0195,0,0.0345,0.0285,0.0048,0,0.0229,0,0.0563,0.0042,0,0.1025,0,0,0,0,0.0344,0.0686,0.125,0.0111,23406,13581,0.8959,16,2334070000,2448293000,1,0.242,2
4502,Anthropology.,134130,3,3,131.0,127.0,15.0,154.0,134130,University of Florida,,0.0303,0.0208,0.0117,0.0031,0.0598,0,0.0457,0,0.0182,0.1401,0.0109,0.014,0.0061,0,0.0136,0.0103,0,0.1032,0.0195,0,0.0345,0.0285,0.0048,0,0.0229,0,0.0563,0.0042,0,0.1025,0,0,0,0,0.0344,0.0686,0.125,0.0111,23406,13581,0.8959,16,2334070000,2448293000,1,0.242,2
4502,Anthropology.,134130,1,6,,19.0,0.0,,134130,University of Florida,,0.0303,0.0208,0.0117,0.0031,0.0598,0,0.0457,0,0.0182,0.1401,0.0109,0.014,0.0061,0,0.0136,0.0103,0,0.1032,0.0195,0,0.0345,0.0285,0.0048,0,0.0229,0,0.0563,0.0042,0,0.1025,0,0,0,0,0.0344,0.0686,0.125,0.0111,23406,13581,0.8959,16,2334070000,2448293000,1,0.242,2
4504,Criminology.,134130,3,3,160.0,180.0,10.0,161.0,134130,University of Florida,,0.0303,0.0208,0.0117,0.0031,0.0598,0,0.0457,0,0.0182,0.1401,0.0109,0.014,0.0061,0,0.0136,0.0103,0,0.1032,0.0195,0,0.0345,0.0285,0.0048,0,0.0229,0,0.0563,0.0042,0,0.1025,0,0,0,0,0.0344,0.0686,0.125,0.0111,23406,13581,0.8959,16,2334070000,2448293000,1,0.242,2
4506,Economics.,134130,1,3,112.0,189.0,15.0,159.0,134130,University of Florida,,0.0303,0.0208,0.0117,0.0031,0.0598,0,0.0457,0,0.0182,0.1401,0.0109,0.014,0.0061,0,0.0136,0.0103,0,0.1032,0.0195,0,0.0345,0.0285,0.0048,0,0.0229,0,0.0563,0.0042,0,0.1025,0,0,0,0,0.0344,0.0686,0.125,0.0111,23406,13581,0.8959,16,2334070000,2448293000,1,0.242,2
4507,Geography and Cartography.,134130,1,3,20.0,27.0,3.0,174.0,134130,University of Florida,,0.0303,0.0208,0.0117,0.0031,0.0598,0,0.0457,0,0.0182,0.1401,0.0109,0.014,0.0061,0,0.0136,0.0103,0,0.1032,0.0195,0,0.0345,0.0285,0.0048,0,0.0229,0,0.0563,0.0042,0,0.1025,0,0,0,0,0.0344,0.0686,0.125,0.0111,23406,13581,0.8959,16,2334070000,2448293000,1,0.242,2
4510,Political Science and Government.,134130,1,3,223.0,263.0,29.0,159.0,134130,University of Florida,,0.0303,0.0208,0.0117,0.0031,0.0598,0,0.0457,0,0.0182,0.1401,0.0109,0.014,0.0061,0,0.0136,0.0103,0,0.1032,0.0195,0,0.0345,0.0285,0.0048,0,0.0229,0,0.0563,0.0042,0,0.1025,0,0,0,0,0.0344,0.0686,0.125,0.0111,23406,13581,0.8959,16,2334070000,2448293000,1,0.242,2
4510,Political Science and Government.,134130,1,5,10.0,,1.0,,134130,University of Florida,,0.0303,0.0208,0.0117,0.0031,0.0598,0,0.0457,0,0.0182,0.1401,0.0109,0.014,0.0061,0,0.0136,0.0103,0,0.1032,0.0195,0,0.0345,0.0285,0.0048,0,0.0229,0,0.0563,0.0042,0,0.1025,0,0,0,0,0.0344,0.0686,0.125,0.0111,23406,13581,0.8959,16,2334070000,2448293000,1,0.242,2
4511,Sociology.,134130,3,3,170.0,174.0,14.0,159.0,134130,University of Florida,,0.0303,0.0208,0.0117,0.0031,0.0598,0,0.0457,0,0.0182,0.1401,0.0109,0.014,0.0061,0,0.0136,0.0103,0,0.1032,0.0195,0,0.0345,0.0285,0.0048,0,0.0229,0,0.0563,0.0042,0,0.1025,0,0,0,0,0.0344,0.0686,0.125,0.0111,23406,13581,0.8959,16,2334070000,2448293000,1,0.242,2
5001,"Visual and Performing Arts, General.",134130,3,3,37.0,45.0,5.0,198.0,134130,University of Florida,,0.0303,0.0208,0.0117,0.0031,0.0598,0,0.0457,0,0.0182,0.1401,0.0109,0.014,0.0061,0,0.0136,0.0103,0,0.1032,0.0195,0,0.0345,0.0285,0.0048,0,0.0229,0,0.0563,0.0042,0,0.1025,0,0,0,0,0.0344,0.0686,0.125,0.0111,23406,13581,0.8959,16,2334070000,2448293000,1,0.242,2
5003,Dance.,134130,1,3,18.0,30.0,4.0,169.0,134130,University of Florida,,0.0303,0.0208,0.0117,0.0031,0.0598,0,0.0457,0,0.0182,0.1401,0.0109,0.014,0.0061,0,0.0136,0.0103,0,0.1032,0.0195,0,0.0345,0.0285,0.0048,0,0.0229,0,0.0563,0.0042,0,0.1025,0,0,0,0,0.0344,0.0686,0.125,0.0111,23406,13581,0.8959,16,2334070000,2448293000,1,0.242,2
5004,Design and Applied Arts.,134130,1,3,29.0,58.0,1.0,210.0,134130,University of Florida,,0.0303,0.0208,0.0117,0.0031,0.0598,0,0.0457,0,0.0182,0.1401,0.0109,0.014,0.0061,0,0.0136,0.0103,0,0.1032,0.0195,0,0.0345,0.0285,0.0048,0,0.0229,0,0.0563,0.0042,0,0.1025,0,0,0,0,0.0344,0.0686,0.125,0.0111,23406,13581,0.8959,16,2334070000,2448293000,1,0.242,2
5005,Drama/Theatre Arts and Stagecraft.,134130,1,3,34.0,45.0,1.0,146.0,134130,University of Florida,,0.0303,0.0208,0.0117,0.0031,0.0598,0,0.0457,0,0.0182,0.1401,0.0109,0.014,0.0061,0,0.0136,0.0103,0,0.1032,0.0195,0,0.0345,0.0285,0.0048,0,0.0229,0,0.0563,0.0042,0,0.1025,0,0,0,0,0.0344,0.0686,0.125,0.0111,23406,13581,0.8959,16,2334070000,2448293000,1,0.242,2
5007,Fine and Studio Arts.,134130,1,3,50.0,78.0,9.0,170.0,134130,University of Florida,,0.0303,0.0208,0.0117,0.0031,0.0598,0,0.0457,0,0.0182,0.1401,0.0109,0.014,0.0061,0,0.0136,0.0103,0,0.1032,0.0195,0,0.0345,0.0285,0.0048,0,0.0229,0,0.0563,0.0042,0,0.1025,0,0,0,0,0.0344,0.0686,0.125,0.0111,23406,13581,0.8959,16,2334070000,2448293000,1,0.242,2
5009,Music.,134130,1,3,17.0,18.0,1.0,,134130,University of Florida,,0.0303,0.0208,0.0117,0.0031,0.0598,0,0.0457,0,0.0182,0.1401,0.0109,0.014,0.0061,0,0.0136,0.0103,0,0.1032,0.0195,0,0.0345,0.0285,0.0048,0,0.0229,0,0.0563,0.0042,0,0.1025,0,0,0,0,0.0344,0.0686,0.125,0.0111,23406,13581,0.8959,16,2334070000,2448293000,1,0.242,2
5009,Music.,134130,1,5,18.0,,1.0,,134130,University of Florida,,0.0303,0.0208,0.0117,0.0031,0.0598,0,0.0457,0,0.0182,0.1401,0.0109,0.014,0.0061,0,0.0136,0.0103,0,0.1032,0.0195,0,0.0345,0.0285,0.0048,0,0.0229,0,0.0563,0.0042,0,0.1025,0,0,0,0,0.0344,0.0686,0.125,0.0111,23406,13581,0.8959,16,2334070000,2448293000,1,0.242,2
5100,"Health Services/Allied Health/Health Sciences, General.",134130,1,3,107.0,71.0,6.0,159.0,134130,University of Florida,,0.0303,0.0208,0.0117,0.0031,0.0598,0,0.0457,0,0.0182,0.1401,0.0109,0.014,0.0061,0,0.0136,0.0103,0,0.1032,0.0195,0,0.0345,0.0285,0.0048,0,0.0229,0,0.0563,0.0042,0,0.1025,0,0,0,0,0.0344,0.0686,0.125,0.0111,23406,13581,0.8959,16,2334070000,2448293000,1,0.242,2
5102,Communication Disorders Sciences and Services.,134130,3,3,43.0,26.0,3.0,159.0,134130,University of Florida,,0.0303,0.0208,0.0117,0.0031,0.0598,0,0.0457,0,0.0182,0.1401,0.0109,0.014,0.0061,0,0.0136,0.0103,0,0.1032,0.0195,0,0.0345,0.0285,0.0048,0,0.0229,0,0.0563,0.0042,0,0.1025,0,0,0,0,0.0344,0.0686,0.125,0.0111,23406,13581,0.8959,16,2334070000,2448293000,1,0.242,2
5102,Communication Disorders Sciences and Services.,134130,1,5,43.0,43.0,1.0,466.0,134130,University of Florida,,0.0303,0.0208,0.0117,0.0031,0.0598,0,0.0457,0,0.0182,0.1401,0.0109,0.014,0.0061,0,0.0136,0.0103,0,0.1032,0.0195,0,0.0345,0.0285,0.0048,0,0.0229,0,0.0563,0.0042,0,0.1025,0,0,0,0,0.0344,0.0686,0.125,0.0111,23406,13581,0.8959,16,2334070000,2448293000,1,0.242,2
5102,Communication Disorders Sciences and Services.,134130,1,6,15.0,20.0,0.0,,134130,University of Florida,,0.0303,0.0208,0.0117,0.0031,0.0598,0,0.0457,0,0.0182,0.1401,0.0109,0.014,0.0061,0,0.0136,0.0103,0,0.1032,0.0195,0,0.0345,0.0285,0.0048,0,0.0229,0,0.0563,0.0042,0,0.1025,0,0,0,0,0.0344,0.0686,0.125,0.0111,23406,13581,0.8959,16,2334070000,2448293000,1,0.242,2
5104,Dentistry.,134130,1,7,171.0,135.0,5.0,2705.0,134130,University of Florida,,0.0303,0.0208,0.0117,0.0031,0.0598,0,0.0457,0,0.0182,0.1401,0.0109,0.014,0.0061,0,0.0136,0.0103,0,0.1032,0.0195,0,0.0345,0.0285,0.0048,0,0.0229,0,0.0563,0.0042,0,0.1025,0,0,0,0,0.0344,0.0686,0.125,0.0111,23406,13581,0.8959,16,2334070000,2448293000,1,0.242,2
5105,Advanced/Graduate Dentistry and Oral Sciences.,134130,1,5,12.0,21.0,2.0,,134130,University of Florida,,0.0303,0.0208,0.0117,0.0031,0.0598,0,0.0457,0,0.0182,0.1401,0.0109,0.014,0.0061,0,0.0136,0.0103,0,0.1032,0.0195,0,0.0345,0.0285,0.0048,0,0.0229,0,0.0563,0.0042,0,0.1025,0,0,0,0,0.0344,0.0686,0.125,0.0111,23406,13581,0.8959,16,2334070000,2448293000,1,0.242,2
5107,Health and Medical Administrative Services.,134130,1,5,26.0,29.0,1.0,620.0,134130,University of Florida,,0.0303,0.0208,0.0117,0.0031,0.0598,0,0.0457,0,0.0182,0.1401,0.0109,0.014,0.0061,0,0.0136,0.0103,0,0.1032,0.0195,0,0.0345,0.0285,0.0048,0,0.0229,0,0.0563,0.0042,0,0.1025,0,0,0,0,0.0344,0.0686,0.125,0.0111,23406,13581,0.8959,16,2334070000,2448293000,1,0.242,2
5109,"Allied Health Diagnostic, Intervention, and Treatment Professions.",134130,1,5,49.0,,0.0,,134130,University of Florida,,0.0303,0.0208,0.0117,0.0031,0.0598,0,0.0457,0,0.0182,0.1401,0.0109,0.014,0.0061,0,0.0136,0.0103,0,0.1032,0.0195,0,0.0345,0.0285,0.0048,0,0.0229,0,0.0563,0.0042,0,0.1025,0,0,0,0,0.0344,0.0686,0.125,0.0111,23406,13581,0.8959,16,2334070000,2448293000,1,0.242,2
5109,"Allied Health Diagnostic, Intervention, and Treatment Professions.",134130,1,7,63.0,102.0,1.0,1155.0,134130,University of Florida,,0.0303,0.0208,0.0117,0.0031,0.0598,0,0.0457,0,0.0182,0.1401,0.0109,0.014,0.0061,0,0.0136,0.0103,0,0.1032,0.0195,0,0.0345,0.0285,0.0048,0,0.0229,0,0.0563,0.0042,0,0.1025,0,0,0,0,0.0344,0.0686,0.125,0.0111,23406,13581,0.8959,16,2334070000,2448293000,1,0.242,2
5112,Medicine.,134130,1,7,202.0,238.0,4.0,2048.0,134130,University of Florida,,0.0303,0.0208,0.0117,0.0031,0.0598,0,0.0457,0,0.0182,0.1401,0.0109,0.014,0.0061,0,0.0136,0.0103,0,0.1032,0.0195,0,0.0345,0.0285,0.0048,0,0.0229,0,0.0563,0.0042,0,0.1025,0,0,0,0,0.0344,0.0686,0.125,0.0111,23406,13581,0.8959,16,2334070000,2448293000,1,0.242,2
5115,Mental and Social Health Services and Allied Professions.,134130,1,5,18.0,42.0,1.0,,134130,University of Florida,,0.0303,0.0208,0.0117,0.0031,0.0598,0,0.0457,0,0.0182,0.1401,0.0109,0.014,0.0061,0,0.0136,0.0103,0,0.1032,0.0195,0,0.0345,0.0285,0.0048,0,0.0229,0,0.0563,0.0042,0,0.1025,0,0,0,0,0.0344,0.0686,0.125,0.0111,23406,13581,0.8959,16,2334070000,2448293000,1,0.242,2
5120,"Pharmacy, Pharmaceutical Sciences, and Administration.",134130,3,5,97.0,204.0,7.0,340.0,134130,University of Florida,,0.0303,0.0208,0.0117,0.0031,0.0598,0,0.0457,0,0.0182,0.1401,0.0109,0.014,0.0061,0,0.0136,0.0103,0,0.1032,0.0195,0,0.0345,0.0285,0.0048,0,0.0229,0,0.0563,0.0042,0,0.1025,0,0,0,0,0.0344,0.0686,0.125,0.0111,23406,13581,0.8959,16,2334070000,2448293000,1,0.242,2
5120,"Pharmacy, Pharmaceutical Sciences, and Administration.",134130,3,7,511.0,502.0,19.0,1583.0,134130,University of Florida,,0.0303,0.0208,0.0117,0.0031,0.0598,0,0.0457,0,0.0182,0.1401,0.0109,0.014,0.0061,0,0.0136,0.0103,0,0.1032,0.0195,0,0.0345,0.0285,0.0048,0,0.0229,0,0.0563,0.0042,0,0.1025,0,0,0,0,0.0344,0.0686,0.125,0.0111,23406,13581,0.8959,16,2334070000,2448293000,1,0.242,2
5120,"Pharmacy, Pharmaceutical Sciences, and Administration.",134130,2,8,,,0.0,,134130,University of Florida,,0.0303,0.0208,0.0117,0.0031,0.0598,0,0.0457,0,0.0182,0.1401,0.0109,0.014,0.0061,0,0.0136,0.0103,0,0.1032,0.0195,0,0.0345,0.0285,0.0048,0,0.0229,0,0.0563,0.0042,0,0.1025,0,0,0,0,0.0344,0.0686,0.125,0.0111,23406,13581,0.8959,16,2334070000,2448293000,1,0.242,2
5122,Public Health.,134130,1,3,204.0,161.0,14.0,164.0,134130,University of Florida,,0.0303,0.0208,0.0117,0.0031,0.0598,0,0.0457,0,0.0182,0.1401,0.0109,0.014,0.0061,0,0.0136,0.0103,0,0.1032,0.0195,0,0.0345,0.0285,0.0048,0,0.0229,0,0.0563,0.0042,0,0.1025,0,0,0,0,0.0344,0.0686,0.125,0.0111,23406,13581,0.8959,16,2334070000,2448293000,1,0.242,2
5122,Public Health.,134130,3,5,100.0,117.0,13.0,533.0,134130,University of Florida,,0.0303,0.0208,0.0117,0.0031,0.0598,0,0.0457,0,0.0182,0.1401,0.0109,0.014,0.0061,0,0.0136,0.0103,0,0.1032,0.0195,0,0.0345,0.0285,0.0048,0,0.0229,0,0.0563,0.0042,0,0.1025,0,0,0,0,0.0344,0.0686,0.125,0.0111,23406,13581,0.8959,16,2334070000,2448293000,1,0.242,2
5123,Rehabilitation and Therapeutic Professions.,134130,1,5,54.0,66.0,1.0,456.0,134130,University of Florida,,0.0303,0.0208,0.0117,0.0031,0.0598,0,0.0457,0,0.0182,0.1401,0.0109,0.014,0.0061,0,0.0136,0.0103,0,0.1032,0.0195,0,0.0345,0.0285,0.0048,0,0.0229,0,0.0563,0.0042,0,0.1025,0,0,0,0,0.0344,0.0686,0.125,0.0111,23406,13581,0.8959,16,2334070000,2448293000,1,0.242,2
5123,Rehabilitation and Therapeutic Professions.,134130,1,6,51.0,,0.0,,134130,University of Florida,,0.0303,0.0208,0.0117,0.0031,0.0598,0,0.0457,0,0.0182,0.1401,0.0109,0.014,0.0061,0,0.0136,0.0103,0,0.1032,0.0195,0,0.0345,0.0285,0.0048,0,0.0229,0,0.0563,0.0042,0,0.1025,0,0,0,0,0.0344,0.0686,0.125,0.0111,23406,13581,0.8959,16,2334070000,2448293000,1,0.242,2
5123,Rehabilitation and Therapeutic Professions.,134130,1,7,50.0,119.0,1.0,1050.0,134130,University of Florida,,0.0303,0.0208,0.0117,0.0031,0.0598,0,0.0457,0,0.0182,0.1401,0.0109,0.014,0.0061,0,0.0136,0.0103,0,0.1032,0.0195,0,0.0345,0.0285,0.0048,0,0.0229,0,0.0563,0.0042,0,0.1025,0,0,0,0,0.0344,0.0686,0.125,0.0111,23406,13581,0.8959,16,2334070000,2448293000,1,0.242,2
5131,Dietetics and Clinical Nutrition Services.,134130,1,3,11.0,,1.0,,134130,University of Florida,,0.0303,0.0208,0.0117,0.0031,0.0598,0,0.0457,0,0.0182,0.1401,0.0109,0.014,0.0061,0,0.0136,0.0103,0,0.1032,0.0195,0,0.0345,0.0285,0.0048,0,0.0229,0,0.0563,0.0042,0,0.1025,0,0,0,0,0.0344,0.0686,0.125,0.0111,23406,13581,0.8959,16,2334070000,2448293000,1,0.242,2
5138,"Registered Nursing, Nursing Administration, Nursing Research and Clinical Nursing.",134130,3,3,247.0,373.0,1.0,175.0,134130,University of Florida,,0.0303,0.0208,0.0117,0.0031,0.0598,0,0.0457,0,0.0182,0.1401,0.0109,0.014,0.0061,0,0.0136,0.0103,0,0.1032,0.0195,0,0.0345,0.0285,0.0048,0,0.0229,0,0.0563,0.0042,0,0.1025,0,0,0,0,0.0344,0.0686,0.125,0.0111,23406,13581,0.8959,16,2334070000,2448293000,1,0.242,2
5138,"Registered Nursing, Nursing Administration, Nursing Research and Clinical Nursing.",134130,1,6,40.0,,0.0,,134130,University of Florida,,0.0303,0.0208,0.0117,0.0031,0.0598,0,0.0457,0,0.0182,0.1401,0.0109,0.014,0.0061,0,0.0136,0.0103,0,0.1032,0.0195,0,0.0345,0.0285,0.0048,0,0.0229,0,0.0563,0.0042,0,0.1025,0,0,0,0,0.0344,0.0686,0.125,0.0111,23406,13581,0.8959,16,2334070000,2448293000,1,0.242,2
5138,"Registered Nursing, Nursing Administration, Nursing Research and Clinical Nursing.",134130,3,7,40.0,115.0,1.0,492.0,134130,University of Florida,,0.0303,0.0208,0.0117,0.0031,0.0598,0,0.0457,0,0.0182,0.1401,0.0109,0.014,0.0061,0,0.0136,0.0103,0,0.1032,0.0195,0,0.0345,0.0285,0.0048,0,0.0229,0,0.0563,0.0042,0,0.1025,0,0,0,0,0.0344,0.0686,0.125,0.0111,23406,13581,0.8959,16,2334070000,2448293000,1,0.242,2
5202,"Business Administration, Management and Operations.",134130,3,3,251.0,425.0,34.0,159.0,134130,University of Florida,,0.0303,0.0208,0.0117,0.0031,0.0598,0,0.0457,0,0.0182,0.1401,0.0109,0.014,0.0061,0,0.0136,0.0103,0,0.1032,0.0195,0,0.0345,0.0285,0.0048,0,0.0229,0,0.0563,0.0042,0,0.1025,0,0,0,0,0.0344,0.0686,0.125,0.0111,23406,13581,0.8959,16,2334070000,2448293000,1,0.242,2
5202,"Business Administration, Management and Operations.",134130,3,5,545.0,784.0,13.0,437.0,134130,University of Florida,,0.0303,0.0208,0.0117,0.0031,0.0598,0,0.0457,0,0.0182,0.1401,0.0109,0.014,0.0061,0,0.0136,0.0103,0,0.1032,0.0195,0,0.0345,0.0285,0.0048,0,0.0229,0,0.0563,0.0042,0,0.1025,0,0,0,0,0.0344,0.0686,0.125,0.0111,23406,13581,0.8959,16,2334070000,2448293000,1,0.242,2
5202,"Business Administration, Management and Operations.",134130,1,6,,,0.0,,134130,University of Florida,,0.0303,0.0208,0.0117,0.0031,0.0598,0,0.0457,0,0.0182,0.1401,0.0109,0.014,0.0061,0,0.0136,0.0103,0,0.1032,0.0195,0,0.0345,0.0285,0.0048,0,0.0229,0,0.0563,0.0042,0,0.1025,0,0,0,0,0.0344,0.0686,0.125,0.0111,23406,13581,0.8959,16,2334070000,2448293000,1,0.242,2
5203,Accounting and Related Services.,134130,1,3,29.0,16.0,1.0,188.0,134130,University of Florida,,0.0303,0.0208,0.0117,0.0031,0.0598,0,0.0457,0,0.0182,0.1401,0.0109,0.014,0.0061,0,0.0136,0.0103,0,0.1032,0.0195,0,0.0345,0.0285,0.0048,0,0.0229,0,0.0563,0.0042,0,0.1025,0,0,0,0,0.0344,0.0686,0.125,0.0111,23406,13581,0.8959,16,2334070000,2448293000,1,0.242,2
5203,Accounting and Related Services.,134130,1,5,52.0,89.0,1.0,236.0,134130,University of Florida,,0.0303,0.0208,0.0117,0.0031,0.0598,0,0.0457,0,0.0182,0.1401,0.0109,0.014,0.0061,0,0.0136,0.0103,0,0.1032,0.0195,0,0.0345,0.0285,0.0048,0,0.0229,0,0.0563,0.0042,0,0.1025,0,0,0,0,0.0344,0.0686,0.125,0.0111,23406,13581,0.8959,16,2334070000,2448293000,1,0.242,2
5207,Entrepreneurial and Small Business Operations.,134130,1,5,12.0,,2.0,,134130,University of Florida,,0.0303,0.0208,0.0117,0.0031,0.0598,0,0.0457,0,0.0182,0.1401,0.0109,0.014,0.0061,0,0.0136,0.0103,0,0.1032,0.0195,0,0.0345,0.0285,0.0048,0,0.0229,0,0.0563,0.0042,0,0.1025,0,0,0,0,0.0344,0.0686,0.125,0.0111,23406,13581,0.8959,16,2334070000,2448293000,1,0.242,2
5208,Finance and Financial Management Services.,134130,1,3,123.0,192.0,7.0,177.0,134130,University of Florida,,0.0303,0.0208,0.0117,0.0031,0.0598,0,0.0457,0,0.0182,0.1401,0.0109,0.014,0.0061,0,0.0136,0.0103,0,0.1032,0.0195,0,0.0345,0.0285,0.0048,0,0.0229,0,0.0563,0.0042,0,0.1025,0,0,0,0,0.0344,0.0686,0.125,0.0111,23406,13581,0.8959,16,2334070000,2448293000,1,0.242,2
5208,Finance and Financial Management Services.,134130,1,5,12.0,25.0,0.0,,134130,University of Florida,,0.0303,0.0208,0.0117,0.0031,0.0598,0,0.0457,0,0.0182,0.1401,0.0109,0.014,0.0061,0,0.0136,0.0103,0,0.1032,0.0195,0,0.0345,0.0285,0.0048,0,0.0229,0,0.0563,0.0042,0,0.1025,0,0,0,0,0.0344,0.0686,0.125,0.0111,23406,13581,0.8959,16,2334070000,2448293000,1,0.242,2
5213,Management Sciences and Quantitative Methods.,134130,1,3,55.0,68.0,1.0,197.0,134130,University of Florida,,0.0303,0.0208,0.0117,0.0031,0.0598,0,0.0457,0,0.0182,0.1401,0.0109,0.014,0.0061,0,0.0136,0.0103,0,0.1032,0.0195,0,0.0345,0.0285,0.0048,0,0.0229,0,0.0563,0.0042,0,0.1025,0,0,0,0,0.0344,0.0686,0.125,0.0111,23406,13581,0.8959,16,2334070000,2448293000,1,0.242,2
5214,Marketing.,134130,1,3,120.0,165.0,4.0,162.0,134130,University of Florida,,0.0303,0.0208,0.0117,0.0031,0.0598,0,0.0457,0,0.0182,0.1401,0.0109,0.014,0.0061,0,0.0136,0.0103,0,0.1032,0.0195,0,0.0345,0.0285,0.0048,0,0.0229,0,0.0563,0.0042,0,0.1025,0,0,0,0,0.0344,0.0686,0.125,0.0111,23406,13581,0.8959,16,2334070000,2448293000,1,0.242,2
5215,Real Estate.,134130,1,5,12.0,22.0,1.0,,134130,University of Florida,,0.0303,0.0208,0.0117,0.0031,0.0598,0,0.0457,0,0.0182,0.1401,0.0109,0.014,0.0061,0,0.0136,0.0103,0,0.1032,0.0195,0,0.0345,0.0285,0.0048,0,0.0229,0,0.0563,0.0042,0,0.1025,0,0,0,0,0.0344,0.0686,0.125,0.0111,23406,13581,0.8959,16,2334070000,2448293000,1,0.242,2
5401,History.,134130,1,3,90.0,91.0,11.0,179.0,134130,University of Florida,,0.0303,0.0208,0.0117,0.0031,0.0598,0,0.0457,0,0.0182,0.1401,0.0109,0.014,0.0061,0,0.0136,0.0103,0,0.1032,0.0195,0,0.0345,0.0285,0.0048,0,0.0229,0,0.0563,0.0042,0,0.1025,0,0,0,0,0.0344,0.0686,0.125,0.0111,23406,13581,0.8959,16,2334070000,2448293000,1,0.242,2
1204,Cosmetology and Related Personal Grooming Services.,134228,1,1,47.0,79.0,21.0,84.0,134228,Fort Pierce Beauty Academy,2,0,0,0,0,0,0,0,1,0,0,0,0,0,0,0,0,0,0,0,0,0,0,0,0,0,0,0,0,0,0,0,0,0,0,0,0,0,0,5000,,,7,,,0,,1
5135,Somatic Bodywork and Related Therapeutic Services.,134228,0,1,,27.0,4.0,,134228,Fort Pierce Beauty Academy,2,0,0,0,0,0,0,0,1,0,0,0,0,0,0,0,0,0,0,0,0,0,0,0,0,0,0,0,0,0,0,0,0,0,0,0,0,0,0,5000,,,7,,,0,,1
0901,Communication and Media Studies.,134237,2,1,113.0,485.0,86.0,149.0,134237,Full Sail University,,0,0,0,0,0.032,0.1818,0.0636,0,0,0.0249,0.0744,0,0,0,0.0553,0,0,0,0,0,0.1156,0,0,0,0,0,0,0,0,0,0,0,0,0,0.4321,0,0.0202,0,4330,5970,0.9096,32,,,0,,1
0901,Communication and Media Studies.,134237,2,2,26.0,,2.0,246.0,134237,Full Sail University,,0,0,0,0,0.032,0.1818,0.0636,0,0,0.0249,0.0744,0,0,0,0.0553,0,0,0,0,0,0.1156,0,0,0,0,0,0,0,0,0,0,0,0,0,0.4321,0,0.0202,0,4330,5970,0.9096,32,,,0,,1
0901,Communication and Media Studies.,134237,2,3,162.0,154.0,21.0,361.0,134237,Full Sail University,,0,0,0,0,0.032,0.1818,0.0636,0,0,0.0249,0.0744,0,0,0,0.0553,0,0,0,0,0,0.1156,0,0,0,0,0,0,0,0,0,0,0,0,0,0.4321,0,0.0202,0,4330,5970,0.9096,32,,,0,,1
0904,Journalism.,134237,3,5,70.0,56.0,7.0,404.0,134237,Full Sail University,,0,0,0,0,0.032,0.1818,0.0636,0,0,0.0249,0.0744,0,0,0,0.0553,0,0,0,0,0,0.1156,0,0,0,0,0,0,0,0,0,0,0,0,0,0.4321,0,0.0202,0,4330,5970,0.9096,32,,,0,,1
0909,"Public Relations, Advertising, and Applied Communication.",134237,2,3,48.0,50.0,3.0,323.0,134237,Full Sail University,,0,0,0,0,0.032,0.1818,0.0636,0,0,0.0249,0.0744,0,0,0,0.0553,0,0,0,0,0,0.1156,0,0,0,0,0,0,0,0,0,0,0,0,0,0.4321,0,0.0202,0,4330,5970,0.9096,32,,,0,,1
0909,"Public Relations, Advertising, and Applied Communication.",134237,2,5,115.0,87.0,11.0,435.0,134237,Full Sail University,,0,0,0,0,0.032,0.1818,0.0636,0,0,0.0249,0.0744,0,0,0,0.0553,0,0,0,0,0,0.1156,0,0,0,0,0,0,0,0,0,0,0,0,0,0.4321,0,0.0202,0,4330,5970,0.9096,32,,,0,,1
1001,Communications Technologies/Technicians.,134237,2,2,34.0,38.0,8.0,207.0,134237,Full Sail University,,0,0,0,0,0.032,0.1818,0.0636,0,0,0.0249,0.0744,0,0,0,0.0553,0,0,0,0,0,0.1156,0,0,0,0,0,0,0,0,0,0,0,0,0,0.4321,0,0.0202,0,4330,5970,0.9096,32,,,0,,1
1001,Communications Technologies/Technicians.,134237,2,3,275.0,239.0,35.0,207.0,134237,Full Sail University,,0,0,0,0,0.032,0.1818,0.0636,0,0,0.0249,0.0744,0,0,0,0.0553,0,0,0,0,0,0.1156,0,0,0,0,0,0,0,0,0,0,0,0,0,0.4321,0,0.0202,0,4330,5970,0.9096,32,,,0,,1
1002,Audiovisual Communications Technologies/Technicians.,134237,2,1,384.0,312.0,89.0,136.0,134237,Full Sail University,,0,0,0,0,0.032,0.1818,0.0636,0,0,0.0249,0.0744,0,0,0,0.0553,0,0,0,0,0,0.1156,0,0,0,0,0,0,0,0,0,0,0,0,0,0.4321,0,0.0202,0,4330,5970,0.9096,32,,,0,,1
1002,Audiovisual Communications Technologies/Technicians.,134237,2,2,111.0,93.0,19.0,269.0,134237,Full Sail University,,0,0,0,0,0.032,0.1818,0.0636,0,0,0.0249,0.0744,0,0,0,0.0553,0,0,0,0,0,0.1156,0,0,0,0,0,0,0,0,0,0,0,0,0,0.4321,0,0.0202,0,4330,5970,0.9096,32,,,0,,1
1002,Audiovisual Communications Technologies/Technicians.,134237,2,3,412.0,374.0,63.0,413.0,134237,Full Sail University,,0,0,0,0,0.032,0.1818,0.0636,0,0,0.0249,0.0744,0,0,0,0.0553,0,0,0,0,0,0.1156,0,0,0,0,0,0,0,0,0,0,0,0,0,0.4321,0,0.0202,0,4330,5970,0.9096,32,,,0,,1
1003,Graphic Communications.,134237,0,3,48.0,,0.0,,134237,Full Sail University,,0,0,0,0,0.032,0.1818,0.0636,0,0,0.0249,0.0744,0,0,0,0.0553,0,0,0,0,0,0.1156,0,0,0,0,0,0,0,0,0,0,0,0,0,0.4321,0,0.0202,0,4330,5970,0.9096,32,,,0,,1
1101,"Computer and Information Sciences, General.",134237,1,3,19.0,34.0,0.0,241.0,134237,Full Sail University,,0,0,0,0,0.032,0.1818,0.0636,0,0,0.0249,0.0744,0,0,0,0.0553,0,0,0,0,0,0.1156,0,0,0,0,0,0,0,0,0,0,0,0,0,0.4321,0,0.0202,0,4330,5970,0.9096,32,,,0,,1
1102,Computer Programming.,134237,2,2,11.0,,2.0,343.0,134237,Full Sail University,,0,0,0,0,0.032,0.1818,0.0636,0,0,0.0249,0.0744,0,0,0,0.0553,0,0,0,0,0,0.1156,0,0,0,0,0,0,0,0,0,0,0,0,0,0.4321,0,0.0202,0,4330,5970,0.9096,32,,,0,,1
1102,Computer Programming.,134237,2,3,48.0,46.0,5.0,349.0,134237,Full Sail University,,0,0,0,0,0.032,0.1818,0.0636,0,0,0.0249,0.0744,0,0,0,0.0553,0,0,0,0,0,0.1156,0,0,0,0,0,0,0,0,0,0,0,0,0,0.4321,0,0.0202,0,4330,5970,0.9096,32,,,0,,1
1107,Computer Science.,134237,2,2,11.0,18.0,1.0,,134237,Full Sail University,,0,0,0,0,0.032,0.1818,0.0636,0,0,0.0249,0.0744,0,0,0,0.0553,0,0,0,0,0,0.1156,0,0,0,0,0,0,0,0,0,0,0,0,0,0.4321,0,0.0202,0,4330,5970,0.9096,32,,,0,,1
1107,Computer Science.,134237,2,3,77.0,75.0,7.0,207.0,134237,Full Sail University,,0,0,0,0,0.032,0.1818,0.0636,0,0,0.0249,0.0744,0,0,0,0.0553,0,0,0,0,0,0.1156,0,0,0,0,0,0,0,0,0,0,0,0,0,0.4321,0,0.0202,0,4330,5970,0.9096,32,,,0,,1
1108,Computer Software and Media Applications.,134237,0,3,13.0,,0.0,,134237,Full Sail University,,0,0,0,0,0.032,0.1818,0.0636,0,0,0.0249,0.0744,0,0,0,0.0553,0,0,0,0,0,0.1156,0,0,0,0,0,0,0,0,0,0,0,0,0,0.4321,0,0.0202,0,4330,5970,0.9096,32,,,0,,1
1110,Computer/Information Technology Administration and Management.,134237,2,3,27.0,28.0,5.0,414.0,134237,Full Sail University,,0,0,0,0,0.032,0.1818,0.0636,0,0,0.0249,0.0744,0,0,0,0.0553,0,0,0,0,0,0.1156,0,0,0,0,0,0,0,0,0,0,0,0,0,0.4321,0,0.0202,0,4330,5970,0.9096,32,,,0,,1
1305,Educational/Instructional Media Design.,134237,3,5,47.0,52.0,5.0,399.0,134237,Full Sail University,,0,0,0,0,0.032,0.1818,0.0636,0,0,0.0249,0.0744,0,0,0,0.0553,0,0,0,0,0,0.1156,0,0,0,0,0,0,0,0,0,0,0,0,0,0.4321,0,0.0202,0,4330,5970,0.9096,32,,,0,,1
1409,Computer Engineering.,134237,2,3,26.0,26.0,0.0,207.0,134237,Full Sail University,,0,0,0,0,0.032,0.1818,0.0636,0,0,0.0249,0.0744,0,0,0,0.0553,0,0,0,0,0,0.1156,0,0,0,0,0,0,0,0,0,0,0,0,0,0.4321,0,0.0202,0,4330,5970,0.9096,32,,,0,,1
1512,Computer Engineering Technologies/Technicians.,134237,2,3,31.0,27.0,0.0,233.0,134237,Full Sail University,,0,0,0,0,0.032,0.1818,0.0636,0,0,0.0249,0.0744,0,0,0,0.0553,0,0,0,0,0,0.1156,0,0,0,0,0,0,0,0,0,0,0,0,0,0.4321,0,0.0202,0,4330,5970,0.9096,32,,,0,,1
2313,Rhetoric and Composition/Writing Studies.,134237,2,2,58.0,44.0,11.0,255.0,134237,Full Sail University,,0,0,0,0,0.032,0.1818,0.0636,0,0,0.0249,0.0744,0,0,0,0.0553,0,0,0,0,0,0.1156,0,0,0,0,0,0,0,0,0,0,0,0,0,0.4321,0,0.0202,0,4330,5970,0.9096,32,,,0,,1
2313,Rhetoric and Composition/Writing Studies.,134237,2,3,345.0,246.0,55.0,366.0,134237,Full Sail University,,0,0,0,0,0.032,0.1818,0.0636,0,0,0.0249,0.0744,0,0,0,0.0553,0,0,0,0,0,0.1156,0,0,0,0,0,0,0,0,0,0,0,0,0,0.4321,0,0.0202,0,4330,5970,0.9096,32,,,0,,1
2313,Rhetoric and Composition/Writing Studies.,134237,2,5,234.0,162.0,47.0,399.0,134237,Full Sail University,,0,0,0,0,0.032,0.1818,0.0636,0,0,0.0249,0.0744,0,0,0,0.0553,0,0,0,0,0,0.1156,0,0,0,0,0,0,0,0,0,0,0,0,0,0.4321,0,0.0202,0,4330,5970,0.9096,32,,,0,,1
3031,Human Computer Interaction.,134237,2,2,79.0,104.0,10.0,264.0,134237,Full Sail University,,0,0,0,0,0.032,0.1818,0.0636,0,0,0.0249,0.0744,0,0,0,0.0553,0,0,0,0,0,0.1156,0,0,0,0,0,0,0,0,0,0,0,0,0,0.4321,0,0.0202,0,4330,5970,0.9096,32,,,0,,1
3031,Human Computer Interaction.,134237,2,3,623.0,492.0,77.0,342.0,134237,Full Sail University,,0,0,0,0,0.032,0.1818,0.0636,0,0,0.0249,0.0744,0,0,0,0.0553,0,0,0,0,0,0.1156,0,0,0,0,0,0,0,0,0,0,0,0,0,0.4321,0,0.0202,0,4330,5970,0.9096,32,,,0,,1
3031,Human Computer Interaction.,134237,2,5,81.0,91.0,11.0,619.0,134237,Full Sail University,,0,0,0,0,0.032,0.1818,0.0636,0,0,0.0249,0.0744,0,0,0,0.0553,0,0,0,0,0,0.1156,0,0,0,0,0,0,0,0,0,0,0,0,0,0.4321,0,0.0202,0,4330,5970,0.9096,32,,,0,,1
5001,"Visual and Performing Arts, General.",134237,2,2,85.0,83.0,22.0,270.0,134237,Full Sail University,,0,0,0,0,0.032,0.1818,0.0636,0,0,0.0249,0.0744,0,0,0,0.0553,0,0,0,0,0,0.1156,0,0,0,0,0,0,0,0,0,0,0,0,0,0.4321,0,0.0202,0,4330,5970,0.9096,32,,,0,,1
5001,"Visual and Performing Arts, General.",134237,2,3,386.0,328.0,60.0,281.0,134237,Full Sail University,,0,0,0,0,0.032,0.1818,0.0636,0,0,0.0249,0.0744,0,0,0,0.0553,0,0,0,0,0,0.1156,0,0,0,0,0,0,0,0,0,0,0,0,0,0.4321,0,0.0202,0,4330,5970,0.9096,32,,,0,,1
5004,Design and Applied Arts.,134237,2,2,99.0,103.0,16.0,259.0,134237,Full Sail University,,0,0,0,0,0.032,0.1818,0.0636,0,0,0.0249,0.0744,0,0,0,0.0553,0,0,0,0,0,0.1156,0,0,0,0,0,0,0,0,0,0,0,0,0,0.4321,0,0.0202,0,4330,5970,0.9096,32,,,0,,1
5004,Design and Applied Arts.,134237,2,3,428.0,306.0,56.0,390.0,134237,Full Sail University,,0,0,0,0,0.032,0.1818,0.0636,0,0,0.0249,0.0744,0,0,0,0.0553,0,0,0,0,0,0.1156,0,0,0,0,0,0,0,0,0,0,0,0,0,0.4321,0,0.0202,0,4330,5970,0.9096,32,,,0,,1
5004,Design and Applied Arts.,134237,2,5,162.0,127.0,24.0,456.0,134237,Full Sail University,,0,0,0,0,0.032,0.1818,0.0636,0,0,0.0249,0.0744,0,0,0,0.0553,0,0,0,0,0,0.1156,0,0,0,0,0,0,0,0,0,0,0,0,0,0.4321,0,0.0202,0,4330,5970,0.9096,32,,,0,,1
5005,Drama/Theatre Arts and Stagecraft.,134237,1,3,147.0,128.0,6.0,217.0,134237,Full Sail University,,0,0,0,0,0.032,0.1818,0.0636,0,0,0.0249,0.0744,0,0,0,0.0553,0,0,0,0,0,0.1156,0,0,0,0,0,0,0,0,0,0,0,0,0,0.4321,0,0.0202,0,4330,5970,0.9096,32,,,0,,1
5006,Film/Video and Photographic Arts.,134237,2,2,79.0,75.0,9.0,212.0,134237,Full Sail University,,0,0,0,0,0.032,0.1818,0.0636,0,0,0.0249,0.0744,0,0,0,0.0553,0,0,0,0,0,0.1156,0,0,0,0,0,0,0,0,0,0,0,0,0,0.4321,0,0.0202,0,4330,5970,0.9096,32,,,0,,1
5006,Film/Video and Photographic Arts.,134237,2,3,625.0,511.0,66.0,275.0,134237,Full Sail University,,0,0,0,0,0.032,0.1818,0.0636,0,0,0.0249,0.0744,0,0,0,0.0553,0,0,0,0,0,0.1156,0,0,0,0,0,0,0,0,0,0,0,0,0,0.4321,0,0.0202,0,4330,5970,0.9096,32,,,0,,1
5006,Film/Video and Photographic Arts.,134237,2,5,130.0,127.0,18.0,619.0,134237,Full Sail University,,0,0,0,0,0.032,0.1818,0.0636,0,0,0.0249,0.0744,0,0,0,0.0553,0,0,0,0,0,0.1156,0,0,0,0,0,0,0,0,0,0,0,0,0,0.4321,0,0.0202,0,4330,5970,0.9096,32,,,0,,1
5007,Fine and Studio Arts.,134237,2,2,46.0,41.0,11.0,281.0,134237,Full Sail University,,0,0,0,0,0.032,0.1818,0.0636,0,0,0.0249,0.0744,0,0,0,0.0553,0,0,0,0,0,0.1156,0,0,0,0,0,0,0,0,0,0,0,0,0,0.4321,0,0.0202,0,4330,5970,0.9096,32,,,0,,1
5007,Fine and Studio Arts.,134237,2,3,350.0,324.0,62.0,286.0,134237,Full Sail University,,0,0,0,0,0.032,0.1818,0.0636,0,0,0.0249,0.0744,0,0,0,0.0553,0,0,0,0,0,0.1156,0,0,0,0,0,0,0,0,0,0,0,0,0,0.4321,0,0.0202,0,4330,5970,0.9096,32,,,0,,1
5009,Music.,134237,2,2,78.0,88.0,10.0,239.0,134237,Full Sail University,,0,0,0,0,0.032,0.1818,0.0636,0,0,0.0249,0.0744,0,0,0,0.0553,0,0,0,0,0,0.1156,0,0,0,0,0,0,0,0,0,0,0,0,0,0.4321,0,0.0202,0,4330,5970,0.9096,32,,,0,,1
5009,Music.,134237,2,3,434.0,304.0,44.0,297.0,134237,Full Sail University,,0,0,0,0,0.032,0.1818,0.0636,0,0,0.0249,0.0744,0,0,0,0.0553,0,0,0,0,0,0.1156,0,0,0,0,0,0,0,0,0,0,0,0,0,0.4321,0,0.0202,0,4330,5970,0.9096,32,,,0,,1
5010,"Arts, Entertainment, and Media Management.",134237,2,2,46.0,37.0,3.0,240.0,134237,Full Sail University,,0,0,0,0,0.032,0.1818,0.0636,0,0,0.0249,0.0744,0,0,0,0.0553,0,0,0,0,0,0.1156,0,0,0,0,0,0,0,0,0,0,0,0,0,0.4321,0,0.0202,0,4330,5970,0.9096,32,,,0,,1
5010,"Arts, Entertainment, and Media Management.",134237,2,3,377.0,275.0,35.0,374.0,134237,Full Sail University,,0,0,0,0,0.032,0.1818,0.0636,0,0,0.0249,0.0744,0,0,0,0.0553,0,0,0,0,0,0.1156,0,0,0,0,0,0,0,0,0,0,0,0,0,0.4321,0,0.0202,0,4330,5970,0.9096,32,,,0,,1
5010,"Arts, Entertainment, and Media Management.",134237,2,5,313.0,283.0,43.0,433.0,134237,Full Sail University,,0,0,0,0,0.032,0.1818,0.0636,0,0,0.0249,0.0744,0,0,0,0.0553,0,0,0,0,0,0.1156,0,0,0,0,0,0,0,0,0,0,0,0,0,0.4321,0,0.0202,0,4330,5970,0.9096,32,,,0,,1
5207,Entrepreneurial and Small Business Operations.,134237,3,5,55.0,39.0,7.0,403.0,134237,Full Sail University,,0,0,0,0,0.032,0.1818,0.0636,0,0,0.0249,0.0744,0,0,0,0.0553,0,0,0,0,0,0.1156,0,0,0,0,0,0,0,0,0,0,0,0,0,0.4321,0,0.0202,0,4330,5970,0.9096,32,,,0,,1
5212,Management Information Systems and Services.,134237,3,5,51.0,38.0,1.0,406.0,134237,Full Sail University,,0,0,0,0,0.032,0.1818,0.0636,0,0,0.0249,0.0744,0,0,0,0.0553,0,0,0,0,0,0.1156,0,0,0,0,0,0,0,0,0,0,0,0,0,0.4321,0,0.0202,0,4330,5970,0.9096,32,,,0,,1
5214,Marketing.,134237,3,3,72.0,41.0,10.0,455.0,134237,Full Sail University,,0,0,0,0,0.032,0.1818,0.0636,0,0,0.0249,0.0744,0,0,0,0.0553,0,0,0,0,0,0.1156,0,0,0,0,0,0,0,0,0,0,0,0,0,0.4321,0,0.0202,0,4330,5970,0.9096,32,,,0,,1
5214,Marketing.,134237,3,5,139.0,130.0,31.0,406.0,134237,Full Sail University,,0,0,0,0,0.032,0.1818,0.0636,0,0,0.0249,0.0744,0,0,0,0.0553,0,0,0,0,0,0.1156,0,0,0,0,0,0,0,0,0,0,0,0,0,0.4321,0,0.0202,0,4330,5970,0.9096,32,,,0,,1
4301,Criminal Justice and Corrections.,134291,1,1,,31.0,0.0,,134291,George Stone Technical College,27,0,0,0,0,0,0,0.1163,0.0897,0,0,0.01,0,0,0,0,0,0,0,0,0,0,0,0,0,0,0,0,0.3189,0,0,0.0997,0.186,0.103,0,0,0.0698,0.0066,0,10059,,,21,,,1,,1
4706,Vehicle Maintenance and Repair Technologies/Technicians.,134291,1,1,,45.0,8.0,,134291,George Stone Technical College,27,0,0,0,0,0,0,0.1163,0.0897,0,0,0.01,0,0,0,0,0,0,0,0,0,0,0,0,0,0,0,0,0.3189,0,0,0.0997,0.186,0.103,0,0,0.0698,0.0066,0,10059,,,21,,,1,,1
4805,Precision Metal Working.,134291,1,1,,,1.0,,134291,George Stone Technical College,27,0,0,0,0,0,0,0.1163,0.0897,0,0,0.01,0,0,0,0,0,0,0,0,0,0,0,0,0,0,0,0,0.3189,0,0,0.0997,0.186,0.103,0,0,0.0698,0.0066,0,10059,,,21,,,1,,1
2401,"Liberal Arts and Sciences, General Studies and Humanities.",134343,2,2,104.0,101.0,19.0,64.0,134343,Gulf Coast State College,,0,0,0.002,0,0.0109,0.004,0.0227,0.0257,0.003,0,0.0296,0,0.0059,0,0,0.3804,0,0,0,0,0,0,0,0,0,0,0,0.083,0,0,0,0,0.0069,0,0.003,0.3844,0.0385,0,8060,6004,0.6015,22,35494030,36823143,1,,1
4301,Criminal Justice and Corrections.,134343,1,1,16.0,38.0,2.0,,134343,Gulf Coast State College,,0,0,0.002,0,0.0109,0.004,0.0227,0.0257,0.003,0,0.0296,0,0.0059,0,0,0.3804,0,0,0,0,0,0,0,0,0,0,0,0.083,0,0,0,0,0.0069,0,0.003,0.3844,0.0385,0,8060,6004,0.6015,22,35494030,36823143,1,,1
5109,"Allied Health Diagnostic, Intervention, and Treatment Professions.",134343,1,1,,25.0,0.0,,134343,Gulf Coast State College,,0,0,0.002,0,0.0109,0.004,0.0227,0.0257,0.003,0,0.0296,0,0.0059,0,0,0.3804,0,0,0,0,0,0,0,0,0,0,0,0.083,0,0,0,0,0.0069,0,0.003,0.3844,0.0385,0,8060,6004,0.6015,22,35494030,36823143,1,,1
5109,"Allied Health Diagnostic, Intervention, and Treatment Professions.",134343,1,2,18.0,60.0,0.0,111.0,134343,Gulf Coast State College,,0,0,0.002,0,0.0109,0.004,0.0227,0.0257,0.003,0,0.0296,0,0.0059,0,0,0.3804,0,0,0,0,0,0,0,0,0,0,0,0.083,0,0,0,0,0.0069,0,0.003,0.3844,0.0385,0,8060,6004,0.6015,22,35494030,36823143,1,,1
5138,"Registered Nursing, Nursing Administration, Nursing Research and Clinical Nursing.",134343,1,2,58.0,75.0,2.0,87.0,134343,Gulf Coast State College,,0,0,0.002,0,0.0109,0.004,0.0227,0.0257,0.003,0,0.0296,0,0.0059,0,0,0.3804,0,0,0,0,0,0,0,0,0,0,0,0.083,0,0,0,0,0.0069,0,0.003,0.3844,0.0385,0,8060,6004,0.6015,22,35494030,36823143,1,,1
5138,"Registered Nursing, Nursing Administration, Nursing Research and Clinical Nursing.",134343,1,3,,18.0,2.0,,134343,Gulf Coast State College,,0,0,0.002,0,0.0109,0.004,0.0227,0.0257,0.003,0,0.0296,0,0.0059,0,0,0.3804,0,0,0,0,0,0,0,0,0,0,0,0.083,0,0,0,0,0.0069,0,0.003,0.3844,0.0385,0,8060,6004,0.6015,22,35494030,36823143,1,,1
0183,Veterinary/Animal Health Technologies/Technicians.,134495,1,2,,22.0,0.0,,134495,Hillsborough Community College,,0.0037,0.0011,0.0012,0,0.0055,0.0038,0.0401,0.0065,0.0041,0,0.0161,0,0.0043,0.0078,0,0.3722,0,0,0,0,0.0008,0,0,0,0,0.0024,0,0.0489,0,0,0.0097,0.0093,0.0094,0,0.0024,0.3734,0.0772,0,4103,7844,0.3697,23,6635664,7338785,1,,1
0907,"Radio, Television, and Digital Communication.",134495,1,2,,,0.0,,134495,Hillsborough Community College,,0.0037,0.0011,0.0012,0,0.0055,0.0038,0.0401,0.0065,0.0041,0,0.0161,0,0.0043,0.0078,0,0.3722,0,0,0,0,0.0008,0,0,0,0,0.0024,0,0.0489,0,0,0.0097,0.0093,0.0094,0,0.0024,0.3734,0.0772,0,4103,7844,0.3697,23,6635664,7338785,1,,1
1101,"Computer and Information Sciences, General.",134495,1,2,,,1.0,,134495,Hillsborough Community College,,0.0037,0.0011,0.0012,0,0.0055,0.0038,0.0401,0.0065,0.0041,0,0.0161,0,0.0043,0.0078,0,0.3722,0,0,0,0,0.0008,0,0,0,0,0.0024,0,0.0489,0,0,0.0097,0.0093,0.0094,0,0.0024,0.3734,0.0772,0,4103,7844,0.3697,23,6635664,7338785,1,,1
1102,Computer Programming.,134495,1,1,10.0,,2.0,,134495,Hillsborough Community College,,0.0037,0.0011,0.0012,0,0.0055,0.0038,0.0401,0.0065,0.0041,0,0.0161,0,0.0043,0.0078,0,0.3722,0,0,0,0,0.0008,0,0,0,0,0.0024,0,0.0489,0,0,0.0097,0.0093,0.0094,0,0.0024,0.3734,0.0772,0,4103,7844,0.3697,23,6635664,7338785,1,,1
1102,Computer Programming.,134495,1,2,10.0,18.0,2.0,,134495,Hillsborough Community College,,0.0037,0.0011,0.0012,0,0.0055,0.0038,0.0401,0.0065,0.0041,0,0.0161,0,0.0043,0.0078,0,0.3722,0,0,0,0,0.0008,0,0,0,0,0.0024,0,0.0489,0,0,0.0097,0.0093,0.0094,0,0.0024,0.3734,0.0772,0,4103,7844,0.3697,23,6635664,7338785,1,,1
1110,Computer/Information Technology Administration and Management.,134495,1,1,11.0,,1.0,,134495,Hillsborough Community College,,0.0037,0.0011,0.0012,0,0.0055,0.0038,0.0401,0.0065,0.0041,0,0.0161,0,0.0043,0.0078,0,0.3722,0,0,0,0,0.0008,0,0,0,0,0.0024,0,0.0489,0,0,0.0097,0.0093,0.0094,0,0.0024,0.3734,0.0772,0,4103,7844,0.3697,23,6635664,7338785,1,,1
1110,Computer/Information Technology Administration and Management.,134495,1,2,15.0,20.0,2.0,163.0,134495,Hillsborough Community College,,0.0037,0.0011,0.0012,0,0.0055,0.0038,0.0401,0.0065,0.0041,0,0.0161,0,0.0043,0.0078,0,0.3722,0,0,0,0,0.0008,0,0,0,0,0.0024,0,0.0489,0,0,0.0097,0.0093,0.0094,0,0.0024,0.3734,0.0772,0,4103,7844,0.3697,23,6635664,7338785,1,,1
1205,Culinary Arts and Related Services.,134495,1,1,,,2.0,,134495,Hillsborough Community College,,0.0037,0.0011,0.0012,0,0.0055,0.0038,0.0401,0.0065,0.0041,0,0.0161,0,0.0043,0.0078,0,0.3722,0,0,0,0,0.0008,0,0,0,0,0.0024,0,0.0489,0,0,0.0097,0.0093,0.0094,0,0.0024,0.3734,0.0772,0,4103,7844,0.3697,23,6635664,7338785,1,,1
1205,Culinary Arts and Related Services.,134495,1,2,,16.0,1.0,,134495,Hillsborough Community College,,0.0037,0.0011,0.0012,0,0.0055,0.0038,0.0401,0.0065,0.0041,0,0.0161,0,0.0043,0.0078,0,0.3722,0,0,0,0,0.0008,0,0,0,0,0.0024,0,0.0489,0,0,0.0097,0.0093,0.0094,0,0.0024,0.3734,0.0772,0,4103,7844,0.3697,23,6635664,7338785,1,,1
1513,Drafting/Design Engineering Technologies/Technicians.,134495,1,1,,,1.0,101.0,134495,Hillsborough Community College,,0.0037,0.0011,0.0012,0,0.0055,0.0038,0.0401,0.0065,0.0041,0,0.0161,0,0.0043,0.0078,0,0.3722,0,0,0,0,0.0008,0,0,0,0,0.0024,0,0.0489,0,0,0.0097,0.0093,0.0094,0,0.0024,0.3734,0.0772,0,4103,7844,0.3697,23,6635664,7338785,1,,1
1907,"Human Development, Family Studies, and Related Services.",134495,1,2,10.0,,3.0,,134495,Hillsborough Community College,,0.0037,0.0011,0.0012,0,0.0055,0.0038,0.0401,0.0065,0.0041,0,0.0161,0,0.0043,0.0078,0,0.3722,0,0,0,0,0.0008,0,0,0,0,0.0024,0,0.0489,0,0,0.0097,0.0093,0.0094,0,0.0024,0.3734,0.0772,0,4103,7844,0.3697,23,6635664,7338785,1,,1
2203,Legal Support Services.,134495,3,1,,18.0,0.0,,134495,Hillsborough Community College,,0.0037,0.0011,0.0012,0,0.0055,0.0038,0.0401,0.0065,0.0041,0,0.0161,0,0.0043,0.0078,0,0.3722,0,0,0,0,0.0008,0,0,0,0,0.0024,0,0.0489,0,0,0.0097,0.0093,0.0094,0,0.0024,0.3734,0.0772,0,4103,7844,0.3697,23,6635664,7338785,1,,1
2203,Legal Support Services.,134495,3,2,18.0,27.0,1.0,200.0,134495,Hillsborough Community College,,0.0037,0.0011,0.0012,0,0.0055,0.0038,0.0401,0.0065,0.0041,0,0.0161,0,0.0043,0.0078,0,0.3722,0,0,0,0,0.0008,0,0,0,0,0.0024,0,0.0489,0,0,0.0097,0.0093,0.0094,0,0.0024,0.3734,0.0772,0,4103,7844,0.3697,23,6635664,7338785,1,,1
2401,"Liberal Arts and Sciences, General Studies and Humanities.",134495,2,2,1313.0,1073.0,99.0,101.0,134495,Hillsborough Community College,,0.0037,0.0011,0.0012,0,0.0055,0.0038,0.0401,0.0065,0.0041,0,0.0161,0,0.0043,0.0078,0,0.3722,0,0,0,0,0.0008,0,0,0,0,0.0024,0,0.0489,0,0,0.0097,0.0093,0.0094,0,0.0024,0.3734,0.0772,0,4103,7844,0.3697,23,6635664,7338785,1,,1
4301,Criminal Justice and Corrections.,134495,1,1,34.0,225.0,3.0,86.0,134495,Hillsborough Community College,,0.0037,0.0011,0.0012,0,0.0055,0.0038,0.0401,0.0065,0.0041,0,0.0161,0,0.0043,0.0078,0,0.3722,0,0,0,0,0.0008,0,0,0,0,0.0024,0,0.0489,0,0,0.0097,0.0093,0.0094,0,0.0024,0.3734,0.0772,0,4103,7844,0.3697,23,6635664,7338785,1,,1
4301,Criminal Justice and Corrections.,134495,3,2,64.0,84.0,7.0,133.0,134495,Hillsborough Community College,,0.0037,0.0011,0.0012,0,0.0055,0.0038,0.0401,0.0065,0.0041,0,0.0161,0,0.0043,0.0078,0,0.3722,0,0,0,0,0.0008,0,0,0,0,0.0024,0,0.0489,0,0,0.0097,0.0093,0.0094,0,0.0024,0.3734,0.0772,0,4103,7844,0.3697,23,6635664,7338785,1,,1
4302,Fire Protection.,134495,1,1,,28.0,1.0,,134495,Hillsborough Community College,,0.0037,0.0011,0.0012,0,0.0055,0.0038,0.0401,0.0065,0.0041,0,0.0161,0,0.0043,0.0078,0,0.3722,0,0,0,0,0.0008,0,0,0,0,0.0024,0,0.0489,0,0,0.0097,0.0093,0.0094,0,0.0024,0.3734,0.0772,0,4103,7844,0.3697,23,6635664,7338785,1,,1
4603,Electrical and Power Transmission Installers.,134495,1,1,,24.0,0.0,,134495,Hillsborough Community College,,0.0037,0.0011,0.0012,0,0.0055,0.0038,0.0401,0.0065,0.0041,0,0.0161,0,0.0043,0.0078,0,0.3722,0,0,0,0,0.0008,0,0,0,0,0.0024,0,0.0489,0,0,0.0097,0.0093,0.0094,0,0.0024,0.3734,0.0772,0,4103,7844,0.3697,23,6635664,7338785,1,,1
4706,Vehicle Maintenance and Repair Technologies/Technicians.,134495,1,1,22.0,64.0,4.0,77.0,134495,Hillsborough Community College,,0.0037,0.0011,0.0012,0,0.0055,0.0038,0.0401,0.0065,0.0041,0,0.0161,0,0.0043,0.0078,0,0.3722,0,0,0,0,0.0008,0,0,0,0,0.0024,0,0.0489,0,0,0.0097,0.0093,0.0094,0,0.0024,0.3734,0.0772,0,4103,7844,0.3697,23,6635664,7338785,1,,1
4805,Precision Metal Working.,134495,1,1,26.0,23.0,1.0,,134495,Hillsborough Community College,,0.0037,0.0011,0.0012,0,0.0055,0.0038,0.0401,0.0065,0.0041,0,0.0161,0,0.0043,0.0078,0,0.3722,0,0,0,0,0.0008,0,0,0,0,0.0024,0,0.0489,0,0,0.0097,0.0093,0.0094,0,0.0024,0.3734,0.0772,0,4103,7844,0.3697,23,6635664,7338785,1,,1
5106,Dental Support Services and Allied Professions.,134495,1,2,16.0,17.0,0.0,,134495,Hillsborough Community College,,0.0037,0.0011,0.0012,0,0.0055,0.0038,0.0401,0.0065,0.0041,0,0.0161,0,0.0043,0.0078,0,0.3722,0,0,0,0,0.0008,0,0,0,0,0.0024,0,0.0489,0,0,0.0097,0.0093,0.0094,0,0.0024,0.3734,0.0772,0,4103,7844,0.3697,23,6635664,7338785,1,,1
5109,"Allied Health Diagnostic, Intervention, and Treatment Professions.",134495,1,1,41.0,204.0,8.0,58.0,134495,Hillsborough Community College,,0.0037,0.0011,0.0012,0,0.0055,0.0038,0.0401,0.0065,0.0041,0,0.0161,0,0.0043,0.0078,0,0.3722,0,0,0,0,0.0008,0,0,0,0,0.0024,0,0.0489,0,0,0.0097,0.0093,0.0094,0,0.0024,0.3734,0.0772,0,4103,7844,0.3697,23,6635664,7338785,1,,1
5109,"Allied Health Diagnostic, Intervention, and Treatment Professions.",134495,1,2,71.0,109.0,0.0,159.0,134495,Hillsborough Community College,,0.0037,0.0011,0.0012,0,0.0055,0.0038,0.0401,0.0065,0.0041,0,0.0161,0,0.0043,0.0078,0,0.3722,0,0,0,0,0.0008,0,0,0,0,0.0024,0,0.0489,0,0,0.0097,0.0093,0.0094,0,0.0024,0.3734,0.0772,0,4103,7844,0.3697,23,6635664,7338785,1,,1
5110,Clinical/Medical Laboratory Science/Research and Allied Professions.,134495,1,1,24.0,24.0,0.0,101.0,134495,Hillsborough Community College,,0.0037,0.0011,0.0012,0,0.0055,0.0038,0.0401,0.0065,0.0041,0,0.0161,0,0.0043,0.0078,0,0.3722,0,0,0,0,0.0008,0,0,0,0,0.0024,0,0.0489,0,0,0.0097,0.0093,0.0094,0,0.0024,0.3734,0.0772,0,4103,7844,0.3697,23,6635664,7338785,1,,1
5115,Mental and Social Health Services and Allied Professions.,134495,1,2,23.0,21.0,1.0,263.0,134495,Hillsborough Community College,,0.0037,0.0011,0.0012,0,0.0055,0.0038,0.0401,0.0065,0.0041,0,0.0161,0,0.0043,0.0078,0,0.3722,0,0,0,0,0.0008,0,0,0,0,0.0024,0,0.0489,0,0,0.0097,0.0093,0.0094,0,0.0024,0.3734,0.0772,0,4103,7844,0.3697,23,6635664,7338785,1,,1
5118,Ophthalmic and Optometric Support Services and Allied Professions.,134495,1,2,24.0,66.0,1.0,127.0,134495,Hillsborough Community College,,0.0037,0.0011,0.0012,0,0.0055,0.0038,0.0401,0.0065,0.0041,0,0.0161,0,0.0043,0.0078,0,0.3722,0,0,0,0,0.0008,0,0,0,0,0.0024,0,0.0489,0,0,0.0097,0.0093,0.0094,0,0.0024,0.3734,0.0772,0,4103,7844,0.3697,23,6635664,7338785,1,,1
5138,"Registered Nursing, Nursing Administration, Nursing Research and Clinical Nursing.",134495,1,2,191.0,130.0,3.0,135.0,134495,Hillsborough Community College,,0.0037,0.0011,0.0012,0,0.0055,0.0038,0.0401,0.0065,0.0041,0,0.0161,0,0.0043,0.0078,0,0.3722,0,0,0,0,0.0008,0,0,0,0,0.0024,0,0.0489,0,0,0.0097,0.0093,0.0094,0,0.0024,0.3734,0.0772,0,4103,7844,0.3697,23,6635664,7338785,1,,1
5139,"Practical Nursing, Vocational Nursing and Nursing Assistants.",134495,0,99,,,,,134495,Hillsborough Community College,,0.0037,0.0011,0.0012,0,0.0055,0.0038,0.0401,0.0065,0.0041,0,0.0161,0,0.0043,0.0078,0,0.3722,0,0,0,0,0.0008,0,0,0,0,0.0024,0,0.0489,0,0,0.0097,0.0093,0.0094,0,0.0024,0.3734,0.0772,0,4103,7844,0.3697,23,6635664,7338785,1,,1
5202,"Business Administration, Management and Operations.",134495,2,1,47.0,51.0,6.0,124.0,134495,Hillsborough Community College,,0.0037,0.0011,0.0012,0,0.0055,0.0038,0.0401,0.0065,0.0041,0,0.0161,0,0.0043,0.0078,0,0.3722,0,0,0,0,0.0008,0,0,0,0,0.0024,0,0.0489,0,0,0.0097,0.0093,0.0094,0,0.0024,0.3734,0.0772,0,4103,7844,0.3697,23,6635664,7338785,1,,1
5202,"Business Administration, Management and Operations.",134495,1,2,33.0,40.0,8.0,128.0,134495,Hillsborough Community College,,0.0037,0.0011,0.0012,0,0.0055,0.0038,0.0401,0.0065,0.0041,0,0.0161,0,0.0043,0.0078,0,0.3722,0,0,0,0,0.0008,0,0,0,0,0.0024,0,0.0489,0,0,0.0097,0.0093,0.0094,0,0.0024,0.3734,0.0772,0,4103,7844,0.3697,23,6635664,7338785,1,,1
5203,Accounting and Related Services.,134495,2,1,30.0,26.0,0.0,150.0,134495,Hillsborough Community College,,0.0037,0.0011,0.0012,0,0.0055,0.0038,0.0401,0.0065,0.0041,0,0.0161,0,0.0043,0.0078,0,0.3722,0,0,0,0,0.0008,0,0,0,0,0.0024,0,0.0489,0,0,0.0097,0.0093,0.0094,0,0.0024,0.3734,0.0772,0,4103,7844,0.3697,23,6635664,7338785,1,,1
5207,Entrepreneurial and Small Business Operations.,134495,1,1,20.0,28.0,2.0,187.0,134495,Hillsborough Community College,,0.0037,0.0011,0.0012,0,0.0055,0.0038,0.0401,0.0065,0.0041,0,0.0161,0,0.0043,0.0078,0,0.3722,0,0,0,0,0.0008,0,0,0,0,0.0024,0,0.0489,0,0,0.0097,0.0093,0.0094,0,0.0024,0.3734,0.0772,0,4103,7844,0.3697,23,6635664,7338785,1,,1
5209,Hospitality Administration/Management.,134495,1,2,14.0,,0.0,,134495,Hillsborough Community College,,0.0037,0.0011,0.0012,0,0.0055,0.0038,0.0401,0.0065,0.0041,0,0.0161,0,0.0043,0.0078,0,0.3722,0,0,0,0,0.0008,0,0,0,0,0.0024,0,0.0489,0,0,0.0097,0.0093,0.0094,0,0.0024,0.3734,0.0772,0,4103,7844,0.3697,23,6635664,7338785,1,,1
1204,Cosmetology and Related Personal Grooming Services.,134529,1,1,782.0,635.0,126.0,67.0,134529,Hollywood Institute of Beauty Careers,9,0,0,0,0,0,0,0,0.8946,0,0,0,0,0,0,0,0,0,0,0,0,0,0,0,0,0,0,0,0,0,0,0,0,0,0,0,0.1054,0,0,3034,,,25,,,0,,1
5135,Somatic Bodywork and Related Therapeutic Services.,134529,1,1,,79.0,8.0,67.0,134529,Hollywood Institute of Beauty Careers,9,0,0,0,0,0,0,0,0.8946,0,0,0,0,0,0,0,0,0,0,0,0,0,0,0,0,0,0,0,0,0,0,0,0,0,0,0,0.1054,0,0,3034,,,25,,,0,,1
5135,Somatic Bodywork and Related Therapeutic Services.,134574,1,1,317.0,282.0,25.0,81.0,134574,Cortiva Institute,4,0,0,0,0,0,0,0,0.6341,0,0,0,0,0,0,0,0,0,0,0,0,0,0,0,0,0,0,0,0,0,0,0,0,0,0,0,0.3659,0,0,4201,,,20,,,0,,1
1003,Graphic Communications.,134608,1,3,14.0,34.0,5.0,,134608,Indian River State College,,0.0033,0,0,0,0,0.0119,0.0652,0.0623,0.0171,0,0.0431,0,0.0019,0.0038,0,0.4018,0,0.0128,0,0,0,0,0,0,0,0,0,0.0868,0.0247,0,0.0012,0.0002,0.0026,0,0.0038,0.1594,0.098,0,5803,7862,0.3961,27,30060727,30669599,1,,1
1101,"Computer and Information Sciences, General.",134608,2,1,,,,,134608,Indian River State College,,0.0033,0,0,0,0,0.0119,0.0652,0.0623,0.0171,0,0.0431,0,0.0019,0.0038,0,0.4018,0,0.0128,0,0,0,0,0,0,0,0,0,0.0868,0.0247,0,0.0012,0.0002,0.0026,0,0.0038,0.1594,0.098,0,5803,7862,0.3961,27,30060727,30669599,1,,1
1101,"Computer and Information Sciences, General.",134608,3,2,,,0.0,,134608,Indian River State College,,0.0033,0,0,0,0,0.0119,0.0652,0.0623,0.0171,0,0.0431,0,0.0019,0.0038,0,0.4018,0,0.0128,0,0,0,0,0,0,0,0,0,0.0868,0.0247,0,0.0012,0.0002,0.0026,0,0.0038,0.1594,0.098,0,5803,7862,0.3961,27,30060727,30669599,1,,1
1101,"Computer and Information Sciences, General.",134608,3,3,18.0,41.0,5.0,74.0,134608,Indian River State College,,0.0033,0,0,0,0,0.0119,0.0652,0.0623,0.0171,0,0.0431,0,0.0019,0.0038,0,0.4018,0,0.0128,0,0,0,0,0,0,0,0,0,0.0868,0.0247,0,0.0012,0.0002,0.0026,0,0.0038,0.1594,0.098,0,5803,7862,0.3961,27,30060727,30669599,1,,1
1105,Computer Systems Analysis.,134608,3,1,,,0.0,,134608,Indian River State College,,0.0033,0,0,0,0,0.0119,0.0652,0.0623,0.0171,0,0.0431,0,0.0019,0.0038,0,0.4018,0,0.0128,0,0,0,0,0,0,0,0,0,0.0868,0.0247,0,0.0012,0.0002,0.0026,0,0.0038,0.1594,0.098,0,5803,7862,0.3961,27,30060727,30669599,1,,1
1108,Computer Software and Media Applications.,134608,1,2,,,2.0,,134608,Indian River State College,,0.0033,0,0,0,0,0.0119,0.0652,0.0623,0.0171,0,0.0431,0,0.0019,0.0038,0,0.4018,0,0.0128,0,0,0,0,0,0,0,0,0,0.0868,0.0247,0,0.0012,0.0002,0.0026,0,0.0038,0.1594,0.098,0,5803,7862,0.3961,27,30060727,30669599,1,,1
1204,Cosmetology and Related Personal Grooming Services.,134608,1,1,13.0,70.0,14.0,,134608,Indian River State College,,0.0033,0,0,0,0,0.0119,0.0652,0.0623,0.0171,0,0.0431,0,0.0019,0.0038,0,0.4018,0,0.0128,0,0,0,0,0,0,0,0,0,0.0868,0.0247,0,0.0012,0.0002,0.0026,0,0.0038,0.1594,0.098,0,5803,7862,0.3961,27,30060727,30669599,1,,1
1312,"Teacher Education and Professional Development, Specific Levels and Methods.",134608,3,3,,34.0,0.0,,134608,Indian River State College,,0.0033,0,0,0,0,0.0119,0.0652,0.0623,0.0171,0,0.0431,0,0.0019,0.0038,0,0.4018,0,0.0128,0,0,0,0,0,0,0,0,0,0.0868,0.0247,0,0.0012,0.0002,0.0026,0,0.0038,0.1594,0.098,0,5803,7862,0.3961,27,30060727,30669599,1,,1
1313,"Teacher Education and Professional Development, Specific Subject Areas.",134608,2,3,,,0.0,,134608,Indian River State College,,0.0033,0,0,0,0,0.0119,0.0652,0.0623,0.0171,0,0.0431,0,0.0019,0.0038,0,0.4018,0,0.0128,0,0,0,0,0,0,0,0,0,0.0868,0.0247,0,0.0012,0.0002,0.0026,0,0.0038,0.1594,0.098,0,5803,7862,0.3961,27,30060727,30669599,1,,1
1503,Electrical/Electronic Engineering Technologies/Technicians.,134608,1,2,,26.0,1.0,,134608,Indian River State College,,0.0033,0,0,0,0,0.0119,0.0652,0.0623,0.0171,0,0.0431,0,0.0019,0.0038,0,0.4018,0,0.0128,0,0,0,0,0,0,0,0,0,0.0868,0.0247,0,0.0012,0.0002,0.0026,0,0.0038,0.1594,0.098,0,5803,7862,0.3961,27,30060727,30669599,1,,1
2203,Legal Support Services.,134608,1,2,,,2.0,,134608,Indian River State College,,0.0033,0,0,0,0,0.0119,0.0652,0.0623,0.0171,0,0.0431,0,0.0019,0.0038,0,0.4018,0,0.0128,0,0,0,0,0,0,0,0,0,0.0868,0.0247,0,0.0012,0.0002,0.0026,0,0.0038,0.1594,0.098,0,5803,7862,0.3961,27,30060727,30669599,1,,1
2401,"Liberal Arts and Sciences, General Studies and Humanities.",134608,3,2,214.0,478.0,49.0,62.0,134608,Indian River State College,,0.0033,0,0,0,0,0.0119,0.0652,0.0623,0.0171,0,0.0431,0,0.0019,0.0038,0,0.4018,0,0.0128,0,0,0,0,0,0,0,0,0,0.0868,0.0247,0,0.0012,0.0002,0.0026,0,0.0038,0.1594,0.098,0,5803,7862,0.3961,27,30060727,30669599,1,,1
2601,"Biology, General.",134608,1,3,22.0,,4.0,,134608,Indian River State College,,0.0033,0,0,0,0,0.0119,0.0652,0.0623,0.0171,0,0.0431,0,0.0019,0.0038,0,0.4018,0,0.0128,0,0,0,0,0,0,0,0,0,0.0868,0.0247,0,0.0012,0.0002,0.0026,0,0.0038,0.1594,0.098,0,5803,7862,0.3961,27,30060727,30669599,1,,1
4301,Criminal Justice and Corrections.,134608,1,1,,51.0,2.0,,134608,Indian River State College,,0.0033,0,0,0,0,0.0119,0.0652,0.0623,0.0171,0,0.0431,0,0.0019,0.0038,0,0.4018,0,0.0128,0,0,0,0,0,0,0,0,0,0.0868,0.0247,0,0.0012,0.0002,0.0026,0,0.0038,0.1594,0.098,0,5803,7862,0.3961,27,30060727,30669599,1,,1
4301,Criminal Justice and Corrections.,134608,3,2,,,0.0,,134608,Indian River State College,,0.0033,0,0,0,0,0.0119,0.0652,0.0623,0.0171,0,0.0431,0,0.0019,0.0038,0,0.4018,0,0.0128,0,0,0,0,0,0,0,0,0,0.0868,0.0247,0,0.0012,0.0002,0.0026,0,0.0038,0.1594,0.098,0,5803,7862,0.3961,27,30060727,30669599,1,,1
4301,Criminal Justice and Corrections.,134608,3,3,31.0,82.0,7.0,147.0,134608,Indian River State College,,0.0033,0,0,0,0,0.0119,0.0652,0.0623,0.0171,0,0.0431,0,0.0019,0.0038,0,0.4018,0,0.0128,0,0,0,0,0,0,0,0,0,0.0868,0.0247,0,0.0012,0.0002,0.0026,0,0.0038,0.1594,0.098,0,5803,7862,0.3961,27,30060727,30669599,1,,1
4302,Fire Protection.,134608,1,1,,22.0,0.0,,134608,Indian River State College,,0.0033,0,0,0,0,0.0119,0.0652,0.0623,0.0171,0,0.0431,0,0.0019,0.0038,0,0.4018,0,0.0128,0,0,0,0,0,0,0,0,0,0.0868,0.0247,0,0.0012,0.0002,0.0026,0,0.0038,0.1594,0.098,0,5803,7862,0.3961,27,30060727,30669599,1,,1
4302,Fire Protection.,134608,1,2,,,1.0,,134608,Indian River State College,,0.0033,0,0,0,0,0.0119,0.0652,0.0623,0.0171,0,0.0431,0,0.0019,0.0038,0,0.4018,0,0.0128,0,0,0,0,0,0,0,0,0,0.0868,0.0247,0,0.0012,0.0002,0.0026,0,0.0038,0.1594,0.098,0,5803,7862,0.3961,27,30060727,30669599,1,,1
4400,"Human Services, General.",134608,1,3,73.0,124.0,10.0,143.0,134608,Indian River State College,,0.0033,0,0,0,0,0.0119,0.0652,0.0623,0.0171,0,0.0431,0,0.0019,0.0038,0,0.4018,0,0.0128,0,0,0,0,0,0,0,0,0,0.0868,0.0247,0,0.0012,0.0002,0.0026,0,0.0038,0.1594,0.098,0,5803,7862,0.3961,27,30060727,30669599,1,,1
4404,Public Administration.,134608,3,3,,19.0,1.0,,134608,Indian River State College,,0.0033,0,0,0,0,0.0119,0.0652,0.0623,0.0171,0,0.0431,0,0.0019,0.0038,0,0.4018,0,0.0128,0,0,0,0,0,0,0,0,0,0.0868,0.0247,0,0.0012,0.0002,0.0026,0,0.0038,0.1594,0.098,0,5803,7862,0.3961,27,30060727,30669599,1,,1
4702,"Heating, Air Conditioning, Ventilation and Refrigeration Maintenance Technology/Technician (HAC, HACR, HVAC, HVACR).",134608,1,1,,24.0,1.0,,134608,Indian River State College,,0.0033,0,0,0,0,0.0119,0.0652,0.0623,0.0171,0,0.0431,0,0.0019,0.0038,0,0.4018,0,0.0128,0,0,0,0,0,0,0,0,0,0.0868,0.0247,0,0.0012,0.0002,0.0026,0,0.0038,0.1594,0.098,0,5803,7862,0.3961,27,30060727,30669599,1,,1
4902,Ground Transportation.,134608,1,1,,,4.0,,134608,Indian River State College,,0.0033,0,0,0,0,0.0119,0.0652,0.0623,0.0171,0,0.0431,0,0.0019,0.0038,0,0.4018,0,0.0128,0,0,0,0,0,0,0,0,0,0.0868,0.0247,0,0.0012,0.0002,0.0026,0,0.0038,0.1594,0.098,0,5803,7862,0.3961,27,30060727,30669599,1,,1
5106,Dental Support Services and Allied Professions.,134608,1,2,,,1.0,,134608,Indian River State College,,0.0033,0,0,0,0,0.0119,0.0652,0.0623,0.0171,0,0.0431,0,0.0019,0.0038,0,0.4018,0,0.0128,0,0,0,0,0,0,0,0,0,0.0868,0.0247,0,0.0012,0.0002,0.0026,0,0.0038,0.1594,0.098,0,5803,7862,0.3961,27,30060727,30669599,1,,1
5107,Health and Medical Administrative Services.,134608,1,2,,,0.0,,134608,Indian River State College,,0.0033,0,0,0,0,0.0119,0.0652,0.0623,0.0171,0,0.0431,0,0.0019,0.0038,0,0.4018,0,0.0128,0,0,0,0,0,0,0,0,0,0.0868,0.0247,0,0.0012,0.0002,0.0026,0,0.0038,0.1594,0.098,0,5803,7862,0.3961,27,30060727,30669599,1,,1
5107,Health and Medical Administrative Services.,134608,3,3,14.0,32.0,2.0,,134608,Indian River State College,,0.0033,0,0,0,0,0.0119,0.0652,0.0623,0.0171,0,0.0431,0,0.0019,0.0038,0,0.4018,0,0.0128,0,0,0,0,0,0,0,0,0,0.0868,0.0247,0,0.0012,0.0002,0.0026,0,0.0038,0.1594,0.098,0,5803,7862,0.3961,27,30060727,30669599,1,,1
5108,Allied Health and Medical Assisting Services.,134608,1,2,,,0.0,,134608,Indian River State College,,0.0033,0,0,0,0,0.0119,0.0652,0.0623,0.0171,0,0.0431,0,0.0019,0.0038,0,0.4018,0,0.0128,0,0,0,0,0,0,0,0,0,0.0868,0.0247,0,0.0012,0.0002,0.0026,0,0.0038,0.1594,0.098,0,5803,7862,0.3961,27,30060727,30669599,1,,1
5109,"Allied Health Diagnostic, Intervention, and Treatment Professions.",134608,1,1,,28.0,2.0,,134608,Indian River State College,,0.0033,0,0,0,0,0.0119,0.0652,0.0623,0.0171,0,0.0431,0,0.0019,0.0038,0,0.4018,0,0.0128,0,0,0,0,0,0,0,0,0,0.0868,0.0247,0,0.0012,0.0002,0.0026,0,0.0038,0.1594,0.098,0,5803,7862,0.3961,27,30060727,30669599,1,,1
5109,"Allied Health Diagnostic, Intervention, and Treatment Professions.",134608,1,2,14.0,,0.0,,134608,Indian River State College,,0.0033,0,0,0,0,0.0119,0.0652,0.0623,0.0171,0,0.0431,0,0.0019,0.0038,0,0.4018,0,0.0128,0,0,0,0,0,0,0,0,0,0.0868,0.0247,0,0.0012,0.0002,0.0026,0,0.0038,0.1594,0.098,0,5803,7862,0.3961,27,30060727,30669599,1,,1
5109,"Allied Health Diagnostic, Intervention, and Treatment Professions.",134608,0,99,,,,,134608,Indian River State College,,0.0033,0,0,0,0,0.0119,0.0652,0.0623,0.0171,0,0.0431,0,0.0019,0.0038,0,0.4018,0,0.0128,0,0,0,0,0,0,0,0,0,0.0868,0.0247,0,0.0012,0.0002,0.0026,0,0.0038,0.1594,0.098,0,5803,7862,0.3961,27,30060727,30669599,1,,1
5115,Mental and Social Health Services and Allied Professions.,134608,1,2,11.0,,0.0,,134608,Indian River State College,,0.0033,0,0,0,0,0.0119,0.0652,0.0623,0.0171,0,0.0431,0,0.0019,0.0038,0,0.4018,0,0.0128,0,0,0,0,0,0,0,0,0,0.0868,0.0247,0,0.0012,0.0002,0.0026,0,0.0038,0.1594,0.098,0,5803,7862,0.3961,27,30060727,30669599,1,,1
5138,"Registered Nursing, Nursing Administration, Nursing Research and Clinical Nursing.",134608,1,2,53.0,68.0,2.0,69.0,134608,Indian River State College,,0.0033,0,0,0,0,0.0119,0.0652,0.0623,0.0171,0,0.0431,0,0.0019,0.0038,0,0.4018,0,0.0128,0,0,0,0,0,0,0,0,0,0.0868,0.0247,0,0.0012,0.0002,0.0026,0,0.0038,0.1594,0.098,0,5803,7862,0.3961,27,30060727,30669599,1,,1
5138,"Registered Nursing, Nursing Administration, Nursing Research and Clinical Nursing.",134608,3,3,11.0,109.0,4.0,77.0,134608,Indian River State College,,0.0033,0,0,0,0,0.0119,0.0652,0.0623,0.0171,0,0.0431,0,0.0019,0.0038,0,0.4018,0,0.0128,0,0,0,0,0,0,0,0,0,0.0868,0.0247,0,0.0012,0.0002,0.0026,0,0.0038,0.1594,0.098,0,5803,7862,0.3961,27,30060727,30669599,1,,1
5139,"Practical Nursing, Vocational Nursing and Nursing Assistants.",134608,1,1,,,0.0,,134608,Indian River State College,,0.0033,0,0,0,0,0.0119,0.0652,0.0623,0.0171,0,0.0431,0,0.0019,0.0038,0,0.4018,0,0.0128,0,0,0,0,0,0,0,0,0,0.0868,0.0247,0,0.0012,0.0002,0.0026,0,0.0038,0.1594,0.098,0,5803,7862,0.3961,27,30060727,30669599,1,,1
5202,"Business Administration, Management and Operations.",134608,1,1,,,0.0,,134608,Indian River State College,,0.0033,0,0,0,0,0.0119,0.0652,0.0623,0.0171,0,0.0431,0,0.0019,0.0038,0,0.4018,0,0.0128,0,0,0,0,0,0,0,0,0,0.0868,0.0247,0,0.0012,0.0002,0.0026,0,0.0038,0.1594,0.098,0,5803,7862,0.3961,27,30060727,30669599,1,,1
5202,"Business Administration, Management and Operations.",134608,1,2,15.0,,0.0,,134608,Indian River State College,,0.0033,0,0,0,0,0.0119,0.0652,0.0623,0.0171,0,0.0431,0,0.0019,0.0038,0,0.4018,0,0.0128,0,0,0,0,0,0,0,0,0,0.0868,0.0247,0,0.0012,0.0002,0.0026,0,0.0038,0.1594,0.098,0,5803,7862,0.3961,27,30060727,30669599,1,,1
5202,"Business Administration, Management and Operations.",134608,1,3,81.0,187.0,15.0,107.0,134608,Indian River State College,,0.0033,0,0,0,0,0.0119,0.0652,0.0623,0.0171,0,0.0431,0,0.0019,0.0038,0,0.4018,0,0.0128,0,0,0,0,0,0,0,0,0,0.0868,0.0247,0,0.0012,0.0002,0.0026,0,0.0038,0.1594,0.098,0,5803,7862,0.3961,27,30060727,30669599,1,,1
5203,Accounting and Related Services.,134608,1,3,18.0,41.0,1.0,,134608,Indian River State College,,0.0033,0,0,0,0,0.0119,0.0652,0.0623,0.0171,0,0.0431,0,0.0019,0.0038,0,0.4018,0,0.0128,0,0,0,0,0,0,0,0,0,0.0868,0.0247,0,0.0012,0.0002,0.0026,0,0.0038,0.1594,0.098,0,5803,7862,0.3961,27,30060727,30669599,1,,1
5207,Entrepreneurial and Small Business Operations.,134608,2,1,,,1.0,,134608,Indian River State College,,0.0033,0,0,0,0,0.0119,0.0652,0.0623,0.0171,0,0.0431,0,0.0019,0.0038,0,0.4018,0,0.0128,0,0,0,0,0,0,0,0,0,0.0868,0.0247,0,0.0012,0.0002,0.0026,0,0.0038,0.1594,0.098,0,5803,7862,0.3961,27,30060727,30669599,1,,1
1204,Cosmetology and Related Personal Grooming Services.,134714,1,1,79.0,59.0,14.0,101.0,134714,International Academy,8,0,0,0,0,0,0,0,0.8056,0,0,0,0,0,0,0,0,0,0,0,0,0,0,0,0,0,0,0,0,0,0,0,0,0,0,0,0.1944,0,0,4449,,,13,,,0,,1
5135,Somatic Bodywork and Related Therapeutic Services.,134714,1,1,,20.0,0.0,67.0,134714,International Academy,8,0,0,0,0,0,0,0,0.8056,0,0,0,0,0,0,0,0,0,0,0,0,0,0,0,0,0,0,0,0,0,0,0,0,0,0,0,0.1944,0,0,4449,,,13,,,0,,1
1304,Educational Administration and Supervision.,134945,1,5,13.0,,1.0,,134945,Jacksonville University,,0,0,0,0,0,0,0.013,0,0.0145,0.0159,0,0,0,0.0087,0.0087,0.0014,0,0.0493,0.0087,0,0.0333,0.0391,0,0,0.0101,0,0.0464,0,0,0.0464,0,0,0,0.087,0.0826,0.4232,0.1101,0.0014,10576,8698,0.5459,11,59546445,66101962,0,0.5694,2
3105,"Sports, Kinesiology, and Physical Education/Fitness.",134945,1,3,24.0,,1.0,265.0,134945,Jacksonville University,,0,0,0,0,0,0,0.013,0,0.0145,0.0159,0,0,0,0.0087,0.0087,0.0014,0,0.0493,0.0087,0,0.0333,0.0391,0,0,0.0101,0,0.0464,0,0,0.0464,0,0,0,0.087,0.0826,0.4232,0.1101,0.0014,10576,8698,0.5459,11,59546445,66101962,0,0.5694,2
3105,"Sports, Kinesiology, and Physical Education/Fitness.",134945,1,5,25.0,36.0,1.0,317.0,134945,Jacksonville University,,0,0,0,0,0,0,0.013,0,0.0145,0.0159,0,0,0,0.0087,0.0087,0.0014,0,0.0493,0.0087,0,0.0333,0.0391,0,0,0.0101,0,0.0464,0,0,0.0464,0,0,0,0.087,0.0826,0.4232,0.1101,0.0014,10576,8698,0.5459,11,59546445,66101962,0,0.5694,2
4201,"Psychology, General.",134945,1,3,17.0,,4.0,215.0,134945,Jacksonville University,,0,0,0,0,0,0,0.013,0,0.0145,0.0159,0,0,0,0.0087,0.0087,0.0014,0,0.0493,0.0087,0,0.0333,0.0391,0,0,0.0101,0,0.0464,0,0,0.0464,0,0,0,0.087,0.0826,0.4232,0.1101,0.0014,10576,8698,0.5459,11,59546445,66101962,0,0.5694,2
4501,"Social Sciences, General.",134945,1,3,30.0,23.0,0.0,274.0,134945,Jacksonville University,,0,0,0,0,0,0,0.013,0,0.0145,0.0159,0,0,0,0.0087,0.0087,0.0014,0,0.0493,0.0087,0,0.0333,0.0391,0,0,0.0101,0,0.0464,0,0,0.0464,0,0,0,0.087,0.0826,0.4232,0.1101,0.0014,10576,8698,0.5459,11,59546445,66101962,0,0.5694,2
4511,Sociology.,134945,1,3,23.0,,1.0,,134945,Jacksonville University,,0,0,0,0,0,0,0.013,0,0.0145,0.0159,0,0,0,0.0087,0.0087,0.0014,0,0.0493,0.0087,0,0.0333,0.0391,0,0,0.0101,0,0.0464,0,0,0.0464,0,0,0,0.087,0.0826,0.4232,0.1101,0.0014,10576,8698,0.5459,11,59546445,66101962,0,0.5694,2
5003,Dance.,134945,1,5,17.0,16.0,2.0,,134945,Jacksonville University,,0,0,0,0,0,0,0.013,0,0.0145,0.0159,0,0,0,0.0087,0.0087,0.0014,0,0.0493,0.0087,0,0.0333,0.0391,0,0,0.0101,0,0.0464,0,0,0.0464,0,0,0,0.087,0.0826,0.4232,0.1101,0.0014,10576,8698,0.5459,11,59546445,66101962,0,0.5694,2
5009,Music.,134945,1,3,26.0,24.0,0.0,265.0,134945,Jacksonville University,,0,0,0,0,0,0,0.013,0,0.0145,0.0159,0,0,0,0.0087,0.0087,0.0014,0,0.0493,0.0087,0,0.0333,0.0391,0,0,0.0101,0,0.0464,0,0,0.0464,0,0,0,0.087,0.0826,0.4232,0.1101,0.0014,10576,8698,0.5459,11,59546445,66101962,0,0.5694,2
5102,Communication Disorders Sciences and Services.,134945,1,5,50.0,55.0,0.0,561.0,134945,Jacksonville University,,0,0,0,0,0,0,0.013,0,0.0145,0.0159,0,0,0,0.0087,0.0087,0.0014,0,0.0493,0.0087,0,0.0333,0.0391,0,0,0.0101,0,0.0464,0,0,0.0464,0,0,0,0.087,0.0826,0.4232,0.1101,0.0014,10576,8698,0.5459,11,59546445,66101962,0,0.5694,2
5107,Health and Medical Administrative Services.,134945,1,5,27.0,32.0,1.0,466.0,134945,Jacksonville University,,0,0,0,0,0,0,0.013,0,0.0145,0.0159,0,0,0,0.0087,0.0087,0.0014,0,0.0493,0.0087,0,0.0333,0.0391,0,0,0.0101,0,0.0464,0,0,0.0464,0,0,0,0.087,0.0826,0.4232,0.1101,0.0014,10576,8698,0.5459,11,59546445,66101962,0,0.5694,2
5138,"Registered Nursing, Nursing Administration, Nursing Research and Clinical Nursing.",134945,2,3,331.0,399.0,6.0,217.0,134945,Jacksonville University,,0,0,0,0,0,0,0.013,0,0.0145,0.0159,0,0,0,0.0087,0.0087,0.0014,0,0.0493,0.0087,0,0.0333,0.0391,0,0,0.0101,0,0.0464,0,0,0.0464,0,0,0,0.087,0.0826,0.4232,0.1101,0.0014,10576,8698,0.5459,11,59546445,66101962,0,0.5694,2
5138,"Registered Nursing, Nursing Administration, Nursing Research and Clinical Nursing.",134945,2,5,148.0,236.0,10.0,425.0,134945,Jacksonville University,,0,0,0,0,0,0,0.013,0,0.0145,0.0159,0,0,0,0.0087,0.0087,0.0014,0,0.0493,0.0087,0,0.0333,0.0391,0,0,0.0101,0,0.0464,0,0,0.0464,0,0,0,0.087,0.0826,0.4232,0.1101,0.0014,10576,8698,0.5459,11,59546445,66101962,0,0.5694,2
5202,"Business Administration, Management and Operations.",134945,2,5,43.0,68.0,2.0,466.0,134945,Jacksonville University,,0,0,0,0,0,0,0.013,0,0.0145,0.0159,0,0,0,0.0087,0.0087,0.0014,0,0.0493,0.0087,0,0.0333,0.0391,0,0,0.0101,0,0.0464,0,0,0.0464,0,0,0,0.087,0.0826,0.4232,0.1101,0.0014,10576,8698,0.5459,11,59546445,66101962,0,0.5694,2
5208,Finance and Financial Management Services.,134945,1,3,21.0,,0.0,233.0,134945,Jacksonville University,,0,0,0,0,0,0,0.013,0,0.0145,0.0159,0,0,0,0.0087,0.0087,0.0014,0,0.0493,0.0087,0,0.0333,0.0391,0,0,0.0101,0,0.0464,0,0,0.0464,0,0,0,0.087,0.0826,0.4232,0.1101,0.0014,10576,8698,0.5459,11,59546445,66101962,0,0.5694,2
5213,Management Sciences and Quantitative Methods.,134945,1,3,24.0,28.0,1.0,221.0,134945,Jacksonville University,,0,0,0,0,0,0,0.013,0,0.0145,0.0159,0,0,0,0.0087,0.0087,0.0014,0,0.0493,0.0087,0,0.0333,0.0391,0,0,0.0101,0,0.0464,0,0,0.0464,0,0,0,0.087,0.0826,0.4232,0.1101,0.0014,10576,8698,0.5459,11,59546445,66101962,0,0.5694,2
5214,Marketing.,134945,1,3,16.0,,1.0,265.0,134945,Jacksonville University,,0,0,0,0,0,0,0.013,0,0.0145,0.0159,0,0,0,0.0087,0.0087,0.0014,0,0.0493,0.0087,0,0.0333,0.0391,0,0,0.0101,0,0.0464,0,0,0.0464,0,0,0,0.087,0.0826,0.4232,0.1101,0.0014,10576,8698,0.5459,11,59546445,66101962,0,0.5694,2
1101,"Computer and Information Sciences, General.",135081,2,2,209.0,156.0,20.0,239.0,135081,Keiser University-Ft Lauderdale,,0,0,0,0,0.0057,0,0.0537,0.0098,0,0.0039,0.0057,0,0,0.0169,0,0.051,0,0.0094,0,0,0.0299,0.0285,0,0,0,0,0.0378,0.0531,0,0.0022,0,0,0,0,0.0071,0.5879,0.0976,0,5657,6172,0.6249,14,,,1,0.9697,2
1101,"Computer and Information Sciences, General.",135081,2,3,17.0,17.0,1.0,,135081,Keiser University-Ft Lauderdale,,0,0,0,0,0.0057,0,0.0537,0.0098,0,0.0039,0.0057,0,0,0.0169,0,0.051,0,0.0094,0,0,0.0299,0.0285,0,0,0,0,0.0378,0.0531,0,0.0022,0,0,0,0,0.0071,0.5879,0.0976,0,5657,6172,0.6249,14,,,1,0.9697,2
1109,Computer Systems Networking and Telecommunications.,135081,2,3,28.0,35.0,1.0,343.0,135081,Keiser University-Ft Lauderdale,,0,0,0,0,0.0057,0,0.0537,0.0098,0,0.0039,0.0057,0,0,0.0169,0,0.051,0,0.0094,0,0,0.0299,0.0285,0,0,0,0,0.0378,0.0531,0,0.0022,0,0,0,0,0.0071,0.5879,0.0976,0,5657,6172,0.6249,14,,,1,0.9697,2
1205,Culinary Arts and Related Services.,135081,1,2,75.0,77.0,6.0,196.0,135081,Keiser University-Ft Lauderdale,,0,0,0,0,0.0057,0,0.0537,0.0098,0,0.0039,0.0057,0,0,0.0169,0,0.051,0,0.0094,0,0,0.0299,0.0285,0,0,0,0,0.0378,0.0531,0,0.0022,0,0,0,0,0.0071,0.5879,0.0976,0,5657,6172,0.6249,14,,,1,0.9697,2
1304,Educational Administration and Supervision.,135081,2,5,26.0,33.0,1.0,648.0,135081,Keiser University-Ft Lauderdale,,0,0,0,0,0.0057,0,0.0537,0.0098,0,0.0039,0.0057,0,0,0.0169,0,0.051,0,0.0094,0,0,0.0299,0.0285,0,0,0,0,0.0378,0.0531,0,0.0022,0,0,0,0,0.0071,0.5879,0.0976,0,5657,6172,0.6249,14,,,1,0.9697,2
1304,Educational Administration and Supervision.,135081,3,6,21.0,20.0,1.0,1166.0,135081,Keiser University-Ft Lauderdale,,0,0,0,0,0.0057,0,0.0537,0.0098,0,0.0039,0.0057,0,0,0.0169,0,0.051,0,0.0094,0,0,0.0299,0.0285,0,0,0,0,0.0378,0.0531,0,0.0022,0,0,0,0,0.0071,0.5879,0.0976,0,5657,6172,0.6249,14,,,1,0.9697,2
1409,Computer Engineering.,135081,2,3,23.0,26.0,4.0,461.0,135081,Keiser University-Ft Lauderdale,,0,0,0,0,0.0057,0,0.0537,0.0098,0,0.0039,0.0057,0,0,0.0169,0,0.051,0,0.0094,0,0,0.0299,0.0285,0,0,0,0,0.0378,0.0531,0,0.0022,0,0,0,0,0.0071,0.5879,0.0976,0,5657,6172,0.6249,14,,,1,0.9697,2
2200,Non-Professional Legal Studies.,135081,2,3,43.0,42.0,6.0,509.0,135081,Keiser University-Ft Lauderdale,,0,0,0,0,0.0057,0,0.0537,0.0098,0,0.0039,0.0057,0,0,0.0169,0,0.051,0,0.0094,0,0,0.0299,0.0285,0,0,0,0,0.0378,0.0531,0,0.0022,0,0,0,0,0.0071,0.5879,0.0976,0,5657,6172,0.6249,14,,,1,0.9697,2
2203,Legal Support Services.,135081,2,2,140.0,76.0,6.0,257.0,135081,Keiser University-Ft Lauderdale,,0,0,0,0,0.0057,0,0.0537,0.0098,0,0.0039,0.0057,0,0,0.0169,0,0.051,0,0.0094,0,0,0.0299,0.0285,0,0,0,0,0.0378,0.0531,0,0.0022,0,0,0,0,0.0071,0.5879,0.0976,0,5657,6172,0.6249,14,,,1,0.9697,2
2401,"Liberal Arts and Sciences, General Studies and Humanities.",135081,2,2,285.0,148.0,20.0,212.0,135081,Keiser University-Ft Lauderdale,,0,0,0,0,0.0057,0,0.0537,0.0098,0,0.0039,0.0057,0,0,0.0169,0,0.051,0,0.0094,0,0,0.0299,0.0285,0,0,0,0,0.0378,0.0531,0,0.0022,0,0,0,0,0.0071,0.5879,0.0976,0,5657,6172,0.6249,14,,,1,0.9697,2
2601,"Biology, General.",135081,1,3,52.0,40.0,3.0,350.0,135081,Keiser University-Ft Lauderdale,,0,0,0,0,0.0057,0,0.0537,0.0098,0,0.0039,0.0057,0,0,0.0169,0,0.051,0,0.0094,0,0,0.0299,0.0285,0,0,0,0,0.0378,0.0531,0,0.0022,0,0,0,0,0.0071,0.5879,0.0976,0,5657,6172,0.6249,14,,,1,0.9697,2
3000,"Multi-/Interdisciplinary Studies, General.",135081,2,3,257.0,212.0,18.0,310.0,135081,Keiser University-Ft Lauderdale,,0,0,0,0,0.0057,0,0.0537,0.0098,0,0.0039,0.0057,0,0,0.0169,0,0.051,0,0.0094,0,0,0.0299,0.0285,0,0,0,0,0.0378,0.0531,0,0.0022,0,0,0,0,0.0071,0.5879,0.0976,0,5657,6172,0.6249,14,,,1,0.9697,2
3103,"Parks, Recreation, and Leisure Facilities Management.",135081,2,2,31.0,43.0,4.0,141.0,135081,Keiser University-Ft Lauderdale,,0,0,0,0,0.0057,0,0.0537,0.0098,0,0.0039,0.0057,0,0,0.0169,0,0.051,0,0.0094,0,0,0.0299,0.0285,0,0,0,0,0.0378,0.0531,0,0.0022,0,0,0,0,0.0071,0.5879,0.0976,0,5657,6172,0.6249,14,,,1,0.9697,2
3105,"Sports, Kinesiology, and Physical Education/Fitness.",135081,2,2,95.0,43.0,5.0,204.0,135081,Keiser University-Ft Lauderdale,,0,0,0,0,0.0057,0,0.0537,0.0098,0,0.0039,0.0057,0,0,0.0169,0,0.051,0,0.0094,0,0,0.0299,0.0285,0,0,0,0,0.0378,0.0531,0,0.0022,0,0,0,0,0.0071,0.5879,0.0976,0,5657,6172,0.6249,14,,,1,0.9697,2
3105,"Sports, Kinesiology, and Physical Education/Fitness.",135081,2,3,117.0,100.0,12.0,345.0,135081,Keiser University-Ft Lauderdale,,0,0,0,0,0.0057,0,0.0537,0.0098,0,0.0039,0.0057,0,0,0.0169,0,0.051,0,0.0094,0,0,0.0299,0.0285,0,0,0,0,0.0378,0.0531,0,0.0022,0,0,0,0,0.0071,0.5879,0.0976,0,5657,6172,0.6249,14,,,1,0.9697,2
4201,"Psychology, General.",135081,2,3,201.0,143.0,27.0,440.0,135081,Keiser University-Ft Lauderdale,,0,0,0,0,0.0057,0,0.0537,0.0098,0,0.0039,0.0057,0,0,0.0169,0,0.051,0,0.0094,0,0,0.0299,0.0285,0,0,0,0,0.0378,0.0531,0,0.0022,0,0,0,0,0.0071,0.5879,0.0976,0,5657,6172,0.6249,14,,,1,0.9697,2
4201,"Psychology, General.",135081,2,5,41.0,33.0,2.0,613.0,135081,Keiser University-Ft Lauderdale,,0,0,0,0,0.0057,0,0.0537,0.0098,0,0.0039,0.0057,0,0,0.0169,0,0.051,0,0.0094,0,0,0.0299,0.0285,0,0,0,0,0.0378,0.0531,0,0.0022,0,0,0,0,0.0071,0.5879,0.0976,0,5657,6172,0.6249,14,,,1,0.9697,2
4228,"Clinical, Counseling and Applied Psychology.",135081,2,5,23.0,21.0,6.0,532.0,135081,Keiser University-Ft Lauderdale,,0,0,0,0,0.0057,0,0.0537,0.0098,0,0.0039,0.0057,0,0,0.0169,0,0.051,0,0.0094,0,0,0.0299,0.0285,0,0,0,0,0.0378,0.0531,0,0.0022,0,0,0,0,0.0071,0.5879,0.0976,0,5657,6172,0.6249,14,,,1,0.9697,2
4301,Criminal Justice and Corrections.,135081,2,2,214.0,74.0,10.0,252.0,135081,Keiser University-Ft Lauderdale,,0,0,0,0,0.0057,0,0.0537,0.0098,0,0.0039,0.0057,0,0,0.0169,0,0.051,0,0.0094,0,0,0.0299,0.0285,0,0,0,0,0.0378,0.0531,0,0.0022,0,0,0,0,0.0071,0.5879,0.0976,0,5657,6172,0.6249,14,,,1,0.9697,2
4301,Criminal Justice and Corrections.,135081,2,3,230.0,117.0,8.0,430.0,135081,Keiser University-Ft Lauderdale,,0,0,0,0,0.0057,0,0.0537,0.0098,0,0.0039,0.0057,0,0,0.0169,0,0.051,0,0.0094,0,0,0.0299,0.0285,0,0,0,0,0.0378,0.0531,0,0.0022,0,0,0,0,0.0071,0.5879,0.0976,0,5657,6172,0.6249,14,,,1,0.9697,2
4301,Criminal Justice and Corrections.,135081,2,5,40.0,32.0,1.0,700.0,135081,Keiser University-Ft Lauderdale,,0,0,0,0,0.0057,0,0.0537,0.0098,0,0.0039,0.0057,0,0,0.0169,0,0.051,0,0.0094,0,0,0.0299,0.0285,0,0,0,0,0.0378,0.0531,0,0.0022,0,0,0,0,0.0071,0.5879,0.0976,0,5657,6172,0.6249,14,,,1,0.9697,2
4303,Homeland Security.,135081,2,2,21.0,,6.0,321.0,135081,Keiser University-Ft Lauderdale,,0,0,0,0,0.0057,0,0.0537,0.0098,0,0.0039,0.0057,0,0,0.0169,0,0.051,0,0.0094,0,0,0.0299,0.0285,0,0,0,0,0.0378,0.0531,0,0.0022,0,0,0,0,0.0071,0.5879,0.0976,0,5657,6172,0.6249,14,,,1,0.9697,2
4303,Homeland Security.,135081,2,3,16.0,28.0,0.0,478.0,135081,Keiser University-Ft Lauderdale,,0,0,0,0,0.0057,0,0.0537,0.0098,0,0.0039,0.0057,0,0,0.0169,0,0.051,0,0.0094,0,0,0.0299,0.0285,0,0,0,0,0.0378,0.0531,0,0.0022,0,0,0,0,0.0071,0.5879,0.0976,0,5657,6172,0.6249,14,,,1,0.9697,2
4304,Security Science and Technology.,135081,1,2,,44.0,2.0,225.0,135081,Keiser University-Ft Lauderdale,,0,0,0,0,0.0057,0,0.0537,0.0098,0,0.0039,0.0057,0,0,0.0169,0,0.051,0,0.0094,0,0,0.0299,0.0285,0,0,0,0,0.0378,0.0531,0,0.0022,0,0,0,0,0.0071,0.5879,0.0976,0,5657,6172,0.6249,14,,,1,0.9697,2
4304,Security Science and Technology.,135081,2,3,,124.0,5.0,367.0,135081,Keiser University-Ft Lauderdale,,0,0,0,0,0.0057,0,0.0537,0.0098,0,0.0039,0.0057,0,0,0.0169,0,0.051,0,0.0094,0,0,0.0299,0.0285,0,0,0,0,0.0378,0.0531,0,0.0022,0,0,0,0,0.0071,0.5879,0.0976,0,5657,6172,0.6249,14,,,1,0.9697,2
5004,Design and Applied Arts.,135081,1,2,55.0,35.0,7.0,260.0,135081,Keiser University-Ft Lauderdale,,0,0,0,0,0.0057,0,0.0537,0.0098,0,0.0039,0.0057,0,0,0.0169,0,0.051,0,0.0094,0,0,0.0299,0.0285,0,0,0,0,0.0378,0.0531,0,0.0022,0,0,0,0,0.0071,0.5879,0.0976,0,5657,6172,0.6249,14,,,1,0.9697,2
5100,"Health Services/Allied Health/Health Sciences, General.",135081,2,3,113.0,86.0,12.0,466.0,135081,Keiser University-Ft Lauderdale,,0,0,0,0,0.0057,0,0.0537,0.0098,0,0.0039,0.0057,0,0,0.0169,0,0.051,0,0.0094,0,0,0.0299,0.0285,0,0,0,0,0.0378,0.0531,0,0.0022,0,0,0,0,0.0071,0.5879,0.0976,0,5657,6172,0.6249,14,,,1,0.9697,2
5107,Health and Medical Administrative Services.,135081,2,2,519.0,381.0,65.0,243.0,135081,Keiser University-Ft Lauderdale,,0,0,0,0,0.0057,0,0.0537,0.0098,0,0.0039,0.0057,0,0,0.0169,0,0.051,0,0.0094,0,0,0.0299,0.0285,0,0,0,0,0.0378,0.0531,0,0.0022,0,0,0,0,0.0071,0.5879,0.0976,0,5657,6172,0.6249,14,,,1,0.9697,2
5108,Allied Health and Medical Assisting Services.,135081,2,2,1685.0,1379.0,112.0,235.0,135081,Keiser University-Ft Lauderdale,,0,0,0,0,0.0057,0,0.0537,0.0098,0,0.0039,0.0057,0,0,0.0169,0,0.051,0,0.0094,0,0,0.0299,0.0285,0,0,0,0,0.0378,0.0531,0,0.0022,0,0,0,0,0.0071,0.5879,0.0976,0,5657,6172,0.6249,14,,,1,0.9697,2
5109,"Allied Health Diagnostic, Intervention, and Treatment Professions.",135081,1,2,818.0,843.0,33.0,281.0,135081,Keiser University-Ft Lauderdale,,0,0,0,0,0.0057,0,0.0537,0.0098,0,0.0039,0.0057,0,0,0.0169,0,0.051,0,0.0094,0,0,0.0299,0.0285,0,0,0,0,0.0378,0.0531,0,0.0022,0,0,0,0,0.0071,0.5879,0.0976,0,5657,6172,0.6249,14,,,1,0.9697,2
5109,"Allied Health Diagnostic, Intervention, and Treatment Professions.",135081,2,3,41.0,64.0,2.0,359.0,135081,Keiser University-Ft Lauderdale,,0,0,0,0,0.0057,0,0.0537,0.0098,0,0.0039,0.0057,0,0,0.0169,0,0.051,0,0.0094,0,0,0.0299,0.0285,0,0,0,0,0.0378,0.0531,0,0.0022,0,0,0,0,0.0071,0.5879,0.0976,0,5657,6172,0.6249,14,,,1,0.9697,2
5109,"Allied Health Diagnostic, Intervention, and Treatment Professions.",135081,0,5,60.0,65.0,3.0,1485.0,135081,Keiser University-Ft Lauderdale,,0,0,0,0,0.0057,0,0.0537,0.0098,0,0.0039,0.0057,0,0,0.0169,0,0.051,0,0.0094,0,0,0.0299,0.0285,0,0,0,0,0.0378,0.0531,0,0.0022,0,0,0,0,0.0071,0.5879,0.0976,0,5657,6172,0.6249,14,,,1,0.9697,2
5110,Clinical/Medical Laboratory Science/Research and Allied Professions.,135081,1,2,69.0,60.0,5.0,212.0,135081,Keiser University-Ft Lauderdale,,0,0,0,0,0.0057,0,0.0537,0.0098,0,0.0039,0.0057,0,0,0.0169,0,0.051,0,0.0094,0,0,0.0299,0.0285,0,0,0,0,0.0378,0.0531,0,0.0022,0,0,0,0,0.0071,0.5879,0.0976,0,5657,6172,0.6249,14,,,1,0.9697,2
5122,Public Health.,135081,2,2,198.0,114.0,7.0,303.0,135081,Keiser University-Ft Lauderdale,,0,0,0,0,0.0057,0,0.0537,0.0098,0,0.0039,0.0057,0,0,0.0169,0,0.051,0,0.0094,0,0,0.0299,0.0285,0,0,0,0,0.0378,0.0531,0,0.0022,0,0,0,0,0.0071,0.5879,0.0976,0,5657,6172,0.6249,14,,,1,0.9697,2
5122,Public Health.,135081,2,3,145.0,110.0,11.0,535.0,135081,Keiser University-Ft Lauderdale,,0,0,0,0,0.0057,0,0.0537,0.0098,0,0.0039,0.0057,0,0,0.0169,0,0.051,0,0.0094,0,0,0.0299,0.0285,0,0,0,0,0.0378,0.0531,0,0.0022,0,0,0,0,0.0071,0.5879,0.0976,0,5657,6172,0.6249,14,,,1,0.9697,2
5123,Rehabilitation and Therapeutic Professions.,135081,0,3,,,0.0,463.0,135081,Keiser University-Ft Lauderdale,,0,0,0,0,0.0057,0,0.0537,0.0098,0,0.0039,0.0057,0,0,0.0169,0,0.051,0,0.0094,0,0,0.0299,0.0285,0,0,0,0,0.0378,0.0531,0,0.0022,0,0,0,0,0.0071,0.5879,0.0976,0,5657,6172,0.6249,14,,,1,0.9697,2
5123,Rehabilitation and Therapeutic Professions.,135081,1,5,78.0,71.0,6.0,466.0,135081,Keiser University-Ft Lauderdale,,0,0,0,0,0.0057,0,0.0537,0.0098,0,0.0039,0.0057,0,0,0.0169,0,0.051,0,0.0094,0,0,0.0299,0.0285,0,0,0,0,0.0378,0.0531,0,0.0022,0,0,0,0,0.0071,0.5879,0.0976,0,5657,6172,0.6249,14,,,1,0.9697,2
5131,Dietetics and Clinical Nutrition Services.,135081,2,3,89.0,106.0,8.0,460.0,135081,Keiser University-Ft Lauderdale,,0,0,0,0,0.0057,0,0.0537,0.0098,0,0.0039,0.0057,0,0,0.0169,0,0.051,0,0.0094,0,0,0.0299,0.0285,0,0,0,0,0.0378,0.0531,0,0.0022,0,0,0,0,0.0071,0.5879,0.0976,0,5657,6172,0.6249,14,,,1,0.9697,2
5131,Dietetics and Clinical Nutrition Services.,135081,2,5,26.0,23.0,2.0,533.0,135081,Keiser University-Ft Lauderdale,,0,0,0,0,0.0057,0,0.0537,0.0098,0,0.0039,0.0057,0,0,0.0169,0,0.051,0,0.0094,0,0,0.0299,0.0285,0,0,0,0,0.0378,0.0531,0,0.0022,0,0,0,0,0.0071,0.5879,0.0976,0,5657,6172,0.6249,14,,,1,0.9697,2
5138,"Registered Nursing, Nursing Administration, Nursing Research and Clinical Nursing.",135081,1,2,1030.0,744.0,16.0,280.0,135081,Keiser University-Ft Lauderdale,,0,0,0,0,0.0057,0,0.0537,0.0098,0,0.0039,0.0057,0,0,0.0169,0,0.051,0,0.0094,0,0,0.0299,0.0285,0,0,0,0,0.0378,0.0531,0,0.0022,0,0,0,0,0.0071,0.5879,0.0976,0,5657,6172,0.6249,14,,,1,0.9697,2
5138,"Registered Nursing, Nursing Administration, Nursing Research and Clinical Nursing.",135081,2,3,305.0,361.0,9.0,291.0,135081,Keiser University-Ft Lauderdale,,0,0,0,0,0.0057,0,0.0537,0.0098,0,0.0039,0.0057,0,0,0.0169,0,0.051,0,0.0094,0,0,0.0299,0.0285,0,0,0,0,0.0378,0.0531,0,0.0022,0,0,0,0,0.0071,0.5879,0.0976,0,5657,6172,0.6249,14,,,1,0.9697,2
5138,"Registered Nursing, Nursing Administration, Nursing Research and Clinical Nursing.",135081,1,5,161.0,176.0,5.0,552.0,135081,Keiser University-Ft Lauderdale,,0,0,0,0,0.0057,0,0.0537,0.0098,0,0.0039,0.0057,0,0,0.0169,0,0.051,0,0.0094,0,0,0.0299,0.0285,0,0,0,0,0.0378,0.0531,0,0.0022,0,0,0,0,0.0071,0.5879,0.0976,0,5657,6172,0.6249,14,,,1,0.9697,2
5202,"Business Administration, Management and Operations.",135081,2,2,29.0,22.0,1.0,260.0,135081,Keiser University-Ft Lauderdale,,0,0,0,0,0.0057,0,0.0537,0.0098,0,0.0039,0.0057,0,0,0.0169,0,0.051,0,0.0094,0,0,0.0299,0.0285,0,0,0,0,0.0378,0.0531,0,0.0022,0,0,0,0,0.0071,0.5879,0.0976,0,5657,6172,0.6249,14,,,1,0.9697,2
5202,"Business Administration, Management and Operations.",135081,2,3,305.0,269.0,33.0,470.0,135081,Keiser University-Ft Lauderdale,,0,0,0,0,0.0057,0,0.0537,0.0098,0,0.0039,0.0057,0,0,0.0169,0,0.051,0,0.0094,0,0,0.0299,0.0285,0,0,0,0,0.0378,0.0531,0,0.0022,0,0,0,0,0.0071,0.5879,0.0976,0,5657,6172,0.6249,14,,,1,0.9697,2
5202,"Business Administration, Management and Operations.",135081,2,5,224.0,210.0,24.0,700.0,135081,Keiser University-Ft Lauderdale,,0,0,0,0,0.0057,0,0.0537,0.0098,0,0.0039,0.0057,0,0,0.0169,0,0.051,0,0.0094,0,0,0.0299,0.0285,0,0,0,0,0.0378,0.0531,0,0.0022,0,0,0,0,0.0071,0.5879,0.0976,0,5657,6172,0.6249,14,,,1,0.9697,2
5203,Accounting and Related Services.,135081,2,2,73.0,36.0,3.0,247.0,135081,Keiser University-Ft Lauderdale,,0,0,0,0,0.0057,0,0.0537,0.0098,0,0.0039,0.0057,0,0,0.0169,0,0.051,0,0.0094,0,0,0.0299,0.0285,0,0,0,0,0.0378,0.0531,0,0.0022,0,0,0,0,0.0071,0.5879,0.0976,0,5657,6172,0.6249,14,,,1,0.9697,2
5203,Accounting and Related Services.,135081,2,3,100.0,79.0,9.0,477.0,135081,Keiser University-Ft Lauderdale,,0,0,0,0,0.0057,0,0.0537,0.0098,0,0.0039,0.0057,0,0,0.0169,0,0.051,0,0.0094,0,0,0.0299,0.0285,0,0,0,0,0.0378,0.0531,0,0.0022,0,0,0,0,0.0071,0.5879,0.0976,0,5657,6172,0.6249,14,,,1,0.9697,2
5203,Accounting and Related Services.,135081,2,5,23.0,26.0,0.0,617.0,135081,Keiser University-Ft Lauderdale,,0,0,0,0,0.0057,0,0.0537,0.0098,0,0.0039,0.0057,0,0,0.0169,0,0.051,0,0.0094,0,0,0.0299,0.0285,0,0,0,0,0.0378,0.0531,0,0.0022,0,0,0,0,0.0071,0.5879,0.0976,0,5657,6172,0.6249,14,,,1,0.9697,2
1204,Cosmetology and Related Personal Grooming Services.,135142,1,1,,110.0,24.0,86.0,135142,La Belle Beauty School,6,0,0,0,0,0,0,0,0.9215,0,0,0,0,0,0,0,0,0,0,0,0,0,0,0,0,0,0,0,0,0,0,0,0,0,0,0,0.0785,0,0,2255,,,20,,,0,,1
0106,Applied Horticulture and Horticultural Business Services.,135160,1,1,,,0.0,,135160,Florida Gateway College,,0.0188,0.0125,0,0,0.0052,0.0063,0.0125,0.0647,0.0417,0,0.0209,0,0.0271,0,0,0.2722,0,0,0,0,0,0,0,0,0,0,0,0.1981,0,0,0,0,0.0219,0.048,0.0063,0.2284,0.0156,0,7249,6548,0.3879,14,15666097,18315332,1,,1
0301,Natural Resources Conservation and Research.,135160,3,1,,,6.0,,135160,Florida Gateway College,,0.0188,0.0125,0,0,0.0052,0.0063,0.0125,0.0647,0.0417,0,0.0209,0,0.0271,0,0,0.2722,0,0,0,0,0,0,0,0,0,0,0,0.1981,0,0,0,0,0.0219,0.048,0.0063,0.2284,0.0156,0,7249,6548,0.3879,14,15666097,18315332,1,,1
0301,Natural Resources Conservation and Research.,135160,3,2,,,6.0,,135160,Florida Gateway College,,0.0188,0.0125,0,0,0.0052,0.0063,0.0125,0.0647,0.0417,0,0.0209,0,0.0271,0,0,0.2722,0,0,0,0,0,0,0,0,0,0,0,0.1981,0,0,0,0,0.0219,0.048,0.0063,0.2284,0.0156,0,7249,6548,0.3879,14,15666097,18315332,1,,1
1204,Cosmetology and Related Personal Grooming Services.,135160,1,1,25.0,44.0,9.0,59.0,135160,Florida Gateway College,,0.0188,0.0125,0,0,0.0052,0.0063,0.0125,0.0647,0.0417,0,0.0209,0,0.0271,0,0,0.2722,0,0,0,0,0,0,0,0,0,0,0,0.1981,0,0,0,0,0.0219,0.048,0.0063,0.2284,0.0156,0,7249,6548,0.3879,14,15666097,18315332,1,,1
2401,"Liberal Arts and Sciences, General Studies and Humanities.",135160,3,2,74.0,90.0,20.0,77.0,135160,Florida Gateway College,,0.0188,0.0125,0,0,0.0052,0.0063,0.0125,0.0647,0.0417,0,0.0209,0,0.0271,0,0,0.2722,0,0,0,0,0,0,0,0,0,0,0,0.1981,0,0,0,0,0.0219,0.048,0.0063,0.2284,0.0156,0,7249,6548,0.3879,14,15666097,18315332,1,,1
4301,Criminal Justice and Corrections.,135160,1,1,,62.0,3.0,,135160,Florida Gateway College,,0.0188,0.0125,0,0,0.0052,0.0063,0.0125,0.0647,0.0417,0,0.0209,0,0.0271,0,0,0.2722,0,0,0,0,0,0,0,0,0,0,0,0.1981,0,0,0,0,0.0219,0.048,0.0063,0.2284,0.0156,0,7249,6548,0.3879,14,15666097,18315332,1,,1
4805,Precision Metal Working.,135160,1,1,,16.0,2.0,,135160,Florida Gateway College,,0.0188,0.0125,0,0,0.0052,0.0063,0.0125,0.0647,0.0417,0,0.0209,0,0.0271,0,0,0.2722,0,0,0,0,0,0,0,0,0,0,0,0.1981,0,0,0,0,0.0219,0.048,0.0063,0.2284,0.0156,0,7249,6548,0.3879,14,15666097,18315332,1,,1
5108,Allied Health and Medical Assisting Services.,135160,1,2,15.0,22.0,1.0,,135160,Florida Gateway College,,0.0188,0.0125,0,0,0.0052,0.0063,0.0125,0.0647,0.0417,0,0.0209,0,0.0271,0,0,0.2722,0,0,0,0,0,0,0,0,0,0,0,0.1981,0,0,0,0,0.0219,0.048,0.0063,0.2284,0.0156,0,7249,6548,0.3879,14,15666097,18315332,1,,1
5109,"Allied Health Diagnostic, Intervention, and Treatment Professions.",135160,1,1,11.0,23.0,1.0,,135160,Florida Gateway College,,0.0188,0.0125,0,0,0.0052,0.0063,0.0125,0.0647,0.0417,0,0.0209,0,0.0271,0,0,0.2722,0,0,0,0,0,0,0,0,0,0,0,0.1981,0,0,0,0,0.0219,0.048,0.0063,0.2284,0.0156,0,7249,6548,0.3879,14,15666097,18315332,1,,1
5138,"Registered Nursing, Nursing Administration, Nursing Research and Clinical Nursing.",135160,1,2,65.0,98.0,2.0,89.0,135160,Florida Gateway College,,0.0188,0.0125,0,0,0.0052,0.0063,0.0125,0.0647,0.0417,0,0.0209,0,0.0271,0,0,0.2722,0,0,0,0,0,0,0,0,0,0,0,0.1981,0,0,0,0,0.0219,0.048,0.0063,0.2284,0.0156,0,7249,6548,0.3879,14,15666097,18315332,1,,1
5138,"Registered Nursing, Nursing Administration, Nursing Research and Clinical Nursing.",135160,3,3,18.0,52.0,2.0,96.0,135160,Florida Gateway College,,0.0188,0.0125,0,0,0.0052,0.0063,0.0125,0.0647,0.0417,0,0.0209,0,0.0271,0,0,0.2722,0,0,0,0,0,0,0,0,0,0,0,0.1981,0,0,0,0,0.0219,0.048,0.0063,0.2284,0.0156,0,7249,6548,0.3879,14,15666097,18315332,1,,1
5139,"Practical Nursing, Vocational Nursing and Nursing Assistants.",135160,1,1,,17.0,0.0,,135160,Florida Gateway College,,0.0188,0.0125,0,0,0.0052,0.0063,0.0125,0.0647,0.0417,0,0.0209,0,0.0271,0,0,0.2722,0,0,0,0,0,0,0,0,0,0,0,0.1981,0,0,0,0,0.0219,0.048,0.0063,0.2284,0.0156,0,7249,6548,0.3879,14,15666097,18315332,1,,1
1204,Cosmetology and Related Personal Grooming Services.,135179,1,1,,22.0,3.0,,135179,Lake Technical College,26,0.0354,0,0,0,0,0,0.0397,0.1289,0,0,0.0283,0,0,0,0,0,0,0,0,0,0,0,0,0,0,0,0,0.2139,0,0,0,0.0595,0.1048,0,0,0.3725,0.017,0,12905,,,8,,,1,,1
4301,Criminal Justice and Corrections.,135179,1,1,,35.0,1.0,,135179,Lake Technical College,26,0.0354,0,0,0,0,0,0.0397,0.1289,0,0,0.0283,0,0,0,0,0,0,0,0,0,0,0,0,0,0,0,0,0.2139,0,0,0,0.0595,0.1048,0,0,0.3725,0.017,0,12905,,,8,,,1,,1
4706,Vehicle Maintenance and Repair Technologies/Technicians.,135179,1,1,,24.0,1.0,,135179,Lake Technical College,26,0.0354,0,0,0,0,0,0.0397,0.1289,0,0,0.0283,0,0,0,0,0,0,0,0,0,0,0,0,0,0,0,0,0.2139,0,0,0,0.0595,0.1048,0,0,0.3725,0.017,0,12905,,,8,,,1,,1
4805,Precision Metal Working.,135179,1,1,,29.0,3.0,,135179,Lake Technical College,26,0.0354,0,0,0,0,0,0.0397,0.1289,0,0,0.0283,0,0,0,0,0,0,0,0,0,0,0,0,0,0,0,0,0.2139,0,0,0,0.0595,0.1048,0,0,0.3725,0.017,0,12905,,,8,,,1,,1
5108,Allied Health and Medical Assisting Services.,135179,1,1,,34.0,1.0,,135179,Lake Technical College,26,0.0354,0,0,0,0,0,0.0397,0.1289,0,0,0.0283,0,0,0,0,0,0,0,0,0,0,0,0,0,0,0,0,0.2139,0,0,0,0.0595,0.1048,0,0,0.3725,0.017,0,12905,,,8,,,1,,1
5139,"Practical Nursing, Vocational Nursing and Nursing Assistants.",135179,1,1,,42.0,2.0,,135179,Lake Technical College,26,0.0354,0,0,0,0,0,0.0397,0.1289,0,0,0.0283,0,0,0,0,0,0,0,0,0,0,0,0,0,0,0,0,0.2139,0,0,0,0.0595,0.1048,0,0,0.3725,0.017,0,12905,,,8,,,1,,1
2401,"Liberal Arts and Sciences, General Studies and Humanities.",135188,1,2,78.0,100.0,15.0,63.0,135188,Lake-Sumter State College,,0,0,0,0,0,0,0.0405,0,0,0,0.0298,0,0,0,0,0.5876,0,0,0,0,0,0,0,0,0,0.0802,0,0.0074,0,0,0.0008,0,0,0,0,0.1182,0.1355,0,4398,6619,0.3448,28,11905416,13660157,1,,1
5138,"Registered Nursing, Nursing Administration, Nursing Research and Clinical Nursing.",135188,2,2,29.0,29.0,0.0,93.0,135188,Lake-Sumter State College,,0,0,0,0,0,0,0.0405,0,0,0,0.0298,0,0,0,0,0.5876,0,0,0,0,0,0,0,0,0,0.0802,0,0.0074,0,0,0.0008,0,0,0,0,0.1182,0.1355,0,4398,6619,0.3448,28,11905416,13660157,1,,1
1102,Computer Programming.,135267,1,1,,,3.0,,135267,Fort Myers Technical College,33,0,0,0,0,0,0,0.0224,0.0434,0,0,0.0741,0,0.0098,0,0,0,0,0,0,0,0,0,0,0,0,0,0,0.3552,0,0,0.1147,0.1161,0.049,0,0,0.2154,0,0,18682,,,21,,,1,,1
1204,Cosmetology and Related Personal Grooming Services.,135267,1,1,,,3.0,,135267,Fort Myers Technical College,33,0,0,0,0,0,0,0.0224,0.0434,0,0,0.0741,0,0.0098,0,0,0,0,0,0,0,0,0,0,0,0,0,0,0.3552,0,0,0.1147,0.1161,0.049,0,0,0.2154,0,0,18682,,,21,,,1,,1
1205,Culinary Arts and Related Services.,135267,1,1,,,2.0,,135267,Fort Myers Technical College,33,0,0,0,0,0,0,0.0224,0.0434,0,0,0.0741,0,0.0098,0,0,0,0,0,0,0,0,0,0,0,0,0,0,0.3552,0,0,0.1147,0.1161,0.049,0,0,0.2154,0,0,18682,,,21,,,1,,1
4301,Criminal Justice and Corrections.,135267,1,1,,17.0,1.0,,135267,Fort Myers Technical College,33,0,0,0,0,0,0,0.0224,0.0434,0,0,0.0741,0,0.0098,0,0,0,0,0,0,0,0,0,0,0,0,0,0,0.3552,0,0,0.1147,0.1161,0.049,0,0,0.2154,0,0,18682,,,21,,,1,,1
4702,"Heating, Air Conditioning, Ventilation and Refrigeration Maintenance Technology/Technician (HAC, HACR, HVAC, HVACR).",135267,1,1,,24.0,2.0,,135267,Fort Myers Technical College,33,0,0,0,0,0,0,0.0224,0.0434,0,0,0.0741,0,0.0098,0,0,0,0,0,0,0,0,0,0,0,0,0,0,0.3552,0,0,0.1147,0.1161,0.049,0,0,0.2154,0,0,18682,,,21,,,1,,1
4706,Vehicle Maintenance and Repair Technologies/Technicians.,135267,1,1,,33.0,3.0,,135267,Fort Myers Technical College,33,0,0,0,0,0,0,0.0224,0.0434,0,0,0.0741,0,0.0098,0,0,0,0,0,0,0,0,0,0,0,0,0,0,0.3552,0,0,0.1147,0.1161,0.049,0,0,0.2154,0,0,18682,,,21,,,1,,1
4805,Precision Metal Working.,135267,1,1,,,1.0,,135267,Fort Myers Technical College,33,0,0,0,0,0,0,0.0224,0.0434,0,0,0.0741,0,0.0098,0,0,0,0,0,0,0,0,0,0,0,0,0,0,0.3552,0,0,0.1147,0.1161,0.049,0,0,0.2154,0,0,18682,,,21,,,1,,1
5139,"Practical Nursing, Vocational Nursing and Nursing Assistants.",135267,1,1,,,1.0,,135267,Fort Myers Technical College,33,0,0,0,0,0,0,0.0224,0.0434,0,0,0.0741,0,0.0098,0,0,0,0,0,0,0,0,0,0,0,0,0,0,0.3552,0,0,0.1147,0.1161,0.049,0,0,0.2154,0,0,18682,,,21,,,1,,1
1204,Cosmetology and Related Personal Grooming Services.,135276,1,1,,43.0,7.0,,135276,Lively Technical College,35,0,0,0,0,0.0028,0,0,0.2603,0,0,0.0925,0,0,0,0,0,0,0,0,0,0,0,0,0,0,0,0,0,0,0,0.0754,0.1664,0.0797,0,0,0.3229,0,0,4998,,,15,,,1,,1
4603,Electrical and Power Transmission Installers.,135276,1,1,,,0.0,,135276,Lively Technical College,35,0,0,0,0,0.0028,0,0,0.2603,0,0,0.0925,0,0,0,0,0,0,0,0,0,0,0,0,0,0,0,0,0,0,0,0.0754,0.1664,0.0797,0,0,0.3229,0,0,4998,,,15,,,1,,1
4805,Precision Metal Working.,135276,1,1,,20.0,4.0,,135276,Lively Technical College,35,0,0,0,0,0.0028,0,0,0.2603,0,0,0.0925,0,0,0,0,0,0,0,0,0,0,0,0,0,0,0,0,0,0,0,0.0754,0.1664,0.0797,0,0,0.3229,0,0,4998,,,15,,,1,,1
5139,"Practical Nursing, Vocational Nursing and Nursing Assistants.",135276,1,1,,49.0,0.0,,135276,Lively Technical College,35,0,0,0,0,0.0028,0,0,0.2603,0,0,0.0925,0,0,0,0,0,0,0,0,0,0,0,0,0,0,0,0,0,0,0,0.0754,0.1664,0.0797,0,0,0.3229,0,0,4998,,,15,,,1,,1
4706,Vehicle Maintenance and Repair Technologies/Technicians.,135294,1,1,,,0.0,,135294,Lindsey Hopkins Technical College,21,0,0,0,0,0,0,0.0688,0.2275,0,0,0.0899,0,0.0159,0,0,0,0,0,0,0,0,0,0,0,0,0,0,0,0,0,0.1005,0.1429,0,0,0.0265,0.328,0,0,18133,,,15,,,0,,1
1204,Cosmetology and Related Personal Grooming Services.,135337,1,1,65.0,65.0,10.0,67.0,135337,Loraines Academy & Spa,11,0,0,0,0,0,0,0,0.8125,0,0,0,0,0,0,0,0,0,0,0,0,0,0,0,0,0,0,0,0,0,0,0,0,0,0,0,0.1875,0,0,3482,,,20,,,0,,1
5135,Somatic Bodywork and Related Therapeutic Services.,135337,1,1,11.0,,0.0,,135337,Loraines Academy & Spa,11,0,0,0,0,0,0,0,0.8125,0,0,0,0,0,0,0,0,0,0,0,0,0,0,0,0,0,0,0,0,0,0,0,0,0,0,0,0.1875,0,0,3482,,,20,,,0,,1
2401,"Liberal Arts and Sciences, General Studies and Humanities.",135391,1,2,138.0,69.0,10.0,58.0,135391,State College of Florida-Manatee-Sarasota,,0,0,0,0,0.0006,0,0.044,0,0.0463,0,0.0062,0,0.0034,0.0062,0,0.5703,0,0,0,0,0.0006,0,0,0,0,0.0056,0,0.0339,0,0,0.0051,0,0,0,0.0006,0.2134,0.0638,0,7445,7085,0.3742,23,73521264,73521265,1,,1
5138,"Registered Nursing, Nursing Administration, Nursing Research and Clinical Nursing.",135391,1,2,19.0,,0.0,140.0,135391,State College of Florida-Manatee-Sarasota,,0,0,0,0,0.0006,0,0.044,0,0.0463,0,0.0062,0,0.0034,0.0062,0,0.5703,0,0,0,0,0.0006,0,0,0,0,0.0056,0,0.0339,0,0,0.0051,0,0,0,0.0006,0.2134,0.0638,0,7445,7085,0.3742,23,73521264,73521265,1,,1
5138,"Registered Nursing, Nursing Administration, Nursing Research and Clinical Nursing.",135391,3,3,16.0,51.0,0.0,118.0,135391,State College of Florida-Manatee-Sarasota,,0,0,0,0,0.0006,0,0.044,0,0.0463,0,0.0062,0,0.0034,0.0062,0,0.5703,0,0,0,0,0.0006,0,0,0,0,0.0056,0,0.0339,0,0,0.0051,0,0,0,0.0006,0.2134,0.0638,0,7445,7085,0.3742,23,73521264,73521265,1,,1
1003,Graphic Communications.,135407,1,1,,,0.0,,135407,Manatee Technical College,55,0,0,0,0,0,0.0269,0.0382,0.3333,0,0,0.1055,0,0.0079,0,0,0,0,0,0,0,0,0,0,0,0,0,0,0.1111,0,0,0.0393,0.0864,0.0572,0,0.0034,0.1785,0.0123,0,8020,,,10,,,1,,1
1204,Cosmetology and Related Personal Grooming Services.,135407,1,1,,106.0,15.0,,135407,Manatee Technical College,55,0,0,0,0,0,0.0269,0.0382,0.3333,0,0,0.1055,0,0.0079,0,0,0,0,0,0,0,0,0,0,0,0,0,0,0.1111,0,0,0.0393,0.0864,0.0572,0,0.0034,0.1785,0.0123,0,8020,,,10,,,1,,1
4301,Criminal Justice and Corrections.,135407,1,1,,41.0,0.0,,135407,Manatee Technical College,55,0,0,0,0,0,0.0269,0.0382,0.3333,0,0,0.1055,0,0.0079,0,0,0,0,0,0,0,0,0,0,0,0,0,0,0.1111,0,0,0.0393,0.0864,0.0572,0,0.0034,0.1785,0.0123,0,8020,,,10,,,1,,1
4702,"Heating, Air Conditioning, Ventilation and Refrigeration Maintenance Technology/Technician (HAC, HACR, HVAC, HVACR).",135407,1,1,,18.0,0.0,,135407,Manatee Technical College,55,0,0,0,0,0,0.0269,0.0382,0.3333,0,0,0.1055,0,0.0079,0,0,0,0,0,0,0,0,0,0,0,0,0,0,0.1111,0,0,0.0393,0.0864,0.0572,0,0.0034,0.1785,0.0123,0,8020,,,10,,,1,,1
4706,Vehicle Maintenance and Repair Technologies/Technicians.,135407,1,1,,37.0,1.0,,135407,Manatee Technical College,55,0,0,0,0,0,0.0269,0.0382,0.3333,0,0,0.1055,0,0.0079,0,0,0,0,0,0,0,0,0,0,0,0,0,0,0.1111,0,0,0.0393,0.0864,0.0572,0,0.0034,0.1785,0.0123,0,8020,,,10,,,1,,1
4805,Precision Metal Working.,135407,1,1,,29.0,0.0,,135407,Manatee Technical College,55,0,0,0,0,0,0.0269,0.0382,0.3333,0,0,0.1055,0,0.0079,0,0,0,0,0,0,0,0,0,0,0,0,0,0,0.1111,0,0,0.0393,0.0864,0.0572,0,0.0034,0.1785,0.0123,0,8020,,,10,,,1,,1
5106,Dental Support Services and Allied Professions.,135407,1,1,,26.0,0.0,,135407,Manatee Technical College,55,0,0,0,0,0,0.0269,0.0382,0.3333,0,0,0.1055,0,0.0079,0,0,0,0,0,0,0,0,0,0,0,0,0,0,0.1111,0,0,0.0393,0.0864,0.0572,0,0.0034,0.1785,0.0123,0,8020,,,10,,,1,,1
5109,"Allied Health Diagnostic, Intervention, and Treatment Professions.",135407,1,1,,40.0,1.0,,135407,Manatee Technical College,55,0,0,0,0,0,0.0269,0.0382,0.3333,0,0,0.1055,0,0.0079,0,0,0,0,0,0,0,0,0,0,0,0,0,0,0.1111,0,0,0.0393,0.0864,0.0572,0,0.0034,0.1785,0.0123,0,8020,,,10,,,1,,1
5139,"Practical Nursing, Vocational Nursing and Nursing Assistants.",135407,1,1,,49.0,2.0,,135407,Manatee Technical College,55,0,0,0,0,0,0.0269,0.0382,0.3333,0,0,0.1055,0,0.0079,0,0,0,0,0,0,0,0,0,0,0,0,0,0,0.1111,0,0,0.0393,0.0864,0.0572,0,0.0034,0.1785,0.0123,0,8020,,,10,,,1,,1
1204,Cosmetology and Related Personal Grooming Services.,135522,1,1,,32.0,6.0,,135522,Traviss Technical College,22,0,0,0,0,0,0.0086,0.0688,0.0774,0,0,0.0774,0,0,0,0,0,0,0,0,0,0,0,0,0,0,0,0,0,0,0,0.0487,0.2178,0.0602,0,0,0.4384,0.0029,0,7091,,,16,,,1,,1
4706,Vehicle Maintenance and Repair Technologies/Technicians.,135522,1,1,,27.0,0.0,,135522,Traviss Technical College,22,0,0,0,0,0,0.0086,0.0688,0.0774,0,0,0.0774,0,0,0,0,0,0,0,0,0,0,0,0,0,0,0,0,0,0,0,0.0487,0.2178,0.0602,0,0,0.4384,0.0029,0,7091,,,16,,,1,,1
5139,"Practical Nursing, Vocational Nursing and Nursing Assistants.",135522,1,1,,34.0,0.0,,135522,Traviss Technical College,22,0,0,0,0,0,0.0086,0.0688,0.0774,0,0,0.0774,0,0,0,0,0,0,0,0,0,0,0,0,0,0,0,0,0,0,0,0.0487,0.2178,0.0602,0,0,0.4384,0.0029,0,7091,,,16,,,1,,1
0105,Agricultural and Domestic Animal Services.,135559,1,1,48.0,46.0,8.0,67.0,135559,Merryfield Academy,4,1,0,0,0,0,0,0,0,0,0,0,0,0,0,0,0,0,0,0,0,0,0,0,0,0,0,0,0,0,0,0,0,0,0,0,0,0,0,5283,,,9,,,0,,1
0183,Veterinary/Animal Health Technologies/Technicians.,135717,1,2,,22.0,2.0,,135717,Miami Dade College,,0.0019,0,0.0004,0,0,0.0049,0.0394,0.0089,0.007,0,0.0031,0,0.0033,0.0017,0,0.3144,0,0.0018,0,0,0.002,0,0,0,0,0.0001,0,0.0328,0,0,0,0.0016,0,0.0025,0.0152,0.0856,0.4736,0,5021,8057,0.1899,22,270731154,282065101,1,,1
1003,Graphic Communications.,135717,1,2,,22.0,4.0,,135717,Miami Dade College,,0.0019,0,0.0004,0,0,0.0049,0.0394,0.0089,0.007,0,0.0031,0,0.0033,0.0017,0,0.3144,0,0.0018,0,0,0.002,0,0,0,0,0.0001,0,0.0328,0,0,0,0.0016,0,0.0025,0.0152,0.0856,0.4736,0,5021,8057,0.1899,22,270731154,282065101,1,,1
1101,"Computer and Information Sciences, General.",135717,1,1,,,3.0,,135717,Miami Dade College,,0.0019,0,0.0004,0,0,0.0049,0.0394,0.0089,0.007,0,0.0031,0,0.0033,0.0017,0,0.3144,0,0.0018,0,0,0.002,0,0,0,0,0.0001,0,0.0328,0,0,0,0.0016,0,0.0025,0.0152,0.0856,0.4736,0,5021,8057,0.1899,22,270731154,282065101,1,,1
1101,"Computer and Information Sciences, General.",135717,1,2,13.0,,2.0,,135717,Miami Dade College,,0.0019,0,0.0004,0,0,0.0049,0.0394,0.0089,0.007,0,0.0031,0,0.0033,0.0017,0,0.3144,0,0.0018,0,0,0.002,0,0,0,0,0.0001,0,0.0328,0,0,0,0.0016,0,0.0025,0.0152,0.0856,0.4736,0,5021,8057,0.1899,22,270731154,282065101,1,,1
1101,"Computer and Information Sciences, General.",135717,2,3,26.0,136.0,6.0,111.0,135717,Miami Dade College,,0.0019,0,0.0004,0,0,0.0049,0.0394,0.0089,0.007,0,0.0031,0,0.0033,0.0017,0,0.3144,0,0.0018,0,0,0.002,0,0,0,0,0.0001,0,0.0328,0,0,0,0.0016,0,0.0025,0.0152,0.0856,0.4736,0,5021,8057,0.1899,22,270731154,282065101,1,,1
1110,Computer/Information Technology Administration and Management.,135717,1,1,,17.0,2.0,,135717,Miami Dade College,,0.0019,0,0.0004,0,0,0.0049,0.0394,0.0089,0.007,0,0.0031,0,0.0033,0.0017,0,0.3144,0,0.0018,0,0,0.002,0,0,0,0,0.0001,0,0.0328,0,0,0,0.0016,0,0.0025,0.0152,0.0856,0.4736,0,5021,8057,0.1899,22,270731154,282065101,1,,1
1205,Culinary Arts and Related Services.,135717,1,1,14.0,,2.0,111.0,135717,Miami Dade College,,0.0019,0,0.0004,0,0,0.0049,0.0394,0.0089,0.007,0,0.0031,0,0.0033,0.0017,0,0.3144,0,0.0018,0,0,0.002,0,0,0,0,0.0001,0,0.0328,0,0,0,0.0016,0,0.0025,0.0152,0.0856,0.4736,0,5021,8057,0.1899,22,270731154,282065101,1,,1
1205,Culinary Arts and Related Services.,135717,1,2,12.0,18.0,1.0,,135717,Miami Dade College,,0.0019,0,0.0004,0,0,0.0049,0.0394,0.0089,0.007,0,0.0031,0,0.0033,0.0017,0,0.3144,0,0.0018,0,0,0.002,0,0,0,0,0.0001,0,0.0328,0,0,0,0.0016,0,0.0025,0.0152,0.0856,0.4736,0,5021,8057,0.1899,22,270731154,282065101,1,,1
1310,Special Education and Teaching.,135717,1,3,14.0,53.0,1.0,114.0,135717,Miami Dade College,,0.0019,0,0.0004,0,0,0.0049,0.0394,0.0089,0.007,0,0.0031,0,0.0033,0.0017,0,0.3144,0,0.0018,0,0,0.002,0,0,0,0,0.0001,0,0.0328,0,0,0,0.0016,0,0.0025,0.0152,0.0856,0.4736,0,5021,8057,0.1899,22,270731154,282065101,1,,1
1312,"Teacher Education and Professional Development, Specific Levels and Methods.",135717,1,3,18.0,43.0,0.0,,135717,Miami Dade College,,0.0019,0,0.0004,0,0,0.0049,0.0394,0.0089,0.007,0,0.0031,0,0.0033,0.0017,0,0.3144,0,0.0018,0,0,0.002,0,0,0,0,0.0001,0,0.0328,0,0,0,0.0016,0,0.0025,0.0152,0.0856,0.4736,0,5021,8057,0.1899,22,270731154,282065101,1,,1
1513,Drafting/Design Engineering Technologies/Technicians.,135717,1,1,,,2.0,,135717,Miami Dade College,,0.0019,0,0.0004,0,0,0.0049,0.0394,0.0089,0.007,0,0.0031,0,0.0033,0.0017,0,0.3144,0,0.0018,0,0,0.002,0,0,0,0,0.0001,0,0.0328,0,0,0,0.0016,0,0.0025,0.0152,0.0856,0.4736,0,5021,8057,0.1899,22,270731154,282065101,1,,1
1907,"Human Development, Family Studies, and Related Services.",135717,1,1,,,1.0,,135717,Miami Dade College,,0.0019,0,0.0004,0,0,0.0049,0.0394,0.0089,0.007,0,0.0031,0,0.0033,0.0017,0,0.3144,0,0.0018,0,0,0.002,0,0,0,0,0.0001,0,0.0328,0,0,0,0.0016,0,0.0025,0.0152,0.0856,0.4736,0,5021,8057,0.1899,22,270731154,282065101,1,,1
2203,Legal Support Services.,135717,1,2,15.0,31.0,1.0,116.0,135717,Miami Dade College,,0.0019,0,0.0004,0,0,0.0049,0.0394,0.0089,0.007,0,0.0031,0,0.0033,0.0017,0,0.3144,0,0.0018,0,0,0.002,0,0,0,0,0.0001,0,0.0328,0,0,0,0.0016,0,0.0025,0.0152,0.0856,0.4736,0,5021,8057,0.1899,22,270731154,282065101,1,,1
2401,"Liberal Arts and Sciences, General Studies and Humanities.",135717,1,2,808.0,2010.0,247.0,90.0,135717,Miami Dade College,,0.0019,0,0.0004,0,0,0.0049,0.0394,0.0089,0.007,0,0.0031,0,0.0033,0.0017,0,0.3144,0,0.0018,0,0,0.002,0,0,0,0,0.0001,0,0.0328,0,0,0,0.0016,0,0.0025,0.0152,0.0856,0.4736,0,5021,8057,0.1899,22,270731154,282065101,1,,1
2601,"Biology, General.",135717,1,3,10.0,22.0,8.0,,135717,Miami Dade College,,0.0019,0,0.0004,0,0,0.0049,0.0394,0.0089,0.007,0,0.0031,0,0.0033,0.0017,0,0.3144,0,0.0018,0,0,0.002,0,0,0,0,0.0001,0,0.0328,0,0,0,0.0016,0,0.0025,0.0152,0.0856,0.4736,0,5021,8057,0.1899,22,270731154,282065101,1,,1
4301,Criminal Justice and Corrections.,135717,1,1,11.0,49.0,1.0,63.0,135717,Miami Dade College,,0.0019,0,0.0004,0,0,0.0049,0.0394,0.0089,0.007,0,0.0031,0,0.0033,0.0017,0,0.3144,0,0.0018,0,0,0.002,0,0,0,0,0.0001,0,0.0328,0,0,0,0.0016,0,0.0025,0.0152,0.0856,0.4736,0,5021,8057,0.1899,22,270731154,282065101,1,,1
4304,Security Science and Technology.,135717,1,1,,,2.0,,135717,Miami Dade College,,0.0019,0,0.0004,0,0,0.0049,0.0394,0.0089,0.007,0,0.0031,0,0.0033,0.0017,0,0.3144,0,0.0018,0,0,0.002,0,0,0,0,0.0001,0,0.0328,0,0,0,0.0016,0,0.0025,0.0152,0.0856,0.4736,0,5021,8057,0.1899,22,270731154,282065101,1,,1
4304,Security Science and Technology.,135717,1,2,,,0.0,,135717,Miami Dade College,,0.0019,0,0.0004,0,0,0.0049,0.0394,0.0089,0.007,0,0.0031,0,0.0033,0.0017,0,0.3144,0,0.0018,0,0,0.002,0,0,0,0,0.0001,0,0.0328,0,0,0,0.0016,0,0.0025,0.0152,0.0856,0.4736,0,5021,8057,0.1899,22,270731154,282065101,1,,1
4399,"Homeland Security, Law Enforcement, Firefighting and Related Protective Services, Other.",135717,1,3,32.0,140.0,13.0,138.0,135717,Miami Dade College,,0.0019,0,0.0004,0,0,0.0049,0.0394,0.0089,0.007,0,0.0031,0,0.0033,0.0017,0,0.3144,0,0.0018,0,0,0.002,0,0,0,0,0.0001,0,0.0328,0,0,0,0.0016,0,0.0025,0.0152,0.0856,0.4736,0,5021,8057,0.1899,22,270731154,282065101,1,,1
4901,Air Transportation.,135717,1,2,,,0.0,,135717,Miami Dade College,,0.0019,0,0.0004,0,0,0.0049,0.0394,0.0089,0.007,0,0.0031,0,0.0033,0.0017,0,0.3144,0,0.0018,0,0,0.002,0,0,0,0,0.0001,0,0.0328,0,0,0,0.0016,0,0.0025,0.0152,0.0856,0.4736,0,5021,8057,0.1899,22,270731154,282065101,1,,1
5006,Film/Video and Photographic Arts.,135717,1,2,,18.0,3.0,,135717,Miami Dade College,,0.0019,0,0.0004,0,0,0.0049,0.0394,0.0089,0.007,0,0.0031,0,0.0033,0.0017,0,0.3144,0,0.0018,0,0,0.002,0,0,0,0,0.0001,0,0.0328,0,0,0,0.0016,0,0.0025,0.0152,0.0856,0.4736,0,5021,8057,0.1899,22,270731154,282065101,1,,1
5006,Film/Video and Photographic Arts.,135717,1,3,17.0,47.0,4.0,,135717,Miami Dade College,,0.0019,0,0.0004,0,0,0.0049,0.0394,0.0089,0.007,0,0.0031,0,0.0033,0.0017,0,0.3144,0,0.0018,0,0,0.002,0,0,0,0,0.0001,0,0.0328,0,0,0,0.0016,0,0.0025,0.0152,0.0856,0.4736,0,5021,8057,0.1899,22,270731154,282065101,1,,1
5009,Music.,135717,1,2,,,2.0,,135717,Miami Dade College,,0.0019,0,0.0004,0,0,0.0049,0.0394,0.0089,0.007,0,0.0031,0,0.0033,0.0017,0,0.3144,0,0.0018,0,0,0.002,0,0,0,0,0.0001,0,0.0328,0,0,0,0.0016,0,0.0025,0.0152,0.0856,0.4736,0,5021,8057,0.1899,22,270731154,282065101,1,,1
5106,Dental Support Services and Allied Professions.,135717,1,2,31.0,55.0,3.0,186.0,135717,Miami Dade College,,0.0019,0,0.0004,0,0,0.0049,0.0394,0.0089,0.007,0,0.0031,0,0.0033,0.0017,0,0.3144,0,0.0018,0,0,0.002,0,0,0,0,0.0001,0,0.0328,0,0,0,0.0016,0,0.0025,0.0152,0.0856,0.4736,0,5021,8057,0.1899,22,270731154,282065101,1,,1
5107,Health and Medical Administrative Services.,135717,1,1,,,0.0,,135717,Miami Dade College,,0.0019,0,0.0004,0,0,0.0049,0.0394,0.0089,0.007,0,0.0031,0,0.0033,0.0017,0,0.3144,0,0.0018,0,0,0.002,0,0,0,0,0.0001,0,0.0328,0,0,0,0.0016,0,0.0025,0.0152,0.0856,0.4736,0,5021,8057,0.1899,22,270731154,282065101,1,,1
5107,Health and Medical Administrative Services.,135717,1,2,,,0.0,131.0,135717,Miami Dade College,,0.0019,0,0.0004,0,0,0.0049,0.0394,0.0089,0.007,0,0.0031,0,0.0033,0.0017,0,0.3144,0,0.0018,0,0,0.002,0,0,0,0,0.0001,0,0.0328,0,0,0,0.0016,0,0.0025,0.0152,0.0856,0.4736,0,5021,8057,0.1899,22,270731154,282065101,1,,1
5108,Allied Health and Medical Assisting Services.,135717,1,1,,31.0,2.0,,135717,Miami Dade College,,0.0019,0,0.0004,0,0,0.0049,0.0394,0.0089,0.007,0,0.0031,0,0.0033,0.0017,0,0.3144,0,0.0018,0,0,0.002,0,0,0,0,0.0001,0,0.0328,0,0,0,0.0016,0,0.0025,0.0152,0.0856,0.4736,0,5021,8057,0.1899,22,270731154,282065101,1,,1
5108,Allied Health and Medical Assisting Services.,135717,1,2,32.0,56.0,2.0,127.0,135717,Miami Dade College,,0.0019,0,0.0004,0,0,0.0049,0.0394,0.0089,0.007,0,0.0031,0,0.0033,0.0017,0,0.3144,0,0.0018,0,0,0.002,0,0,0,0,0.0001,0,0.0328,0,0,0,0.0016,0,0.0025,0.0152,0.0856,0.4736,0,5021,8057,0.1899,22,270731154,282065101,1,,1
5109,"Allied Health Diagnostic, Intervention, and Treatment Professions.",135717,1,1,,47.0,1.0,111.0,135717,Miami Dade College,,0.0019,0,0.0004,0,0,0.0049,0.0394,0.0089,0.007,0,0.0031,0,0.0033,0.0017,0,0.3144,0,0.0018,0,0,0.002,0,0,0,0,0.0001,0,0.0328,0,0,0,0.0016,0,0.0025,0.0152,0.0856,0.4736,0,5021,8057,0.1899,22,270731154,282065101,1,,1
5109,"Allied Health Diagnostic, Intervention, and Treatment Professions.",135717,1,2,78.0,164.0,6.0,111.0,135717,Miami Dade College,,0.0019,0,0.0004,0,0,0.0049,0.0394,0.0089,0.007,0,0.0031,0,0.0033,0.0017,0,0.3144,0,0.0018,0,0,0.002,0,0,0,0,0.0001,0,0.0328,0,0,0,0.0016,0,0.0025,0.0152,0.0856,0.4736,0,5021,8057,0.1899,22,270731154,282065101,1,,1
5110,Clinical/Medical Laboratory Science/Research and Allied Professions.,135717,1,1,,24.0,2.0,,135717,Miami Dade College,,0.0019,0,0.0004,0,0,0.0049,0.0394,0.0089,0.007,0,0.0031,0,0.0033,0.0017,0,0.3144,0,0.0018,0,0,0.002,0,0,0,0,0.0001,0,0.0328,0,0,0,0.0016,0,0.0025,0.0152,0.0856,0.4736,0,5021,8057,0.1899,22,270731154,282065101,1,,1
5110,Clinical/Medical Laboratory Science/Research and Allied Professions.,135717,1,2,19.0,68.0,1.0,155.0,135717,Miami Dade College,,0.0019,0,0.0004,0,0,0.0049,0.0394,0.0089,0.007,0,0.0031,0,0.0033,0.0017,0,0.3144,0,0.0018,0,0,0.002,0,0,0,0,0.0001,0,0.0328,0,0,0,0.0016,0,0.0025,0.0152,0.0856,0.4736,0,5021,8057,0.1899,22,270731154,282065101,1,,1
5135,Somatic Bodywork and Related Therapeutic Services.,135717,1,1,,32.0,2.0,,135717,Miami Dade College,,0.0019,0,0.0004,0,0,0.0049,0.0394,0.0089,0.007,0,0.0031,0,0.0033,0.0017,0,0.3144,0,0.0018,0,0,0.002,0,0,0,0,0.0001,0,0.0328,0,0,0,0.0016,0,0.0025,0.0152,0.0856,0.4736,0,5021,8057,0.1899,22,270731154,282065101,1,,1
5138,"Registered Nursing, Nursing Administration, Nursing Research and Clinical Nursing.",135717,1,2,207.0,349.0,7.0,101.0,135717,Miami Dade College,,0.0019,0,0.0004,0,0,0.0049,0.0394,0.0089,0.007,0,0.0031,0,0.0033,0.0017,0,0.3144,0,0.0018,0,0,0.002,0,0,0,0,0.0001,0,0.0328,0,0,0,0.0016,0,0.0025,0.0152,0.0856,0.4736,0,5021,8057,0.1899,22,270731154,282065101,1,,1
5138,"Registered Nursing, Nursing Administration, Nursing Research and Clinical Nursing.",135717,1,3,39.0,271.0,6.0,103.0,135717,Miami Dade College,,0.0019,0,0.0004,0,0,0.0049,0.0394,0.0089,0.007,0,0.0031,0,0.0033,0.0017,0,0.3144,0,0.0018,0,0,0.002,0,0,0,0,0.0001,0,0.0328,0,0,0,0.0016,0,0.0025,0.0152,0.0856,0.4736,0,5021,8057,0.1899,22,270731154,282065101,1,,1
5202,"Business Administration, Management and Operations.",135717,1,1,39.0,343.0,48.0,90.0,135717,Miami Dade College,,0.0019,0,0.0004,0,0,0.0049,0.0394,0.0089,0.007,0,0.0031,0,0.0033,0.0017,0,0.3144,0,0.0018,0,0,0.002,0,0,0,0,0.0001,0,0.0328,0,0,0,0.0016,0,0.0025,0.0152,0.0856,0.4736,0,5021,8057,0.1899,22,270731154,282065101,1,,1
5202,"Business Administration, Management and Operations.",135717,1,2,11.0,27.0,1.0,,135717,Miami Dade College,,0.0019,0,0.0004,0,0,0.0049,0.0394,0.0089,0.007,0,0.0031,0,0.0033,0.0017,0,0.3144,0,0.0018,0,0,0.002,0,0,0,0,0.0001,0,0.0328,0,0,0,0.0016,0,0.0025,0.0152,0.0856,0.4736,0,5021,8057,0.1899,22,270731154,282065101,1,,1
5202,"Business Administration, Management and Operations.",135717,1,3,124.0,354.0,34.0,129.0,135717,Miami Dade College,,0.0019,0,0.0004,0,0,0.0049,0.0394,0.0089,0.007,0,0.0031,0,0.0033,0.0017,0,0.3144,0,0.0018,0,0,0.002,0,0,0,0,0.0001,0,0.0328,0,0,0,0.0016,0,0.0025,0.0152,0.0856,0.4736,0,5021,8057,0.1899,22,270731154,282065101,1,,1
5203,Accounting and Related Services.,135717,2,2,,,3.0,,135717,Miami Dade College,,0.0019,0,0.0004,0,0,0.0049,0.0394,0.0089,0.007,0,0.0031,0,0.0033,0.0017,0,0.3144,0,0.0018,0,0,0.002,0,0,0,0,0.0001,0,0.0328,0,0,0,0.0016,0,0.0025,0.0152,0.0856,0.4736,0,5021,8057,0.1899,22,270731154,282065101,1,,1
5213,Management Sciences and Quantitative Methods.,135717,1,1,,,0.0,,135717,Miami Dade College,,0.0019,0,0.0004,0,0,0.0049,0.0394,0.0089,0.007,0,0.0031,0,0.0033,0.0017,0,0.3144,0,0.0018,0,0,0.002,0,0,0,0,0.0001,0,0.0328,0,0,0,0.0016,0,0.0025,0.0152,0.0856,0.4736,0,5021,8057,0.1899,22,270731154,282065101,1,,1
0302,Environmental/Natural Resources Management and Policy.,135726,1,5,41.0,50.0,3.0,752.0,135726,University of Miami,,0,0.0231,0.0308,0.002,0.0951,0,0.0251,0,0.0114,0.0529,0,0.0013,0.004,0.0154,0.0084,0.0097,0,0.0975,0.005,0,0.002,0.0248,0.003,0,0.0154,0,0.0549,0,0.0007,0.0931,0,0,0,0,0.066,0.147,0.2046,0.0067,36040,16043,0.7078,11,1365713194,1589857455,0,0.189,2
0402,Architecture.,135726,0,3,28.0,16.0,0.0,,135726,University of Miami,,0,0.0231,0.0308,0.002,0.0951,0,0.0251,0,0.0114,0.0529,0,0.0013,0.004,0.0154,0.0084,0.0097,0,0.0975,0.005,0,0.002,0.0248,0.003,0,0.0154,0,0.0549,0,0.0007,0.0931,0,0,0,0,0.066,0.147,0.2046,0.0067,36040,16043,0.7078,11,1365713194,1589857455,0,0.189,2
0904,Journalism.,135726,1,3,20.0,27.0,1.0,164.0,135726,University of Miami,,0,0.0231,0.0308,0.002,0.0951,0,0.0251,0,0.0114,0.0529,0,0.0013,0.004,0.0154,0.0084,0.0097,0,0.0975,0.005,0,0.002,0.0248,0.003,0,0.0154,0,0.0549,0,0.0007,0.0931,0,0,0,0,0.066,0.147,0.2046,0.0067,36040,16043,0.7078,11,1365713194,1589857455,0,0.189,2
0907,"Radio, Television, and Digital Communication.",135726,1,3,24.0,37.0,2.0,204.0,135726,University of Miami,,0,0.0231,0.0308,0.002,0.0951,0,0.0251,0,0.0114,0.0529,0,0.0013,0.004,0.0154,0.0084,0.0097,0,0.0975,0.005,0,0.002,0.0248,0.003,0,0.0154,0,0.0549,0,0.0007,0.0931,0,0,0,0,0.066,0.147,0.2046,0.0067,36040,16043,0.7078,11,1365713194,1589857455,0,0.189,2
0909,"Public Relations, Advertising, and Applied Communication.",135726,1,3,71.0,88.0,11.0,180.0,135726,University of Miami,,0,0.0231,0.0308,0.002,0.0951,0,0.0251,0,0.0114,0.0529,0,0.0013,0.004,0.0154,0.0084,0.0097,0,0.0975,0.005,0,0.002,0.0248,0.003,0,0.0154,0,0.0549,0,0.0007,0.0931,0,0,0,0,0.066,0.147,0.2046,0.0067,36040,16043,0.7078,11,1365713194,1589857455,0,0.189,2
1107,Computer Science.,135726,1,3,40.0,37.0,6.0,197.0,135726,University of Miami,,0,0.0231,0.0308,0.002,0.0951,0,0.0251,0,0.0114,0.0529,0,0.0013,0.004,0.0154,0.0084,0.0097,0,0.0975,0.005,0,0.002,0.0248,0.003,0,0.0154,0,0.0549,0,0.0007,0.0931,0,0,0,0,0.066,0.147,0.2046,0.0067,36040,16043,0.7078,11,1365713194,1589857455,0,0.189,2
1110,Computer/Information Technology Administration and Management.,135726,1,3,16.0,17.0,3.0,130.0,135726,University of Miami,,0,0.0231,0.0308,0.002,0.0951,0,0.0251,0,0.0114,0.0529,0,0.0013,0.004,0.0154,0.0084,0.0097,0,0.0975,0.005,0,0.002,0.0248,0.003,0,0.0154,0,0.0549,0,0.0007,0.0931,0,0,0,0,0.066,0.147,0.2046,0.0067,36040,16043,0.7078,11,1365713194,1589857455,0,0.189,2
1405,Biomedical/Medical Engineering.,135726,1,3,49.0,46.0,4.0,195.0,135726,University of Miami,,0,0.0231,0.0308,0.002,0.0951,0,0.0251,0,0.0114,0.0529,0,0.0013,0.004,0.0154,0.0084,0.0097,0,0.0975,0.005,0,0.002,0.0248,0.003,0,0.0154,0,0.0549,0,0.0007,0.0931,0,0,0,0,0.066,0.147,0.2046,0.0067,36040,16043,0.7078,11,1365713194,1589857455,0,0.189,2
1410,"Electrical, Electronics, and Communications Engineering.",135726,1,3,12.0,,2.0,,135726,University of Miami,,0,0.0231,0.0308,0.002,0.0951,0,0.0251,0,0.0114,0.0529,0,0.0013,0.004,0.0154,0.0084,0.0097,0,0.0975,0.005,0,0.002,0.0248,0.003,0,0.0154,0,0.0549,0,0.0007,0.0931,0,0,0,0,0.066,0.147,0.2046,0.0067,36040,16043,0.7078,11,1365713194,1589857455,0,0.189,2
1419,Mechanical Engineering.,135726,1,3,26.0,23.0,1.0,187.0,135726,University of Miami,,0,0.0231,0.0308,0.002,0.0951,0,0.0251,0,0.0114,0.0529,0,0.0013,0.004,0.0154,0.0084,0.0097,0,0.0975,0.005,0,0.002,0.0248,0.003,0,0.0154,0,0.0549,0,0.0007,0.0931,0,0,0,0,0.066,0.147,0.2046,0.0067,36040,16043,0.7078,11,1365713194,1589857455,0,0.189,2
1435,Industrial Engineering.,135726,1,3,29.0,25.0,1.0,160.0,135726,University of Miami,,0,0.0231,0.0308,0.002,0.0951,0,0.0251,0,0.0114,0.0529,0,0.0013,0.004,0.0154,0.0084,0.0097,0,0.0975,0.005,0,0.002,0.0248,0.003,0,0.0154,0,0.0549,0,0.0007,0.0931,0,0,0,0,0.066,0.147,0.2046,0.0067,36040,16043,0.7078,11,1365713194,1589857455,0,0.189,2
2200,Non-Professional Legal Studies.,135726,1,3,20.0,18.0,5.0,165.0,135726,University of Miami,,0,0.0231,0.0308,0.002,0.0951,0,0.0251,0,0.0114,0.0529,0,0.0013,0.004,0.0154,0.0084,0.0097,0,0.0975,0.005,0,0.002,0.0248,0.003,0,0.0154,0,0.0549,0,0.0007,0.0931,0,0,0,0,0.066,0.147,0.2046,0.0067,36040,16043,0.7078,11,1365713194,1589857455,0,0.189,2
2201,Law.,135726,1,7,379.0,347.0,25.0,1692.0,135726,University of Miami,,0,0.0231,0.0308,0.002,0.0951,0,0.0251,0,0.0114,0.0529,0,0.0013,0.004,0.0154,0.0084,0.0097,0,0.0975,0.005,0,0.002,0.0248,0.003,0,0.0154,0,0.0549,0,0.0007,0.0931,0,0,0,0,0.066,0.147,0.2046,0.0067,36040,16043,0.7078,11,1365713194,1589857455,0,0.189,2
2202,Legal Research and Advanced Professional Studies.,135726,2,5,21.0,28.0,3.0,,135726,University of Miami,,0,0.0231,0.0308,0.002,0.0951,0,0.0251,0,0.0114,0.0529,0,0.0013,0.004,0.0154,0.0084,0.0097,0,0.0975,0.005,0,0.002,0.0248,0.003,0,0.0154,0,0.0549,0,0.0007,0.0931,0,0,0,0,0.066,0.147,0.2046,0.0067,36040,16043,0.7078,11,1365713194,1589857455,0,0.189,2
2401,"Liberal Arts and Sciences, General Studies and Humanities.",135726,1,3,15.0,21.0,0.0,277.0,135726,University of Miami,,0,0.0231,0.0308,0.002,0.0951,0,0.0251,0,0.0114,0.0529,0,0.0013,0.004,0.0154,0.0084,0.0097,0,0.0975,0.005,0,0.002,0.0248,0.003,0,0.0154,0,0.0549,0,0.0007,0.0931,0,0,0,0,0.066,0.147,0.2046,0.0067,36040,16043,0.7078,11,1365713194,1589857455,0,0.189,2
2601,"Biology, General.",135726,1,3,103.0,64.0,12.0,178.0,135726,University of Miami,,0,0.0231,0.0308,0.002,0.0951,0,0.0251,0,0.0114,0.0529,0,0.0013,0.004,0.0154,0.0084,0.0097,0,0.0975,0.005,0,0.002,0.0248,0.003,0,0.0154,0,0.0549,0,0.0007,0.0931,0,0,0,0,0.066,0.147,0.2046,0.0067,36040,16043,0.7078,11,1365713194,1589857455,0,0.189,2
2609,"Physiology, Pathology and Related Sciences.",135726,1,3,36.0,19.0,6.0,194.0,135726,University of Miami,,0,0.0231,0.0308,0.002,0.0951,0,0.0251,0,0.0114,0.0529,0,0.0013,0.004,0.0154,0.0084,0.0097,0,0.0975,0.005,0,0.002,0.0248,0.003,0,0.0154,0,0.0549,0,0.0007,0.0931,0,0,0,0,0.066,0.147,0.2046,0.0067,36040,16043,0.7078,11,1365713194,1589857455,0,0.189,2
2609,"Physiology, Pathology and Related Sciences.",135726,1,5,19.0,16.0,3.0,,135726,University of Miami,,0,0.0231,0.0308,0.002,0.0951,0,0.0251,0,0.0114,0.0529,0,0.0013,0.004,0.0154,0.0084,0.0097,0,0.0975,0.005,0,0.002,0.0248,0.003,0,0.0154,0,0.0549,0,0.0007,0.0931,0,0,0,0,0.066,0.147,0.2046,0.0067,36040,16043,0.7078,11,1365713194,1589857455,0,0.189,2
2613,"Ecology, Evolution, Systematics, and Population Biology.",135726,1,3,34.0,26.0,2.0,175.0,135726,University of Miami,,0,0.0231,0.0308,0.002,0.0951,0,0.0251,0,0.0114,0.0529,0,0.0013,0.004,0.0154,0.0084,0.0097,0,0.0975,0.005,0,0.002,0.0248,0.003,0,0.0154,0,0.0549,0,0.0007,0.0931,0,0,0,0,0.066,0.147,0.2046,0.0067,36040,16043,0.7078,11,1365713194,1589857455,0,0.189,2
2613,"Ecology, Evolution, Systematics, and Population Biology.",135726,1,5,56.0,65.0,1.0,948.0,135726,University of Miami,,0,0.0231,0.0308,0.002,0.0951,0,0.0251,0,0.0114,0.0529,0,0.0013,0.004,0.0154,0.0084,0.0097,0,0.0975,0.005,0,0.002,0.0248,0.003,0,0.0154,0,0.0549,0,0.0007,0.0931,0,0,0,0,0.066,0.147,0.2046,0.0067,36040,16043,0.7078,11,1365713194,1589857455,0,0.189,2
3105,"Sports, Kinesiology, and Physical Education/Fitness.",135726,1,3,26.0,,4.0,163.0,135726,University of Miami,,0,0.0231,0.0308,0.002,0.0951,0,0.0251,0,0.0114,0.0529,0,0.0013,0.004,0.0154,0.0084,0.0097,0,0.0975,0.005,0,0.002,0.0248,0.003,0,0.0154,0,0.0549,0,0.0007,0.0931,0,0,0,0,0.066,0.147,0.2046,0.0067,36040,16043,0.7078,11,1365713194,1589857455,0,0.189,2
3105,"Sports, Kinesiology, and Physical Education/Fitness.",135726,2,5,102.0,101.0,5.0,708.0,135726,University of Miami,,0,0.0231,0.0308,0.002,0.0951,0,0.0251,0,0.0114,0.0529,0,0.0013,0.004,0.0154,0.0084,0.0097,0,0.0975,0.005,0,0.002,0.0248,0.003,0,0.0154,0,0.0549,0,0.0007,0.0931,0,0,0,0,0.066,0.147,0.2046,0.0067,36040,16043,0.7078,11,1365713194,1589857455,0,0.189,2
4201,"Psychology, General.",135726,1,3,111.0,76.0,13.0,187.0,135726,University of Miami,,0,0.0231,0.0308,0.002,0.0951,0,0.0251,0,0.0114,0.0529,0,0.0013,0.004,0.0154,0.0084,0.0097,0,0.0975,0.005,0,0.002,0.0248,0.003,0,0.0154,0,0.0549,0,0.0007,0.0931,0,0,0,0,0.066,0.147,0.2046,0.0067,36040,16043,0.7078,11,1365713194,1589857455,0,0.189,2
4228,"Clinical, Counseling and Applied Psychology.",135726,1,5,24.0,27.0,3.0,687.0,135726,University of Miami,,0,0.0231,0.0308,0.002,0.0951,0,0.0251,0,0.0114,0.0529,0,0.0013,0.004,0.0154,0.0084,0.0097,0,0.0975,0.005,0,0.002,0.0248,0.003,0,0.0154,0,0.0549,0,0.0007,0.0931,0,0,0,0,0.066,0.147,0.2046,0.0067,36040,16043,0.7078,11,1365713194,1589857455,0,0.189,2
4504,Criminology.,135726,1,3,29.0,23.0,4.0,170.0,135726,University of Miami,,0,0.0231,0.0308,0.002,0.0951,0,0.0251,0,0.0114,0.0529,0,0.0013,0.004,0.0154,0.0084,0.0097,0,0.0975,0.005,0,0.002,0.0248,0.003,0,0.0154,0,0.0549,0,0.0007,0.0931,0,0,0,0,0.066,0.147,0.2046,0.0067,36040,16043,0.7078,11,1365713194,1589857455,0,0.189,2
4506,Economics.,135726,1,3,73.0,47.0,13.0,171.0,135726,University of Miami,,0,0.0231,0.0308,0.002,0.0951,0,0.0251,0,0.0114,0.0529,0,0.0013,0.004,0.0154,0.0084,0.0097,0,0.0975,0.005,0,0.002,0.0248,0.003,0,0.0154,0,0.0549,0,0.0007,0.0931,0,0,0,0,0.066,0.147,0.2046,0.0067,36040,16043,0.7078,11,1365713194,1589857455,0,0.189,2
4509,International Relations and National Security Studies.,135726,1,3,28.0,28.0,1.0,175.0,135726,University of Miami,,0,0.0231,0.0308,0.002,0.0951,0,0.0251,0,0.0114,0.0529,0,0.0013,0.004,0.0154,0.0084,0.0097,0,0.0975,0.005,0,0.002,0.0248,0.003,0,0.0154,0,0.0549,0,0.0007,0.0931,0,0,0,0,0.066,0.147,0.2046,0.0067,36040,16043,0.7078,11,1365713194,1589857455,0,0.189,2
4510,Political Science and Government.,135726,1,3,83.0,81.0,11.0,175.0,135726,University of Miami,,0,0.0231,0.0308,0.002,0.0951,0,0.0251,0,0.0114,0.0529,0,0.0013,0.004,0.0154,0.0084,0.0097,0,0.0975,0.005,0,0.002,0.0248,0.003,0,0.0154,0,0.0549,0,0.0007,0.0931,0,0,0,0,0.066,0.147,0.2046,0.0067,36040,16043,0.7078,11,1365713194,1589857455,0,0.189,2
4511,Sociology.,135726,1,3,22.0,,5.0,174.0,135726,University of Miami,,0,0.0231,0.0308,0.002,0.0951,0,0.0251,0,0.0114,0.0529,0,0.0013,0.004,0.0154,0.0084,0.0097,0,0.0975,0.005,0,0.002,0.0248,0.003,0,0.0154,0,0.0549,0,0.0007,0.0931,0,0,0,0,0.066,0.147,0.2046,0.0067,36040,16043,0.7078,11,1365713194,1589857455,0,0.189,2
5005,Drama/Theatre Arts and Stagecraft.,135726,1,3,22.0,20.0,0.0,186.0,135726,University of Miami,,0,0.0231,0.0308,0.002,0.0951,0,0.0251,0,0.0114,0.0529,0,0.0013,0.004,0.0154,0.0084,0.0097,0,0.0975,0.005,0,0.002,0.0248,0.003,0,0.0154,0,0.0549,0,0.0007,0.0931,0,0,0,0,0.066,0.147,0.2046,0.0067,36040,16043,0.7078,11,1365713194,1589857455,0,0.189,2
5006,Film/Video and Photographic Arts.,135726,1,3,32.0,37.0,8.0,186.0,135726,University of Miami,,0,0.0231,0.0308,0.002,0.0951,0,0.0251,0,0.0114,0.0529,0,0.0013,0.004,0.0154,0.0084,0.0097,0,0.0975,0.005,0,0.002,0.0248,0.003,0,0.0154,0,0.0549,0,0.0007,0.0931,0,0,0,0,0.066,0.147,0.2046,0.0067,36040,16043,0.7078,11,1365713194,1589857455,0,0.189,2
5009,Music.,135726,1,3,43.0,41.0,3.0,148.0,135726,University of Miami,,0,0.0231,0.0308,0.002,0.0951,0,0.0251,0,0.0114,0.0529,0,0.0013,0.004,0.0154,0.0084,0.0097,0,0.0975,0.005,0,0.002,0.0248,0.003,0,0.0154,0,0.0549,0,0.0007,0.0931,0,0,0,0,0.066,0.147,0.2046,0.0067,36040,16043,0.7078,11,1365713194,1589857455,0,0.189,2
5009,Music.,135726,1,5,40.0,42.0,1.0,677.0,135726,University of Miami,,0,0.0231,0.0308,0.002,0.0951,0,0.0251,0,0.0114,0.0529,0,0.0013,0.004,0.0154,0.0084,0.0097,0,0.0975,0.005,0,0.002,0.0248,0.003,0,0.0154,0,0.0549,0,0.0007,0.0931,0,0,0,0,0.066,0.147,0.2046,0.0067,36040,16043,0.7078,11,1365713194,1589857455,0,0.189,2
5009,Music.,135726,1,6,15.0,23.0,0.0,,135726,University of Miami,,0,0.0231,0.0308,0.002,0.0951,0,0.0251,0,0.0114,0.0529,0,0.0013,0.004,0.0154,0.0084,0.0097,0,0.0975,0.005,0,0.002,0.0248,0.003,0,0.0154,0,0.0549,0,0.0007,0.0931,0,0,0,0,0.066,0.147,0.2046,0.0067,36040,16043,0.7078,11,1365713194,1589857455,0,0.189,2
5010,"Arts, Entertainment, and Media Management.",135726,2,5,28.0,20.0,4.0,663.0,135726,University of Miami,,0,0.0231,0.0308,0.002,0.0951,0,0.0251,0,0.0114,0.0529,0,0.0013,0.004,0.0154,0.0084,0.0097,0,0.0975,0.005,0,0.002,0.0248,0.003,0,0.0154,0,0.0549,0,0.0007,0.0931,0,0,0,0,0.066,0.147,0.2046,0.0067,36040,16043,0.7078,11,1365713194,1589857455,0,0.189,2
5100,"Health Services/Allied Health/Health Sciences, General.",135726,1,3,34.0,,1.0,169.0,135726,University of Miami,,0,0.0231,0.0308,0.002,0.0951,0,0.0251,0,0.0114,0.0529,0,0.0013,0.004,0.0154,0.0084,0.0097,0,0.0975,0.005,0,0.002,0.0248,0.003,0,0.0154,0,0.0549,0,0.0007,0.0931,0,0,0,0,0.066,0.147,0.2046,0.0067,36040,16043,0.7078,11,1365713194,1589857455,0,0.189,2
5107,Health and Medical Administrative Services.,135726,1,5,17.0,24.0,1.0,1234.0,135726,University of Miami,,0,0.0231,0.0308,0.002,0.0951,0,0.0251,0,0.0114,0.0529,0,0.0013,0.004,0.0154,0.0084,0.0097,0,0.0975,0.005,0,0.002,0.0248,0.003,0,0.0154,0,0.0549,0,0.0007,0.0931,0,0,0,0,0.066,0.147,0.2046,0.0067,36040,16043,0.7078,11,1365713194,1589857455,0,0.189,2
5112,Medicine.,135726,1,7,224.0,242.0,4.0,2307.0,135726,University of Miami,,0,0.0231,0.0308,0.002,0.0951,0,0.0251,0,0.0114,0.0529,0,0.0013,0.004,0.0154,0.0084,0.0097,0,0.0975,0.005,0,0.002,0.0248,0.003,0,0.0154,0,0.0549,0,0.0007,0.0931,0,0,0,0,0.066,0.147,0.2046,0.0067,36040,16043,0.7078,11,1365713194,1589857455,0,0.189,2
5115,Mental and Social Health Services and Allied Professions.,135726,1,5,20.0,17.0,0.0,,135726,University of Miami,,0,0.0231,0.0308,0.002,0.0951,0,0.0251,0,0.0114,0.0529,0,0.0013,0.004,0.0154,0.0084,0.0097,0,0.0975,0.005,0,0.002,0.0248,0.003,0,0.0154,0,0.0549,0,0.0007,0.0931,0,0,0,0,0.066,0.147,0.2046,0.0067,36040,16043,0.7078,11,1365713194,1589857455,0,0.189,2
5123,Rehabilitation and Therapeutic Professions.,135726,1,6,85.0,89.0,2.0,1790.0,135726,University of Miami,,0,0.0231,0.0308,0.002,0.0951,0,0.0251,0,0.0114,0.0529,0,0.0013,0.004,0.0154,0.0084,0.0097,0,0.0975,0.005,0,0.002,0.0248,0.003,0,0.0154,0,0.0549,0,0.0007,0.0931,0,0,0,0,0.066,0.147,0.2046,0.0067,36040,16043,0.7078,11,1365713194,1589857455,0,0.189,2
5127,Medical Illustration and Informatics.,135726,0,5,32.0,31.0,0.0,737.0,135726,University of Miami,,0,0.0231,0.0308,0.002,0.0951,0,0.0251,0,0.0114,0.0529,0,0.0013,0.004,0.0154,0.0084,0.0097,0,0.0975,0.005,0,0.002,0.0248,0.003,0,0.0154,0,0.0549,0,0.0007,0.0931,0,0,0,0,0.066,0.147,0.2046,0.0067,36040,16043,0.7078,11,1365713194,1589857455,0,0.189,2
5138,"Registered Nursing, Nursing Administration, Nursing Research and Clinical Nursing.",135726,1,3,252.0,315.0,8.0,189.0,135726,University of Miami,,0,0.0231,0.0308,0.002,0.0951,0,0.0251,0,0.0114,0.0529,0,0.0013,0.004,0.0154,0.0084,0.0097,0,0.0975,0.005,0,0.002,0.0248,0.003,0,0.0154,0,0.0549,0,0.0007,0.0931,0,0,0,0,0.066,0.147,0.2046,0.0067,36040,16043,0.7078,11,1365713194,1589857455,0,0.189,2
5138,"Registered Nursing, Nursing Administration, Nursing Research and Clinical Nursing.",135726,1,5,214.0,237.0,6.0,606.0,135726,University of Miami,,0,0.0231,0.0308,0.002,0.0951,0,0.0251,0,0.0114,0.0529,0,0.0013,0.004,0.0154,0.0084,0.0097,0,0.0975,0.005,0,0.002,0.0248,0.003,0,0.0154,0,0.0549,0,0.0007,0.0931,0,0,0,0,0.066,0.147,0.2046,0.0067,36040,16043,0.7078,11,1365713194,1589857455,0,0.189,2
5138,"Registered Nursing, Nursing Administration, Nursing Research and Clinical Nursing.",135726,1,6,77.0,82.0,0.0,2293.0,135726,University of Miami,,0,0.0231,0.0308,0.002,0.0951,0,0.0251,0,0.0114,0.0529,0,0.0013,0.004,0.0154,0.0084,0.0097,0,0.0975,0.005,0,0.002,0.0248,0.003,0,0.0154,0,0.0549,0,0.0007,0.0931,0,0,0,0,0.066,0.147,0.2046,0.0067,36040,16043,0.7078,11,1365713194,1589857455,0,0.189,2
5202,"Business Administration, Management and Operations.",135726,1,3,31.0,35.0,4.0,195.0,135726,University of Miami,,0,0.0231,0.0308,0.002,0.0951,0,0.0251,0,0.0114,0.0529,0,0.0013,0.004,0.0154,0.0084,0.0097,0,0.0975,0.005,0,0.002,0.0248,0.003,0,0.0154,0,0.0549,0,0.0007,0.0931,0,0,0,0,0.066,0.147,0.2046,0.0067,36040,16043,0.7078,11,1365713194,1589857455,0,0.189,2
5202,"Business Administration, Management and Operations.",135726,2,5,167.0,172.0,10.0,1104.0,135726,University of Miami,,0,0.0231,0.0308,0.002,0.0951,0,0.0251,0,0.0114,0.0529,0,0.0013,0.004,0.0154,0.0084,0.0097,0,0.0975,0.005,0,0.002,0.0248,0.003,0,0.0154,0,0.0549,0,0.0007,0.0931,0,0,0,0,0.066,0.147,0.2046,0.0067,36040,16043,0.7078,11,1365713194,1589857455,0,0.189,2
5203,Accounting and Related Services.,135726,1,3,40.0,,1.0,188.0,135726,University of Miami,,0,0.0231,0.0308,0.002,0.0951,0,0.0251,0,0.0114,0.0529,0,0.0013,0.004,0.0154,0.0084,0.0097,0,0.0975,0.005,0,0.002,0.0248,0.003,0,0.0154,0,0.0549,0,0.0007,0.0931,0,0,0,0,0.066,0.147,0.2046,0.0067,36040,16043,0.7078,11,1365713194,1589857455,0,0.189,2
5203,Accounting and Related Services.,135726,0,5,33.0,33.0,1.0,602.0,135726,University of Miami,,0,0.0231,0.0308,0.002,0.0951,0,0.0251,0,0.0114,0.0529,0,0.0013,0.004,0.0154,0.0084,0.0097,0,0.0975,0.005,0,0.002,0.0248,0.003,0,0.0154,0,0.0549,0,0.0007,0.0931,0,0,0,0,0.066,0.147,0.2046,0.0067,36040,16043,0.7078,11,1365713194,1589857455,0,0.189,2
5206,Business/Managerial Economics.,135726,1,3,25.0,19.0,2.0,156.0,135726,University of Miami,,0,0.0231,0.0308,0.002,0.0951,0,0.0251,0,0.0114,0.0529,0,0.0013,0.004,0.0154,0.0084,0.0097,0,0.0975,0.005,0,0.002,0.0248,0.003,0,0.0154,0,0.0549,0,0.0007,0.0931,0,0,0,0,0.066,0.147,0.2046,0.0067,36040,16043,0.7078,11,1365713194,1589857455,0,0.189,2
5207,Entrepreneurial and Small Business Operations.,135726,1,3,,,2.0,,135726,University of Miami,,0,0.0231,0.0308,0.002,0.0951,0,0.0251,0,0.0114,0.0529,0,0.0013,0.004,0.0154,0.0084,0.0097,0,0.0975,0.005,0,0.002,0.0248,0.003,0,0.0154,0,0.0549,0,0.0007,0.0931,0,0,0,0,0.066,0.147,0.2046,0.0067,36040,16043,0.7078,11,1365713194,1589857455,0,0.189,2
5208,Finance and Financial Management Services.,135726,1,3,97.0,105.0,9.0,154.0,135726,University of Miami,,0,0.0231,0.0308,0.002,0.0951,0,0.0251,0,0.0114,0.0529,0,0.0013,0.004,0.0154,0.0084,0.0097,0,0.0975,0.005,0,0.002,0.0248,0.003,0,0.0154,0,0.0549,0,0.0007,0.0931,0,0,0,0,0.066,0.147,0.2046,0.0067,36040,16043,0.7078,11,1365713194,1589857455,0,0.189,2
5208,Finance and Financial Management Services.,135726,2,5,27.0,22.0,1.0,,135726,University of Miami,,0,0.0231,0.0308,0.002,0.0951,0,0.0251,0,0.0114,0.0529,0,0.0013,0.004,0.0154,0.0084,0.0097,0,0.0975,0.005,0,0.002,0.0248,0.003,0,0.0154,0,0.0549,0,0.0007,0.0931,0,0,0,0,0.066,0.147,0.2046,0.0067,36040,16043,0.7078,11,1365713194,1589857455,0,0.189,2
5208,Finance and Financial Management Services.,135726,2,8,,,0.0,,135726,University of Miami,,0,0.0231,0.0308,0.002,0.0951,0,0.0251,0,0.0114,0.0529,0,0.0013,0.004,0.0154,0.0084,0.0097,0,0.0975,0.005,0,0.002,0.0248,0.003,0,0.0154,0,0.0549,0,0.0007,0.0931,0,0,0,0,0.066,0.147,0.2046,0.0067,36040,16043,0.7078,11,1365713194,1589857455,0,0.189,2
5214,Marketing.,135726,1,3,61.0,58.0,6.0,196.0,135726,University of Miami,,0,0.0231,0.0308,0.002,0.0951,0,0.0251,0,0.0114,0.0529,0,0.0013,0.004,0.0154,0.0084,0.0097,0,0.0975,0.005,0,0.002,0.0248,0.003,0,0.0154,0,0.0549,0,0.0007,0.0931,0,0,0,0,0.066,0.147,0.2046,0.0067,36040,16043,0.7078,11,1365713194,1589857455,0,0.189,2
5216,Taxation.,135726,0,5,13.0,,0.0,,135726,University of Miami,,0,0.0231,0.0308,0.002,0.0951,0,0.0251,0,0.0114,0.0529,0,0.0013,0.004,0.0154,0.0084,0.0097,0,0.0975,0.005,0,0.002,0.0248,0.003,0,0.0154,0,0.0549,0,0.0007,0.0931,0,0,0,0,0.066,0.147,0.2046,0.0067,36040,16043,0.7078,11,1365713194,1589857455,0,0.189,2
1204,Cosmetology and Related Personal Grooming Services.,136109,1,1,403.0,322.0,34.0,131.0,136109,Paul Mitchell the School-Jacksonville,2,0,0,0,0,0,0,0,1,0,0,0,0,0,0,0,0,0,0,0,0,0,0,0,0,0,0,0,0,0,0,0,0,0,0,0,0,0,0,7119,,,6,,,0,,1
2401,"Liberal Arts and Sciences, General Studies and Humanities.",136145,1,2,,61.0,3.0,,136145,North Florida College,,0,0,0,0,0,0,0,0,0,0,0.009,0,0.0471,0,0,0.3744,0,0,0,0,0,0,0,0,0,0,0,0.0561,0,0,0,0.0022,0,0.1345,0,0.2623,0.1143,0,6999,5903,0.5161,20,3873255,4362109,1,,1
5138,"Registered Nursing, Nursing Administration, Nursing Research and Clinical Nursing.",136145,1,2,,47.0,1.0,,136145,North Florida College,,0,0,0,0,0,0,0,0,0,0,0.009,0,0.0471,0,0,0.3744,0,0,0,0,0,0,0,0,0,0,0,0.0561,0,0,0,0.0022,0,0.1345,0,0.2623,0.1143,0,6999,5903,0.5161,20,3873255,4362109,1,,1
0901,Communication and Media Studies.,136172,1,3,199.0,268.0,12.0,159.0,136172,University of North Florida,,0,0,0,0.0012,0.0527,0,0.0634,0,0.0404,0.0407,0.0241,0.0081,0,0,0.0172,0.0576,0,0.0506,0.0087,0,0.034,0.0221,0.0035,0,0.0049,0,0.0922,0.0384,0.0079,0.0378,0,0,0,0,0.0297,0.1912,0.1656,0.0079,8135,9595,0.9828,19,134214881,147998667,1,0.5324,2
1101,"Computer and Information Sciences, General.",136172,1,3,117.0,162.0,9.0,182.0,136172,University of North Florida,,0,0,0,0.0012,0.0527,0,0.0634,0,0.0404,0.0407,0.0241,0.0081,0,0,0.0172,0.0576,0,0.0506,0.0087,0,0.034,0.0221,0.0035,0,0.0049,0,0.0922,0.0384,0.0079,0.0378,0,0,0,0,0.0297,0.1912,0.1656,0.0079,8135,9595,0.9828,19,134214881,147998667,1,0.5324,2
1304,Educational Administration and Supervision.,136172,1,5,57.0,84.0,4.0,350.0,136172,University of North Florida,,0,0,0,0.0012,0.0527,0,0.0634,0,0.0404,0.0407,0.0241,0.0081,0,0,0.0172,0.0576,0,0.0506,0.0087,0,0.034,0.0221,0.0035,0,0.0049,0,0.0922,0.0384,0.0079,0.0378,0,0,0,0,0.0297,0.1912,0.1656,0.0079,8135,9595,0.9828,19,134214881,147998667,1,0.5324,2
1310,Special Education and Teaching.,136172,1,3,12.0,19.0,0.0,,136172,University of North Florida,,0,0,0,0.0012,0.0527,0,0.0634,0,0.0404,0.0407,0.0241,0.0081,0,0,0.0172,0.0576,0,0.0506,0.0087,0,0.034,0.0221,0.0035,0,0.0049,0,0.0922,0.0384,0.0079,0.0378,0,0,0,0,0.0297,0.1912,0.1656,0.0079,8135,9595,0.9828,19,134214881,147998667,1,0.5324,2
1311,Student Counseling and Personnel Services.,136172,1,5,30.0,28.0,0.0,453.0,136172,University of North Florida,,0,0,0,0.0012,0.0527,0,0.0634,0,0.0404,0.0407,0.0241,0.0081,0,0,0.0172,0.0576,0,0.0506,0.0087,0,0.034,0.0221,0.0035,0,0.0049,0,0.0922,0.0384,0.0079,0.0378,0,0,0,0,0.0297,0.1912,0.1656,0.0079,8135,9595,0.9828,19,134214881,147998667,1,0.5324,2
1312,"Teacher Education and Professional Development, Specific Levels and Methods.",136172,1,3,92.0,140.0,1.0,175.0,136172,University of North Florida,,0,0,0,0.0012,0.0527,0,0.0634,0,0.0404,0.0407,0.0241,0.0081,0,0,0.0172,0.0576,0,0.0506,0.0087,0,0.034,0.0221,0.0035,0,0.0049,0,0.0922,0.0384,0.0079,0.0378,0,0,0,0,0.0297,0.1912,0.1656,0.0079,8135,9595,0.9828,19,134214881,147998667,1,0.5324,2
1312,"Teacher Education and Professional Development, Specific Levels and Methods.",136172,1,5,13.0,20.0,1.0,,136172,University of North Florida,,0,0,0,0.0012,0.0527,0,0.0634,0,0.0404,0.0407,0.0241,0.0081,0,0,0.0172,0.0576,0,0.0506,0.0087,0,0.034,0.0221,0.0035,0,0.0049,0,0.0922,0.0384,0.0079,0.0378,0,0,0,0,0.0297,0.1912,0.1656,0.0079,8135,9595,0.9828,19,134214881,147998667,1,0.5324,2
1313,"Teacher Education and Professional Development, Specific Subject Areas.",136172,1,3,15.0,20.0,1.0,,136172,University of North Florida,,0,0,0,0.0012,0.0527,0,0.0634,0,0.0404,0.0407,0.0241,0.0081,0,0,0.0172,0.0576,0,0.0506,0.0087,0,0.034,0.0221,0.0035,0,0.0049,0,0.0922,0.0384,0.0079,0.0378,0,0,0,0,0.0297,0.1912,0.1656,0.0079,8135,9595,0.9828,19,134214881,147998667,1,0.5324,2
1408,Civil Engineering.,136172,1,3,26.0,45.0,2.0,186.0,136172,University of North Florida,,0,0,0,0.0012,0.0527,0,0.0634,0,0.0404,0.0407,0.0241,0.0081,0,0,0.0172,0.0576,0,0.0506,0.0087,0,0.034,0.0221,0.0035,0,0.0049,0,0.0922,0.0384,0.0079,0.0378,0,0,0,0,0.0297,0.1912,0.1656,0.0079,8135,9595,0.9828,19,134214881,147998667,1,0.5324,2
1410,"Electrical, Electronics, and Communications Engineering.",136172,1,3,27.0,48.0,2.0,164.0,136172,University of North Florida,,0,0,0,0.0012,0.0527,0,0.0634,0,0.0404,0.0407,0.0241,0.0081,0,0,0.0172,0.0576,0,0.0506,0.0087,0,0.034,0.0221,0.0035,0,0.0049,0,0.0922,0.0384,0.0079,0.0378,0,0,0,0,0.0297,0.1912,0.1656,0.0079,8135,9595,0.9828,19,134214881,147998667,1,0.5324,2
1419,Mechanical Engineering.,136172,1,3,36.0,69.0,2.0,208.0,136172,University of North Florida,,0,0,0,0.0012,0.0527,0,0.0634,0,0.0404,0.0407,0.0241,0.0081,0,0,0.0172,0.0576,0,0.0506,0.0087,0,0.034,0.0221,0.0035,0,0.0049,0,0.0922,0.0384,0.0079,0.0378,0,0,0,0,0.0297,0.1912,0.1656,0.0079,8135,9595,0.9828,19,134214881,147998667,1,0.5324,2
1510,Construction Engineering Technology/Technician.,136172,1,3,41.0,67.0,0.0,238.0,136172,University of North Florida,,0,0,0,0.0012,0.0527,0,0.0634,0,0.0404,0.0407,0.0241,0.0081,0,0,0.0172,0.0576,0,0.0506,0.0087,0,0.034,0.0221,0.0035,0,0.0049,0,0.0922,0.0384,0.0079,0.0378,0,0,0,0,0.0297,0.1912,0.1656,0.0079,8135,9595,0.9828,19,134214881,147998667,1,0.5324,2
1609,"Romance Languages, Literatures, and Linguistics.",136172,1,3,13.0,,1.0,,136172,University of North Florida,,0,0,0,0.0012,0.0527,0,0.0634,0,0.0404,0.0407,0.0241,0.0081,0,0,0.0172,0.0576,0,0.0506,0.0087,0,0.034,0.0221,0.0035,0,0.0049,0,0.0922,0.0384,0.0079,0.0378,0,0,0,0,0.0297,0.1912,0.1656,0.0079,8135,9595,0.9828,19,134214881,147998667,1,0.5324,2
1616,American Sign Language.,136172,1,3,16.0,20.0,1.0,,136172,University of North Florida,,0,0,0,0.0012,0.0527,0,0.0634,0,0.0404,0.0407,0.0241,0.0081,0,0,0.0172,0.0576,0,0.0506,0.0087,0,0.034,0.0221,0.0035,0,0.0049,0,0.0922,0.0384,0.0079,0.0378,0,0,0,0,0.0297,0.1912,0.1656,0.0079,8135,9595,0.9828,19,134214881,147998667,1,0.5324,2
2301,"English Language and Literature, General.",136172,1,3,69.0,84.0,4.0,174.0,136172,University of North Florida,,0,0,0,0.0012,0.0527,0,0.0634,0,0.0404,0.0407,0.0241,0.0081,0,0,0.0172,0.0576,0,0.0506,0.0087,0,0.034,0.0221,0.0035,0,0.0049,0,0.0922,0.0384,0.0079,0.0378,0,0,0,0,0.0297,0.1912,0.1656,0.0079,8135,9595,0.9828,19,134214881,147998667,1,0.5324,2
2301,"English Language and Literature, General.",136172,1,5,15.0,,1.0,,136172,University of North Florida,,0,0,0,0.0012,0.0527,0,0.0634,0,0.0404,0.0407,0.0241,0.0081,0,0,0.0172,0.0576,0,0.0506,0.0087,0,0.034,0.0221,0.0035,0,0.0049,0,0.0922,0.0384,0.0079,0.0378,0,0,0,0,0.0297,0.1912,0.1656,0.0079,8135,9595,0.9828,19,134214881,147998667,1,0.5324,2
2601,"Biology, General.",136172,1,3,109.0,128.0,10.0,145.0,136172,University of North Florida,,0,0,0,0.0012,0.0527,0,0.0634,0,0.0404,0.0407,0.0241,0.0081,0,0,0.0172,0.0576,0,0.0506,0.0087,0,0.034,0.0221,0.0035,0,0.0049,0,0.0922,0.0384,0.0079,0.0378,0,0,0,0,0.0297,0.1912,0.1656,0.0079,8135,9595,0.9828,19,134214881,147998667,1,0.5324,2
2701,Mathematics.,136172,1,3,15.0,21.0,2.0,165.0,136172,University of North Florida,,0,0,0,0.0012,0.0527,0,0.0634,0,0.0404,0.0407,0.0241,0.0081,0,0,0.0172,0.0576,0,0.0506,0.0087,0,0.034,0.0221,0.0035,0,0.0049,0,0.0922,0.0384,0.0079,0.0378,0,0,0,0,0.0297,0.1912,0.1656,0.0079,8135,9595,0.9828,19,134214881,147998667,1,0.5324,2
3000,"Multi-/Interdisciplinary Studies, General.",136172,1,3,86.0,108.0,6.0,166.0,136172,University of North Florida,,0,0,0,0.0012,0.0527,0,0.0634,0,0.0404,0.0407,0.0241,0.0081,0,0,0.0172,0.0576,0,0.0506,0.0087,0,0.034,0.0221,0.0035,0,0.0049,0,0.0922,0.0384,0.0079,0.0378,0,0,0,0,0.0297,0.1912,0.1656,0.0079,8135,9595,0.9828,19,134214881,147998667,1,0.5324,2
3020,International/Globalization Studies.,136172,1,3,43.0,47.0,1.0,196.0,136172,University of North Florida,,0,0,0,0.0012,0.0527,0,0.0634,0,0.0404,0.0407,0.0241,0.0081,0,0,0.0172,0.0576,0,0.0506,0.0087,0,0.034,0.0221,0.0035,0,0.0049,0,0.0922,0.0384,0.0079,0.0378,0,0,0,0,0.0297,0.1912,0.1656,0.0079,8135,9595,0.9828,19,134214881,147998667,1,0.5324,2
3105,"Sports, Kinesiology, and Physical Education/Fitness.",136172,1,3,61.0,81.0,3.0,159.0,136172,University of North Florida,,0,0,0,0.0012,0.0527,0,0.0634,0,0.0404,0.0407,0.0241,0.0081,0,0,0.0172,0.0576,0,0.0506,0.0087,0,0.034,0.0221,0.0035,0,0.0049,0,0.0922,0.0384,0.0079,0.0378,0,0,0,0,0.0297,0.1912,0.1656,0.0079,8135,9595,0.9828,19,134214881,147998667,1,0.5324,2
4005,Chemistry.,136172,1,3,24.0,19.0,3.0,215.0,136172,University of North Florida,,0,0,0,0.0012,0.0527,0,0.0634,0,0.0404,0.0407,0.0241,0.0081,0,0,0.0172,0.0576,0,0.0506,0.0087,0,0.034,0.0221,0.0035,0,0.0049,0,0.0922,0.0384,0.0079,0.0378,0,0,0,0,0.0297,0.1912,0.1656,0.0079,8135,9595,0.9828,19,134214881,147998667,1,0.5324,2
4008,Physics.,136172,1,3,18.0,,2.0,,136172,University of North Florida,,0,0,0,0.0012,0.0527,0,0.0634,0,0.0404,0.0407,0.0241,0.0081,0,0,0.0172,0.0576,0,0.0506,0.0087,0,0.034,0.0221,0.0035,0,0.0049,0,0.0922,0.0384,0.0079,0.0378,0,0,0,0,0.0297,0.1912,0.1656,0.0079,8135,9595,0.9828,19,134214881,147998667,1,0.5324,2
4227,Research and Experimental Psychology.,136172,1,3,241.0,257.0,15.0,172.0,136172,University of North Florida,,0,0,0,0.0012,0.0527,0,0.0634,0,0.0404,0.0407,0.0241,0.0081,0,0,0.0172,0.0576,0,0.0506,0.0087,0,0.034,0.0221,0.0035,0,0.0049,0,0.0922,0.0384,0.0079,0.0378,0,0,0,0,0.0297,0.1912,0.1656,0.0079,8135,9595,0.9828,19,134214881,147998667,1,0.5324,2
4301,Criminal Justice and Corrections.,136172,1,3,137.0,161.0,13.0,169.0,136172,University of North Florida,,0,0,0,0.0012,0.0527,0,0.0634,0,0.0404,0.0407,0.0241,0.0081,0,0,0.0172,0.0576,0,0.0506,0.0087,0,0.034,0.0221,0.0035,0,0.0049,0,0.0922,0.0384,0.0079,0.0378,0,0,0,0,0.0297,0.1912,0.1656,0.0079,8135,9595,0.9828,19,134214881,147998667,1,0.5324,2
4404,Public Administration.,136172,1,5,14.0,20.0,0.0,,136172,University of North Florida,,0,0,0,0.0012,0.0527,0,0.0634,0,0.0404,0.0407,0.0241,0.0081,0,0,0.0172,0.0576,0,0.0506,0.0087,0,0.034,0.0221,0.0035,0,0.0049,0,0.0922,0.0384,0.0079,0.0378,0,0,0,0,0.0297,0.1912,0.1656,0.0079,8135,9595,0.9828,19,134214881,147998667,1,0.5324,2
4407,Social Work.,136172,1,3,26.0,,1.0,145.0,136172,University of North Florida,,0,0,0,0.0012,0.0527,0,0.0634,0,0.0404,0.0407,0.0241,0.0081,0,0,0.0172,0.0576,0,0.0506,0.0087,0,0.034,0.0221,0.0035,0,0.0049,0,0.0922,0.0384,0.0079,0.0378,0,0,0,0,0.0297,0.1912,0.1656,0.0079,8135,9595,0.9828,19,134214881,147998667,1,0.5324,2
4502,Anthropology.,136172,1,3,22.0,28.0,1.0,191.0,136172,University of North Florida,,0,0,0,0.0012,0.0527,0,0.0634,0,0.0404,0.0407,0.0241,0.0081,0,0,0.0172,0.0576,0,0.0506,0.0087,0,0.034,0.0221,0.0035,0,0.0049,0,0.0922,0.0384,0.0079,0.0378,0,0,0,0,0.0297,0.1912,0.1656,0.0079,8135,9595,0.9828,19,134214881,147998667,1,0.5324,2
4506,Economics.,136172,1,3,18.0,29.0,0.0,,136172,University of North Florida,,0,0,0,0.0012,0.0527,0,0.0634,0,0.0404,0.0407,0.0241,0.0081,0,0,0.0172,0.0576,0,0.0506,0.0087,0,0.034,0.0221,0.0035,0,0.0049,0,0.0922,0.0384,0.0079,0.0378,0,0,0,0,0.0297,0.1912,0.1656,0.0079,8135,9595,0.9828,19,134214881,147998667,1,0.5324,2
4510,Political Science and Government.,136172,1,3,80.0,98.0,6.0,155.0,136172,University of North Florida,,0,0,0,0.0012,0.0527,0,0.0634,0,0.0404,0.0407,0.0241,0.0081,0,0,0.0172,0.0576,0,0.0506,0.0087,0,0.034,0.0221,0.0035,0,0.0049,0,0.0922,0.0384,0.0079,0.0378,0,0,0,0,0.0297,0.1912,0.1656,0.0079,8135,9595,0.9828,19,134214881,147998667,1,0.5324,2
4511,Sociology.,136172,1,3,45.0,46.0,3.0,208.0,136172,University of North Florida,,0,0,0,0.0012,0.0527,0,0.0634,0,0.0404,0.0407,0.0241,0.0081,0,0,0.0172,0.0576,0,0.0506,0.0087,0,0.034,0.0221,0.0035,0,0.0049,0,0.0922,0.0384,0.0079,0.0378,0,0,0,0,0.0297,0.1912,0.1656,0.0079,8135,9595,0.9828,19,134214881,147998667,1,0.5324,2
5007,Fine and Studio Arts.,136172,1,3,72.0,101.0,12.0,237.0,136172,University of North Florida,,0,0,0,0.0012,0.0527,0,0.0634,0,0.0404,0.0407,0.0241,0.0081,0,0,0.0172,0.0576,0,0.0506,0.0087,0,0.034,0.0221,0.0035,0,0.0049,0,0.0922,0.0384,0.0079,0.0378,0,0,0,0,0.0297,0.1912,0.1656,0.0079,8135,9595,0.9828,19,134214881,147998667,1,0.5324,2
5009,Music.,136172,1,3,48.0,37.0,4.0,188.0,136172,University of North Florida,,0,0,0,0.0012,0.0527,0,0.0634,0,0.0404,0.0407,0.0241,0.0081,0,0,0.0172,0.0576,0,0.0506,0.0087,0,0.034,0.0221,0.0035,0,0.0049,0,0.0922,0.0384,0.0079,0.0378,0,0,0,0,0.0297,0.1912,0.1656,0.0079,8135,9595,0.9828,19,134214881,147998667,1,0.5324,2
5100,"Health Services/Allied Health/Health Sciences, General.",136172,1,3,162.0,144.0,7.0,159.0,136172,University of North Florida,,0,0,0,0.0012,0.0527,0,0.0634,0,0.0404,0.0407,0.0241,0.0081,0,0,0.0172,0.0576,0,0.0506,0.0087,0,0.034,0.0221,0.0035,0,0.0049,0,0.0922,0.0384,0.0079,0.0378,0,0,0,0,0.0297,0.1912,0.1656,0.0079,8135,9595,0.9828,19,134214881,147998667,1,0.5324,2
5100,"Health Services/Allied Health/Health Sciences, General.",136172,1,5,23.0,16.0,0.0,,136172,University of North Florida,,0,0,0,0.0012,0.0527,0,0.0634,0,0.0404,0.0407,0.0241,0.0081,0,0,0.0172,0.0576,0,0.0506,0.0087,0,0.034,0.0221,0.0035,0,0.0049,0,0.0922,0.0384,0.0079,0.0378,0,0,0,0,0.0297,0.1912,0.1656,0.0079,8135,9595,0.9828,19,134214881,147998667,1,0.5324,2
5107,Health and Medical Administrative Services.,136172,1,3,83.0,93.0,3.0,196.0,136172,University of North Florida,,0,0,0,0.0012,0.0527,0,0.0634,0,0.0404,0.0407,0.0241,0.0081,0,0,0.0172,0.0576,0,0.0506,0.0087,0,0.034,0.0221,0.0035,0,0.0049,0,0.0922,0.0384,0.0079,0.0378,0,0,0,0,0.0297,0.1912,0.1656,0.0079,8135,9595,0.9828,19,134214881,147998667,1,0.5324,2
5107,Health and Medical Administrative Services.,136172,1,5,16.0,25.0,1.0,373.0,136172,University of North Florida,,0,0,0,0.0012,0.0527,0,0.0634,0,0.0404,0.0407,0.0241,0.0081,0,0,0.0172,0.0576,0,0.0506,0.0087,0,0.034,0.0221,0.0035,0,0.0049,0,0.0922,0.0384,0.0079,0.0378,0,0,0,0,0.0297,0.1912,0.1656,0.0079,8135,9595,0.9828,19,134214881,147998667,1,0.5324,2
5109,"Allied Health Diagnostic, Intervention, and Treatment Professions.",136172,1,3,29.0,,0.0,,136172,University of North Florida,,0,0,0,0.0012,0.0527,0,0.0634,0,0.0404,0.0407,0.0241,0.0081,0,0,0.0172,0.0576,0,0.0506,0.0087,0,0.034,0.0221,0.0035,0,0.0049,0,0.0922,0.0384,0.0079,0.0378,0,0,0,0,0.0297,0.1912,0.1656,0.0079,8135,9595,0.9828,19,134214881,147998667,1,0.5324,2
5115,Mental and Social Health Services and Allied Professions.,136172,1,5,36.0,57.0,0.0,466.0,136172,University of North Florida,,0,0,0,0.0012,0.0527,0,0.0634,0,0.0404,0.0407,0.0241,0.0081,0,0,0.0172,0.0576,0,0.0506,0.0087,0,0.034,0.0221,0.0035,0,0.0049,0,0.0922,0.0384,0.0079,0.0378,0,0,0,0,0.0297,0.1912,0.1656,0.0079,8135,9595,0.9828,19,134214881,147998667,1,0.5324,2
5122,Public Health.,136172,1,5,27.0,33.0,1.0,371.0,136172,University of North Florida,,0,0,0,0.0012,0.0527,0,0.0634,0,0.0404,0.0407,0.0241,0.0081,0,0,0.0172,0.0576,0,0.0506,0.0087,0,0.034,0.0221,0.0035,0,0.0049,0,0.0922,0.0384,0.0079,0.0378,0,0,0,0,0.0297,0.1912,0.1656,0.0079,8135,9595,0.9828,19,134214881,147998667,1,0.5324,2
5123,Rehabilitation and Therapeutic Professions.,136172,0,6,47.0,45.0,0.0,804.0,136172,University of North Florida,,0,0,0,0.0012,0.0527,0,0.0634,0,0.0404,0.0407,0.0241,0.0081,0,0,0.0172,0.0576,0,0.0506,0.0087,0,0.034,0.0221,0.0035,0,0.0049,0,0.0922,0.0384,0.0079,0.0378,0,0,0,0,0.0297,0.1912,0.1656,0.0079,8135,9595,0.9828,19,134214881,147998667,1,0.5324,2
5131,Dietetics and Clinical Nutrition Services.,136172,1,3,53.0,46.0,8.0,196.0,136172,University of North Florida,,0,0,0,0.0012,0.0527,0,0.0634,0,0.0404,0.0407,0.0241,0.0081,0,0,0.0172,0.0576,0,0.0506,0.0087,0,0.034,0.0221,0.0035,0,0.0049,0,0.0922,0.0384,0.0079,0.0378,0,0,0,0,0.0297,0.1912,0.1656,0.0079,8135,9595,0.9828,19,134214881,147998667,1,0.5324,2
5131,Dietetics and Clinical Nutrition Services.,136172,3,5,17.0,18.0,2.0,,136172,University of North Florida,,0,0,0,0.0012,0.0527,0,0.0634,0,0.0404,0.0407,0.0241,0.0081,0,0,0.0172,0.0576,0,0.0506,0.0087,0,0.034,0.0221,0.0035,0,0.0049,0,0.0922,0.0384,0.0079,0.0378,0,0,0,0,0.0297,0.1912,0.1656,0.0079,8135,9595,0.9828,19,134214881,147998667,1,0.5324,2
5138,"Registered Nursing, Nursing Administration, Nursing Research and Clinical Nursing.",136172,2,3,195.0,306.0,2.0,133.0,136172,University of North Florida,,0,0,0,0.0012,0.0527,0,0.0634,0,0.0404,0.0407,0.0241,0.0081,0,0,0.0172,0.0576,0,0.0506,0.0087,0,0.034,0.0221,0.0035,0,0.0049,0,0.0922,0.0384,0.0079,0.0378,0,0,0,0,0.0297,0.1912,0.1656,0.0079,8135,9595,0.9828,19,134214881,147998667,1,0.5324,2
5138,"Registered Nursing, Nursing Administration, Nursing Research and Clinical Nursing.",136172,0,6,109.0,176.0,8.0,534.0,136172,University of North Florida,,0,0,0,0.0012,0.0527,0,0.0634,0,0.0404,0.0407,0.0241,0.0081,0,0,0.0172,0.0576,0,0.0506,0.0087,0,0.034,0.0221,0.0035,0,0.0049,0,0.0922,0.0384,0.0079,0.0378,0,0,0,0,0.0297,0.1912,0.1656,0.0079,8135,9595,0.9828,19,134214881,147998667,1,0.5324,2
5201,"Business/Commerce, General.",136172,1,5,18.0,41.0,0.0,288.0,136172,University of North Florida,,0,0,0,0.0012,0.0527,0,0.0634,0,0.0404,0.0407,0.0241,0.0081,0,0,0.0172,0.0576,0,0.0506,0.0087,0,0.034,0.0221,0.0035,0,0.0049,0,0.0922,0.0384,0.0079,0.0378,0,0,0,0,0.0297,0.1912,0.1656,0.0079,8135,9595,0.9828,19,134214881,147998667,1,0.5324,2
5202,"Business Administration, Management and Operations.",136172,1,3,160.0,257.0,16.0,163.0,136172,University of North Florida,,0,0,0,0.0012,0.0527,0,0.0634,0,0.0404,0.0407,0.0241,0.0081,0,0,0.0172,0.0576,0,0.0506,0.0087,0,0.034,0.0221,0.0035,0,0.0049,0,0.0922,0.0384,0.0079,0.0378,0,0,0,0,0.0297,0.1912,0.1656,0.0079,8135,9595,0.9828,19,134214881,147998667,1,0.5324,2
5202,"Business Administration, Management and Operations.",136172,1,5,77.0,152.0,3.0,321.0,136172,University of North Florida,,0,0,0,0.0012,0.0527,0,0.0634,0,0.0404,0.0407,0.0241,0.0081,0,0,0.0172,0.0576,0,0.0506,0.0087,0,0.034,0.0221,0.0035,0,0.0049,0,0.0922,0.0384,0.0079,0.0378,0,0,0,0,0.0297,0.1912,0.1656,0.0079,8135,9595,0.9828,19,134214881,147998667,1,0.5324,2
5203,Accounting and Related Services.,136172,1,3,70.0,77.0,1.0,167.0,136172,University of North Florida,,0,0,0,0.0012,0.0527,0,0.0634,0,0.0404,0.0407,0.0241,0.0081,0,0,0.0172,0.0576,0,0.0506,0.0087,0,0.034,0.0221,0.0035,0,0.0049,0,0.0922,0.0384,0.0079,0.0378,0,0,0,0,0.0297,0.1912,0.1656,0.0079,8135,9595,0.9828,19,134214881,147998667,1,0.5324,2
5203,Accounting and Related Services.,136172,1,5,22.0,36.0,0.0,211.0,136172,University of North Florida,,0,0,0,0.0012,0.0527,0,0.0634,0,0.0404,0.0407,0.0241,0.0081,0,0,0.0172,0.0576,0,0.0506,0.0087,0,0.034,0.0221,0.0035,0,0.0049,0,0.0922,0.0384,0.0079,0.0378,0,0,0,0,0.0297,0.1912,0.1656,0.0079,8135,9595,0.9828,19,134214881,147998667,1,0.5324,2
5206,Business/Managerial Economics.,136172,1,3,13.0,19.0,1.0,,136172,University of North Florida,,0,0,0,0.0012,0.0527,0,0.0634,0,0.0404,0.0407,0.0241,0.0081,0,0,0.0172,0.0576,0,0.0506,0.0087,0,0.034,0.0221,0.0035,0,0.0049,0,0.0922,0.0384,0.0079,0.0378,0,0,0,0,0.0297,0.1912,0.1656,0.0079,8135,9595,0.9828,19,134214881,147998667,1,0.5324,2
5208,Finance and Financial Management Services.,136172,1,3,106.0,151.0,2.0,156.0,136172,University of North Florida,,0,0,0,0.0012,0.0527,0,0.0634,0,0.0404,0.0407,0.0241,0.0081,0,0,0.0172,0.0576,0,0.0506,0.0087,0,0.034,0.0221,0.0035,0,0.0049,0,0.0922,0.0384,0.0079,0.0378,0,0,0,0,0.0297,0.1912,0.1656,0.0079,8135,9595,0.9828,19,134214881,147998667,1,0.5324,2
5211,International Business.,136172,1,3,27.0,52.0,5.0,153.0,136172,University of North Florida,,0,0,0,0.0012,0.0527,0,0.0634,0,0.0404,0.0407,0.0241,0.0081,0,0,0.0172,0.0576,0,0.0506,0.0087,0,0.034,0.0221,0.0035,0,0.0049,0,0.0922,0.0384,0.0079,0.0378,0,0,0,0,0.0297,0.1912,0.1656,0.0079,8135,9595,0.9828,19,134214881,147998667,1,0.5324,2
5214,Marketing.,136172,1,3,71.0,126.0,5.0,159.0,136172,University of North Florida,,0,0,0,0.0012,0.0527,0,0.0634,0,0.0404,0.0407,0.0241,0.0081,0,0,0.0172,0.0576,0,0.0506,0.0087,0,0.034,0.0221,0.0035,0,0.0049,0,0.0922,0.0384,0.0079,0.0378,0,0,0,0,0.0297,0.1912,0.1656,0.0079,8135,9595,0.9828,19,134214881,147998667,1,0.5324,2
5401,History.,136172,1,3,31.0,37.0,2.0,140.0,136172,University of North Florida,,0,0,0,0.0012,0.0527,0,0.0634,0,0.0404,0.0407,0.0241,0.0081,0,0,0.0172,0.0576,0,0.0506,0.0087,0,0.034,0.0221,0.0035,0,0.0049,0,0.0922,0.0384,0.0079,0.0378,0,0,0,0,0.0297,0.1912,0.1656,0.0079,8135,9595,0.9828,19,134214881,147998667,1,0.5324,2
1101,"Computer and Information Sciences, General.",136215,2,5,21.0,29.0,0.0,583.0,136215,Nova Southeastern University,,0,0.0071,0,0,0.0091,0,0.0197,0,0.0343,0.0045,0,0,0.0161,0.0136,0.002,0.0126,0,0.2807,0.0025,0,0.0045,0.0328,0.001,0,0.005,0,0.06,0.0131,0.002,0.0106,0,0,0,0,0.0126,0.3664,0.0892,0.0005,18297,11462,0.482,16,224941000,252077000,1,0.7321,2
1104,Information Science/Studies.,136215,3,5,56.0,68.0,1.0,677.0,136215,Nova Southeastern University,,0,0.0071,0,0,0.0091,0,0.0197,0,0.0343,0.0045,0,0,0.0161,0.0136,0.002,0.0126,0,0.2807,0.0025,0,0.0045,0.0328,0.001,0,0.005,0,0.06,0.0131,0.002,0.0106,0,0,0,0,0.0126,0.3664,0.0892,0.0005,18297,11462,0.482,16,224941000,252077000,1,0.7321,2
1107,Computer Science.,136215,2,5,11.0,,1.0,,136215,Nova Southeastern University,,0,0.0071,0,0,0.0091,0,0.0197,0,0.0343,0.0045,0,0,0.0161,0.0136,0.002,0.0126,0,0.2807,0.0025,0,0.0045,0.0328,0.001,0,0.005,0,0.06,0.0131,0.002,0.0106,0,0,0,0,0.0126,0.3664,0.0892,0.0005,18297,11462,0.482,16,224941000,252077000,1,0.7321,2
1301,"Education, General.",136215,3,6,512.0,441.0,27.0,1621.0,136215,Nova Southeastern University,,0,0.0071,0,0,0.0091,0,0.0197,0,0.0343,0.0045,0,0,0.0161,0.0136,0.002,0.0126,0,0.2807,0.0025,0,0.0045,0.0328,0.001,0,0.005,0,0.06,0.0131,0.002,0.0106,0,0,0,0,0.0126,0.3664,0.0892,0.0005,18297,11462,0.482,16,224941000,252077000,1,0.7321,2
1303,Curriculum and Instruction.,136215,3,5,34.0,31.0,1.0,700.0,136215,Nova Southeastern University,,0,0.0071,0,0,0.0091,0,0.0197,0,0.0343,0.0045,0,0,0.0161,0.0136,0.002,0.0126,0,0.2807,0.0025,0,0.0045,0.0328,0.001,0,0.005,0,0.06,0.0131,0.002,0.0106,0,0,0,0,0.0126,0.3664,0.0892,0.0005,18297,11462,0.482,16,224941000,252077000,1,0.7321,2
1304,Educational Administration and Supervision.,136215,2,5,166.0,129.0,4.0,689.0,136215,Nova Southeastern University,,0,0.0071,0,0,0.0091,0,0.0197,0,0.0343,0.0045,0,0,0.0161,0.0136,0.002,0.0126,0,0.2807,0.0025,0,0.0045,0.0328,0.001,0,0.005,0,0.06,0.0131,0.002,0.0106,0,0,0,0,0.0126,0.3664,0.0892,0.0005,18297,11462,0.482,16,224941000,252077000,1,0.7321,2
1310,Special Education and Teaching.,136215,3,5,58.0,37.0,1.0,1431.0,136215,Nova Southeastern University,,0,0.0071,0,0,0.0091,0,0.0197,0,0.0343,0.0045,0,0,0.0161,0.0136,0.002,0.0126,0,0.2807,0.0025,0,0.0045,0.0328,0.001,0,0.005,0,0.06,0.0131,0.002,0.0106,0,0,0,0,0.0126,0.3664,0.0892,0.0005,18297,11462,0.482,16,224941000,252077000,1,0.7321,2
1311,Student Counseling and Personnel Services.,136215,2,5,35.0,,0.0,,136215,Nova Southeastern University,,0,0.0071,0,0,0.0091,0,0.0197,0,0.0343,0.0045,0,0,0.0161,0.0136,0.002,0.0126,0,0.2807,0.0025,0,0.0045,0.0328,0.001,0,0.005,0,0.06,0.0131,0.002,0.0106,0,0,0,0,0.0126,0.3664,0.0892,0.0005,18297,11462,0.482,16,224941000,252077000,1,0.7321,2
1312,"Teacher Education and Professional Development, Specific Levels and Methods.",136215,3,5,25.0,,0.0,,136215,Nova Southeastern University,,0,0.0071,0,0,0.0091,0,0.0197,0,0.0343,0.0045,0,0,0.0161,0.0136,0.002,0.0126,0,0.2807,0.0025,0,0.0045,0.0328,0.001,0,0.005,0,0.06,0.0131,0.002,0.0106,0,0,0,0,0.0126,0.3664,0.0892,0.0005,18297,11462,0.482,16,224941000,252077000,1,0.7321,2
1313,"Teacher Education and Professional Development, Specific Subject Areas.",136215,2,5,133.0,101.0,2.0,840.0,136215,Nova Southeastern University,,0,0.0071,0,0,0.0091,0,0.0197,0,0.0343,0.0045,0,0,0.0161,0.0136,0.002,0.0126,0,0.2807,0.0025,0,0.0045,0.0328,0.001,0,0.005,0,0.06,0.0131,0.002,0.0106,0,0,0,0,0.0126,0.3664,0.0892,0.0005,18297,11462,0.482,16,224941000,252077000,1,0.7321,2
1313,"Teacher Education and Professional Development, Specific Subject Areas.",136215,3,6,21.0,,3.0,,136215,Nova Southeastern University,,0,0.0071,0,0,0.0091,0,0.0197,0,0.0343,0.0045,0,0,0.0161,0.0136,0.002,0.0126,0,0.2807,0.0025,0,0.0045,0.0328,0.001,0,0.005,0,0.06,0.0131,0.002,0.0106,0,0,0,0,0.0126,0.3664,0.0892,0.0005,18297,11462,0.482,16,224941000,252077000,1,0.7321,2
1907,"Human Development, Family Studies, and Related Services.",136215,3,5,83.0,89.0,8.0,583.0,136215,Nova Southeastern University,,0,0.0071,0,0,0.0091,0,0.0197,0,0.0343,0.0045,0,0,0.0161,0.0136,0.002,0.0126,0,0.2807,0.0025,0,0.0045,0.0328,0.001,0,0.005,0,0.06,0.0131,0.002,0.0106,0,0,0,0,0.0126,0.3664,0.0892,0.0005,18297,11462,0.482,16,224941000,252077000,1,0.7321,2
2201,Law.,136215,2,7,371.0,310.0,21.0,1848.0,136215,Nova Southeastern University,,0,0.0071,0,0,0.0091,0,0.0197,0,0.0343,0.0045,0,0,0.0161,0.0136,0.002,0.0126,0,0.2807,0.0025,0,0.0045,0.0328,0.001,0,0.005,0,0.06,0.0131,0.002,0.0106,0,0,0,0,0.0126,0.3664,0.0892,0.0005,18297,11462,0.482,16,224941000,252077000,1,0.7321,2
2202,Legal Research and Advanced Professional Studies.,136215,2,5,78.0,77.0,4.0,622.0,136215,Nova Southeastern University,,0,0.0071,0,0,0.0091,0,0.0197,0,0.0343,0.0045,0,0,0.0161,0.0136,0.002,0.0126,0,0.2807,0.0025,0,0.0045,0.0328,0.001,0,0.005,0,0.06,0.0131,0.002,0.0106,0,0,0,0,0.0126,0.3664,0.0892,0.0005,18297,11462,0.482,16,224941000,252077000,1,0.7321,2
2601,"Biology, General.",136215,2,3,126.0,73.0,28.0,224.0,136215,Nova Southeastern University,,0,0.0071,0,0,0.0091,0,0.0197,0,0.0343,0.0045,0,0,0.0161,0.0136,0.002,0.0126,0,0.2807,0.0025,0,0.0045,0.0328,0.001,0,0.005,0,0.06,0.0131,0.002,0.0106,0,0,0,0,0.0126,0.3664,0.0892,0.0005,18297,11462,0.482,16,224941000,252077000,1,0.7321,2
2609,"Physiology, Pathology and Related Sciences.",136215,2,3,,,,,136215,Nova Southeastern University,,0,0.0071,0,0,0.0091,0,0.0197,0,0.0343,0.0045,0,0,0.0161,0.0136,0.002,0.0126,0,0.2807,0.0025,0,0.0045,0.0328,0.001,0,0.005,0,0.06,0.0131,0.002,0.0106,0,0,0,0,0.0126,0.3664,0.0892,0.0005,18297,11462,0.482,16,224941000,252077000,1,0.7321,2
2613,"Ecology, Evolution, Systematics, and Population Biology.",136215,2,3,21.0,25.0,2.0,217.0,136215,Nova Southeastern University,,0,0.0071,0,0,0.0091,0,0.0197,0,0.0343,0.0045,0,0,0.0161,0.0136,0.002,0.0126,0,0.2807,0.0025,0,0.0045,0.0328,0.001,0,0.005,0,0.06,0.0131,0.002,0.0106,0,0,0,0,0.0126,0.3664,0.0892,0.0005,18297,11462,0.482,16,224941000,252077000,1,0.7321,2
2613,"Ecology, Evolution, Systematics, and Population Biology.",136215,2,5,37.0,38.0,1.0,775.0,136215,Nova Southeastern University,,0,0.0071,0,0,0.0091,0,0.0197,0,0.0343,0.0045,0,0,0.0161,0.0136,0.002,0.0126,0,0.2807,0.0025,0,0.0045,0.0328,0.001,0,0.005,0,0.06,0.0131,0.002,0.0106,0,0,0,0,0.0126,0.3664,0.0892,0.0005,18297,11462,0.482,16,224941000,252077000,1,0.7321,2
3028,Dispute Resolution.,136215,2,6,34.0,29.0,2.0,1638.0,136215,Nova Southeastern University,,0,0.0071,0,0,0.0091,0,0.0197,0,0.0343,0.0045,0,0,0.0161,0.0136,0.002,0.0126,0,0.2807,0.0025,0,0.0045,0.0328,0.001,0,0.005,0,0.06,0.0131,0.002,0.0106,0,0,0,0,0.0126,0.3664,0.0892,0.0005,18297,11462,0.482,16,224941000,252077000,1,0.7321,2
3105,"Sports, Kinesiology, and Physical Education/Fitness.",136215,2,3,36.0,25.0,1.0,246.0,136215,Nova Southeastern University,,0,0.0071,0,0,0.0091,0,0.0197,0,0.0343,0.0045,0,0,0.0161,0.0136,0.002,0.0126,0,0.2807,0.0025,0,0.0045,0.0328,0.001,0,0.005,0,0.06,0.0131,0.002,0.0106,0,0,0,0,0.0126,0.3664,0.0892,0.0005,18297,11462,0.482,16,224941000,252077000,1,0.7321,2
4201,"Psychology, General.",136215,2,3,60.0,50.0,1.0,207.0,136215,Nova Southeastern University,,0,0.0071,0,0,0.0091,0,0.0197,0,0.0343,0.0045,0,0,0.0161,0.0136,0.002,0.0126,0,0.2807,0.0025,0,0.0045,0.0328,0.001,0,0.005,0,0.06,0.0131,0.002,0.0106,0,0,0,0,0.0126,0.3664,0.0892,0.0005,18297,11462,0.482,16,224941000,252077000,1,0.7321,2
4201,"Psychology, General.",136215,3,5,24.0,,1.0,576.0,136215,Nova Southeastern University,,0,0.0071,0,0,0.0091,0,0.0197,0,0.0343,0.0045,0,0,0.0161,0.0136,0.002,0.0126,0,0.2807,0.0025,0,0.0045,0.0328,0.001,0,0.005,0,0.06,0.0131,0.002,0.0106,0,0,0,0,0.0126,0.3664,0.0892,0.0005,18297,11462,0.482,16,224941000,252077000,1,0.7321,2
4228,"Clinical, Counseling and Applied Psychology.",136215,2,5,318.0,278.0,21.0,816.0,136215,Nova Southeastern University,,0,0.0071,0,0,0.0091,0,0.0197,0,0.0343,0.0045,0,0,0.0161,0.0136,0.002,0.0126,0,0.2807,0.0025,0,0.0045,0.0328,0.001,0,0.005,0,0.06,0.0131,0.002,0.0106,0,0,0,0,0.0126,0.3664,0.0892,0.0005,18297,11462,0.482,16,224941000,252077000,1,0.7321,2
4228,"Clinical, Counseling and Applied Psychology.",136215,2,6,85.0,86.0,7.0,,136215,Nova Southeastern University,,0,0.0071,0,0,0.0091,0,0.0197,0,0.0343,0.0045,0,0,0.0161,0.0136,0.002,0.0126,0,0.2807,0.0025,0,0.0045,0.0328,0.001,0,0.005,0,0.06,0.0131,0.002,0.0106,0,0,0,0,0.0126,0.3664,0.0892,0.0005,18297,11462,0.482,16,224941000,252077000,1,0.7321,2
4301,Criminal Justice and Corrections.,136215,2,3,11.0,,0.0,,136215,Nova Southeastern University,,0,0.0071,0,0,0.0091,0,0.0197,0,0.0343,0.0045,0,0,0.0161,0.0136,0.002,0.0126,0,0.2807,0.0025,0,0.0045,0.0328,0.001,0,0.005,0,0.06,0.0131,0.002,0.0106,0,0,0,0,0.0126,0.3664,0.0892,0.0005,18297,11462,0.482,16,224941000,252077000,1,0.7321,2
4301,Criminal Justice and Corrections.,136215,3,5,72.0,55.0,2.0,583.0,136215,Nova Southeastern University,,0,0.0071,0,0,0.0091,0,0.0197,0,0.0343,0.0045,0,0,0.0161,0.0136,0.002,0.0126,0,0.2807,0.0025,0,0.0045,0.0328,0.001,0,0.005,0,0.06,0.0131,0.002,0.0106,0,0,0,0,0.0126,0.3664,0.0892,0.0005,18297,11462,0.482,16,224941000,252077000,1,0.7321,2
4301,Criminal Justice and Corrections.,136215,3,6,23.0,23.0,0.0,1221.0,136215,Nova Southeastern University,,0,0.0071,0,0,0.0091,0,0.0197,0,0.0343,0.0045,0,0,0.0161,0.0136,0.002,0.0126,0,0.2807,0.0025,0,0.0045,0.0328,0.001,0,0.005,0,0.06,0.0131,0.002,0.0106,0,0,0,0,0.0126,0.3664,0.0892,0.0005,18297,11462,0.482,16,224941000,252077000,1,0.7321,2
4404,Public Administration.,136215,2,5,32.0,30.0,0.0,700.0,136215,Nova Southeastern University,,0,0.0071,0,0,0.0091,0,0.0197,0,0.0343,0.0045,0,0,0.0161,0.0136,0.002,0.0126,0,0.2807,0.0025,0,0.0045,0.0328,0.001,0,0.005,0,0.06,0.0131,0.002,0.0106,0,0,0,0,0.0126,0.3664,0.0892,0.0005,18297,11462,0.482,16,224941000,252077000,1,0.7321,2
4407,Social Work.,136215,3,5,51.0,32.0,5.0,688.0,136215,Nova Southeastern University,,0,0.0071,0,0,0.0091,0,0.0197,0,0.0343,0.0045,0,0,0.0161,0.0136,0.002,0.0126,0,0.2807,0.0025,0,0.0045,0.0328,0.001,0,0.005,0,0.06,0.0131,0.002,0.0106,0,0,0,0,0.0126,0.3664,0.0892,0.0005,18297,11462,0.482,16,224941000,252077000,1,0.7321,2
5100,"Health Services/Allied Health/Health Sciences, General.",136215,2,3,11.0,,3.0,,136215,Nova Southeastern University,,0,0.0071,0,0,0.0091,0,0.0197,0,0.0343,0.0045,0,0,0.0161,0.0136,0.002,0.0126,0,0.2807,0.0025,0,0.0045,0.0328,0.001,0,0.005,0,0.06,0.0131,0.002,0.0106,0,0,0,0,0.0126,0.3664,0.0892,0.0005,18297,11462,0.482,16,224941000,252077000,1,0.7321,2
5100,"Health Services/Allied Health/Health Sciences, General.",136215,2,5,29.0,37.0,1.0,702.0,136215,Nova Southeastern University,,0,0.0071,0,0,0.0091,0,0.0197,0,0.0343,0.0045,0,0,0.0161,0.0136,0.002,0.0126,0,0.2807,0.0025,0,0.0045,0.0328,0.001,0,0.005,0,0.06,0.0131,0.002,0.0106,0,0,0,0,0.0126,0.3664,0.0892,0.0005,18297,11462,0.482,16,224941000,252077000,1,0.7321,2
5100,"Health Services/Allied Health/Health Sciences, General.",136215,2,6,52.0,67.0,1.0,903.0,136215,Nova Southeastern University,,0,0.0071,0,0,0.0091,0,0.0197,0,0.0343,0.0045,0,0,0.0161,0.0136,0.002,0.0126,0,0.2807,0.0025,0,0.0045,0.0328,0.001,0,0.005,0,0.06,0.0131,0.002,0.0106,0,0,0,0,0.0126,0.3664,0.0892,0.0005,18297,11462,0.482,16,224941000,252077000,1,0.7321,2
5102,Communication Disorders Sciences and Services.,136215,2,5,364.0,380.0,4.0,1049.0,136215,Nova Southeastern University,,0,0.0071,0,0,0.0091,0,0.0197,0,0.0343,0.0045,0,0,0.0161,0.0136,0.002,0.0126,0,0.2807,0.0025,0,0.0045,0.0328,0.001,0,0.005,0,0.06,0.0131,0.002,0.0106,0,0,0,0,0.0126,0.3664,0.0892,0.0005,18297,11462,0.482,16,224941000,252077000,1,0.7321,2
5102,Communication Disorders Sciences and Services.,136215,0,6,32.0,40.0,1.0,1283.0,136215,Nova Southeastern University,,0,0.0071,0,0,0.0091,0,0.0197,0,0.0343,0.0045,0,0,0.0161,0.0136,0.002,0.0126,0,0.2807,0.0025,0,0.0045,0.0328,0.001,0,0.005,0,0.06,0.0131,0.002,0.0106,0,0,0,0,0.0126,0.3664,0.0892,0.0005,18297,11462,0.482,16,224941000,252077000,1,0.7321,2
5104,Dentistry.,136215,0,6,216.0,162.0,12.0,4623.0,136215,Nova Southeastern University,,0,0.0071,0,0,0.0091,0,0.0197,0,0.0343,0.0045,0,0,0.0161,0.0136,0.002,0.0126,0,0.2807,0.0025,0,0.0045,0.0328,0.001,0,0.005,0,0.06,0.0131,0.002,0.0106,0,0,0,0,0.0126,0.3664,0.0892,0.0005,18297,11462,0.482,16,224941000,252077000,1,0.7321,2
5108,Allied Health and Medical Assisting Services.,136215,2,5,57.0,60.0,1.0,2194.0,136215,Nova Southeastern University,,0,0.0071,0,0,0.0091,0,0.0197,0,0.0343,0.0045,0,0,0.0161,0.0136,0.002,0.0126,0,0.2807,0.0025,0,0.0045,0.0328,0.001,0,0.005,0,0.06,0.0131,0.002,0.0106,0,0,0,0,0.0126,0.3664,0.0892,0.0005,18297,11462,0.482,16,224941000,252077000,1,0.7321,2
5109,"Allied Health Diagnostic, Intervention, and Treatment Professions.",136215,2,3,51.0,51.0,3.0,322.0,136215,Nova Southeastern University,,0,0.0071,0,0,0.0091,0,0.0197,0,0.0343,0.0045,0,0,0.0161,0.0136,0.002,0.0126,0,0.2807,0.0025,0,0.0045,0.0328,0.001,0,0.005,0,0.06,0.0131,0.002,0.0106,0,0,0,0,0.0126,0.3664,0.0892,0.0005,18297,11462,0.482,16,224941000,252077000,1,0.7321,2
5109,"Allied Health Diagnostic, Intervention, and Treatment Professions.",136215,2,5,391.0,418.0,9.0,1560.0,136215,Nova Southeastern University,,0,0.0071,0,0,0.0091,0,0.0197,0,0.0343,0.0045,0,0,0.0161,0.0136,0.002,0.0126,0,0.2807,0.0025,0,0.0045,0.0328,0.001,0,0.005,0,0.06,0.0131,0.002,0.0106,0,0,0,0,0.0126,0.3664,0.0892,0.0005,18297,11462,0.482,16,224941000,252077000,1,0.7321,2
5112,Medicine.,136215,0,6,,385.0,5.0,3830.0,136215,Nova Southeastern University,,0,0.0071,0,0,0.0091,0,0.0197,0,0.0343,0.0045,0,0,0.0161,0.0136,0.002,0.0126,0,0.2807,0.0025,0,0.0045,0.0328,0.001,0,0.005,0,0.06,0.0131,0.002,0.0106,0,0,0,0,0.0126,0.3664,0.0892,0.0005,18297,11462,0.482,16,224941000,252077000,1,0.7321,2
5115,Mental and Social Health Services and Allied Professions.,136215,2,5,190.0,170.0,11.0,901.0,136215,Nova Southeastern University,,0,0.0071,0,0,0.0091,0,0.0197,0,0.0343,0.0045,0,0,0.0161,0.0136,0.002,0.0126,0,0.2807,0.0025,0,0.0045,0.0328,0.001,0,0.005,0,0.06,0.0131,0.002,0.0106,0,0,0,0,0.0126,0.3664,0.0892,0.0005,18297,11462,0.482,16,224941000,252077000,1,0.7321,2
5115,Mental and Social Health Services and Allied Professions.,136215,2,6,51.0,44.0,5.0,2492.0,136215,Nova Southeastern University,,0,0.0071,0,0,0.0091,0,0.0197,0,0.0343,0.0045,0,0,0.0161,0.0136,0.002,0.0126,0,0.2807,0.0025,0,0.0045,0.0328,0.001,0,0.005,0,0.06,0.0131,0.002,0.0106,0,0,0,0,0.0126,0.3664,0.0892,0.0005,18297,11462,0.482,16,224941000,252077000,1,0.7321,2
5117,Optometry.,136215,0,6,144.0,132.0,4.0,2341.0,136215,Nova Southeastern University,,0,0.0071,0,0,0.0091,0,0.0197,0,0.0343,0.0045,0,0,0.0161,0.0136,0.002,0.0126,0,0.2807,0.0025,0,0.0045,0.0328,0.001,0,0.005,0,0.06,0.0131,0.002,0.0106,0,0,0,0,0.0126,0.3664,0.0892,0.0005,18297,11462,0.482,16,224941000,252077000,1,0.7321,2
5120,"Pharmacy, Pharmaceutical Sciences, and Administration.",136215,2,6,426.0,396.0,28.0,2389.0,136215,Nova Southeastern University,,0,0.0071,0,0,0.0091,0,0.0197,0,0.0343,0.0045,0,0,0.0161,0.0136,0.002,0.0126,0,0.2807,0.0025,0,0.0045,0.0328,0.001,0,0.005,0,0.06,0.0131,0.002,0.0106,0,0,0,0,0.0126,0.3664,0.0892,0.0005,18297,11462,0.482,16,224941000,252077000,1,0.7321,2
5122,Public Health.,136215,2,5,42.0,83.0,1.0,581.0,136215,Nova Southeastern University,,0,0.0071,0,0,0.0091,0,0.0197,0,0.0343,0.0045,0,0,0.0161,0.0136,0.002,0.0126,0,0.2807,0.0025,0,0.0045,0.0328,0.001,0,0.005,0,0.06,0.0131,0.002,0.0106,0,0,0,0,0.0126,0.3664,0.0892,0.0005,18297,11462,0.482,16,224941000,252077000,1,0.7321,2
5123,Rehabilitation and Therapeutic Professions.,136215,2,5,81.0,81.0,1.0,1041.0,136215,Nova Southeastern University,,0,0.0071,0,0,0.0091,0,0.0197,0,0.0343,0.0045,0,0,0.0161,0.0136,0.002,0.0126,0,0.2807,0.0025,0,0.0045,0.0328,0.001,0,0.005,0,0.06,0.0131,0.002,0.0106,0,0,0,0,0.0126,0.3664,0.0892,0.0005,18297,11462,0.482,16,224941000,252077000,1,0.7321,2
5123,Rehabilitation and Therapeutic Professions.,136215,2,6,226.0,235.0,6.0,1616.0,136215,Nova Southeastern University,,0,0.0071,0,0,0.0091,0,0.0197,0,0.0343,0.0045,0,0,0.0161,0.0136,0.002,0.0126,0,0.2807,0.0025,0,0.0045,0.0328,0.001,0,0.005,0,0.06,0.0131,0.002,0.0106,0,0,0,0,0.0126,0.3664,0.0892,0.0005,18297,11462,0.482,16,224941000,252077000,1,0.7321,2
5127,Medical Illustration and Informatics.,136215,2,5,17.0,22.0,0.0,917.0,136215,Nova Southeastern University,,0,0.0071,0,0,0.0091,0,0.0197,0,0.0343,0.0045,0,0,0.0161,0.0136,0.002,0.0126,0,0.2807,0.0025,0,0.0045,0.0328,0.001,0,0.005,0,0.06,0.0131,0.002,0.0106,0,0,0,0,0.0126,0.3664,0.0892,0.0005,18297,11462,0.482,16,224941000,252077000,1,0.7321,2
5138,"Registered Nursing, Nursing Administration, Nursing Research and Clinical Nursing.",136215,3,3,589.0,607.0,28.0,278.0,136215,Nova Southeastern University,,0,0.0071,0,0,0.0091,0,0.0197,0,0.0343,0.0045,0,0,0.0161,0.0136,0.002,0.0126,0,0.2807,0.0025,0,0.0045,0.0328,0.001,0,0.005,0,0.06,0.0131,0.002,0.0106,0,0,0,0,0.0126,0.3664,0.0892,0.0005,18297,11462,0.482,16,224941000,252077000,1,0.7321,2
5138,"Registered Nursing, Nursing Administration, Nursing Research and Clinical Nursing.",136215,2,5,276.0,298.0,5.0,798.0,136215,Nova Southeastern University,,0,0.0071,0,0,0.0091,0,0.0197,0,0.0343,0.0045,0,0,0.0161,0.0136,0.002,0.0126,0,0.2807,0.0025,0,0.0045,0.0328,0.001,0,0.005,0,0.06,0.0131,0.002,0.0106,0,0,0,0,0.0126,0.3664,0.0892,0.0005,18297,11462,0.482,16,224941000,252077000,1,0.7321,2
5202,"Business Administration, Management and Operations.",136215,2,3,54.0,41.0,12.0,270.0,136215,Nova Southeastern University,,0,0.0071,0,0,0.0091,0,0.0197,0,0.0343,0.0045,0,0,0.0161,0.0136,0.002,0.0126,0,0.2807,0.0025,0,0.0045,0.0328,0.001,0,0.005,0,0.06,0.0131,0.002,0.0106,0,0,0,0,0.0126,0.3664,0.0892,0.0005,18297,11462,0.482,16,224941000,252077000,1,0.7321,2
5202,"Business Administration, Management and Operations.",136215,2,5,670.0,617.0,21.0,631.0,136215,Nova Southeastern University,,0,0.0071,0,0,0.0091,0,0.0197,0,0.0343,0.0045,0,0,0.0161,0.0136,0.002,0.0126,0,0.2807,0.0025,0,0.0045,0.0328,0.001,0,0.005,0,0.06,0.0131,0.002,0.0106,0,0,0,0,0.0126,0.3664,0.0892,0.0005,18297,11462,0.482,16,224941000,252077000,1,0.7321,2
5203,Accounting and Related Services.,136215,2,3,10.0,,1.0,,136215,Nova Southeastern University,,0,0.0071,0,0,0.0091,0,0.0197,0,0.0343,0.0045,0,0,0.0161,0.0136,0.002,0.0126,0,0.2807,0.0025,0,0.0045,0.0328,0.001,0,0.005,0,0.06,0.0131,0.002,0.0106,0,0,0,0,0.0126,0.3664,0.0892,0.0005,18297,11462,0.482,16,224941000,252077000,1,0.7321,2
5203,Accounting and Related Services.,136215,2,5,100.0,122.0,5.0,555.0,136215,Nova Southeastern University,,0,0.0071,0,0,0.0091,0,0.0197,0,0.0343,0.0045,0,0,0.0161,0.0136,0.002,0.0126,0,0.2807,0.0025,0,0.0045,0.0328,0.001,0,0.005,0,0.06,0.0131,0.002,0.0106,0,0,0,0,0.0126,0.3664,0.0892,0.0005,18297,11462,0.482,16,224941000,252077000,1,0.7321,2
5208,Finance and Financial Management Services.,136215,2,3,18.0,19.0,2.0,244.0,136215,Nova Southeastern University,,0,0.0071,0,0,0.0091,0,0.0197,0,0.0343,0.0045,0,0,0.0161,0.0136,0.002,0.0126,0,0.2807,0.0025,0,0.0045,0.0328,0.001,0,0.005,0,0.06,0.0131,0.002,0.0106,0,0,0,0,0.0126,0.3664,0.0892,0.0005,18297,11462,0.482,16,224941000,252077000,1,0.7321,2
5210,Human Resources Management and Services.,136215,2,5,35.0,47.0,2.0,700.0,136215,Nova Southeastern University,,0,0.0071,0,0,0.0091,0,0.0197,0,0.0343,0.0045,0,0,0.0161,0.0136,0.002,0.0126,0,0.2807,0.0025,0,0.0045,0.0328,0.001,0,0.005,0,0.06,0.0131,0.002,0.0106,0,0,0,0,0.0126,0.3664,0.0892,0.0005,18297,11462,0.482,16,224941000,252077000,1,0.7321,2
5216,Taxation.,136215,2,5,20.0,22.0,0.0,540.0,136215,Nova Southeastern University,,0,0.0071,0,0,0.0091,0,0.0197,0,0.0343,0.0045,0,0,0.0161,0.0136,0.002,0.0126,0,0.2807,0.0025,0,0.0045,0.0328,0.001,0,0.005,0,0.06,0.0131,0.002,0.0106,0,0,0,0,0.0126,0.3664,0.0892,0.0005,18297,11462,0.482,16,224941000,252077000,1,0.7321,2
1312,"Teacher Education and Professional Development, Specific Levels and Methods.",136233,1,3,15.0,48.0,1.0,125.0,136233,Northwest Florida State College,,0,0,0,0,0,0,0.0309,0.0108,0.0251,0,0.0129,0,0.0057,0.0014,0,0.4978,0,0,0,0,0,0.0086,0,0,0,0,0,0.1114,0,0,0.0014,0.0108,0.0251,0,0.0036,0.1659,0.0884,0,7556,6280,0.3218,22,60824111,68141263,1,,1
2401,"Liberal Arts and Sciences, General Studies and Humanities.",136233,3,2,81.0,142.0,21.0,58.0,136233,Northwest Florida State College,,0,0,0,0,0,0,0.0309,0.0108,0.0251,0,0.0129,0,0.0057,0.0014,0,0.4978,0,0,0,0,0,0.0086,0,0,0,0,0,0.1114,0,0,0.0014,0.0108,0.0251,0,0.0036,0.1659,0.0884,0,7556,6280,0.3218,22,60824111,68141263,1,,1
4301,Criminal Justice and Corrections.,136233,1,1,10.0,77.0,2.0,,136233,Northwest Florida State College,,0,0,0,0,0,0,0.0309,0.0108,0.0251,0,0.0129,0,0.0057,0.0014,0,0.4978,0,0,0,0,0,0.0086,0,0,0,0,0,0.1114,0,0,0.0014,0.0108,0.0251,0,0.0036,0.1659,0.0884,0,7556,6280,0.3218,22,60824111,68141263,1,,1
4805,Precision Metal Working.,136233,1,1,,17.0,0.0,,136233,Northwest Florida State College,,0,0,0,0,0,0,0.0309,0.0108,0.0251,0,0.0129,0,0.0057,0.0014,0,0.4978,0,0,0,0,0,0.0086,0,0,0,0,0,0.1114,0,0,0.0014,0.0108,0.0251,0,0.0036,0.1659,0.0884,0,7556,6280,0.3218,22,60824111,68141263,1,,1
5109,"Allied Health Diagnostic, Intervention, and Treatment Professions.",136233,1,1,,19.0,1.0,,136233,Northwest Florida State College,,0,0,0,0,0,0,0.0309,0.0108,0.0251,0,0.0129,0,0.0057,0.0014,0,0.4978,0,0,0,0,0,0.0086,0,0,0,0,0,0.1114,0,0,0.0014,0.0108,0.0251,0,0.0036,0.1659,0.0884,0,7556,6280,0.3218,22,60824111,68141263,1,,1
5138,"Registered Nursing, Nursing Administration, Nursing Research and Clinical Nursing.",136233,1,2,18.0,22.0,1.0,80.0,136233,Northwest Florida State College,,0,0,0,0,0,0,0.0309,0.0108,0.0251,0,0.0129,0,0.0057,0.0014,0,0.4978,0,0,0,0,0,0.0086,0,0,0,0,0,0.1114,0,0,0.0014,0.0108,0.0251,0,0.0036,0.1659,0.0884,0,7556,6280,0.3218,22,60824111,68141263,1,,1
5138,"Registered Nursing, Nursing Administration, Nursing Research and Clinical Nursing.",136233,3,3,,49.0,2.0,,136233,Northwest Florida State College,,0,0,0,0,0,0,0.0309,0.0108,0.0251,0,0.0129,0,0.0057,0.0014,0,0.4978,0,0,0,0,0,0.0086,0,0,0,0,0,0.1114,0,0,0.0014,0.0108,0.0251,0,0.0036,0.1659,0.0884,0,7556,6280,0.3218,22,60824111,68141263,1,,1
5202,"Business Administration, Management and Operations.",136233,1,3,19.0,47.0,6.0,79.0,136233,Northwest Florida State College,,0,0,0,0,0,0,0.0309,0.0108,0.0251,0,0.0129,0,0.0057,0.0014,0,0.4978,0,0,0,0,0,0.0086,0,0,0,0,0,0.1114,0,0,0.0014,0.0108,0.0251,0,0.0036,0.1659,0.0884,0,7556,6280,0.3218,22,60824111,68141263,1,,1
1110,Computer/Information Technology Administration and Management.,136303,0,1,,,,,136303,Orange Technical College,12,0,0,0,0,0,0,0,0,0,0,0,0,0,0,0,0,0,0,0,0,0,0,0,0,0,0,0,0,0,0,0,0,0,0,0.0159,0.9841,0,0,4000,,,2,,,1,,1
1204,Cosmetology and Related Personal Grooming Services.,136303,0,1,,,,,136303,Orange Technical College,12,0,0,0,0,0,0,0,0,0,0,0,0,0,0,0,0,0,0,0,0,0,0,0,0,0,0,0,0,0,0,0,0,0,0,0.0159,0.9841,0,0,4000,,,2,,,1,,1
1205,Culinary Arts and Related Services.,136303,0,1,,,4.0,,136303,Orange Technical College,12,0,0,0,0,0,0,0,0,0,0,0,0,0,0,0,0,0,0,0,0,0,0,0,0,0,0,0,0,0,0,0,0,0,0,0.0159,0.9841,0,0,4000,,,2,,,1,,1
4702,"Heating, Air Conditioning, Ventilation and Refrigeration Maintenance Technology/Technician (HAC, HACR, HVAC, HVACR).",136303,0,1,,,,,136303,Orange Technical College,12,0,0,0,0,0,0,0,0,0,0,0,0,0,0,0,0,0,0,0,0,0,0,0,0,0,0,0,0,0,0,0,0,0,0,0.0159,0.9841,0,0,4000,,,2,,,1,,1
4706,Vehicle Maintenance and Repair Technologies/Technicians.,136303,0,1,,,,,136303,Orange Technical College,12,0,0,0,0,0,0,0,0,0,0,0,0,0,0,0,0,0,0,0,0,0,0,0,0,0,0,0,0,0,0,0,0,0,0,0.0159,0.9841,0,0,4000,,,2,,,1,,1
4805,Precision Metal Working.,136303,0,1,,,,,136303,Orange Technical College,12,0,0,0,0,0,0,0,0,0,0,0,0,0,0,0,0,0,0,0,0,0,0,0,0,0,0,0,0,0,0,0,0,0,0,0.0159,0.9841,0,0,4000,,,2,,,1,,1
5004,Design and Applied Arts.,136303,0,1,,,2.0,,136303,Orange Technical College,12,0,0,0,0,0,0,0,0,0,0,0,0,0,0,0,0,0,0,0,0,0,0,0,0,0,0,0,0,0,0,0,0,0,0,0.0159,0.9841,0,0,4000,,,2,,,1,,1
5106,Dental Support Services and Allied Professions.,136303,0,1,,19.0,1.0,,136303,Orange Technical College,12,0,0,0,0,0,0,0,0,0,0,0,0,0,0,0,0,0,0,0,0,0,0,0,0,0,0,0,0,0,0,0,0,0,0,0.0159,0.9841,0,0,4000,,,2,,,1,,1
5107,Health and Medical Administrative Services.,136303,1,1,,,2.0,,136303,Orange Technical College,12,0,0,0,0,0,0,0,0,0,0,0,0,0,0,0,0,0,0,0,0,0,0,0,0,0,0,0,0,0,0,0,0,0,0,0.0159,0.9841,0,0,4000,,,2,,,1,,1
5108,Allied Health and Medical Assisting Services.,136303,1,1,,,,,136303,Orange Technical College,12,0,0,0,0,0,0,0,0,0,0,0,0,0,0,0,0,0,0,0,0,0,0,0,0,0,0,0,0,0,0,0,0,0,0,0.0159,0.9841,0,0,4000,,,2,,,1,,1
5110,Clinical/Medical Laboratory Science/Research and Allied Professions.,136303,1,1,,,,,136303,Orange Technical College,12,0,0,0,0,0,0,0,0,0,0,0,0,0,0,0,0,0,0,0,0,0,0,0,0,0,0,0,0,0,0,0,0,0,0,0.0159,0.9841,0,0,4000,,,2,,,1,,1
5135,Somatic Bodywork and Related Therapeutic Services.,136303,1,1,,,,,136303,Orange Technical College,12,0,0,0,0,0,0,0,0,0,0,0,0,0,0,0,0,0,0,0,0,0,0,0,0,0,0,0,0,0,0,0,0,0,0,0.0159,0.9841,0,0,4000,,,2,,,1,,1
5139,"Practical Nursing, Vocational Nursing and Nursing Assistants.",136303,1,1,,22.0,1.0,,136303,Orange Technical College,12,0,0,0,0,0,0,0,0,0,0,0,0,0,0,0,0,0,0,0,0,0,0,0,0,0,0,0,0,0,0,0,0,0,0,0.0159,0.9841,0,0,4000,,,2,,,1,,1
0901,Communication and Media Studies.,136330,3,3,20.0,,1.0,,136330,Palm Beach Atlantic University,,0,0,0,0,0.0773,0,0.0177,0,0.0353,0,0,0,0.0022,0.0088,0.0199,0.0375,0,0.0596,0.0022,0,0.0022,0.0574,0.0044,0.0419,0.0132,0,0.0993,0,0,0.0155,0,0,0,0,0.0971,0.1545,0.2406,0.0132,12213,9265,1,13,101717017,109770462,0,0.8199,2
1311,Student Counseling and Personnel Services.,136330,1,5,23.0,21.0,1.0,493.0,136330,Palm Beach Atlantic University,,0,0,0,0,0.0773,0,0.0177,0,0.0353,0,0,0,0.0022,0.0088,0.0199,0.0375,0,0.0596,0.0022,0,0.0022,0.0574,0.0044,0.0419,0.0132,0,0.0993,0,0,0.0155,0,0,0,0,0.0971,0.1545,0.2406,0.0132,12213,9265,1,13,101717017,109770462,0,0.8199,2
2601,"Biology, General.",136330,1,3,29.0,23.0,2.0,207.0,136330,Palm Beach Atlantic University,,0,0,0,0,0.0773,0,0.0177,0,0.0353,0,0,0,0.0022,0.0088,0.0199,0.0375,0,0.0596,0.0022,0,0.0022,0.0574,0.0044,0.0419,0.0132,0,0.0993,0,0,0.0155,0,0,0,0,0.0971,0.1545,0.2406,0.0132,12213,9265,1,13,101717017,109770462,0,0.8199,2
3903,Missions/Missionary Studies and Missiology.,136330,1,3,11.0,,0.0,,136330,Palm Beach Atlantic University,,0,0,0,0,0.0773,0,0.0177,0,0.0353,0,0,0,0.0022,0.0088,0.0199,0.0375,0,0.0596,0.0022,0,0.0022,0.0574,0.0044,0.0419,0.0132,0,0.0993,0,0,0.0155,0,0,0,0,0.0971,0.1545,0.2406,0.0132,12213,9265,1,13,101717017,109770462,0,0.8199,2
3906,Theological and Ministerial Studies.,136330,2,3,24.0,22.0,1.0,268.0,136330,Palm Beach Atlantic University,,0,0,0,0,0.0773,0,0.0177,0,0.0353,0,0,0,0.0022,0.0088,0.0199,0.0375,0,0.0596,0.0022,0,0.0022,0.0574,0.0044,0.0419,0.0132,0,0.0993,0,0,0.0155,0,0,0,0,0.0971,0.1545,0.2406,0.0132,12213,9265,1,13,101717017,109770462,0,0.8199,2
4201,"Psychology, General.",136330,2,3,75.0,52.0,2.0,242.0,136330,Palm Beach Atlantic University,,0,0,0,0,0.0773,0,0.0177,0,0.0353,0,0,0,0.0022,0.0088,0.0199,0.0375,0,0.0596,0.0022,0,0.0022,0.0574,0.0044,0.0419,0.0132,0,0.0993,0,0,0.0155,0,0,0,0,0.0971,0.1545,0.2406,0.0132,12213,9265,1,13,101717017,109770462,0,0.8199,2
5115,Mental and Social Health Services and Allied Professions.,136330,1,5,83.0,87.0,5.0,581.0,136330,Palm Beach Atlantic University,,0,0,0,0,0.0773,0,0.0177,0,0.0353,0,0,0,0.0022,0.0088,0.0199,0.0375,0,0.0596,0.0022,0,0.0022,0.0574,0.0044,0.0419,0.0132,0,0.0993,0,0,0.0155,0,0,0,0,0.0971,0.1545,0.2406,0.0132,12213,9265,1,13,101717017,109770462,0,0.8199,2
5120,"Pharmacy, Pharmaceutical Sciences, and Administration.",136330,0,6,69.0,64.0,1.0,2598.0,136330,Palm Beach Atlantic University,,0,0,0,0,0.0773,0,0.0177,0,0.0353,0,0,0,0.0022,0.0088,0.0199,0.0375,0,0.0596,0.0022,0,0.0022,0.0574,0.0044,0.0419,0.0132,0,0.0993,0,0,0.0155,0,0,0,0,0.0971,0.1545,0.2406,0.0132,12213,9265,1,13,101717017,109770462,0,0.8199,2
5138,"Registered Nursing, Nursing Administration, Nursing Research and Clinical Nursing.",136330,2,3,63.0,85.0,2.0,265.0,136330,Palm Beach Atlantic University,,0,0,0,0,0.0773,0,0.0177,0,0.0353,0,0,0,0.0022,0.0088,0.0199,0.0375,0,0.0596,0.0022,0,0.0022,0.0574,0.0044,0.0419,0.0132,0,0.0993,0,0,0.0155,0,0,0,0,0.0971,0.1545,0.2406,0.0132,12213,9265,1,13,101717017,109770462,0,0.8199,2
5138,"Registered Nursing, Nursing Administration, Nursing Research and Clinical Nursing.",136330,0,6,31.0,37.0,0.0,733.0,136330,Palm Beach Atlantic University,,0,0,0,0,0.0773,0,0.0177,0,0.0353,0,0,0,0.0022,0.0088,0.0199,0.0375,0,0.0596,0.0022,0,0.0022,0.0574,0.0044,0.0419,0.0132,0,0.0993,0,0,0.0155,0,0,0,0,0.0971,0.1545,0.2406,0.0132,12213,9265,1,13,101717017,109770462,0,0.8199,2
5202,"Business Administration, Management and Operations.",136330,2,3,27.0,31.0,4.0,205.0,136330,Palm Beach Atlantic University,,0,0,0,0,0.0773,0,0.0177,0,0.0353,0,0,0,0.0022,0.0088,0.0199,0.0375,0,0.0596,0.0022,0,0.0022,0.0574,0.0044,0.0419,0.0132,0,0.0993,0,0,0.0155,0,0,0,0,0.0971,0.1545,0.2406,0.0132,12213,9265,1,13,101717017,109770462,0,0.8199,2
5202,"Business Administration, Management and Operations.",136330,3,5,35.0,51.0,1.0,378.0,136330,Palm Beach Atlantic University,,0,0,0,0,0.0773,0,0.0177,0,0.0353,0,0,0,0.0022,0.0088,0.0199,0.0375,0,0.0596,0.0022,0,0.0022,0.0574,0.0044,0.0419,0.0132,0,0.0993,0,0,0.0155,0,0,0,0,0.0971,0.1545,0.2406,0.0132,12213,9265,1,13,101717017,109770462,0,0.8199,2
5208,Finance and Financial Management Services.,136330,1,3,18.0,,1.0,,136330,Palm Beach Atlantic University,,0,0,0,0,0.0773,0,0.0177,0,0.0353,0,0,0,0.0022,0.0088,0.0199,0.0375,0,0.0596,0.0022,0,0.0022,0.0574,0.0044,0.0419,0.0132,0,0.0993,0,0,0.0155,0,0,0,0,0.0971,0.1545,0.2406,0.0132,12213,9265,1,13,101717017,109770462,0,0.8199,2
5210,Human Resources Management and Services.,136330,3,3,29.0,,1.0,298.0,136330,Palm Beach Atlantic University,,0,0,0,0,0.0773,0,0.0177,0,0.0353,0,0,0,0.0022,0.0088,0.0199,0.0375,0,0.0596,0.0022,0,0.0022,0.0574,0.0044,0.0419,0.0132,0,0.0993,0,0,0.0155,0,0,0,0,0.0971,0.1545,0.2406,0.0132,12213,9265,1,13,101717017,109770462,0,0.8199,2
5214,Marketing.,136330,1,3,24.0,26.0,0.0,241.0,136330,Palm Beach Atlantic University,,0,0,0,0,0.0773,0,0.0177,0,0.0353,0,0,0,0.0022,0.0088,0.0199,0.0375,0,0.0596,0.0022,0,0.0022,0.0574,0.0044,0.0419,0.0132,0,0.0993,0,0,0.0155,0,0,0,0,0.0971,0.1545,0.2406,0.0132,12213,9265,1,13,101717017,109770462,0,0.8199,2
1101,"Computer and Information Sciences, General.",136358,1,2,,,1.0,,136358,Palm Beach State College,,0.0011,0.0029,0,0,0,0,0.0396,0.0467,0.0064,0,0.0186,0,0.0075,0.0035,0,0.5114,0,0,0,0,0,0,0,0,0,0.0027,0,0.0679,0.0135,0,0.0042,0.0148,0.0066,0,0.0084,0.1677,0.0765,0,4699,7015,0.3414,31,22961406,22628141,1,,1
1108,Computer Software and Media Applications.,136358,1,2,,,2.0,,136358,Palm Beach State College,,0.0011,0.0029,0,0,0,0,0.0396,0.0467,0.0064,0,0.0186,0,0.0075,0.0035,0,0.5114,0,0,0,0,0,0,0,0,0,0.0027,0,0.0679,0.0135,0,0.0042,0.0148,0.0066,0,0.0084,0.1677,0.0765,0,4699,7015,0.3414,31,22961406,22628141,1,,1
1110,Computer/Information Technology Administration and Management.,136358,2,2,11.0,32.0,4.0,85.0,136358,Palm Beach State College,,0.0011,0.0029,0,0,0,0,0.0396,0.0467,0.0064,0,0.0186,0,0.0075,0.0035,0,0.5114,0,0,0,0,0,0,0,0,0,0.0027,0,0.0679,0.0135,0,0.0042,0.0148,0.0066,0,0.0084,0.1677,0.0765,0,4699,7015,0.3414,31,22961406,22628141,1,,1
1110,Computer/Information Technology Administration and Management.,136358,2,3,31.0,74.0,4.0,108.0,136358,Palm Beach State College,,0.0011,0.0029,0,0,0,0,0.0396,0.0467,0.0064,0,0.0186,0,0.0075,0.0035,0,0.5114,0,0,0,0,0,0,0,0,0,0.0027,0,0.0679,0.0135,0,0.0042,0.0148,0.0066,0,0.0084,0.1677,0.0765,0,4699,7015,0.3414,31,22961406,22628141,1,,1
1204,Cosmetology and Related Personal Grooming Services.,136358,1,1,10.0,116.0,17.0,48.0,136358,Palm Beach State College,,0.0011,0.0029,0,0,0,0,0.0396,0.0467,0.0064,0,0.0186,0,0.0075,0.0035,0,0.5114,0,0,0,0,0,0,0,0,0,0.0027,0,0.0679,0.0135,0,0.0042,0.0148,0.0066,0,0.0084,0.1677,0.0765,0,4699,7015,0.3414,31,22961406,22628141,1,,1
1312,"Teacher Education and Professional Development, Specific Levels and Methods.",136358,1,2,,20.0,4.0,,136358,Palm Beach State College,,0.0011,0.0029,0,0,0,0,0.0396,0.0467,0.0064,0,0.0186,0,0.0075,0.0035,0,0.5114,0,0,0,0,0,0,0,0,0,0.0027,0,0.0679,0.0135,0,0.0042,0.0148,0.0066,0,0.0084,0.1677,0.0765,0,4699,7015,0.3414,31,22961406,22628141,1,,1
1907,"Human Development, Family Studies, and Related Services.",136358,1,1,,27.0,2.0,,136358,Palm Beach State College,,0.0011,0.0029,0,0,0,0,0.0396,0.0467,0.0064,0,0.0186,0,0.0075,0.0035,0,0.5114,0,0,0,0,0,0,0,0,0,0.0027,0,0.0679,0.0135,0,0.0042,0.0148,0.0066,0,0.0084,0.1677,0.0765,0,4699,7015,0.3414,31,22961406,22628141,1,,1
2203,Legal Support Services.,136358,1,2,11.0,35.0,1.0,,136358,Palm Beach State College,,0.0011,0.0029,0,0,0,0,0.0396,0.0467,0.0064,0,0.0186,0,0.0075,0.0035,0,0.5114,0,0,0,0,0,0,0,0,0,0.0027,0,0.0679,0.0135,0,0.0042,0.0148,0.0066,0,0.0084,0.1677,0.0765,0,4699,7015,0.3414,31,22961406,22628141,1,,1
2401,"Liberal Arts and Sciences, General Studies and Humanities.",136358,2,2,634.0,1112.0,126.0,65.0,136358,Palm Beach State College,,0.0011,0.0029,0,0,0,0,0.0396,0.0467,0.0064,0,0.0186,0,0.0075,0.0035,0,0.5114,0,0,0,0,0,0,0,0,0,0.0027,0,0.0679,0.0135,0,0.0042,0.0148,0.0066,0,0.0084,0.1677,0.0765,0,4699,7015,0.3414,31,22961406,22628141,1,,1
4301,Criminal Justice and Corrections.,136358,1,1,27.0,168.0,2.0,52.0,136358,Palm Beach State College,,0.0011,0.0029,0,0,0,0,0.0396,0.0467,0.0064,0,0.0186,0,0.0075,0.0035,0,0.5114,0,0,0,0,0,0,0,0,0,0.0027,0,0.0679,0.0135,0,0.0042,0.0148,0.0066,0,0.0084,0.1677,0.0765,0,4699,7015,0.3414,31,22961406,22628141,1,,1
4302,Fire Protection.,136358,1,1,,27.0,0.0,,136358,Palm Beach State College,,0.0011,0.0029,0,0,0,0,0.0396,0.0467,0.0064,0,0.0186,0,0.0075,0.0035,0,0.5114,0,0,0,0,0,0,0,0,0,0.0027,0,0.0679,0.0135,0,0.0042,0.0148,0.0066,0,0.0084,0.1677,0.0765,0,4699,7015,0.3414,31,22961406,22628141,1,,1
4304,Security Science and Technology.,136358,1,2,,,1.0,,136358,Palm Beach State College,,0.0011,0.0029,0,0,0,0,0.0396,0.0467,0.0064,0,0.0186,0,0.0075,0.0035,0,0.5114,0,0,0,0,0,0,0,0,0,0.0027,0,0.0679,0.0135,0,0.0042,0.0148,0.0066,0,0.0084,0.1677,0.0765,0,4699,7015,0.3414,31,22961406,22628141,1,,1
4603,Electrical and Power Transmission Installers.,136358,1,1,,23.0,3.0,,136358,Palm Beach State College,,0.0011,0.0029,0,0,0,0,0.0396,0.0467,0.0064,0,0.0186,0,0.0075,0.0035,0,0.5114,0,0,0,0,0,0,0,0,0,0.0027,0,0.0679,0.0135,0,0.0042,0.0148,0.0066,0,0.0084,0.1677,0.0765,0,4699,7015,0.3414,31,22961406,22628141,1,,1
4702,"Heating, Air Conditioning, Ventilation and Refrigeration Maintenance Technology/Technician (HAC, HACR, HVAC, HVACR).",136358,1,1,11.0,28.0,3.0,,136358,Palm Beach State College,,0.0011,0.0029,0,0,0,0,0.0396,0.0467,0.0064,0,0.0186,0,0.0075,0.0035,0,0.5114,0,0,0,0,0,0,0,0,0,0.0027,0,0.0679,0.0135,0,0.0042,0.0148,0.0066,0,0.0084,0.1677,0.0765,0,4699,7015,0.3414,31,22961406,22628141,1,,1
4706,Vehicle Maintenance and Repair Technologies/Technicians.,136358,1,1,,41.0,2.0,,136358,Palm Beach State College,,0.0011,0.0029,0,0,0,0,0.0396,0.0467,0.0064,0,0.0186,0,0.0075,0.0035,0,0.5114,0,0,0,0,0,0,0,0,0,0.0027,0,0.0679,0.0135,0,0.0042,0.0148,0.0066,0,0.0084,0.1677,0.0765,0,4699,7015,0.3414,31,22961406,22628141,1,,1
4805,Precision Metal Working.,136358,1,1,,46.0,1.0,,136358,Palm Beach State College,,0.0011,0.0029,0,0,0,0,0.0396,0.0467,0.0064,0,0.0186,0,0.0075,0.0035,0,0.5114,0,0,0,0,0,0,0,0,0,0.0027,0,0.0679,0.0135,0,0.0042,0.0148,0.0066,0,0.0084,0.1677,0.0765,0,4699,7015,0.3414,31,22961406,22628141,1,,1
5004,Design and Applied Arts.,136358,1,2,,28.0,5.0,,136358,Palm Beach State College,,0.0011,0.0029,0,0,0,0,0.0396,0.0467,0.0064,0,0.0186,0,0.0075,0.0035,0,0.5114,0,0,0,0,0,0,0,0,0,0.0027,0,0.0679,0.0135,0,0.0042,0.0148,0.0066,0,0.0084,0.1677,0.0765,0,4699,7015,0.3414,31,22961406,22628141,1,,1
5106,Dental Support Services and Allied Professions.,136358,1,1,,,1.0,,136358,Palm Beach State College,,0.0011,0.0029,0,0,0,0,0.0396,0.0467,0.0064,0,0.0186,0,0.0075,0.0035,0,0.5114,0,0,0,0,0,0,0,0,0,0.0027,0,0.0679,0.0135,0,0.0042,0.0148,0.0066,0,0.0084,0.1677,0.0765,0,4699,7015,0.3414,31,22961406,22628141,1,,1
5106,Dental Support Services and Allied Professions.,136358,1,2,17.0,33.0,0.0,,136358,Palm Beach State College,,0.0011,0.0029,0,0,0,0,0.0396,0.0467,0.0064,0,0.0186,0,0.0075,0.0035,0,0.5114,0,0,0,0,0,0,0,0,0,0.0027,0,0.0679,0.0135,0,0.0042,0.0148,0.0066,0,0.0084,0.1677,0.0765,0,4699,7015,0.3414,31,22961406,22628141,1,,1
5108,Allied Health and Medical Assisting Services.,136358,1,1,,17.0,1.0,,136358,Palm Beach State College,,0.0011,0.0029,0,0,0,0,0.0396,0.0467,0.0064,0,0.0186,0,0.0075,0.0035,0,0.5114,0,0,0,0,0,0,0,0,0,0.0027,0,0.0679,0.0135,0,0.0042,0.0148,0.0066,0,0.0084,0.1677,0.0765,0,4699,7015,0.3414,31,22961406,22628141,1,,1
5109,"Allied Health Diagnostic, Intervention, and Treatment Professions.",136358,1,1,12.0,113.0,3.0,43.0,136358,Palm Beach State College,,0.0011,0.0029,0,0,0,0,0.0396,0.0467,0.0064,0,0.0186,0,0.0075,0.0035,0,0.5114,0,0,0,0,0,0,0,0,0,0.0027,0,0.0679,0.0135,0,0.0042,0.0148,0.0066,0,0.0084,0.1677,0.0765,0,4699,7015,0.3414,31,22961406,22628141,1,,1
5109,"Allied Health Diagnostic, Intervention, and Treatment Professions.",136358,1,2,25.0,65.0,2.0,119.0,136358,Palm Beach State College,,0.0011,0.0029,0,0,0,0,0.0396,0.0467,0.0064,0,0.0186,0,0.0075,0.0035,0,0.5114,0,0,0,0,0,0,0,0,0,0.0027,0,0.0679,0.0135,0,0.0042,0.0148,0.0066,0,0.0084,0.1677,0.0765,0,4699,7015,0.3414,31,22961406,22628141,1,,1
5115,Mental and Social Health Services and Allied Professions.,136358,1,2,11.0,16.0,5.0,,136358,Palm Beach State College,,0.0011,0.0029,0,0,0,0,0.0396,0.0467,0.0064,0,0.0186,0,0.0075,0.0035,0,0.5114,0,0,0,0,0,0,0,0,0,0.0027,0,0.0679,0.0135,0,0.0042,0.0148,0.0066,0,0.0084,0.1677,0.0765,0,4699,7015,0.3414,31,22961406,22628141,1,,1
5135,Somatic Bodywork and Related Therapeutic Services.,136358,1,1,,23.0,5.0,,136358,Palm Beach State College,,0.0011,0.0029,0,0,0,0,0.0396,0.0467,0.0064,0,0.0186,0,0.0075,0.0035,0,0.5114,0,0,0,0,0,0,0,0,0,0.0027,0,0.0679,0.0135,0,0.0042,0.0148,0.0066,0,0.0084,0.1677,0.0765,0,4699,7015,0.3414,31,22961406,22628141,1,,1
5138,"Registered Nursing, Nursing Administration, Nursing Research and Clinical Nursing.",136358,2,2,107.0,197.0,7.0,93.0,136358,Palm Beach State College,,0.0011,0.0029,0,0,0,0,0.0396,0.0467,0.0064,0,0.0186,0,0.0075,0.0035,0,0.5114,0,0,0,0,0,0,0,0,0,0.0027,0,0.0679,0.0135,0,0.0042,0.0148,0.0066,0,0.0084,0.1677,0.0765,0,4699,7015,0.3414,31,22961406,22628141,1,,1
5138,"Registered Nursing, Nursing Administration, Nursing Research and Clinical Nursing.",136358,2,3,22.0,87.0,4.0,111.0,136358,Palm Beach State College,,0.0011,0.0029,0,0,0,0,0.0396,0.0467,0.0064,0,0.0186,0,0.0075,0.0035,0,0.5114,0,0,0,0,0,0,0,0,0,0.0027,0,0.0679,0.0135,0,0.0042,0.0148,0.0066,0,0.0084,0.1677,0.0765,0,4699,7015,0.3414,31,22961406,22628141,1,,1
5139,"Practical Nursing, Vocational Nursing and Nursing Assistants.",136358,1,1,,58.0,2.0,64.0,136358,Palm Beach State College,,0.0011,0.0029,0,0,0,0,0.0396,0.0467,0.0064,0,0.0186,0,0.0075,0.0035,0,0.5114,0,0,0,0,0,0,0,0,0,0.0027,0,0.0679,0.0135,0,0.0042,0.0148,0.0066,0,0.0084,0.1677,0.0765,0,4699,7015,0.3414,31,22961406,22628141,1,,1
5202,"Business Administration, Management and Operations.",136358,2,2,,,0.0,,136358,Palm Beach State College,,0.0011,0.0029,0,0,0,0,0.0396,0.0467,0.0064,0,0.0186,0,0.0075,0.0035,0,0.5114,0,0,0,0,0,0,0,0,0,0.0027,0,0.0679,0.0135,0,0.0042,0.0148,0.0066,0,0.0084,0.1677,0.0765,0,4699,7015,0.3414,31,22961406,22628141,1,,1
5202,"Business Administration, Management and Operations.",136358,2,3,129.0,319.0,20.0,128.0,136358,Palm Beach State College,,0.0011,0.0029,0,0,0,0,0.0396,0.0467,0.0064,0,0.0186,0,0.0075,0.0035,0,0.5114,0,0,0,0,0,0,0,0,0,0.0027,0,0.0679,0.0135,0,0.0042,0.0148,0.0066,0,0.0084,0.1677,0.0765,0,4699,7015,0.3414,31,22961406,22628141,1,,1
5209,Hospitality Administration/Management.,136358,2,2,,,1.0,,136358,Palm Beach State College,,0.0011,0.0029,0,0,0,0,0.0396,0.0467,0.0064,0,0.0186,0,0.0075,0.0035,0,0.5114,0,0,0,0,0,0,0,0,0,0.0027,0,0.0679,0.0135,0,0.0042,0.0148,0.0066,0,0.0084,0.1677,0.0765,0,4699,7015,0.3414,31,22961406,22628141,1,,1
5215,Real Estate.,136358,1,1,,38.0,7.0,,136358,Palm Beach State College,,0.0011,0.0029,0,0,0,0,0.0396,0.0467,0.0064,0,0.0186,0,0.0075,0.0035,0,0.5114,0,0,0,0,0,0,0,0,0,0.0027,0,0.0679,0.0135,0,0.0042,0.0148,0.0066,0,0.0084,0.1677,0.0765,0,4699,7015,0.3414,31,22961406,22628141,1,,1
5219,"Specialized Sales, Merchandising and  Marketing Operations.",136358,1,1,,,2.0,,136358,Palm Beach State College,,0.0011,0.0029,0,0,0,0,0.0396,0.0467,0.0064,0,0.0186,0,0.0075,0.0035,0,0.5114,0,0,0,0,0,0,0,0,0,0.0027,0,0.0679,0.0135,0,0.0042,0.0148,0.0066,0,0.0084,0.1677,0.0765,0,4699,7015,0.3414,31,22961406,22628141,1,,1
1110,Computer/Information Technology Administration and Management.,136400,1,2,,,0.0,,136400,Pasco-Hernando State College,,0,0,0,0,0.0022,0.006,0.0467,0,0.0043,0,0.0141,0,0,0.0049,0,0.5095,0,0,0,0,0,0,0,0,0,0,0,0.0913,0,0,0,0,0.0038,0.0005,0.0016,0.1966,0.1184,0,5389,4014,1,22,60599833,63270645,1,,1
2401,"Liberal Arts and Sciences, General Studies and Humanities.",136400,3,2,253.0,241.0,25.0,86.0,136400,Pasco-Hernando State College,,0,0,0,0,0.0022,0.006,0.0467,0,0.0043,0,0.0141,0,0,0.0049,0,0.5095,0,0,0,0,0,0,0,0,0,0,0,0.0913,0,0,0,0,0.0038,0.0005,0.0016,0.1966,0.1184,0,5389,4014,1,22,60599833,63270645,1,,1
4301,Criminal Justice and Corrections.,136400,0,99,,,,,136400,Pasco-Hernando State College,,0,0,0,0,0.0022,0.006,0.0467,0,0.0043,0,0.0141,0,0,0.0049,0,0.5095,0,0,0,0,0,0,0,0,0,0,0,0.0913,0,0,0,0,0.0038,0.0005,0.0016,0.1966,0.1184,0,5389,4014,1,22,60599833,63270645,1,,1
4302,Fire Protection.,136400,0,99,,,,,136400,Pasco-Hernando State College,,0,0,0,0,0.0022,0.006,0.0467,0,0.0043,0,0.0141,0,0,0.0049,0,0.5095,0,0,0,0,0,0,0,0,0,0,0,0.0913,0,0,0,0,0.0038,0.0005,0.0016,0.1966,0.1184,0,5389,4014,1,22,60599833,63270645,1,,1
5106,Dental Support Services and Allied Professions.,136400,1,2,10.0,,0.0,,136400,Pasco-Hernando State College,,0,0,0,0,0.0022,0.006,0.0467,0,0.0043,0,0.0141,0,0,0.0049,0,0.5095,0,0,0,0,0,0,0,0,0,0,0,0.0913,0,0,0,0,0.0038,0.0005,0.0016,0.1966,0.1184,0,5389,4014,1,22,60599833,63270645,1,,1
5109,"Allied Health Diagnostic, Intervention, and Treatment Professions.",136400,1,2,17.0,46.0,0.0,69.0,136400,Pasco-Hernando State College,,0,0,0,0,0.0022,0.006,0.0467,0,0.0043,0,0.0141,0,0,0.0049,0,0.5095,0,0,0,0,0,0,0,0,0,0,0,0.0913,0,0,0,0,0.0038,0.0005,0.0016,0.1966,0.1184,0,5389,4014,1,22,60599833,63270645,1,,1
5109,"Allied Health Diagnostic, Intervention, and Treatment Professions.",136400,0,99,,,,,136400,Pasco-Hernando State College,,0,0,0,0,0.0022,0.006,0.0467,0,0.0043,0,0.0141,0,0,0.0049,0,0.5095,0,0,0,0,0,0,0,0,0,0,0,0.0913,0,0,0,0,0.0038,0.0005,0.0016,0.1966,0.1184,0,5389,4014,1,22,60599833,63270645,1,,1
5110,Clinical/Medical Laboratory Science/Research and Allied Professions.,136400,0,99,,,,,136400,Pasco-Hernando State College,,0,0,0,0,0.0022,0.006,0.0467,0,0.0043,0,0.0141,0,0,0.0049,0,0.5095,0,0,0,0,0,0,0,0,0,0,0,0.0913,0,0,0,0,0.0038,0.0005,0.0016,0.1966,0.1184,0,5389,4014,1,22,60599833,63270645,1,,1
5115,Mental and Social Health Services and Allied Professions.,136400,1,2,14.0,,3.0,,136400,Pasco-Hernando State College,,0,0,0,0,0.0022,0.006,0.0467,0,0.0043,0,0.0141,0,0,0.0049,0,0.5095,0,0,0,0,0,0,0,0,0,0,0,0.0913,0,0,0,0,0.0038,0.0005,0.0016,0.1966,0.1184,0,5389,4014,1,22,60599833,63270645,1,,1
5138,"Registered Nursing, Nursing Administration, Nursing Research and Clinical Nursing.",136400,1,2,164.0,179.0,3.0,118.0,136400,Pasco-Hernando State College,,0,0,0,0,0.0022,0.006,0.0467,0,0.0043,0,0.0141,0,0,0.0049,0,0.5095,0,0,0,0,0,0,0,0,0,0,0,0.0913,0,0,0,0,0.0038,0.0005,0.0016,0.1966,0.1184,0,5389,4014,1,22,60599833,63270645,1,,1
5138,"Registered Nursing, Nursing Administration, Nursing Research and Clinical Nursing.",136400,1,3,17.0,66.0,1.0,197.0,136400,Pasco-Hernando State College,,0,0,0,0,0.0022,0.006,0.0467,0,0.0043,0,0.0141,0,0,0.0049,0,0.5095,0,0,0,0,0,0,0,0,0,0,0,0.0913,0,0,0,0,0.0038,0.0005,0.0016,0.1966,0.1184,0,5389,4014,1,22,60599833,63270645,1,,1
5139,"Practical Nursing, Vocational Nursing and Nursing Assistants.",136400,0,99,,,,,136400,Pasco-Hernando State College,,0,0,0,0,0.0022,0.006,0.0467,0,0.0043,0,0.0141,0,0,0.0049,0,0.5095,0,0,0,0,0,0,0,0,0,0,0,0.0913,0,0,0,0,0.0038,0.0005,0.0016,0.1966,0.1184,0,5389,4014,1,22,60599833,63270645,1,,1
5202,"Business Administration, Management and Operations.",136400,1,2,10.0,,0.0,,136400,Pasco-Hernando State College,,0,0,0,0,0.0022,0.006,0.0467,0,0.0043,0,0.0141,0,0,0.0049,0,0.5095,0,0,0,0,0,0,0,0,0,0,0,0.0913,0,0,0,0,0.0038,0.0005,0.0016,0.1966,0.1184,0,5389,4014,1,22,60599833,63270645,1,,1
5202,"Business Administration, Management and Operations.",136400,2,3,77.0,164.0,8.0,211.0,136400,Pasco-Hernando State College,,0,0,0,0,0.0022,0.006,0.0467,0,0.0043,0,0.0141,0,0,0.0049,0,0.5095,0,0,0,0,0,0,0,0,0,0,0,0.0913,0,0,0,0,0.0038,0.0005,0.0016,0.1966,0.1184,0,5389,4014,1,22,60599833,63270645,1,,1
1204,Cosmetology and Related Personal Grooming Services.,136473,1,1,24.0,95.0,19.0,37.0,136473,Pensacola State College,,0.0029,0,0.0021,0,0,0,0.0911,0.1107,0.0021,0,0.038,0,0.0092,0.0025,0,0.3471,0,0,0,0,0.0038,0.0017,0,0,0,0,0,0.0092,0,0,0.005,0,0.015,0.0368,0.0008,0.1934,0.1287,0,5812,5995,0.3821,25,15654396,16730724,1,,1
2401,"Liberal Arts and Sciences, General Studies and Humanities.",136473,1,2,149.0,283.0,45.0,58.0,136473,Pensacola State College,,0.0029,0,0.0021,0,0,0,0.0911,0.1107,0.0021,0,0.038,0,0.0092,0.0025,0,0.3471,0,0,0,0,0.0038,0.0017,0,0,0,0,0,0.0092,0,0,0.005,0,0.015,0.0368,0.0008,0.1934,0.1287,0,5812,5995,0.3821,25,15654396,16730724,1,,1
4805,Precision Metal Working.,136473,1,1,,,1.0,,136473,Pensacola State College,,0.0029,0,0.0021,0,0,0,0.0911,0.1107,0.0021,0,0.038,0,0.0092,0.0025,0,0.3471,0,0,0,0,0.0038,0.0017,0,0,0,0,0,0.0092,0,0,0.005,0,0.015,0.0368,0.0008,0.1934,0.1287,0,5812,5995,0.3821,25,15654396,16730724,1,,1
5106,Dental Support Services and Allied Professions.,136473,1,2,14.0,38.0,2.0,,136473,Pensacola State College,,0.0029,0,0.0021,0,0,0,0.0911,0.1107,0.0021,0,0.038,0,0.0092,0.0025,0,0.3471,0,0,0,0,0.0038,0.0017,0,0,0,0,0,0.0092,0,0,0.005,0,0.015,0.0368,0.0008,0.1934,0.1287,0,5812,5995,0.3821,25,15654396,16730724,1,,1
5108,Allied Health and Medical Assisting Services.,136473,1,2,,,2.0,,136473,Pensacola State College,,0.0029,0,0.0021,0,0,0,0.0911,0.1107,0.0021,0,0.038,0,0.0092,0.0025,0,0.3471,0,0,0,0,0.0038,0.0017,0,0,0,0,0,0.0092,0,0,0.005,0,0.015,0.0368,0.0008,0.1934,0.1287,0,5812,5995,0.3821,25,15654396,16730724,1,,1
5109,"Allied Health Diagnostic, Intervention, and Treatment Professions.",136473,1,2,,16.0,0.0,,136473,Pensacola State College,,0.0029,0,0.0021,0,0,0,0.0911,0.1107,0.0021,0,0.038,0,0.0092,0.0025,0,0.3471,0,0,0,0,0.0038,0.0017,0,0,0,0,0,0.0092,0,0,0.005,0,0.015,0.0368,0.0008,0.1934,0.1287,0,5812,5995,0.3821,25,15654396,16730724,1,,1
5138,"Registered Nursing, Nursing Administration, Nursing Research and Clinical Nursing.",136473,1,2,88.0,184.0,4.0,89.0,136473,Pensacola State College,,0.0029,0,0.0021,0,0,0,0.0911,0.1107,0.0021,0,0.038,0,0.0092,0.0025,0,0.3471,0,0,0,0,0.0038,0.0017,0,0,0,0,0,0.0092,0,0,0.005,0,0.015,0.0368,0.0008,0.1934,0.1287,0,5812,5995,0.3821,25,15654396,16730724,1,,1
5138,"Registered Nursing, Nursing Administration, Nursing Research and Clinical Nursing.",136473,3,3,13.0,50.0,1.0,85.0,136473,Pensacola State College,,0.0029,0,0.0021,0,0,0,0.0911,0.1107,0.0021,0,0.038,0,0.0092,0.0025,0,0.3471,0,0,0,0,0.0038,0.0017,0,0,0,0,0,0.0092,0,0,0.005,0,0.015,0.0368,0.0008,0.1934,0.1287,0,5812,5995,0.3821,25,15654396,16730724,1,,1
5202,"Business Administration, Management and Operations.",136473,1,2,,,4.0,,136473,Pensacola State College,,0.0029,0,0.0021,0,0,0,0.0911,0.1107,0.0021,0,0.038,0,0.0092,0.0025,0,0.3471,0,0,0,0,0.0038,0.0017,0,0,0,0,0,0.0092,0,0,0.005,0,0.015,0.0368,0.0008,0.1934,0.1287,0,5812,5995,0.3821,25,15654396,16730724,1,,1
5202,"Business Administration, Management and Operations.",136473,1,3,54.0,173.0,14.0,77.0,136473,Pensacola State College,,0.0029,0,0.0021,0,0,0,0.0911,0.1107,0.0021,0,0.038,0,0.0092,0.0025,0,0.3471,0,0,0,0,0.0038,0.0017,0,0,0,0,0,0.0092,0,0,0.005,0,0.015,0.0368,0.0008,0.1934,0.1287,0,5812,5995,0.3821,25,15654396,16730724,1,,1
5203,Accounting and Related Services.,136473,3,2,,16.0,2.0,,136473,Pensacola State College,,0.0029,0,0.0021,0,0,0,0.0911,0.1107,0.0021,0,0.038,0,0.0092,0.0025,0,0.3471,0,0,0,0,0.0038,0.0017,0,0,0,0,0,0.0092,0,0,0.005,0,0.015,0.0368,0.0008,0.1934,0.1287,0,5812,5995,0.3821,25,15654396,16730724,1,,1
1205,Culinary Arts and Related Services.,136491,1,1,,30.0,2.0,,136491,Pinellas Technical College-Clearwater,25,0,0,0,0,0,0,0.1151,0.1565,0,0,0.0162,0,0.196,0,0,0,0,0,0,0,0,0,0,0,0,0,0,0,0,0,0.0629,0.1709,0.1079,0,0.0162,0.1223,0.036,0,7815,,,8,,,1,,1
4603,Electrical and Power Transmission Installers.,136491,1,1,,20.0,2.0,,136491,Pinellas Technical College-Clearwater,25,0,0,0,0,0,0,0.1151,0.1565,0,0,0.0162,0,0.196,0,0,0,0,0,0,0,0,0,0,0,0,0,0,0,0,0,0.0629,0.1709,0.1079,0,0.0162,0.1223,0.036,0,7815,,,8,,,1,,1
4706,Vehicle Maintenance and Repair Technologies/Technicians.,136491,1,1,,20.0,2.0,,136491,Pinellas Technical College-Clearwater,25,0,0,0,0,0,0,0.1151,0.1565,0,0,0.0162,0,0.196,0,0,0,0,0,0,0,0,0,0,0,0,0,0,0,0,0,0.0629,0.1709,0.1079,0,0.0162,0.1223,0.036,0,7815,,,8,,,1,,1
4805,Precision Metal Working.,136491,1,1,,23.0,3.0,,136491,Pinellas Technical College-Clearwater,25,0,0,0,0,0,0,0.1151,0.1565,0,0,0.0162,0,0.196,0,0,0,0,0,0,0,0,0,0,0,0,0,0,0,0,0,0.0629,0.1709,0.1079,0,0.0162,0.1223,0.036,0,7815,,,8,,,1,,1
5139,"Practical Nursing, Vocational Nursing and Nursing Assistants.",136491,2,1,,32.0,0.0,,136491,Pinellas Technical College-Clearwater,25,0,0,0,0,0,0,0.1151,0.1565,0,0,0.0162,0,0.196,0,0,0,0,0,0,0,0,0,0,0,0,0,0,0,0,0,0.0629,0.1709,0.1079,0,0.0162,0.1223,0.036,0,7815,,,8,,,1,,1
1108,Computer Software and Media Applications.,136516,2,2,,,2.0,,136516,Polk State College,,0,0,0,0,0.0043,0.0027,0.0286,0,0.0216,0,0.014,0,0.0156,0,0,0.4283,0,0,0,0,0,0,0,0,0,0,0,0.1402,0,0,0,0,0,0.0221,0,0.1764,0.1462,0,6640,7338,0.3894,19,31957923,35355528,1,,1
1907,"Human Development, Family Studies, and Related Services.",136516,2,2,,,1.0,,136516,Polk State College,,0,0,0,0,0.0043,0.0027,0.0286,0,0.0216,0,0.014,0,0.0156,0,0,0.4283,0,0,0,0,0,0,0,0,0,0,0,0.1402,0,0,0,0,0,0.0221,0,0.1764,0.1462,0,6640,7338,0.3894,19,31957923,35355528,1,,1
2401,"Liberal Arts and Sciences, General Studies and Humanities.",136516,2,2,210.0,305.0,28.0,70.0,136516,Polk State College,,0,0,0,0,0.0043,0.0027,0.0286,0,0.0216,0,0.014,0,0.0156,0,0,0.4283,0,0,0,0,0,0,0,0,0,0,0,0.1402,0,0,0,0,0,0.0221,0,0.1764,0.1462,0,6640,7338,0.3894,19,31957923,35355528,1,,1
4301,Criminal Justice and Corrections.,136516,2,1,,83.0,1.0,,136516,Polk State College,,0,0,0,0,0.0043,0.0027,0.0286,0,0.0216,0,0.014,0,0.0156,0,0,0.4283,0,0,0,0,0,0,0,0,0,0,0,0.1402,0,0,0,0,0,0.0221,0,0.1764,0.1462,0,6640,7338,0.3894,19,31957923,35355528,1,,1
4301,Criminal Justice and Corrections.,136516,2,2,,,0.0,,136516,Polk State College,,0,0,0,0,0.0043,0.0027,0.0286,0,0.0216,0,0.014,0,0.0156,0,0,0.4283,0,0,0,0,0,0,0,0,0,0,0,0.1402,0,0,0,0,0,0.0221,0,0.1764,0.1462,0,6640,7338,0.3894,19,31957923,35355528,1,,1
4301,Criminal Justice and Corrections.,136516,2,3,24.0,61.0,3.0,138.0,136516,Polk State College,,0,0,0,0,0.0043,0.0027,0.0286,0,0.0216,0,0.014,0,0.0156,0,0,0.4283,0,0,0,0,0,0,0,0,0,0,0,0.1402,0,0,0,0,0,0.0221,0,0.1764,0.1462,0,6640,7338,0.3894,19,31957923,35355528,1,,1
4901,Air Transportation.,136516,1,2,18.0,,0.0,93.0,136516,Polk State College,,0,0,0,0,0.0043,0.0027,0.0286,0,0.0216,0,0.014,0,0.0156,0,0,0.4283,0,0,0,0,0,0,0,0,0,0,0,0.1402,0,0,0,0,0,0.0221,0,0.1764,0.1462,0,6640,7338,0.3894,19,31957923,35355528,1,,1
5107,Health and Medical Administrative Services.,136516,2,1,11.0,37.0,2.0,,136516,Polk State College,,0,0,0,0,0.0043,0.0027,0.0286,0,0.0216,0,0.014,0,0.0156,0,0,0.4283,0,0,0,0,0,0,0,0,0,0,0,0.1402,0,0,0,0,0,0.0221,0,0.1764,0.1462,0,6640,7338,0.3894,19,31957923,35355528,1,,1
5108,Allied Health and Medical Assisting Services.,136516,1,2,35.0,58.0,1.0,138.0,136516,Polk State College,,0,0,0,0,0.0043,0.0027,0.0286,0,0.0216,0,0.014,0,0.0156,0,0,0.4283,0,0,0,0,0,0,0,0,0,0,0,0.1402,0,0,0,0,0,0.0221,0,0.1764,0.1462,0,6640,7338,0.3894,19,31957923,35355528,1,,1
5109,"Allied Health Diagnostic, Intervention, and Treatment Professions.",136516,1,1,,35.0,0.0,,136516,Polk State College,,0,0,0,0,0.0043,0.0027,0.0286,0,0.0216,0,0.014,0,0.0156,0,0,0.4283,0,0,0,0,0,0,0,0,0,0,0,0.1402,0,0,0,0,0,0.0221,0,0.1764,0.1462,0,6640,7338,0.3894,19,31957923,35355528,1,,1
5109,"Allied Health Diagnostic, Intervention, and Treatment Professions.",136516,1,2,35.0,56.0,2.0,114.0,136516,Polk State College,,0,0,0,0,0.0043,0.0027,0.0286,0,0.0216,0,0.014,0,0.0156,0,0,0.4283,0,0,0,0,0,0,0,0,0,0,0,0.1402,0,0,0,0,0,0.0221,0,0.1764,0.1462,0,6640,7338,0.3894,19,31957923,35355528,1,,1
5138,"Registered Nursing, Nursing Administration, Nursing Research and Clinical Nursing.",136516,1,2,105.0,77.0,0.0,103.0,136516,Polk State College,,0,0,0,0,0.0043,0.0027,0.0286,0,0.0216,0,0.014,0,0.0156,0,0,0.4283,0,0,0,0,0,0,0,0,0,0,0,0.1402,0,0,0,0,0,0.0221,0,0.1764,0.1462,0,6640,7338,0.3894,19,31957923,35355528,1,,1
5138,"Registered Nursing, Nursing Administration, Nursing Research and Clinical Nursing.",136516,1,3,38.0,111.0,2.0,149.0,136516,Polk State College,,0,0,0,0,0.0043,0.0027,0.0286,0,0.0216,0,0.014,0,0.0156,0,0,0.4283,0,0,0,0,0,0,0,0,0,0,0,0.1402,0,0,0,0,0,0.0221,0,0.1764,0.1462,0,6640,7338,0.3894,19,31957923,35355528,1,,1
5139,"Practical Nursing, Vocational Nursing and Nursing Assistants.",136516,0,99,,,,,136516,Polk State College,,0,0,0,0,0.0043,0.0027,0.0286,0,0.0216,0,0.014,0,0.0156,0,0,0.4283,0,0,0,0,0,0,0,0,0,0,0,0.1402,0,0,0,0,0,0.0221,0,0.1764,0.1462,0,6640,7338,0.3894,19,31957923,35355528,1,,1
5202,"Business Administration, Management and Operations.",136516,2,2,17.0,24.0,1.0,95.0,136516,Polk State College,,0,0,0,0,0.0043,0.0027,0.0286,0,0.0216,0,0.014,0,0.0156,0,0,0.4283,0,0,0,0,0,0,0,0,0,0,0,0.1402,0,0,0,0,0,0.0221,0,0.1764,0.1462,0,6640,7338,0.3894,19,31957923,35355528,1,,1
5202,"Business Administration, Management and Operations.",136516,2,3,152.0,282.0,23.0,176.0,136516,Polk State College,,0,0,0,0,0.0043,0.0027,0.0286,0,0.0216,0,0.014,0,0.0156,0,0,0.4283,0,0,0,0,0,0,0,0,0,0,0,0.1402,0,0,0,0,0,0.0221,0,0.1764,0.1462,0,6640,7338,0.3894,19,31957923,35355528,1,,1
5108,Allied Health and Medical Assisting Services.,136765,1,1,,29.0,0.0,,136765,Ridge Technical College,,0,0,0,0,0,0,0.0158,0.277,0,0,0.0554,0,0,0,0,0,0,0,0,0,0,0,0,0,0,0,0,0.1398,0,0,0.1161,0.066,0.0686,0,0,0.2507,0.0106,0,4390,,,20,,,1,,1
5135,Somatic Bodywork and Related Therapeutic Services.,136765,1,1,,,0.0,,136765,Ridge Technical College,,0,0,0,0,0,0,0.0158,0.277,0,0,0.0554,0,0,0,0,0,0,0,0,0,0,0,0,0,0,0,0,0.1398,0,0,0.1161,0.066,0.0686,0,0,0.2507,0.0106,0,4390,,,20,,,1,,1
5139,"Practical Nursing, Vocational Nursing and Nursing Assistants.",136765,1,1,,51.0,1.0,,136765,Ridge Technical College,,0,0,0,0,0,0,0.0158,0.277,0,0,0.0554,0,0,0,0,0,0,0,0,0,0,0,0,0,0,0,0,0.1398,0,0,0.1161,0.066,0.0686,0,0,0.2507,0.0106,0,4390,,,20,,,1,,1
1003,Graphic Communications.,136774,1,3,74.0,87.0,5.0,286.0,136774,Ringling College of Art and Design,,0,0,0,0,0,0.3592,0,0,0,0,0,0,0,0,0.0155,0,0,0,0,0,0,0,0,0,0,0,0,0,0,0,0,0,0,0,0.6253,0,0,0,20516,9869,0.7543,11,60957594,70500683,0,0.6965,2
5004,Design and Applied Arts.,136774,1,3,180.0,184.0,26.0,286.0,136774,Ringling College of Art and Design,,0,0,0,0,0,0.3592,0,0,0,0,0,0,0,0,0.0155,0,0,0,0,0,0,0,0,0,0,0,0,0,0,0,0,0,0,0,0.6253,0,0,0,20516,9869,0.7543,11,60957594,70500683,0,0.6965,2
5006,Film/Video and Photographic Arts.,136774,1,3,45.0,41.0,4.0,286.0,136774,Ringling College of Art and Design,,0,0,0,0,0,0.3592,0,0,0,0,0,0,0,0,0.0155,0,0,0,0,0,0,0,0,0,0,0,0,0,0,0,0,0,0,0,0.6253,0,0,0,20516,9869,0.7543,11,60957594,70500683,0,0.6965,2
5007,Fine and Studio Arts.,136774,1,3,,34.0,10.0,286.0,136774,Ringling College of Art and Design,,0,0,0,0,0,0.3592,0,0,0,0,0,0,0,0,0.0155,0,0,0,0,0,0,0,0,0,0,0,0,0,0,0,0,0,0,0,0.6253,0,0,0,20516,9869,0.7543,11,60957594,70500683,0,0.6965,2
0301,Natural Resources Conservation and Research.,136950,1,3,17.0,18.0,1.0,,136950,Rollins College,,0,0.0323,0,0.0018,0.1185,0,0.0341,0,0.0359,0,0,0.0054,0,0,0.0359,0.0018,0,0.0467,0.0108,0,0.0036,0,0.0144,0,0.0108,0,0.07,0,0,0.1311,0,0,0,0,0.0844,0.0054,0.3447,0.0126,13624,10589,0.8165,12,443592000,484716000,0,0.4754,2
0901,Communication and Media Studies.,136950,1,3,75.0,86.0,9.0,267.0,136950,Rollins College,,0,0.0323,0,0.0018,0.1185,0,0.0341,0,0.0359,0,0,0.0054,0,0,0.0359,0.0018,0,0.0467,0.0108,0,0.0036,0,0.0144,0,0.0108,0,0.07,0,0,0.1311,0,0,0,0,0.0844,0.0054,0.3447,0.0126,13624,10589,0.8165,12,443592000,484716000,0,0.4754,2
1101,"Computer and Information Sciences, General.",136950,1,3,20.0,28.0,4.0,286.0,136950,Rollins College,,0,0.0323,0,0.0018,0.1185,0,0.0341,0,0.0359,0,0,0.0054,0,0,0.0359,0.0018,0,0.0467,0.0108,0,0.0036,0,0.0144,0,0.0108,0,0.07,0,0,0.1311,0,0,0,0,0.0844,0.0054,0.3447,0.0126,13624,10589,0.8165,12,443592000,484716000,0,0.4754,2
1312,"Teacher Education and Professional Development, Specific Levels and Methods.",136950,1,3,23.0,24.0,1.0,265.0,136950,Rollins College,,0,0.0323,0,0.0018,0.1185,0,0.0341,0,0.0359,0,0,0.0054,0,0,0.0359,0.0018,0,0.0467,0.0108,0,0.0036,0,0.0144,0,0.0108,0,0.07,0,0,0.1311,0,0,0,0,0.0844,0.0054,0.3447,0.0126,13624,10589,0.8165,12,443592000,484716000,0,0.4754,2
2301,"English Language and Literature, General.",136950,1,3,33.0,28.0,2.0,265.0,136950,Rollins College,,0,0.0323,0,0.0018,0.1185,0,0.0341,0,0.0359,0,0,0.0054,0,0,0.0359,0.0018,0,0.0467,0.0108,0,0.0036,0,0.0144,0,0.0108,0,0.07,0,0,0.1311,0,0,0,0,0.0844,0.0054,0.3447,0.0126,13624,10589,0.8165,12,443592000,484716000,0,0.4754,2
4201,"Psychology, General.",136950,1,3,56.0,42.0,1.0,282.0,136950,Rollins College,,0,0.0323,0,0.0018,0.1185,0,0.0341,0,0.0359,0,0,0.0054,0,0,0.0359,0.0018,0,0.0467,0.0108,0,0.0036,0,0.0144,0,0.0108,0,0.07,0,0,0.1311,0,0,0,0,0.0844,0.0054,0.3447,0.0126,13624,10589,0.8165,12,443592000,484716000,0,0.4754,2
4228,"Clinical, Counseling and Applied Psychology.",136950,1,5,45.0,47.0,2.0,700.0,136950,Rollins College,,0,0.0323,0,0.0018,0.1185,0,0.0341,0,0.0359,0,0,0.0054,0,0,0.0359,0.0018,0,0.0467,0.0108,0,0.0036,0,0.0144,0,0.0108,0,0.07,0,0,0.1311,0,0,0,0,0.0844,0.0054,0.3447,0.0126,13624,10589,0.8165,12,443592000,484716000,0,0.4754,2
4506,Economics.,136950,1,3,33.0,28.0,5.0,264.0,136950,Rollins College,,0,0.0323,0,0.0018,0.1185,0,0.0341,0,0.0359,0,0,0.0054,0,0,0.0359,0.0018,0,0.0467,0.0108,0,0.0036,0,0.0144,0,0.0108,0,0.07,0,0,0.1311,0,0,0,0,0.0844,0.0054,0.3447,0.0126,13624,10589,0.8165,12,443592000,484716000,0,0.4754,2
4509,International Relations and National Security Studies.,136950,1,3,23.0,21.0,7.0,286.0,136950,Rollins College,,0,0.0323,0,0.0018,0.1185,0,0.0341,0,0.0359,0,0,0.0054,0,0,0.0359,0.0018,0,0.0467,0.0108,0,0.0036,0,0.0144,0,0.0108,0,0.07,0,0,0.1311,0,0,0,0,0.0844,0.0054,0.3447,0.0126,13624,10589,0.8165,12,443592000,484716000,0,0.4754,2
4510,Political Science and Government.,136950,1,3,17.0,22.0,3.0,269.0,136950,Rollins College,,0,0.0323,0,0.0018,0.1185,0,0.0341,0,0.0359,0,0,0.0054,0,0,0.0359,0.0018,0,0.0467,0.0108,0,0.0036,0,0.0144,0,0.0108,0,0.07,0,0,0.1311,0,0,0,0,0.0844,0.0054,0.3447,0.0126,13624,10589,0.8165,12,443592000,484716000,0,0.4754,2
5009,Music.,136950,1,3,36.0,41.0,1.0,286.0,136950,Rollins College,,0,0.0323,0,0.0018,0.1185,0,0.0341,0,0.0359,0,0,0.0054,0,0,0.0359,0.0018,0,0.0467,0.0108,0,0.0036,0,0.0144,0,0.0108,0,0.07,0,0,0.1311,0,0,0,0,0.0844,0.0054,0.3447,0.0126,13624,10589,0.8165,12,443592000,484716000,0,0.4754,2
5122,Public Health.,136950,1,5,30.0,30.0,1.0,466.0,136950,Rollins College,,0,0.0323,0,0.0018,0.1185,0,0.0341,0,0.0359,0,0,0.0054,0,0,0.0359,0.0018,0,0.0467,0.0108,0,0.0036,0,0.0144,0,0.0108,0,0.07,0,0,0.1311,0,0,0,0,0.0844,0.0054,0.3447,0.0126,13624,10589,0.8165,12,443592000,484716000,0,0.4754,2
5201,"Business/Commerce, General.",136950,0,3,51.0,27.0,6.0,276.0,136950,Rollins College,,0,0.0323,0,0.0018,0.1185,0,0.0341,0,0.0359,0,0,0.0054,0,0,0.0359,0.0018,0,0.0467,0.0108,0,0.0036,0,0.0144,0,0.0108,0,0.07,0,0,0.1311,0,0,0,0,0.0844,0.0054,0.3447,0.0126,13624,10589,0.8165,12,443592000,484716000,0,0.4754,2
5202,"Business Administration, Management and Operations.",136950,1,3,43.0,76.0,4.0,246.0,136950,Rollins College,,0,0.0323,0,0.0018,0.1185,0,0.0341,0,0.0359,0,0,0.0054,0,0,0.0359,0.0018,0,0.0467,0.0108,0,0.0036,0,0.0144,0,0.0108,0,0.07,0,0,0.1311,0,0,0,0,0.0844,0.0054,0.3447,0.0126,13624,10589,0.8165,12,443592000,484716000,0,0.4754,2
5202,"Business Administration, Management and Operations.",136950,1,5,132.0,171.0,3.0,466.0,136950,Rollins College,,0,0.0323,0,0.0018,0.1185,0,0.0341,0,0.0359,0,0,0.0054,0,0,0.0359,0.0018,0,0.0467,0.0108,0,0.0036,0,0.0144,0,0.0108,0,0.07,0,0,0.1311,0,0,0,0,0.0844,0.0054,0.3447,0.0126,13624,10589,0.8165,12,443592000,484716000,0,0.4754,2
5207,Entrepreneurial and Small Business Operations.,136950,1,3,13.0,17.0,2.0,,136950,Rollins College,,0,0.0323,0,0.0018,0.1185,0,0.0341,0,0.0359,0,0,0.0054,0,0,0.0359,0.0018,0,0.0467,0.0108,0,0.0036,0,0.0144,0,0.0108,0,0.07,0,0,0.1311,0,0,0,0,0.0844,0.0054,0.3447,0.0126,13624,10589,0.8165,12,443592000,484716000,0,0.4754,2
5210,Human Resources Management and Services.,136950,0,3,,,0.0,,136950,Rollins College,,0,0.0323,0,0.0018,0.1185,0,0.0341,0,0.0359,0,0,0.0054,0,0,0.0359,0.0018,0,0.0467,0.0108,0,0.0036,0,0.0144,0,0.0108,0,0.07,0,0,0.1311,0,0,0,0,0.0844,0.0054,0.3447,0.0126,13624,10589,0.8165,12,443592000,484716000,0,0.4754,2
5210,Human Resources Management and Services.,136950,1,5,21.0,29.0,2.0,466.0,136950,Rollins College,,0,0.0323,0,0.0018,0.1185,0,0.0341,0,0.0359,0,0,0.0054,0,0,0.0359,0.0018,0,0.0467,0.0108,0,0.0036,0,0.0144,0,0.0108,0,0.07,0,0,0.1311,0,0,0,0,0.0844,0.0054,0.3447,0.0126,13624,10589,0.8165,12,443592000,484716000,0,0.4754,2
5211,International Business.,136950,1,3,42.0,40.0,6.0,265.0,136950,Rollins College,,0,0.0323,0,0.0018,0.1185,0,0.0341,0,0.0359,0,0,0.0054,0,0,0.0359,0.0018,0,0.0467,0.0108,0,0.0036,0,0.0144,0,0.0108,0,0.07,0,0,0.1311,0,0,0,0,0.0844,0.0054,0.3447,0.0126,13624,10589,0.8165,12,443592000,484716000,0,0.4754,2
1204,Cosmetology and Related Personal Grooming Services.,137023,1,1,,,0.0,,137023,First Coast Technical College,16,0.0205,0,0,0,0,0,0,0.2761,0,0,0.084,0,0,0,0,0,0,0,0,0,0,0,0,0,0,0,0,0.25,0,0,0,0.0709,0.056,0,0,0.2425,0,0,9386,,,15,,,1,,1
4302,Fire Protection.,137023,1,1,,,,,137023,First Coast Technical College,16,0.0205,0,0,0,0,0,0,0.2761,0,0,0.084,0,0,0,0,0,0,0,0,0,0,0,0,0,0,0,0,0.25,0,0,0,0.0709,0.056,0,0,0.2425,0,0,9386,,,15,,,1,,1
4706,Vehicle Maintenance and Repair Technologies/Technicians.,137023,1,1,,,1.0,,137023,First Coast Technical College,16,0.0205,0,0,0,0,0,0,0.2761,0,0,0.084,0,0,0,0,0,0,0,0,0,0,0,0,0,0,0,0,0.25,0,0,0,0.0709,0.056,0,0,0.2425,0,0,9386,,,15,,,1,,1
4805,Precision Metal Working.,137023,1,1,,,0.0,,137023,First Coast Technical College,16,0.0205,0,0,0,0,0,0,0.2761,0,0,0.084,0,0,0,0,0,0,0,0,0,0,0,0,0,0,0,0,0.25,0,0,0,0.0709,0.056,0,0,0.2425,0,0,9386,,,15,,,1,,1
5106,Dental Support Services and Allied Professions.,137023,1,1,,,2.0,,137023,First Coast Technical College,16,0.0205,0,0,0,0,0,0,0.2761,0,0,0.084,0,0,0,0,0,0,0,0,0,0,0,0,0,0,0,0,0.25,0,0,0,0.0709,0.056,0,0,0.2425,0,0,9386,,,15,,,1,,1
5139,"Practical Nursing, Vocational Nursing and Nursing Assistants.",137023,1,1,,,0.0,,137023,First Coast Technical College,16,0.0205,0,0,0,0,0,0,0.2761,0,0,0.084,0,0,0,0,0,0,0,0,0,0,0,0,0,0,0,0,0.25,0,0,0,0.0709,0.056,0,0,0.2425,0,0,9386,,,15,,,1,,1
1101,"Computer and Information Sciences, General.",137032,2,2,12.0,,3.0,,137032,Saint Leo University,,0,0,0,0,0.0082,0,0.0933,0,0.0649,0.0045,0,0,0,0,0.0052,0.0873,0,0.0216,0.0007,0,0.0097,0.0149,0.0082,0.0067,0,0,0.141,0.1843,0.0261,0.0261,0,0,0,0,0.0007,0.0216,0.2709,0.0037,4336,8688,0.1773,25,72926228,76085828,0,0.784,2
1101,"Computer and Information Sciences, General.",137032,2,3,64.0,67.0,6.0,356.0,137032,Saint Leo University,,0,0,0,0,0.0082,0,0.0933,0,0.0649,0.0045,0,0,0,0,0.0052,0.0873,0,0.0216,0.0007,0,0.0097,0.0149,0.0082,0.0067,0,0,0.141,0.1843,0.0261,0.0261,0,0,0,0,0.0007,0.0216,0.2709,0.0037,4336,8688,0.1773,25,72926228,76085828,0,0.784,2
1107,Computer Science.,137032,2,3,40.0,30.0,5.0,247.0,137032,Saint Leo University,,0,0,0,0,0.0082,0,0.0933,0,0.0649,0.0045,0,0,0,0,0.0052,0.0873,0,0.0216,0.0007,0,0.0097,0.0149,0.0082,0.0067,0,0,0.141,0.1843,0.0261,0.0261,0,0,0,0,0.0007,0.0216,0.2709,0.0037,4336,8688,0.1773,25,72926228,76085828,0,0.784,2
1110,Computer/Information Technology Administration and Management.,137032,2,3,38.0,35.0,2.0,268.0,137032,Saint Leo University,,0,0,0,0,0.0082,0,0.0933,0,0.0649,0.0045,0,0,0,0,0.0052,0.0873,0,0.0216,0.0007,0,0.0097,0.0149,0.0082,0.0067,0,0,0.141,0.1843,0.0261,0.0261,0,0,0,0,0.0007,0.0216,0.2709,0.0037,4336,8688,0.1773,25,72926228,76085828,0,0.784,2
1110,Computer/Information Technology Administration and Management.,137032,2,5,42.0,47.0,2.0,641.0,137032,Saint Leo University,,0,0,0,0,0.0082,0,0.0933,0,0.0649,0.0045,0,0,0,0,0.0052,0.0873,0,0.0216,0.0007,0,0.0097,0.0149,0.0082,0.0067,0,0,0.141,0.1843,0.0261,0.0261,0,0,0,0,0.0007,0.0216,0.2709,0.0037,4336,8688,0.1773,25,72926228,76085828,0,0.784,2
1301,"Education, General.",137032,3,5,21.0,25.0,1.0,590.0,137032,Saint Leo University,,0,0,0,0,0.0082,0,0.0933,0,0.0649,0.0045,0,0,0,0,0.0052,0.0873,0,0.0216,0.0007,0,0.0097,0.0149,0.0082,0.0067,0,0,0.141,0.1843,0.0261,0.0261,0,0,0,0,0.0007,0.0216,0.2709,0.0037,4336,8688,0.1773,25,72926228,76085828,0,0.784,2
1304,Educational Administration and Supervision.,137032,1,5,68.0,120.0,0.0,583.0,137032,Saint Leo University,,0,0,0,0,0.0082,0,0.0933,0,0.0649,0.0045,0,0,0,0,0.0052,0.0873,0,0.0216,0.0007,0,0.0097,0.0149,0.0082,0.0067,0,0,0.141,0.1843,0.0261,0.0261,0,0,0,0,0.0007,0.0216,0.2709,0.0037,4336,8688,0.1773,25,72926228,76085828,0,0.784,2
1305,Educational/Instructional Media Design.,137032,3,5,22.0,16.0,0.0,,137032,Saint Leo University,,0,0,0,0,0.0082,0,0.0933,0,0.0649,0.0045,0,0,0,0,0.0052,0.0873,0,0.0216,0.0007,0,0.0097,0.0149,0.0082,0.0067,0,0,0.141,0.1843,0.0261,0.0261,0,0,0,0,0.0007,0.0216,0.2709,0.0037,4336,8688,0.1773,25,72926228,76085828,0,0.784,2
1310,Special Education and Teaching.,137032,3,5,13.0,17.0,0.0,,137032,Saint Leo University,,0,0,0,0,0.0082,0,0.0933,0,0.0649,0.0045,0,0,0,0,0.0052,0.0873,0,0.0216,0.0007,0,0.0097,0.0149,0.0082,0.0067,0,0,0.141,0.1843,0.0261,0.0261,0,0,0,0,0.0007,0.0216,0.2709,0.0037,4336,8688,0.1773,25,72926228,76085828,0,0.784,2
1312,"Teacher Education and Professional Development, Specific Levels and Methods.",137032,1,3,84.0,104.0,2.0,184.0,137032,Saint Leo University,,0,0,0,0,0.0082,0,0.0933,0,0.0649,0.0045,0,0,0,0,0.0052,0.0873,0,0.0216,0.0007,0,0.0097,0.0149,0.0082,0.0067,0,0,0.141,0.1843,0.0261,0.0261,0,0,0,0,0.0007,0.0216,0.2709,0.0037,4336,8688,0.1773,25,72926228,76085828,0,0.784,2
1313,"Teacher Education and Professional Development, Specific Subject Areas.",137032,3,5,,,1.0,,137032,Saint Leo University,,0,0,0,0,0.0082,0,0.0933,0,0.0649,0.0045,0,0,0,0,0.0052,0.0873,0,0.0216,0.0007,0,0.0097,0.0149,0.0082,0.0067,0,0,0.141,0.1843,0.0261,0.0261,0,0,0,0,0.0007,0.0216,0.2709,0.0037,4336,8688,0.1773,25,72926228,76085828,0,0.784,2
2301,"English Language and Literature, General.",137032,1,3,16.0,,2.0,,137032,Saint Leo University,,0,0,0,0,0.0082,0,0.0933,0,0.0649,0.0045,0,0,0,0,0.0052,0.0873,0,0.0216,0.0007,0,0.0097,0.0149,0.0082,0.0067,0,0,0.141,0.1843,0.0261,0.0261,0,0,0,0,0.0007,0.0216,0.2709,0.0037,4336,8688,0.1773,25,72926228,76085828,0,0.784,2
2401,"Liberal Arts and Sciences, General Studies and Humanities.",137032,3,2,304.0,126.0,38.0,254.0,137032,Saint Leo University,,0,0,0,0,0.0082,0,0.0933,0,0.0649,0.0045,0,0,0,0,0.0052,0.0873,0,0.0216,0.0007,0,0.0097,0.0149,0.0082,0.0067,0,0,0.141,0.1843,0.0261,0.0261,0,0,0,0,0.0007,0.0216,0.2709,0.0037,4336,8688,0.1773,25,72926228,76085828,0,0.784,2
2401,"Liberal Arts and Sciences, General Studies and Humanities.",137032,3,3,29.0,36.0,5.0,291.0,137032,Saint Leo University,,0,0,0,0,0.0082,0,0.0933,0,0.0649,0.0045,0,0,0,0,0.0052,0.0873,0,0.0216,0.0007,0,0.0097,0.0149,0.0082,0.0067,0,0,0.141,0.1843,0.0261,0.0261,0,0,0,0,0.0007,0.0216,0.2709,0.0037,4336,8688,0.1773,25,72926228,76085828,0,0.784,2
2601,"Biology, General.",137032,1,3,36.0,29.0,4.0,256.0,137032,Saint Leo University,,0,0,0,0,0.0082,0,0.0933,0,0.0649,0.0045,0,0,0,0,0.0052,0.0873,0,0.0216,0.0007,0,0.0097,0.0149,0.0082,0.0067,0,0,0.141,0.1843,0.0261,0.0261,0,0,0,0,0.0007,0.0216,0.2709,0.0037,4336,8688,0.1773,25,72926228,76085828,0,0.784,2
3105,"Sports, Kinesiology, and Physical Education/Fitness.",137032,1,3,49.0,33.0,0.0,265.0,137032,Saint Leo University,,0,0,0,0,0.0082,0,0.0933,0,0.0649,0.0045,0,0,0,0,0.0052,0.0873,0,0.0216,0.0007,0,0.0097,0.0149,0.0082,0.0067,0,0,0.141,0.1843,0.0261,0.0261,0,0,0,0,0.0007,0.0216,0.2709,0.0037,4336,8688,0.1773,25,72926228,76085828,0,0.784,2
3802,Religion/Religious Studies.,137032,3,3,22.0,,7.0,356.0,137032,Saint Leo University,,0,0,0,0,0.0082,0,0.0933,0,0.0649,0.0045,0,0,0,0,0.0052,0.0873,0,0.0216,0.0007,0,0.0097,0.0149,0.0082,0.0067,0,0,0.141,0.1843,0.0261,0.0261,0,0,0,0,0.0007,0.0216,0.2709,0.0037,4336,8688,0.1773,25,72926228,76085828,0,0.784,2
3906,Theological and Ministerial Studies.,137032,3,5,24.0,26.0,5.0,575.0,137032,Saint Leo University,,0,0,0,0,0.0082,0,0.0933,0,0.0649,0.0045,0,0,0,0,0.0052,0.0873,0,0.0216,0.0007,0,0.0097,0.0149,0.0082,0.0067,0,0,0.141,0.1843,0.0261,0.0261,0,0,0,0,0.0007,0.0216,0.2709,0.0037,4336,8688,0.1773,25,72926228,76085828,0,0.784,2
4201,"Psychology, General.",137032,2,3,306.0,227.0,24.0,271.0,137032,Saint Leo University,,0,0,0,0,0.0082,0,0.0933,0,0.0649,0.0045,0,0,0,0,0.0052,0.0873,0,0.0216,0.0007,0,0.0097,0.0149,0.0082,0.0067,0,0,0.141,0.1843,0.0261,0.0261,0,0,0,0,0.0007,0.0216,0.2709,0.0037,4336,8688,0.1773,25,72926228,76085828,0,0.784,2
4301,Criminal Justice and Corrections.,137032,3,2,45.0,17.0,2.0,313.0,137032,Saint Leo University,,0,0,0,0,0.0082,0,0.0933,0,0.0649,0.0045,0,0,0,0,0.0052,0.0873,0,0.0216,0.0007,0,0.0097,0.0149,0.0082,0.0067,0,0,0.141,0.1843,0.0261,0.0261,0,0,0,0,0.0007,0.0216,0.2709,0.0037,4336,8688,0.1773,25,72926228,76085828,0,0.784,2
4301,Criminal Justice and Corrections.,137032,2,3,380.0,328.0,34.0,272.0,137032,Saint Leo University,,0,0,0,0,0.0082,0,0.0933,0,0.0649,0.0045,0,0,0,0,0.0052,0.0873,0,0.0216,0.0007,0,0.0097,0.0149,0.0082,0.0067,0,0,0.141,0.1843,0.0261,0.0261,0,0,0,0,0.0007,0.0216,0.2709,0.0037,4336,8688,0.1773,25,72926228,76085828,0,0.784,2
4301,Criminal Justice and Corrections.,137032,1,5,262.0,238.0,12.0,641.0,137032,Saint Leo University,,0,0,0,0,0.0082,0,0.0933,0,0.0649,0.0045,0,0,0,0,0.0052,0.0873,0,0.0216,0.0007,0,0.0097,0.0149,0.0082,0.0067,0,0,0.141,0.1843,0.0261,0.0261,0,0,0,0,0.0007,0.0216,0.2709,0.0037,4336,8688,0.1773,25,72926228,76085828,0,0.784,2
4400,"Human Services, General.",137032,3,3,95.0,43.0,3.0,298.0,137032,Saint Leo University,,0,0,0,0,0.0082,0,0.0933,0,0.0649,0.0045,0,0,0,0,0.0052,0.0873,0,0.0216,0.0007,0,0.0097,0.0149,0.0082,0.0067,0,0,0.141,0.1843,0.0261,0.0261,0,0,0,0,0.0007,0.0216,0.2709,0.0037,4336,8688,0.1773,25,72926228,76085828,0,0.784,2
4400,"Human Services, General.",137032,3,5,57.0,60.0,5.0,602.0,137032,Saint Leo University,,0,0,0,0,0.0082,0,0.0933,0,0.0649,0.0045,0,0,0,0,0.0052,0.0873,0,0.0216,0.0007,0,0.0097,0.0149,0.0082,0.0067,0,0,0.141,0.1843,0.0261,0.0261,0,0,0,0,0.0007,0.0216,0.2709,0.0037,4336,8688,0.1773,25,72926228,76085828,0,0.784,2
4407,Social Work.,137032,2,3,110.0,39.0,3.0,253.0,137032,Saint Leo University,,0,0,0,0,0.0082,0,0.0933,0,0.0649,0.0045,0,0,0,0,0.0052,0.0873,0,0.0216,0.0007,0,0.0097,0.0149,0.0082,0.0067,0,0,0.141,0.1843,0.0261,0.0261,0,0,0,0,0.0007,0.0216,0.2709,0.0037,4336,8688,0.1773,25,72926228,76085828,0,0.784,2
4407,Social Work.,137032,3,5,116.0,106.0,8.0,698.0,137032,Saint Leo University,,0,0,0,0,0.0082,0,0.0933,0,0.0649,0.0045,0,0,0,0,0.0052,0.0873,0,0.0216,0.0007,0,0.0097,0.0149,0.0082,0.0067,0,0,0.141,0.1843,0.0261,0.0261,0,0,0,0,0.0007,0.0216,0.2709,0.0037,4336,8688,0.1773,25,72926228,76085828,0,0.784,2
4511,Sociology.,137032,3,3,65.0,48.0,6.0,342.0,137032,Saint Leo University,,0,0,0,0,0.0082,0,0.0933,0,0.0649,0.0045,0,0,0,0,0.0052,0.0873,0,0.0216,0.0007,0,0.0097,0.0149,0.0082,0.0067,0,0,0.141,0.1843,0.0261,0.0261,0,0,0,0,0.0007,0.0216,0.2709,0.0037,4336,8688,0.1773,25,72926228,76085828,0,0.784,2
5107,Health and Medical Administrative Services.,137032,3,3,122.0,91.0,7.0,343.0,137032,Saint Leo University,,0,0,0,0,0.0082,0,0.0933,0,0.0649,0.0045,0,0,0,0,0.0052,0.0873,0,0.0216,0.0007,0,0.0097,0.0149,0.0082,0.0067,0,0,0.141,0.1843,0.0261,0.0261,0,0,0,0,0.0007,0.0216,0.2709,0.0037,4336,8688,0.1773,25,72926228,76085828,0,0.784,2
5202,"Business Administration, Management and Operations.",137032,3,2,92.0,34.0,9.0,333.0,137032,Saint Leo University,,0,0,0,0,0.0082,0,0.0933,0,0.0649,0.0045,0,0,0,0,0.0052,0.0873,0,0.0216,0.0007,0,0.0097,0.0149,0.0082,0.0067,0,0,0.141,0.1843,0.0261,0.0261,0,0,0,0,0.0007,0.0216,0.2709,0.0037,4336,8688,0.1773,25,72926228,76085828,0,0.784,2
5202,"Business Administration, Management and Operations.",137032,1,3,369.0,400.0,43.0,283.0,137032,Saint Leo University,,0,0,0,0,0.0082,0,0.0933,0,0.0649,0.0045,0,0,0,0,0.0052,0.0873,0,0.0216,0.0007,0,0.0097,0.0149,0.0082,0.0067,0,0,0.141,0.1843,0.0261,0.0261,0,0,0,0,0.0007,0.0216,0.2709,0.0037,4336,8688,0.1773,25,72926228,76085828,0,0.784,2
5202,"Business Administration, Management and Operations.",137032,1,5,754.0,739.0,52.0,641.0,137032,Saint Leo University,,0,0,0,0,0.0082,0,0.0933,0,0.0649,0.0045,0,0,0,0,0.0052,0.0873,0,0.0216,0.0007,0,0.0097,0.0149,0.0082,0.0067,0,0,0.141,0.1843,0.0261,0.0261,0,0,0,0,0.0007,0.0216,0.2709,0.0037,4336,8688,0.1773,25,72926228,76085828,0,0.784,2
5203,Accounting and Related Services.,137032,3,3,127.0,123.0,7.0,265.0,137032,Saint Leo University,,0,0,0,0,0.0082,0,0.0933,0,0.0649,0.0045,0,0,0,0,0.0052,0.0873,0,0.0216,0.0007,0,0.0097,0.0149,0.0082,0.0067,0,0,0.141,0.1843,0.0261,0.0261,0,0,0,0,0.0007,0.0216,0.2709,0.0037,4336,8688,0.1773,25,72926228,76085828,0,0.784,2
5203,Accounting and Related Services.,137032,3,5,45.0,60.0,1.0,466.0,137032,Saint Leo University,,0,0,0,0,0.0082,0,0.0933,0,0.0649,0.0045,0,0,0,0,0.0052,0.0873,0,0.0216,0.0007,0,0.0097,0.0149,0.0082,0.0067,0,0,0.141,0.1843,0.0261,0.0261,0,0,0,0,0.0007,0.0216,0.2709,0.0037,4336,8688,0.1773,25,72926228,76085828,0,0.784,2
5209,Hospitality Administration/Management.,137032,2,3,19.0,20.0,0.0,,137032,Saint Leo University,,0,0,0,0,0.0082,0,0.0933,0,0.0649,0.0045,0,0,0,0,0.0052,0.0873,0,0.0216,0.0007,0,0.0097,0.0149,0.0082,0.0067,0,0,0.141,0.1843,0.0261,0.0261,0,0,0,0,0.0007,0.0216,0.2709,0.0037,4336,8688,0.1773,25,72926228,76085828,0,0.784,2
5210,Human Resources Management and Services.,137032,3,3,77.0,77.0,8.0,376.0,137032,Saint Leo University,,0,0,0,0,0.0082,0,0.0933,0,0.0649,0.0045,0,0,0,0,0.0052,0.0873,0,0.0216,0.0007,0,0.0097,0.0149,0.0082,0.0067,0,0,0.141,0.1843,0.0261,0.0261,0,0,0,0,0.0007,0.0216,0.2709,0.0037,4336,8688,0.1773,25,72926228,76085828,0,0.784,2
5214,Marketing.,137032,3,3,44.0,29.0,1.0,257.0,137032,Saint Leo University,,0,0,0,0,0.0082,0,0.0933,0,0.0649,0.0045,0,0,0,0,0.0052,0.0873,0,0.0216,0.0007,0,0.0097,0.0149,0.0082,0.0067,0,0,0.141,0.1843,0.0261,0.0261,0,0,0,0,0.0007,0.0216,0.2709,0.0037,4336,8688,0.1773,25,72926228,76085828,0,0.784,2
0183,Veterinary/Animal Health Technologies/Technicians.,137078,3,2,,95.0,2.0,162.0,137078,St Petersburg College,,0.0151,0.0054,0.002,0,0.0015,0.0065,0.1382,0.0063,0.0285,0,0.0097,0,0.0045,0.011,0,0.4403,0,0.0039,0,0,0.0015,0,0,0,0,0.0024,0,0.0623,0.0047,0,0,0,0,0,0.0067,0.1549,0.0947,0,4904,8038,0.2528,25,34789052,37956812,1,,1
0183,Veterinary/Animal Health Technologies/Technicians.,137078,3,3,,24.0,0.0,269.0,137078,St Petersburg College,,0.0151,0.0054,0.002,0,0.0015,0.0065,0.1382,0.0063,0.0285,0,0.0097,0,0.0045,0.011,0,0.4403,0,0.0039,0,0,0.0015,0,0,0,0,0.0024,0,0.0623,0.0047,0,0,0,0,0,0.0067,0.1549,0.0947,0,4904,8038,0.2528,25,34789052,37956812,1,,1
0302,Environmental/Natural Resources Management and Policy.,137078,3,3,17.0,36.0,2.0,327.0,137078,St Petersburg College,,0.0151,0.0054,0.002,0,0.0015,0.0065,0.1382,0.0063,0.0285,0,0.0097,0,0.0045,0.011,0,0.4403,0,0.0039,0,0,0.0015,0,0,0,0,0.0024,0,0.0623,0.0047,0,0,0,0,0,0.0067,0.1549,0.0947,0,4904,8038,0.2528,25,34789052,37956812,1,,1
1102,Computer Programming.,137078,3,2,25.0,,1.0,145.0,137078,St Petersburg College,,0.0151,0.0054,0.002,0,0.0015,0.0065,0.1382,0.0063,0.0285,0,0.0097,0,0.0045,0.011,0,0.4403,0,0.0039,0,0,0.0015,0,0,0,0,0.0024,0,0.0623,0.0047,0,0,0,0,0,0.0067,0.1549,0.0947,0,4904,8038,0.2528,25,34789052,37956812,1,,1
1108,Computer Software and Media Applications.,137078,1,2,18.0,26.0,3.0,176.0,137078,St Petersburg College,,0.0151,0.0054,0.002,0,0.0015,0.0065,0.1382,0.0063,0.0285,0,0.0097,0,0.0045,0.011,0,0.4403,0,0.0039,0,0,0.0015,0,0,0,0,0.0024,0,0.0623,0.0047,0,0,0,0,0,0.0067,0.1549,0.0947,0,4904,8038,0.2528,25,34789052,37956812,1,,1
1110,Computer/Information Technology Administration and Management.,137078,2,1,10.0,22.0,2.0,100.0,137078,St Petersburg College,,0.0151,0.0054,0.002,0,0.0015,0.0065,0.1382,0.0063,0.0285,0,0.0097,0,0.0045,0.011,0,0.4403,0,0.0039,0,0,0.0015,0,0,0,0,0.0024,0,0.0623,0.0047,0,0,0,0,0,0.0067,0.1549,0.0947,0,4904,8038,0.2528,25,34789052,37956812,1,,1
1110,Computer/Information Technology Administration and Management.,137078,3,2,40.0,23.0,1.0,174.0,137078,St Petersburg College,,0.0151,0.0054,0.002,0,0.0015,0.0065,0.1382,0.0063,0.0285,0,0.0097,0,0.0045,0.011,0,0.4403,0,0.0039,0,0,0.0015,0,0,0,0,0.0024,0,0.0623,0.0047,0,0,0,0,0,0.0067,0.1549,0.0947,0,4904,8038,0.2528,25,34789052,37956812,1,,1
1110,Computer/Information Technology Administration and Management.,137078,3,3,95.0,115.0,10.0,279.0,137078,St Petersburg College,,0.0151,0.0054,0.002,0,0.0015,0.0065,0.1382,0.0063,0.0285,0,0.0097,0,0.0045,0.011,0,0.4403,0,0.0039,0,0,0.0015,0,0,0,0,0.0024,0,0.0623,0.0047,0,0,0,0,0,0.0067,0.1549,0.0947,0,4904,8038,0.2528,25,34789052,37956812,1,,1
1203,Funeral Service and Mortuary Science.,137078,1,2,17.0,32.0,3.0,151.0,137078,St Petersburg College,,0.0151,0.0054,0.002,0,0.0015,0.0065,0.1382,0.0063,0.0285,0,0.0097,0,0.0045,0.011,0,0.4403,0,0.0039,0,0,0.0015,0,0,0,0,0.0024,0,0.0623,0.0047,0,0,0,0,0,0.0067,0.1549,0.0947,0,4904,8038,0.2528,25,34789052,37956812,1,,1
1310,Special Education and Teaching.,137078,3,3,,,0.0,,137078,St Petersburg College,,0.0151,0.0054,0.002,0,0.0015,0.0065,0.1382,0.0063,0.0285,0,0.0097,0,0.0045,0.011,0,0.4403,0,0.0039,0,0,0.0015,0,0,0,0,0.0024,0,0.0623,0.0047,0,0,0,0,0,0.0067,0.1549,0.0947,0,4904,8038,0.2528,25,34789052,37956812,1,,1
1312,"Teacher Education and Professional Development, Specific Levels and Methods.",137078,3,3,56.0,73.0,0.0,201.0,137078,St Petersburg College,,0.0151,0.0054,0.002,0,0.0015,0.0065,0.1382,0.0063,0.0285,0,0.0097,0,0.0045,0.011,0,0.4403,0,0.0039,0,0,0.0015,0,0,0,0,0.0024,0,0.0623,0.0047,0,0,0,0,0,0.0067,0.1549,0.0947,0,4904,8038,0.2528,25,34789052,37956812,1,,1
1313,"Teacher Education and Professional Development, Specific Subject Areas.",137078,1,3,17.0,16.0,0.0,,137078,St Petersburg College,,0.0151,0.0054,0.002,0,0.0015,0.0065,0.1382,0.0063,0.0285,0,0.0097,0,0.0045,0.011,0,0.4403,0,0.0039,0,0,0.0015,0,0,0,0,0.0024,0,0.0623,0.0047,0,0,0,0,0,0.0067,0.1549,0.0947,0,4904,8038,0.2528,25,34789052,37956812,1,,1
1399,"Education, Other.",137078,2,3,73.0,106.0,6.0,287.0,137078,St Petersburg College,,0.0151,0.0054,0.002,0,0.0015,0.0065,0.1382,0.0063,0.0285,0,0.0097,0,0.0045,0.011,0,0.4403,0,0.0039,0,0,0.0015,0,0,0,0,0.0024,0,0.0623,0.0047,0,0,0,0,0,0.0067,0.1549,0.0947,0,4904,8038,0.2528,25,34789052,37956812,1,,1
1504,Electromechanical Technologies/Technicians.,137078,1,2,,22.0,2.0,,137078,St Petersburg College,,0.0151,0.0054,0.002,0,0.0015,0.0065,0.1382,0.0063,0.0285,0,0.0097,0,0.0045,0.011,0,0.4403,0,0.0039,0,0,0.0015,0,0,0,0,0.0024,0,0.0623,0.0047,0,0,0,0,0,0.0067,0.1549,0.0947,0,4904,8038,0.2528,25,34789052,37956812,1,,1
2203,Legal Support Services.,137078,1,2,,,1.0,,137078,St Petersburg College,,0.0151,0.0054,0.002,0,0.0015,0.0065,0.1382,0.0063,0.0285,0,0.0097,0,0.0045,0.011,0,0.4403,0,0.0039,0,0,0.0015,0,0,0,0,0.0024,0,0.0623,0.0047,0,0,0,0,0,0.0067,0.1549,0.0947,0,4904,8038,0.2528,25,34789052,37956812,1,,1
2203,Legal Support Services.,137078,1,3,26.0,28.0,3.0,255.0,137078,St Petersburg College,,0.0151,0.0054,0.002,0,0.0015,0.0065,0.1382,0.0063,0.0285,0,0.0097,0,0.0045,0.011,0,0.4403,0,0.0039,0,0,0.0015,0,0,0,0,0.0024,0,0.0623,0.0047,0,0,0,0,0,0.0067,0.1549,0.0947,0,4904,8038,0.2528,25,34789052,37956812,1,,1
2401,"Liberal Arts and Sciences, General Studies and Humanities.",137078,3,2,1146.0,719.0,93.0,127.0,137078,St Petersburg College,,0.0151,0.0054,0.002,0,0.0015,0.0065,0.1382,0.0063,0.0285,0,0.0097,0,0.0045,0.011,0,0.4403,0,0.0039,0,0,0.0015,0,0,0,0,0.0024,0,0.0623,0.0047,0,0,0,0,0,0.0067,0.1549,0.0947,0,4904,8038,0.2528,25,34789052,37956812,1,,1
2601,"Biology, General.",137078,1,3,23.0,38.0,6.0,347.0,137078,St Petersburg College,,0.0151,0.0054,0.002,0,0.0015,0.0065,0.1382,0.0063,0.0285,0,0.0097,0,0.0045,0.011,0,0.4403,0,0.0039,0,0,0.0015,0,0,0,0,0.0024,0,0.0623,0.0047,0,0,0,0,0,0.0067,0.1549,0.0947,0,4904,8038,0.2528,25,34789052,37956812,1,,1
4301,Criminal Justice and Corrections.,137078,0,99,,,,,137078,St Petersburg College,,0.0151,0.0054,0.002,0,0.0015,0.0065,0.1382,0.0063,0.0285,0,0.0097,0,0.0045,0.011,0,0.4403,0,0.0039,0,0,0.0015,0,0,0,0,0.0024,0,0.0623,0.0047,0,0,0,0,0,0.0067,0.1549,0.0947,0,4904,8038,0.2528,25,34789052,37956812,1,,1
4302,Fire Protection.,137078,1,1,16.0,20.0,0.0,78.0,137078,St Petersburg College,,0.0151,0.0054,0.002,0,0.0015,0.0065,0.1382,0.0063,0.0285,0,0.0097,0,0.0045,0.011,0,0.4403,0,0.0039,0,0,0.0015,0,0,0,0,0.0024,0,0.0623,0.0047,0,0,0,0,0,0.0067,0.1549,0.0947,0,4904,8038,0.2528,25,34789052,37956812,1,,1
4302,Fire Protection.,137078,0,99,,,,,137078,St Petersburg College,,0.0151,0.0054,0.002,0,0.0015,0.0065,0.1382,0.0063,0.0285,0,0.0097,0,0.0045,0.011,0,0.4403,0,0.0039,0,0,0.0015,0,0,0,0,0.0024,0,0.0623,0.0047,0,0,0,0,0,0.0067,0.1549,0.0947,0,4904,8038,0.2528,25,34789052,37956812,1,,1
4399,"Homeland Security, Law Enforcement, Firefighting and Related Protective Services, Other.",137078,3,3,56.0,60.0,1.0,318.0,137078,St Petersburg College,,0.0151,0.0054,0.002,0,0.0015,0.0065,0.1382,0.0063,0.0285,0,0.0097,0,0.0045,0.011,0,0.4403,0,0.0039,0,0,0.0015,0,0,0,0,0.0024,0,0.0623,0.0047,0,0,0,0,0,0.0067,0.1549,0.0947,0,4904,8038,0.2528,25,34789052,37956812,1,,1
4400,"Human Services, General.",137078,0,2,16.0,,2.0,349.0,137078,St Petersburg College,,0.0151,0.0054,0.002,0,0.0015,0.0065,0.1382,0.0063,0.0285,0,0.0097,0,0.0045,0.011,0,0.4403,0,0.0039,0,0,0.0015,0,0,0,0,0.0024,0,0.0623,0.0047,0,0,0,0,0,0.0067,0.1549,0.0947,0,4904,8038,0.2528,25,34789052,37956812,1,,1
4404,Public Administration.,137078,3,3,24.0,34.0,3.0,261.0,137078,St Petersburg College,,0.0151,0.0054,0.002,0,0.0015,0.0065,0.1382,0.0063,0.0285,0,0.0097,0,0.0045,0.011,0,0.4403,0,0.0039,0,0,0.0015,0,0,0,0,0.0024,0,0.0623,0.0047,0,0,0,0,0,0.0067,0.1549,0.0947,0,4904,8038,0.2528,25,34789052,37956812,1,,1
5009,Music.,137078,1,2,13.0,,2.0,,137078,St Petersburg College,,0.0151,0.0054,0.002,0,0.0015,0.0065,0.1382,0.0063,0.0285,0,0.0097,0,0.0045,0.011,0,0.4403,0,0.0039,0,0,0.0015,0,0,0,0,0.0024,0,0.0623,0.0047,0,0,0,0,0,0.0067,0.1549,0.0947,0,4904,8038,0.2528,25,34789052,37956812,1,,1
5106,Dental Support Services and Allied Professions.,137078,1,2,42.0,34.0,0.0,220.0,137078,St Petersburg College,,0.0151,0.0054,0.002,0,0.0015,0.0065,0.1382,0.0063,0.0285,0,0.0097,0,0.0045,0.011,0,0.4403,0,0.0039,0,0,0.0015,0,0,0,0,0.0024,0,0.0623,0.0047,0,0,0,0,0,0.0067,0.1549,0.0947,0,4904,8038,0.2528,25,34789052,37956812,1,,1
5106,Dental Support Services and Allied Professions.,137078,3,3,20.0,50.0,2.0,185.0,137078,St Petersburg College,,0.0151,0.0054,0.002,0,0.0015,0.0065,0.1382,0.0063,0.0285,0,0.0097,0,0.0045,0.011,0,0.4403,0,0.0039,0,0,0.0015,0,0,0,0,0.0024,0,0.0623,0.0047,0,0,0,0,0,0.0067,0.1549,0.0947,0,4904,8038,0.2528,25,34789052,37956812,1,,1
5107,Health and Medical Administrative Services.,137078,1,1,15.0,29.0,4.0,178.0,137078,St Petersburg College,,0.0151,0.0054,0.002,0,0.0015,0.0065,0.1382,0.0063,0.0285,0,0.0097,0,0.0045,0.011,0,0.4403,0,0.0039,0,0,0.0015,0,0,0,0,0.0024,0,0.0623,0.0047,0,0,0,0,0,0.0067,0.1549,0.0947,0,4904,8038,0.2528,25,34789052,37956812,1,,1
5107,Health and Medical Administrative Services.,137078,3,2,32.0,29.0,3.0,293.0,137078,St Petersburg College,,0.0151,0.0054,0.002,0,0.0015,0.0065,0.1382,0.0063,0.0285,0,0.0097,0,0.0045,0.011,0,0.4403,0,0.0039,0,0,0.0015,0,0,0,0,0.0024,0,0.0623,0.0047,0,0,0,0,0,0.0067,0.1549,0.0947,0,4904,8038,0.2528,25,34789052,37956812,1,,1
5108,Allied Health and Medical Assisting Services.,137078,1,2,67.0,32.0,1.0,129.0,137078,St Petersburg College,,0.0151,0.0054,0.002,0,0.0015,0.0065,0.1382,0.0063,0.0285,0,0.0097,0,0.0045,0.011,0,0.4403,0,0.0039,0,0,0.0015,0,0,0,0,0.0024,0,0.0623,0.0047,0,0,0,0,0,0.0067,0.1549,0.0947,0,4904,8038,0.2528,25,34789052,37956812,1,,1
5109,"Allied Health Diagnostic, Intervention, and Treatment Professions.",137078,1,2,42.0,57.0,1.0,135.0,137078,St Petersburg College,,0.0151,0.0054,0.002,0,0.0015,0.0065,0.1382,0.0063,0.0285,0,0.0097,0,0.0045,0.011,0,0.4403,0,0.0039,0,0,0.0015,0,0,0,0,0.0024,0,0.0623,0.0047,0,0,0,0,0,0.0067,0.1549,0.0947,0,4904,8038,0.2528,25,34789052,37956812,1,,1
5115,Mental and Social Health Services and Allied Professions.,137078,1,1,14.0,,4.0,,137078,St Petersburg College,,0.0151,0.0054,0.002,0,0.0015,0.0065,0.1382,0.0063,0.0285,0,0.0097,0,0.0045,0.011,0,0.4403,0,0.0039,0,0,0.0015,0,0,0,0,0.0024,0,0.0623,0.0047,0,0,0,0,0,0.0067,0.1549,0.0947,0,4904,8038,0.2528,25,34789052,37956812,1,,1
5122,Public Health.,137078,3,3,74.0,131.0,4.0,287.0,137078,St Petersburg College,,0.0151,0.0054,0.002,0,0.0015,0.0065,0.1382,0.0063,0.0285,0,0.0097,0,0.0045,0.011,0,0.4403,0,0.0039,0,0,0.0015,0,0,0,0,0.0024,0,0.0623,0.0047,0,0,0,0,0,0.0067,0.1549,0.0947,0,4904,8038,0.2528,25,34789052,37956812,1,,1
5123,Rehabilitation and Therapeutic Professions.,137078,1,2,18.0,,2.0,111.0,137078,St Petersburg College,,0.0151,0.0054,0.002,0,0.0015,0.0065,0.1382,0.0063,0.0285,0,0.0097,0,0.0045,0.011,0,0.4403,0,0.0039,0,0,0.0015,0,0,0,0,0.0024,0,0.0623,0.0047,0,0,0,0,0,0.0067,0.1549,0.0947,0,4904,8038,0.2528,25,34789052,37956812,1,,1
5138,"Registered Nursing, Nursing Administration, Nursing Research and Clinical Nursing.",137078,1,2,222.0,208.0,5.0,167.0,137078,St Petersburg College,,0.0151,0.0054,0.002,0,0.0015,0.0065,0.1382,0.0063,0.0285,0,0.0097,0,0.0045,0.011,0,0.4403,0,0.0039,0,0,0.0015,0,0,0,0,0.0024,0,0.0623,0.0047,0,0,0,0,0,0.0067,0.1549,0.0947,0,4904,8038,0.2528,25,34789052,37956812,1,,1
5138,"Registered Nursing, Nursing Administration, Nursing Research and Clinical Nursing.",137078,3,3,94.0,284.0,8.0,165.0,137078,St Petersburg College,,0.0151,0.0054,0.002,0,0.0015,0.0065,0.1382,0.0063,0.0285,0,0.0097,0,0.0045,0.011,0,0.4403,0,0.0039,0,0,0.0015,0,0,0,0,0.0024,0,0.0623,0.0047,0,0,0,0,0,0.0067,0.1549,0.0947,0,4904,8038,0.2528,25,34789052,37956812,1,,1
5202,"Business Administration, Management and Operations.",137078,1,2,43.0,21.0,1.0,211.0,137078,St Petersburg College,,0.0151,0.0054,0.002,0,0.0015,0.0065,0.1382,0.0063,0.0285,0,0.0097,0,0.0045,0.011,0,0.4403,0,0.0039,0,0,0.0015,0,0,0,0,0.0024,0,0.0623,0.0047,0,0,0,0,0,0.0067,0.1549,0.0947,0,4904,8038,0.2528,25,34789052,37956812,1,,1
5202,"Business Administration, Management and Operations.",137078,3,3,273.0,379.0,43.0,297.0,137078,St Petersburg College,,0.0151,0.0054,0.002,0,0.0015,0.0065,0.1382,0.0063,0.0285,0,0.0097,0,0.0045,0.011,0,0.4403,0,0.0039,0,0,0.0015,0,0,0,0,0.0024,0,0.0623,0.0047,0,0,0,0,0,0.0067,0.1549,0.0947,0,4904,8038,0.2528,25,34789052,37956812,1,,1
4702,"Heating, Air Conditioning, Ventilation and Refrigeration Maintenance Technology/Technician (HAC, HACR, HVAC, HVACR).",137087,1,1,,40.0,4.0,,137087,Pinellas Technical College-St. Petersburg,28,0,0,0,0,0,0.0059,0.0162,0.1897,0,0,0.1397,0,0.2118,0,0,0,0,0,0,0,0,0,0,0,0,0,0,0.0279,0,0,0.0471,0.0574,0.0279,0.0824,0.0088,0.1853,0,0,6362,,,7,,,1,,1
5107,Health and Medical Administrative Services.,137087,1,1,,34.0,5.0,,137087,Pinellas Technical College-St. Petersburg,28,0,0,0,0,0,0.0059,0.0162,0.1897,0,0,0.1397,0,0.2118,0,0,0,0,0,0,0,0,0,0,0,0,0,0,0.0279,0,0,0.0471,0.0574,0.0279,0.0824,0.0088,0.1853,0,0,6362,,,7,,,1,,1
5139,"Practical Nursing, Vocational Nursing and Nursing Assistants.",137087,1,1,,37.0,2.0,,137087,Pinellas Technical College-St. Petersburg,28,0,0,0,0,0,0.0059,0.0162,0.1897,0,0,0.1397,0,0.2118,0,0,0,0,0,0,0,0,0,0,0,0,0,0,0.0279,0,0,0.0471,0.0574,0.0279,0.0824,0.0088,0.1853,0,0,6362,,,7,,,1,,1
0109,Animal Sciences.,137096,1,2,16.0,32.0,0.0,150.0,137096,Santa Fe College,,0.0141,0,0,0,0,0,0.0764,0,0.0055,0,0.0055,0,0.0006,0.0046,0,0.6289,0,0.0012,0,0,0,0,0,0,0,0.0009,0,0.0144,0,0,0.0186,0.0024,0.0064,0,0.0034,0.181,0.0361,0,5501,6821,0.3309,18,37315756,37620846,1,,1
1102,Computer Programming.,137096,1,2,,20.0,1.0,,137096,Santa Fe College,,0.0141,0,0,0,0,0,0.0764,0,0.0055,0,0.0055,0,0.0006,0.0046,0,0.6289,0,0.0012,0,0,0,0,0,0,0,0.0009,0,0.0144,0,0,0.0186,0.0024,0.0064,0,0.0034,0.181,0.0361,0,5501,6821,0.3309,18,37315756,37620846,1,,1
1108,Computer Software and Media Applications.,137096,1,2,,17.0,3.0,,137096,Santa Fe College,,0.0141,0,0,0,0,0,0.0764,0,0.0055,0,0.0055,0,0.0006,0.0046,0,0.6289,0,0.0012,0,0,0,0,0,0,0,0.0009,0,0.0144,0,0,0.0186,0.0024,0.0064,0,0.0034,0.181,0.0361,0,5501,6821,0.3309,18,37315756,37620846,1,,1
1312,"Teacher Education and Professional Development, Specific Levels and Methods.",137096,1,3,,19.0,1.0,,137096,Santa Fe College,,0.0141,0,0,0,0,0,0.0764,0,0.0055,0,0.0055,0,0.0006,0.0046,0,0.6289,0,0.0012,0,0,0,0,0,0,0,0.0009,0,0.0144,0,0,0.0186,0.0024,0.0064,0,0.0034,0.181,0.0361,0,5501,6821,0.3309,18,37315756,37620846,1,,1
2401,"Liberal Arts and Sciences, General Studies and Humanities.",137096,1,2,541.0,344.0,44.0,89.0,137096,Santa Fe College,,0.0141,0,0,0,0,0,0.0764,0,0.0055,0,0.0055,0,0.0006,0.0046,0,0.6289,0,0.0012,0,0,0,0,0,0,0,0.0009,0,0.0144,0,0,0.0186,0.0024,0.0064,0,0.0034,0.181,0.0361,0,5501,6821,0.3309,18,37315756,37620846,1,,1
5106,Dental Support Services and Allied Professions.,137096,1,2,27.0,36.0,0.0,150.0,137096,Santa Fe College,,0.0141,0,0,0,0,0,0.0764,0,0.0055,0,0.0055,0,0.0006,0.0046,0,0.6289,0,0.0012,0,0,0,0,0,0,0,0.0009,0,0.0144,0,0,0.0186,0.0024,0.0064,0,0.0034,0.181,0.0361,0,5501,6821,0.3309,18,37315756,37620846,1,,1
5107,Health and Medical Administrative Services.,137096,1,3,15.0,32.0,1.0,182.0,137096,Santa Fe College,,0.0141,0,0,0,0,0,0.0764,0,0.0055,0,0.0055,0,0.0006,0.0046,0,0.6289,0,0.0012,0,0,0,0,0,0,0,0.0009,0,0.0144,0,0,0.0186,0.0024,0.0064,0,0.0034,0.181,0.0361,0,5501,6821,0.3309,18,37315756,37620846,1,,1
5108,Allied Health and Medical Assisting Services.,137096,1,2,15.0,29.0,3.0,176.0,137096,Santa Fe College,,0.0141,0,0,0,0,0,0.0764,0,0.0055,0,0.0055,0,0.0006,0.0046,0,0.6289,0,0.0012,0,0,0,0,0,0,0,0.0009,0,0.0144,0,0,0.0186,0.0024,0.0064,0,0.0034,0.181,0.0361,0,5501,6821,0.3309,18,37315756,37620846,1,,1
5109,"Allied Health Diagnostic, Intervention, and Treatment Professions.",137096,1,1,,,1.0,,137096,Santa Fe College,,0.0141,0,0,0,0,0,0.0764,0,0.0055,0,0.0055,0,0.0006,0.0046,0,0.6289,0,0.0012,0,0,0,0,0,0,0,0.0009,0,0.0144,0,0,0.0186,0.0024,0.0064,0,0.0034,0.181,0.0361,0,5501,6821,0.3309,18,37315756,37620846,1,,1
5109,"Allied Health Diagnostic, Intervention, and Treatment Professions.",137096,1,2,68.0,111.0,1.0,182.0,137096,Santa Fe College,,0.0141,0,0,0,0,0,0.0764,0,0.0055,0,0.0055,0,0.0006,0.0046,0,0.6289,0,0.0012,0,0,0,0,0,0,0,0.0009,0,0.0144,0,0,0.0186,0.0024,0.0064,0,0.0034,0.181,0.0361,0,5501,6821,0.3309,18,37315756,37620846,1,,1
5138,"Registered Nursing, Nursing Administration, Nursing Research and Clinical Nursing.",137096,1,2,103.0,99.0,3.0,127.0,137096,Santa Fe College,,0.0141,0,0,0,0,0,0.0764,0,0.0055,0,0.0055,0,0.0006,0.0046,0,0.6289,0,0.0012,0,0,0,0,0,0,0,0.0009,0,0.0144,0,0,0.0186,0.0024,0.0064,0,0.0034,0.181,0.0361,0,5501,6821,0.3309,18,37315756,37620846,1,,1
5138,"Registered Nursing, Nursing Administration, Nursing Research and Clinical Nursing.",137096,3,3,17.0,86.0,2.0,168.0,137096,Santa Fe College,,0.0141,0,0,0,0,0,0.0764,0,0.0055,0,0.0055,0,0.0006,0.0046,0,0.6289,0,0.0012,0,0,0,0,0,0,0,0.0009,0,0.0144,0,0,0.0186,0.0024,0.0064,0,0.0034,0.181,0.0361,0,5501,6821,0.3309,18,37315756,37620846,1,,1
5202,"Business Administration, Management and Operations.",137096,1,3,32.0,73.0,1.0,201.0,137096,Santa Fe College,,0.0141,0,0,0,0,0,0.0764,0,0.0055,0,0.0055,0,0.0006,0.0046,0,0.6289,0,0.0012,0,0,0,0,0,0,0,0.0009,0,0.0144,0,0,0.0186,0.0024,0.0064,0,0.0034,0.181,0.0361,0,5501,6821,0.3309,18,37315756,37620846,1,,1
1204,Cosmetology and Related Personal Grooming Services.,137120,1,1,,21.0,1.0,,137120,Suncoast Technical College,30,0,0,0,0,0,0.0192,0.0288,0.1701,0,0,0.0357,0,0,0,0,0,0,0,0,0,0,0,0,0,0,0,0,0.2209,0,0,0.0878,0.0617,0.0014,0,0,0.3567,0.0178,0,9394,,,6,,,1,,1
4706,Vehicle Maintenance and Repair Technologies/Technicians.,137120,1,1,,25.0,3.0,,137120,Suncoast Technical College,30,0,0,0,0,0,0.0192,0.0288,0.1701,0,0,0.0357,0,0,0,0,0,0,0,0,0,0,0,0,0,0,0,0,0.2209,0,0,0.0878,0.0617,0.0014,0,0,0.3567,0.0178,0,9394,,,6,,,1,,1
1101,"Computer and Information Sciences, General.",137209,1,2,,,0.0,,137209,Seminole State College of Florida,,0,0,0,0,0.0106,0.0044,0.0644,0.0002,0.012,0,0.0872,0,0.0047,0.0026,0,0.3256,0,0,0,0,0,0,0,0,0,0.0615,0,0.0522,0,0,0.0089,0.0066,0.0009,0,0.0248,0.1554,0.1782,0,5460,7222,0.3339,29,13629161,15401232,1,,1
1101,"Computer and Information Sciences, General.",137209,3,3,85.0,136.0,12.0,144.0,137209,Seminole State College of Florida,,0,0,0,0,0.0106,0.0044,0.0644,0.0002,0.012,0,0.0872,0,0.0047,0.0026,0,0.3256,0,0,0,0,0,0,0,0,0,0.0615,0,0.0522,0,0,0.0089,0.0066,0.0009,0,0.0248,0.1554,0.1782,0,5460,7222,0.3339,29,13629161,15401232,1,,1
1102,Computer Programming.,137209,2,2,,,2.0,,137209,Seminole State College of Florida,,0,0,0,0,0.0106,0.0044,0.0644,0.0002,0.012,0,0.0872,0,0.0047,0.0026,0,0.3256,0,0,0,0,0,0,0,0,0,0.0615,0,0.0522,0,0,0.0089,0.0066,0.0009,0,0.0248,0.1554,0.1782,0,5460,7222,0.3339,29,13629161,15401232,1,,1
1110,Computer/Information Technology Administration and Management.,137209,2,2,,,0.0,,137209,Seminole State College of Florida,,0,0,0,0,0.0106,0.0044,0.0644,0.0002,0.012,0,0.0872,0,0.0047,0.0026,0,0.3256,0,0,0,0,0,0,0,0,0,0.0615,0,0.0522,0,0,0.0089,0.0066,0.0009,0,0.0248,0.1554,0.1782,0,5460,7222,0.3339,29,13629161,15401232,1,,1
1312,"Teacher Education and Professional Development, Specific Levels and Methods.",137209,2,2,13.0,,3.0,,137209,Seminole State College of Florida,,0,0,0,0,0.0106,0.0044,0.0644,0.0002,0.012,0,0.0872,0,0.0047,0.0026,0,0.3256,0,0,0,0,0,0,0,0,0,0.0615,0,0.0522,0,0,0.0089,0.0066,0.0009,0,0.0248,0.1554,0.1782,0,5460,7222,0.3339,29,13629161,15401232,1,,1
1501,Architectural Engineering Technologies/Technicians.,137209,2,3,11.0,22.0,0.0,,137209,Seminole State College of Florida,,0,0,0,0,0.0106,0.0044,0.0644,0.0002,0.012,0,0.0872,0,0.0047,0.0026,0,0.3256,0,0,0,0,0,0,0,0,0,0.0615,0,0.0522,0,0,0.0089,0.0066,0.0009,0,0.0248,0.1554,0.1782,0,5460,7222,0.3339,29,13629161,15401232,1,,1
1508,Mechanical Engineering Related Technologies/Technicians.,137209,2,2,10.0,16.0,2.0,,137209,Seminole State College of Florida,,0,0,0,0,0.0106,0.0044,0.0644,0.0002,0.012,0,0.0872,0,0.0047,0.0026,0,0.3256,0,0,0,0,0,0,0,0,0,0.0615,0,0.0522,0,0,0.0089,0.0066,0.0009,0,0.0248,0.1554,0.1782,0,5460,7222,0.3339,29,13629161,15401232,1,,1
1510,Construction Engineering Technology/Technician.,137209,2,3,21.0,34.0,1.0,155.0,137209,Seminole State College of Florida,,0,0,0,0,0.0106,0.0044,0.0644,0.0002,0.012,0,0.0872,0,0.0047,0.0026,0,0.3256,0,0,0,0,0,0,0,0,0,0.0615,0,0.0522,0,0,0.0089,0.0066,0.0009,0,0.0248,0.1554,0.1782,0,5460,7222,0.3339,29,13629161,15401232,1,,1
2203,Legal Support Services.,137209,2,2,19.0,25.0,2.0,235.0,137209,Seminole State College of Florida,,0,0,0,0,0.0106,0.0044,0.0644,0.0002,0.012,0,0.0872,0,0.0047,0.0026,0,0.3256,0,0,0,0,0,0,0,0,0,0.0615,0,0.0522,0,0,0.0089,0.0066,0.0009,0,0.0248,0.1554,0.1782,0,5460,7222,0.3339,29,13629161,15401232,1,,1
2401,"Liberal Arts and Sciences, General Studies and Humanities.",137209,3,2,912.0,485.0,48.0,97.0,137209,Seminole State College of Florida,,0,0,0,0,0.0106,0.0044,0.0644,0.0002,0.012,0,0.0872,0,0.0047,0.0026,0,0.3256,0,0,0,0,0,0,0,0,0,0.0615,0,0.0522,0,0,0.0089,0.0066,0.0009,0,0.0248,0.1554,0.1782,0,5460,7222,0.3339,29,13629161,15401232,1,,1
4103,Physical Science Technologies/Technicians.,137209,2,2,,,2.0,,137209,Seminole State College of Florida,,0,0,0,0,0.0106,0.0044,0.0644,0.0002,0.012,0,0.0872,0,0.0047,0.0026,0,0.3256,0,0,0,0,0,0,0,0,0,0.0615,0,0.0522,0,0,0.0089,0.0066,0.0009,0,0.0248,0.1554,0.1782,0,5460,7222,0.3339,29,13629161,15401232,1,,1
4301,Criminal Justice and Corrections.,137209,3,2,24.0,16.0,3.0,116.0,137209,Seminole State College of Florida,,0,0,0,0,0.0106,0.0044,0.0644,0.0002,0.012,0,0.0872,0,0.0047,0.0026,0,0.3256,0,0,0,0,0,0,0,0,0,0.0615,0,0.0522,0,0,0.0089,0.0066,0.0009,0,0.0248,0.1554,0.1782,0,5460,7222,0.3339,29,13629161,15401232,1,,1
4301,Criminal Justice and Corrections.,137209,0,99,,,,,137209,Seminole State College of Florida,,0,0,0,0,0.0106,0.0044,0.0644,0.0002,0.012,0,0.0872,0,0.0047,0.0026,0,0.3256,0,0,0,0,0,0,0,0,0,0.0615,0,0.0522,0,0,0.0089,0.0066,0.0009,0,0.0248,0.1554,0.1782,0,5460,7222,0.3339,29,13629161,15401232,1,,1
4302,Fire Protection.,137209,0,99,,,,,137209,Seminole State College of Florida,,0,0,0,0,0.0106,0.0044,0.0644,0.0002,0.012,0,0.0872,0,0.0047,0.0026,0,0.3256,0,0,0,0,0,0,0,0,0,0.0615,0,0.0522,0,0,0.0089,0.0066,0.0009,0,0.0248,0.1554,0.1782,0,5460,7222,0.3339,29,13629161,15401232,1,,1
5004,Design and Applied Arts.,137209,3,2,11.0,16.0,5.0,152.0,137209,Seminole State College of Florida,,0,0,0,0,0.0106,0.0044,0.0644,0.0002,0.012,0,0.0872,0,0.0047,0.0026,0,0.3256,0,0,0,0,0,0,0,0,0,0.0615,0,0.0522,0,0,0.0089,0.0066,0.0009,0,0.0248,0.1554,0.1782,0,5460,7222,0.3339,29,13629161,15401232,1,,1
5004,Design and Applied Arts.,137209,2,3,19.0,34.0,0.0,235.0,137209,Seminole State College of Florida,,0,0,0,0,0.0106,0.0044,0.0644,0.0002,0.012,0,0.0872,0,0.0047,0.0026,0,0.3256,0,0,0,0,0,0,0,0,0,0.0615,0,0.0522,0,0,0.0089,0.0066,0.0009,0,0.0248,0.1554,0.1782,0,5460,7222,0.3339,29,13629161,15401232,1,,1
5100,"Health Services/Allied Health/Health Sciences, General.",137209,3,3,104.0,149.0,7.0,159.0,137209,Seminole State College of Florida,,0,0,0,0,0.0106,0.0044,0.0644,0.0002,0.012,0,0.0872,0,0.0047,0.0026,0,0.3256,0,0,0,0,0,0,0,0,0,0.0615,0,0.0522,0,0,0.0089,0.0066,0.0009,0,0.0248,0.1554,0.1782,0,5460,7222,0.3339,29,13629161,15401232,1,,1
5107,Health and Medical Administrative Services.,137209,3,1,,24.0,5.0,,137209,Seminole State College of Florida,,0,0,0,0,0.0106,0.0044,0.0644,0.0002,0.012,0,0.0872,0,0.0047,0.0026,0,0.3256,0,0,0,0,0,0,0,0,0,0.0615,0,0.0522,0,0,0.0089,0.0066,0.0009,0,0.0248,0.1554,0.1782,0,5460,7222,0.3339,29,13629161,15401232,1,,1
5107,Health and Medical Administrative Services.,137209,2,2,13.0,17.0,0.0,,137209,Seminole State College of Florida,,0,0,0,0,0.0106,0.0044,0.0644,0.0002,0.012,0,0.0872,0,0.0047,0.0026,0,0.3256,0,0,0,0,0,0,0,0,0,0.0615,0,0.0522,0,0,0.0089,0.0066,0.0009,0,0.0248,0.1554,0.1782,0,5460,7222,0.3339,29,13629161,15401232,1,,1
5108,Allied Health and Medical Assisting Services.,137209,2,2,32.0,47.0,2.0,114.0,137209,Seminole State College of Florida,,0,0,0,0,0.0106,0.0044,0.0644,0.0002,0.012,0,0.0872,0,0.0047,0.0026,0,0.3256,0,0,0,0,0,0,0,0,0,0.0615,0,0.0522,0,0,0.0089,0.0066,0.0009,0,0.0248,0.1554,0.1782,0,5460,7222,0.3339,29,13629161,15401232,1,,1
5109,"Allied Health Diagnostic, Intervention, and Treatment Professions.",137209,1,1,,17.0,0.0,,137209,Seminole State College of Florida,,0,0,0,0,0.0106,0.0044,0.0644,0.0002,0.012,0,0.0872,0,0.0047,0.0026,0,0.3256,0,0,0,0,0,0,0,0,0,0.0615,0,0.0522,0,0,0.0089,0.0066,0.0009,0,0.0248,0.1554,0.1782,0,5460,7222,0.3339,29,13629161,15401232,1,,1
5109,"Allied Health Diagnostic, Intervention, and Treatment Professions.",137209,2,2,41.0,38.0,0.0,134.0,137209,Seminole State College of Florida,,0,0,0,0,0.0106,0.0044,0.0644,0.0002,0.012,0,0.0872,0,0.0047,0.0026,0,0.3256,0,0,0,0,0,0,0,0,0,0.0615,0,0.0522,0,0,0.0089,0.0066,0.0009,0,0.0248,0.1554,0.1782,0,5460,7222,0.3339,29,13629161,15401232,1,,1
5138,"Registered Nursing, Nursing Administration, Nursing Research and Clinical Nursing.",137209,2,2,193.0,115.0,0.0,114.0,137209,Seminole State College of Florida,,0,0,0,0,0.0106,0.0044,0.0644,0.0002,0.012,0,0.0872,0,0.0047,0.0026,0,0.3256,0,0,0,0,0,0,0,0,0,0.0615,0,0.0522,0,0,0.0089,0.0066,0.0009,0,0.0248,0.1554,0.1782,0,5460,7222,0.3339,29,13629161,15401232,1,,1
5202,"Business Administration, Management and Operations.",137209,3,2,36.0,23.0,2.0,225.0,137209,Seminole State College of Florida,,0,0,0,0,0.0106,0.0044,0.0644,0.0002,0.012,0,0.0872,0,0.0047,0.0026,0,0.3256,0,0,0,0,0,0,0,0,0,0.0615,0,0.0522,0,0,0.0089,0.0066,0.0009,0,0.0248,0.1554,0.1782,0,5460,7222,0.3339,29,13629161,15401232,1,,1
5207,Entrepreneurial and Small Business Operations.,137209,3,2,14.0,,0.0,,137209,Seminole State College of Florida,,0,0,0,0,0.0106,0.0044,0.0644,0.0002,0.012,0,0.0872,0,0.0047,0.0026,0,0.3256,0,0,0,0,0,0,0,0,0,0.0615,0,0.0522,0,0,0.0089,0.0066,0.0009,0,0.0248,0.1554,0.1782,0,5460,7222,0.3339,29,13629161,15401232,1,,1
5212,Management Information Systems and Services.,137209,3,3,120.0,170.0,11.0,147.0,137209,Seminole State College of Florida,,0,0,0,0,0.0106,0.0044,0.0644,0.0002,0.012,0,0.0872,0,0.0047,0.0026,0,0.3256,0,0,0,0,0,0,0,0,0,0.0615,0,0.0522,0,0,0.0089,0.0066,0.0009,0,0.0248,0.1554,0.1782,0,5460,7222,0.3339,29,13629161,15401232,1,,1
1109,Computer Systems Networking and Telecommunications.,137245,2,1,,24.0,5.0,,137245,Sheridan Technical College,35,0,0,0,0,0,0,0.0727,0.2628,0,0,0.051,0,0.0673,0.0098,0,0,0,0,0,0,0,0,0,0,0,0,0,0,0,0,0.0304,0.0847,0,0.177,0,0.2215,0.0228,0,7756,,,15,,,1,,1
1204,Cosmetology and Related Personal Grooming Services.,137245,2,1,,80.0,18.0,,137245,Sheridan Technical College,35,0,0,0,0,0,0,0.0727,0.2628,0,0,0.051,0,0.0673,0.0098,0,0,0,0,0,0,0,0,0,0,0,0,0,0,0,0,0.0304,0.0847,0,0.177,0,0.2215,0.0228,0,7756,,,15,,,1,,1
1205,Culinary Arts and Related Services.,137245,1,1,,,2.0,,137245,Sheridan Technical College,35,0,0,0,0,0,0,0.0727,0.2628,0,0,0.051,0,0.0673,0.0098,0,0,0,0,0,0,0,0,0,0,0,0,0,0,0,0,0.0304,0.0847,0,0.177,0,0.2215,0.0228,0,7756,,,15,,,1,,1
4603,Electrical and Power Transmission Installers.,137245,1,1,,28.0,2.0,,137245,Sheridan Technical College,35,0,0,0,0,0,0,0.0727,0.2628,0,0,0.051,0,0.0673,0.0098,0,0,0,0,0,0,0,0,0,0,0,0,0,0,0,0,0.0304,0.0847,0,0.177,0,0.2215,0.0228,0,7756,,,15,,,1,,1
4605,Plumbing and Related Water Supply Services.,137245,1,1,,17.0,2.0,,137245,Sheridan Technical College,35,0,0,0,0,0,0,0.0727,0.2628,0,0,0.051,0,0.0673,0.0098,0,0,0,0,0,0,0,0,0,0,0,0,0,0,0,0,0.0304,0.0847,0,0.177,0,0.2215,0.0228,0,7756,,,15,,,1,,1
4702,"Heating, Air Conditioning, Ventilation and Refrigeration Maintenance Technology/Technician (HAC, HACR, HVAC, HVACR).",137245,1,1,,43.0,3.0,,137245,Sheridan Technical College,35,0,0,0,0,0,0,0.0727,0.2628,0,0,0.051,0,0.0673,0.0098,0,0,0,0,0,0,0,0,0,0,0,0,0,0,0,0,0.0304,0.0847,0,0.177,0,0.2215,0.0228,0,7756,,,15,,,1,,1
4706,Vehicle Maintenance and Repair Technologies/Technicians.,137245,1,1,,70.0,5.0,,137245,Sheridan Technical College,35,0,0,0,0,0,0,0.0727,0.2628,0,0,0.051,0,0.0673,0.0098,0,0,0,0,0,0,0,0,0,0,0,0,0,0,0,0,0.0304,0.0847,0,0.177,0,0.2215,0.0228,0,7756,,,15,,,1,,1
5107,Health and Medical Administrative Services.,137245,2,1,,37.0,8.0,,137245,Sheridan Technical College,35,0,0,0,0,0,0,0.0727,0.2628,0,0,0.051,0,0.0673,0.0098,0,0,0,0,0,0,0,0,0,0,0,0,0,0,0,0,0.0304,0.0847,0,0.177,0,0.2215,0.0228,0,7756,,,15,,,1,,1
5139,"Practical Nursing, Vocational Nursing and Nursing Assistants.",137245,1,1,,85.0,4.0,,137245,Sheridan Technical College,35,0,0,0,0,0,0,0.0727,0.2628,0,0,0.051,0,0.0673,0.0098,0,0,0,0,0,0,0,0,0,0,0,0,0,0,0,0,0.0304,0.0847,0,0.177,0,0.2215,0.0228,0,7756,,,15,,,1,,1
1312,"Teacher Education and Professional Development, Specific Levels and Methods.",137281,1,3,14.0,23.0,2.0,133.0,137281,Saint Johns River State College,,0,0,0,0,0,0,0.0149,0,0.0232,0,0.0133,0,0,0,0,0.5527,0,0,0,0,0,0,0,0,0,0,0,0.0747,0,0,0,0,0,0,0.0066,0.2174,0.0971,0,4989,6135,0.9348,19,3389842,3411111,1,,1
2401,"Liberal Arts and Sciences, General Studies and Humanities.",137281,3,2,178.0,143.0,24.0,97.0,137281,Saint Johns River State College,,0,0,0,0,0,0,0.0149,0,0.0232,0,0.0133,0,0,0,0,0.5527,0,0,0,0,0,0,0,0,0,0,0,0.0747,0,0,0,0,0,0,0.0066,0.2174,0.0971,0,4989,6135,0.9348,19,3389842,3411111,1,,1
5099,"Visual and Performing Arts, Other.",137281,0,2,12.0,,0.0,,137281,Saint Johns River State College,,0,0,0,0,0,0,0.0149,0,0.0232,0,0.0133,0,0,0,0,0.5527,0,0,0,0,0,0,0,0,0,0,0,0.0747,0,0,0,0,0,0,0.0066,0.2174,0.0971,0,4989,6135,0.9348,19,3389842,3411111,1,,1
5107,Health and Medical Administrative Services.,137281,1,2,12.0,18.0,1.0,,137281,Saint Johns River State College,,0,0,0,0,0,0,0.0149,0,0.0232,0,0.0133,0,0,0,0,0.5527,0,0,0,0,0,0,0,0,0,0,0,0.0747,0,0,0,0,0,0,0.0066,0.2174,0.0971,0,4989,6135,0.9348,19,3389842,3411111,1,,1
5109,"Allied Health Diagnostic, Intervention, and Treatment Professions.",137281,1,1,,24.0,2.0,,137281,Saint Johns River State College,,0,0,0,0,0,0,0.0149,0,0.0232,0,0.0133,0,0,0,0,0.5527,0,0,0,0,0,0,0,0,0,0,0,0.0747,0,0,0,0,0,0,0.0066,0.2174,0.0971,0,4989,6135,0.9348,19,3389842,3411111,1,,1
5109,"Allied Health Diagnostic, Intervention, and Treatment Professions.",137281,1,2,17.0,41.0,0.0,,137281,Saint Johns River State College,,0,0,0,0,0,0,0.0149,0,0.0232,0,0.0133,0,0,0,0,0.5527,0,0,0,0,0,0,0,0,0,0,0,0.0747,0,0,0,0,0,0,0.0066,0.2174,0.0971,0,4989,6135,0.9348,19,3389842,3411111,1,,1
5138,"Registered Nursing, Nursing Administration, Nursing Research and Clinical Nursing.",137281,1,2,73.0,97.0,4.0,151.0,137281,Saint Johns River State College,,0,0,0,0,0,0,0.0149,0,0.0232,0,0.0133,0,0,0,0,0.5527,0,0,0,0,0,0,0,0,0,0,0,0.0747,0,0,0,0,0,0,0.0066,0.2174,0.0971,0,4989,6135,0.9348,19,3389842,3411111,1,,1
5138,"Registered Nursing, Nursing Administration, Nursing Research and Clinical Nursing.",137281,3,3,10.0,39.0,2.0,212.0,137281,Saint Johns River State College,,0,0,0,0,0,0,0.0149,0,0.0232,0,0.0133,0,0,0,0,0.5527,0,0,0,0,0,0,0,0,0,0,0,0.0747,0,0,0,0,0,0,0.0066,0.2174,0.0971,0,4989,6135,0.9348,19,3389842,3411111,1,,1
5202,"Business Administration, Management and Operations.",137281,3,2,15.0,,0.0,,137281,Saint Johns River State College,,0,0,0,0,0,0,0.0149,0,0.0232,0,0.0133,0,0,0,0,0.5527,0,0,0,0,0,0,0,0,0,0,0,0.0747,0,0,0,0,0,0,0.0066,0.2174,0.0971,0,4989,6135,0.9348,19,3389842,3411111,1,,1
5202,"Business Administration, Management and Operations.",137281,2,3,28.0,60.0,4.0,310.0,137281,Saint Johns River State College,,0,0,0,0,0,0,0.0149,0,0.0232,0,0.0133,0,0,0,0,0.5527,0,0,0,0,0,0,0,0,0,0,0,0.0747,0,0,0,0,0,0,0.0066,0.2174,0.0971,0,4989,6135,0.9348,19,3389842,3411111,1,,1
2401,"Liberal Arts and Sciences, General Studies and Humanities.",137315,1,2,,70.0,9.0,104.0,137315,South Florida State College,,0,0,0,0,0,0,0.0102,0.0233,0.0145,0,0.0305,0,0,0,0,0.375,0,0,0,0,0,0,0,0,0,0,0,0.0858,0,0,0.0291,0.0131,0.0015,0,0,0.3401,0.077,0,9471,6274,0.3086,16,14728684,17896680,1,,1
5109,"Allied Health Diagnostic, Intervention, and Treatment Professions.",137315,1,2,,16.0,1.0,,137315,South Florida State College,,0,0,0,0,0,0,0.0102,0.0233,0.0145,0,0.0305,0,0,0,0,0.375,0,0,0,0,0,0,0,0,0,0,0,0.0858,0,0,0.0291,0.0131,0.0015,0,0,0.3401,0.077,0,9471,6274,0.3086,16,14728684,17896680,1,,1
5138,"Registered Nursing, Nursing Administration, Nursing Research and Clinical Nursing.",137315,1,2,17.0,24.0,0.0,,137315,South Florida State College,,0,0,0,0,0,0,0.0102,0.0233,0.0145,0,0.0305,0,0,0,0,0.375,0,0,0,0,0,0,0,0,0,0,0,0.0858,0,0,0.0291,0.0131,0.0015,0,0,0.3401,0.077,0,9471,6274,0.3086,16,14728684,17896680,1,,1
5138,"Registered Nursing, Nursing Administration, Nursing Research and Clinical Nursing.",137315,1,3,,,0.0,,137315,South Florida State College,,0,0,0,0,0,0,0.0102,0.0233,0.0145,0,0.0305,0,0,0,0,0.375,0,0,0,0,0,0,0,0,0,0,0,0.0858,0,0,0.0291,0.0131,0.0015,0,0,0.3401,0.077,0,9471,6274,0.3086,16,14728684,17896680,1,,1
5202,"Business Administration, Management and Operations.",137315,1,3,15.0,26.0,4.0,,137315,South Florida State College,,0,0,0,0,0,0,0.0102,0.0233,0.0145,0,0.0305,0,0,0,0,0.375,0,0,0,0,0,0,0,0,0,0,0,0.0858,0,0,0.0291,0.0131,0.0015,0,0,0.3401,0.077,0,9471,6274,0.3086,16,14728684,17896680,1,,1
0301,Natural Resources Conservation and Research.,137351,1,3,96.0,134.0,6.0,186.0,137351,University of South Florida,,0,0.0154,0,0.0004,0.0487,0,0.0582,0,0.0287,0.0534,0,0.0048,0,0,0.0146,0.0404,0,0.1195,0.0071,0,0.0018,0,0.0022,0,0.014,0,0.0885,0,0.0142,0.1143,0,0,0,0,0.0207,0.1731,0.1691,0.011,13361,11342,0.7308,22,637874759,708333328,1,0.4319,2
0301,Natural Resources Conservation and Research.,137351,1,5,,,1.0,,137351,University of South Florida,,0,0.0154,0,0.0004,0.0487,0,0.0582,0,0.0287,0.0534,0,0.0048,0,0,0.0146,0.0404,0,0.1195,0.0071,0,0.0018,0,0.0022,0,0.014,0,0.0885,0,0.0142,0.1143,0,0,0,0,0.0207,0.1731,0.1691,0.011,13361,11342,0.7308,22,637874759,708333328,1,0.4319,2
0402,Architecture.,137351,1,5,49.0,42.0,0.0,682.0,137351,University of South Florida,,0,0.0154,0,0.0004,0.0487,0,0.0582,0,0.0287,0.0534,0,0.0048,0,0,0.0146,0.0404,0,0.1195,0.0071,0,0.0018,0,0.0022,0,0.014,0,0.0885,0,0.0142,0.1143,0,0,0,0,0.0207,0.1731,0.1691,0.011,13361,11342,0.7308,22,637874759,708333328,1,0.4319,2
0403,"City/Urban, Community, and Regional Planning.",137351,1,5,16.0,21.0,1.0,,137351,University of South Florida,,0,0.0154,0,0.0004,0.0487,0,0.0582,0,0.0287,0.0534,0,0.0048,0,0,0.0146,0.0404,0,0.1195,0.0071,0,0.0018,0,0.0022,0,0.014,0,0.0885,0,0.0142,0.1143,0,0,0,0,0.0207,0.1731,0.1691,0.011,13361,11342,0.7308,22,637874759,708333328,1,0.4319,2
0502,"Ethnic, Cultural Minority, Gender, and Group Studies.",137351,1,3,19.0,,3.0,,137351,University of South Florida,,0,0.0154,0,0.0004,0.0487,0,0.0582,0,0.0287,0.0534,0,0.0048,0,0,0.0146,0.0404,0,0.1195,0.0071,0,0.0018,0,0.0022,0,0.014,0,0.0885,0,0.0142,0.1143,0,0,0,0,0.0207,0.1731,0.1691,0.011,13361,11342,0.7308,22,637874759,708333328,1,0.4319,2
0901,Communication and Media Studies.,137351,1,3,478.0,533.0,26.0,194.0,137351,University of South Florida,,0,0.0154,0,0.0004,0.0487,0,0.0582,0,0.0287,0.0534,0,0.0048,0,0,0.0146,0.0404,0,0.1195,0.0071,0,0.0018,0,0.0022,0,0.014,0,0.0885,0,0.0142,0.1143,0,0,0,0,0.0207,0.1731,0.1691,0.011,13361,11342,0.7308,22,637874759,708333328,1,0.4319,2
0904,Journalism.,137351,1,5,14.0,19.0,2.0,414.0,137351,University of South Florida,,0,0.0154,0,0.0004,0.0487,0,0.0582,0,0.0287,0.0534,0,0.0048,0,0,0.0146,0.0404,0,0.1195,0.0071,0,0.0018,0,0.0022,0,0.014,0,0.0885,0,0.0142,0.1143,0,0,0,0,0.0207,0.1731,0.1691,0.011,13361,11342,0.7308,22,637874759,708333328,1,0.4319,2
1101,"Computer and Information Sciences, General.",137351,1,3,283.0,407.0,25.0,239.0,137351,University of South Florida,,0,0.0154,0,0.0004,0.0487,0,0.0582,0,0.0287,0.0534,0,0.0048,0,0,0.0146,0.0404,0,0.1195,0.0071,0,0.0018,0,0.0022,0,0.014,0,0.0885,0,0.0142,0.1143,0,0,0,0,0.0207,0.1731,0.1691,0.011,13361,11342,0.7308,22,637874759,708333328,1,0.4319,2
1104,Information Science/Studies.,137351,3,5,25.0,35.0,1.0,323.0,137351,University of South Florida,,0,0.0154,0,0.0004,0.0487,0,0.0582,0,0.0287,0.0534,0,0.0048,0,0,0.0146,0.0404,0,0.1195,0.0071,0,0.0018,0,0.0022,0,0.014,0,0.0885,0,0.0142,0.1143,0,0,0,0,0.0207,0.1731,0.1691,0.011,13361,11342,0.7308,22,637874759,708333328,1,0.4319,2
1105,Computer Systems Analysis.,137351,3,5,25.0,36.0,2.0,276.0,137351,University of South Florida,,0,0.0154,0,0.0004,0.0487,0,0.0582,0,0.0287,0.0534,0,0.0048,0,0,0.0146,0.0404,0,0.1195,0.0071,0,0.0018,0,0.0022,0,0.014,0,0.0885,0,0.0142,0.1143,0,0,0,0,0.0207,0.1731,0.1691,0.011,13361,11342,0.7308,22,637874759,708333328,1,0.4319,2
1303,Curriculum and Instruction.,137351,3,5,64.0,71.0,2.0,325.0,137351,University of South Florida,,0,0.0154,0,0.0004,0.0487,0,0.0582,0,0.0287,0.0534,0,0.0048,0,0,0.0146,0.0404,0,0.1195,0.0071,0,0.0018,0,0.0022,0,0.014,0,0.0885,0,0.0142,0.1143,0,0,0,0,0.0207,0.1731,0.1691,0.011,13361,11342,0.7308,22,637874759,708333328,1,0.4319,2
1303,Curriculum and Instruction.,137351,2,6,19.0,61.0,2.0,763.0,137351,University of South Florida,,0,0.0154,0,0.0004,0.0487,0,0.0582,0,0.0287,0.0534,0,0.0048,0,0,0.0146,0.0404,0,0.1195,0.0071,0,0.0018,0,0.0022,0,0.014,0,0.0885,0,0.0142,0.1143,0,0,0,0,0.0207,0.1731,0.1691,0.011,13361,11342,0.7308,22,637874759,708333328,1,0.4319,2
1304,Educational Administration and Supervision.,137351,1,5,55.0,75.0,2.0,491.0,137351,University of South Florida,,0,0.0154,0,0.0004,0.0487,0,0.0582,0,0.0287,0.0534,0,0.0048,0,0,0.0146,0.0404,0,0.1195,0.0071,0,0.0018,0,0.0022,0,0.014,0,0.0885,0,0.0142,0.1143,0,0,0,0,0.0207,0.1731,0.1691,0.011,13361,11342,0.7308,22,637874759,708333328,1,0.4319,2
1310,Special Education and Teaching.,137351,1,3,18.0,17.0,0.0,,137351,University of South Florida,,0,0.0154,0,0.0004,0.0487,0,0.0582,0,0.0287,0.0534,0,0.0048,0,0,0.0146,0.0404,0,0.1195,0.0071,0,0.0018,0,0.0022,0,0.014,0,0.0885,0,0.0142,0.1143,0,0,0,0,0.0207,0.1731,0.1691,0.011,13361,11342,0.7308,22,637874759,708333328,1,0.4319,2
1310,Special Education and Teaching.,137351,1,5,28.0,29.0,1.0,435.0,137351,University of South Florida,,0,0.0154,0,0.0004,0.0487,0,0.0582,0,0.0287,0.0534,0,0.0048,0,0,0.0146,0.0404,0,0.1195,0.0071,0,0.0018,0,0.0022,0,0.014,0,0.0885,0,0.0142,0.1143,0,0,0,0,0.0207,0.1731,0.1691,0.011,13361,11342,0.7308,22,637874759,708333328,1,0.4319,2
1311,Student Counseling and Personnel Services.,137351,1,5,14.0,22.0,1.0,533.0,137351,University of South Florida,,0,0.0154,0,0.0004,0.0487,0,0.0582,0,0.0287,0.0534,0,0.0048,0,0,0.0146,0.0404,0,0.1195,0.0071,0,0.0018,0,0.0022,0,0.014,0,0.0885,0,0.0142,0.1143,0,0,0,0,0.0207,0.1731,0.1691,0.011,13361,11342,0.7308,22,637874759,708333328,1,0.4319,2
1312,"Teacher Education and Professional Development, Specific Levels and Methods.",137351,1,3,268.0,292.0,6.0,197.0,137351,University of South Florida,,0,0.0154,0,0.0004,0.0487,0,0.0582,0,0.0287,0.0534,0,0.0048,0,0,0.0146,0.0404,0,0.1195,0.0071,0,0.0018,0,0.0022,0,0.014,0,0.0885,0,0.0142,0.1143,0,0,0,0,0.0207,0.1731,0.1691,0.011,13361,11342,0.7308,22,637874759,708333328,1,0.4319,2
1312,"Teacher Education and Professional Development, Specific Levels and Methods.",137351,1,5,41.0,42.0,3.0,429.0,137351,University of South Florida,,0,0.0154,0,0.0004,0.0487,0,0.0582,0,0.0287,0.0534,0,0.0048,0,0,0.0146,0.0404,0,0.1195,0.0071,0,0.0018,0,0.0022,0,0.014,0,0.0885,0,0.0142,0.1143,0,0,0,0,0.0207,0.1731,0.1691,0.011,13361,11342,0.7308,22,637874759,708333328,1,0.4319,2
1313,"Teacher Education and Professional Development, Specific Subject Areas.",137351,1,3,129.0,174.0,7.0,190.0,137351,University of South Florida,,0,0.0154,0,0.0004,0.0487,0,0.0582,0,0.0287,0.0534,0,0.0048,0,0,0.0146,0.0404,0,0.1195,0.0071,0,0.0018,0,0.0022,0,0.014,0,0.0885,0,0.0142,0.1143,0,0,0,0,0.0207,0.1731,0.1691,0.011,13361,11342,0.7308,22,637874759,708333328,1,0.4319,2
1313,"Teacher Education and Professional Development, Specific Subject Areas.",137351,1,5,50.0,67.0,2.0,410.0,137351,University of South Florida,,0,0.0154,0,0.0004,0.0487,0,0.0582,0,0.0287,0.0534,0,0.0048,0,0,0.0146,0.0404,0,0.1195,0.0071,0,0.0018,0,0.0022,0,0.014,0,0.0885,0,0.0142,0.1143,0,0,0,0,0.0207,0.1731,0.1691,0.011,13361,11342,0.7308,22,637874759,708333328,1,0.4319,2
1407,Chemical Engineering.,137351,1,3,98.0,123.0,7.0,244.0,137351,University of South Florida,,0,0.0154,0,0.0004,0.0487,0,0.0582,0,0.0287,0.0534,0,0.0048,0,0,0.0146,0.0404,0,0.1195,0.0071,0,0.0018,0,0.0022,0,0.014,0,0.0885,0,0.0142,0.1143,0,0,0,0,0.0207,0.1731,0.1691,0.011,13361,11342,0.7308,22,637874759,708333328,1,0.4319,2
1408,Civil Engineering.,137351,1,3,64.0,91.0,1.0,229.0,137351,University of South Florida,,0,0.0154,0,0.0004,0.0487,0,0.0582,0,0.0287,0.0534,0,0.0048,0,0,0.0146,0.0404,0,0.1195,0.0071,0,0.0018,0,0.0022,0,0.014,0,0.0885,0,0.0142,0.1143,0,0,0,0,0.0207,0.1731,0.1691,0.011,13361,11342,0.7308,22,637874759,708333328,1,0.4319,2
1408,Civil Engineering.,137351,1,5,,19.0,0.0,,137351,University of South Florida,,0,0.0154,0,0.0004,0.0487,0,0.0582,0,0.0287,0.0534,0,0.0048,0,0,0.0146,0.0404,0,0.1195,0.0071,0,0.0018,0,0.0022,0,0.014,0,0.0885,0,0.0142,0.1143,0,0,0,0,0.0207,0.1731,0.1691,0.011,13361,11342,0.7308,22,637874759,708333328,1,0.4319,2
1409,Computer Engineering.,137351,1,3,33.0,57.0,2.0,246.0,137351,University of South Florida,,0,0.0154,0,0.0004,0.0487,0,0.0582,0,0.0287,0.0534,0,0.0048,0,0,0.0146,0.0404,0,0.1195,0.0071,0,0.0018,0,0.0022,0,0.014,0,0.0885,0,0.0142,0.1143,0,0,0,0,0.0207,0.1731,0.1691,0.011,13361,11342,0.7308,22,637874759,708333328,1,0.4319,2
1410,"Electrical, Electronics, and Communications Engineering.",137351,1,3,64.0,99.0,2.0,249.0,137351,University of South Florida,,0,0.0154,0,0.0004,0.0487,0,0.0582,0,0.0287,0.0534,0,0.0048,0,0,0.0146,0.0404,0,0.1195,0.0071,0,0.0018,0,0.0022,0,0.014,0,0.0885,0,0.0142,0.1143,0,0,0,0,0.0207,0.1731,0.1691,0.011,13361,11342,0.7308,22,637874759,708333328,1,0.4319,2
1410,"Electrical, Electronics, and Communications Engineering.",137351,1,5,12.0,17.0,1.0,,137351,University of South Florida,,0,0.0154,0,0.0004,0.0487,0,0.0582,0,0.0287,0.0534,0,0.0048,0,0,0.0146,0.0404,0,0.1195,0.0071,0,0.0018,0,0.0022,0,0.014,0,0.0885,0,0.0142,0.1143,0,0,0,0,0.0207,0.1731,0.1691,0.011,13361,11342,0.7308,22,637874759,708333328,1,0.4319,2
1419,Mechanical Engineering.,137351,1,3,146.0,194.0,4.0,239.0,137351,University of South Florida,,0,0.0154,0,0.0004,0.0487,0,0.0582,0,0.0287,0.0534,0,0.0048,0,0,0.0146,0.0404,0,0.1195,0.0071,0,0.0018,0,0.0022,0,0.014,0,0.0885,0,0.0142,0.1143,0,0,0,0,0.0207,0.1731,0.1691,0.011,13361,11342,0.7308,22,637874759,708333328,1,0.4319,2
1435,Industrial Engineering.,137351,1,3,42.0,49.0,3.0,218.0,137351,University of South Florida,,0,0.0154,0,0.0004,0.0487,0,0.0582,0,0.0287,0.0534,0,0.0048,0,0,0.0146,0.0404,0,0.1195,0.0071,0,0.0018,0,0.0022,0,0.014,0,0.0885,0,0.0142,0.1143,0,0,0,0,0.0207,0.1731,0.1691,0.011,13361,11342,0.7308,22,637874759,708333328,1,0.4319,2
1515,Engineering-Related Fields.,137351,3,5,,,1.0,,137351,University of South Florida,,0,0.0154,0,0.0004,0.0487,0,0.0582,0,0.0287,0.0534,0,0.0048,0,0,0.0146,0.0404,0,0.1195,0.0071,0,0.0018,0,0.0022,0,0.014,0,0.0885,0,0.0142,0.1143,0,0,0,0,0.0207,0.1731,0.1691,0.011,13361,11342,0.7308,22,637874759,708333328,1,0.4319,2
1601,"Linguistic, Comparative, and Related Language Studies and Services.",137351,1,3,23.0,33.0,6.0,151.0,137351,University of South Florida,,0,0.0154,0,0.0004,0.0487,0,0.0582,0,0.0287,0.0534,0,0.0048,0,0,0.0146,0.0404,0,0.1195,0.0071,0,0.0018,0,0.0022,0,0.014,0,0.0885,0,0.0142,0.1143,0,0,0,0,0.0207,0.1731,0.1691,0.011,13361,11342,0.7308,22,637874759,708333328,1,0.4319,2
2301,"English Language and Literature, General.",137351,1,3,175.0,175.0,21.0,175.0,137351,University of South Florida,,0,0.0154,0,0.0004,0.0487,0,0.0582,0,0.0287,0.0534,0,0.0048,0,0,0.0146,0.0404,0,0.1195,0.0071,0,0.0018,0,0.0022,0,0.014,0,0.0885,0,0.0142,0.1143,0,0,0,0,0.0207,0.1731,0.1691,0.011,13361,11342,0.7308,22,637874759,708333328,1,0.4319,2
2313,Rhetoric and Composition/Writing Studies.,137351,3,3,12.0,19.0,1.0,,137351,University of South Florida,,0,0.0154,0,0.0004,0.0487,0,0.0582,0,0.0287,0.0534,0,0.0048,0,0,0.0146,0.0404,0,0.1195,0.0071,0,0.0018,0,0.0022,0,0.014,0,0.0885,0,0.0142,0.1143,0,0,0,0,0.0207,0.1731,0.1691,0.011,13361,11342,0.7308,22,637874759,708333328,1,0.4319,2
2401,"Liberal Arts and Sciences, General Studies and Humanities.",137351,1,3,134.0,183.0,14.0,249.0,137351,University of South Florida,,0,0.0154,0,0.0004,0.0487,0,0.0582,0,0.0287,0.0534,0,0.0048,0,0,0.0146,0.0404,0,0.1195,0.0071,0,0.0018,0,0.0022,0,0.014,0,0.0885,0,0.0142,0.1143,0,0,0,0,0.0207,0.1731,0.1691,0.011,13361,11342,0.7308,22,637874759,708333328,1,0.4319,2
2501,Library Science and Administration.,137351,3,5,95.0,123.0,7.0,397.0,137351,University of South Florida,,0,0.0154,0,0.0004,0.0487,0,0.0582,0,0.0287,0.0534,0,0.0048,0,0,0.0146,0.0404,0,0.1195,0.0071,0,0.0018,0,0.0022,0,0.014,0,0.0885,0,0.0142,0.1143,0,0,0,0,0.0207,0.1731,0.1691,0.011,13361,11342,0.7308,22,637874759,708333328,1,0.4319,2
2601,"Biology, General.",137351,1,3,716.0,728.0,85.0,194.0,137351,University of South Florida,,0,0.0154,0,0.0004,0.0487,0,0.0582,0,0.0287,0.0534,0,0.0048,0,0,0.0146,0.0404,0,0.1195,0.0071,0,0.0018,0,0.0022,0,0.014,0,0.0885,0,0.0142,0.1143,0,0,0,0,0.0207,0.1731,0.1691,0.011,13361,11342,0.7308,22,637874759,708333328,1,0.4319,2
2605,Microbiological Sciences and Immunology.,137351,1,3,25.0,27.0,1.0,201.0,137351,University of South Florida,,0,0.0154,0,0.0004,0.0487,0,0.0582,0,0.0287,0.0534,0,0.0048,0,0,0.0146,0.0404,0,0.1195,0.0071,0,0.0018,0,0.0022,0,0.014,0,0.0885,0,0.0142,0.1143,0,0,0,0,0.0207,0.1731,0.1691,0.011,13361,11342,0.7308,22,637874759,708333328,1,0.4319,2
2699,"Biological and Biomedical Sciences, Other.",137351,3,5,244.0,131.0,16.0,322.0,137351,University of South Florida,,0,0.0154,0,0.0004,0.0487,0,0.0582,0,0.0287,0.0534,0,0.0048,0,0,0.0146,0.0404,0,0.1195,0.0071,0,0.0018,0,0.0022,0,0.014,0,0.0885,0,0.0142,0.1143,0,0,0,0,0.0207,0.1731,0.1691,0.011,13361,11342,0.7308,22,637874759,708333328,1,0.4319,2
2701,Mathematics.,137351,1,3,29.0,34.0,4.0,228.0,137351,University of South Florida,,0,0.0154,0,0.0004,0.0487,0,0.0582,0,0.0287,0.0534,0,0.0048,0,0,0.0146,0.0404,0,0.1195,0.0071,0,0.0018,0,0.0022,0,0.014,0,0.0885,0,0.0142,0.1143,0,0,0,0,0.0207,0.1731,0.1691,0.011,13361,11342,0.7308,22,637874759,708333328,1,0.4319,2
2705,Statistics.,137351,1,3,23.0,37.0,1.0,125.0,137351,University of South Florida,,0,0.0154,0,0.0004,0.0487,0,0.0582,0,0.0287,0.0534,0,0.0048,0,0,0.0146,0.0404,0,0.1195,0.0071,0,0.0018,0,0.0022,0,0.014,0,0.0885,0,0.0142,0.1143,0,0,0,0,0.0207,0.1731,0.1691,0.011,13361,11342,0.7308,22,637874759,708333328,1,0.4319,2
3033,Sustainability Studies.,137351,3,5,49.0,61.0,3.0,337.0,137351,University of South Florida,,0,0.0154,0,0.0004,0.0487,0,0.0582,0,0.0287,0.0534,0,0.0048,0,0,0.0146,0.0404,0,0.1195,0.0071,0,0.0018,0,0.0022,0,0.014,0,0.0885,0,0.0142,0.1143,0,0,0,0,0.0207,0.1731,0.1691,0.011,13361,11342,0.7308,22,637874759,708333328,1,0.4319,2
3105,"Sports, Kinesiology, and Physical Education/Fitness.",137351,1,5,25.0,31.0,1.0,293.0,137351,University of South Florida,,0,0.0154,0,0.0004,0.0487,0,0.0582,0,0.0287,0.0534,0,0.0048,0,0,0.0146,0.0404,0,0.1195,0.0071,0,0.0018,0,0.0022,0,0.014,0,0.0885,0,0.0142,0.1143,0,0,0,0,0.0207,0.1731,0.1691,0.011,13361,11342,0.7308,22,637874759,708333328,1,0.4319,2
3801,Philosophy.,137351,1,3,12.0,19.0,2.0,,137351,University of South Florida,,0,0.0154,0,0.0004,0.0487,0,0.0582,0,0.0287,0.0534,0,0.0048,0,0,0.0146,0.0404,0,0.1195,0.0071,0,0.0018,0,0.0022,0,0.014,0,0.0885,0,0.0142,0.1143,0,0,0,0,0.0207,0.1731,0.1691,0.011,13361,11342,0.7308,22,637874759,708333328,1,0.4319,2
4005,Chemistry.,137351,1,3,39.0,55.0,4.0,178.0,137351,University of South Florida,,0,0.0154,0,0.0004,0.0487,0,0.0582,0,0.0287,0.0534,0,0.0048,0,0,0.0146,0.0404,0,0.1195,0.0071,0,0.0018,0,0.0022,0,0.014,0,0.0885,0,0.0142,0.1143,0,0,0,0,0.0207,0.1731,0.1691,0.011,13361,11342,0.7308,22,637874759,708333328,1,0.4319,2
4006,Geological and Earth Sciences/Geosciences.,137351,1,3,26.0,27.0,0.0,259.0,137351,University of South Florida,,0,0.0154,0,0.0004,0.0487,0,0.0582,0,0.0287,0.0534,0,0.0048,0,0,0.0146,0.0404,0,0.1195,0.0071,0,0.0018,0,0.0022,0,0.014,0,0.0885,0,0.0142,0.1143,0,0,0,0,0.0207,0.1731,0.1691,0.011,13361,11342,0.7308,22,637874759,708333328,1,0.4319,2
4008,Physics.,137351,1,3,30.0,35.0,3.0,187.0,137351,University of South Florida,,0,0.0154,0,0.0004,0.0487,0,0.0582,0,0.0287,0.0534,0,0.0048,0,0,0.0146,0.0404,0,0.1195,0.0071,0,0.0018,0,0.0022,0,0.014,0,0.0885,0,0.0142,0.1143,0,0,0,0,0.0207,0.1731,0.1691,0.011,13361,11342,0.7308,22,637874759,708333328,1,0.4319,2
4201,"Psychology, General.",137351,1,3,610.0,584.0,60.0,187.0,137351,University of South Florida,,0,0.0154,0,0.0004,0.0487,0,0.0582,0,0.0287,0.0534,0,0.0048,0,0,0.0146,0.0404,0,0.1195,0.0071,0,0.0018,0,0.0022,0,0.014,0,0.0885,0,0.0142,0.1143,0,0,0,0,0.0207,0.1731,0.1691,0.011,13361,11342,0.7308,22,637874759,708333328,1,0.4319,2
4201,"Psychology, General.",137351,1,6,11.0,17.0,4.0,,137351,University of South Florida,,0,0.0154,0,0.0004,0.0487,0,0.0582,0,0.0287,0.0534,0,0.0048,0,0,0.0146,0.0404,0,0.1195,0.0071,0,0.0018,0,0.0022,0,0.014,0,0.0885,0,0.0142,0.1143,0,0,0,0,0.0207,0.1731,0.1691,0.011,13361,11342,0.7308,22,637874759,708333328,1,0.4319,2
4299,"Psychology, Other.",137351,1,5,59.0,65.0,6.0,341.0,137351,University of South Florida,,0,0.0154,0,0.0004,0.0487,0,0.0582,0,0.0287,0.0534,0,0.0048,0,0,0.0146,0.0404,0,0.1195,0.0071,0,0.0018,0,0.0022,0,0.014,0,0.0885,0,0.0142,0.1143,0,0,0,0,0.0207,0.1731,0.1691,0.011,13361,11342,0.7308,22,637874759,708333328,1,0.4319,2
4301,Criminal Justice and Corrections.,137351,3,5,21.0,31.0,1.0,445.0,137351,University of South Florida,,0,0.0154,0,0.0004,0.0487,0,0.0582,0,0.0287,0.0534,0,0.0048,0,0,0.0146,0.0404,0,0.1195,0.0071,0,0.0018,0,0.0022,0,0.014,0,0.0885,0,0.0142,0.1143,0,0,0,0,0.0207,0.1731,0.1691,0.011,13361,11342,0.7308,22,637874759,708333328,1,0.4319,2
4303,Homeland Security.,137351,3,5,84.0,152.0,4.0,238.0,137351,University of South Florida,,0,0.0154,0,0.0004,0.0487,0,0.0582,0,0.0287,0.0534,0,0.0048,0,0,0.0146,0.0404,0,0.1195,0.0071,0,0.0018,0,0.0022,0,0.014,0,0.0885,0,0.0142,0.1143,0,0,0,0,0.0207,0.1731,0.1691,0.011,13361,11342,0.7308,22,637874759,708333328,1,0.4319,2
4400,"Human Services, General.",137351,1,3,67.0,54.0,2.0,188.0,137351,University of South Florida,,0,0.0154,0,0.0004,0.0487,0,0.0582,0,0.0287,0.0534,0,0.0048,0,0,0.0146,0.0404,0,0.1195,0.0071,0,0.0018,0,0.0022,0,0.014,0,0.0885,0,0.0142,0.1143,0,0,0,0,0.0207,0.1731,0.1691,0.011,13361,11342,0.7308,22,637874759,708333328,1,0.4319,2
4400,"Human Services, General.",137351,3,5,14.0,23.0,0.0,367.0,137351,University of South Florida,,0,0.0154,0,0.0004,0.0487,0,0.0582,0,0.0287,0.0534,0,0.0048,0,0,0.0146,0.0404,0,0.1195,0.0071,0,0.0018,0,0.0022,0,0.014,0,0.0885,0,0.0142,0.1143,0,0,0,0,0.0207,0.1731,0.1691,0.011,13361,11342,0.7308,22,637874759,708333328,1,0.4319,2
4404,Public Administration.,137351,1,5,15.0,29.0,2.0,,137351,University of South Florida,,0,0.0154,0,0.0004,0.0487,0,0.0582,0,0.0287,0.0534,0,0.0048,0,0,0.0146,0.0404,0,0.1195,0.0071,0,0.0018,0,0.0022,0,0.014,0,0.0885,0,0.0142,0.1143,0,0,0,0,0.0207,0.1731,0.1691,0.011,13361,11342,0.7308,22,637874759,708333328,1,0.4319,2
4407,Social Work.,137351,3,3,71.0,43.0,3.0,167.0,137351,University of South Florida,,0,0.0154,0,0.0004,0.0487,0,0.0582,0,0.0287,0.0534,0,0.0048,0,0,0.0146,0.0404,0,0.1195,0.0071,0,0.0018,0,0.0022,0,0.014,0,0.0885,0,0.0142,0.1143,0,0,0,0,0.0207,0.1731,0.1691,0.011,13361,11342,0.7308,22,637874759,708333328,1,0.4319,2
4407,Social Work.,137351,3,5,172.0,215.0,6.0,350.0,137351,University of South Florida,,0,0.0154,0,0.0004,0.0487,0,0.0582,0,0.0287,0.0534,0,0.0048,0,0,0.0146,0.0404,0,0.1195,0.0071,0,0.0018,0,0.0022,0,0.014,0,0.0885,0,0.0142,0.1143,0,0,0,0,0.0207,0.1731,0.1691,0.011,13361,11342,0.7308,22,637874759,708333328,1,0.4319,2
4501,"Social Sciences, General.",137351,1,3,133.0,152.0,16.0,217.0,137351,University of South Florida,,0,0.0154,0,0.0004,0.0487,0,0.0582,0,0.0287,0.0534,0,0.0048,0,0,0.0146,0.0404,0,0.1195,0.0071,0,0.0018,0,0.0022,0,0.014,0,0.0885,0,0.0142,0.1143,0,0,0,0,0.0207,0.1731,0.1691,0.011,13361,11342,0.7308,22,637874759,708333328,1,0.4319,2
4502,Anthropology.,137351,1,3,64.0,73.0,6.0,202.0,137351,University of South Florida,,0,0.0154,0,0.0004,0.0487,0,0.0582,0,0.0287,0.0534,0,0.0048,0,0,0.0146,0.0404,0,0.1195,0.0071,0,0.0018,0,0.0022,0,0.014,0,0.0885,0,0.0142,0.1143,0,0,0,0,0.0207,0.1731,0.1691,0.011,13361,11342,0.7308,22,637874759,708333328,1,0.4319,2
4504,Criminology.,137351,3,3,343.0,399.0,24.0,185.0,137351,University of South Florida,,0,0.0154,0,0.0004,0.0487,0,0.0582,0,0.0287,0.0534,0,0.0048,0,0,0.0146,0.0404,0,0.1195,0.0071,0,0.0018,0,0.0022,0,0.014,0,0.0885,0,0.0142,0.1143,0,0,0,0,0.0207,0.1731,0.1691,0.011,13361,11342,0.7308,22,637874759,708333328,1,0.4319,2
4506,Economics.,137351,1,3,121.0,154.0,14.0,198.0,137351,University of South Florida,,0,0.0154,0,0.0004,0.0487,0,0.0582,0,0.0287,0.0534,0,0.0048,0,0,0.0146,0.0404,0,0.1195,0.0071,0,0.0018,0,0.0022,0,0.014,0,0.0885,0,0.0142,0.1143,0,0,0,0,0.0207,0.1731,0.1691,0.011,13361,11342,0.7308,22,637874759,708333328,1,0.4319,2
4507,Geography and Cartography.,137351,1,3,16.0,22.0,1.0,,137351,University of South Florida,,0,0.0154,0,0.0004,0.0487,0,0.0582,0,0.0287,0.0534,0,0.0048,0,0,0.0146,0.0404,0,0.1195,0.0071,0,0.0018,0,0.0022,0,0.014,0,0.0885,0,0.0142,0.1143,0,0,0,0,0.0207,0.1731,0.1691,0.011,13361,11342,0.7308,22,637874759,708333328,1,0.4319,2
4509,International Relations and National Security Studies.,137351,1,3,74.0,75.0,11.0,172.0,137351,University of South Florida,,0,0.0154,0,0.0004,0.0487,0,0.0582,0,0.0287,0.0534,0,0.0048,0,0,0.0146,0.0404,0,0.1195,0.0071,0,0.0018,0,0.0022,0,0.014,0,0.0885,0,0.0142,0.1143,0,0,0,0,0.0207,0.1731,0.1691,0.011,13361,11342,0.7308,22,637874759,708333328,1,0.4319,2
4510,Political Science and Government.,137351,1,3,175.0,162.0,22.0,190.0,137351,University of South Florida,,0,0.0154,0,0.0004,0.0487,0,0.0582,0,0.0287,0.0534,0,0.0048,0,0,0.0146,0.0404,0,0.1195,0.0071,0,0.0018,0,0.0022,0,0.014,0,0.0885,0,0.0142,0.1143,0,0,0,0,0.0207,0.1731,0.1691,0.011,13361,11342,0.7308,22,637874759,708333328,1,0.4319,2
4511,Sociology.,137351,1,3,64.0,64.0,1.0,191.0,137351,University of South Florida,,0,0.0154,0,0.0004,0.0487,0,0.0582,0,0.0287,0.0534,0,0.0048,0,0,0.0146,0.0404,0,0.1195,0.0071,0,0.0018,0,0.0022,0,0.014,0,0.0885,0,0.0142,0.1143,0,0,0,0,0.0207,0.1731,0.1691,0.011,13361,11342,0.7308,22,637874759,708333328,1,0.4319,2
5003,Dance.,137351,1,3,19.0,21.0,0.0,232.0,137351,University of South Florida,,0,0.0154,0,0.0004,0.0487,0,0.0582,0,0.0287,0.0534,0,0.0048,0,0,0.0146,0.0404,0,0.1195,0.0071,0,0.0018,0,0.0022,0,0.014,0,0.0885,0,0.0142,0.1143,0,0,0,0,0.0207,0.1731,0.1691,0.011,13361,11342,0.7308,22,637874759,708333328,1,0.4319,2
5004,Design and Applied Arts.,137351,1,3,22.0,29.0,0.0,180.0,137351,University of South Florida,,0,0.0154,0,0.0004,0.0487,0,0.0582,0,0.0287,0.0534,0,0.0048,0,0,0.0146,0.0404,0,0.1195,0.0071,0,0.0018,0,0.0022,0,0.014,0,0.0885,0,0.0142,0.1143,0,0,0,0,0.0207,0.1731,0.1691,0.011,13361,11342,0.7308,22,637874759,708333328,1,0.4319,2
5005,Drama/Theatre Arts and Stagecraft.,137351,1,3,19.0,31.0,1.0,237.0,137351,University of South Florida,,0,0.0154,0,0.0004,0.0487,0,0.0582,0,0.0287,0.0534,0,0.0048,0,0,0.0146,0.0404,0,0.1195,0.0071,0,0.0018,0,0.0022,0,0.014,0,0.0885,0,0.0142,0.1143,0,0,0,0,0.0207,0.1731,0.1691,0.011,13361,11342,0.7308,22,637874759,708333328,1,0.4319,2
5007,Fine and Studio Arts.,137351,1,3,78.0,106.0,8.0,238.0,137351,University of South Florida,,0,0.0154,0,0.0004,0.0487,0,0.0582,0,0.0287,0.0534,0,0.0048,0,0,0.0146,0.0404,0,0.1195,0.0071,0,0.0018,0,0.0022,0,0.014,0,0.0885,0,0.0142,0.1143,0,0,0,0,0.0207,0.1731,0.1691,0.011,13361,11342,0.7308,22,637874759,708333328,1,0.4319,2
5007,Fine and Studio Arts.,137351,1,5,19.0,25.0,0.0,222.0,137351,University of South Florida,,0,0.0154,0,0.0004,0.0487,0,0.0582,0,0.0287,0.0534,0,0.0048,0,0,0.0146,0.0404,0,0.1195,0.0071,0,0.0018,0,0.0022,0,0.014,0,0.0885,0,0.0142,0.1143,0,0,0,0,0.0207,0.1731,0.1691,0.011,13361,11342,0.7308,22,637874759,708333328,1,0.4319,2
5009,Music.,137351,1,5,17.0,,0.0,,137351,University of South Florida,,0,0.0154,0,0.0004,0.0487,0,0.0582,0,0.0287,0.0534,0,0.0048,0,0,0.0146,0.0404,0,0.1195,0.0071,0,0.0018,0,0.0022,0,0.014,0,0.0885,0,0.0142,0.1143,0,0,0,0,0.0207,0.1731,0.1691,0.011,13361,11342,0.7308,22,637874759,708333328,1,0.4319,2
5099,"Visual and Performing Arts, Other.",137351,1,3,10.0,,0.0,,137351,University of South Florida,,0,0.0154,0,0.0004,0.0487,0,0.0582,0,0.0287,0.0534,0,0.0048,0,0,0.0146,0.0404,0,0.1195,0.0071,0,0.0018,0,0.0022,0,0.014,0,0.0885,0,0.0142,0.1143,0,0,0,0,0.0207,0.1731,0.1691,0.011,13361,11342,0.7308,22,637874759,708333328,1,0.4319,2
5100,"Health Services/Allied Health/Health Sciences, General.",137351,3,3,912.0,707.0,53.0,211.0,137351,University of South Florida,,0,0.0154,0,0.0004,0.0487,0,0.0582,0,0.0287,0.0534,0,0.0048,0,0,0.0146,0.0404,0,0.1195,0.0071,0,0.0018,0,0.0022,0,0.014,0,0.0885,0,0.0142,0.1143,0,0,0,0,0.0207,0.1731,0.1691,0.011,13361,11342,0.7308,22,637874759,708333328,1,0.4319,2
5102,Communication Disorders Sciences and Services.,137351,1,3,189.0,187.0,15.0,188.0,137351,University of South Florida,,0,0.0154,0,0.0004,0.0487,0,0.0582,0,0.0287,0.0534,0,0.0048,0,0,0.0146,0.0404,0,0.1195,0.0071,0,0.0018,0,0.0022,0,0.014,0,0.0885,0,0.0142,0.1143,0,0,0,0,0.0207,0.1731,0.1691,0.011,13361,11342,0.7308,22,637874759,708333328,1,0.4319,2
5102,Communication Disorders Sciences and Services.,137351,3,5,99.0,111.0,1.0,575.0,137351,University of South Florida,,0,0.0154,0,0.0004,0.0487,0,0.0582,0,0.0287,0.0534,0,0.0048,0,0,0.0146,0.0404,0,0.1195,0.0071,0,0.0018,0,0.0022,0,0.014,0,0.0885,0,0.0142,0.1143,0,0,0,0,0.0207,0.1731,0.1691,0.011,13361,11342,0.7308,22,637874759,708333328,1,0.4319,2
5102,Communication Disorders Sciences and Services.,137351,1,6,20.0,26.0,2.0,534.0,137351,University of South Florida,,0,0.0154,0,0.0004,0.0487,0,0.0582,0,0.0287,0.0534,0,0.0048,0,0,0.0146,0.0404,0,0.1195,0.0071,0,0.0018,0,0.0022,0,0.014,0,0.0885,0,0.0142,0.1143,0,0,0,0,0.0207,0.1731,0.1691,0.011,13361,11342,0.7308,22,637874759,708333328,1,0.4319,2
5107,Health and Medical Administrative Services.,137351,1,5,10.0,,0.0,,137351,University of South Florida,,0,0.0154,0,0.0004,0.0487,0,0.0582,0,0.0287,0.0534,0,0.0048,0,0,0.0146,0.0404,0,0.1195,0.0071,0,0.0018,0,0.0022,0,0.014,0,0.0885,0,0.0142,0.1143,0,0,0,0,0.0207,0.1731,0.1691,0.011,13361,11342,0.7308,22,637874759,708333328,1,0.4319,2
5109,"Allied Health Diagnostic, Intervention, and Treatment Professions.",137351,1,5,60.0,112.0,1.0,700.0,137351,University of South Florida,,0,0.0154,0,0.0004,0.0487,0,0.0582,0,0.0287,0.0534,0,0.0048,0,0,0.0146,0.0404,0,0.1195,0.0071,0,0.0018,0,0.0022,0,0.014,0,0.0885,0,0.0142,0.1143,0,0,0,0,0.0207,0.1731,0.1691,0.011,13361,11342,0.7308,22,637874759,708333328,1,0.4319,2
5112,Medicine.,137351,1,7,231.0,262.0,5.0,2053.0,137351,University of South Florida,,0,0.0154,0,0.0004,0.0487,0,0.0582,0,0.0287,0.0534,0,0.0048,0,0,0.0146,0.0404,0,0.1195,0.0071,0,0.0018,0,0.0022,0,0.014,0,0.0885,0,0.0142,0.1143,0,0,0,0,0.0207,0.1731,0.1691,0.011,13361,11342,0.7308,22,637874759,708333328,1,0.4319,2
5122,Public Health.,137351,3,3,261.0,207.0,11.0,204.0,137351,University of South Florida,,0,0.0154,0,0.0004,0.0487,0,0.0582,0,0.0287,0.0534,0,0.0048,0,0,0.0146,0.0404,0,0.1195,0.0071,0,0.0018,0,0.0022,0,0.014,0,0.0885,0,0.0142,0.1143,0,0,0,0,0.0207,0.1731,0.1691,0.011,13361,11342,0.7308,22,637874759,708333328,1,0.4319,2
5122,Public Health.,137351,1,5,183.0,255.0,12.0,433.0,137351,University of South Florida,,0,0.0154,0,0.0004,0.0487,0,0.0582,0,0.0287,0.0534,0,0.0048,0,0,0.0146,0.0404,0,0.1195,0.0071,0,0.0018,0,0.0022,0,0.014,0,0.0885,0,0.0142,0.1143,0,0,0,0,0.0207,0.1731,0.1691,0.011,13361,11342,0.7308,22,637874759,708333328,1,0.4319,2
5122,Public Health.,137351,1,6,14.0,26.0,2.0,393.0,137351,University of South Florida,,0,0.0154,0,0.0004,0.0487,0,0.0582,0,0.0287,0.0534,0,0.0048,0,0,0.0146,0.0404,0,0.1195,0.0071,0,0.0018,0,0.0022,0,0.014,0,0.0885,0,0.0142,0.1143,0,0,0,0,0.0207,0.1731,0.1691,0.011,13361,11342,0.7308,22,637874759,708333328,1,0.4319,2
5123,Rehabilitation and Therapeutic Professions.,137351,2,5,44.0,43.0,1.0,672.0,137351,University of South Florida,,0,0.0154,0,0.0004,0.0487,0,0.0582,0,0.0287,0.0534,0,0.0048,0,0,0.0146,0.0404,0,0.1195,0.0071,0,0.0018,0,0.0022,0,0.014,0,0.0885,0,0.0142,0.1143,0,0,0,0,0.0207,0.1731,0.1691,0.011,13361,11342,0.7308,22,637874759,708333328,1,0.4319,2
5123,Rehabilitation and Therapeutic Professions.,137351,1,7,,,,,137351,University of South Florida,,0,0.0154,0,0.0004,0.0487,0,0.0582,0,0.0287,0.0534,0,0.0048,0,0,0.0146,0.0404,0,0.1195,0.0071,0,0.0018,0,0.0022,0,0.014,0,0.0885,0,0.0142,0.1143,0,0,0,0,0.0207,0.1731,0.1691,0.011,13361,11342,0.7308,22,637874759,708333328,1,0.4319,2
5127,Medical Illustration and Informatics.,137351,3,5,79.0,96.0,6.0,388.0,137351,University of South Florida,,0,0.0154,0,0.0004,0.0487,0,0.0582,0,0.0287,0.0534,0,0.0048,0,0,0.0146,0.0404,0,0.1195,0.0071,0,0.0018,0,0.0022,0,0.014,0,0.0885,0,0.0142,0.1143,0,0,0,0,0.0207,0.1731,0.1691,0.011,13361,11342,0.7308,22,637874759,708333328,1,0.4319,2
5138,"Registered Nursing, Nursing Administration, Nursing Research and Clinical Nursing.",137351,1,3,333.0,588.0,18.0,162.0,137351,University of South Florida,,0,0.0154,0,0.0004,0.0487,0,0.0582,0,0.0287,0.0534,0,0.0048,0,0,0.0146,0.0404,0,0.1195,0.0071,0,0.0018,0,0.0022,0,0.014,0,0.0885,0,0.0142,0.1143,0,0,0,0,0.0207,0.1731,0.1691,0.011,13361,11342,0.7308,22,637874759,708333328,1,0.4319,2
5138,"Registered Nursing, Nursing Administration, Nursing Research and Clinical Nursing.",137351,1,5,278.0,372.0,7.0,602.0,137351,University of South Florida,,0,0.0154,0,0.0004,0.0487,0,0.0582,0,0.0287,0.0534,0,0.0048,0,0,0.0146,0.0404,0,0.1195,0.0071,0,0.0018,0,0.0022,0,0.014,0,0.0885,0,0.0142,0.1143,0,0,0,0,0.0207,0.1731,0.1691,0.011,13361,11342,0.7308,22,637874759,708333328,1,0.4319,2
5138,"Registered Nursing, Nursing Administration, Nursing Research and Clinical Nursing.",137351,1,6,24.0,53.0,2.0,440.0,137351,University of South Florida,,0,0.0154,0,0.0004,0.0487,0,0.0582,0,0.0287,0.0534,0,0.0048,0,0,0.0146,0.0404,0,0.1195,0.0071,0,0.0018,0,0.0022,0,0.014,0,0.0885,0,0.0142,0.1143,0,0,0,0,0.0207,0.1731,0.1691,0.011,13361,11342,0.7308,22,637874759,708333328,1,0.4319,2
5201,"Business/Commerce, General.",137351,1,3,145.0,208.0,8.0,188.0,137351,University of South Florida,,0,0.0154,0,0.0004,0.0487,0,0.0582,0,0.0287,0.0534,0,0.0048,0,0,0.0146,0.0404,0,0.1195,0.0071,0,0.0018,0,0.0022,0,0.014,0,0.0885,0,0.0142,0.1143,0,0,0,0,0.0207,0.1731,0.1691,0.011,13361,11342,0.7308,22,637874759,708333328,1,0.4319,2
5202,"Business Administration, Management and Operations.",137351,1,3,75.0,99.0,10.0,199.0,137351,University of South Florida,,0,0.0154,0,0.0004,0.0487,0,0.0582,0,0.0287,0.0534,0,0.0048,0,0,0.0146,0.0404,0,0.1195,0.0071,0,0.0018,0,0.0022,0,0.014,0,0.0885,0,0.0142,0.1143,0,0,0,0,0.0207,0.1731,0.1691,0.011,13361,11342,0.7308,22,637874759,708333328,1,0.4319,2
5202,"Business Administration, Management and Operations.",137351,1,5,181.0,312.0,11.0,375.0,137351,University of South Florida,,0,0.0154,0,0.0004,0.0487,0,0.0582,0,0.0287,0.0534,0,0.0048,0,0,0.0146,0.0404,0,0.1195,0.0071,0,0.0018,0,0.0022,0,0.014,0,0.0885,0,0.0142,0.1143,0,0,0,0,0.0207,0.1731,0.1691,0.011,13361,11342,0.7308,22,637874759,708333328,1,0.4319,2
5202,"Business Administration, Management and Operations.",137351,2,6,18.0,22.0,1.0,1122.0,137351,University of South Florida,,0,0.0154,0,0.0004,0.0487,0,0.0582,0,0.0287,0.0534,0,0.0048,0,0,0.0146,0.0404,0,0.1195,0.0071,0,0.0018,0,0.0022,0,0.014,0,0.0885,0,0.0142,0.1143,0,0,0,0,0.0207,0.1731,0.1691,0.011,13361,11342,0.7308,22,637874759,708333328,1,0.4319,2
5203,Accounting and Related Services.,137351,3,3,214.0,218.0,16.0,186.0,137351,University of South Florida,,0,0.0154,0,0.0004,0.0487,0,0.0582,0,0.0287,0.0534,0,0.0048,0,0,0.0146,0.0404,0,0.1195,0.0071,0,0.0018,0,0.0022,0,0.014,0,0.0885,0,0.0142,0.1143,0,0,0,0,0.0207,0.1731,0.1691,0.011,13361,11342,0.7308,22,637874759,708333328,1,0.4319,2
5203,Accounting and Related Services.,137351,1,5,78.0,99.0,1.0,216.0,137351,University of South Florida,,0,0.0154,0,0.0004,0.0487,0,0.0582,0,0.0287,0.0534,0,0.0048,0,0,0.0146,0.0404,0,0.1195,0.0071,0,0.0018,0,0.0022,0,0.014,0,0.0885,0,0.0142,0.1143,0,0,0,0,0.0207,0.1731,0.1691,0.011,13361,11342,0.7308,22,637874759,708333328,1,0.4319,2
5207,Entrepreneurial and Small Business Operations.,137351,1,5,,,1.0,,137351,University of South Florida,,0,0.0154,0,0.0004,0.0487,0,0.0582,0,0.0287,0.0534,0,0.0048,0,0,0.0146,0.0404,0,0.1195,0.0071,0,0.0018,0,0.0022,0,0.014,0,0.0885,0,0.0142,0.1143,0,0,0,0,0.0207,0.1731,0.1691,0.011,13361,11342,0.7308,22,637874759,708333328,1,0.4319,2
5208,Finance and Financial Management Services.,137351,1,3,324.0,422.0,26.0,177.0,137351,University of South Florida,,0,0.0154,0,0.0004,0.0487,0,0.0582,0,0.0287,0.0534,0,0.0048,0,0,0.0146,0.0404,0,0.1195,0.0071,0,0.0018,0,0.0022,0,0.014,0,0.0885,0,0.0142,0.1143,0,0,0,0,0.0207,0.1731,0.1691,0.011,13361,11342,0.7308,22,637874759,708333328,1,0.4319,2
5209,Hospitality Administration/Management.,137351,1,3,27.0,41.0,5.0,223.0,137351,University of South Florida,,0,0.0154,0,0.0004,0.0487,0,0.0582,0,0.0287,0.0534,0,0.0048,0,0,0.0146,0.0404,0,0.1195,0.0071,0,0.0018,0,0.0022,0,0.014,0,0.0885,0,0.0142,0.1143,0,0,0,0,0.0207,0.1731,0.1691,0.011,13361,11342,0.7308,22,637874759,708333328,1,0.4319,2
5211,International Business.,137351,1,3,40.0,53.0,6.0,184.0,137351,University of South Florida,,0,0.0154,0,0.0004,0.0487,0,0.0582,0,0.0287,0.0534,0,0.0048,0,0,0.0146,0.0404,0,0.1195,0.0071,0,0.0018,0,0.0022,0,0.014,0,0.0885,0,0.0142,0.1143,0,0,0,0,0.0207,0.1731,0.1691,0.011,13361,11342,0.7308,22,637874759,708333328,1,0.4319,2
5212,Management Information Systems and Services.,137351,1,3,121.0,178.0,18.0,176.0,137351,University of South Florida,,0,0.0154,0,0.0004,0.0487,0,0.0582,0,0.0287,0.0534,0,0.0048,0,0,0.0146,0.0404,0,0.1195,0.0071,0,0.0018,0,0.0022,0,0.014,0,0.0885,0,0.0142,0.1143,0,0,0,0,0.0207,0.1731,0.1691,0.011,13361,11342,0.7308,22,637874759,708333328,1,0.4319,2
5214,Marketing.,137351,1,3,306.0,395.0,18.0,177.0,137351,University of South Florida,,0,0.0154,0,0.0004,0.0487,0,0.0582,0,0.0287,0.0534,0,0.0048,0,0,0.0146,0.0404,0,0.1195,0.0071,0,0.0018,0,0.0022,0,0.014,0,0.0885,0,0.0142,0.1143,0,0,0,0,0.0207,0.1731,0.1691,0.011,13361,11342,0.7308,22,637874759,708333328,1,0.4319,2
5401,History.,137351,1,3,111.0,116.0,5.0,187.0,137351,University of South Florida,,0,0.0154,0,0.0004,0.0487,0,0.0582,0,0.0287,0.0534,0,0.0048,0,0,0.0146,0.0404,0,0.1195,0.0071,0,0.0018,0,0.0022,0,0.014,0,0.0885,0,0.0142,0.1143,0,0,0,0,0.0207,0.1731,0.1691,0.011,13361,11342,0.7308,22,637874759,708333328,1,0.4319,2
1304,Educational Administration and Supervision.,137476,1,5,74.0,68.0,1.0,350.0,137476,St. Thomas University,,0,0,0,0,0.0084,0,0.023,0,0.0042,0,0,0,0,0,0.0042,0,0,0.0293,0.0105,0,0.0105,0.0042,0.0042,0.0021,0.0042,0,0.0293,0.0669,0,0.0188,0,0,0,0,0,0.4561,0.3243,0,5550,8625,1,17,37800542,42969520,0,0.9791,2
1304,Educational Administration and Supervision.,137476,3,6,32.0,60.0,4.0,652.0,137476,St. Thomas University,,0,0,0,0,0.0084,0,0.023,0,0.0042,0,0,0,0,0,0.0042,0,0,0.0293,0.0105,0,0.0105,0.0042,0.0042,0.0021,0.0042,0,0.0293,0.0669,0,0.0188,0,0,0,0,0,0.4561,0.3243,0,5550,8625,1,17,37800542,42969520,0,0.9791,2
1310,Special Education and Teaching.,137476,0,5,10.0,,0.0,,137476,St. Thomas University,,0,0,0,0,0.0084,0,0.023,0,0.0042,0,0,0,0,0,0.0042,0,0,0.0293,0.0105,0,0.0105,0.0042,0.0042,0.0021,0.0042,0,0.0293,0.0669,0,0.0188,0,0,0,0,0,0.4561,0.3243,0,5550,8625,1,17,37800542,42969520,0,0.9791,2
1312,"Teacher Education and Professional Development, Specific Levels and Methods.",137476,3,5,20.0,,1.0,,137476,St. Thomas University,,0,0,0,0,0.0084,0,0.023,0,0.0042,0,0,0,0,0,0.0042,0,0,0.0293,0.0105,0,0.0105,0.0042,0.0042,0.0021,0.0042,0,0.0293,0.0669,0,0.0188,0,0,0,0,0,0.4561,0.3243,0,5550,8625,1,17,37800542,42969520,0,0.9791,2
2201,Law.,137476,0,6,294.0,245.0,17.0,1889.0,137476,St. Thomas University,,0,0,0,0,0.0084,0,0.023,0,0.0042,0,0,0,0,0,0.0042,0,0,0.0293,0.0105,0,0.0105,0.0042,0.0042,0.0021,0.0042,0,0.0293,0.0669,0,0.0188,0,0,0,0,0,0.4561,0.3243,0,5550,8625,1,17,37800542,42969520,0,0.9791,2
2299,"Legal Professions and Studies, Other.",137476,0,4,,35.0,2.0,,137476,St. Thomas University,,0,0,0,0,0.0084,0,0.023,0,0.0042,0,0,0,0,0,0.0042,0,0,0.0293,0.0105,0,0.0105,0.0042,0.0042,0.0021,0.0042,0,0.0293,0.0669,0,0.0188,0,0,0,0,0,0.4561,0.3243,0,5550,8625,1,17,37800542,42969520,0,0.9791,2
2299,"Legal Professions and Studies, Other.",137476,1,8,46.0,29.0,1.0,1795.0,137476,St. Thomas University,,0,0,0,0,0.0084,0,0.023,0,0.0042,0,0,0,0,0,0.0042,0,0,0.0293,0.0105,0,0.0105,0.0042,0.0042,0.0021,0.0042,0,0.0293,0.0669,0,0.0188,0,0,0,0,0,0.4561,0.3243,0,5550,8625,1,17,37800542,42969520,0,0.9791,2
4301,Criminal Justice and Corrections.,137476,1,3,12.0,,2.0,265.0,137476,St. Thomas University,,0,0,0,0,0.0084,0,0.023,0,0.0042,0,0,0,0,0,0.0042,0,0,0.0293,0.0105,0,0.0105,0.0042,0.0042,0.0021,0.0042,0,0.0293,0.0669,0,0.0188,0,0,0,0,0,0.4561,0.3243,0,5550,8625,1,17,37800542,42969520,0,0.9791,2
4301,Criminal Justice and Corrections.,137476,3,5,14.0,19.0,0.0,,137476,St. Thomas University,,0,0,0,0,0.0084,0,0.023,0,0.0042,0,0,0,0,0,0.0042,0,0,0.0293,0.0105,0,0.0105,0.0042,0.0042,0.0021,0.0042,0,0.0293,0.0669,0,0.0188,0,0,0,0,0,0.4561,0.3243,0,5550,8625,1,17,37800542,42969520,0,0.9791,2
5115,Mental and Social Health Services and Allied Professions.,137476,3,5,15.0,,2.0,711.0,137476,St. Thomas University,,0,0,0,0,0.0084,0,0.023,0,0.0042,0,0,0,0,0,0.0042,0,0,0.0293,0.0105,0,0.0105,0.0042,0.0042,0.0021,0.0042,0,0.0293,0.0669,0,0.0188,0,0,0,0,0,0.4561,0.3243,0,5550,8625,1,17,37800542,42969520,0,0.9791,2
5202,"Business Administration, Management and Operations.",137476,1,3,43.0,37.0,7.0,183.0,137476,St. Thomas University,,0,0,0,0,0.0084,0,0.023,0,0.0042,0,0,0,0,0,0.0042,0,0,0.0293,0.0105,0,0.0105,0.0042,0.0042,0.0021,0.0042,0,0.0293,0.0669,0,0.0188,0,0,0,0,0,0.4561,0.3243,0,5550,8625,1,17,37800542,42969520,0,0.9791,2
5202,"Business Administration, Management and Operations.",137476,2,5,94.0,93.0,7.0,333.0,137476,St. Thomas University,,0,0,0,0,0.0084,0,0.023,0,0.0042,0,0,0,0,0,0.0042,0,0,0.0293,0.0105,0,0.0105,0.0042,0.0042,0.0021,0.0042,0,0.0293,0.0669,0,0.0188,0,0,0,0,0,0.4561,0.3243,0,5550,8625,1,17,37800542,42969520,0,0.9791,2
5203,Accounting and Related Services.,137476,1,3,,,0.0,,137476,St. Thomas University,,0,0,0,0,0.0084,0,0.023,0,0.0042,0,0,0,0,0,0.0042,0,0,0.0293,0.0105,0,0.0105,0.0042,0.0042,0.0021,0.0042,0,0.0293,0.0669,0,0.0188,0,0,0,0,0,0.4561,0.3243,0,5550,8625,1,17,37800542,42969520,0,0.9791,2
0301,Natural Resources Conservation and Research.,137546,1,3,19.0,18.0,1.0,,137546,Stetson University,,0.0016,0.0313,0,0.0066,0.0559,0,0.0411,0,0.0345,0,0,0.0099,0,0,0.0197,0,0,0.0691,0.0082,0,0,0,0.0099,0,0.0099,0,0.0938,0,0,0.1086,0,0,0,0,0.1003,0.102,0.2796,0.0181,14922,11041,0.6604,10,363648117,390513055,1,0.716,2
0901,Communication and Media Studies.,137546,1,3,41.0,32.0,1.0,286.0,137546,Stetson University,,0.0016,0.0313,0,0.0066,0.0559,0,0.0411,0,0.0345,0,0,0.0099,0,0,0.0197,0,0,0.0691,0.0082,0,0,0,0.0099,0,0.0099,0,0.0938,0,0,0.1086,0,0,0,0,0.1003,0.102,0.2796,0.0181,14922,11041,0.6604,10,363648117,390513055,1,0.716,2
1304,Educational Administration and Supervision.,137546,1,5,61.0,38.0,0.0,233.0,137546,Stetson University,,0.0016,0.0313,0,0.0066,0.0559,0,0.0411,0,0.0345,0,0,0.0099,0,0,0.0197,0,0,0.0691,0.0082,0,0,0,0.0099,0,0.0099,0,0.0938,0,0,0.1086,0,0,0,0,0.1003,0.102,0.2796,0.0181,14922,11041,0.6604,10,363648117,390513055,1,0.716,2
1313,"Teacher Education and Professional Development, Specific Subject Areas.",137546,1,3,25.0,24.0,1.0,286.0,137546,Stetson University,,0.0016,0.0313,0,0.0066,0.0559,0,0.0411,0,0.0345,0,0,0.0099,0,0,0.0197,0,0,0.0691,0.0082,0,0,0,0.0099,0,0.0099,0,0.0938,0,0,0.1086,0,0,0,0,0.1003,0.102,0.2796,0.0181,14922,11041,0.6604,10,363648117,390513055,1,0.716,2
2201,Law.,137546,0,5,,,0.0,,137546,Stetson University,,0.0016,0.0313,0,0.0066,0.0559,0,0.0411,0,0.0345,0,0,0.0099,0,0,0.0197,0,0,0.0691,0.0082,0,0,0,0.0099,0,0.0099,0,0.0938,0,0,0.1086,0,0,0,0,0.1003,0.102,0.2796,0.0181,14922,11041,0.6604,10,363648117,390513055,1,0.716,2
2201,Law.,137546,1,7,378.0,379.0,10.0,1621.0,137546,Stetson University,,0.0016,0.0313,0,0.0066,0.0559,0,0.0411,0,0.0345,0,0,0.0099,0,0,0.0197,0,0,0.0691,0.0082,0,0,0,0.0099,0,0.0099,0,0.0938,0,0,0.1086,0,0,0,0,0.1003,0.102,0.2796,0.0181,14922,11041,0.6604,10,363648117,390513055,1,0.716,2
2601,"Biology, General.",137546,1,3,26.0,26.0,1.0,285.0,137546,Stetson University,,0.0016,0.0313,0,0.0066,0.0559,0,0.0411,0,0.0345,0,0,0.0099,0,0,0.0197,0,0,0.0691,0.0082,0,0,0,0.0099,0,0.0099,0,0.0938,0,0,0.1086,0,0,0,0,0.1003,0.102,0.2796,0.0181,14922,11041,0.6604,10,363648117,390513055,1,0.716,2
3105,"Sports, Kinesiology, and Physical Education/Fitness.",137546,1,3,26.0,18.0,2.0,265.0,137546,Stetson University,,0.0016,0.0313,0,0.0066,0.0559,0,0.0411,0,0.0345,0,0,0.0099,0,0,0.0197,0,0,0.0691,0.0082,0,0,0,0.0099,0,0.0099,0,0.0938,0,0,0.1086,0,0,0,0,0.1003,0.102,0.2796,0.0181,14922,11041,0.6604,10,363648117,390513055,1,0.716,2
4510,Political Science and Government.,137546,1,3,51.0,32.0,5.0,252.0,137546,Stetson University,,0.0016,0.0313,0,0.0066,0.0559,0,0.0411,0,0.0345,0,0,0.0099,0,0,0.0197,0,0,0.0691,0.0082,0,0,0,0.0099,0,0.0099,0,0.0938,0,0,0.1086,0,0,0,0,0.1003,0.102,0.2796,0.0181,14922,11041,0.6604,10,363648117,390513055,1,0.716,2
5001,"Visual and Performing Arts, General.",137546,1,3,26.0,27.0,1.0,286.0,137546,Stetson University,,0.0016,0.0313,0,0.0066,0.0559,0,0.0411,0,0.0345,0,0,0.0099,0,0,0.0197,0,0,0.0691,0.0082,0,0,0,0.0099,0,0.0099,0,0.0938,0,0,0.1086,0,0,0,0,0.1003,0.102,0.2796,0.0181,14922,11041,0.6604,10,363648117,390513055,1,0.716,2
5009,Music.,137546,1,3,45.0,34.0,10.0,276.0,137546,Stetson University,,0.0016,0.0313,0,0.0066,0.0559,0,0.0411,0,0.0345,0,0,0.0099,0,0,0.0197,0,0,0.0691,0.0082,0,0,0,0.0099,0,0.0099,0,0.0938,0,0,0.1086,0,0,0,0,0.1003,0.102,0.2796,0.0181,14922,11041,0.6604,10,363648117,390513055,1,0.716,2
5100,"Health Services/Allied Health/Health Sciences, General.",137546,1,3,62.0,41.0,3.0,215.0,137546,Stetson University,,0.0016,0.0313,0,0.0066,0.0559,0,0.0411,0,0.0345,0,0,0.0099,0,0,0.0197,0,0,0.0691,0.0082,0,0,0,0.0099,0,0.0099,0,0.0938,0,0,0.1086,0,0,0,0,0.1003,0.102,0.2796,0.0181,14922,11041,0.6604,10,363648117,390513055,1,0.716,2
5115,Mental and Social Health Services and Allied Professions.,137546,1,5,35.0,42.0,0.0,756.0,137546,Stetson University,,0.0016,0.0313,0,0.0066,0.0559,0,0.0411,0,0.0345,0,0,0.0099,0,0,0.0197,0,0,0.0691,0.0082,0,0,0,0.0099,0,0.0099,0,0.0938,0,0,0.1086,0,0,0,0,0.1003,0.102,0.2796,0.0181,14922,11041,0.6604,10,363648117,390513055,1,0.716,2
5202,"Business Administration, Management and Operations.",137546,1,3,51.0,60.0,4.0,228.0,137546,Stetson University,,0.0016,0.0313,0,0.0066,0.0559,0,0.0411,0,0.0345,0,0,0.0099,0,0,0.0197,0,0,0.0691,0.0082,0,0,0,0.0099,0,0.0099,0,0.0938,0,0,0.1086,0,0,0,0,0.1003,0.102,0.2796,0.0181,14922,11041,0.6604,10,363648117,390513055,1,0.716,2
5202,"Business Administration, Management and Operations.",137546,2,5,29.0,37.0,1.0,466.0,137546,Stetson University,,0.0016,0.0313,0,0.0066,0.0559,0,0.0411,0,0.0345,0,0,0.0099,0,0,0.0197,0,0,0.0691,0.0082,0,0,0,0.0099,0,0.0099,0,0.0938,0,0,0.1086,0,0,0,0,0.1003,0.102,0.2796,0.0181,14922,11041,0.6604,10,363648117,390513055,1,0.716,2
5203,Accounting and Related Services.,137546,1,3,33.0,,1.0,232.0,137546,Stetson University,,0.0016,0.0313,0,0.0066,0.0559,0,0.0411,0,0.0345,0,0,0.0099,0,0,0.0197,0,0,0.0691,0.0082,0,0,0,0.0099,0,0.0099,0,0.0938,0,0,0.1086,0,0,0,0,0.1003,0.102,0.2796,0.0181,14922,11041,0.6604,10,363648117,390513055,1,0.716,2
5203,Accounting and Related Services.,137546,3,5,,21.0,0.0,,137546,Stetson University,,0.0016,0.0313,0,0.0066,0.0559,0,0.0411,0,0.0345,0,0,0.0099,0,0,0.0197,0,0,0.0691,0.0082,0,0,0,0.0099,0,0.0099,0,0.0938,0,0,0.1086,0,0,0,0,0.1003,0.102,0.2796,0.0181,14922,11041,0.6604,10,363648117,390513055,1,0.716,2
5208,Finance and Financial Management Services.,137546,1,3,61.0,69.0,3.0,265.0,137546,Stetson University,,0.0016,0.0313,0,0.0066,0.0559,0,0.0411,0,0.0345,0,0,0.0099,0,0,0.0197,0,0,0.0691,0.0082,0,0,0,0.0099,0,0.0099,0,0.0938,0,0,0.1086,0,0,0,0,0.1003,0.102,0.2796,0.0181,14922,11041,0.6604,10,363648117,390513055,1,0.716,2
5211,International Business.,137546,1,3,18.0,,1.0,,137546,Stetson University,,0.0016,0.0313,0,0.0066,0.0559,0,0.0411,0,0.0345,0,0,0.0099,0,0,0.0197,0,0,0.0691,0.0082,0,0,0,0.0099,0,0.0099,0,0.0938,0,0,0.1086,0,0,0,0,0.1003,0.102,0.2796,0.0181,14922,11041,0.6604,10,363648117,390513055,1,0.716,2
5214,Marketing.,137546,1,3,37.0,38.0,1.0,262.0,137546,Stetson University,,0.0016,0.0313,0,0.0066,0.0559,0,0.0411,0,0.0345,0,0,0.0099,0,0,0.0197,0,0,0.0691,0.0082,0,0,0,0.0099,0,0.0099,0,0.0938,0,0,0.1086,0,0,0,0,0.1003,0.102,0.2796,0.0181,14922,11041,0.6604,10,363648117,390513055,1,0.716,2
5401,History.,137546,1,3,26.0,16.0,2.0,,137546,Stetson University,,0.0016,0.0313,0,0.0066,0.0559,0,0.0411,0,0.0345,0,0,0.0099,0,0,0.0197,0,0,0.0691,0.0082,0,0,0,0.0099,0,0.0099,0,0.0938,0,0,0.1086,0,0,0,0,0.1003,0.102,0.2796,0.0181,14922,11041,0.6604,10,363648117,390513055,1,0.716,2
0901,Communication and Media Studies.,137564,1,3,29.0,29.0,2.0,207.0,137564,Southeastern University,,0,0,0,0,0.0564,0,0,0,0.0487,0,0,0,0,0.0051,0.0077,0.1016,0,0.0188,0.0026,0,0.0128,0.0521,0,0.3083,0,0,0.0863,0.0205,0.0333,0.006,0,0,0,0.0034,0.0376,0.0427,0.1563,0,3698,7041,1,19,9770732,10946366,0,0.5298,2
0907,"Radio, Television, and Digital Communication.",137564,2,3,28.0,36.0,2.0,246.0,137564,Southeastern University,,0,0,0,0,0.0564,0,0,0,0.0487,0,0,0,0,0.0051,0.0077,0.1016,0,0.0188,0.0026,0,0.0128,0.0521,0,0.3083,0,0,0.0863,0.0205,0.0333,0.006,0,0,0,0.0034,0.0376,0.0427,0.1563,0,3698,7041,1,19,9770732,10946366,0,0.5298,2
1304,Educational Administration and Supervision.,137564,1,5,25.0,23.0,0.0,381.0,137564,Southeastern University,,0,0,0,0,0.0564,0,0,0,0.0487,0,0,0,0,0.0051,0.0077,0.1016,0,0.0188,0.0026,0,0.0128,0.0521,0,0.3083,0,0,0.0863,0.0205,0.0333,0.006,0,0,0,0.0034,0.0376,0.0427,0.1563,0,3698,7041,1,19,9770732,10946366,0,0.5298,2
1304,Educational Administration and Supervision.,137564,1,6,13.0,16.0,1.0,,137564,Southeastern University,,0,0,0,0,0.0564,0,0,0,0.0487,0,0,0,0,0.0051,0.0077,0.1016,0,0.0188,0.0026,0,0.0128,0.0521,0,0.3083,0,0,0.0863,0.0205,0.0333,0.006,0,0,0,0.0034,0.0376,0.0427,0.1563,0,3698,7041,1,19,9770732,10946366,0,0.5298,2
1310,Special Education and Teaching.,137564,3,5,25.0,31.0,3.0,288.0,137564,Southeastern University,,0,0,0,0,0.0564,0,0,0,0.0487,0,0,0,0,0.0051,0.0077,0.1016,0,0.0188,0.0026,0,0.0128,0.0521,0,0.3083,0,0,0.0863,0.0205,0.0333,0.006,0,0,0,0.0034,0.0376,0.0427,0.1563,0,3698,7041,1,19,9770732,10946366,0,0.5298,2
1312,"Teacher Education and Professional Development, Specific Levels and Methods.",137564,1,3,47.0,32.0,1.0,281.0,137564,Southeastern University,,0,0,0,0,0.0564,0,0,0,0.0487,0,0,0,0,0.0051,0.0077,0.1016,0,0.0188,0.0026,0,0.0128,0.0521,0,0.3083,0,0,0.0863,0.0205,0.0333,0.006,0,0,0,0.0034,0.0376,0.0427,0.1563,0,3698,7041,1,19,9770732,10946366,0,0.5298,2
1312,"Teacher Education and Professional Development, Specific Levels and Methods.",137564,1,5,20.0,32.0,1.0,323.0,137564,Southeastern University,,0,0,0,0,0.0564,0,0,0,0.0487,0,0,0,0,0.0051,0.0077,0.1016,0,0.0188,0.0026,0,0.0128,0.0521,0,0.3083,0,0,0.0863,0.0205,0.0333,0.006,0,0,0,0.0034,0.0376,0.0427,0.1563,0,3698,7041,1,19,9770732,10946366,0,0.5298,2
1313,"Teacher Education and Professional Development, Specific Subject Areas.",137564,1,3,22.0,18.0,0.0,261.0,137564,Southeastern University,,0,0,0,0,0.0564,0,0,0,0.0487,0,0,0,0,0.0051,0.0077,0.1016,0,0.0188,0.0026,0,0.0128,0.0521,0,0.3083,0,0,0.0863,0.0205,0.0333,0.006,0,0,0,0.0034,0.0376,0.0427,0.1563,0,3698,7041,1,19,9770732,10946366,0,0.5298,2
2401,"Liberal Arts and Sciences, General Studies and Humanities.",137564,2,2,29.0,19.0,0.0,117.0,137564,Southeastern University,,0,0,0,0,0.0564,0,0,0,0.0487,0,0,0,0,0.0051,0.0077,0.1016,0,0.0188,0.0026,0,0.0128,0.0521,0,0.3083,0,0,0.0863,0.0205,0.0333,0.006,0,0,0,0.0034,0.0376,0.0427,0.1563,0,3698,7041,1,19,9770732,10946366,0,0.5298,2
3105,"Sports, Kinesiology, and Physical Education/Fitness.",137564,1,3,65.0,54.0,3.0,246.0,137564,Southeastern University,,0,0,0,0,0.0564,0,0,0,0.0487,0,0,0,0,0.0051,0.0077,0.1016,0,0.0188,0.0026,0,0.0128,0.0521,0,0.3083,0,0,0.0863,0.0205,0.0333,0.006,0,0,0,0.0034,0.0376,0.0427,0.1563,0,3698,7041,1,19,9770732,10946366,0,0.5298,2
3903,Missions/Missionary Studies and Missiology.,137564,0,2,28.0,24.0,2.0,127.0,137564,Southeastern University,,0,0,0,0,0.0564,0,0,0,0.0487,0,0,0,0,0.0051,0.0077,0.1016,0,0.0188,0.0026,0,0.0128,0.0521,0,0.3083,0,0,0.0863,0.0205,0.0333,0.006,0,0,0,0.0034,0.0376,0.0427,0.1563,0,3698,7041,1,19,9770732,10946366,0,0.5298,2
3903,Missions/Missionary Studies and Missiology.,137564,0,3,151.0,117.0,6.0,212.0,137564,Southeastern University,,0,0,0,0,0.0564,0,0,0,0.0487,0,0,0,0,0.0051,0.0077,0.1016,0,0.0188,0.0026,0,0.0128,0.0521,0,0.3083,0,0,0.0863,0.0205,0.0333,0.006,0,0,0,0.0034,0.0376,0.0427,0.1563,0,3698,7041,1,19,9770732,10946366,0,0.5298,2
3906,Theological and Ministerial Studies.,137564,2,2,52.0,74.0,0.0,127.0,137564,Southeastern University,,0,0,0,0,0.0564,0,0,0,0.0487,0,0,0,0,0.0051,0.0077,0.1016,0,0.0188,0.0026,0,0.0128,0.0521,0,0.3083,0,0,0.0863,0.0205,0.0333,0.006,0,0,0,0.0034,0.0376,0.0427,0.1563,0,3698,7041,1,19,9770732,10946366,0,0.5298,2
3906,Theological and Ministerial Studies.,137564,2,3,68.0,135.0,13.0,232.0,137564,Southeastern University,,0,0,0,0,0.0564,0,0,0,0.0487,0,0,0,0,0.0051,0.0077,0.1016,0,0.0188,0.0026,0,0.0128,0.0521,0,0.3083,0,0,0.0863,0.0205,0.0333,0.006,0,0,0,0.0034,0.0376,0.0427,0.1563,0,3698,7041,1,19,9770732,10946366,0,0.5298,2
3907,Pastoral Counseling and Specialized Ministries.,137564,1,3,23.0,17.0,2.0,265.0,137564,Southeastern University,,0,0,0,0,0.0564,0,0,0,0.0487,0,0,0,0,0.0051,0.0077,0.1016,0,0.0188,0.0026,0,0.0128,0.0521,0,0.3083,0,0,0.0863,0.0205,0.0333,0.006,0,0,0,0.0034,0.0376,0.0427,0.1563,0,3698,7041,1,19,9770732,10946366,0,0.5298,2
4201,"Psychology, General.",137564,2,3,59.0,38.0,3.0,265.0,137564,Southeastern University,,0,0,0,0,0.0564,0,0,0,0.0487,0,0,0,0,0.0051,0.0077,0.1016,0,0.0188,0.0026,0,0.0128,0.0521,0,0.3083,0,0,0.0863,0.0205,0.0333,0.006,0,0,0,0.0034,0.0376,0.0427,0.1563,0,3698,7041,1,19,9770732,10946366,0,0.5298,2
4301,Criminal Justice and Corrections.,137564,2,3,31.0,26.0,1.0,237.0,137564,Southeastern University,,0,0,0,0,0.0564,0,0,0,0.0487,0,0,0,0,0.0051,0.0077,0.1016,0,0.0188,0.0026,0,0.0128,0.0521,0,0.3083,0,0,0.0863,0.0205,0.0333,0.006,0,0,0,0.0034,0.0376,0.0427,0.1563,0,3698,7041,1,19,9770732,10946366,0,0.5298,2
4400,"Human Services, General.",137564,3,3,21.0,17.0,2.0,210.0,137564,Southeastern University,,0,0,0,0,0.0564,0,0,0,0.0487,0,0,0,0,0.0051,0.0077,0.1016,0,0.0188,0.0026,0,0.0128,0.0521,0,0.3083,0,0,0.0863,0.0205,0.0333,0.006,0,0,0,0.0034,0.0376,0.0427,0.1563,0,3698,7041,1,19,9770732,10946366,0,0.5298,2
4400,"Human Services, General.",137564,3,5,11.0,22.0,1.0,,137564,Southeastern University,,0,0,0,0,0.0564,0,0,0,0.0487,0,0,0,0,0.0051,0.0077,0.1016,0,0.0188,0.0026,0,0.0128,0.0521,0,0.3083,0,0,0.0863,0.0205,0.0333,0.006,0,0,0,0.0034,0.0376,0.0427,0.1563,0,3698,7041,1,19,9770732,10946366,0,0.5298,2
4407,Social Work.,137564,1,3,38.0,,2.0,265.0,137564,Southeastern University,,0,0,0,0,0.0564,0,0,0,0.0487,0,0,0,0,0.0051,0.0077,0.1016,0,0.0188,0.0026,0,0.0128,0.0521,0,0.3083,0,0,0.0863,0.0205,0.0333,0.006,0,0,0,0.0034,0.0376,0.0427,0.1563,0,3698,7041,1,19,9770732,10946366,0,0.5298,2
4407,Social Work.,137564,1,5,20.0,56.0,1.0,233.0,137564,Southeastern University,,0,0,0,0,0.0564,0,0,0,0.0487,0,0,0,0,0.0051,0.0077,0.1016,0,0.0188,0.0026,0,0.0128,0.0521,0,0.3083,0,0,0.0863,0.0205,0.0333,0.006,0,0,0,0.0034,0.0376,0.0427,0.1563,0,3698,7041,1,19,9770732,10946366,0,0.5298,2
5138,"Registered Nursing, Nursing Administration, Nursing Research and Clinical Nursing.",137564,2,3,49.0,47.0,0.0,278.0,137564,Southeastern University,,0,0,0,0,0.0564,0,0,0,0.0487,0,0,0,0,0.0051,0.0077,0.1016,0,0.0188,0.0026,0,0.0128,0.0521,0,0.3083,0,0,0.0863,0.0205,0.0333,0.006,0,0,0,0.0034,0.0376,0.0427,0.1563,0,3698,7041,1,19,9770732,10946366,0,0.5298,2
5202,"Business Administration, Management and Operations.",137564,2,3,128.0,149.0,6.0,237.0,137564,Southeastern University,,0,0,0,0,0.0564,0,0,0,0.0487,0,0,0,0,0.0051,0.0077,0.1016,0,0.0188,0.0026,0,0.0128,0.0521,0,0.3083,0,0,0.0863,0.0205,0.0333,0.006,0,0,0,0.0034,0.0376,0.0427,0.1563,0,3698,7041,1,19,9770732,10946366,0,0.5298,2
5202,"Business Administration, Management and Operations.",137564,2,5,41.0,87.0,4.0,344.0,137564,Southeastern University,,0,0,0,0,0.0564,0,0,0,0.0487,0,0,0,0,0.0051,0.0077,0.1016,0,0.0188,0.0026,0,0.0128,0.0521,0,0.3083,0,0,0.0863,0.0205,0.0333,0.006,0,0,0,0.0034,0.0376,0.0427,0.1563,0,3698,7041,1,19,9770732,10946366,0,0.5298,2
1204,Cosmetology and Related Personal Grooming Services.,137591,1,1,314.0,246.0,71.0,67.0,137591,Bene's Career Academy,8,0,0,0,0,0,0,0,0.9134,0,0,0,0,0,0,0,0,0,0,0,0,0,0,0,0,0,0,0,0,0,0,0,0,0,0,0,0.0866,0,0,7919,,,9,,,0,,1
5135,Somatic Bodywork and Related Therapeutic Services.,137591,1,1,36.0,28.0,9.0,67.0,137591,Bene's Career Academy,8,0,0,0,0,0,0,0,0.9134,0,0,0,0,0,0,0,0,0,0,0,0,0,0,0,0,0,0,0,0,0,0,0,0,0,0,0,0.0866,0,0,7919,,,9,,,0,,1
1312,"Teacher Education and Professional Development, Specific Levels and Methods.",137759,2,2,32.0,23.0,2.0,140.0,137759,Tallahassee State College,,0,0,0,0,0,0,0.0355,0,0.0107,0,0.0095,0,0.0358,0.0063,0,0.6588,0,0,0,0,0,0.0009,0,0,0,0,0,0.0956,0,0,0,0,0.0051,0.008,0,0.1105,0.0232,0,5224,5811,0.2995,25,15799793,18890072,1,,1
2401,"Liberal Arts and Sciences, General Studies and Humanities.",137759,2,2,969.0,343.0,53.0,78.0,137759,Tallahassee State College,,0,0,0,0,0,0,0.0355,0,0.0107,0,0.0095,0,0.0358,0.0063,0,0.6588,0,0,0,0,0,0.0009,0,0,0,0,0,0.0956,0,0,0,0,0.0051,0.008,0,0.1105,0.0232,0,5224,5811,0.2995,25,15799793,18890072,1,,1
4301,Criminal Justice and Corrections.,137759,1,1,,189.0,2.0,83.0,137759,Tallahassee State College,,0,0,0,0,0,0,0.0355,0,0.0107,0,0.0095,0,0.0358,0.0063,0,0.6588,0,0,0,0,0,0.0009,0,0,0,0,0,0.0956,0,0,0,0,0.0051,0.008,0,0.1105,0.0232,0,5224,5811,0.2995,25,15799793,18890072,1,,1
5106,Dental Support Services and Allied Professions.,137759,1,2,17.0,35.0,0.0,114.0,137759,Tallahassee State College,,0,0,0,0,0,0,0.0355,0,0.0107,0,0.0095,0,0.0358,0.0063,0,0.6588,0,0,0,0,0,0.0009,0,0,0,0,0,0.0956,0,0,0,0,0.0051,0.008,0,0.1105,0.0232,0,5224,5811,0.2995,25,15799793,18890072,1,,1
5109,"Allied Health Diagnostic, Intervention, and Treatment Professions.",137759,1,2,42.0,45.0,0.0,177.0,137759,Tallahassee State College,,0,0,0,0,0,0,0.0355,0,0.0107,0,0.0095,0,0.0358,0.0063,0,0.6588,0,0,0,0,0,0.0009,0,0,0,0,0,0.0956,0,0,0,0,0.0051,0.008,0,0.1105,0.0232,0,5224,5811,0.2995,25,15799793,18890072,1,,1
5109,"Allied Health Diagnostic, Intervention, and Treatment Professions.",137759,0,99,,,,,137759,Tallahassee State College,,0,0,0,0,0,0,0.0355,0,0.0107,0,0.0095,0,0.0358,0.0063,0,0.6588,0,0,0,0,0,0.0009,0,0,0,0,0,0.0956,0,0,0,0,0.0051,0.008,0,0.1105,0.0232,0,5224,5811,0.2995,25,15799793,18890072,1,,1
5138,"Registered Nursing, Nursing Administration, Nursing Research and Clinical Nursing.",137759,1,2,31.0,22.0,0.0,103.0,137759,Tallahassee State College,,0,0,0,0,0,0,0.0355,0,0.0107,0,0.0095,0,0.0358,0.0063,0,0.6588,0,0,0,0,0,0.0009,0,0,0,0,0,0.0956,0,0,0,0,0.0051,0.008,0,0.1105,0.0232,0,5224,5811,0.2995,25,15799793,18890072,1,,1
0901,Communication and Media Studies.,137847,1,3,82.0,94.0,3.0,246.0,137847,The University of Tampa,,0,0.0118,0,0,0.094,0.0005,0.0323,0,0.0241,0,0,0.0014,0,0,0.0082,0.0032,0,0.0841,0.0041,0,0.0041,0.0373,0.0014,0,0.0059,0,0.0541,0.0055,0,0.095,0,0,0,0,0.0527,0.1249,0.3489,0.0068,8718,10846,1,17,62287141,77125061,0,0.4034,2
0909,"Public Relations, Advertising, and Applied Communication.",137847,1,3,95.0,82.0,3.0,248.0,137847,The University of Tampa,,0,0.0118,0,0,0.094,0.0005,0.0323,0,0.0241,0,0,0.0014,0,0,0.0082,0.0032,0,0.0841,0.0041,0,0.0041,0.0373,0.0014,0,0.0059,0,0.0541,0.0055,0,0.095,0,0,0,0,0.0527,0.1249,0.3489,0.0068,8718,10846,1,17,62287141,77125061,0,0.4034,2
1110,Computer/Information Technology Administration and Management.,137847,1,3,32.0,41.0,4.0,265.0,137847,The University of Tampa,,0,0.0118,0,0,0.094,0.0005,0.0323,0,0.0241,0,0,0.0014,0,0,0.0082,0.0032,0,0.0841,0.0041,0,0.0041,0.0373,0.0014,0,0.0059,0,0.0541,0.0055,0,0.095,0,0,0,0,0.0527,0.1249,0.3489,0.0068,8718,10846,1,17,62287141,77125061,0,0.4034,2
1303,Curriculum and Instruction.,137847,1,5,,,0.0,,137847,The University of Tampa,,0,0.0118,0,0,0.094,0.0005,0.0323,0,0.0241,0,0,0.0014,0,0,0.0082,0.0032,0,0.0841,0.0041,0,0.0041,0.0373,0.0014,0,0.0059,0,0.0541,0.0055,0,0.095,0,0,0,0,0.0527,0.1249,0.3489,0.0068,8718,10846,1,17,62287141,77125061,0,0.4034,2
1304,Educational Administration and Supervision.,137847,1,5,17.0,21.0,0.0,222.0,137847,The University of Tampa,,0,0.0118,0,0,0.094,0.0005,0.0323,0,0.0241,0,0,0.0014,0,0,0.0082,0.0032,0,0.0841,0.0041,0,0.0041,0.0373,0.0014,0,0.0059,0,0.0541,0.0055,0,0.095,0,0,0,0,0.0527,0.1249,0.3489,0.0068,8718,10846,1,17,62287141,77125061,0,0.4034,2
1312,"Teacher Education and Professional Development, Specific Levels and Methods.",137847,1,3,40.0,34.0,1.0,257.0,137847,The University of Tampa,,0,0.0118,0,0,0.094,0.0005,0.0323,0,0.0241,0,0,0.0014,0,0,0.0082,0.0032,0,0.0841,0.0041,0,0.0041,0.0373,0.0014,0,0.0059,0,0.0541,0.0055,0,0.095,0,0,0,0,0.0527,0.1249,0.3489,0.0068,8718,10846,1,17,62287141,77125061,0,0.4034,2
2313,Rhetoric and Composition/Writing Studies.,137847,0,5,22.0,,2.0,,137847,The University of Tampa,,0,0.0118,0,0,0.094,0.0005,0.0323,0,0.0241,0,0,0.0014,0,0,0.0082,0.0032,0,0.0841,0.0041,0,0.0041,0.0373,0.0014,0,0.0059,0,0.0541,0.0055,0,0.095,0,0,0,0,0.0527,0.1249,0.3489,0.0068,8718,10846,1,17,62287141,77125061,0,0.4034,2
2601,"Biology, General.",137847,1,3,81.0,68.0,7.0,265.0,137847,The University of Tampa,,0,0.0118,0,0,0.094,0.0005,0.0323,0,0.0241,0,0,0.0014,0,0,0.0082,0.0032,0,0.0841,0.0041,0,0.0041,0.0373,0.0014,0,0.0059,0,0.0541,0.0055,0,0.095,0,0,0,0,0.0527,0.1249,0.3489,0.0068,8718,10846,1,17,62287141,77125061,0,0.4034,2
2613,"Ecology, Evolution, Systematics, and Population Biology.",137847,1,3,51.0,57.0,2.0,280.0,137847,The University of Tampa,,0,0.0118,0,0,0.094,0.0005,0.0323,0,0.0241,0,0,0.0014,0,0,0.0082,0.0032,0,0.0841,0.0041,0,0.0041,0.0373,0.0014,0,0.0059,0,0.0541,0.0055,0,0.095,0,0,0,0,0.0527,0.1249,0.3489,0.0068,8718,10846,1,17,62287141,77125061,0,0.4034,2
3105,"Sports, Kinesiology, and Physical Education/Fitness.",137847,1,3,129.0,126.0,8.0,261.0,137847,The University of Tampa,,0,0.0118,0,0,0.094,0.0005,0.0323,0,0.0241,0,0,0.0014,0,0,0.0082,0.0032,0,0.0841,0.0041,0,0.0041,0.0373,0.0014,0,0.0059,0,0.0541,0.0055,0,0.095,0,0,0,0,0.0527,0.1249,0.3489,0.0068,8718,10846,1,17,62287141,77125061,0,0.4034,2
4201,"Psychology, General.",137847,1,3,80.0,73.0,7.0,246.0,137847,The University of Tampa,,0,0.0118,0,0,0.094,0.0005,0.0323,0,0.0241,0,0,0.0014,0,0,0.0082,0.0032,0,0.0841,0.0041,0,0.0041,0.0373,0.0014,0,0.0059,0,0.0541,0.0055,0,0.095,0,0,0,0,0.0527,0.1249,0.3489,0.0068,8718,10846,1,17,62287141,77125061,0,0.4034,2
4504,Criminology.,137847,1,3,117.0,96.0,7.0,246.0,137847,The University of Tampa,,0,0.0118,0,0,0.094,0.0005,0.0323,0,0.0241,0,0,0.0014,0,0,0.0082,0.0032,0,0.0841,0.0041,0,0.0041,0.0373,0.0014,0,0.0059,0,0.0541,0.0055,0,0.095,0,0,0,0,0.0527,0.1249,0.3489,0.0068,8718,10846,1,17,62287141,77125061,0,0.4034,2
4510,Political Science and Government.,137847,1,3,39.0,33.0,3.0,254.0,137847,The University of Tampa,,0,0.0118,0,0,0.094,0.0005,0.0323,0,0.0241,0,0,0.0014,0,0,0.0082,0.0032,0,0.0841,0.0041,0,0.0041,0.0373,0.0014,0,0.0059,0,0.0541,0.0055,0,0.095,0,0,0,0,0.0527,0.1249,0.3489,0.0068,8718,10846,1,17,62287141,77125061,0,0.4034,2
4511,Sociology.,137847,1,3,34.0,21.0,4.0,223.0,137847,The University of Tampa,,0,0.0118,0,0,0.094,0.0005,0.0323,0,0.0241,0,0,0.0014,0,0,0.0082,0.0032,0,0.0841,0.0041,0,0.0041,0.0373,0.0014,0,0.0059,0,0.0541,0.0055,0,0.095,0,0,0,0,0.0527,0.1249,0.3489,0.0068,8718,10846,1,17,62287141,77125061,0,0.4034,2
5005,Drama/Theatre Arts and Stagecraft.,137847,1,3,17.0,16.0,3.0,265.0,137847,The University of Tampa,,0,0.0118,0,0,0.094,0.0005,0.0323,0,0.0241,0,0,0.0014,0,0,0.0082,0.0032,0,0.0841,0.0041,0,0.0041,0.0373,0.0014,0,0.0059,0,0.0541,0.0055,0,0.095,0,0,0,0,0.0527,0.1249,0.3489,0.0068,8718,10846,1,17,62287141,77125061,0,0.4034,2
5006,Film/Video and Photographic Arts.,137847,1,3,31.0,32.0,6.0,217.0,137847,The University of Tampa,,0,0.0118,0,0,0.094,0.0005,0.0323,0,0.0241,0,0,0.0014,0,0,0.0082,0.0032,0,0.0841,0.0041,0,0.0041,0.0373,0.0014,0,0.0059,0,0.0541,0.0055,0,0.095,0,0,0,0,0.0527,0.1249,0.3489,0.0068,8718,10846,1,17,62287141,77125061,0,0.4034,2
5100,"Health Services/Allied Health/Health Sciences, General.",137847,1,3,64.0,49.0,2.0,286.0,137847,The University of Tampa,,0,0.0118,0,0,0.094,0.0005,0.0323,0,0.0241,0,0,0.0014,0,0,0.0082,0.0032,0,0.0841,0.0041,0,0.0041,0.0373,0.0014,0,0.0059,0,0.0541,0.0055,0,0.095,0,0,0,0,0.0527,0.1249,0.3489,0.0068,8718,10846,1,17,62287141,77125061,0,0.4034,2
5100,"Health Services/Allied Health/Health Sciences, General.",137847,0,5,38.0,32.0,1.0,233.0,137847,The University of Tampa,,0,0.0118,0,0,0.094,0.0005,0.0323,0,0.0241,0,0,0.0014,0,0,0.0082,0.0032,0,0.0841,0.0041,0,0.0041,0.0373,0.0014,0,0.0059,0,0.0541,0.0055,0,0.095,0,0,0,0,0.0527,0.1249,0.3489,0.0068,8718,10846,1,17,62287141,77125061,0,0.4034,2
5122,Public Health.,137847,1,3,37.0,28.0,0.0,239.0,137847,The University of Tampa,,0,0.0118,0,0,0.094,0.0005,0.0323,0,0.0241,0,0,0.0014,0,0,0.0082,0.0032,0,0.0841,0.0041,0,0.0041,0.0373,0.0014,0,0.0059,0,0.0541,0.0055,0,0.095,0,0,0,0,0.0527,0.1249,0.3489,0.0068,8718,10846,1,17,62287141,77125061,0,0.4034,2
5138,"Registered Nursing, Nursing Administration, Nursing Research and Clinical Nursing.",137847,1,3,63.0,65.0,1.0,286.0,137847,The University of Tampa,,0,0.0118,0,0,0.094,0.0005,0.0323,0,0.0241,0,0,0.0014,0,0,0.0082,0.0032,0,0.0841,0.0041,0,0.0041,0.0373,0.0014,0,0.0059,0,0.0541,0.0055,0,0.095,0,0,0,0,0.0527,0.1249,0.3489,0.0068,8718,10846,1,17,62287141,77125061,0,0.4034,2
5138,"Registered Nursing, Nursing Administration, Nursing Research and Clinical Nursing.",137847,1,5,69.0,96.0,1.0,449.0,137847,The University of Tampa,,0,0.0118,0,0,0.094,0.0005,0.0323,0,0.0241,0,0,0.0014,0,0,0.0082,0.0032,0,0.0841,0.0041,0,0.0041,0.0373,0.0014,0,0.0059,0,0.0541,0.0055,0,0.095,0,0,0,0,0.0527,0.1249,0.3489,0.0068,8718,10846,1,17,62287141,77125061,0,0.4034,2
5202,"Business Administration, Management and Operations.",137847,1,3,97.0,95.0,5.0,231.0,137847,The University of Tampa,,0,0.0118,0,0,0.094,0.0005,0.0323,0,0.0241,0,0,0.0014,0,0,0.0082,0.0032,0,0.0841,0.0041,0,0.0041,0.0373,0.0014,0,0.0059,0,0.0541,0.0055,0,0.095,0,0,0,0,0.0527,0.1249,0.3489,0.0068,8718,10846,1,17,62287141,77125061,0,0.4034,2
5202,"Business Administration, Management and Operations.",137847,1,5,46.0,64.0,2.0,412.0,137847,The University of Tampa,,0,0.0118,0,0,0.094,0.0005,0.0323,0,0.0241,0,0,0.0014,0,0,0.0082,0.0032,0,0.0841,0.0041,0,0.0041,0.0373,0.0014,0,0.0059,0,0.0541,0.0055,0,0.095,0,0,0,0,0.0527,0.1249,0.3489,0.0068,8718,10846,1,17,62287141,77125061,0,0.4034,2
5203,Accounting and Related Services.,137847,1,3,61.0,29.0,4.0,257.0,137847,The University of Tampa,,0,0.0118,0,0,0.094,0.0005,0.0323,0,0.0241,0,0,0.0014,0,0,0.0082,0.0032,0,0.0841,0.0041,0,0.0041,0.0373,0.0014,0,0.0059,0,0.0541,0.0055,0,0.095,0,0,0,0,0.0527,0.1249,0.3489,0.0068,8718,10846,1,17,62287141,77125061,0,0.4034,2
5203,Accounting and Related Services.,137847,1,5,33.0,33.0,0.0,233.0,137847,The University of Tampa,,0,0.0118,0,0,0.094,0.0005,0.0323,0,0.0241,0,0,0.0014,0,0,0.0082,0.0032,0,0.0841,0.0041,0,0.0041,0.0373,0.0014,0,0.0059,0,0.0541,0.0055,0,0.095,0,0,0,0,0.0527,0.1249,0.3489,0.0068,8718,10846,1,17,62287141,77125061,0,0.4034,2
5207,Entrepreneurial and Small Business Operations.,137847,1,3,29.0,42.0,3.0,270.0,137847,The University of Tampa,,0,0.0118,0,0,0.094,0.0005,0.0323,0,0.0241,0,0,0.0014,0,0,0.0082,0.0032,0,0.0841,0.0041,0,0.0041,0.0373,0.0014,0,0.0059,0,0.0541,0.0055,0,0.095,0,0,0,0,0.0527,0.1249,0.3489,0.0068,8718,10846,1,17,62287141,77125061,0,0.4034,2
5207,Entrepreneurial and Small Business Operations.,137847,1,5,16.0,22.0,3.0,,137847,The University of Tampa,,0,0.0118,0,0,0.094,0.0005,0.0323,0,0.0241,0,0,0.0014,0,0,0.0082,0.0032,0,0.0841,0.0041,0,0.0041,0.0373,0.0014,0,0.0059,0,0.0541,0.0055,0,0.095,0,0,0,0,0.0527,0.1249,0.3489,0.0068,8718,10846,1,17,62287141,77125061,0,0.4034,2
5208,Finance and Financial Management Services.,137847,1,3,110.0,122.0,2.0,268.0,137847,The University of Tampa,,0,0.0118,0,0,0.094,0.0005,0.0323,0,0.0241,0,0,0.0014,0,0,0.0082,0.0032,0,0.0841,0.0041,0,0.0041,0.0373,0.0014,0,0.0059,0,0.0541,0.0055,0,0.095,0,0,0,0,0.0527,0.1249,0.3489,0.0068,8718,10846,1,17,62287141,77125061,0,0.4034,2
5208,Finance and Financial Management Services.,137847,0,5,19.0,16.0,3.0,,137847,The University of Tampa,,0,0.0118,0,0,0.094,0.0005,0.0323,0,0.0241,0,0,0.0014,0,0,0.0082,0.0032,0,0.0841,0.0041,0,0.0041,0.0373,0.0014,0,0.0059,0,0.0541,0.0055,0,0.095,0,0,0,0,0.0527,0.1249,0.3489,0.0068,8718,10846,1,17,62287141,77125061,0,0.4034,2
5211,International Business.,137847,1,3,49.0,53.0,3.0,261.0,137847,The University of Tampa,,0,0.0118,0,0,0.094,0.0005,0.0323,0,0.0241,0,0,0.0014,0,0,0.0082,0.0032,0,0.0841,0.0041,0,0.0041,0.0373,0.0014,0,0.0059,0,0.0541,0.0055,0,0.095,0,0,0,0,0.0527,0.1249,0.3489,0.0068,8718,10846,1,17,62287141,77125061,0,0.4034,2
5214,Marketing.,137847,1,3,107.0,107.0,8.0,247.0,137847,The University of Tampa,,0,0.0118,0,0,0.094,0.0005,0.0323,0,0.0241,0,0,0.0014,0,0,0.0082,0.0032,0,0.0841,0.0041,0,0.0041,0.0373,0.0014,0,0.0059,0,0.0541,0.0055,0,0.095,0,0,0,0,0.0527,0.1249,0.3489,0.0068,8718,10846,1,17,62287141,77125061,0,0.4034,2
5401,History.,137847,1,3,20.0,17.0,2.0,203.0,137847,The University of Tampa,,0,0.0118,0,0,0.094,0.0005,0.0323,0,0.0241,0,0,0.0014,0,0,0.0082,0.0032,0,0.0841,0.0041,0,0.0041,0.0373,0.0014,0,0.0059,0,0.0541,0.0055,0,0.095,0,0,0,0,0.0527,0.1249,0.3489,0.0068,8718,10846,1,17,62287141,77125061,0,0.4034,2
5139,"Practical Nursing, Vocational Nursing and Nursing Assistants.",137856,1,1,,,,,137856,Big Bend Technical College,13,0,0,0,0,0,0,0,0,0,0,0.2019,0,0,0,0,0,0,0,0,0,0,0,0,0,0,0,0,0,0,0,0,0.1923,0.25,0,0,0.3558,0,0,10353,,,15,,,1,,1
1204,Cosmetology and Related Personal Grooming Services.,137865,1,1,,40.0,4.0,,137865,Tom P. Haney Technical College,19,0,0,0,0,0,0,0.094,0.1203,0,0,0.1353,0,0,0,0,0,0,0,0,0,0,0,0,0,0,0,0,0,0,0,0.0602,0.218,0.1353,0,0,0.2368,0,0,4899,,,16,,,1,,1
4706,Vehicle Maintenance and Repair Technologies/Technicians.,137865,1,1,,19.0,0.0,,137865,Tom P. Haney Technical College,19,0,0,0,0,0,0,0.094,0.1203,0,0,0.1353,0,0,0,0,0,0,0,0,0,0,0,0,0,0,0,0,0,0,0,0.0602,0.218,0.1353,0,0,0.2368,0,0,4899,,,16,,,1,,1
4805,Precision Metal Working.,137865,1,1,,22.0,1.0,,137865,Tom P. Haney Technical College,19,0,0,0,0,0,0,0.094,0.1203,0,0,0.1353,0,0,0,0,0,0,0,0,0,0,0,0,0,0,0,0,0,0,0,0.0602,0.218,0.1353,0,0,0.2368,0,0,4899,,,16,,,1,,1
5107,Health and Medical Administrative Services.,137865,1,1,,18.0,0.0,,137865,Tom P. Haney Technical College,19,0,0,0,0,0,0,0.094,0.1203,0,0,0.1353,0,0,0,0,0,0,0,0,0,0,0,0,0,0,0,0,0,0,0,0.0602,0.218,0.1353,0,0,0.2368,0,0,4899,,,16,,,1,,1
5139,"Practical Nursing, Vocational Nursing and Nursing Assistants.",137865,1,1,,31.0,3.0,,137865,Tom P. Haney Technical College,19,0,0,0,0,0,0,0.094,0.1203,0,0,0.1353,0,0,0,0,0,0,0,0,0,0,0,0,0,0,0,0,0,0,0,0.0602,0.218,0.1353,0,0,0.2368,0,0,4899,,,16,,,1,,1
3000,"Multi-/Interdisciplinary Studies, General.",137953,0,3,26.0,23.0,1.0,154.0,137953,Trinity Baptist College,,0,0,0,0,0,0,0,0,0.1067,0,0,0,0,0,0,0.0133,0,0,0,0,0.24,0,0,0.44,0,0,0,0.0533,0,0,0,0,0,0,0,0,0.1467,0,2321,5460,0.2059,11,102078,113952,0,0.5328,2
3907,Pastoral Counseling and Specialized Ministries.,137953,0,3,17.0,,1.0,,137953,Trinity Baptist College,,0,0,0,0,0,0,0,0,0.1067,0,0,0,0,0,0,0.0133,0,0,0,0,0.24,0,0,0.44,0,0,0,0.0533,0,0,0,0,0,0,0,0,0.1467,0,2321,5460,0.2059,11,102078,113952,0,0.5328,2
1101,"Computer and Information Sciences, General.",138187,1,2,32.0,46.0,4.0,165.0,138187,Valencia College,,0.0058,0,0,0,0.0025,0.0112,0.0958,0.0247,0.0026,0,0.0259,0,0,0.0023,0,0.3788,0,0,0,0,0,0,0,0,0,0.0033,0,0.0325,0,0,0,0,0,0,0.0103,0.058,0.3461,0,4131,7578,0.288,27,83702462,92637713,1,,1
1102,Computer Programming.,138187,1,2,27.0,22.0,2.0,134.0,138187,Valencia College,,0.0058,0,0,0,0.0025,0.0112,0.0958,0.0247,0.0026,0,0.0259,0,0,0.0023,0,0.3788,0,0,0,0,0,0,0,0,0,0.0033,0,0.0325,0,0,0,0,0,0,0.0103,0.058,0.3461,0,4131,7578,0.288,27,83702462,92637713,1,,1
1108,Computer Software and Media Applications.,138187,1,2,,44.0,4.0,162.0,138187,Valencia College,,0.0058,0,0,0,0.0025,0.0112,0.0958,0.0247,0.0026,0,0.0259,0,0,0.0023,0,0.3788,0,0,0,0,0,0,0,0,0,0.0033,0,0.0325,0,0,0,0,0,0,0.0103,0.058,0.3461,0,4131,7578,0.288,27,83702462,92637713,1,,1
1110,Computer/Information Technology Administration and Management.,138187,1,2,17.0,16.0,2.0,151.0,138187,Valencia College,,0.0058,0,0,0,0.0025,0.0112,0.0958,0.0247,0.0026,0,0.0259,0,0,0.0023,0,0.3788,0,0,0,0,0,0,0,0,0,0.0033,0,0.0325,0,0,0,0,0,0,0.0103,0.058,0.3461,0,4131,7578,0.288,27,83702462,92637713,1,,1
1205,Culinary Arts and Related Services.,138187,1,2,30.0,52.0,3.0,121.0,138187,Valencia College,,0.0058,0,0,0,0.0025,0.0112,0.0958,0.0247,0.0026,0,0.0259,0,0,0.0023,0,0.3788,0,0,0,0,0,0,0,0,0,0.0033,0,0.0325,0,0,0,0,0,0,0.0103,0.058,0.3461,0,4131,7578,0.288,27,83702462,92637713,1,,1
1503,Electrical/Electronic Engineering Technologies/Technicians.,138187,1,2,,19.0,1.0,,138187,Valencia College,,0.0058,0,0,0,0.0025,0.0112,0.0958,0.0247,0.0026,0,0.0259,0,0,0.0023,0,0.3788,0,0,0,0,0,0,0,0,0,0.0033,0,0.0325,0,0,0,0,0,0,0.0103,0.058,0.3461,0,4131,7578,0.288,27,83702462,92637713,1,,1
1503,Electrical/Electronic Engineering Technologies/Technicians.,138187,1,3,12.0,31.0,2.0,,138187,Valencia College,,0.0058,0,0,0,0.0025,0.0112,0.0958,0.0247,0.0026,0,0.0259,0,0,0.0023,0,0.3788,0,0,0,0,0,0,0,0,0,0.0033,0,0.0325,0,0,0,0,0,0,0.0103,0.058,0.3461,0,4131,7578,0.288,27,83702462,92637713,1,,1
1513,Drafting/Design Engineering Technologies/Technicians.,138187,1,2,,16.0,1.0,,138187,Valencia College,,0.0058,0,0,0,0.0025,0.0112,0.0958,0.0247,0.0026,0,0.0259,0,0,0.0023,0,0.3788,0,0,0,0,0,0,0,0,0,0.0033,0,0.0325,0,0,0,0,0,0,0.0103,0.058,0.3461,0,4131,7578,0.288,27,83702462,92637713,1,,1
2203,Legal Support Services.,138187,1,2,21.0,27.0,2.0,144.0,138187,Valencia College,,0.0058,0,0,0,0.0025,0.0112,0.0958,0.0247,0.0026,0,0.0259,0,0,0.0023,0,0.3788,0,0,0,0,0,0,0,0,0,0.0033,0,0.0325,0,0,0,0,0,0,0.0103,0.058,0.3461,0,4131,7578,0.288,27,83702462,92637713,1,,1
2401,"Liberal Arts and Sciences, General Studies and Humanities.",138187,1,2,2175.0,1446.0,162.0,87.0,138187,Valencia College,,0.0058,0,0,0,0.0025,0.0112,0.0958,0.0247,0.0026,0,0.0259,0,0,0.0023,0,0.3788,0,0,0,0,0,0,0,0,0,0.0033,0,0.0325,0,0,0,0,0,0,0.0103,0.058,0.3461,0,4131,7578,0.288,27,83702462,92637713,1,,1
4301,Criminal Justice and Corrections.,138187,1,2,41.0,39.0,2.0,133.0,138187,Valencia College,,0.0058,0,0,0,0.0025,0.0112,0.0958,0.0247,0.0026,0,0.0259,0,0,0.0023,0,0.3788,0,0,0,0,0,0,0,0,0,0.0033,0,0.0325,0,0,0,0,0,0,0.0103,0.058,0.3461,0,4131,7578,0.288,27,83702462,92637713,1,,1
4302,Fire Protection.,138187,1,2,11.0,26.0,3.0,,138187,Valencia College,,0.0058,0,0,0,0.0025,0.0112,0.0958,0.0247,0.0026,0,0.0259,0,0,0.0023,0,0.3788,0,0,0,0,0,0,0,0,0,0.0033,0,0.0325,0,0,0,0,0,0,0.0103,0.058,0.3461,0,4131,7578,0.288,27,83702462,92637713,1,,1
5006,Film/Video and Photographic Arts.,138187,1,2,31.0,48.0,3.0,147.0,138187,Valencia College,,0.0058,0,0,0,0.0025,0.0112,0.0958,0.0247,0.0026,0,0.0259,0,0,0.0023,0,0.3788,0,0,0,0,0,0,0,0,0,0.0033,0,0.0325,0,0,0,0,0,0,0.0103,0.058,0.3461,0,4131,7578,0.288,27,83702462,92637713,1,,1
5009,Music.,138187,1,2,12.0,22.0,3.0,102.0,138187,Valencia College,,0.0058,0,0,0,0.0025,0.0112,0.0958,0.0247,0.0026,0,0.0259,0,0,0.0023,0,0.3788,0,0,0,0,0,0,0,0,0,0.0033,0,0.0325,0,0,0,0,0,0,0.0103,0.058,0.3461,0,4131,7578,0.288,27,83702462,92637713,1,,1
5106,Dental Support Services and Allied Professions.,138187,1,2,13.0,26.0,1.0,,138187,Valencia College,,0.0058,0,0,0,0.0025,0.0112,0.0958,0.0247,0.0026,0,0.0259,0,0,0.0023,0,0.3788,0,0,0,0,0,0,0,0,0,0.0033,0,0.0325,0,0,0,0,0,0,0.0103,0.058,0.3461,0,4131,7578,0.288,27,83702462,92637713,1,,1
5109,"Allied Health Diagnostic, Intervention, and Treatment Professions.",138187,1,2,56.0,72.0,1.0,130.0,138187,Valencia College,,0.0058,0,0,0,0.0025,0.0112,0.0958,0.0247,0.0026,0,0.0259,0,0,0.0023,0,0.3788,0,0,0,0,0,0,0,0,0,0.0033,0,0.0325,0,0,0,0,0,0,0.0103,0.058,0.3461,0,4131,7578,0.288,27,83702462,92637713,1,,1
5109,"Allied Health Diagnostic, Intervention, and Treatment Professions.",138187,1,3,25.0,55.0,0.0,114.0,138187,Valencia College,,0.0058,0,0,0,0.0025,0.0112,0.0958,0.0247,0.0026,0,0.0259,0,0,0.0023,0,0.3788,0,0,0,0,0,0,0,0,0,0.0033,0,0.0325,0,0,0,0,0,0,0.0103,0.058,0.3461,0,4131,7578,0.288,27,83702462,92637713,1,,1
5138,"Registered Nursing, Nursing Administration, Nursing Research and Clinical Nursing.",138187,1,2,200.0,146.0,5.0,127.0,138187,Valencia College,,0.0058,0,0,0,0.0025,0.0112,0.0958,0.0247,0.0026,0,0.0259,0,0,0.0023,0,0.3788,0,0,0,0,0,0,0,0,0,0.0033,0,0.0325,0,0,0,0,0,0,0.0103,0.058,0.3461,0,4131,7578,0.288,27,83702462,92637713,1,,1
5139,"Practical Nursing, Vocational Nursing and Nursing Assistants.",138187,0,99,,,,,138187,Valencia College,,0.0058,0,0,0,0.0025,0.0112,0.0958,0.0247,0.0026,0,0.0259,0,0,0.0023,0,0.3788,0,0,0,0,0,0,0,0,0,0.0033,0,0.0325,0,0,0,0,0,0,0.0103,0.058,0.3461,0,4131,7578,0.288,27,83702462,92637713,1,,1
5202,"Business Administration, Management and Operations.",138187,1,2,121.0,136.0,13.0,156.0,138187,Valencia College,,0.0058,0,0,0,0.0025,0.0112,0.0958,0.0247,0.0026,0,0.0259,0,0,0.0023,0,0.3788,0,0,0,0,0,0,0,0,0,0.0033,0,0.0325,0,0,0,0,0,0,0.0103,0.058,0.3461,0,4131,7578,0.288,27,83702462,92637713,1,,1
5203,Accounting and Related Services.,138187,1,2,,23.0,2.0,,138187,Valencia College,,0.0058,0,0,0,0.0025,0.0112,0.0958,0.0247,0.0026,0,0.0259,0,0,0.0023,0,0.3788,0,0,0,0,0,0,0,0,0,0.0033,0,0.0325,0,0,0,0,0,0,0.0103,0.058,0.3461,0,4131,7578,0.288,27,83702462,92637713,1,,1
5209,Hospitality Administration/Management.,138187,1,2,26.0,35.0,3.0,118.0,138187,Valencia College,,0.0058,0,0,0,0.0025,0.0112,0.0958,0.0247,0.0026,0,0.0259,0,0,0.0023,0,0.3788,0,0,0,0,0,0,0,0,0,0.0033,0,0.0325,0,0,0,0,0,0,0.0103,0.058,0.3461,0,4131,7578,0.288,27,83702462,92637713,1,,1
0100,"Agriculture, General.",138275,1,3,19.0,20.0,2.0,186.0,138275,Warner University,,0.0659,0,0,0,0.024,0,0,0,0.1018,0,0,0,0,0,0.006,0.1677,0,0.018,0,0,0,0.1557,0,0.0299,0,0,0.0479,0.0419,0.0359,0,0,0,0,0,0,0,0.2994,0.006,5418,5033,0.3364,13,6803290,3585301,0,0.4281,2
1312,"Teacher Education and Professional Development, Specific Levels and Methods.",138275,2,3,66.0,55.0,3.0,210.0,138275,Warner University,,0.0659,0,0,0,0.024,0,0,0,0.1018,0,0,0,0,0,0.006,0.1677,0,0.018,0,0,0,0.1557,0,0.0299,0,0,0.0479,0.0419,0.0359,0,0,0,0,0,0,0,0.2994,0.006,5418,5033,0.3364,13,6803290,3585301,0,0.4281,2
2401,"Liberal Arts and Sciences, General Studies and Humanities.",138275,2,2,21.0,,1.0,248.0,138275,Warner University,,0.0659,0,0,0,0.024,0,0,0,0.1018,0,0,0,0,0,0.006,0.1677,0,0.018,0,0,0,0.1557,0,0.0299,0,0,0.0479,0.0419,0.0359,0,0,0,0,0,0,0,0.2994,0.006,5418,5033,0.3364,13,6803290,3585301,0,0.4281,2
2401,"Liberal Arts and Sciences, General Studies and Humanities.",138275,2,3,22.0,,0.0,208.0,138275,Warner University,,0.0659,0,0,0,0.024,0,0,0,0.1018,0,0,0,0,0,0.006,0.1677,0,0.018,0,0,0,0.1557,0,0.0299,0,0,0.0479,0.0419,0.0359,0,0,0,0,0,0,0,0.2994,0.006,5418,5033,0.3364,13,6803290,3585301,0,0.4281,2
3105,"Sports, Kinesiology, and Physical Education/Fitness.",138275,1,3,45.0,22.0,2.0,270.0,138275,Warner University,,0.0659,0,0,0,0.024,0,0,0,0.1018,0,0,0,0,0,0.006,0.1677,0,0.018,0,0,0,0.1557,0,0.0299,0,0,0.0479,0.0419,0.0359,0,0,0,0,0,0,0,0.2994,0.006,5418,5033,0.3364,13,6803290,3585301,0,0.4281,2
5202,"Business Administration, Management and Operations.",138275,1,3,90.0,50.0,4.0,281.0,138275,Warner University,,0.0659,0,0,0,0.024,0,0,0,0.1018,0,0,0,0,0,0.006,0.1677,0,0.018,0,0,0,0.1557,0,0.0299,0,0,0.0479,0.0419,0.0359,0,0,0,0,0,0,0,0.2994,0.006,5418,5033,0.3364,13,6803290,3585301,0,0.4281,2
5202,"Business Administration, Management and Operations.",138275,3,5,62.0,59.0,4.0,583.0,138275,Warner University,,0.0659,0,0,0,0.024,0,0,0,0.1018,0,0,0,0,0,0.006,0.1677,0,0.018,0,0,0,0.1557,0,0.0299,0,0,0.0479,0.0419,0.0359,0,0,0,0,0,0,0,0.2994,0.006,5418,5033,0.3364,13,6803290,3585301,0,0.4281,2
4301,Criminal Justice and Corrections.,138284,1,1,,17.0,1.0,,138284,Florida Panhandle Technical College,29,0,0,0,0,0.0087,0.0087,0.0609,0.0913,0,0,0.0304,0,0,0,0,0,0,0,0,0,0,0,0,0,0,0,0,0.3913,0,0,0.0304,0.0217,0.0435,0.0826,0.0043,0.2261,0,0,9880,,,10,,,1,,1
5107,Health and Medical Administrative Services.,138284,1,1,,,4.0,,138284,Florida Panhandle Technical College,29,0,0,0,0,0.0087,0.0087,0.0609,0.0913,0,0,0.0304,0,0,0,0,0,0,0,0,0,0,0,0,0,0,0,0,0.3913,0,0,0.0304,0.0217,0.0435,0.0826,0.0043,0.2261,0,0,9880,,,10,,,1,,1
5110,Clinical/Medical Laboratory Science/Research and Allied Professions.,138284,1,1,,,0.0,,138284,Florida Panhandle Technical College,29,0,0,0,0,0.0087,0.0087,0.0609,0.0913,0,0,0.0304,0,0,0,0,0,0,0,0,0,0,0,0,0,0,0,0,0.3913,0,0,0.0304,0.0217,0.0435,0.0826,0.0043,0.2261,0,0,9880,,,10,,,1,,1
5139,"Practical Nursing, Vocational Nursing and Nursing Assistants.",138284,1,1,,52.0,1.0,,138284,Florida Panhandle Technical College,29,0,0,0,0,0.0087,0.0087,0.0609,0.0913,0,0,0.0304,0,0,0,0,0,0,0,0,0,0,0,0,0,0,0,0,0.3913,0,0,0.0304,0.0217,0.0435,0.0826,0.0043,0.2261,0,0,9880,,,10,,,1,,1
1312,"Teacher Education and Professional Development, Specific Levels and Methods.",138293,2,3,19.0,27.0,2.0,240.0,138293,Webber International University,,0,0,0,0,0.0769,0,0.0559,0,0.014,0,0,0,0,0,0,0,0,0,0,0,0,0.2797,0,0,0,0,0.0559,0.1119,0,0,0,0,0,0,0,0.049,0.3566,0,3881,5063,0.2784,17,6686291,7426153,0,0.694,2
3105,"Sports, Kinesiology, and Physical Education/Fitness.",138293,1,3,35.0,34.0,3.0,276.0,138293,Webber International University,,0,0,0,0,0.0769,0,0.0559,0,0.014,0,0,0,0,0,0,0,0,0,0,0,0,0.2797,0,0,0,0,0.0559,0.1119,0,0,0,0,0,0,0,0.049,0.3566,0,3881,5063,0.2784,17,6686291,7426153,0,0.694,2
4301,Criminal Justice and Corrections.,138293,2,3,26.0,,0.0,256.0,138293,Webber International University,,0,0,0,0,0.0769,0,0.0559,0,0.014,0,0,0,0,0,0,0,0,0,0,0,0,0.2797,0,0,0,0,0.0559,0.1119,0,0,0,0,0,0,0,0.049,0.3566,0,3881,5063,0.2784,17,6686291,7426153,0,0.694,2
5201,"Business/Commerce, General.",138293,2,3,29.0,37.0,3.0,270.0,138293,Webber International University,,0,0,0,0,0.0769,0,0.0559,0,0.014,0,0,0,0,0,0,0,0,0,0,0,0,0.2797,0,0,0,0,0.0559,0.1119,0,0,0,0,0,0,0,0.049,0.3566,0,3881,5063,0.2784,17,6686291,7426153,0,0.694,2
5202,"Business Administration, Management and Operations.",138293,3,5,13.0,,0.0,,138293,Webber International University,,0,0,0,0,0.0769,0,0.0559,0,0.014,0,0,0,0,0,0,0,0,0,0,0,0,0.2797,0,0,0,0,0.0559,0.1119,0,0,0,0,0,0,0,0.049,0.3566,0,3881,5063,0.2784,17,6686291,7426153,0,0.694,2
1107,Computer Science.,138309,3,3,101.0,72.0,6.0,298.0,138309,Rasmussen University-Florida,,0,0,0,0,0,0,0.035,0,0.1606,0.0027,0,0,0,0.0081,0,0,0,0,0,0,0,0,0,0,0,0,0,0.0119,0.0289,0,0,0,0,0,0.0258,0.6003,0.1267,0,3342,6913,0.1895,10,,,1,,1
1110,Computer/Information Technology Administration and Management.,138309,2,2,44.0,35.0,4.0,195.0,138309,Rasmussen University-Florida,,0,0,0,0,0,0,0.035,0,0.1606,0.0027,0,0,0,0.0081,0,0,0,0,0,0,0,0,0,0,0,0,0,0.0119,0.0289,0,0,0,0,0,0.0258,0.6003,0.1267,0,3342,6913,0.1895,10,,,1,,1
1110,Computer/Information Technology Administration and Management.,138309,3,3,68.0,82.0,4.0,343.0,138309,Rasmussen University-Florida,,0,0,0,0,0,0,0.035,0,0.1606,0.0027,0,0,0,0.0081,0,0,0,0,0,0,0,0,0,0,0,0,0,0.0119,0.0289,0,0,0,0,0,0.0258,0.6003,0.1267,0,3342,6913,0.1895,10,,,1,,1
1304,Educational Administration and Supervision.,138309,3,3,314.0,268.0,12.0,282.0,138309,Rasmussen University-Florida,,0,0,0,0,0,0,0.035,0,0.1606,0.0027,0,0,0,0.0081,0,0,0,0,0,0,0,0,0,0,0,0,0,0.0119,0.0289,0,0,0,0,0,0.0258,0.6003,0.1267,0,3342,6913,0.1895,10,,,1,,1
1312,"Teacher Education and Professional Development, Specific Levels and Methods.",138309,2,1,79.0,57.0,1.0,101.0,138309,Rasmussen University-Florida,,0,0,0,0,0,0,0.035,0,0.1606,0.0027,0,0,0,0.0081,0,0,0,0,0,0,0,0,0,0,0,0,0,0.0119,0.0289,0,0,0,0,0,0.0258,0.6003,0.1267,0,3342,6913,0.1895,10,,,1,,1
1312,"Teacher Education and Professional Development, Specific Levels and Methods.",138309,1,2,504.0,250.0,21.0,200.0,138309,Rasmussen University-Florida,,0,0,0,0,0,0,0.035,0,0.1606,0.0027,0,0,0,0.0081,0,0,0,0,0,0,0,0,0,0,0,0,0,0.0119,0.0289,0,0,0,0,0,0.0258,0.6003,0.1267,0,3342,6913,0.1895,10,,,1,,1
1409,Computer Engineering.,138309,1,2,43.0,33.0,2.0,204.0,138309,Rasmussen University-Florida,,0,0,0,0,0,0,0.035,0,0.1606,0.0027,0,0,0,0.0081,0,0,0,0,0,0,0,0,0,0,0,0,0,0.0119,0.0289,0,0,0,0,0,0.0258,0.6003,0.1267,0,3342,6913,0.1895,10,,,1,,1
2203,Legal Support Services.,138309,1,1,17.0,34.0,3.0,129.0,138309,Rasmussen University-Florida,,0,0,0,0,0,0,0.035,0,0.1606,0.0027,0,0,0,0.0081,0,0,0,0,0,0,0,0,0,0,0,0,0,0.0119,0.0289,0,0,0,0,0,0.0258,0.6003,0.1267,0,3342,6913,0.1895,10,,,1,,1
2203,Legal Support Services.,138309,1,2,111.0,75.0,12.0,243.0,138309,Rasmussen University-Florida,,0,0,0,0,0,0,0.035,0,0.1606,0.0027,0,0,0,0.0081,0,0,0,0,0,0,0,0,0,0,0,0,0,0.0119,0.0289,0,0,0,0,0,0.0258,0.6003,0.1267,0,3342,6913,0.1895,10,,,1,,1
4301,Criminal Justice and Corrections.,138309,1,2,146.0,83.0,3.0,212.0,138309,Rasmussen University-Florida,,0,0,0,0,0,0,0.035,0,0.1606,0.0027,0,0,0,0.0081,0,0,0,0,0,0,0,0,0,0,0,0,0,0.0119,0.0289,0,0,0,0,0,0.0258,0.6003,0.1267,0,3342,6913,0.1895,10,,,1,,1
4301,Criminal Justice and Corrections.,138309,3,3,64.0,54.0,2.0,310.0,138309,Rasmussen University-Florida,,0,0,0,0,0,0,0.035,0,0.1606,0.0027,0,0,0,0.0081,0,0,0,0,0,0,0,0,0,0,0,0,0,0.0119,0.0289,0,0,0,0,0,0.0258,0.6003,0.1267,0,3342,6913,0.1895,10,,,1,,1
4400,"Human Services, General.",138309,1,2,103.0,28.0,1.0,240.0,138309,Rasmussen University-Florida,,0,0,0,0,0,0,0.035,0,0.1606,0.0027,0,0,0,0.0081,0,0,0,0,0,0,0,0,0,0,0,0,0,0.0119,0.0289,0,0,0,0,0,0.0258,0.6003,0.1267,0,3342,6913,0.1895,10,,,1,,1
4400,"Human Services, General.",138309,3,3,121.0,131.0,7.0,320.0,138309,Rasmussen University-Florida,,0,0,0,0,0,0,0.035,0,0.1606,0.0027,0,0,0,0.0081,0,0,0,0,0,0,0,0,0,0,0,0,0,0.0119,0.0289,0,0,0,0,0,0.0258,0.6003,0.1267,0,3342,6913,0.1895,10,,,1,,1
5004,Design and Applied Arts.,138309,1,2,56.0,66.0,10.0,253.0,138309,Rasmussen University-Florida,,0,0,0,0,0,0,0.035,0,0.1606,0.0027,0,0,0,0.0081,0,0,0,0,0,0,0,0,0,0,0,0,0,0.0119,0.0289,0,0,0,0,0,0.0258,0.6003,0.1267,0,3342,6913,0.1895,10,,,1,,1
5004,Design and Applied Arts.,138309,2,3,27.0,28.0,9.0,311.0,138309,Rasmussen University-Florida,,0,0,0,0,0,0,0.035,0,0.1606,0.0027,0,0,0,0.0081,0,0,0,0,0,0,0,0,0,0,0,0,0,0.0119,0.0289,0,0,0,0,0,0.0258,0.6003,0.1267,0,3342,6913,0.1895,10,,,1,,1
5107,Health and Medical Administrative Services.,138309,2,1,755.0,533.0,58.0,106.0,138309,Rasmussen University-Florida,,0,0,0,0,0,0,0.035,0,0.1606,0.0027,0,0,0,0.0081,0,0,0,0,0,0,0,0,0,0,0,0,0,0.0119,0.0289,0,0,0,0,0,0.0258,0.6003,0.1267,0,3342,6913,0.1895,10,,,1,,1
5107,Health and Medical Administrative Services.,138309,2,2,527.0,344.0,28.0,207.0,138309,Rasmussen University-Florida,,0,0,0,0,0,0,0.035,0,0.1606,0.0027,0,0,0,0.0081,0,0,0,0,0,0,0,0,0,0,0,0,0,0.0119,0.0289,0,0,0,0,0,0.0258,0.6003,0.1267,0,3342,6913,0.1895,10,,,1,,1
5107,Health and Medical Administrative Services.,138309,3,3,268.0,220.0,5.0,278.0,138309,Rasmussen University-Florida,,0,0,0,0,0,0,0.035,0,0.1606,0.0027,0,0,0,0.0081,0,0,0,0,0,0,0,0,0,0,0,0,0,0.0119,0.0289,0,0,0,0,0,0.0258,0.6003,0.1267,0,3342,6913,0.1895,10,,,1,,1
5108,Allied Health and Medical Assisting Services.,138309,2,1,824.0,548.0,26.0,123.0,138309,Rasmussen University-Florida,,0,0,0,0,0,0,0.035,0,0.1606,0.0027,0,0,0,0.0081,0,0,0,0,0,0,0,0,0,0,0,0,0,0.0119,0.0289,0,0,0,0,0,0.0258,0.6003,0.1267,0,3342,6913,0.1895,10,,,1,,1
5108,Allied Health and Medical Assisting Services.,138309,2,2,272.0,185.0,12.0,228.0,138309,Rasmussen University-Florida,,0,0,0,0,0,0,0.035,0,0.1606,0.0027,0,0,0,0.0081,0,0,0,0,0,0,0,0,0,0,0,0,0,0.0119,0.0289,0,0,0,0,0,0.0258,0.6003,0.1267,0,3342,6913,0.1895,10,,,1,,1
5109,"Allied Health Diagnostic, Intervention, and Treatment Professions.",138309,1,2,102.0,85.0,5.0,215.0,138309,Rasmussen University-Florida,,0,0,0,0,0,0,0.035,0,0.1606,0.0027,0,0,0,0.0081,0,0,0,0,0,0,0,0,0,0,0,0,0,0.0119,0.0289,0,0,0,0,0,0.0258,0.6003,0.1267,0,3342,6913,0.1895,10,,,1,,1
5110,Clinical/Medical Laboratory Science/Research and Allied Professions.,138309,2,2,35.0,23.0,1.0,212.0,138309,Rasmussen University-Florida,,0,0,0,0,0,0,0.035,0,0.1606,0.0027,0,0,0,0.0081,0,0,0,0,0,0,0,0,0,0,0,0,0,0.0119,0.0289,0,0,0,0,0,0.0258,0.6003,0.1267,0,3342,6913,0.1895,10,,,1,,1
5122,Public Health.,138309,3,3,51.0,52.0,4.0,271.0,138309,Rasmussen University-Florida,,0,0,0,0,0,0,0.035,0,0.1606,0.0027,0,0,0,0.0081,0,0,0,0,0,0,0,0,0,0,0,0,0,0.0119,0.0289,0,0,0,0,0,0.0258,0.6003,0.1267,0,3342,6913,0.1895,10,,,1,,1
5138,"Registered Nursing, Nursing Administration, Nursing Research and Clinical Nursing.",138309,1,2,3078.0,2086.0,64.0,213.0,138309,Rasmussen University-Florida,,0,0,0,0,0,0,0.035,0,0.1606,0.0027,0,0,0,0.0081,0,0,0,0,0,0,0,0,0,0,0,0,0,0.0119,0.0289,0,0,0,0,0,0.0258,0.6003,0.1267,0,3342,6913,0.1895,10,,,1,,1
5138,"Registered Nursing, Nursing Administration, Nursing Research and Clinical Nursing.",138309,1,3,809.0,917.0,13.0,265.0,138309,Rasmussen University-Florida,,0,0,0,0,0,0,0.035,0,0.1606,0.0027,0,0,0,0.0081,0,0,0,0,0,0,0,0,0,0,0,0,0,0.0119,0.0289,0,0,0,0,0,0.0258,0.6003,0.1267,0,3342,6913,0.1895,10,,,1,,1
5139,"Practical Nursing, Vocational Nursing and Nursing Assistants.",138309,1,1,469.0,288.0,4.0,150.0,138309,Rasmussen University-Florida,,0,0,0,0,0,0,0.035,0,0.1606,0.0027,0,0,0,0.0081,0,0,0,0,0,0,0,0,0,0,0,0,0,0.0119,0.0289,0,0,0,0,0,0.0258,0.6003,0.1267,0,3342,6913,0.1895,10,,,1,,1
5202,"Business Administration, Management and Operations.",138309,1,2,400.0,194.0,12.0,234.0,138309,Rasmussen University-Florida,,0,0,0,0,0,0,0.035,0,0.1606,0.0027,0,0,0,0.0081,0,0,0,0,0,0,0,0,0,0,0,0,0,0.0119,0.0289,0,0,0,0,0,0.0258,0.6003,0.1267,0,3342,6913,0.1895,10,,,1,,1
5202,"Business Administration, Management and Operations.",138309,3,3,391.0,313.0,11.0,277.0,138309,Rasmussen University-Florida,,0,0,0,0,0,0,0.035,0,0.1606,0.0027,0,0,0,0.0081,0,0,0,0,0,0,0,0,0,0,0,0,0,0.0119,0.0289,0,0,0,0,0,0.0258,0.6003,0.1267,0,3342,6913,0.1895,10,,,1,,1
5203,Accounting and Related Services.,138309,2,1,31.0,23.0,5.0,101.0,138309,Rasmussen University-Florida,,0,0,0,0,0,0,0.035,0,0.1606,0.0027,0,0,0,0.0081,0,0,0,0,0,0,0,0,0,0,0,0,0,0.0119,0.0289,0,0,0,0,0,0.0258,0.6003,0.1267,0,3342,6913,0.1895,10,,,1,,1
5203,Accounting and Related Services.,138309,1,2,157.0,80.0,6.0,212.0,138309,Rasmussen University-Florida,,0,0,0,0,0,0,0.035,0,0.1606,0.0027,0,0,0,0.0081,0,0,0,0,0,0,0,0,0,0,0,0,0,0.0119,0.0289,0,0,0,0,0,0.0258,0.6003,0.1267,0,3342,6913,0.1895,10,,,1,,1
5203,Accounting and Related Services.,138309,3,3,144.0,125.0,8.0,277.0,138309,Rasmussen University-Florida,,0,0,0,0,0,0,0.035,0,0.1606,0.0027,0,0,0,0.0081,0,0,0,0,0,0,0,0,0,0,0,0,0,0.0119,0.0289,0,0,0,0,0,0.0258,0.6003,0.1267,0,3342,6913,0.1895,10,,,1,,1
5204,Business Operations Support and Assistant Services.,138309,2,1,35.0,27.0,2.0,101.0,138309,Rasmussen University-Florida,,0,0,0,0,0,0,0.035,0,0.1606,0.0027,0,0,0,0.0081,0,0,0,0,0,0,0,0,0,0,0,0,0,0.0119,0.0289,0,0,0,0,0,0.0258,0.6003,0.1267,0,3342,6913,0.1895,10,,,1,,1
5208,Finance and Financial Management Services.,138309,3,3,39.0,39.0,4.0,259.0,138309,Rasmussen University-Florida,,0,0,0,0,0,0,0.035,0,0.1606,0.0027,0,0,0,0.0081,0,0,0,0,0,0,0,0,0,0,0,0,0,0.0119,0.0289,0,0,0,0,0,0.0258,0.6003,0.1267,0,3342,6913,0.1895,10,,,1,,1
5210,Human Resources Management and Services.,138309,1,2,136.0,78.0,4.0,231.0,138309,Rasmussen University-Florida,,0,0,0,0,0,0,0.035,0,0.1606,0.0027,0,0,0,0.0081,0,0,0,0,0,0,0,0,0,0,0,0,0,0.0119,0.0289,0,0,0,0,0,0.0258,0.6003,0.1267,0,3342,6913,0.1895,10,,,1,,1
5210,Human Resources Management and Services.,138309,3,3,168.0,136.0,3.0,295.0,138309,Rasmussen University-Florida,,0,0,0,0,0,0,0.035,0,0.1606,0.0027,0,0,0,0.0081,0,0,0,0,0,0,0,0,0,0,0,0,0,0.0119,0.0289,0,0,0,0,0,0.0258,0.6003,0.1267,0,3342,6913,0.1895,10,,,1,,1
5212,Management Information Systems and Services.,138309,1,2,135.0,75.0,5.0,234.0,138309,Rasmussen University-Florida,,0,0,0,0,0,0,0.035,0,0.1606,0.0027,0,0,0,0.0081,0,0,0,0,0,0,0,0,0,0,0,0,0,0.0119,0.0289,0,0,0,0,0,0.0258,0.6003,0.1267,0,3342,6913,0.1895,10,,,1,,1
5214,Marketing.,138309,1,2,35.0,18.0,2.0,234.0,138309,Rasmussen University-Florida,,0,0,0,0,0,0,0.035,0,0.1606,0.0027,0,0,0,0.0081,0,0,0,0,0,0,0,0,0,0,0,0,0,0.0119,0.0289,0,0,0,0,0,0.0258,0.6003,0.1267,0,3342,6913,0.1895,10,,,1,,1
5214,Marketing.,138309,3,3,52.0,57.0,0.0,282.0,138309,Rasmussen University-Florida,,0,0,0,0,0,0,0.035,0,0.1606,0.0027,0,0,0,0.0081,0,0,0,0,0,0,0,0,0,0,0,0,0,0.0119,0.0289,0,0,0,0,0,0.0258,0.6003,0.1267,0,3342,6913,0.1895,10,,,1,,1
0301,Natural Resources Conservation and Research.,138354,2,3,19.0,20.0,3.0,,138354,University of West Florida,,0,0.011,0,0,0.0322,0,0.0447,0,0.0337,0.0359,0.0135,0,0,0.0161,0.0187,0.1992,0,0.052,0.0037,0,0.0154,0.0443,0.0011,0,0.0103,0,0.0677,0.0304,0.0172,0.0286,0,0,0,0,0.0286,0.1813,0.1044,0.0103,6911,10653,1,22,92870276,108127993,1,0.5824,2
0901,Communication and Media Studies.,138354,2,3,65.0,83.0,7.0,182.0,138354,University of West Florida,,0,0.011,0,0,0.0322,0,0.0447,0,0.0337,0.0359,0.0135,0,0,0.0161,0.0187,0.1992,0,0.052,0.0037,0,0.0154,0.0443,0.0011,0,0.0103,0,0.0677,0.0304,0.0172,0.0286,0,0,0,0,0.0286,0.1813,0.1044,0.0103,6911,10653,1,22,92870276,108127993,1,0.5824,2
1101,"Computer and Information Sciences, General.",138354,2,3,40.0,65.0,6.0,191.0,138354,University of West Florida,,0,0.011,0,0,0.0322,0,0.0447,0,0.0337,0.0359,0.0135,0,0,0.0161,0.0187,0.1992,0,0.052,0.0037,0,0.0154,0.0443,0.0011,0,0.0103,0,0.0677,0.0304,0.0172,0.0286,0,0,0,0,0.0286,0.1813,0.1044,0.0103,6911,10653,1,22,92870276,108127993,1,0.5824,2
1101,"Computer and Information Sciences, General.",138354,2,5,13.0,25.0,3.0,,138354,University of West Florida,,0,0.011,0,0,0.0322,0,0.0447,0,0.0337,0.0359,0.0135,0,0,0.0161,0.0187,0.1992,0,0.052,0.0037,0,0.0154,0.0443,0.0011,0,0.0103,0,0.0677,0.0304,0.0172,0.0286,0,0,0,0,0.0286,0.1813,0.1044,0.0103,6911,10653,1,22,92870276,108127993,1,0.5824,2
1303,Curriculum and Instruction.,138354,2,5,53.0,50.0,3.0,392.0,138354,University of West Florida,,0,0.011,0,0,0.0322,0,0.0447,0,0.0337,0.0359,0.0135,0,0,0.0161,0.0187,0.1992,0,0.052,0.0037,0,0.0154,0.0443,0.0011,0,0.0103,0,0.0677,0.0304,0.0172,0.0286,0,0,0,0,0.0286,0.1813,0.1044,0.0103,6911,10653,1,22,92870276,108127993,1,0.5824,2
1304,Educational Administration and Supervision.,138354,3,5,173.0,160.0,1.0,223.0,138354,University of West Florida,,0,0.011,0,0,0.0322,0,0.0447,0,0.0337,0.0359,0.0135,0,0,0.0161,0.0187,0.1992,0,0.052,0.0037,0,0.0154,0.0443,0.0011,0,0.0103,0,0.0677,0.0304,0.0172,0.0286,0,0,0,0,0.0286,0.1813,0.1044,0.0103,6911,10653,1,22,92870276,108127993,1,0.5824,2
1310,Special Education and Teaching.,138354,3,3,37.0,58.0,3.0,255.0,138354,University of West Florida,,0,0.011,0,0,0.0322,0,0.0447,0,0.0337,0.0359,0.0135,0,0,0.0161,0.0187,0.1992,0,0.052,0.0037,0,0.0154,0.0443,0.0011,0,0.0103,0,0.0677,0.0304,0.0172,0.0286,0,0,0,0,0.0286,0.1813,0.1044,0.0103,6911,10653,1,22,92870276,108127993,1,0.5824,2
1310,Special Education and Teaching.,138354,3,5,154.0,181.0,12.0,297.0,138354,University of West Florida,,0,0.011,0,0,0.0322,0,0.0447,0,0.0337,0.0359,0.0135,0,0,0.0161,0.0187,0.1992,0,0.052,0.0037,0,0.0154,0.0443,0.0011,0,0.0103,0,0.0677,0.0304,0.0172,0.0286,0,0,0,0,0.0286,0.1813,0.1044,0.0103,6911,10653,1,22,92870276,108127993,1,0.5824,2
1313,"Teacher Education and Professional Development, Specific Subject Areas.",138354,2,3,,,0.0,,138354,University of West Florida,,0,0.011,0,0,0.0322,0,0.0447,0,0.0337,0.0359,0.0135,0,0,0.0161,0.0187,0.1992,0,0.052,0.0037,0,0.0154,0.0443,0.0011,0,0.0103,0,0.0677,0.0304,0.0172,0.0286,0,0,0,0,0.0286,0.1813,0.1044,0.0103,6911,10653,1,22,92870276,108127993,1,0.5824,2
1410,"Electrical, Electronics, and Communications Engineering.",138354,2,3,24.0,35.0,2.0,192.0,138354,University of West Florida,,0,0.011,0,0,0.0322,0,0.0447,0,0.0337,0.0359,0.0135,0,0,0.0161,0.0187,0.1992,0,0.052,0.0037,0,0.0154,0.0443,0.0011,0,0.0103,0,0.0677,0.0304,0.0172,0.0286,0,0,0,0,0.0286,0.1813,0.1044,0.0103,6911,10653,1,22,92870276,108127993,1,0.5824,2
2203,Legal Support Services.,138354,2,3,14.0,21.0,0.0,201.0,138354,University of West Florida,,0,0.011,0,0,0.0322,0,0.0447,0,0.0337,0.0359,0.0135,0,0,0.0161,0.0187,0.1992,0,0.052,0.0037,0,0.0154,0.0443,0.0011,0,0.0103,0,0.0677,0.0304,0.0172,0.0286,0,0,0,0,0.0286,0.1813,0.1044,0.0103,6911,10653,1,22,92870276,108127993,1,0.5824,2
2301,"English Language and Literature, General.",138354,2,3,19.0,25.0,2.0,114.0,138354,University of West Florida,,0,0.011,0,0,0.0322,0,0.0447,0,0.0337,0.0359,0.0135,0,0,0.0161,0.0187,0.1992,0,0.052,0.0037,0,0.0154,0.0443,0.0011,0,0.0103,0,0.0677,0.0304,0.0172,0.0286,0,0,0,0,0.0286,0.1813,0.1044,0.0103,6911,10653,1,22,92870276,108127993,1,0.5824,2
2401,"Liberal Arts and Sciences, General Studies and Humanities.",138354,2,2,49.0,25.0,2.0,148.0,138354,University of West Florida,,0,0.011,0,0,0.0322,0,0.0447,0,0.0337,0.0359,0.0135,0,0,0.0161,0.0187,0.1992,0,0.052,0.0037,0,0.0154,0.0443,0.0011,0,0.0103,0,0.0677,0.0304,0.0172,0.0286,0,0,0,0,0.0286,0.1813,0.1044,0.0103,6911,10653,1,22,92870276,108127993,1,0.5824,2
2601,"Biology, General.",138354,2,3,48.0,56.0,5.0,196.0,138354,University of West Florida,,0,0.011,0,0,0.0322,0,0.0447,0,0.0337,0.0359,0.0135,0,0,0.0161,0.0187,0.1992,0,0.052,0.0037,0,0.0154,0.0443,0.0011,0,0.0103,0,0.0677,0.0304,0.0172,0.0286,0,0,0,0,0.0286,0.1813,0.1044,0.0103,6911,10653,1,22,92870276,108127993,1,0.5824,2
2701,Mathematics.,138354,2,5,19.0,45.0,3.0,284.0,138354,University of West Florida,,0,0.011,0,0,0.0322,0,0.0447,0,0.0337,0.0359,0.0135,0,0,0.0161,0.0187,0.1992,0,0.052,0.0037,0,0.0154,0.0443,0.0011,0,0.0103,0,0.0677,0.0304,0.0172,0.0286,0,0,0,0,0.0286,0.1813,0.1044,0.0103,6911,10653,1,22,92870276,108127993,1,0.5824,2
3105,"Sports, Kinesiology, and Physical Education/Fitness.",138354,2,3,88.0,68.0,4.0,201.0,138354,University of West Florida,,0,0.011,0,0,0.0322,0,0.0447,0,0.0337,0.0359,0.0135,0,0,0.0161,0.0187,0.1992,0,0.052,0.0037,0,0.0154,0.0443,0.0011,0,0.0103,0,0.0677,0.0304,0.0172,0.0286,0,0,0,0,0.0286,0.1813,0.1044,0.0103,6911,10653,1,22,92870276,108127993,1,0.5824,2
3105,"Sports, Kinesiology, and Physical Education/Fitness.",138354,2,5,,,0.0,,138354,University of West Florida,,0,0.011,0,0,0.0322,0,0.0447,0,0.0337,0.0359,0.0135,0,0,0.0161,0.0187,0.1992,0,0.052,0.0037,0,0.0154,0.0443,0.0011,0,0.0103,0,0.0677,0.0304,0.0172,0.0286,0,0,0,0,0.0286,0.1813,0.1044,0.0103,6911,10653,1,22,92870276,108127993,1,0.5824,2
4201,"Psychology, General.",138354,2,3,72.0,58.0,8.0,148.0,138354,University of West Florida,,0,0.011,0,0,0.0322,0,0.0447,0,0.0337,0.0359,0.0135,0,0,0.0161,0.0187,0.1992,0,0.052,0.0037,0,0.0154,0.0443,0.0011,0,0.0103,0,0.0677,0.0304,0.0172,0.0286,0,0,0,0,0.0286,0.1813,0.1044,0.0103,6911,10653,1,22,92870276,108127993,1,0.5824,2
4201,"Psychology, General.",138354,2,5,24.0,32.0,2.0,407.0,138354,University of West Florida,,0,0.011,0,0,0.0322,0,0.0447,0,0.0337,0.0359,0.0135,0,0,0.0161,0.0187,0.1992,0,0.052,0.0037,0,0.0154,0.0443,0.0011,0,0.0103,0,0.0677,0.0304,0.0172,0.0286,0,0,0,0,0.0286,0.1813,0.1044,0.0103,6911,10653,1,22,92870276,108127993,1,0.5824,2
4301,Criminal Justice and Corrections.,138354,2,3,43.0,42.0,4.0,193.0,138354,University of West Florida,,0,0.011,0,0,0.0322,0,0.0447,0,0.0337,0.0359,0.0135,0,0,0.0161,0.0187,0.1992,0,0.052,0.0037,0,0.0154,0.0443,0.0011,0,0.0103,0,0.0677,0.0304,0.0172,0.0286,0,0,0,0,0.0286,0.1813,0.1044,0.0103,6911,10653,1,22,92870276,108127993,1,0.5824,2
4407,Social Work.,138354,2,3,40.0,20.0,1.0,150.0,138354,University of West Florida,,0,0.011,0,0,0.0322,0,0.0447,0,0.0337,0.0359,0.0135,0,0,0.0161,0.0187,0.1992,0,0.052,0.0037,0,0.0154,0.0443,0.0011,0,0.0103,0,0.0677,0.0304,0.0172,0.0286,0,0,0,0,0.0286,0.1813,0.1044,0.0103,6911,10653,1,22,92870276,108127993,1,0.5824,2
4501,"Social Sciences, General.",138354,2,3,32.0,43.0,3.0,228.0,138354,University of West Florida,,0,0.011,0,0,0.0322,0,0.0447,0,0.0337,0.0359,0.0135,0,0,0.0161,0.0187,0.1992,0,0.052,0.0037,0,0.0154,0.0443,0.0011,0,0.0103,0,0.0677,0.0304,0.0172,0.0286,0,0,0,0,0.0286,0.1813,0.1044,0.0103,6911,10653,1,22,92870276,108127993,1,0.5824,2
4509,International Relations and National Security Studies.,138354,2,3,24.0,,4.0,172.0,138354,University of West Florida,,0,0.011,0,0,0.0322,0,0.0447,0,0.0337,0.0359,0.0135,0,0,0.0161,0.0187,0.1992,0,0.052,0.0037,0,0.0154,0.0443,0.0011,0,0.0103,0,0.0677,0.0304,0.0172,0.0286,0,0,0,0,0.0286,0.1813,0.1044,0.0103,6911,10653,1,22,92870276,108127993,1,0.5824,2
5007,Fine and Studio Arts.,138354,2,3,20.0,32.0,3.0,178.0,138354,University of West Florida,,0,0.011,0,0,0.0322,0,0.0447,0,0.0337,0.0359,0.0135,0,0,0.0161,0.0187,0.1992,0,0.052,0.0037,0,0.0154,0.0443,0.0011,0,0.0103,0,0.0677,0.0304,0.0172,0.0286,0,0,0,0,0.0286,0.1813,0.1044,0.0103,6911,10653,1,22,92870276,108127993,1,0.5824,2
5100,"Health Services/Allied Health/Health Sciences, General.",138354,3,3,78.0,94.0,10.0,207.0,138354,University of West Florida,,0,0.011,0,0,0.0322,0,0.0447,0,0.0337,0.0359,0.0135,0,0,0.0161,0.0187,0.1992,0,0.052,0.0037,0,0.0154,0.0443,0.0011,0,0.0103,0,0.0677,0.0304,0.0172,0.0286,0,0,0,0,0.0286,0.1813,0.1044,0.0103,6911,10653,1,22,92870276,108127993,1,0.5824,2
5110,Clinical/Medical Laboratory Science/Research and Allied Professions.,138354,2,3,22.0,28.0,1.0,183.0,138354,University of West Florida,,0,0.011,0,0,0.0322,0,0.0447,0,0.0337,0.0359,0.0135,0,0,0.0161,0.0187,0.1992,0,0.052,0.0037,0,0.0154,0.0443,0.0011,0,0.0103,0,0.0677,0.0304,0.0172,0.0286,0,0,0,0,0.0286,0.1813,0.1044,0.0103,6911,10653,1,22,92870276,108127993,1,0.5824,2
5115,Mental and Social Health Services and Allied Professions.,138354,2,5,42.0,62.0,8.0,300.0,138354,University of West Florida,,0,0.011,0,0,0.0322,0,0.0447,0,0.0337,0.0359,0.0135,0,0,0.0161,0.0187,0.1992,0,0.052,0.0037,0,0.0154,0.0443,0.0011,0,0.0103,0,0.0677,0.0304,0.0172,0.0286,0,0,0,0,0.0286,0.1813,0.1044,0.0103,6911,10653,1,22,92870276,108127993,1,0.5824,2
5122,Public Health.,138354,3,5,19.0,37.0,2.0,,138354,University of West Florida,,0,0.011,0,0,0.0322,0,0.0447,0,0.0337,0.0359,0.0135,0,0,0.0161,0.0187,0.1992,0,0.052,0.0037,0,0.0154,0.0443,0.0011,0,0.0103,0,0.0677,0.0304,0.0172,0.0286,0,0,0,0,0.0286,0.1813,0.1044,0.0103,6911,10653,1,22,92870276,108127993,1,0.5824,2
5138,"Registered Nursing, Nursing Administration, Nursing Research and Clinical Nursing.",138354,2,3,291.0,505.0,12.0,133.0,138354,University of West Florida,,0,0.011,0,0,0.0322,0,0.0447,0,0.0337,0.0359,0.0135,0,0,0.0161,0.0187,0.1992,0,0.052,0.0037,0,0.0154,0.0443,0.0011,0,0.0103,0,0.0677,0.0304,0.0172,0.0286,0,0,0,0,0.0286,0.1813,0.1044,0.0103,6911,10653,1,22,92870276,108127993,1,0.5824,2
5138,"Registered Nursing, Nursing Administration, Nursing Research and Clinical Nursing.",138354,2,5,63.0,79.0,4.0,362.0,138354,University of West Florida,,0,0.011,0,0,0.0322,0,0.0447,0,0.0337,0.0359,0.0135,0,0,0.0161,0.0187,0.1992,0,0.052,0.0037,0,0.0154,0.0443,0.0011,0,0.0103,0,0.0677,0.0304,0.0172,0.0286,0,0,0,0,0.0286,0.1813,0.1044,0.0103,6911,10653,1,22,92870276,108127993,1,0.5824,2
5201,"Business/Commerce, General.",138354,2,3,10.0,19.0,2.0,,138354,University of West Florida,,0,0.011,0,0,0.0322,0,0.0447,0,0.0337,0.0359,0.0135,0,0,0.0161,0.0187,0.1992,0,0.052,0.0037,0,0.0154,0.0443,0.0011,0,0.0103,0,0.0677,0.0304,0.0172,0.0286,0,0,0,0,0.0286,0.1813,0.1044,0.0103,6911,10653,1,22,92870276,108127993,1,0.5824,2
5202,"Business Administration, Management and Operations.",138354,2,3,32.0,51.0,7.0,188.0,138354,University of West Florida,,0,0.011,0,0,0.0322,0,0.0447,0,0.0337,0.0359,0.0135,0,0,0.0161,0.0187,0.1992,0,0.052,0.0037,0,0.0154,0.0443,0.0011,0,0.0103,0,0.0677,0.0304,0.0172,0.0286,0,0,0,0,0.0286,0.1813,0.1044,0.0103,6911,10653,1,22,92870276,108127993,1,0.5824,2
5202,"Business Administration, Management and Operations.",138354,2,5,71.0,129.0,7.0,319.0,138354,University of West Florida,,0,0.011,0,0,0.0322,0,0.0447,0,0.0337,0.0359,0.0135,0,0,0.0161,0.0187,0.1992,0,0.052,0.0037,0,0.0154,0.0443,0.0011,0,0.0103,0,0.0677,0.0304,0.0172,0.0286,0,0,0,0,0.0286,0.1813,0.1044,0.0103,6911,10653,1,22,92870276,108127993,1,0.5824,2
5203,Accounting and Related Services.,138354,2,3,33.0,32.0,3.0,201.0,138354,University of West Florida,,0,0.011,0,0,0.0322,0,0.0447,0,0.0337,0.0359,0.0135,0,0,0.0161,0.0187,0.1992,0,0.052,0.0037,0,0.0154,0.0443,0.0011,0,0.0103,0,0.0677,0.0304,0.0172,0.0286,0,0,0,0,0.0286,0.1813,0.1044,0.0103,6911,10653,1,22,92870276,108127993,1,0.5824,2
5203,Accounting and Related Services.,138354,2,5,14.0,22.0,2.0,,138354,University of West Florida,,0,0.011,0,0,0.0322,0,0.0447,0,0.0337,0.0359,0.0135,0,0,0.0161,0.0187,0.1992,0,0.052,0.0037,0,0.0154,0.0443,0.0011,0,0.0103,0,0.0677,0.0304,0.0172,0.0286,0,0,0,0,0.0286,0.1813,0.1044,0.0103,6911,10653,1,22,92870276,108127993,1,0.5824,2
5208,Finance and Financial Management Services.,138354,2,3,13.0,19.0,1.0,212.0,138354,University of West Florida,,0,0.011,0,0,0.0322,0,0.0447,0,0.0337,0.0359,0.0135,0,0,0.0161,0.0187,0.1992,0,0.052,0.0037,0,0.0154,0.0443,0.0011,0,0.0103,0,0.0677,0.0304,0.0172,0.0286,0,0,0,0,0.0286,0.1813,0.1044,0.0103,6911,10653,1,22,92870276,108127993,1,0.5824,2
5209,Hospitality Administration/Management.,138354,2,3,20.0,21.0,4.0,211.0,138354,University of West Florida,,0,0.011,0,0,0.0322,0,0.0447,0,0.0337,0.0359,0.0135,0,0,0.0161,0.0187,0.1992,0,0.052,0.0037,0,0.0154,0.0443,0.0011,0,0.0103,0,0.0677,0.0304,0.0172,0.0286,0,0,0,0,0.0286,0.1813,0.1044,0.0103,6911,10653,1,22,92870276,108127993,1,0.5824,2
5401,History.,138354,2,3,23.0,28.0,2.0,190.0,138354,University of West Florida,,0,0.011,0,0,0.0322,0,0.0447,0,0.0337,0.0359,0.0135,0,0,0.0161,0.0187,0.1992,0,0.052,0.0037,0,0.0154,0.0443,0.0011,0,0.0103,0,0.0677,0.0304,0.0172,0.0286,0,0,0,0,0.0286,0.1813,0.1044,0.0103,6911,10653,1,22,92870276,108127993,1,0.5824,2
1205,Culinary Arts and Related Services.,138479,1,1,,27.0,4.0,,138479,William T McFatter Technical College,35,0,0,0,0,0.0419,0.0271,0.1256,0.0961,0.0074,0,0.0172,0,0.0074,0,0,0,0,0,0,0,0,0,0,0,0,0,0,0.2315,0,0,0,0.0764,0.0616,0,0.0567,0.2266,0.0246,0,5972,,,15,,,1,,1
4706,Vehicle Maintenance and Repair Technologies/Technicians.,138479,1,1,,27.0,2.0,,138479,William T McFatter Technical College,35,0,0,0,0,0.0419,0.0271,0.1256,0.0961,0.0074,0,0.0172,0,0.0074,0,0,0,0,0,0,0,0,0,0,0,0,0,0,0.2315,0,0,0,0.0764,0.0616,0,0.0567,0.2266,0.0246,0,5972,,,15,,,1,,1
4805,Precision Metal Working.,138479,1,1,,,3.0,,138479,William T McFatter Technical College,35,0,0,0,0,0.0419,0.0271,0.1256,0.0961,0.0074,0,0.0172,0,0.0074,0,0,0,0,0,0,0,0,0,0,0,0,0,0,0.2315,0,0,0,0.0764,0.0616,0,0.0567,0.2266,0.0246,0,5972,,,15,,,1,,1
5139,"Practical Nursing, Vocational Nursing and Nursing Assistants.",138479,1,1,,31.0,0.0,,138479,William T McFatter Technical College,35,0,0,0,0,0.0419,0.0271,0.1256,0.0961,0.0074,0,0.0172,0,0.0074,0,0,0,0,0,0,0,0,0,0,0,0,0,0,0.2315,0,0,0,0.0764,0.0616,0,0.0567,0.2266,0.0246,0,5972,,,15,,,1,,1
1204,Cosmetology and Related Personal Grooming Services.,138497,1,1,,31.0,3.0,,138497,Withlacoochee Technical College,16,0,0,0,0,0,0,0.125,0.0976,0,0,0.1159,0,0,0,0,0,0,0,0,0,0,0,0,0,0,0,0,0.4055,0,0,0.0427,0.0274,0.1037,0,0,0.0823,0,0,8810,,,8,,,1,,1
1205,Culinary Arts and Related Services.,138497,1,1,,,6.0,,138497,Withlacoochee Technical College,16,0,0,0,0,0,0,0.125,0.0976,0,0,0.1159,0,0,0,0,0,0,0,0,0,0,0,0,0,0,0,0,0.4055,0,0,0.0427,0.0274,0.1037,0,0,0.0823,0,0,8810,,,8,,,1,,1
1512,Computer Engineering Technologies/Technicians.,138497,1,1,,,1.0,,138497,Withlacoochee Technical College,16,0,0,0,0,0,0,0.125,0.0976,0,0,0.1159,0,0,0,0,0,0,0,0,0,0,0,0,0,0,0,0,0.4055,0,0,0.0427,0.0274,0.1037,0,0,0.0823,0,0,8810,,,8,,,1,,1
4301,Criminal Justice and Corrections.,138497,1,1,,18.0,1.0,,138497,Withlacoochee Technical College,16,0,0,0,0,0,0,0.125,0.0976,0,0,0.1159,0,0,0,0,0,0,0,0,0,0,0,0,0,0,0,0,0.4055,0,0,0.0427,0.0274,0.1037,0,0,0.0823,0,0,8810,,,8,,,1,,1
4603,Electrical and Power Transmission Installers.,138497,1,1,,17.0,1.0,,138497,Withlacoochee Technical College,16,0,0,0,0,0,0,0.125,0.0976,0,0,0.1159,0,0,0,0,0,0,0,0,0,0,0,0,0,0,0,0,0.4055,0,0,0.0427,0.0274,0.1037,0,0,0.0823,0,0,8810,,,8,,,1,,1
4706,Vehicle Maintenance and Repair Technologies/Technicians.,138497,1,1,,22.0,1.0,,138497,Withlacoochee Technical College,16,0,0,0,0,0,0,0.125,0.0976,0,0,0.1159,0,0,0,0,0,0,0,0,0,0,0,0,0,0,0,0,0.4055,0,0,0.0427,0.0274,0.1037,0,0,0.0823,0,0,8810,,,8,,,1,,1
4805,Precision Metal Working.,138497,1,1,,28.0,1.0,,138497,Withlacoochee Technical College,16,0,0,0,0,0,0,0.125,0.0976,0,0,0.1159,0,0,0,0,0,0,0,0,0,0,0,0,0,0,0,0,0.4055,0,0,0.0427,0.0274,0.1037,0,0,0.0823,0,0,8810,,,8,,,1,,1
5107,Health and Medical Administrative Services.,138497,1,1,,,5.0,,138497,Withlacoochee Technical College,16,0,0,0,0,0,0,0.125,0.0976,0,0,0.1159,0,0,0,0,0,0,0,0,0,0,0,0,0,0,0,0,0.4055,0,0,0.0427,0.0274,0.1037,0,0,0.0823,0,0,8810,,,8,,,1,,1
1204,Cosmetology and Related Personal Grooming Services.,186274,1,1,139.0,101.0,21.0,86.0,186274,Robert Fiance Beauty Schools,9,0,0,0,0,0,0,0,1,0,0,0,0,0,0,0,0,0,0,0,0,0,0,0,0,0,0,0,0,0,0,0,0,0,0,0,0,0,0,12091,,,14,,,0,,1
0183,Veterinary/Animal Health Technologies/Technicians.,244233,2,2,,55.0,4.0,261.0,244233,City College-Hollywood,,0.1531,0,0,0,0,0,0,0,0,0,0,0,0,0,0,0,0,0,0,0,0,0,0,0,0,0,0,0,0,0,0,0,0,0,0,0.8469,0,0,2195,5921,,15,,,1,1,2
5107,Health and Medical Administrative Services.,244233,2,2,73.0,40.0,1.0,313.0,244233,City College-Hollywood,,0.1531,0,0,0,0,0,0,0,0,0,0,0,0,0,0,0,0,0,0,0,0,0,0,0,0,0,0,0,0,0,0,0,0,0,0,0.8469,0,0,2195,5921,,15,,,1,1,2
5107,Health and Medical Administrative Services.,244233,3,3,35.0,26.0,1.0,505.0,244233,City College-Hollywood,,0.1531,0,0,0,0,0,0,0,0,0,0,0,0,0,0,0,0,0,0,0,0,0,0,0,0,0,0,0,0,0,0,0,0,0,0,0.8469,0,0,2195,5921,,15,,,1,1,2
5108,Allied Health and Medical Assisting Services.,244233,2,2,195.0,81.0,7.0,271.0,244233,City College-Hollywood,,0.1531,0,0,0,0,0,0,0,0,0,0,0,0,0,0,0,0,0,0,0,0,0,0,0,0,0,0,0,0,0,0,0,0,0,0,0.8469,0,0,2195,5921,,15,,,1,1,2
5109,"Allied Health Diagnostic, Intervention, and Treatment Professions.",244233,2,2,78.0,75.0,2.0,290.0,244233,City College-Hollywood,,0.1531,0,0,0,0,0,0,0,0,0,0,0,0,0,0,0,0,0,0,0,0,0,0,0,0,0,0,0,0,0,0,0,0,0,0,0.8469,0,0,2195,5921,,15,,,1,1,2
5202,"Business Administration, Management and Operations.",244233,3,2,74.0,40.0,0.0,276.0,244233,City College-Hollywood,,0.1531,0,0,0,0,0,0,0,0,0,0,0,0,0,0,0,0,0,0,0,0,0,0,0,0,0,0,0,0,0,0,0,0,0,0,0.8469,0,0,2195,5921,,15,,,1,1,2
5202,"Business Administration, Management and Operations.",244233,1,3,36.0,32.0,1.0,501.0,244233,City College-Hollywood,,0.1531,0,0,0,0,0,0,0,0,0,0,0,0,0,0,0,0,0,0,0,0,0,0,0,0,0,0,0,0,0,0,0,0,0,0,0.8469,0,0,2195,5921,,15,,,1,1,2
5106,Dental Support Services and Allied Professions.,244279,1,1,24.0,18.0,3.0,101.0,244279,Meridian College,7,0,0,0,0,0,0,0,0.4286,0,0,0,0,0,0,0,0,0,0,0,0,0,0,0,0,0,0,0,0,0,0,0,0,0,0,0,0.5714,0,0,7545,3813,,15,,,1,,1
5107,Health and Medical Administrative Services.,244279,1,1,23.0,24.0,3.0,138.0,244279,Meridian College,7,0,0,0,0,0,0,0,0.4286,0,0,0,0,0,0,0,0,0,0,0,0,0,0,0,0,0,0,0,0,0,0,0,0,0,0,0,0.5714,0,0,7545,3813,,15,,,1,,1
5108,Allied Health and Medical Assisting Services.,244279,1,1,76.0,89.0,4.0,138.0,244279,Meridian College,7,0,0,0,0,0,0,0,0.4286,0,0,0,0,0,0,0,0,0,0,0,0,0,0,0,0,0,0,0,0,0,0,0,0,0,0,0,0.5714,0,0,7545,3813,,15,,,1,,1
5109,"Allied Health Diagnostic, Intervention, and Treatment Professions.",244279,1,2,50.0,38.0,1.0,286.0,244279,Meridian College,7,0,0,0,0,0,0,0,0.4286,0,0,0,0,0,0,0,0,0,0,0,0,0,0,0,0,0,0,0,0,0,0,0,0,0,0,0,0.5714,0,0,7545,3813,,15,,,1,,1
5138,"Registered Nursing, Nursing Administration, Nursing Research and Clinical Nursing.",244279,0,2,,67.0,4.0,,244279,Meridian College,7,0,0,0,0,0,0,0,0.4286,0,0,0,0,0,0,0,0,0,0,0,0,0,0,0,0,0,0,0,0,0,0,0,0,0,0,0,0.5714,0,0,7545,3813,,15,,,1,,1
5139,"Practical Nursing, Vocational Nursing and Nursing Assistants.",244279,0,1,,69.0,0.0,,244279,Meridian College,7,0,0,0,0,0,0,0,0.4286,0,0,0,0,0,0,0,0,0,0,0,0,0,0,0,0,0,0,0,0,0,0,0,0,0,0,0,0.5714,0,0,7545,3813,,15,,,1,,1
2401,"Liberal Arts and Sciences, General Studies and Humanities.",262129,1,3,77.0,41.0,4.0,164.0,262129,New College of Florida,,0,0.0652,0,0,0,0,0,0,0,0,0,0.058,0,0,0,0.4638,0,0,0,0,0.413,0,0,0,0,0,0,0,0,0,0,0,0,0,0,0,0,0,21232,10340,0.844,8,48064213,48987288,0,0.732,2
3001,Biological and Physical Sciences.,262129,1,3,30.0,16.0,3.0,177.0,262129,New College of Florida,,0,0.0652,0,0,0,0,0,0,0,0,0,0.058,0,0,0,0.4638,0,0,0,0,0.413,0,0,0,0,0,0,0,0,0,0,0,0,0,0,0,0,0,21232,10340,0.844,8,48064213,48987288,0,0.732,2
1204,Cosmetology and Related Personal Grooming Services.,362700,1,1,302.0,228.0,42.0,97.0,362700,Aveda Institute-Fort Myers,5,0,0,0,0,0,0,0,0.9645,0,0,0,0,0,0,0,0,0,0,0,0,0,0,0,0,0,0,0,0,0,0,0,0,0,0,0,0.0355,0,0,5689,,,12,,,0,,1
5135,Somatic Bodywork and Related Therapeutic Services.,362700,1,1,72.0,53.0,7.0,74.0,362700,Aveda Institute-Fort Myers,5,0,0,0,0,0,0,0,0.9645,0,0,0,0,0,0,0,0,0,0,0,0,0,0,0,0,0,0,0,0,0,0,0,0,0,0,0,0.0355,0,0,5689,,,12,,,0,,1
1109,Computer Systems Networking and Telecommunications.,366553,1,2,25.0,18.0,1.0,,366553,Southern Technical College,,0.0885,0,0,0,0,0,0,0,0,0.2988,0,0,0,0,0,0,0,0,0,0,0,0,0,0,0,0,0,0,0,0,0,0,0,0,0,0.6127,0,0,5812,5616,0.5,20,,,1,,1
5107,Health and Medical Administrative Services.,366553,0,1,27.0,26.0,2.0,152.0,366553,Southern Technical College,,0.0885,0,0,0,0,0,0,0,0,0.2988,0,0,0,0,0,0,0,0,0,0,0,0,0,0,0,0,0,0,0,0,0,0,0,0,0,0.6127,0,0,5812,5616,0.5,20,,,1,,1
5108,Allied Health and Medical Assisting Services.,366553,1,1,331.0,297.0,19.0,118.0,366553,Southern Technical College,,0.0885,0,0,0,0,0,0,0,0,0.2988,0,0,0,0,0,0,0,0,0,0,0,0,0,0,0,0,0,0,0,0,0,0,0,0,0,0.6127,0,0,5812,5616,0.5,20,,,1,,1
5108,Allied Health and Medical Assisting Services.,366553,1,2,29.0,16.0,1.0,,366553,Southern Technical College,,0.0885,0,0,0,0,0,0,0,0,0.2988,0,0,0,0,0,0,0,0,0,0,0,0,0,0,0,0,0,0,0,0,0,0,0,0,0,0.6127,0,0,5812,5616,0.5,20,,,1,,1
5109,"Allied Health Diagnostic, Intervention, and Treatment Professions.",366553,1,2,128.0,104.0,6.0,239.0,366553,Southern Technical College,,0.0885,0,0,0,0,0,0,0,0,0.2988,0,0,0,0,0,0,0,0,0,0,0,0,0,0,0,0,0,0,0,0,0,0,0,0,0,0.6127,0,0,5812,5616,0.5,20,,,1,,1
5138,"Registered Nursing, Nursing Administration, Nursing Research and Clinical Nursing.",366553,1,2,165.0,109.0,6.0,262.0,366553,Southern Technical College,,0.0885,0,0,0,0,0,0,0,0,0.2988,0,0,0,0,0,0,0,0,0,0,0,0,0,0,0,0,0,0,0,0,0,0,0,0,0,0.6127,0,0,5812,5616,0.5,20,,,1,,1
5202,"Business Administration, Management and Operations.",366553,2,2,26.0,,6.0,312.0,366553,Southern Technical College,,0.0885,0,0,0,0,0,0,0,0,0.2988,0,0,0,0,0,0,0,0,0,0,0,0,0,0,0,0,0,0,0,0,0,0,0,0,0,0.6127,0,0,5812,5616,0.5,20,,,1,,1
5110,Clinical/Medical Laboratory Science/Research and Allied Professions.,367875,1,1,,31.0,2.0,,367875,H W Brewster Technical College,6,0,0,0,0,0,0,0.0205,0,0,0,0,0,0.6598,0,0,0,0,0,0,0,0,0,0,0,0,0,0,0,0,0,0,0.209,0,0,0,0.1025,0.0082,0,2884,,,15,,,1,,1
5139,"Practical Nursing, Vocational Nursing and Nursing Assistants.",367875,0,1,,21.0,0.0,,367875,H W Brewster Technical College,6,0,0,0,0,0,0,0.0205,0,0,0,0,0,0.6598,0,0,0,0,0,0,0,0,0,0,0,0,0,0,0,0,0,0,0.209,0,0,0,0.1025,0.0082,0,2884,,,15,,,1,,1
4706,Vehicle Maintenance and Repair Technologies/Technicians.,369400,1,1,2883.0,2558.0,173.0,143.0,369400,Universal Technical Institute-Orlando,18,0,0,0,0,0,0,0,0,0,0,0,0,0,0,0,0,0,0,0,0,0,0,0,0,0,0,0,0,0,0,0,1,0,0,0,0,0,0,3356,5963,,15,,,0,,1
4706,Vehicle Maintenance and Repair Technologies/Technicians.,369400,1,2,737.0,818.0,38.0,184.0,369400,Universal Technical Institute-Orlando,18,0,0,0,0,0,0,0,0,0,0,0,0,0,0,0,0,0,0,0,0,0,0,0,0,0,0,0,0,0,0,0,1,0,0,0,0,0,0,3356,5963,,15,,,0,,1
1204,Cosmetology and Related Personal Grooming Services.,369419,1,1,,62.0,8.0,,369419,Erwin Technical College,23,0,0,0,0,0,0,0.1124,0.2219,0,0,0.0197,0,0,0,0,0,0,0,0,0,0,0,0,0,0,0,0,0,0,0,0.1545,0.1152,0.0646,0,0,0.2865,0.0253,0,1446,,,20,,,1,,1
4603,Electrical and Power Transmission Installers.,369419,1,1,,,2.0,,369419,Erwin Technical College,23,0,0,0,0,0,0,0.1124,0.2219,0,0,0.0197,0,0,0,0,0,0,0,0,0,0,0,0,0,0,0,0,0,0,0,0.1545,0.1152,0.0646,0,0,0.2865,0.0253,0,1446,,,20,,,1,,1
4706,Vehicle Maintenance and Repair Technologies/Technicians.,369419,1,1,,31.0,2.0,,369419,Erwin Technical College,23,0,0,0,0,0,0,0.1124,0.2219,0,0,0.0197,0,0,0,0,0,0,0,0,0,0,0,0,0,0,0,0,0,0,0,0.1545,0.1152,0.0646,0,0,0.2865,0.0253,0,1446,,,20,,,1,,1
5107,Health and Medical Administrative Services.,369419,1,1,,18.0,2.0,,369419,Erwin Technical College,23,0,0,0,0,0,0,0.1124,0.2219,0,0,0.0197,0,0,0,0,0,0,0,0,0,0,0,0,0,0,0,0,0,0,0,0.1545,0.1152,0.0646,0,0,0.2865,0.0253,0,1446,,,20,,,1,,1
5109,"Allied Health Diagnostic, Intervention, and Treatment Professions.",369419,1,1,,26.0,2.0,,369419,Erwin Technical College,23,0,0,0,0,0,0,0.1124,0.2219,0,0,0.0197,0,0,0,0,0,0,0,0,0,0,0,0,0,0,0,0,0,0,0,0.1545,0.1152,0.0646,0,0,0.2865,0.0253,0,1446,,,20,,,1,,1
5110,Clinical/Medical Laboratory Science/Research and Allied Professions.,369419,1,1,,30.0,0.0,,369419,Erwin Technical College,23,0,0,0,0,0,0,0.1124,0.2219,0,0,0.0197,0,0,0,0,0,0,0,0,0,0,0,0,0,0,0,0,0,0,0,0.1545,0.1152,0.0646,0,0,0.2865,0.0253,0,1446,,,20,,,1,,1
5135,Somatic Bodywork and Related Therapeutic Services.,369419,1,1,,,0.0,,369419,Erwin Technical College,23,0,0,0,0,0,0,0.1124,0.2219,0,0,0.0197,0,0,0,0,0,0,0,0,0,0,0,0,0,0,0,0,0,0,0,0.1545,0.1152,0.0646,0,0,0.2865,0.0253,0,1446,,,20,,,1,,1
5139,"Practical Nursing, Vocational Nursing and Nursing Assistants.",369419,1,1,,110.0,6.0,,369419,Erwin Technical College,23,0,0,0,0,0,0,0.1124,0.2219,0,0,0.0197,0,0,0,0,0,0,0,0,0,0,0,0,0,0,0,0,0,0,0,0.1545,0.1152,0.0646,0,0,0.2865,0.0253,0,1446,,,20,,,1,,1
5203,Accounting and Related Services.,369419,1,1,,,3.0,,369419,Erwin Technical College,23,0,0,0,0,0,0,0.1124,0.2219,0,0,0.0197,0,0,0,0,0,0,0,0,0,0,0,0,0,0,0,0,0,0,0,0.1545,0.1152,0.0646,0,0,0.2865,0.0253,0,1446,,,20,,,1,,1
1204,Cosmetology and Related Personal Grooming Services.,372462,1,1,62.0,61.0,14.0,67.0,372462,Academy of Cosmetology,9,0,0,0,0,0,0,0,0.8116,0,0,0,0,0,0,0,0,0,0,0,0,0,0,0,0,0,0,0,0,0,0,0,0,0,0,0,0.1884,0,0,3631,,,7,,,0,,1
5135,Somatic Bodywork and Related Therapeutic Services.,372462,1,1,18.0,16.0,2.0,,372462,Academy of Cosmetology,9,0,0,0,0,0,0,0,0.8116,0,0,0,0,0,0,0,0,0,0,0,0,0,0,0,0,0,0,0,0,0,0,0,0,0,0,0,0.1884,0,0,3631,,,7,,,0,,1
1204,Cosmetology and Related Personal Grooming Services.,378886,1,1,246.0,212.0,44.0,67.0,378886,Artistic Nails and Beauty Academy-Tampa,7,0,0,0,0,0,0,0,0.8813,0,0,0,0,0,0,0,0,0,0,0,0,0,0,0,0,0,0,0,0,0,0,0,0,0,0,0,0.1187,0,0,4084,,,15,,,0,,1
4706,Vehicle Maintenance and Repair Technologies/Technicians.,378956,1,1,507.0,538.0,40.0,241.0,378956,National Aviation Academy of Tampa Bay,3,0,0,0,0,0,0,0,0,0,0,0,0,0,0,0,0,0,0,0,0,0,0,0,0,0,0,0,0,0,0,0,1,0,0,0,0,0,0,3213,,,17,,,1,,1
1204,Cosmetology and Related Personal Grooming Services.,383163,1,1,206.0,118.0,35.0,86.0,383163,La Belle Beauty Academy,6,0,0,0,0,0,0,0,0.9593,0,0,0,0,0,0,0,0,0,0,0,0,0,0,0,0,0,0,0,0,0,0,0,0,0,0,0,0.0407,0,0,6746,,,20,,,0,,1
5135,Somatic Bodywork and Related Therapeutic Services.,383163,1,1,45.0,30.0,3.0,63.0,383163,La Belle Beauty Academy,6,0,0,0,0,0,0,0,0.9593,0,0,0,0,0,0,0,0,0,0,0,0,0,0,0,0,0,0,0,0,0,0,0,0,0,0,0,0.0407,0,0,6746,,,20,,,0,,1
1204,Cosmetology and Related Personal Grooming Services.,385132,1,1,57.0,100.0,12.0,72.0,385132,The Salon Professional Academy-Melbourne,6,0,0,0,0,0,0,0,1,0,0,0,0,0,0,0,0,0,0,0,0,0,0,0,0,0,0,0,0,0,0,0,0,0,0,0,0,0,0,5928,,,10,,,0,,1
0302,Environmental/Natural Resources Management and Policy.,385619,3,3,25.0,26.0,6.0,426.0,385619,Everglades University,,0,0.0778,0,0,0,0,0,0,0,0,0.0361,0,0,0,0,0,0,0,0,0,0,0,0,0,0,0,0,0.0167,0,0,0,0,0,0.1833,0,0.2944,0.3917,0,5573,5277,0.2671,17,,,0,0.8145,2
4901,Air Transportation.,385619,3,3,63.0,55.0,6.0,364.0,385619,Everglades University,,0,0.0778,0,0,0,0,0,0,0,0,0.0361,0,0,0,0,0,0,0,0,0,0,0,0,0,0,0,0,0.0167,0,0,0,0,0,0.1833,0,0.2944,0.3917,0,5573,5277,0.2671,17,,,0,0.8145,2
4901,Air Transportation.,385619,3,5,,20.0,0.0,530.0,385619,Everglades University,,0,0.0778,0,0,0,0,0,0,0,0,0.0361,0,0,0,0,0,0,0,0,0,0,0,0,0,0,0,0,0.0167,0,0,0,0,0,0.1833,0,0.2944,0.3917,0,5573,5277,0.2671,17,,,0,0.8145,2
5122,Public Health.,385619,3,5,71.0,57.0,11.0,466.0,385619,Everglades University,,0,0.0778,0,0,0,0,0,0,0,0,0.0361,0,0,0,0,0,0,0,0,0,0,0,0,0,0,0,0,0.0167,0,0,0,0,0,0.1833,0,0.2944,0.3917,0,5573,5277,0.2671,17,,,0,0.8145,2
5133,Alternative and Complementary Medicine and Medical Systems.,385619,3,3,236.0,136.0,33.0,443.0,385619,Everglades University,,0,0.0778,0,0,0,0,0,0,0,0,0.0361,0,0,0,0,0,0,0,0,0,0,0,0,0,0,0,0,0.0167,0,0,0,0,0,0.1833,0,0.2944,0.3917,0,5573,5277,0.2671,17,,,0,0.8145,2
5202,"Business Administration, Management and Operations.",385619,3,5,53.0,44.0,8.0,404.0,385619,Everglades University,,0,0.0778,0,0,0,0,0,0,0,0,0.0361,0,0,0,0,0,0,0,0,0,0,0,0,0,0,0,0,0.0167,0,0,0,0,0,0.1833,0,0.2944,0.3917,0,5573,5277,0.2671,17,,,0,0.8145,2
5220,Construction Management.,385619,3,3,105.0,108.0,14.0,402.0,385619,Everglades University,,0,0.0778,0,0,0,0,0,0,0,0,0.0361,0,0,0,0,0,0,0,0,0,0,0,0,0,0,0,0,0.0167,0,0,0,0,0,0.1833,0,0.2944,0.3917,0,5573,5277,0.2671,17,,,0,0.8145,2
1102,Computer Programming.,386472,3,3,24.0,28.0,0.0,329.0,386472,Herzing University-Orlando,,0,0,0,0,0,0,0.0242,0,0,0,0,0,0,0.0061,0,0.0212,0,0,0,0,0,0,0,0,0,0,0,0,0,0,0,0,0,0,0,0.9273,0.0212,0,5219,7718,0.2069,16,,,0,0.942,2
1109,Computer Systems Networking and Telecommunications.,386472,3,2,43.0,30.0,1.0,259.0,386472,Herzing University-Orlando,,0,0,0,0,0,0,0.0242,0,0,0,0,0,0,0.0061,0,0.0212,0,0,0,0,0,0,0,0,0,0,0,0,0,0,0,0,0,0,0,0.9273,0.0212,0,5219,7718,0.2069,16,,,0,0.942,2
1110,Computer/Information Technology Administration and Management.,386472,3,3,46.0,53.0,4.0,341.0,386472,Herzing University-Orlando,,0,0,0,0,0,0,0.0242,0,0,0,0,0,0,0.0061,0,0.0212,0,0,0,0,0,0,0,0,0,0,0,0,0,0,0,0,0,0,0,0.9273,0.0212,0,5219,7718,0.2069,16,,,0,0.942,2
2203,Legal Support Services.,386472,3,2,44.0,29.0,4.0,250.0,386472,Herzing University-Orlando,,0,0,0,0,0,0,0.0242,0,0,0,0,0,0,0.0061,0,0.0212,0,0,0,0,0,0,0,0,0,0,0,0,0,0,0,0,0,0,0,0.9273,0.0212,0,5219,7718,0.2069,16,,,0,0.942,2
4301,Criminal Justice and Corrections.,386472,3,2,36.0,,1.0,142.0,386472,Herzing University-Orlando,,0,0,0,0,0,0,0.0242,0,0,0,0,0,0,0.0061,0,0.0212,0,0,0,0,0,0,0,0,0,0,0,0,0,0,0,0,0,0,0,0.9273,0.0212,0,5219,7718,0.2069,16,,,0,0.942,2
4301,Criminal Justice and Corrections.,386472,3,3,85.0,73.0,6.0,205.0,386472,Herzing University-Orlando,,0,0,0,0,0,0,0.0242,0,0,0,0,0,0,0.0061,0,0.0212,0,0,0,0,0,0,0,0,0,0,0,0,0,0,0,0,0,0,0,0.9273,0.0212,0,5219,7718,0.2069,16,,,0,0.942,2
5107,Health and Medical Administrative Services.,386472,3,1,250.0,143.0,36.0,193.0,386472,Herzing University-Orlando,,0,0,0,0,0,0,0.0242,0,0,0,0,0,0,0.0061,0,0.0212,0,0,0,0,0,0,0,0,0,0,0,0,0,0,0,0,0,0,0,0.9273,0.0212,0,5219,7718,0.2069,16,,,0,0.942,2
5107,Health and Medical Administrative Services.,386472,3,2,432.0,292.0,41.0,272.0,386472,Herzing University-Orlando,,0,0,0,0,0,0,0.0242,0,0,0,0,0,0,0.0061,0,0.0212,0,0,0,0,0,0,0,0,0,0,0,0,0,0,0,0,0,0,0,0.9273,0.0212,0,5219,7718,0.2069,16,,,0,0.942,2
5107,Health and Medical Administrative Services.,386472,3,3,140.0,100.0,6.0,401.0,386472,Herzing University-Orlando,,0,0,0,0,0,0,0.0242,0,0,0,0,0,0,0.0061,0,0.0212,0,0,0,0,0,0,0,0,0,0,0,0,0,0,0,0,0,0,0,0.9273,0.0212,0,5219,7718,0.2069,16,,,0,0.942,2
5108,Allied Health and Medical Assisting Services.,386472,3,1,188.0,137.0,8.0,198.0,386472,Herzing University-Orlando,,0,0,0,0,0,0,0.0242,0,0,0,0,0,0,0.0061,0,0.0212,0,0,0,0,0,0,0,0,0,0,0,0,0,0,0,0,0,0,0,0.9273,0.0212,0,5219,7718,0.2069,16,,,0,0.942,2
5108,Allied Health and Medical Assisting Services.,386472,1,2,173.0,164.0,7.0,223.0,386472,Herzing University-Orlando,,0,0,0,0,0,0,0.0242,0,0,0,0,0,0,0.0061,0,0.0212,0,0,0,0,0,0,0,0,0,0,0,0,0,0,0,0,0,0,0,0.9273,0.0212,0,5219,7718,0.2069,16,,,0,0.942,2
5109,"Allied Health Diagnostic, Intervention, and Treatment Professions.",386472,1,2,101.0,93.0,1.0,227.0,386472,Herzing University-Orlando,,0,0,0,0,0,0,0.0242,0,0,0,0,0,0,0.0061,0,0.0212,0,0,0,0,0,0,0,0,0,0,0,0,0,0,0,0,0,0,0,0.9273,0.0212,0,5219,7718,0.2069,16,,,0,0.942,2
5138,"Registered Nursing, Nursing Administration, Nursing Research and Clinical Nursing.",386472,1,2,406.0,309.0,4.0,204.0,386472,Herzing University-Orlando,,0,0,0,0,0,0,0.0242,0,0,0,0,0,0,0.0061,0,0.0212,0,0,0,0,0,0,0,0,0,0,0,0,0,0,0,0,0,0,0,0.9273,0.0212,0,5219,7718,0.2069,16,,,0,0.942,2
5138,"Registered Nursing, Nursing Administration, Nursing Research and Clinical Nursing.",386472,1,3,522.0,543.0,13.0,292.0,386472,Herzing University-Orlando,,0,0,0,0,0,0,0.0242,0,0,0,0,0,0,0.0061,0,0.0212,0,0,0,0,0,0,0,0,0,0,0,0,0,0,0,0,0,0,0,0.9273,0.0212,0,5219,7718,0.2069,16,,,0,0.942,2
5139,"Practical Nursing, Vocational Nursing and Nursing Assistants.",386472,1,1,178.0,115.0,3.0,152.0,386472,Herzing University-Orlando,,0,0,0,0,0,0,0.0242,0,0,0,0,0,0,0.0061,0,0.0212,0,0,0,0,0,0,0,0,0,0,0,0,0,0,0,0,0,0,0,0.9273,0.0212,0,5219,7718,0.2069,16,,,0,0.942,2
5202,"Business Administration, Management and Operations.",386472,3,2,68.0,40.0,2.0,312.0,386472,Herzing University-Orlando,,0,0,0,0,0,0,0.0242,0,0,0,0,0,0,0.0061,0,0.0212,0,0,0,0,0,0,0,0,0,0,0,0,0,0,0,0,0,0,0,0.9273,0.0212,0,5219,7718,0.2069,16,,,0,0.942,2
5202,"Business Administration, Management and Operations.",386472,3,3,153.0,130.0,3.0,358.0,386472,Herzing University-Orlando,,0,0,0,0,0,0,0.0242,0,0,0,0,0,0,0.0061,0,0.0212,0,0,0,0,0,0,0,0,0,0,0,0,0,0,0,0,0,0,0,0.9273,0.0212,0,5219,7718,0.2069,16,,,0,0.942,2
5202,"Business Administration, Management and Operations.",386472,3,5,203.0,190.0,4.0,466.0,386472,Herzing University-Orlando,,0,0,0,0,0,0,0.0242,0,0,0,0,0,0,0.0061,0,0.0212,0,0,0,0,0,0,0,0,0,0,0,0,0,0,0,0,0,0,0,0.9273,0.0212,0,5219,7718,0.2069,16,,,0,0.942,2
5203,Accounting and Related Services.,386472,3,1,27.0,19.0,1.0,141.0,386472,Herzing University-Orlando,,0,0,0,0,0,0,0.0242,0,0,0,0,0,0,0.0061,0,0.0212,0,0,0,0,0,0,0,0,0,0,0,0,0,0,0,0,0,0,0,0.9273,0.0212,0,5219,7718,0.2069,16,,,0,0.942,2
5203,Accounting and Related Services.,386472,3,2,20.0,,1.0,,386472,Herzing University-Orlando,,0,0,0,0,0,0,0.0242,0,0,0,0,0,0,0.0061,0,0.0212,0,0,0,0,0,0,0,0,0,0,0,0,0,0,0,0,0,0,0,0.9273,0.0212,0,5219,7718,0.2069,16,,,0,0.942,2
5203,Accounting and Related Services.,386472,3,3,24.0,16.0,0.0,,386472,Herzing University-Orlando,,0,0,0,0,0,0,0.0242,0,0,0,0,0,0,0.0061,0,0.0212,0,0,0,0,0,0,0,0,0,0,0,0,0,0,0,0,0,0,0,0.9273,0.0212,0,5219,7718,0.2069,16,,,0,0.942,2
1204,Cosmetology and Related Personal Grooming Services.,387925,1,1,307.0,232.0,44.0,67.0,387925,Cortiva Institute,4,0,0,0,0,0,0,0,0.5614,0,0,0,0,0,0,0,0,0,0,0,0,0,0,0,0,0,0,0,0,0,0,0,0,0,0,0,0.4386,0,0,1891,,,,,,0,,1
5135,Somatic Bodywork and Related Therapeutic Services.,387925,1,1,306.0,258.0,36.0,84.0,387925,Cortiva Institute,4,0,0,0,0,0,0,0,0.5614,0,0,0,0,0,0,0,0,0,0,0,0,0,0,0,0,0,0,0,0,0,0,0,0,0,0,0,0.4386,0,0,1891,,,,,,0,,1
5138,"Registered Nursing, Nursing Administration, Nursing Research and Clinical Nursing.",406024,1,2,2345.0,1711.0,27.0,263.0,406024,Galen College of Nursing-Tampa Bay,,0,0,0,0,0,0,0,0,0,0,0,0,0,0,0,0,0,0,0,0,0,0,0,0,0,0,0,0,0,0,0,0,0,0,0,1,0,0,8005,6712,0.5938,12,,,1,,1
5138,"Registered Nursing, Nursing Administration, Nursing Research and Clinical Nursing.",406024,1,3,536.0,607.0,9.0,385.0,406024,Galen College of Nursing-Tampa Bay,,0,0,0,0,0,0,0,0,0,0,0,0,0,0,0,0,0,0,0,0,0,0,0,0,0,0,0,0,0,0,0,0,0,0,0,1,0,0,8005,6712,0.5938,12,,,1,,1
5139,"Practical Nursing, Vocational Nursing and Nursing Assistants.",406024,1,1,694.0,375.0,12.0,168.0,406024,Galen College of Nursing-Tampa Bay,,0,0,0,0,0,0,0,0,0,0,0,0,0,0,0,0,0,0,0,0,0,0,0,0,0,0,0,0,0,0,0,0,0,0,0,1,0,0,8005,6712,0.5938,12,,,1,,1
5135,Somatic Bodywork and Related Therapeutic Services.,406149,1,1,117.0,93.0,9.0,90.0,406149,Sarasota School of Massage Therapy,1,0,0,0,0,0,0,0,0,0,0,0,0,0,0,0,0,0,0,0,0,0,0,0,0,0,0,0,0,0,0,0,0,0,0,0,1,0,0,3907,,,9,,,0,,1
1110,Computer/Information Technology Administration and Management.,408844,3,2,14.0,,0.0,237.0,408844,Florida National University-Main Campus,,0,0,0,0,0,0,0.0381,0,0.0063,0,0,0,0,0.0159,0,0.0302,0,0,0,0,0,0,0,0,0,0,0.1016,0.0333,0,0,0,0,0,0,0,0.6095,0.1651,0,2747,4619,0.3814,20,,,0,,1
2301,"English Language and Literature, General.",408844,0,1,,158.0,19.0,,408844,Florida National University-Main Campus,,0,0,0,0,0,0,0.0381,0,0.0063,0,0,0,0,0.0159,0,0.0302,0,0,0,0,0,0,0,0,0,0,0.1016,0.0333,0,0,0,0,0,0,0,0.6095,0.1651,0,2747,4619,0.3814,20,,,0,,1
2401,"Liberal Arts and Sciences, General Studies and Humanities.",408844,0,2,31.0,,0.0,229.0,408844,Florida National University-Main Campus,,0,0,0,0,0,0,0.0381,0,0.0063,0,0,0,0,0.0159,0,0.0302,0,0,0,0,0,0,0,0,0,0,0.1016,0.0333,0,0,0,0,0,0,0,0.6095,0.1651,0,2747,4619,0.3814,20,,,0,,1
5100,"Health Services/Allied Health/Health Sciences, General.",408844,3,1,20.0,,0.0,101.0,408844,Florida National University-Main Campus,,0,0,0,0,0,0,0.0381,0,0.0063,0,0,0,0,0.0159,0,0.0302,0,0,0,0,0,0,0,0,0,0,0.1016,0.0333,0,0,0,0,0,0,0,0.6095,0.1651,0,2747,4619,0.3814,20,,,0,,1
5106,Dental Support Services and Allied Professions.,408844,1,1,208.0,127.0,23.0,76.0,408844,Florida National University-Main Campus,,0,0,0,0,0,0,0.0381,0,0.0063,0,0,0,0,0.0159,0,0.0302,0,0,0,0,0,0,0,0,0,0,0.1016,0.0333,0,0,0,0,0,0,0,0.6095,0.1651,0,2747,4619,0.3814,20,,,0,,1
5107,Health and Medical Administrative Services.,408844,3,1,,30.0,2.0,,408844,Florida National University-Main Campus,,0,0,0,0,0,0,0.0381,0,0.0063,0,0,0,0,0.0159,0,0.0302,0,0,0,0,0,0,0,0,0,0,0.1016,0.0333,0,0,0,0,0,0,0,0.6095,0.1651,0,2747,4619,0.3814,20,,,0,,1
5109,"Allied Health Diagnostic, Intervention, and Treatment Professions.",408844,1,2,83.0,70.0,9.0,308.0,408844,Florida National University-Main Campus,,0,0,0,0,0,0,0.0381,0,0.0063,0,0,0,0,0.0159,0,0.0302,0,0,0,0,0,0,0,0,0,0,0.1016,0.0333,0,0,0,0,0,0,0,0.6095,0.1651,0,2747,4619,0.3814,20,,,0,,1
5110,Clinical/Medical Laboratory Science/Research and Allied Professions.,408844,0,1,,31.0,5.0,,408844,Florida National University-Main Campus,,0,0,0,0,0,0,0.0381,0,0.0063,0,0,0,0,0.0159,0,0.0302,0,0,0,0,0,0,0,0,0,0,0.1016,0.0333,0,0,0,0,0,0,0,0.6095,0.1651,0,2747,4619,0.3814,20,,,0,,1
5111,Health/Medical Preparatory Programs.,408844,0,99,,,,,408844,Florida National University-Main Campus,,0,0,0,0,0,0,0.0381,0,0.0063,0,0,0,0,0.0159,0,0.0302,0,0,0,0,0,0,0,0,0,0,0.1016,0.0333,0,0,0,0,0,0,0,0.6095,0.1651,0,2747,4619,0.3814,20,,,0,,1
5122,Public Health.,408844,3,2,61.0,39.0,3.0,247.0,408844,Florida National University-Main Campus,,0,0,0,0,0,0,0.0381,0,0.0063,0,0,0,0,0.0159,0,0.0302,0,0,0,0,0,0,0,0,0,0,0.1016,0.0333,0,0,0,0,0,0,0,0.6095,0.1651,0,2747,4619,0.3814,20,,,0,,1
5122,Public Health.,408844,3,3,47.0,33.0,4.0,465.0,408844,Florida National University-Main Campus,,0,0,0,0,0,0,0.0381,0,0.0063,0,0,0,0,0.0159,0,0.0302,0,0,0,0,0,0,0,0,0,0,0.1016,0.0333,0,0,0,0,0,0,0,0.6095,0.1651,0,2747,4619,0.3814,20,,,0,,1
5122,Public Health.,408844,3,5,,19.0,2.0,,408844,Florida National University-Main Campus,,0,0,0,0,0,0,0.0381,0,0.0063,0,0,0,0,0.0159,0,0.0302,0,0,0,0,0,0,0,0,0,0,0.1016,0.0333,0,0,0,0,0,0,0,0.6095,0.1651,0,2747,4619,0.3814,20,,,0,,1
5138,"Registered Nursing, Nursing Administration, Nursing Research and Clinical Nursing.",408844,1,2,195.0,88.0,6.0,323.0,408844,Florida National University-Main Campus,,0,0,0,0,0,0,0.0381,0,0.0063,0,0,0,0,0.0159,0,0.0302,0,0,0,0,0,0,0,0,0,0,0.1016,0.0333,0,0,0,0,0,0,0,0.6095,0.1651,0,2747,4619,0.3814,20,,,0,,1
5138,"Registered Nursing, Nursing Administration, Nursing Research and Clinical Nursing.",408844,2,3,267.0,184.0,3.0,389.0,408844,Florida National University-Main Campus,,0,0,0,0,0,0,0.0381,0,0.0063,0,0,0,0,0.0159,0,0.0302,0,0,0,0,0,0,0,0,0,0,0.1016,0.0333,0,0,0,0,0,0,0,0.6095,0.1651,0,2747,4619,0.3814,20,,,0,,1
5138,"Registered Nursing, Nursing Administration, Nursing Research and Clinical Nursing.",408844,3,5,85.0,110.0,4.0,338.0,408844,Florida National University-Main Campus,,0,0,0,0,0,0,0.0381,0,0.0063,0,0,0,0,0.0159,0,0.0302,0,0,0,0,0,0,0,0,0,0,0.1016,0.0333,0,0,0,0,0,0,0,0.6095,0.1651,0,2747,4619,0.3814,20,,,0,,1
5202,"Business Administration, Management and Operations.",408844,3,3,27.0,24.0,1.0,430.0,408844,Florida National University-Main Campus,,0,0,0,0,0,0,0.0381,0,0.0063,0,0,0,0,0.0159,0,0.0302,0,0,0,0,0,0,0,0,0,0,0.1016,0.0333,0,0,0,0,0,0,0,0.6095,0.1651,0,2747,4619,0.3814,20,,,0,,1
5202,"Business Administration, Management and Operations.",408844,3,5,17.0,18.0,2.0,,408844,Florida National University-Main Campus,,0,0,0,0,0,0,0.0381,0,0.0063,0,0,0,0,0.0159,0,0.0302,0,0,0,0,0,0,0,0,0,0,0.1016,0.0333,0,0,0,0,0,0,0,0.6095,0.1651,0,2747,4619,0.3814,20,,,0,,1
5203,Accounting and Related Services.,408844,3,2,52.0,21.0,3.0,245.0,408844,Florida National University-Main Campus,,0,0,0,0,0,0,0.0381,0,0.0063,0,0,0,0,0.0159,0,0.0302,0,0,0,0,0,0,0,0,0,0,0.1016,0.0333,0,0,0,0,0,0,0,0.6095,0.1651,0,2747,4619,0.3814,20,,,0,,1
5203,Accounting and Related Services.,408844,3,3,29.0,32.0,3.0,438.0,408844,Florida National University-Main Campus,,0,0,0,0,0,0,0.0381,0,0.0063,0,0,0,0,0.0159,0,0.0302,0,0,0,0,0,0,0,0,0,0,0.1016,0.0333,0,0,0,0,0,0,0,0.6095,0.1651,0,2747,4619,0.3814,20,,,0,,1
5299,"Business, Management, Marketing, and Related Support Services, Other.",408844,3,2,32.0,,2.0,220.0,408844,Florida National University-Main Campus,,0,0,0,0,0,0,0.0381,0,0.0063,0,0,0,0,0.0159,0,0.0302,0,0,0,0,0,0,0,0,0,0,0.1016,0.0333,0,0,0,0,0,0,0,0.6095,0.1651,0,2747,4619,0.3814,20,,,0,,1
1204,Cosmetology and Related Personal Grooming Services.,409032,1,1,,,4.0,,409032,Nouvelle Institute,3,0,0,0,0,0,0,0,1,0,0,0,0,0,0,0,0,0,0,0,0,0,0,0,0,0,0,0,0,0,0,0,0,0,0,0,0,0,0,1086,,,1,,,0,,1
5138,"Registered Nursing, Nursing Administration, Nursing Research and Clinical Nursing.",412173,1,2,,53.0,0.0,300.0,412173,Academy for Nursing and Health Occupations,3,0,0,0,0,0,0,0,0,0,0,0,0,0,0,0,0,0,0,0,0,0,0,0,0,0,0,0,0,0,0,0,0,0,0,0,1,0,0,7204,8372,0.625,28,,,1,,1
5139,"Practical Nursing, Vocational Nursing and Nursing Assistants.",412173,1,1,98.0,68.0,2.0,166.0,412173,Academy for Nursing and Health Occupations,3,0,0,0,0,0,0,0,0,0,0,0,0,0,0,0,0,0,0,0,0,0,0,0,0,0,0,0,0,0,0,0,0,0,0,0,1,0,0,7204,8372,0.625,28,,,1,,1
2203,Legal Support Services.,417327,1,2,17.0,,1.0,,417327,City College-Altamonte Springs,,0,0,0,0,0,0,0,0,0,0,0,0,0,0,0,0,0,0,0,0,0,0,0,0,0,0,0,0,0,0,0,0,0,0,0,1,0,0,4972,6949,,15,,,0,1,2
5107,Health and Medical Administrative Services.,417327,1,2,20.0,,1.0,,417327,City College-Altamonte Springs,,0,0,0,0,0,0,0,0,0,0,0,0,0,0,0,0,0,0,0,0,0,0,0,0,0,0,0,0,0,0,0,0,0,0,0,1,0,0,4972,6949,,15,,,0,1,2
5108,Allied Health and Medical Assisting Services.,417327,1,2,30.0,21.0,0.0,265.0,417327,City College-Altamonte Springs,,0,0,0,0,0,0,0,0,0,0,0,0,0,0,0,0,0,0,0,0,0,0,0,0,0,0,0,0,0,0,0,0,0,0,0,1,0,0,4972,6949,,15,,,0,1,2
5109,"Allied Health Diagnostic, Intervention, and Treatment Professions.",417327,1,2,23.0,20.0,2.0,260.0,417327,City College-Altamonte Springs,,0,0,0,0,0,0,0,0,0,0,0,0,0,0,0,0,0,0,0,0,0,0,0,0,0,0,0,0,0,0,0,0,0,0,0,1,0,0,4972,6949,,15,,,0,1,2
5202,"Business Administration, Management and Operations.",417327,1,2,,,0.0,,417327,City College-Altamonte Springs,,0,0,0,0,0,0,0,0,0,0,0,0,0,0,0,0,0,0,0,0,0,0,0,0,0,0,0,0,0,0,0,0,0,0,0,1,0,0,4972,6949,,15,,,0,1,2
5139,"Practical Nursing, Vocational Nursing and Nursing Assistants.",419217,1,1,,52.0,8.0,,419217,HCA Florida Mercy Hospital School of Practical Nursing,1,0,0,0,0,0,0,0,0,0,0,0,0,0,0,0,0,0,0,0,0,0,0,0,0,0,0,0,0,0,0,0,0,0,0,0,1,0,0,12841,,,8,,,0,1,2
1204,Cosmetology and Related Personal Grooming Services.,419226,1,1,,67.0,9.0,,419226,Marion Technical College,22,0,0,0,0,0,0,0.0197,0.1957,0,0,0.0251,0,0,0,0,0,0,0,0,0,0,0,0,0,0,0,0,0.2101,0,0,0.0215,0.0269,0.0969,0.1185,0,0.2765,0.009,0,11600,,,9,,,1,,1
1512,Computer Engineering Technologies/Technicians.,419226,1,1,,24.0,4.0,,419226,Marion Technical College,22,0,0,0,0,0,0,0.0197,0.1957,0,0,0.0251,0,0,0,0,0,0,0,0,0,0,0,0,0,0,0,0,0.2101,0,0,0.0215,0.0269,0.0969,0.1185,0,0.2765,0.009,0,11600,,,9,,,1,,1
4302,Fire Protection.,419226,1,1,,35.0,1.0,,419226,Marion Technical College,22,0,0,0,0,0,0,0.0197,0.1957,0,0,0.0251,0,0,0,0,0,0,0,0,0,0,0,0,0,0,0,0,0.2101,0,0,0.0215,0.0269,0.0969,0.1185,0,0.2765,0.009,0,11600,,,9,,,1,,1
4805,Precision Metal Working.,419226,1,1,,37.0,4.0,,419226,Marion Technical College,22,0,0,0,0,0,0,0.0197,0.1957,0,0,0.0251,0,0,0,0,0,0,0,0,0,0,0,0,0,0,0,0,0.2101,0,0,0.0215,0.0269,0.0969,0.1185,0,0.2765,0.009,0,11600,,,9,,,1,,1
5107,Health and Medical Administrative Services.,419226,1,1,,,2.0,,419226,Marion Technical College,22,0,0,0,0,0,0,0.0197,0.1957,0,0,0.0251,0,0,0,0,0,0,0,0,0,0,0,0,0,0,0,0,0.2101,0,0,0.0215,0.0269,0.0969,0.1185,0,0.2765,0.009,0,11600,,,9,,,1,,1
5108,Allied Health and Medical Assisting Services.,419226,1,1,,27.0,1.0,,419226,Marion Technical College,22,0,0,0,0,0,0,0.0197,0.1957,0,0,0.0251,0,0,0,0,0,0,0,0,0,0,0,0,0,0,0,0,0.2101,0,0,0.0215,0.0269,0.0969,0.1185,0,0.2765,0.009,0,11600,,,9,,,1,,1
5109,"Allied Health Diagnostic, Intervention, and Treatment Professions.",419226,1,1,,16.0,0.0,,419226,Marion Technical College,22,0,0,0,0,0,0,0.0197,0.1957,0,0,0.0251,0,0,0,0,0,0,0,0,0,0,0,0,0,0,0,0,0.2101,0,0,0.0215,0.0269,0.0969,0.1185,0,0.2765,0.009,0,11600,,,9,,,1,,1
5139,"Practical Nursing, Vocational Nursing and Nursing Assistants.",419226,1,1,,57.0,0.0,,419226,Marion Technical College,22,0,0,0,0,0,0,0.0197,0.1957,0,0,0.0251,0,0,0,0,0,0,0,0,0,0,0,0,0,0,0,0,0.2101,0,0,0.0215,0.0269,0.0969,0.1185,0,0.2765,0.009,0,11600,,,9,,,1,,1
5106,Dental Support Services and Allied Professions.,423120,1,1,,107.0,11.0,,423120,Compu-Med Vocational Careers Corp,4,0,0,0,0,0,0,0,0,0,0,0,0,0,0,0,0,0,0,0,0,0,0,0,0,0,0,0,0,0,0,0,0,0,0,0,1,0,0,10388,4942,0.2278,25,,,0,,1
5108,Allied Health and Medical Assisting Services.,423120,1,1,,57.0,6.0,,423120,Compu-Med Vocational Careers Corp,4,0,0,0,0,0,0,0,0,0,0,0,0,0,0,0,0,0,0,0,0,0,0,0,0,0,0,0,0,0,0,0,0,0,0,0,1,0,0,10388,4942,0.2278,25,,,0,,1
5139,"Practical Nursing, Vocational Nursing and Nursing Assistants.",423120,1,1,,,2.0,,423120,Compu-Med Vocational Careers Corp,4,0,0,0,0,0,0,0,0,0,0,0,0,0,0,0,0,0,0,0,0,0,0,0,0,0,0,0,0,0,0,0,0,0,0,0,1,0,0,10388,4942,0.2278,25,,,0,,1
1402,"Aerospace, Aeronautical, and Astronautical/Space Engineering.",426314,3,3,356.0,339.0,23.0,279.0,426314,Embry-Riddle Aeronautical University-Worldwide,,0,0,0,0,0.0018,0,0,0,0,0.0468,0.0212,0,0,0,0,0,0,0,0,0,0.0158,0,0,0,0,0,0,0.0144,0,0,0,0.1702,0,0.5313,0,0,0.1986,0,5693,9064,0.2097,23,6465000,7350000,1,0.5791,2
1402,"Aerospace, Aeronautical, and Astronautical/Space Engineering.",426314,3,5,18.0,,2.0,,426314,Embry-Riddle Aeronautical University-Worldwide,,0,0,0,0,0.0018,0,0,0,0,0.0468,0.0212,0,0,0,0,0,0,0,0,0,0.0158,0,0,0,0,0,0,0.0144,0,0,0,0.1702,0,0.5313,0,0,0.1986,0,5693,9064,0.2097,23,6465000,7350000,1,0.5791,2
1427,Systems Engineering.,426314,3,5,33.0,121.0,7.0,387.0,426314,Embry-Riddle Aeronautical University-Worldwide,,0,0,0,0,0.0018,0,0,0,0,0.0468,0.0212,0,0,0,0,0,0,0,0,0,0.0158,0,0,0,0,0,0,0.0144,0,0,0,0.1702,0,0.5313,0,0,0.1986,0,5693,9064,0.2097,23,6465000,7350000,1,0.5791,2
1507,Quality Control and Safety Technologies/Technicians.,426314,3,5,20.0,31.0,3.0,466.0,426314,Embry-Riddle Aeronautical University-Worldwide,,0,0,0,0,0.0018,0,0,0,0,0.0468,0.0212,0,0,0,0,0,0,0,0,0,0.0158,0,0,0,0,0,0,0.0144,0,0,0,0.1702,0,0.5313,0,0,0.1986,0,5693,9064,0.2097,23,6465000,7350000,1,0.5791,2
4228,"Clinical, Counseling and Applied Psychology.",426314,3,5,30.0,43.0,1.0,595.0,426314,Embry-Riddle Aeronautical University-Worldwide,,0,0,0,0,0.0018,0,0,0,0,0.0468,0.0212,0,0,0,0,0,0,0,0,0,0.0158,0,0,0,0,0,0,0.0144,0,0,0,0.1702,0,0.5313,0,0,0.1986,0,5693,9064,0.2097,23,6465000,7350000,1,0.5791,2
4303,Homeland Security.,426314,3,3,74.0,61.0,10.0,217.0,426314,Embry-Riddle Aeronautical University-Worldwide,,0,0,0,0,0.0018,0,0,0,0,0.0468,0.0212,0,0,0,0,0,0,0,0,0,0.0158,0,0,0,0,0,0,0.0144,0,0,0,0.1702,0,0.5313,0,0,0.1986,0,5693,9064,0.2097,23,6465000,7350000,1,0.5791,2
4304,Security Science and Technology.,426314,3,5,,24.0,0.0,,426314,Embry-Riddle Aeronautical University-Worldwide,,0,0,0,0,0.0018,0,0,0,0,0.0468,0.0212,0,0,0,0,0,0,0,0,0,0.0158,0,0,0,0,0,0,0.0144,0,0,0,0.1702,0,0.5313,0,0,0.1986,0,5693,9064,0.2097,23,6465000,7350000,1,0.5791,2
4706,Vehicle Maintenance and Repair Technologies/Technicians.,426314,3,2,22.0,38.0,4.0,163.0,426314,Embry-Riddle Aeronautical University-Worldwide,,0,0,0,0,0.0018,0,0,0,0,0.0468,0.0212,0,0,0,0,0,0,0,0,0,0.0158,0,0,0,0,0,0,0.0144,0,0,0,0.1702,0,0.5313,0,0,0.1986,0,5693,9064,0.2097,23,6465000,7350000,1,0.5791,2
4706,Vehicle Maintenance and Repair Technologies/Technicians.,426314,3,3,32.0,67.0,6.0,240.0,426314,Embry-Riddle Aeronautical University-Worldwide,,0,0,0,0,0.0018,0,0,0,0,0.0468,0.0212,0,0,0,0,0,0,0,0,0,0.0158,0,0,0,0,0,0,0.0144,0,0,0,0.1702,0,0.5313,0,0,0.1986,0,5693,9064,0.2097,23,6465000,7350000,1,0.5791,2
4901,Air Transportation.,426314,3,2,66.0,140.0,12.0,199.0,426314,Embry-Riddle Aeronautical University-Worldwide,,0,0,0,0,0.0018,0,0,0,0,0.0468,0.0212,0,0,0,0,0,0,0,0,0,0.0158,0,0,0,0,0,0,0.0144,0,0,0,0.1702,0,0.5313,0,0,0.1986,0,5693,9064,0.2097,23,6465000,7350000,1,0.5791,2
4901,Air Transportation.,426314,3,3,690.0,1094.0,105.0,246.0,426314,Embry-Riddle Aeronautical University-Worldwide,,0,0,0,0,0.0018,0,0,0,0,0.0468,0.0212,0,0,0,0,0,0,0,0,0,0.0158,0,0,0,0,0,0,0.0144,0,0,0,0.1702,0,0.5313,0,0,0.1986,0,5693,9064,0.2097,23,6465000,7350000,1,0.5791,2
4901,Air Transportation.,426314,3,5,187.0,387.0,37.0,429.0,426314,Embry-Riddle Aeronautical University-Worldwide,,0,0,0,0,0.0018,0,0,0,0,0.0468,0.0212,0,0,0,0,0,0,0,0,0,0.0158,0,0,0,0,0,0,0.0144,0,0,0,0.1702,0,0.5313,0,0,0.1986,0,5693,9064,0.2097,23,6465000,7350000,1,0.5791,2
5202,"Business Administration, Management and Operations.",426314,3,2,22.0,44.0,3.0,243.0,426314,Embry-Riddle Aeronautical University-Worldwide,,0,0,0,0,0.0018,0,0,0,0,0.0468,0.0212,0,0,0,0,0,0,0,0,0,0.0158,0,0,0,0,0,0,0.0144,0,0,0,0.1702,0,0.5313,0,0,0.1986,0,5693,9064,0.2097,23,6465000,7350000,1,0.5791,2
5202,"Business Administration, Management and Operations.",426314,3,3,252.0,426.0,37.0,238.0,426314,Embry-Riddle Aeronautical University-Worldwide,,0,0,0,0,0.0018,0,0,0,0,0.0468,0.0212,0,0,0,0,0,0,0,0,0,0.0158,0,0,0,0,0,0,0.0144,0,0,0,0.1702,0,0.5313,0,0,0.1986,0,5693,9064,0.2097,23,6465000,7350000,1,0.5791,2
5202,"Business Administration, Management and Operations.",426314,3,5,221.0,397.0,32.0,418.0,426314,Embry-Riddle Aeronautical University-Worldwide,,0,0,0,0,0.0018,0,0,0,0,0.0468,0.0212,0,0,0,0,0,0,0,0,0,0.0158,0,0,0,0,0,0,0.0144,0,0,0,0.1702,0,0.5313,0,0,0.1986,0,5693,9064,0.2097,23,6465000,7350000,1,0.5791,2
5212,Management Information Systems and Services.,426314,3,5,25.0,45.0,0.0,379.0,426314,Embry-Riddle Aeronautical University-Worldwide,,0,0,0,0,0.0018,0,0,0,0,0.0468,0.0212,0,0,0,0,0,0,0,0,0,0.0158,0,0,0,0,0,0,0.0144,0,0,0,0.1702,0,0.5313,0,0,0.1986,0,5693,9064,0.2097,23,6465000,7350000,1,0.5791,2
4301,Criminal Justice and Corrections.,427991,1,1,,27.0,2.0,,427991,Osceola Technical College,22,0,0,0,0,0,0.0277,0.0554,0.0554,0,0,0.1231,0,0,0,0,0,0,0,0,0,0,0,0,0,0,0,0,0.1138,0,0,0.0308,0.1077,0.0523,0,0,0.3815,0.0523,0,6039,,,10,,,1,,1
4702,"Heating, Air Conditioning, Ventilation and Refrigeration Maintenance Technology/Technician (HAC, HACR, HVAC, HVACR).",427991,1,1,,,2.0,,427991,Osceola Technical College,22,0,0,0,0,0,0.0277,0.0554,0.0554,0,0,0.1231,0,0,0,0,0,0,0,0,0,0,0,0,0,0,0,0,0.1138,0,0,0.0308,0.1077,0.0523,0,0,0.3815,0.0523,0,6039,,,10,,,1,,1
4706,Vehicle Maintenance and Repair Technologies/Technicians.,427991,1,1,,27.0,3.0,,427991,Osceola Technical College,22,0,0,0,0,0,0.0277,0.0554,0.0554,0,0,0.1231,0,0,0,0,0,0,0,0,0,0,0,0,0,0,0,0,0.1138,0,0,0.0308,0.1077,0.0523,0,0,0.3815,0.0523,0,6039,,,10,,,1,,1
5108,Allied Health and Medical Assisting Services.,427991,1,1,,50.0,5.0,,427991,Osceola Technical College,22,0,0,0,0,0,0.0277,0.0554,0.0554,0,0,0.1231,0,0,0,0,0,0,0,0,0,0,0,0,0,0,0,0,0.1138,0,0,0.0308,0.1077,0.0523,0,0,0.3815,0.0523,0,6039,,,10,,,1,,1
5004,Design and Applied Arts.,428000,1,1,68.0,85.0,7.0,,428000,Miami Ad School,,0,0,0,0,0,0,0,0,0,0,0,0,0,0,0,0,0,0,0,0,0,0,0,0,0,0,0,0,0,0,0,0,0,0,1,0,0,0,11297,,,8,,,0,,1
5108,Allied Health and Medical Assisting Services.,428170,1,1,212.0,160.0,8.0,101.0,428170,Southeastern College-West Palm Beach,,0,0,0,0,0,0,0,0,0,0,0,0,0,0,0,0,0,0,0,0,0,0,0,0,0,0,0,0,0,0,0,0,0,0,0,0.9967,0.0033,0,6006,6430,0.4175,12,,,1,0.8704,2
5108,Allied Health and Medical Assisting Services.,428170,1,2,40.0,31.0,1.0,188.0,428170,Southeastern College-West Palm Beach,,0,0,0,0,0,0,0,0,0,0,0,0,0,0,0,0,0,0,0,0,0,0,0,0,0,0,0,0,0,0,0,0,0,0,0,0.9967,0.0033,0,6006,6430,0.4175,12,,,1,0.8704,2
5109,"Allied Health Diagnostic, Intervention, and Treatment Professions.",428170,1,2,104.0,80.0,5.0,278.0,428170,Southeastern College-West Palm Beach,,0,0,0,0,0,0,0,0,0,0,0,0,0,0,0,0,0,0,0,0,0,0,0,0,0,0,0,0,0,0,0,0,0,0,0,0.9967,0.0033,0,6006,6430,0.4175,12,,,1,0.8704,2
5135,Somatic Bodywork and Related Therapeutic Services.,428170,1,1,47.0,37.0,2.0,101.0,428170,Southeastern College-West Palm Beach,,0,0,0,0,0,0,0,0,0,0,0,0,0,0,0,0,0,0,0,0,0,0,0,0,0,0,0,0,0,0,0,0,0,0,0,0.9967,0.0033,0,6006,6430,0.4175,12,,,1,0.8704,2
5138,"Registered Nursing, Nursing Administration, Nursing Research and Clinical Nursing.",428170,1,2,75.0,53.0,5.0,250.0,428170,Southeastern College-West Palm Beach,,0,0,0,0,0,0,0,0,0,0,0,0,0,0,0,0,0,0,0,0,0,0,0,0,0,0,0,0,0,0,0,0,0,0,0,0.9967,0.0033,0,6006,6430,0.4175,12,,,1,0.8704,2
5139,"Practical Nursing, Vocational Nursing and Nursing Assistants.",428170,1,1,59.0,44.0,0.0,153.0,428170,Southeastern College-West Palm Beach,,0,0,0,0,0,0,0,0,0,0,0,0,0,0,0,0,0,0,0,0,0,0,0,0,0,0,0,0,0,0,0,0,0,0,0,0.9967,0.0033,0,6006,6430,0.4175,12,,,1,0.8704,2
5106,Dental Support Services and Allied Professions.,430582,0,1,163.0,99.0,13.0,96.0,430582,Praxis Institute,3,0,0,0,0,0,0,0,0.2373,0,0,0,0,0,0,0,0,0,0,0,0,0,0,0,0,0,0,0,0,0,0,0,0,0,0,0,0.7627,0,0,4701,,,46,,,0,,1
5108,Allied Health and Medical Assisting Services.,430582,0,1,148.0,116.0,6.0,96.0,430582,Praxis Institute,3,0,0,0,0,0,0,0,0.2373,0,0,0,0,0,0,0,0,0,0,0,0,0,0,0,0,0,0,0,0,0,0,0,0,0,0,0,0.7627,0,0,4701,,,46,,,0,,1
5108,Allied Health and Medical Assisting Services.,430582,0,2,43.0,32.0,5.0,228.0,430582,Praxis Institute,3,0,0,0,0,0,0,0,0.2373,0,0,0,0,0,0,0,0,0,0,0,0,0,0,0,0,0,0,0,0,0,0,0,0,0,0,0,0.7627,0,0,4701,,,46,,,0,,1
5135,Somatic Bodywork and Related Therapeutic Services.,430582,1,1,244.0,201.0,14.0,94.0,430582,Praxis Institute,3,0,0,0,0,0,0,0,0.2373,0,0,0,0,0,0,0,0,0,0,0,0,0,0,0,0,0,0,0,0,0,0,0,0,0,0,0,0.7627,0,0,4701,,,46,,,0,,1
1204,Cosmetology and Related Personal Grooming Services.,431558,1,1,,30.0,4.0,,431558,Cape Coral Technical College,15,0.1213,0,0,0,0,0.0426,0.1016,0.1836,0,0,0.0295,0,0,0,0,0,0,0,0,0,0,0,0,0,0,0,0,0,0,0,0,0,0,0,0,0.5213,0,0,9224,,,15,,,1,,1
5107,Health and Medical Administrative Services.,431558,1,1,,24.0,2.0,,431558,Cape Coral Technical College,15,0.1213,0,0,0,0,0.0426,0.1016,0.1836,0,0,0.0295,0,0,0,0,0,0,0,0,0,0,0,0,0,0,0,0,0,0,0,0,0,0,0,0,0.5213,0,0,9224,,,15,,,1,,1
5108,Allied Health and Medical Assisting Services.,431558,1,1,,19.0,3.0,,431558,Cape Coral Technical College,15,0.1213,0,0,0,0,0.0426,0.1016,0.1836,0,0,0.0295,0,0,0,0,0,0,0,0,0,0,0,0,0,0,0,0,0,0,0,0,0,0,0,0,0.5213,0,0,9224,,,15,,,1,,1
5139,"Practical Nursing, Vocational Nursing and Nursing Assistants.",431558,1,1,,,2.0,,431558,Cape Coral Technical College,15,0.1213,0,0,0,0,0.0426,0.1016,0.1836,0,0,0.0295,0,0,0,0,0,0,0,0,0,0,0,0,0,0,0,0,0,0,0,0,0,0,0,0,0.5213,0,0,9224,,,15,,,1,,1
1204,Cosmetology and Related Personal Grooming Services.,433068,1,1,,42.0,5.0,,433068,Okaloosa Technical College,14,0,0,0,0,0,0,0.1564,0.2058,0,0,0.2181,0,0,0,0,0,0,0,0,0,0,0,0,0,0,0,0,0,0,0,0.1193,0.1276,0.037,0,0,0.1358,0,0,7142,,,11,,,1,,1
4702,"Heating, Air Conditioning, Ventilation and Refrigeration Maintenance Technology/Technician (HAC, HACR, HVAC, HVACR).",433068,0,1,,,1.0,,433068,Okaloosa Technical College,14,0,0,0,0,0,0,0.1564,0.2058,0,0,0.2181,0,0,0,0,0,0,0,0,0,0,0,0,0,0,0,0,0,0,0,0.1193,0.1276,0.037,0,0,0.1358,0,0,7142,,,11,,,1,,1
4706,Vehicle Maintenance and Repair Technologies/Technicians.,433068,1,1,,17.0,2.0,,433068,Okaloosa Technical College,14,0,0,0,0,0,0,0.1564,0.2058,0,0,0.2181,0,0,0,0,0,0,0,0,0,0,0,0,0,0,0,0,0,0,0,0.1193,0.1276,0.037,0,0,0.1358,0,0,7142,,,11,,,1,,1
5139,"Practical Nursing, Vocational Nursing and Nursing Assistants.",433068,1,1,,37.0,2.0,,433068,Okaloosa Technical College,14,0,0,0,0,0,0,0.1564,0.2058,0,0,0.2181,0,0,0,0,0,0,0,0,0,0,0,0,0,0,0,0,0,0,0,0.1193,0.1276,0.037,0,0,0.1358,0,0,7142,,,11,,,1,,1
0301,Natural Resources Conservation and Research.,433660,1,3,43.0,60.0,4.0,196.0,433660,Florida Gulf Coast University,,0,0.0264,0,0,0.0512,0,0.0061,0,0.0433,0.0421,0.013,0,0,0.0203,0.0121,0.1009,0,0.0454,0.0055,0,0.0809,0.0167,0.003,0,0.0033,0,0.0891,0.0606,0.0139,0.0251,0,0,0,0,0.0318,0.1021,0.2005,0.0067,7517,9789,0.6719,20,95628690,103836772,1,0.6344,2
0301,Natural Resources Conservation and Research.,433660,1,5,,20.0,0.0,,433660,Florida Gulf Coast University,,0,0.0264,0,0,0.0512,0,0.0061,0,0.0433,0.0421,0.013,0,0,0.0203,0.0121,0.1009,0,0.0454,0.0055,0,0.0809,0.0167,0.003,0,0.0033,0,0.0891,0.0606,0.0139,0.0251,0,0,0,0,0.0318,0.1021,0.2005,0.0067,7517,9789,0.6719,20,95628690,103836772,1,0.6344,2
0302,Environmental/Natural Resources Management and Policy.,433660,1,3,33.0,40.0,1.0,229.0,433660,Florida Gulf Coast University,,0,0.0264,0,0,0.0512,0,0.0061,0,0.0433,0.0421,0.013,0,0,0.0203,0.0121,0.1009,0,0.0454,0.0055,0,0.0809,0.0167,0.003,0,0.0033,0,0.0891,0.0606,0.0139,0.0251,0,0,0,0,0.0318,0.1021,0.2005,0.0067,7517,9789,0.6719,20,95628690,103836772,1,0.6344,2
0901,Communication and Media Studies.,433660,1,3,168.0,206.0,7.0,185.0,433660,Florida Gulf Coast University,,0,0.0264,0,0,0.0512,0,0.0061,0,0.0433,0.0421,0.013,0,0,0.0203,0.0121,0.1009,0,0.0454,0.0055,0,0.0809,0.0167,0.003,0,0.0033,0,0.0891,0.0606,0.0139,0.0251,0,0,0,0,0.0318,0.1021,0.2005,0.0067,7517,9789,0.6719,20,95628690,103836772,1,0.6344,2
0907,"Radio, Television, and Digital Communication.",433660,1,3,24.0,26.0,2.0,207.0,433660,Florida Gulf Coast University,,0,0.0264,0,0,0.0512,0,0.0061,0,0.0433,0.0421,0.013,0,0,0.0203,0.0121,0.1009,0,0.0454,0.0055,0,0.0809,0.0167,0.003,0,0.0033,0,0.0891,0.0606,0.0139,0.0251,0,0,0,0,0.0318,0.1021,0.2005,0.0067,7517,9789,0.6719,20,95628690,103836772,1,0.6344,2
1301,"Education, General.",433660,1,3,45.0,47.0,3.0,200.0,433660,Florida Gulf Coast University,,0,0.0264,0,0,0.0512,0,0.0061,0,0.0433,0.0421,0.013,0,0,0.0203,0.0121,0.1009,0,0.0454,0.0055,0,0.0809,0.0167,0.003,0,0.0033,0,0.0891,0.0606,0.0139,0.0251,0,0,0,0,0.0318,0.1021,0.2005,0.0067,7517,9789,0.6719,20,95628690,103836772,1,0.6344,2
1303,Curriculum and Instruction.,433660,3,5,14.0,16.0,1.0,,433660,Florida Gulf Coast University,,0,0.0264,0,0,0.0512,0,0.0061,0,0.0433,0.0421,0.013,0,0,0.0203,0.0121,0.1009,0,0.0454,0.0055,0,0.0809,0.0167,0.003,0,0.0033,0,0.0891,0.0606,0.0139,0.0251,0,0,0,0,0.0318,0.1021,0.2005,0.0067,7517,9789,0.6719,20,95628690,103836772,1,0.6344,2
1304,Educational Administration and Supervision.,433660,3,5,,17.0,1.0,,433660,Florida Gulf Coast University,,0,0.0264,0,0,0.0512,0,0.0061,0,0.0433,0.0421,0.013,0,0,0.0203,0.0121,0.1009,0,0.0454,0.0055,0,0.0809,0.0167,0.003,0,0.0033,0,0.0891,0.0606,0.0139,0.0251,0,0,0,0,0.0318,0.1021,0.2005,0.0067,7517,9789,0.6719,20,95628690,103836772,1,0.6344,2
1310,Special Education and Teaching.,433660,1,3,22.0,18.0,1.0,257.0,433660,Florida Gulf Coast University,,0,0.0264,0,0,0.0512,0,0.0061,0,0.0433,0.0421,0.013,0,0,0.0203,0.0121,0.1009,0,0.0454,0.0055,0,0.0809,0.0167,0.003,0,0.0033,0,0.0891,0.0606,0.0139,0.0251,0,0,0,0,0.0318,0.1021,0.2005,0.0067,7517,9789,0.6719,20,95628690,103836772,1,0.6344,2
1311,Student Counseling and Personnel Services.,433660,1,5,48.0,51.0,2.0,451.0,433660,Florida Gulf Coast University,,0,0.0264,0,0,0.0512,0,0.0061,0,0.0433,0.0421,0.013,0,0,0.0203,0.0121,0.1009,0,0.0454,0.0055,0,0.0809,0.0167,0.003,0,0.0033,0,0.0891,0.0606,0.0139,0.0251,0,0,0,0,0.0318,0.1021,0.2005,0.0067,7517,9789,0.6719,20,95628690,103836772,1,0.6344,2
1312,"Teacher Education and Professional Development, Specific Levels and Methods.",433660,1,3,90.0,109.0,2.0,191.0,433660,Florida Gulf Coast University,,0,0.0264,0,0,0.0512,0,0.0061,0,0.0433,0.0421,0.013,0,0,0.0203,0.0121,0.1009,0,0.0454,0.0055,0,0.0809,0.0167,0.003,0,0.0033,0,0.0891,0.0606,0.0139,0.0251,0,0,0,0,0.0318,0.1021,0.2005,0.0067,7517,9789,0.6719,20,95628690,103836772,1,0.6344,2
1405,Biomedical/Medical Engineering.,433660,1,3,18.0,26.0,1.0,188.0,433660,Florida Gulf Coast University,,0,0.0264,0,0,0.0512,0,0.0061,0,0.0433,0.0421,0.013,0,0,0.0203,0.0121,0.1009,0,0.0454,0.0055,0,0.0809,0.0167,0.003,0,0.0033,0,0.0891,0.0606,0.0139,0.0251,0,0,0,0,0.0318,0.1021,0.2005,0.0067,7517,9789,0.6719,20,95628690,103836772,1,0.6344,2
1408,Civil Engineering.,433660,1,3,42.0,67.0,1.0,182.0,433660,Florida Gulf Coast University,,0,0.0264,0,0,0.0512,0,0.0061,0,0.0433,0.0421,0.013,0,0,0.0203,0.0121,0.1009,0,0.0454,0.0055,0,0.0809,0.0167,0.003,0,0.0033,0,0.0891,0.0606,0.0139,0.0251,0,0,0,0,0.0318,0.1021,0.2005,0.0067,7517,9789,0.6719,20,95628690,103836772,1,0.6344,2
1409,Computer Engineering.,433660,1,3,47.0,66.0,5.0,228.0,433660,Florida Gulf Coast University,,0,0.0264,0,0,0.0512,0,0.0061,0,0.0433,0.0421,0.013,0,0,0.0203,0.0121,0.1009,0,0.0454,0.0055,0,0.0809,0.0167,0.003,0,0.0033,0,0.0891,0.0606,0.0139,0.0251,0,0,0,0,0.0318,0.1021,0.2005,0.0067,7517,9789,0.6719,20,95628690,103836772,1,0.6344,2
1414,Environmental/Environmental Health Engineering.,433660,1,3,18.0,25.0,1.0,212.0,433660,Florida Gulf Coast University,,0,0.0264,0,0,0.0512,0,0.0061,0,0.0433,0.0421,0.013,0,0,0.0203,0.0121,0.1009,0,0.0454,0.0055,0,0.0809,0.0167,0.003,0,0.0033,0,0.0891,0.0606,0.0139,0.0251,0,0,0,0,0.0318,0.1021,0.2005,0.0067,7517,9789,0.6719,20,95628690,103836772,1,0.6344,2
2203,Legal Support Services.,433660,1,3,73.0,63.0,8.0,212.0,433660,Florida Gulf Coast University,,0,0.0264,0,0,0.0512,0,0.0061,0,0.0433,0.0421,0.013,0,0,0.0203,0.0121,0.1009,0,0.0454,0.0055,0,0.0809,0.0167,0.003,0,0.0033,0,0.0891,0.0606,0.0139,0.0251,0,0,0,0,0.0318,0.1021,0.2005,0.0067,7517,9789,0.6719,20,95628690,103836772,1,0.6344,2
2301,"English Language and Literature, General.",433660,1,3,32.0,46.0,1.0,177.0,433660,Florida Gulf Coast University,,0,0.0264,0,0,0.0512,0,0.0061,0,0.0433,0.0421,0.013,0,0,0.0203,0.0121,0.1009,0,0.0454,0.0055,0,0.0809,0.0167,0.003,0,0.0033,0,0.0891,0.0606,0.0139,0.0251,0,0,0,0,0.0318,0.1021,0.2005,0.0067,7517,9789,0.6719,20,95628690,103836772,1,0.6344,2
2601,"Biology, General.",433660,1,3,73.0,101.0,8.0,231.0,433660,Florida Gulf Coast University,,0,0.0264,0,0,0.0512,0,0.0061,0,0.0433,0.0421,0.013,0,0,0.0203,0.0121,0.1009,0,0.0454,0.0055,0,0.0809,0.0167,0.003,0,0.0033,0,0.0891,0.0606,0.0139,0.0251,0,0,0,0,0.0318,0.1021,0.2005,0.0067,7517,9789,0.6719,20,95628690,103836772,1,0.6344,2
3000,"Multi-/Interdisciplinary Studies, General.",433660,1,3,142.0,207.0,17.0,192.0,433660,Florida Gulf Coast University,,0,0.0264,0,0,0.0512,0,0.0061,0,0.0433,0.0421,0.013,0,0,0.0203,0.0121,0.1009,0,0.0454,0.0055,0,0.0809,0.0167,0.003,0,0.0033,0,0.0891,0.0606,0.0139,0.0251,0,0,0,0,0.0318,0.1021,0.2005,0.0067,7517,9789,0.6719,20,95628690,103836772,1,0.6344,2
3105,"Sports, Kinesiology, and Physical Education/Fitness.",433660,1,3,35.0,35.0,1.0,159.0,433660,Florida Gulf Coast University,,0,0.0264,0,0,0.0512,0,0.0061,0,0.0433,0.0421,0.013,0,0,0.0203,0.0121,0.1009,0,0.0454,0.0055,0,0.0809,0.0167,0.003,0,0.0033,0,0.0891,0.0606,0.0139,0.0251,0,0,0,0,0.0318,0.1021,0.2005,0.0067,7517,9789,0.6719,20,95628690,103836772,1,0.6344,2
4201,"Psychology, General.",433660,1,3,153.0,150.0,19.0,183.0,433660,Florida Gulf Coast University,,0,0.0264,0,0,0.0512,0,0.0061,0,0.0433,0.0421,0.013,0,0,0.0203,0.0121,0.1009,0,0.0454,0.0055,0,0.0809,0.0167,0.003,0,0.0033,0,0.0891,0.0606,0.0139,0.0251,0,0,0,0,0.0318,0.1021,0.2005,0.0067,7517,9789,0.6719,20,95628690,103836772,1,0.6344,2
4301,Criminal Justice and Corrections.,433660,1,3,119.0,91.0,2.0,212.0,433660,Florida Gulf Coast University,,0,0.0264,0,0,0.0512,0,0.0061,0,0.0433,0.0421,0.013,0,0,0.0203,0.0121,0.1009,0,0.0454,0.0055,0,0.0809,0.0167,0.003,0,0.0033,0,0.0891,0.0606,0.0139,0.0251,0,0,0,0,0.0318,0.1021,0.2005,0.0067,7517,9789,0.6719,20,95628690,103836772,1,0.6344,2
4304,Security Science and Technology.,433660,1,3,,28.0,0.0,202.0,433660,Florida Gulf Coast University,,0,0.0264,0,0,0.0512,0,0.0061,0,0.0433,0.0421,0.013,0,0,0.0203,0.0121,0.1009,0,0.0454,0.0055,0,0.0809,0.0167,0.003,0,0.0033,0,0.0891,0.0606,0.0139,0.0251,0,0,0,0,0.0318,0.1021,0.2005,0.0067,7517,9789,0.6719,20,95628690,103836772,1,0.6344,2
4404,Public Administration.,433660,3,5,12.0,31.0,0.0,,433660,Florida Gulf Coast University,,0,0.0264,0,0,0.0512,0,0.0061,0,0.0433,0.0421,0.013,0,0,0.0203,0.0121,0.1009,0,0.0454,0.0055,0,0.0809,0.0167,0.003,0,0.0033,0,0.0891,0.0606,0.0139,0.0251,0,0,0,0,0.0318,0.1021,0.2005,0.0067,7517,9789,0.6719,20,95628690,103836772,1,0.6344,2
4407,Social Work.,433660,1,3,59.0,39.0,1.0,186.0,433660,Florida Gulf Coast University,,0,0.0264,0,0,0.0512,0,0.0061,0,0.0433,0.0421,0.013,0,0,0.0203,0.0121,0.1009,0,0.0454,0.0055,0,0.0809,0.0167,0.003,0,0.0033,0,0.0891,0.0606,0.0139,0.0251,0,0,0,0,0.0318,0.1021,0.2005,0.0067,7517,9789,0.6719,20,95628690,103836772,1,0.6344,2
4407,Social Work.,433660,1,5,23.0,37.0,2.0,290.0,433660,Florida Gulf Coast University,,0,0.0264,0,0,0.0512,0,0.0061,0,0.0433,0.0421,0.013,0,0,0.0203,0.0121,0.1009,0,0.0454,0.0055,0,0.0809,0.0167,0.003,0,0.0033,0,0.0891,0.0606,0.0139,0.0251,0,0,0,0,0.0318,0.1021,0.2005,0.0067,7517,9789,0.6719,20,95628690,103836772,1,0.6344,2
4510,Political Science and Government.,433660,1,3,44.0,33.0,1.0,207.0,433660,Florida Gulf Coast University,,0,0.0264,0,0,0.0512,0,0.0061,0,0.0433,0.0421,0.013,0,0,0.0203,0.0121,0.1009,0,0.0454,0.0055,0,0.0809,0.0167,0.003,0,0.0033,0,0.0891,0.0606,0.0139,0.0251,0,0,0,0,0.0318,0.1021,0.2005,0.0067,7517,9789,0.6719,20,95628690,103836772,1,0.6344,2
4511,Sociology.,433660,1,3,15.0,,1.0,,433660,Florida Gulf Coast University,,0,0.0264,0,0,0.0512,0,0.0061,0,0.0433,0.0421,0.013,0,0,0.0203,0.0121,0.1009,0,0.0454,0.0055,0,0.0809,0.0167,0.003,0,0.0033,0,0.0891,0.0606,0.0139,0.0251,0,0,0,0,0.0318,0.1021,0.2005,0.0067,7517,9789,0.6719,20,95628690,103836772,1,0.6344,2
5007,Fine and Studio Arts.,433660,1,3,20.0,40.0,2.0,219.0,433660,Florida Gulf Coast University,,0,0.0264,0,0,0.0512,0,0.0061,0,0.0433,0.0421,0.013,0,0,0.0203,0.0121,0.1009,0,0.0454,0.0055,0,0.0809,0.0167,0.003,0,0.0033,0,0.0891,0.0606,0.0139,0.0251,0,0,0,0,0.0318,0.1021,0.2005,0.0067,7517,9789,0.6719,20,95628690,103836772,1,0.6344,2
5100,"Health Services/Allied Health/Health Sciences, General.",433660,1,3,136.0,111.0,11.0,186.0,433660,Florida Gulf Coast University,,0,0.0264,0,0,0.0512,0,0.0061,0,0.0433,0.0421,0.013,0,0,0.0203,0.0121,0.1009,0,0.0454,0.0055,0,0.0809,0.0167,0.003,0,0.0033,0,0.0891,0.0606,0.0139,0.0251,0,0,0,0,0.0318,0.1021,0.2005,0.0067,7517,9789,0.6719,20,95628690,103836772,1,0.6344,2
5110,Clinical/Medical Laboratory Science/Research and Allied Professions.,433660,1,3,15.0,16.0,3.0,,433660,Florida Gulf Coast University,,0,0.0264,0,0,0.0512,0,0.0061,0,0.0433,0.0421,0.013,0,0,0.0203,0.0121,0.1009,0,0.0454,0.0055,0,0.0809,0.0167,0.003,0,0.0033,0,0.0891,0.0606,0.0139,0.0251,0,0,0,0,0.0318,0.1021,0.2005,0.0067,7517,9789,0.6719,20,95628690,103836772,1,0.6344,2
5122,Public Health.,433660,1,3,75.0,66.0,3.0,186.0,433660,Florida Gulf Coast University,,0,0.0264,0,0,0.0512,0,0.0061,0,0.0433,0.0421,0.013,0,0,0.0203,0.0121,0.1009,0,0.0454,0.0055,0,0.0809,0.0167,0.003,0,0.0033,0,0.0891,0.0606,0.0139,0.0251,0,0,0,0,0.0318,0.1021,0.2005,0.0067,7517,9789,0.6719,20,95628690,103836772,1,0.6344,2
5123,Rehabilitation and Therapeutic Professions.,433660,0,6,12.0,21.0,2.0,700.0,433660,Florida Gulf Coast University,,0,0.0264,0,0,0.0512,0,0.0061,0,0.0433,0.0421,0.013,0,0,0.0203,0.0121,0.1009,0,0.0454,0.0055,0,0.0809,0.0167,0.003,0,0.0033,0,0.0891,0.0606,0.0139,0.0251,0,0,0,0,0.0318,0.1021,0.2005,0.0067,7517,9789,0.6719,20,95628690,103836772,1,0.6344,2
5138,"Registered Nursing, Nursing Administration, Nursing Research and Clinical Nursing.",433660,1,3,80.0,89.0,13.0,187.0,433660,Florida Gulf Coast University,,0,0.0264,0,0,0.0512,0,0.0061,0,0.0433,0.0421,0.013,0,0,0.0203,0.0121,0.1009,0,0.0454,0.0055,0,0.0809,0.0167,0.003,0,0.0033,0,0.0891,0.0606,0.0139,0.0251,0,0,0,0,0.0318,0.1021,0.2005,0.0067,7517,9789,0.6719,20,95628690,103836772,1,0.6344,2
5202,"Business Administration, Management and Operations.",433660,1,3,142.0,178.0,12.0,201.0,433660,Florida Gulf Coast University,,0,0.0264,0,0,0.0512,0,0.0061,0,0.0433,0.0421,0.013,0,0,0.0203,0.0121,0.1009,0,0.0454,0.0055,0,0.0809,0.0167,0.003,0,0.0033,0,0.0891,0.0606,0.0139,0.0251,0,0,0,0,0.0318,0.1021,0.2005,0.0067,7517,9789,0.6719,20,95628690,103836772,1,0.6344,2
5203,Accounting and Related Services.,433660,1,3,48.0,51.0,1.0,159.0,433660,Florida Gulf Coast University,,0,0.0264,0,0,0.0512,0,0.0061,0,0.0433,0.0421,0.013,0,0,0.0203,0.0121,0.1009,0,0.0454,0.0055,0,0.0809,0.0167,0.003,0,0.0033,0,0.0891,0.0606,0.0139,0.0251,0,0,0,0,0.0318,0.1021,0.2005,0.0067,7517,9789,0.6719,20,95628690,103836772,1,0.6344,2
5203,Accounting and Related Services.,433660,3,5,13.0,28.0,0.0,,433660,Florida Gulf Coast University,,0,0.0264,0,0,0.0512,0,0.0061,0,0.0433,0.0421,0.013,0,0,0.0203,0.0121,0.1009,0,0.0454,0.0055,0,0.0809,0.0167,0.003,0,0.0033,0,0.0891,0.0606,0.0139,0.0251,0,0,0,0,0.0318,0.1021,0.2005,0.0067,7517,9789,0.6719,20,95628690,103836772,1,0.6344,2
5208,Finance and Financial Management Services.,433660,1,3,64.0,69.0,2.0,204.0,433660,Florida Gulf Coast University,,0,0.0264,0,0,0.0512,0,0.0061,0,0.0433,0.0421,0.013,0,0,0.0203,0.0121,0.1009,0,0.0454,0.0055,0,0.0809,0.0167,0.003,0,0.0033,0,0.0891,0.0606,0.0139,0.0251,0,0,0,0,0.0318,0.1021,0.2005,0.0067,7517,9789,0.6719,20,95628690,103836772,1,0.6344,2
5209,Hospitality Administration/Management.,433660,1,3,151.0,203.0,3.0,207.0,433660,Florida Gulf Coast University,,0,0.0264,0,0,0.0512,0,0.0061,0,0.0433,0.0421,0.013,0,0,0.0203,0.0121,0.1009,0,0.0454,0.0055,0,0.0809,0.0167,0.003,0,0.0033,0,0.0891,0.0606,0.0139,0.0251,0,0,0,0,0.0318,0.1021,0.2005,0.0067,7517,9789,0.6719,20,95628690,103836772,1,0.6344,2
5212,Management Information Systems and Services.,433660,1,3,44.0,65.0,3.0,208.0,433660,Florida Gulf Coast University,,0,0.0264,0,0,0.0512,0,0.0061,0,0.0433,0.0421,0.013,0,0,0.0203,0.0121,0.1009,0,0.0454,0.0055,0,0.0809,0.0167,0.003,0,0.0033,0,0.0891,0.0606,0.0139,0.0251,0,0,0,0,0.0318,0.1021,0.2005,0.0067,7517,9789,0.6719,20,95628690,103836772,1,0.6344,2
5214,Marketing.,433660,1,3,96.0,129.0,7.0,194.0,433660,Florida Gulf Coast University,,0,0.0264,0,0,0.0512,0,0.0061,0,0.0433,0.0421,0.013,0,0,0.0203,0.0121,0.1009,0,0.0454,0.0055,0,0.0809,0.0167,0.003,0,0.0033,0,0.0891,0.0606,0.0139,0.0251,0,0,0,0,0.0318,0.1021,0.2005,0.0067,7517,9789,0.6719,20,95628690,103836772,1,0.6344,2
5401,History.,433660,1,3,17.0,,2.0,227.0,433660,Florida Gulf Coast University,,0,0.0264,0,0,0.0512,0,0.0061,0,0.0433,0.0421,0.013,0,0,0.0203,0.0121,0.1009,0,0.0454,0.0055,0,0.0809,0.0167,0.003,0,0.0033,0,0.0891,0.0606,0.0139,0.0251,0,0,0,0,0.0318,0.1021,0.2005,0.0067,7517,9789,0.6719,20,95628690,103836772,1,0.6344,2
2301,"English Language and Literature, General.",434469,0,1,,106.0,28.0,,434469,New Professions Technical Institute,18,0,0,0,0,0,0,0,0,0,0,0,0,0,0,0,0,0,0,0,0,0,0,0,0,0,0,0,0,0,0,0,0,0,0,0,0.9757,0.0243,0,944,,0.1379,20,,,0,,1
5108,Allied Health and Medical Assisting Services.,434469,2,1,34.0,22.0,3.0,96.0,434469,New Professions Technical Institute,18,0,0,0,0,0,0,0,0,0,0,0,0,0,0,0,0,0,0,0,0,0,0,0,0,0,0,0,0,0,0,0,0,0,0,0,0.9757,0.0243,0,944,,0.1379,20,,,0,,1
5203,Accounting and Related Services.,434469,3,1,10.0,17.0,1.0,,434469,New Professions Technical Institute,18,0,0,0,0,0,0,0,0,0,0,0,0,0,0,0,0,0,0,0,0,0,0,0,0,0,0,0,0,0,0,0,0,0,0,0,0.9757,0.0243,0,944,,0.1379,20,,,0,,1
1204,Cosmetology and Related Personal Grooming Services.,438285,1,1,307.0,232.0,44.0,67.0,438285,Cortiva Institute,4,0,0,0,0,0,0,0,0.804,0,0,0,0,0,0,0,0,0,0,0,0,0,0,0,0,0,0,0,0,0,0,0,0,0,0,0,0.196,0,0,4713,,,20,,,0,,1
5135,Somatic Bodywork and Related Therapeutic Services.,438285,1,1,306.0,258.0,36.0,84.0,438285,Cortiva Institute,4,0,0,0,0,0,0,0,0.804,0,0,0,0,0,0,0,0,0,0,0,0,0,0,0,0,0,0,0,0,0,0,0,0,0,0,0,0.196,0,0,4713,,,20,,,0,,1
5133,Alternative and Complementary Medicine and Medical Systems.,439394,0,7,,35.0,9.0,1107.0,439394,East West College of Natural Medicine,,,,,,,,,,,,,,,,,,,,,,,,,,,,,,,,,,,,,,,,2160,6667,,,,,0,,
5133,Alternative and Complementary Medicine and Medical Systems.,439446,1,5,,36.0,9.0,700.0,439446,Atlantic Institute of Oriental Medicine,,0,0,0,0,0,0,0,0,0,0,0,0,0,0,0,0,0,0,0,0,0,0,0,0,0,0,0,0,0,0,0,0,0,0,0,1,0,0,14546,4216,,,,,0,,
1204,Cosmetology and Related Personal Grooming Services.,439774,1,1,,91.0,25.0,58.0,439774,New Concept Massage and Beauty School,6,0,0,0,0,0,0,0,0.8333,0,0,0,0,0,0,0,0,0,0,0,0,0,0,0,0,0,0,0,0,0,0,0,0,0,0,0,0.1667,0,0,7498,,,18,,,0,,1
5106,Dental Support Services and Allied Professions.,439792,1,1,79.0,63.0,5.0,138.0,439792,Fortis College-Orange Park,,0,0,0,0,0,0,0,0,0,0,0,0,0,0,0,0,0,0,0,0,0,0,0,0,0,0,0,0,0,0,0,0,0,0,0,1,0,0,5190,6042,0.3182,33,,,0,,1
5107,Health and Medical Administrative Services.,439792,1,1,,36.0,3.0,138.0,439792,Fortis College-Orange Park,,0,0,0,0,0,0,0,0,0,0,0,0,0,0,0,0,0,0,0,0,0,0,0,0,0,0,0,0,0,0,0,0,0,0,0,1,0,0,5190,6042,0.3182,33,,,0,,1
5108,Allied Health and Medical Assisting Services.,439792,1,1,97.0,84.0,11.0,101.0,439792,Fortis College-Orange Park,,0,0,0,0,0,0,0,0,0,0,0,0,0,0,0,0,0,0,0,0,0,0,0,0,0,0,0,0,0,0,0,0,0,0,0,1,0,0,5190,6042,0.3182,33,,,0,,1
5109,"Allied Health Diagnostic, Intervention, and Treatment Professions.",439792,1,2,30.0,22.0,1.0,,439792,Fortis College-Orange Park,,0,0,0,0,0,0,0,0,0,0,0,0,0,0,0,0,0,0,0,0,0,0,0,0,0,0,0,0,0,0,0,0,0,0,0,1,0,0,5190,6042,0.3182,33,,,0,,1
5110,Clinical/Medical Laboratory Science/Research and Allied Professions.,439792,1,1,31.0,30.0,1.0,101.0,439792,Fortis College-Orange Park,,0,0,0,0,0,0,0,0,0,0,0,0,0,0,0,0,0,0,0,0,0,0,0,0,0,0,0,0,0,0,0,0,0,0,0,1,0,0,5190,6042,0.3182,33,,,0,,1
5138,"Registered Nursing, Nursing Administration, Nursing Research and Clinical Nursing.",439792,1,2,69.0,61.0,0.0,293.0,439792,Fortis College-Orange Park,,0,0,0,0,0,0,0,0,0,0,0,0,0,0,0,0,0,0,0,0,0,0,0,0,0,0,0,0,0,0,0,0,0,0,0,1,0,0,5190,6042,0.3182,33,,,0,,1
4400,"Human Services, General.",441371,3,2,1159.0,748.0,128.0,191.0,441371,Ultimate Medical Academy,19,0,0,0,0,0,0,0,0,0,0,0,0,0,0,0,0,0,0,0,0,0,0,0,0,0,0,0,0,0.0599,0,0,0,0,0,0,0.9293,0.0107,0,1399,5294,1,20,,,1,,1
5106,Dental Support Services and Allied Professions.,441371,1,1,65.0,42.0,0.0,95.0,441371,Ultimate Medical Academy,19,0,0,0,0,0,0,0,0,0,0,0,0,0,0,0,0,0,0,0,0,0,0,0,0,0,0,0,0,0.0599,0,0,0,0,0,0,0.9293,0.0107,0,1399,5294,1,20,,,1,,1
5107,Health and Medical Administrative Services.,441371,3,1,2273.0,1264.0,154.0,125.0,441371,Ultimate Medical Academy,19,0,0,0,0,0,0,0,0,0,0,0,0,0,0,0,0,0,0,0,0,0,0,0,0,0,0,0,0,0.0599,0,0,0,0,0,0,0.9293,0.0107,0,1399,5294,1,20,,,1,,1
5107,Health and Medical Administrative Services.,441371,3,2,9964.0,6903.0,984.0,192.0,441371,Ultimate Medical Academy,19,0,0,0,0,0,0,0,0,0,0,0,0,0,0,0,0,0,0,0,0,0,0,0,0,0,0,0,0,0.0599,0,0,0,0,0,0,0.9293,0.0107,0,1399,5294,1,20,,,1,,1
5108,Allied Health and Medical Assisting Services.,441371,3,2,300.0,249.0,30.0,162.0,441371,Ultimate Medical Academy,19,0,0,0,0,0,0,0,0,0,0,0,0,0,0,0,0,0,0,0,0,0,0,0,0,0,0,0,0,0.0599,0,0,0,0,0,0,0.9293,0.0107,0,1399,5294,1,20,,,1,,1
5139,"Practical Nursing, Vocational Nursing and Nursing Assistants.",441371,1,1,43.0,39.0,2.0,101.0,441371,Ultimate Medical Academy,19,0,0,0,0,0,0,0,0,0,0,0,0,0,0,0,0,0,0,0,0,0,0,0,0,0,0,0,0,0.0599,0,0,0,0,0,0,0.9293,0.0107,0,1399,5294,1,20,,,1,,1
1204,Cosmetology and Related Personal Grooming Services.,441380,1,1,248.0,180.0,51.0,138.0,441380,Florida Barber Academy,6,0,0,0,0,0,0,0,1,0,0,0,0,0,0,0,0,0,0,0,0,0,0,0,0,0,0,0,0,0,0,0,0,0,0,0,0,0,0,2458,,,25,,,0,,1
1205,Culinary Arts and Related Services.,441423,1,1,78.0,73.0,17.0,101.0,441423,Florida Education Institute,11,0,0,0,0,0,0,0,0.1448,0,0,0,0,0,0,0,0,0,0,0,0,0,0,0,0,0,0,0,0,0,0,0,0.1528,0,0,0,0.6131,0.0893,0,2351,5789,0.5532,21,,,0,,1
4702,"Heating, Air Conditioning, Ventilation and Refrigeration Maintenance Technology/Technician (HAC, HACR, HVAC, HVACR).",441423,1,1,51.0,44.0,9.0,101.0,441423,Florida Education Institute,11,0,0,0,0,0,0,0,0.1448,0,0,0,0,0,0,0,0,0,0,0,0,0,0,0,0,0,0,0,0,0,0,0,0.1528,0,0,0,0.6131,0.0893,0,2351,5789,0.5532,21,,,0,,1
5107,Health and Medical Administrative Services.,441423,2,1,56.0,48.0,1.0,101.0,441423,Florida Education Institute,11,0,0,0,0,0,0,0,0.1448,0,0,0,0,0,0,0,0,0,0,0,0,0,0,0,0,0,0,0,0,0,0,0,0.1528,0,0,0,0.6131,0.0893,0,2351,5789,0.5532,21,,,0,,1
5108,Allied Health and Medical Assisting Services.,441423,1,1,135.0,117.0,10.0,101.0,441423,Florida Education Institute,11,0,0,0,0,0,0,0,0.1448,0,0,0,0,0,0,0,0,0,0,0,0,0,0,0,0,0,0,0,0,0,0,0,0.1528,0,0,0,0.6131,0.0893,0,2351,5789,0.5532,21,,,0,,1
2201,Law.,442295,1,7,,110.0,13.0,1641.0,442295,Ave Maria School of Law,,,,,,,,,,,,,,,,,,,,,,,,,,,,,,,,,,,,,,,,14158,9811,1,,2183851,2856824,0,,
4805,Precision Metal Working.,442329,1,1,3464.0,3486.0,250.0,101.0,442329,Tulsa Welding School-Jacksonville,2,0,0,0,0,0,0,0,0,0,0,0,0,0,0,0,0,0,0,0,0,0,0,0,0,0,0,0,0,0,0,0,0,1,0,0,0,0,0,1969,,,30,,,1,,1
1204,Cosmetology and Related Personal Grooming Services.,443234,1,1,98.0,94.0,14.0,72.0,443234,Hollywood Institute,7,0,0,0,0,0,0,0,0.9171,0,0,0,0,0,0,0,0,0,0,0,0,0,0,0,0,0,0,0,0,0,0,0,0,0,0,0,0.0829,0,0,4242,,,20,,,0,,1
5108,Allied Health and Medical Assisting Services.,443234,1,1,,30.0,3.0,77.0,443234,Hollywood Institute,7,0,0,0,0,0,0,0,0.9171,0,0,0,0,0,0,0,0,0,0,0,0,0,0,0,0,0,0,0,0,0,0,0,0,0,0,0,0.0829,0,0,4242,,,20,,,0,,1
5135,Somatic Bodywork and Related Therapeutic Services.,443234,1,1,42.0,28.0,5.0,70.0,443234,Hollywood Institute,7,0,0,0,0,0,0,0,0.9171,0,0,0,0,0,0,0,0,0,0,0,0,0,0,0,0,0,0,0,0,0,0,0,0,0,0,0,0.0829,0,0,4242,,,20,,,0,,1
1199,"Computer and Information Sciences and Support Services, Other.",443252,1,1,31.0,75.0,9.0,101.0,443252,South Florida Institute of Technology,8,0,0,0,0,0,0,0.086,0,0,0,0.2342,0,0,0,0,0,0,0,0,0,0,0,0,0,0,0,0,0,0,0,0.062,0.1385,0,0,0,0.4792,0,0,1688,,,45,,,0,,1
1505,Environmental Control Technologies/Technicians.,443252,1,1,106.0,316.0,29.0,92.0,443252,South Florida Institute of Technology,8,0,0,0,0,0,0,0.086,0,0,0,0.2342,0,0,0,0,0,0,0,0,0,0,0,0,0,0,0,0,0,0,0,0.062,0.1385,0,0,0,0.4792,0,0,1688,,,45,,,0,,1
4604,"Building/Construction Finishing, Management, and Inspection.",443252,1,1,,26.0,3.0,,443252,South Florida Institute of Technology,8,0,0,0,0,0,0,0.086,0,0,0,0.2342,0,0,0,0,0,0,0,0,0,0,0,0,0,0,0,0,0,0,0,0.062,0.1385,0,0,0,0.4792,0,0,1688,,,45,,,0,,1
4605,Plumbing and Related Water Supply Services.,443252,1,1,,53.0,8.0,101.0,443252,South Florida Institute of Technology,8,0,0,0,0,0,0,0.086,0,0,0,0.2342,0,0,0,0,0,0,0,0,0,0,0,0,0,0,0,0,0,0,0,0.062,0.1385,0,0,0,0.4792,0,0,1688,,,45,,,0,,1
4701,Electrical/Electronics Maintenance and Repair Technologies/Technicians.,443252,1,1,89.0,290.0,21.0,99.0,443252,South Florida Institute of Technology,8,0,0,0,0,0,0,0.086,0,0,0,0.2342,0,0,0,0,0,0,0,0,0,0,0,0,0,0,0,0,0,0,0,0.062,0.1385,0,0,0,0.4792,0,0,1688,,,45,,,0,,1
5108,Allied Health and Medical Assisting Services.,443252,1,1,40.0,64.0,12.0,60.0,443252,South Florida Institute of Technology,8,0,0,0,0,0,0,0.086,0,0,0,0.2342,0,0,0,0,0,0,0,0,0,0,0,0,0,0,0,0,0,0,0,0.062,0.1385,0,0,0,0.4792,0,0,1688,,,45,,,0,,1
5139,"Practical Nursing, Vocational Nursing and Nursing Assistants.",443252,1,1,28.0,38.0,4.0,101.0,443252,South Florida Institute of Technology,8,0,0,0,0,0,0,0.086,0,0,0,0.2342,0,0,0,0,0,0,0,0,0,0,0,0,0,0,0,0,0,0,0,0.062,0.1385,0,0,0,0.4792,0,0,1688,,,45,,,0,,1
5138,"Registered Nursing, Nursing Administration, Nursing Research and Clinical Nursing.",444334,1,2,,26.0,1.0,212.0,444334,Advance Science International College,1,0,0,0,0,0,0,0,0,0,0,0,0,0,0,0,0,0,0,0,0,0,0,0,0,0,0,0,0,0,0,0,0,0,0,0,1,0,0,5525,935,,,,,0,,2
4706,Vehicle Maintenance and Repair Technologies/Technicians.,444370,1,1,76.0,66.0,7.0,69.0,444370,American Advanced Technicians Institute,2,0,0,0,0,0,0,0,0,0,0,0,0,0,0,0,0,0,0,0,0,0,0,0,0,0,0,0,0,0,0,0,1,0,0,0,0,0,0,20600,,,5,,,0,,1
1204,Cosmetology and Related Personal Grooming Services.,444404,1,1,,,7.0,,444404,The Beauty Institute,6,0,0,0,0,0,0,0,1,0,0,0,0,0,0,0,0,0,0,0,0,0,0,0,0,0,0,0,0,0,0,0,0,0,0,0,0,0,0,7636,,,15,,,0,,1
1204,Cosmetology and Related Personal Grooming Services.,445212,1,1,51.0,700.0,103.0,77.0,445212,Paul Mitchell the School-Orlando,3,0,0,0,0,0,0,0,1,0,0,0,0,0,0,0,0,0,0,0,0,0,0,0,0,0,0,0,0,0,0,0,0,0,0,0,0,0,0,5405,,,6,,,0,,1
4702,"Heating, Air Conditioning, Ventilation and Refrigeration Maintenance Technology/Technician (HAC, HACR, HVAC, HVACR).",445744,1,1,155.0,158.0,20.0,138.0,445744,Fortis Institute-Port Saint Lucie,,0,0,0,0,0,0,0,0,0,0,0,0,0,0,0,0,0,0,0,0,0,0,0,0,0,0,0,0,0,0,0,0.1125,0,0,0,0.8875,0,0,4866,6182,0.4118,26,,,1,,1
5108,Allied Health and Medical Assisting Services.,445744,1,1,435.0,356.0,19.0,101.0,445744,Fortis Institute-Port Saint Lucie,,0,0,0,0,0,0,0,0,0,0,0,0,0,0,0,0,0,0,0,0,0,0,0,0,0,0,0,0,0,0,0,0.1125,0,0,0,0.8875,0,0,4866,6182,0.4118,26,,,1,,1
5138,"Registered Nursing, Nursing Administration, Nursing Research and Clinical Nursing.",445744,1,2,143.0,143.0,2.0,284.0,445744,Fortis Institute-Port Saint Lucie,,0,0,0,0,0,0,0,0,0,0,0,0,0,0,0,0,0,0,0,0,0,0,0,0,0,0,0,0,0,0,0,0.1125,0,0,0,0.8875,0,0,4866,6182,0.4118,26,,,1,,1
5139,"Practical Nursing, Vocational Nursing and Nursing Assistants.",445744,1,1,60.0,37.0,3.0,187.0,445744,Fortis Institute-Port Saint Lucie,,0,0,0,0,0,0,0,0,0,0,0,0,0,0,0,0,0,0,0,0,0,0,0,0,0,0,0,0,0,0,0,0.1125,0,0,0,0.8875,0,0,4866,6182,0.4118,26,,,1,,1
2401,"Liberal Arts and Sciences, General Studies and Humanities.",446048,1,3,15.0,,0.0,,446048,Ave Maria University,,0,0.0088,0,0.0044,0.0617,0,0,0,0.0441,0,0,0.0088,0,0,0,0.022,0,0.141,0.0132,0,0,0,0.0705,0.0749,0.0044,0,0.0925,0,0,0.0661,0,0,0,0,0.0132,0.1542,0.1894,0.0308,13083,9091,1,17,8989288,11014738,0,0.4139,2
3906,Theological and Ministerial Studies.,446048,1,3,23.0,20.0,0.0,212.0,446048,Ave Maria University,,0,0.0088,0,0.0044,0.0617,0,0,0,0.0441,0,0,0.0088,0,0,0,0.022,0,0.141,0.0132,0,0,0,0.0705,0.0749,0.0044,0,0.0925,0,0,0.0661,0,0,0,0,0.0132,0.1542,0.1894,0.0308,13083,9091,1,17,8989288,11014738,0,0.4139,2
4201,"Psychology, General.",446048,1,3,31.0,29.0,1.0,199.0,446048,Ave Maria University,,0,0.0088,0,0.0044,0.0617,0,0,0,0.0441,0,0,0.0088,0,0,0,0.022,0,0.141,0.0132,0,0,0,0.0705,0.0749,0.0044,0,0.0925,0,0,0.0661,0,0,0,0,0.0132,0.1542,0.1894,0.0308,13083,9091,1,17,8989288,11014738,0,0.4139,2
5202,"Business Administration, Management and Operations.",446048,1,3,17.0,,0.0,,446048,Ave Maria University,,0,0.0088,0,0.0044,0.0617,0,0,0,0.0441,0,0,0.0088,0,0,0,0.022,0,0.141,0.0132,0,0,0,0.0705,0.0749,0.0044,0,0.0925,0,0,0.0661,0,0,0,0,0.0132,0.1542,0.1894,0.0308,13083,9091,1,17,8989288,11014738,0,0.4139,2
5203,Accounting and Related Services.,446048,1,3,19.0,,0.0,,446048,Ave Maria University,,0,0.0088,0,0.0044,0.0617,0,0,0,0.0441,0,0,0.0088,0,0,0,0.022,0,0.141,0.0132,0,0,0,0.0705,0.0749,0.0044,0,0.0925,0,0,0.0661,0,0,0,0,0.0132,0.1542,0.1894,0.0308,13083,9091,1,17,8989288,11014738,0,0.4139,2
5110,Clinical/Medical Laboratory Science/Research and Allied Professions.,446109,1,1,,21.0,3.0,,446109,Cambridge College of Healthcare & Technology,,0,0,0,0,0,0,0,0,0,0,0,0,0,0,0,0,0,0,0,0,0,0,0,0,0,0,0,0,0,0,0,0,0,0,0,1,0,0,3862,8063,,25,,,1,,1
5138,"Registered Nursing, Nursing Administration, Nursing Research and Clinical Nursing.",446109,0,2,76.0,67.0,2.0,276.0,446109,Cambridge College of Healthcare & Technology,,0,0,0,0,0,0,0,0,0,0,0,0,0,0,0,0,0,0,0,0,0,0,0,0,0,0,0,0,0,0,0,0,0,0,0,1,0,0,3862,8063,,25,,,1,,1
5139,"Practical Nursing, Vocational Nursing and Nursing Assistants.",446109,1,1,91.0,103.0,3.0,155.0,446109,Cambridge College of Healthcare & Technology,,0,0,0,0,0,0,0,0,0,0,0,0,0,0,0,0,0,0,0,0,0,0,0,0,0,0,0,0,0,0,0,0,0,0,0,1,0,0,3862,8063,,25,,,1,,1
5106,Dental Support Services and Allied Professions.,446127,1,1,102.0,98.0,1.0,134.0,446127,ATA Career Education,,0,0,0,0,0,0,0,0,0,0,0,0,0,0,0,0,0,0,0,0,0,0,0,0,0,0,0,0,0,0,0,0,0,0,0,1,0,0,3794,5974,0.5161,20,,,1,,1
5107,Health and Medical Administrative Services.,446127,3,1,30.0,21.0,2.0,181.0,446127,ATA Career Education,,0,0,0,0,0,0,0,0,0,0,0,0,0,0,0,0,0,0,0,0,0,0,0,0,0,0,0,0,0,0,0,0,0,0,0,1,0,0,3794,5974,0.5161,20,,,1,,1
5107,Health and Medical Administrative Services.,446127,3,2,25.0,,3.0,254.0,446127,ATA Career Education,,0,0,0,0,0,0,0,0,0,0,0,0,0,0,0,0,0,0,0,0,0,0,0,0,0,0,0,0,0,0,0,0,0,0,0,1,0,0,3794,5974,0.5161,20,,,1,,1
5108,Allied Health and Medical Assisting Services.,446127,1,1,105.0,99.0,5.0,144.0,446127,ATA Career Education,,0,0,0,0,0,0,0,0,0,0,0,0,0,0,0,0,0,0,0,0,0,0,0,0,0,0,0,0,0,0,0,0,0,0,0,1,0,0,3794,5974,0.5161,20,,,1,,1
5108,Allied Health and Medical Assisting Services.,446127,1,2,34.0,26.0,0.0,223.0,446127,ATA Career Education,,0,0,0,0,0,0,0,0,0,0,0,0,0,0,0,0,0,0,0,0,0,0,0,0,0,0,0,0,0,0,0,0,0,0,0,1,0,0,3794,5974,0.5161,20,,,1,,1
5109,"Allied Health Diagnostic, Intervention, and Treatment Professions.",446127,1,2,39.0,35.0,1.0,248.0,446127,ATA Career Education,,0,0,0,0,0,0,0,0,0,0,0,0,0,0,0,0,0,0,0,0,0,0,0,0,0,0,0,0,0,0,0,0,0,0,0,1,0,0,3794,5974,0.5161,20,,,1,,1
5138,"Registered Nursing, Nursing Administration, Nursing Research and Clinical Nursing.",446127,0,2,123.0,138.0,3.0,249.0,446127,ATA Career Education,,0,0,0,0,0,0,0,0,0,0,0,0,0,0,0,0,0,0,0,0,0,0,0,0,0,0,0,0,0,0,0,0,0,0,0,1,0,0,3794,5974,0.5161,20,,,1,,1
5139,"Practical Nursing, Vocational Nursing and Nursing Assistants.",446127,1,1,106.0,155.0,2.0,243.0,446127,ATA Career Education,,0,0,0,0,0,0,0,0,0,0,0,0,0,0,0,0,0,0,0,0,0,0,0,0,0,0,0,0,0,0,0,0,0,0,0,1,0,0,3794,5974,0.5161,20,,,1,,1
1410,"Electrical, Electronics, and Communications Engineering.",446552,1,2,49.0,35.0,2.0,212.0,446552,Southern Technical College,9,0.1962,0,0,0,0,0,0,0,0,0.0357,0,0,0,0,0,0,0,0,0,0,0,0,0,0,0,0,0,0,0,0,0,0.3108,0.139,0,0,0.3183,0,0,4333,4932,0.7582,22,,,1,,1
4701,Electrical/Electronics Maintenance and Repair Technologies/Technicians.,446552,1,2,16.0,,2.0,,446552,Southern Technical College,9,0.1962,0,0,0,0,0,0,0,0,0.0357,0,0,0,0,0,0,0,0,0,0,0,0,0,0,0,0,0,0,0,0,0,0.3108,0.139,0,0,0.3183,0,0,4333,4932,0.7582,22,,,1,,1
4702,"Heating, Air Conditioning, Ventilation and Refrigeration Maintenance Technology/Technician (HAC, HACR, HVAC, HVACR).",446552,1,1,330.0,376.0,25.0,119.0,446552,Southern Technical College,9,0.1962,0,0,0,0,0,0,0,0,0.0357,0,0,0,0,0,0,0,0,0,0,0,0,0,0,0,0,0,0,0,0,0,0.3108,0.139,0,0,0.3183,0,0,4333,4932,0.7582,22,,,1,,1
4805,Precision Metal Working.,446552,1,2,104.0,103.0,13.0,212.0,446552,Southern Technical College,9,0.1962,0,0,0,0,0,0,0,0,0.0357,0,0,0,0,0,0,0,0,0,0,0,0,0,0,0,0,0,0,0,0,0,0.3108,0.139,0,0,0.3183,0,0,4333,4932,0.7582,22,,,1,,1
5107,Health and Medical Administrative Services.,446552,0,2,,,,,446552,Southern Technical College,9,0.1962,0,0,0,0,0,0,0,0,0.0357,0,0,0,0,0,0,0,0,0,0,0,0,0,0,0,0,0,0,0,0,0,0.3108,0.139,0,0,0.3183,0,0,4333,4932,0.7582,22,,,1,,1
5108,Allied Health and Medical Assisting Services.,446552,1,1,598.0,545.0,32.0,119.0,446552,Southern Technical College,9,0.1962,0,0,0,0,0,0,0,0,0.0357,0,0,0,0,0,0,0,0,0,0,0,0,0,0,0,0,0,0,0,0,0,0.3108,0.139,0,0,0.3183,0,0,4333,4932,0.7582,22,,,1,,1
5108,Allied Health and Medical Assisting Services.,446552,1,2,21.0,,1.0,,446552,Southern Technical College,9,0.1962,0,0,0,0,0,0,0,0,0.0357,0,0,0,0,0,0,0,0,0,0,0,0,0,0,0,0,0,0,0,0,0,0.3108,0.139,0,0,0.3183,0,0,4333,4932,0.7582,22,,,1,,1
5139,"Practical Nursing, Vocational Nursing and Nursing Assistants.",446552,0,1,113.0,62.0,7.0,101.0,446552,Southern Technical College,9,0.1962,0,0,0,0,0,0,0,0,0.0357,0,0,0,0,0,0,0,0,0,0,0,0,0,0,0,0,0,0,0,0,0,0.3108,0.139,0,0,0.3183,0,0,4333,4932,0.7582,22,,,1,,1
1204,Cosmetology and Related Personal Grooming Services.,447014,1,1,43.0,47.0,3.0,77.0,447014,Daytona College,13,0,0,0,0,0,0,0,0.424,0,0,0,0,0,0,0,0,0,0,0,0,0,0,0,0,0,0,0,0,0,0,0,0,0,0,0,0.576,0,0,7679,8860,0.1875,10,,,1,,1
5107,Health and Medical Administrative Services.,447014,3,1,45.0,32.0,4.0,70.0,447014,Daytona College,13,0,0,0,0,0,0,0,0.424,0,0,0,0,0,0,0,0,0,0,0,0,0,0,0,0,0,0,0,0,0,0,0,0,0,0,0,0.576,0,0,7679,8860,0.1875,10,,,1,,1
5108,Allied Health and Medical Assisting Services.,447014,2,1,123.0,93.0,5.0,72.0,447014,Daytona College,13,0,0,0,0,0,0,0,0.424,0,0,0,0,0,0,0,0,0,0,0,0,0,0,0,0,0,0,0,0,0,0,0,0,0,0,0,0.576,0,0,7679,8860,0.1875,10,,,1,,1
5135,Somatic Bodywork and Related Therapeutic Services.,447014,2,1,27.0,22.0,3.0,69.0,447014,Daytona College,13,0,0,0,0,0,0,0,0.424,0,0,0,0,0,0,0,0,0,0,0,0,0,0,0,0,0,0,0,0,0,0,0,0,0,0,0,0.576,0,0,7679,8860,0.1875,10,,,1,,1
1204,Cosmetology and Related Personal Grooming Services.,447865,1,1,24.0,,7.0,101.0,447865,Trendsetters School of Beauty & Barbering,2,0,0,0,0,0,0,0,1,0,0,0,0,0,0,0,0,0,0,0,0,0,0,0,0,0,0,0,0,0,0,0,0,0,0,0,0,0,0,2822,,,10,,,0,,1
1204,Cosmetology and Related Personal Grooming Services.,447883,1,1,253.0,218.0,37.0,81.0,447883,American Institute of Beauty,8,0,0,0,0,0,0,0,0.9278,0,0,0,0,0,0,0,0,0,0,0,0,0,0,0,0,0,0,0,0,0,0,0,0,0,0,0,0.0722,0,0,6331,,,12,,,0,,1
1204,Cosmetology and Related Personal Grooming Services.,447892,1,1,141.0,100.0,21.0,67.0,447892,North Florida Cosmetology Institute,7,0,0,0,0,0,0,0,1,0,0,0,0,0,0,0,0,0,0,0,0,0,0,0,0,0,0,0,0,0,0,0,0,0,0,0,0,0,0,4426,,,21,,,0,,1
1204,Cosmetology and Related Personal Grooming Services.,447908,1,1,65.0,61.0,9.0,52.0,447908,Florida Academy of Health & Beauty,5,0,0,0,0,0,0,0,1,0,0,0,0,0,0,0,0,0,0,0,0,0,0,0,0,0,0,0,0,0,0,0,0,0,0,0,0,0,0,3489,,,20,,,0,,1
1101,"Computer and Information Sciences, General.",449038,3,3,306.0,379.0,37.0,398.0,449038,Strayer University-Florida,,0,0,0,0,0,0,0.1179,0,0,0,0,0,0,0,0,0,0,0,0,0,0,0,0,0,0,0,0,0.1004,0,0,0,0,0,0,0,0,0.7817,0,1828,8381,0.1481,47,,,0,,1
1104,Information Science/Studies.,449038,3,3,224.0,263.0,22.0,427.0,449038,Strayer University-Florida,,0,0,0,0,0,0,0.1179,0,0,0,0,0,0,0,0,0,0,0,0,0,0,0,0,0,0,0,0,0.1004,0,0,0,0,0,0,0,0,0.7817,0,1828,8381,0.1481,47,,,0,,1
1104,Information Science/Studies.,449038,3,5,188.0,166.0,16.0,844.0,449038,Strayer University-Florida,,0,0,0,0,0,0,0.1179,0,0,0,0,0,0,0,0,0,0,0,0,0,0,0,0,0,0,0,0,0.1004,0,0,0,0,0,0,0,0,0.7817,0,1828,8381,0.1481,47,,,0,,1
1110,Computer/Information Technology Administration and Management.,449038,3,2,30.0,30.0,0.0,302.0,449038,Strayer University-Florida,,0,0,0,0,0,0,0.1179,0,0,0,0,0,0,0,0,0,0,0,0,0,0,0,0,0,0,0,0,0.1004,0,0,0,0,0,0,0,0,0.7817,0,1828,8381,0.1481,47,,,0,,1
1110,Computer/Information Technology Administration and Management.,449038,3,5,,50.0,3.0,857.0,449038,Strayer University-Florida,,0,0,0,0,0,0,0.1179,0,0,0,0,0,0,0,0,0,0,0,0,0,0,0,0,0,0,0,0,0.1004,0,0,0,0,0,0,0,0,0.7817,0,1828,8381,0.1481,47,,,0,,1
1304,Educational Administration and Supervision.,449038,3,5,308.0,274.0,24.0,921.0,449038,Strayer University-Florida,,0,0,0,0,0,0,0.1179,0,0,0,0,0,0,0,0,0,0,0,0,0,0,0,0,0,0,0,0,0.1004,0,0,0,0,0,0,0,0,0.7817,0,1828,8381,0.1481,47,,,0,,1
4301,Criminal Justice and Corrections.,449038,3,3,490.0,406.0,51.0,441.0,449038,Strayer University-Florida,,0,0,0,0,0,0,0.1179,0,0,0,0,0,0,0,0,0,0,0,0,0,0,0,0,0,0,0,0,0.1004,0,0,0,0,0,0,0,0,0.7817,0,1828,8381,0.1481,47,,,0,,1
4404,Public Administration.,449038,3,5,225.0,168.0,17.0,930.0,449038,Strayer University-Florida,,0,0,0,0,0,0,0.1179,0,0,0,0,0,0,0,0,0,0,0,0,0,0,0,0,0,0,0,0,0.1004,0,0,0,0,0,0,0,0,0.7817,0,1828,8381,0.1481,47,,,0,,1
5107,Health and Medical Administrative Services.,449038,3,5,80.0,36.0,3.0,924.0,449038,Strayer University-Florida,,0,0,0,0,0,0,0.1179,0,0,0,0,0,0,0,0,0,0,0,0,0,0,0,0,0,0,0,0,0.1004,0,0,0,0,0,0,0,0,0.7817,0,1828,8381,0.1481,47,,,0,,1
5201,"Business/Commerce, General.",449038,3,2,108.0,101.0,9.0,341.0,449038,Strayer University-Florida,,0,0,0,0,0,0,0.1179,0,0,0,0,0,0,0,0,0,0,0,0,0,0,0,0,0,0,0,0,0.1004,0,0,0,0,0,0,0,0,0.7817,0,1828,8381,0.1481,47,,,0,,1
5201,"Business/Commerce, General.",449038,3,3,2620.0,2487.0,188.0,457.0,449038,Strayer University-Florida,,0,0,0,0,0,0,0.1179,0,0,0,0,0,0,0,0,0,0,0,0,0,0,0,0,0,0,0,0,0.1004,0,0,0,0,0,0,0,0,0.7817,0,1828,8381,0.1481,47,,,0,,1
5202,"Business Administration, Management and Operations.",449038,3,5,2568.0,2702.0,154.0,853.0,449038,Strayer University-Florida,,0,0,0,0,0,0,0.1179,0,0,0,0,0,0,0,0,0,0,0,0,0,0,0,0,0,0,0,0,0.1004,0,0,0,0,0,0,0,0,0.7817,0,1828,8381,0.1481,47,,,0,,1
5203,Accounting and Related Services.,449038,3,2,18.0,,3.0,,449038,Strayer University-Florida,,0,0,0,0,0,0,0.1179,0,0,0,0,0,0,0,0,0,0,0,0,0,0,0,0,0,0,0,0,0.1004,0,0,0,0,0,0,0,0,0.7817,0,1828,8381,0.1481,47,,,0,,1
5203,Accounting and Related Services.,449038,3,3,288.0,223.0,18.0,441.0,449038,Strayer University-Florida,,0,0,0,0,0,0,0.1179,0,0,0,0,0,0,0,0,0,0,0,0,0,0,0,0,0,0,0,0,0.1004,0,0,0,0,0,0,0,0,0.7817,0,1828,8381,0.1481,47,,,0,,1
5203,Accounting and Related Services.,449038,3,5,226.0,200.0,14.0,912.0,449038,Strayer University-Florida,,0,0,0,0,0,0,0.1179,0,0,0,0,0,0,0,0,0,0,0,0,0,0,0,0,0,0,0,0,0.1004,0,0,0,0,0,0,0,0,0.7817,0,1828,8381,0.1481,47,,,0,,1
5210,Human Resources Management and Services.,449038,3,5,484.0,421.0,24.0,921.0,449038,Strayer University-Florida,,0,0,0,0,0,0,0.1179,0,0,0,0,0,0,0,0,0,0,0,0,0,0,0,0,0,0,0,0,0.1004,0,0,0,0,0,0,0,0,0.7817,0,1828,8381,0.1481,47,,,0,,1
1109,Computer Systems Networking and Telecommunications.,449083,2,2,24.0,24.0,1.0,275.0,449083,CBT Technology Institute-Main Campus,,0,0,0,0,0,0,0.0204,0,0,0,0.4837,0,0,0,0,0,0,0,0,0,0,0,0,0,0,0,0,0,0,0,0,0.4959,0,0,0,0,0,0,3875,4542,0.4259,15,,,0,,1
1110,Computer/Information Technology Administration and Management.,449083,2,1,18.0,,0.0,,449083,CBT Technology Institute-Main Campus,,0,0,0,0,0,0,0.0204,0,0,0,0.4837,0,0,0,0,0,0,0,0,0,0,0,0,0,0,0,0,0,0,0,0,0.4959,0,0,0,0,0,0,3875,4542,0.4259,15,,,0,,1
1505,Environmental Control Technologies/Technicians.,449083,1,1,264.0,169.0,8.0,91.0,449083,CBT Technology Institute-Main Campus,,0,0,0,0,0,0,0.0204,0,0,0,0.4837,0,0,0,0,0,0,0,0,0,0,0,0,0,0,0,0,0,0,0,0,0.4959,0,0,0,0,0,0,3875,4542,0.4259,15,,,0,,1
1505,Environmental Control Technologies/Technicians.,449083,1,2,32.0,35.0,2.0,214.0,449083,CBT Technology Institute-Main Campus,,0,0,0,0,0,0,0.0204,0,0,0,0.4837,0,0,0,0,0,0,0,0,0,0,0,0,0,0,0,0,0,0,0,0,0.4959,0,0,0,0,0,0,3875,4542,0.4259,15,,,0,,1
4701,Electrical/Electronics Maintenance and Repair Technologies/Technicians.,449083,1,1,354.0,239.0,18.0,91.0,449083,CBT Technology Institute-Main Campus,,0,0,0,0,0,0,0.0204,0,0,0,0.4837,0,0,0,0,0,0,0,0,0,0,0,0,0,0,0,0,0,0,0,0,0.4959,0,0,0,0,0,0,3875,4542,0.4259,15,,,0,,1
4701,Electrical/Electronics Maintenance and Repair Technologies/Technicians.,449083,1,2,52.0,59.0,4.0,193.0,449083,CBT Technology Institute-Main Campus,,0,0,0,0,0,0,0.0204,0,0,0,0.4837,0,0,0,0,0,0,0,0,0,0,0,0,0,0,0,0,0,0,0,0,0.4959,0,0,0,0,0,0,3875,4542,0.4259,15,,,0,,1
5107,Health and Medical Administrative Services.,449083,0,1,70.0,38.0,6.0,101.0,449083,CBT Technology Institute-Main Campus,,0,0,0,0,0,0,0.0204,0,0,0,0.4837,0,0,0,0,0,0,0,0,0,0,0,0,0,0,0,0,0,0,0,0,0.4959,0,0,0,0,0,0,3875,4542,0.4259,15,,,0,,1
1505,Environmental Control Technologies/Technicians.,449092,1,2,32.0,35.0,2.0,214.0,449092,CBT Technology Institute-Hialeah,,0,0,0,0,0,0,0,0,0,0,0.0272,0,0,0,0,0,0,0,0,0,0,0,0,0,0,0,0,0,0,0,0.8949,0.0778,0,0,0,0,0,0,3329,2619,0.5111,15,,,0,,1
4701,Electrical/Electronics Maintenance and Repair Technologies/Technicians.,449092,1,2,52.0,59.0,4.0,193.0,449092,CBT Technology Institute-Hialeah,,0,0,0,0,0,0,0,0,0,0,0.0272,0,0,0,0,0,0,0,0,0,0,0,0,0,0,0,0,0,0,0,0.8949,0.0778,0,0,0,0,0,0,3329,2619,0.5111,15,,,0,,1
5133,Alternative and Complementary Medicine and Medical Systems.,449481,1,5,,19.0,2.0,1361.0,449481,Dragon Rises College of Oriental Medicine,,,,,,,,,,,,,,,,,,,,,,,,,,,,,,,,,,,,,,,,2842,,,,,,0,,
1204,Cosmetology and Related Personal Grooming Services.,449490,1,1,131.0,86.0,14.0,69.0,449490,Palm Beach Academy of Health & Beauty,8,0,0,0,0,0,0,0,0.7586,0,0,0,0,0,0,0,0,0,0,0,0,0,0,0,0,0,0,0,0,0,0,0,0,0,0,0,0.2414,0,0,4713,,,6,,,0,,1
5135,Somatic Bodywork and Related Therapeutic Services.,449490,1,1,,40.0,3.0,67.0,449490,Palm Beach Academy of Health & Beauty,8,0,0,0,0,0,0,0,0.7586,0,0,0,0,0,0,0,0,0,0,0,0,0,0,0,0,0,0,0,0,0,0,0,0,0,0,0,0.2414,0,0,4713,,,6,,,0,,1
5108,Allied Health and Medical Assisting Services.,449506,1,2,34.0,30.0,1.0,233.0,449506,SABER College,3,0,0,0,0,0,0,0,0,0,0,0,0,0,0,0,0,0,0,0,0,0,0,0,0,0,0,0,0,0,0,0,0,0,0,0,1,0,0,7185,7354,0.45,20,,,0,0.8037,2
5138,"Registered Nursing, Nursing Administration, Nursing Research and Clinical Nursing.",449506,1,2,269.0,161.0,16.0,212.0,449506,SABER College,3,0,0,0,0,0,0,0,0,0,0,0,0,0,0,0,0,0,0,0,0,0,0,0,0,0,0,0,0,0,0,0,0,0,0,0,1,0,0,7185,7354,0.45,20,,,0,0.8037,2
5108,Allied Health and Medical Assisting Services.,449524,1,2,34.0,30.0,3.0,268.0,449524,Taylor College,,0,0,0,0,0,0,0,0,0,0,0,0,0,0,0,0,0,0,0,0,0,0,0,0,0,0,0,0,0,0,0,0,0,0,0,1,0,0,25756,5984,0.625,24,,,1,,1
5138,"Registered Nursing, Nursing Administration, Nursing Research and Clinical Nursing.",449524,1,2,81.0,51.0,6.0,333.0,449524,Taylor College,,0,0,0,0,0,0,0,0,0,0,0,0,0,0,0,0,0,0,0,0,0,0,0,0,0,0,0,0,0,0,0,0,0,0,0,1,0,0,25756,5984,0.625,24,,,1,,1
5139,"Practical Nursing, Vocational Nursing and Nursing Assistants.",449524,1,1,10.0,,1.0,,449524,Taylor College,,0,0,0,0,0,0,0,0,0,0,0,0,0,0,0,0,0,0,0,0,0,0,0,0,0,0,0,0,0,0,0,0,0,0,0,1,0,0,25756,5984,0.625,24,,,1,,1
1104,Information Science/Studies.,449898,3,3,112.0,88.0,10.0,480.0,449898,South University-Tampa,,0,0,0,0,0,0,0.0148,0,0,0,0,0,0,0,0,0,0,0,0,0,0,0,0,0,0,0,0,0,0,0,0,0,0,0,0,0.9704,0.0148,0,8099,7883,0.3667,14,,,0,,1
1104,Information Science/Studies.,449898,3,5,31.0,30.0,3.0,499.0,449898,South University-Tampa,,0,0,0,0,0,0,0.0148,0,0,0,0,0,0,0,0,0,0,0,0,0,0,0,0,0,0,0,0,0,0,0,0,0,0,0,0,0.9704,0.0148,0,8099,7883,0.3667,14,,,0,,1
4201,"Psychology, General.",449898,3,3,165.0,90.0,15.0,472.0,449898,South University-Tampa,,0,0,0,0,0,0,0.0148,0,0,0,0,0,0,0,0,0,0,0,0,0,0,0,0,0,0,0,0,0,0,0,0,0,0,0,0,0.9704,0.0148,0,8099,7883,0.3667,14,,,0,,1
4301,Criminal Justice and Corrections.,449898,3,3,115.0,76.0,7.0,449.0,449898,South University-Tampa,,0,0,0,0,0,0,0.0148,0,0,0,0,0,0,0,0,0,0,0,0,0,0,0,0,0,0,0,0,0,0,0,0,0,0,0,0,0.9704,0.0148,0,8099,7883,0.3667,14,,,0,,1
4301,Criminal Justice and Corrections.,449898,3,5,78.0,57.0,6.0,466.0,449898,South University-Tampa,,0,0,0,0,0,0,0.0148,0,0,0,0,0,0,0,0,0,0,0,0,0,0,0,0,0,0,0,0,0,0,0,0,0,0,0,0,0.9704,0.0148,0,8099,7883,0.3667,14,,,0,,1
5107,Health and Medical Administrative Services.,449898,3,2,209.0,76.0,9.0,295.0,449898,South University-Tampa,,0,0,0,0,0,0,0.0148,0,0,0,0,0,0,0,0,0,0,0,0,0,0,0,0,0,0,0,0,0,0,0,0,0,0,0,0,0.9704,0.0148,0,8099,7883,0.3667,14,,,0,,1
5107,Health and Medical Administrative Services.,449898,3,3,258.0,156.0,12.0,421.0,449898,South University-Tampa,,0,0,0,0,0,0,0.0148,0,0,0,0,0,0,0,0,0,0,0,0,0,0,0,0,0,0,0,0,0,0,0,0,0,0,0,0,0.9704,0.0148,0,8099,7883,0.3667,14,,,0,,1
5107,Health and Medical Administrative Services.,449898,3,5,241.0,180.0,17.0,466.0,449898,South University-Tampa,,0,0,0,0,0,0,0.0148,0,0,0,0,0,0,0,0,0,0,0,0,0,0,0,0,0,0,0,0,0,0,0,0,0,0,0,0,0.9704,0.0148,0,8099,7883,0.3667,14,,,0,,1
5108,Allied Health and Medical Assisting Services.,449898,1,2,440.0,493.0,24.0,244.0,449898,South University-Tampa,,0,0,0,0,0,0,0.0148,0,0,0,0,0,0,0,0,0,0,0,0,0,0,0,0,0,0,0,0,0,0,0,0,0,0,0,0,0.9704,0.0148,0,8099,7883,0.3667,14,,,0,,1
5109,"Allied Health Diagnostic, Intervention, and Treatment Professions.",449898,1,5,204.0,254.0,5.0,1585.0,449898,South University-Tampa,,0,0,0,0,0,0,0.0148,0,0,0,0,0,0,0,0,0,0,0,0,0,0,0,0,0,0,0,0,0,0,0,0,0,0,0,0,0.9704,0.0148,0,8099,7883,0.3667,14,,,0,,1
5122,Public Health.,449898,3,3,90.0,84.0,5.0,412.0,449898,South University-Tampa,,0,0,0,0,0,0,0.0148,0,0,0,0,0,0,0,0,0,0,0,0,0,0,0,0,0,0,0,0,0,0,0,0,0,0,0,0,0.9704,0.0148,0,8099,7883,0.3667,14,,,0,,1
5132,"Health Professions Education, Ethics, and Humanities.",449898,3,5,,31.0,0.0,667.0,449898,South University-Tampa,,0,0,0,0,0,0,0.0148,0,0,0,0,0,0,0,0,0,0,0,0,0,0,0,0,0,0,0,0,0,0,0,0,0,0,0,0,0.9704,0.0148,0,8099,7883,0.3667,14,,,0,,1
5138,"Registered Nursing, Nursing Administration, Nursing Research and Clinical Nursing.",449898,2,3,1287.0,1002.0,16.0,250.0,449898,South University-Tampa,,0,0,0,0,0,0,0.0148,0,0,0,0,0,0,0,0,0,0,0,0,0,0,0,0,0,0,0,0,0,0,0,0,0,0,0,0,0.9704,0.0148,0,8099,7883,0.3667,14,,,0,,1
5138,"Registered Nursing, Nursing Administration, Nursing Research and Clinical Nursing.",449898,3,5,2528.0,2334.0,53.0,676.0,449898,South University-Tampa,,0,0,0,0,0,0,0.0148,0,0,0,0,0,0,0,0,0,0,0,0,0,0,0,0,0,0,0,0,0,0,0,0,0,0,0,0,0.9704,0.0148,0,8099,7883,0.3667,14,,,0,,1
5138,"Registered Nursing, Nursing Administration, Nursing Research and Clinical Nursing.",449898,3,8,203.0,168.0,4.0,534.0,449898,South University-Tampa,,0,0,0,0,0,0,0.0148,0,0,0,0,0,0,0,0,0,0,0,0,0,0,0,0,0,0,0,0,0,0,0,0,0,0,0,0,0.9704,0.0148,0,8099,7883,0.3667,14,,,0,,1
5202,"Business Administration, Management and Operations.",449898,3,3,245.0,177.0,19.0,488.0,449898,South University-Tampa,,0,0,0,0,0,0,0.0148,0,0,0,0,0,0,0,0,0,0,0,0,0,0,0,0,0,0,0,0,0,0,0,0,0,0,0,0,0.9704,0.0148,0,8099,7883,0.3667,14,,,0,,1
5202,"Business Administration, Management and Operations.",449898,3,5,155.0,205.0,11.0,525.0,449898,South University-Tampa,,0,0,0,0,0,0,0.0148,0,0,0,0,0,0,0,0,0,0,0,0,0,0,0,0,0,0,0,0,0,0,0,0,0,0,0,0,0.9704,0.0148,0,8099,7883,0.3667,14,,,0,,1
1204,Cosmetology and Related Personal Grooming Services.,449959,1,1,51.0,700.0,103.0,77.0,449959,Paul Mitchell the School-Tampa,3,0,0,0,0,0,0,0,1,0,0,0,0,0,0,0,0,0,0,0,0,0,0,0,0,0,0,0,0,0,0,0,0,0,0,0,0,0,0,6871,,,12,,,0,,1
1204,Cosmetology and Related Personal Grooming Services.,451097,1,1,55.0,46.0,10.0,61.0,451097,Academy of Career Training,6,0,0,0,0,0,0,0,0.9286,0,0,0,0,0,0,0,0,0,0,0,0,0,0,0,0,0,0,0,0,0,0,0,0,0,0,0,0.0714,0,0,4373,,,10,,,0,,1
5135,Somatic Bodywork and Related Therapeutic Services.,451097,1,1,16.0,,2.0,,451097,Academy of Career Training,6,0,0,0,0,0,0,0,0.9286,0,0,0,0,0,0,0,0,0,0,0,0,0,0,0,0,0,0,0,0,0,0,0,0,0,0,0,0.0714,0,0,4373,,,10,,,0,,1
1313,"Teacher Education and Professional Development, Specific Subject Areas.",451103,0,1,,30.0,0.0,,451103,Miami Regional University,9,0,0,0,0,0,0,0,0,0,0,0,0,0,0,0,0,0,0,0,0,0,0,0,0,0,0,0,0,0,0,0,0,0,0,0,1,0,0,3447,8265,0.55,27,,,0,,1
5138,"Registered Nursing, Nursing Administration, Nursing Research and Clinical Nursing.",451103,1,2,523.0,167.0,2.0,232.0,451103,Miami Regional University,9,0,0,0,0,0,0,0,0,0,0,0,0,0,0,0,0,0,0,0,0,0,0,0,0,0,0,0,0,0,0,0,0,0,0,0,1,0,0,3447,8265,0.55,27,,,0,,1
5138,"Registered Nursing, Nursing Administration, Nursing Research and Clinical Nursing.",451103,1,3,,,0.0,204.0,451103,Miami Regional University,9,0,0,0,0,0,0,0,0,0,0,0,0,0,0,0,0,0,0,0,0,0,0,0,0,0,0,0,0,0,0,0,0,0,0,0,1,0,0,3447,8265,0.55,27,,,0,,1
5138,"Registered Nursing, Nursing Administration, Nursing Research and Clinical Nursing.",451103,2,5,490.0,506.0,18.0,392.0,451103,Miami Regional University,9,0,0,0,0,0,0,0,0,0,0,0,0,0,0,0,0,0,0,0,0,0,0,0,0,0,0,0,0,0,0,0,0,0,0,0,1,0,0,3447,8265,0.55,27,,,0,,1
1204,Cosmetology and Related Personal Grooming Services.,451149,1,1,463.0,424.0,46.0,78.0,451149,Aveda Institute-South Florida,4,0,0,0,0,0,0,0,0.9564,0,0,0,0,0,0,0,0,0,0,0,0,0,0,0,0,0,0,0,0,0,0,0,0,0,0,0,0.0436,0,0,6922,,,16,,,0,,1
5135,Somatic Bodywork and Related Therapeutic Services.,451149,1,1,,,0.0,,451149,Aveda Institute-South Florida,4,0,0,0,0,0,0,0,0.9564,0,0,0,0,0,0,0,0,0,0,0,0,0,0,0,0,0,0,0,0,0,0,0,0,0,0,0,0.0436,0,0,6922,,,16,,,0,,1
1204,Cosmetology and Related Personal Grooming Services.,451158,1,1,476.0,462.0,48.0,79.0,451158,Aveda Institute-Tallahassee,4,0,0,0,0,0,0,0,0.8998,0,0,0,0,0,0,0,0,0,0,0,0,0,0,0,0,0,0,0,0,0,0,0,0,0,0,0,0.1002,0,0,7104,,,16,,,0,,1
5135,Somatic Bodywork and Related Therapeutic Services.,451158,1,1,49.0,37.0,6.0,101.0,451158,Aveda Institute-Tallahassee,4,0,0,0,0,0,0,0,0.8998,0,0,0,0,0,0,0,0,0,0,0,0,0,0,0,0,0,0,0,0,0,0,0,0,0,0,0,0.1002,0,0,7104,,,16,,,0,,1
1204,Cosmetology and Related Personal Grooming Services.,451167,1,1,204.0,121.0,52.0,95.0,451167,Shear Excellence Hair Academy,6,0,0,0,0,0,0,0,1,0,0,0,0,0,0,0,0,0,0,0,0,0,0,0,0,0,0,0,0,0,0,0,0,0,0,0,0,0,0,4658,,,9,,,0,,1
5109,"Allied Health Diagnostic, Intervention, and Treatment Professions.",454865,1,2,249.0,259.0,13.0,334.0,454865,Cambridge College of Healthcare & Technology,,0,0,0,0,0,0,0.0017,0,0,0,0,0,0,0,0,0,0,0,0,0,0,0,0,0,0,0,0,0.0382,0,0,0,0,0,0,0,0.9568,0.0033,0,4103,8714,,25,,,0,,1
5110,Clinical/Medical Laboratory Science/Research and Allied Professions.,454865,1,1,,18.0,4.0,,454865,Cambridge College of Healthcare & Technology,,0,0,0,0,0,0,0.0017,0,0,0,0,0,0,0,0,0,0,0,0,0,0,0,0,0,0,0,0,0.0382,0,0,0,0,0,0,0,0.9568,0.0033,0,4103,8714,,25,,,0,,1
5138,"Registered Nursing, Nursing Administration, Nursing Research and Clinical Nursing.",454865,1,2,42.0,,2.0,278.0,454865,Cambridge College of Healthcare & Technology,,0,0,0,0,0,0,0.0017,0,0,0,0,0,0,0,0,0,0,0,0,0,0,0,0,0,0,0,0,0.0382,0,0,0,0,0,0,0,0.9568,0.0033,0,4103,8714,,25,,,0,,1
1204,Cosmetology and Related Personal Grooming Services.,454917,1,1,289.0,255.0,76.0,67.0,454917,Celebrity School of Beauty,9,0,0,0,0,0,0,0,0.9433,0,0,0,0,0,0,0,0,0,0,0,0,0,0,0,0,0,0,0,0,0,0,0,0,0,0,0,0.0567,0,0,2725,,,22,,,0,,1
1204,Cosmetology and Related Personal Grooming Services.,455479,1,1,46.0,,5.0,114.0,455479,Fortis Institute-Pensacola,,0,0,0,0,0,0,0,0.1467,0,0,0,0,0,0,0,0,0,0,0,0,0,0,0,0,0,0,0,0,0,0,0,0.1067,0,0,0,0.7467,0,0,5161,5162,0.2143,22,,,1,,1
4702,"Heating, Air Conditioning, Ventilation and Refrigeration Maintenance Technology/Technician (HAC, HACR, HVAC, HVACR).",455479,1,1,205.0,197.0,15.0,138.0,455479,Fortis Institute-Pensacola,,0,0,0,0,0,0,0,0.1467,0,0,0,0,0,0,0,0,0,0,0,0,0,0,0,0,0,0,0,0,0,0,0,0.1067,0,0,0,0.7467,0,0,5161,5162,0.2143,22,,,1,,1
5106,Dental Support Services and Allied Professions.,455479,1,1,229.0,208.0,11.0,120.0,455479,Fortis Institute-Pensacola,,0,0,0,0,0,0,0,0.1467,0,0,0,0,0,0,0,0,0,0,0,0,0,0,0,0,0,0,0,0,0,0,0,0.1067,0,0,0,0.7467,0,0,5161,5162,0.2143,22,,,1,,1
5107,Health and Medical Administrative Services.,455479,0,1,36.0,25.0,1.0,101.0,455479,Fortis Institute-Pensacola,,0,0,0,0,0,0,0,0.1467,0,0,0,0,0,0,0,0,0,0,0,0,0,0,0,0,0,0,0,0,0,0,0,0.1067,0,0,0,0.7467,0,0,5161,5162,0.2143,22,,,1,,1
5108,Allied Health and Medical Assisting Services.,455479,1,1,615.0,556.0,30.0,100.0,455479,Fortis Institute-Pensacola,,0,0,0,0,0,0,0,0.1467,0,0,0,0,0,0,0,0,0,0,0,0,0,0,0,0,0,0,0,0,0,0,0,0.1067,0,0,0,0.7467,0,0,5161,5162,0.2143,22,,,1,,1
5138,"Registered Nursing, Nursing Administration, Nursing Research and Clinical Nursing.",455479,1,2,178.0,124.0,6.0,296.0,455479,Fortis Institute-Pensacola,,0,0,0,0,0,0,0,0.1467,0,0,0,0,0,0,0,0,0,0,0,0,0,0,0,0,0,0,0,0,0,0,0,0.1067,0,0,0,0.7467,0,0,5161,5162,0.2143,22,,,1,,1
5108,Allied Health and Medical Assisting Services.,455831,1,1,128.0,121.0,8.0,82.0,455831,Medical Institute of Palm Beach,4,0,0,0,0,0,0,0,0,0,0,0,0,0,0,0,0,0,0,0,0,0,0,0,0,0,0,0,0,0,0,0,0,0,0,0,1,0,0,6694,,,15,,,0,,1
5135,Somatic Bodywork and Related Therapeutic Services.,455831,1,1,,19.0,8.0,45.0,455831,Medical Institute of Palm Beach,4,0,0,0,0,0,0,0,0,0,0,0,0,0,0,0,0,0,0,0,0,0,0,0,0,0,0,0,0,0,0,0,0,0,0,0,1,0,0,6694,,,15,,,0,,1
1109,Computer Systems Networking and Telecommunications.,456977,2,2,24.0,24.0,1.0,275.0,456977,CBT Technology Institute-Cutler Bay,,0,0,0,0,0,0,0,0,0,0,0.5812,0,0,0,0,0,0,0,0,0,0,0,0,0,0,0,0,0,0,0,0.4188,0,0,0,0,0,0,0,3408,,,15,,,0,,1
1505,Environmental Control Technologies/Technicians.,456977,1,1,264.0,169.0,8.0,91.0,456977,CBT Technology Institute-Cutler Bay,,0,0,0,0,0,0,0,0,0,0,0.5812,0,0,0,0,0,0,0,0,0,0,0,0,0,0,0,0,0,0,0,0.4188,0,0,0,0,0,0,0,3408,,,15,,,0,,1
5107,Health and Medical Administrative Services.,456977,3,1,70.0,38.0,6.0,101.0,456977,CBT Technology Institute-Cutler Bay,,0,0,0,0,0,0,0,0,0,0,0.5812,0,0,0,0,0,0,0,0,0,0,0,0,0,0,0,0,0,0,0,0.4188,0,0,0,0,0,0,0,3408,,,15,,,0,,1
5138,"Registered Nursing, Nursing Administration, Nursing Research and Clinical Nursing.",457129,1,3,,10218.0,142.0,235.0,457129,Chamberlain University-Florida,,0,0,0,0,0,0,0,0,0,0,0,0,0,0,0,0,0,0,0,0,0,0,0,0,0,0,0,0,0,0,0,0,0,0,0,1,0,0,6258,8080,0.1075,10,,,0,0.9091,2
1109,Computer Systems Networking and Telecommunications.,457378,1,1,,,2.0,,457378,Emerald Coast Technical College,17,0,0,0,0,0,0,0.3182,0.0227,0,0,0.0568,0,0,0,0,0,0,0,0,0,0,0,0,0,0,0,0,0,0,0,0.1136,0.0227,0.1364,0,0,0.3295,0,0,21521,,,9,,,1,,1
1204,Cosmetology and Related Personal Grooming Services.,457378,1,1,,,0.0,,457378,Emerald Coast Technical College,17,0,0,0,0,0,0,0.3182,0.0227,0,0,0.0568,0,0,0,0,0,0,0,0,0,0,0,0,0,0,0,0,0,0,0,0.1136,0.0227,0.1364,0,0,0.3295,0,0,21521,,,9,,,1,,1
5139,"Practical Nursing, Vocational Nursing and Nursing Assistants.",457378,1,1,,41.0,4.0,,457378,Emerald Coast Technical College,17,0,0,0,0,0,0,0.3182,0.0227,0,0,0.0568,0,0,0,0,0,0,0,0,0,0,0,0,0,0,0,0,0,0,0,0.1136,0.0227,0.1364,0,0,0.3295,0,0,21521,,,9,,,1,,1
5139,"Practical Nursing, Vocational Nursing and Nursing Assistants.",457387,1,1,,22.0,1.0,,457387,Immokalee Technical College,16,0,0,0,0,0.064,0,0.1084,0.1182,0,0,0.0345,0,0.0493,0,0,0,0,0,0,0,0,0,0,0,0,0,0,0,0,0,0.0985,0.1478,0.0197,0,0,0.3103,0.0493,0,7876,,,14,,,1,,1
1204,Cosmetology and Related Personal Grooming Services.,457396,1,1,77.0,76.0,14.0,67.0,457396,American Academy of Cosmetology,6,0,0,0,0,0,0,0,0.9647,0,0,0,0,0,0,0,0,0,0,0,0,0,0,0,0,0,0,0,0,0,0,0,0,0,0,0,0.0353,0,0,8197,,,15,,,0,,1
4706,Vehicle Maintenance and Repair Technologies/Technicians.,457411,1,1,,258.0,16.0,311.0,457411,Aviation Institute of Maintenance-Orlando,,0,0,0,0,0,0,0,0,0,0,0,0,0,0,0,0,0,0,0,0,0,0,0,0,0,0,0,0,0,0,0,1,0,0,0,0,0,0,3139,,,17,,,0,,1
1204,Cosmetology and Related Personal Grooming Services.,457420,1,1,168.0,153.0,17.0,78.0,457420,Summit Salon Academy,6,0,0,0,0,0,0,0,0.9545,0,0,0,0,0,0,0,0,0,0,0,0,0,0,0,0,0,0,0,0,0,0,0,0,0,0,0,0.0455,0,0,6849,,,9,,,0,,1
1204,Cosmetology and Related Personal Grooming Services.,457439,1,1,81.0,68.0,5.0,138.0,457439,Summit Salon Academy-Gainesville,5,0,0,0,0,0,0,0,1,0,0,0,0,0,0,0,0,0,0,0,0,0,0,0,0,0,0,0,0,0,0,0,0,0,0,0,0,0,0,1863,,,16,,,0,,1
1204,Cosmetology and Related Personal Grooming Services.,457448,1,1,152.0,135.0,14.0,117.0,457448,Tenaj Salon Institute,1,0,0,0,0,0,0,0,1,0,0,0,0,0,0,0,0,0,0,0,0,0,0,0,0,0,0,0,0,0,0,0,0,0,0,0,0,0,0,4075,,,18,,,0,,1
1204,Cosmetology and Related Personal Grooming Services.,459055,1,1,892.0,665.0,103.0,138.0,459055,Empire Beauty School-West Palm,1,0,0,0,0,0,0,0,1,0,0,0,0,0,0,0,0,0,0,0,0,0,0,0,0,0,0,0,0,0,0,0,0,0,0,0,0,0,0,11780,,,14,,,0,,1
1204,Cosmetology and Related Personal Grooming Services.,459329,1,1,,43.0,2.0,,459329,Fred K Marchman Technical College,14,0,0,0,0,0,0,0.1185,0.2417,0,0,0.0853,0,0.2512,0,0,0,0,0,0,0,0,0,0,0,0,0,0,0,0,0,0.0569,0.0806,0.0427,0,0.0474,0.0758,0,0,8424,,,13,,,0,,1
4603,Electrical and Power Transmission Installers.,459329,1,1,,,1.0,,459329,Fred K Marchman Technical College,14,0,0,0,0,0,0,0.1185,0.2417,0,0,0.0853,0,0.2512,0,0,0,0,0,0,0,0,0,0,0,0,0,0,0,0,0,0.0569,0.0806,0.0427,0,0.0474,0.0758,0,0,8424,,,13,,,0,,1
4702,"Heating, Air Conditioning, Ventilation and Refrigeration Maintenance Technology/Technician (HAC, HACR, HVAC, HVACR).",459329,1,1,,17.0,1.0,,459329,Fred K Marchman Technical College,14,0,0,0,0,0,0,0.1185,0.2417,0,0,0.0853,0,0.2512,0,0,0,0,0,0,0,0,0,0,0,0,0,0,0,0,0,0.0569,0.0806,0.0427,0,0.0474,0.0758,0,0,8424,,,13,,,0,,1
4706,Vehicle Maintenance and Repair Technologies/Technicians.,459329,1,1,,28.0,3.0,,459329,Fred K Marchman Technical College,14,0,0,0,0,0,0,0.1185,0.2417,0,0,0.0853,0,0.2512,0,0,0,0,0,0,0,0,0,0,0,0,0,0,0,0,0,0.0569,0.0806,0.0427,0,0.0474,0.0758,0,0,8424,,,13,,,0,,1
1204,Cosmetology and Related Personal Grooming Services.,459347,1,1,12.0,,0.0,,459347,The Salon Professional Academy-Ft Myers,2,0,0,0,0,0,0,0,1,0,0,0,0,0,0,0,0,0,0,0,0,0,0,0,0,0,0,0,0,0,0,0,0,0,0,0,0,0,0,5439,,,10,,,0,,1
5106,Dental Support Services and Allied Professions.,460190,1,1,247.0,209.0,14.0,101.0,460190,Concorde Career Institute-Orlando,9,0,0,0,0,0,0,0,0,0,0,0,0,0,0,0,0,0,0,0,0,0,0,0,0,0,0,0,0,0,0,0,0,0,0,0,1,0,0,13463,6354,0.7317,19,,,1,0.9005,2
5107,Health and Medical Administrative Services.,460190,1,1,39.0,40.0,1.0,101.0,460190,Concorde Career Institute-Orlando,9,0,0,0,0,0,0,0,0,0,0,0,0,0,0,0,0,0,0,0,0,0,0,0,0,0,0,0,0,0,0,0,0,0,0,0,1,0,0,13463,6354,0.7317,19,,,1,0.9005,2
5108,Allied Health and Medical Assisting Services.,460190,1,1,429.0,367.0,23.0,101.0,460190,Concorde Career Institute-Orlando,9,0,0,0,0,0,0,0,0,0,0,0,0,0,0,0,0,0,0,0,0,0,0,0,0,0,0,0,0,0,0,0,0,0,0,0,1,0,0,13463,6354,0.7317,19,,,1,0.9005,2
5109,"Allied Health Diagnostic, Intervention, and Treatment Professions.",460190,1,1,47.0,32.0,4.0,163.0,460190,Concorde Career Institute-Orlando,9,0,0,0,0,0,0,0,0,0,0,0,0,0,0,0,0,0,0,0,0,0,0,0,0,0,0,0,0,0,0,0,0,0,0,0,1,0,0,13463,6354,0.7317,19,,,1,0.9005,2
5109,"Allied Health Diagnostic, Intervention, and Treatment Professions.",460190,1,2,62.0,64.0,2.0,212.0,460190,Concorde Career Institute-Orlando,9,0,0,0,0,0,0,0,0,0,0,0,0,0,0,0,0,0,0,0,0,0,0,0,0,0,0,0,0,0,0,0,0,0,0,0,1,0,0,13463,6354,0.7317,19,,,1,0.9005,2
5139,"Practical Nursing, Vocational Nursing and Nursing Assistants.",460190,1,1,84.0,44.0,1.0,212.0,460190,Concorde Career Institute-Orlando,9,0,0,0,0,0,0,0,0,0,0,0,0,0,0,0,0,0,0,0,0,0,0,0,0,0,0,0,0,0,0,0,0,0,0,0,1,0,0,13463,6354,0.7317,19,,,1,0.9005,2
1204,Cosmetology and Related Personal Grooming Services.,460701,1,1,246.0,212.0,44.0,67.0,460701,Artistic Nails and Beauty Academy-Lakeland,7,0,0,0,0,0,0,0,0.8133,0,0,0,0,0,0,0,0,0,0,0,0,0,0,0,0,0,0,0,0,0,0,0,0,0,0,0,0.1867,0,0,5091,,,13,,,0,,1
1204,Cosmetology and Related Personal Grooming Services.,460969,1,1,227.0,186.0,50.0,78.0,460969,Beauty Academy of South Florida,5,0,0,0,0,0,0,0,1,0,0,0,0,0,0,0,0,0,0,0,0,0,0,0,0,0,0,0,0,0,0,0,0,0,0,0,0,0,0,1235,,,35,,,0,,1
1204,Cosmetology and Related Personal Grooming Services.,462035,1,1,126.0,124.0,13.0,67.0,462035,Florida Academy,8,0,0,0,0,0,0,0,0.7,0,0,0.1286,0,0,0,0,0,0,0,0,0,0,0,0,0,0,0,0,0,0,0,0,0,0,0,0,0.1714,0,0,3195,,,10,,,1,,1
1505,Environmental Control Technologies/Technicians.,462035,1,1,58.0,76.0,3.0,67.0,462035,Florida Academy,8,0,0,0,0,0,0,0,0.7,0,0,0.1286,0,0,0,0,0,0,0,0,0,0,0,0,0,0,0,0,0,0,0,0,0,0,0,0,0.1714,0,0,3195,,,10,,,1,,1
5123,Rehabilitation and Therapeutic Professions.,462035,0,1,,42.0,4.0,67.0,462035,Florida Academy,8,0,0,0,0,0,0,0,0.7,0,0,0.1286,0,0,0,0,0,0,0,0,0,0,0,0,0,0,0,0,0,0,0,0,0,0,0,0,0.1714,0,0,3195,,,10,,,1,,1
1204,Cosmetology and Related Personal Grooming Services.,475547,1,1,206.0,184.0,16.0,104.0,475547,Paul Mitchell the School-Fort Myers,2,0,0,0,0,0,0,0,1,0,0,0,0,0,0,0,0,0,0,0,0,0,0,0,0,0,0,0,0,0,0,0,0,0,0,0,0,0,0,7019,,,8,,,0,,1
5109,"Allied Health Diagnostic, Intervention, and Treatment Professions.",475714,1,1,121.0,124.0,4.0,101.0,475714,American Medical Academy,6,0,0,0,0,0,0,0,0,0,0,0,0,0,0,0,0,0,0,0,0,0,0,0,0,0,0,0,0,0,0,0,0,0,0,0,1,0,0,2581,7708,1,6,,,0,,1
5138,"Registered Nursing, Nursing Administration, Nursing Research and Clinical Nursing.",475714,1,2,,25.0,2.0,244.0,475714,American Medical Academy,6,0,0,0,0,0,0,0,0,0,0,0,0,0,0,0,0,0,0,0,0,0,0,0,0,0,0,0,0,0,0,0,0,0,0,0,1,0,0,2581,7708,1,6,,,0,,1
1504,Electromechanical Technologies/Technicians.,476063,1,1,55.0,72.0,15.0,101.0,476063,Tulsa Welding School-Jacksonville,3,0,0,0,0,0,0,0,0,0,0,0.3133,0,0,0,0,0,0,0,0,0,0,0,0,0,0,0,0,0,0,0,0.3681,0.3185,0,0,0,0,0,0,1729,,,30,,,1,,1
4603,Electrical and Power Transmission Installers.,476063,1,1,20.0,45.0,7.0,76.0,476063,Tulsa Welding School-Jacksonville,3,0,0,0,0,0,0,0,0,0,0,0.3133,0,0,0,0,0,0,0,0,0,0,0,0,0,0,0,0,0,0,0,0.3681,0.3185,0,0,0,0,0,0,1729,,,30,,,1,,1
1204,Cosmetology and Related Personal Grooming Services.,476498,1,1,,101.0,30.0,,476498,Futura Career Institute,5,0,0,0,0,0,0,0,0.8404,0,0,0,0,0,0,0,0,0,0,0,0,0,0,0,0,0,0,0,0,0,0,0,0.1596,0,0,0,0,0,0,3186,,,25,,,0,,1
1505,Environmental Control Technologies/Technicians.,476498,1,1,,46.0,4.0,,476498,Futura Career Institute,5,0,0,0,0,0,0,0,0.8404,0,0,0,0,0,0,0,0,0,0,0,0,0,0,0,0,0,0,0,0,0,0,0,0.1596,0,0,0,0,0,0,3186,,,25,,,0,,1
1002,Audiovisual Communications Technologies/Technicians.,476814,2,1,133.0,119.0,15.0,83.0,476814,Florida Institute of Recording Sound and Technology,4,0,0,0,0,0,0.3783,0.2,0,0,0,0,0,0,0,0,0,0,0,0,0,0,0,0,0,0,0,0,0,0,0,0,0,0,0,0.4217,0,0,0,4305,,,16,,,0,,1
1108,Computer Software and Media Applications.,476814,2,1,16.0,,4.0,,476814,Florida Institute of Recording Sound and Technology,4,0,0,0,0,0,0.3783,0.2,0,0,0,0,0,0,0,0,0,0,0,0,0,0,0,0,0,0,0,0,0,0,0,0,0,0,0,0.4217,0,0,0,4305,,,16,,,0,,1
5006,Film/Video and Photographic Arts.,476814,2,1,62.0,60.0,13.0,83.0,476814,Florida Institute of Recording Sound and Technology,4,0,0,0,0,0,0.3783,0.2,0,0,0,0,0,0,0,0,0,0,0,0,0,0,0,0,0,0,0,0,0,0,0,0,0,0,0,0.4217,0,0,0,4305,,,16,,,0,,1
1102,Computer Programming.,476939,0,1,21.0,17.0,0.0,,476939,FVI School of Nursing and Technology,6,0,0,0,0,0,0,0,0,0,0,0,0,0,0,0,0,0,0,0,0,0,0,0,0,0,0,0,0,0,0,0,0,0,0,0,1,0,0,5317,6578,0.3731,13,,,1,0.7358,2
5108,Allied Health and Medical Assisting Services.,476939,1,1,503.0,416.0,30.0,96.0,476939,FVI School of Nursing and Technology,6,0,0,0,0,0,0,0,0,0,0,0,0,0,0,0,0,0,0,0,0,0,0,0,0,0,0,0,0,0,0,0,0,0,0,0,1,0,0,5317,6578,0.3731,13,,,1,0.7358,2
5139,"Practical Nursing, Vocational Nursing and Nursing Assistants.",476939,1,1,125.0,102.0,7.0,68.0,476939,FVI School of Nursing and Technology,6,0,0,0,0,0,0,0,0,0,0,0,0,0,0,0,0,0,0,0,0,0,0,0,0,0,0,0,0,0,0,0,0,0,0,0,1,0,0,5317,6578,0.3731,13,,,1,0.7358,2
1104,Information Science/Studies.,480569,3,2,14.0,,3.0,269.0,480569,Florida Institute of Technology-Online,,0,0,0,0,0,0,0.1397,0,0,0,0,0,0,0,0,0,0,0,0,0,0,0,0,0,0,0,0.2514,0.0503,0,0,0,0,0,0.1788,0,0.067,0.3128,0,294,10652,,6,,,1,0.4018,2
1104,Information Science/Studies.,480569,3,3,34.0,49.0,3.0,509.0,480569,Florida Institute of Technology-Online,,0,0,0,0,0,0,0.1397,0,0,0,0,0,0,0,0,0,0,0,0,0,0,0,0,0,0,0,0.2514,0.0503,0,0,0,0,0,0.1788,0,0.067,0.3128,0,294,10652,,6,,,1,0.4018,2
1110,Computer/Information Technology Administration and Management.,480569,3,5,13.0,25.0,0.0,,480569,Florida Institute of Technology-Online,,0,0,0,0,0,0,0.1397,0,0,0,0,0,0,0,0,0,0,0,0,0,0,0,0,0,0,0,0.2514,0.0503,0,0,0,0,0,0.1788,0,0.067,0.3128,0,294,10652,,6,,,1,0.4018,2
4228,"Clinical, Counseling and Applied Psychology.",480569,3,2,,,2.0,,480569,Florida Institute of Technology-Online,,0,0,0,0,0,0,0.1397,0,0,0,0,0,0,0,0,0,0,0,0,0,0,0,0,0,0,0,0.2514,0.0503,0,0,0,0,0,0.1788,0,0.067,0.3128,0,294,10652,,6,,,1,0.4018,2
4228,"Clinical, Counseling and Applied Psychology.",480569,3,3,90.0,60.0,11.0,288.0,480569,Florida Institute of Technology-Online,,0,0,0,0,0,0,0.1397,0,0,0,0,0,0,0,0,0,0,0,0,0,0,0,0,0,0,0,0.2514,0.0503,0,0,0,0,0,0.1788,0,0.067,0.3128,0,294,10652,,6,,,1,0.4018,2
4901,Air Transportation.,480569,3,3,62.0,69.0,4.0,286.0,480569,Florida Institute of Technology-Online,,0,0,0,0,0,0,0.1397,0,0,0,0,0,0,0,0,0,0,0,0,0,0,0,0,0,0,0,0.2514,0.0503,0,0,0,0,0,0.1788,0,0.067,0.3128,0,294,10652,,6,,,1,0.4018,2
5107,Health and Medical Administrative Services.,480569,3,2,14.0,,2.0,,480569,Florida Institute of Technology-Online,,0,0,0,0,0,0,0.1397,0,0,0,0,0,0,0,0,0,0,0,0,0,0,0,0,0,0,0,0.2514,0.0503,0,0,0,0,0,0.1788,0,0.067,0.3128,0,294,10652,,6,,,1,0.4018,2
5107,Health and Medical Administrative Services.,480569,3,3,22.0,19.0,6.0,534.0,480569,Florida Institute of Technology-Online,,0,0,0,0,0,0,0.1397,0,0,0,0,0,0,0,0,0,0,0,0,0,0,0,0,0,0,0,0.2514,0.0503,0,0,0,0,0,0.1788,0,0.067,0.3128,0,294,10652,,6,,,1,0.4018,2
5107,Health and Medical Administrative Services.,480569,3,5,35.0,36.0,2.0,466.0,480569,Florida Institute of Technology-Online,,0,0,0,0,0,0,0.1397,0,0,0,0,0,0,0,0,0,0,0,0,0,0,0,0,0,0,0,0.2514,0.0503,0,0,0,0,0,0.1788,0,0.067,0.3128,0,294,10652,,6,,,1,0.4018,2
5202,"Business Administration, Management and Operations.",480569,3,2,,,2.0,,480569,Florida Institute of Technology-Online,,0,0,0,0,0,0,0.1397,0,0,0,0,0,0,0,0,0,0,0,0,0,0,0,0,0,0,0,0.2514,0.0503,0,0,0,0,0,0.1788,0,0.067,0.3128,0,294,10652,,6,,,1,0.4018,2
5202,"Business Administration, Management and Operations.",480569,3,3,60.0,58.0,7.0,364.0,480569,Florida Institute of Technology-Online,,0,0,0,0,0,0,0.1397,0,0,0,0,0,0,0,0,0,0,0,0,0,0,0,0,0,0,0,0.2514,0.0503,0,0,0,0,0,0.1788,0,0.067,0.3128,0,294,10652,,6,,,1,0.4018,2
5202,"Business Administration, Management and Operations.",480569,3,5,272.0,477.0,34.0,428.0,480569,Florida Institute of Technology-Online,,0,0,0,0,0,0,0.1397,0,0,0,0,0,0,0,0,0,0,0,0,0,0,0,0,0,0,0,0.2514,0.0503,0,0,0,0,0,0.1788,0,0.067,0.3128,0,294,10652,,6,,,1,0.4018,2
5203,Accounting and Related Services.,480569,3,2,,,0.0,,480569,Florida Institute of Technology-Online,,0,0,0,0,0,0,0.1397,0,0,0,0,0,0,0,0,0,0,0,0,0,0,0,0,0,0,0,0.2514,0.0503,0,0,0,0,0,0.1788,0,0.067,0.3128,0,294,10652,,6,,,1,0.4018,2
5203,Accounting and Related Services.,480569,3,3,38.0,39.0,2.0,357.0,480569,Florida Institute of Technology-Online,,0,0,0,0,0,0,0.1397,0,0,0,0,0,0,0,0,0,0,0,0,0,0,0,0,0,0,0,0.2514,0.0503,0,0,0,0,0,0.1788,0,0.067,0.3128,0,294,10652,,6,,,1,0.4018,2
5203,Accounting and Related Services.,480569,3,5,29.0,30.0,4.0,466.0,480569,Florida Institute of Technology-Online,,0,0,0,0,0,0,0.1397,0,0,0,0,0,0,0,0,0,0,0,0,0,0,0,0,0,0,0,0.2514,0.0503,0,0,0,0,0,0.1788,0,0.067,0.3128,0,294,10652,,6,,,1,0.4018,2
5212,Management Information Systems and Services.,480569,3,5,95.0,129.0,4.0,428.0,480569,Florida Institute of Technology-Online,,0,0,0,0,0,0,0.1397,0,0,0,0,0,0,0,0,0,0,0,0,0,0,0,0,0,0,0,0.2514,0.0503,0,0,0,0,0,0.1788,0,0.067,0.3128,0,294,10652,,6,,,1,0.4018,2
5214,Marketing.,480569,3,3,16.0,18.0,2.0,289.0,480569,Florida Institute of Technology-Online,,0,0,0,0,0,0,0.1397,0,0,0,0,0,0,0,0,0,0,0,0,0,0,0,0,0,0,0,0.2514,0.0503,0,0,0,0,0,0.1788,0,0.067,0.3128,0,294,10652,,6,,,1,0.4018,2
0907,"Radio, Television, and Digital Communication.",480851,1,1,311.0,278.0,30.0,101.0,480851,Miami Media School,6,0,0,0,0,0.9241,0.0759,0,0,0,0,0,0,0,0,0,0,0,0,0,0,0,0,0,0,0,0,0,0,0,0,0,0,0,0,0,0,0,0,5144,4167,,6,,,0,,1
0909,"Public Relations, Advertising, and Applied Communication.",480851,1,1,37.0,27.0,3.0,101.0,480851,Miami Media School,6,0,0,0,0,0.9241,0.0759,0,0,0,0,0,0,0,0,0,0,0,0,0,0,0,0,0,0,0,0,0,0,0,0,0,0,0,0,0,0,0,0,5144,4167,,6,,,0,,1
5138,"Registered Nursing, Nursing Administration, Nursing Research and Clinical Nursing.",481252,1,2,,23.0,1.0,175.0,481252,Ultrasound Medical Institute,3,0,0,0,0,0,0,0,0,0,0,0,0,0,0,0,0,0,0,0,0,0,0,0,0,0,0,0,0,0,0,0,0,0,0,0,1,0,0,7934,6667,,10,,,1,,1
1204,Cosmetology and Related Personal Grooming Services.,481368,1,1,12.0,17.0,5.0,,481368,Prestige Health & Beauty Sciences Academy,11,0,0,0,0,0,0,0,0.9125,0,0,0,0,0,0,0,0,0,0,0,0,0,0,0,0,0,0,0,0,0,0,0,0,0,0,0,0.0875,0,0,10652,,,8,,,0,,1
1314,Teaching English or French as a Second or Foreign Language.,481368,0,1,,,11.0,,481368,Prestige Health & Beauty Sciences Academy,11,0,0,0,0,0,0,0,0.9125,0,0,0,0,0,0,0,0,0,0,0,0,0,0,0,0,0,0,0,0,0,0,0,0,0,0,0,0.0875,0,0,10652,,,8,,,0,,1
1204,Cosmetology and Related Personal Grooming Services.,481483,1,1,396.0,323.0,62.0,71.0,481483,Boca Beauty Academy,11,0,0,0,0,0,0,0,1,0,0,0,0,0,0,0,0,0,0,0,0,0,0,0,0,0,0,0,0,0,0,0,0,0,0,0,0,0,0,3894,,,17,,,0,,1
5135,Somatic Bodywork and Related Therapeutic Services.,481483,0,1,33.0,28.0,7.0,62.0,481483,Boca Beauty Academy,11,0,0,0,0,0,0,0,1,0,0,0,0,0,0,0,0,0,0,0,0,0,0,0,0,0,0,0,0,0,0,0,0,0,0,0,0,0,0,3894,,,17,,,0,,1
0901,Communication and Media Studies.,482459,2,3,43.0,33.0,4.0,477.0,482459,DeVry University-Florida,,0,0,0,0,0.0101,0,0.3838,0,0,0,0,0,0,0,0,0,0,0,0,0,0,0,0,0,0,0,0,0,0,0,0,0,0,0,0,0.0404,0.5657,0,3441,9587,0.1,5,,,0,,2
1105,Computer Systems Analysis.,482459,2,3,590.0,562.0,58.0,429.0,482459,DeVry University-Florida,,0,0,0,0,0.0101,0,0.3838,0,0,0,0,0,0,0,0,0,0,0,0,0,0,0,0,0,0,0,0,0,0,0,0,0,0,0,0,0.0404,0.5657,0,3441,9587,0.1,5,,,0,,2
1108,Computer Software and Media Applications.,482459,2,2,46.0,,0.0,,482459,DeVry University-Florida,,0,0,0,0,0.0101,0,0.3838,0,0,0,0,0,0,0,0,0,0,0,0,0,0,0,0,0,0,0,0,0,0,0,0,0,0,0,0,0.0404,0.5657,0,3441,9587,0.1,5,,,0,,2
1108,Computer Software and Media Applications.,482459,2,3,146.0,130.0,16.0,444.0,482459,DeVry University-Florida,,0,0,0,0,0.0101,0,0.3838,0,0,0,0,0,0,0,0,0,0,0,0,0,0,0,0,0,0,0,0,0,0,0,0,0,0,0,0,0.0404,0.5657,0,3441,9587,0.1,5,,,0,,2
1109,Computer Systems Networking and Telecommunications.,482459,2,2,342.0,203.0,23.0,292.0,482459,DeVry University-Florida,,0,0,0,0,0.0101,0,0.3838,0,0,0,0,0,0,0,0,0,0,0,0,0,0,0,0,0,0,0,0,0,0,0,0,0,0,0,0,0.0404,0.5657,0,3441,9587,0.1,5,,,0,,2
1109,Computer Systems Networking and Telecommunications.,482459,2,3,351.0,341.0,24.0,439.0,482459,DeVry University-Florida,,0,0,0,0,0.0101,0,0.3838,0,0,0,0,0,0,0,0,0,0,0,0,0,0,0,0,0,0,0,0,0,0,0,0,0,0,0,0,0.0404,0.5657,0,3441,9587,0.1,5,,,0,,2
1109,Computer Systems Networking and Telecommunications.,482459,1,5,85.0,85.0,6.0,443.0,482459,DeVry University-Florida,,0,0,0,0,0.0101,0,0.3838,0,0,0,0,0,0,0,0,0,0,0,0,0,0,0,0,0,0,0,0,0,0,0,0,0,0,0,0,0.0404,0.5657,0,3441,9587,0.1,5,,,0,,2
1109,Computer Systems Networking and Telecommunications.,482459,1,8,34.0,28.0,2.0,348.0,482459,DeVry University-Florida,,0,0,0,0,0.0101,0,0.3838,0,0,0,0,0,0,0,0,0,0,0,0,0,0,0,0,0,0,0,0,0,0,0,0,0,0,0,0,0.0404,0.5657,0,3441,9587,0.1,5,,,0,,2
1304,Educational Administration and Supervision.,482459,1,5,31.0,18.0,1.0,,482459,DeVry University-Florida,,0,0,0,0,0.0101,0,0.3838,0,0,0,0,0,0,0,0,0,0,0,0,0,0,0,0,0,0,0,0,0,0,0,0,0,0,0,0,0.0404,0.5657,0,3441,9587,0.1,5,,,0,,2
1409,Computer Engineering.,482459,2,3,,,3.0,,482459,DeVry University-Florida,,0,0,0,0,0.0101,0,0.3838,0,0,0,0,0,0,0,0,0,0,0,0,0,0,0,0,0,0,0,0,0,0,0,0,0,0,0,0,0.0404,0.5657,0,3441,9587,0.1,5,,,0,,2
1503,Electrical/Electronic Engineering Technologies/Technicians.,482459,2,2,86.0,72.0,7.0,270.0,482459,DeVry University-Florida,,0,0,0,0,0.0101,0,0.3838,0,0,0,0,0,0,0,0,0,0,0,0,0,0,0,0,0,0,0,0,0,0,0,0,0,0,0,0,0.0404,0.5657,0,3441,9587,0.1,5,,,0,,2
1503,Electrical/Electronic Engineering Technologies/Technicians.,482459,2,3,198.0,206.0,17.0,456.0,482459,DeVry University-Florida,,0,0,0,0,0.0101,0,0.3838,0,0,0,0,0,0,0,0,0,0,0,0,0,0,0,0,0,0,0,0,0,0,0,0,0,0,0,0,0.0404,0.5657,0,3441,9587,0.1,5,,,0,,2
1504,Electromechanical Technologies/Technicians.,482459,2,3,28.0,26.0,2.0,539.0,482459,DeVry University-Florida,,0,0,0,0,0.0101,0,0.3838,0,0,0,0,0,0,0,0,0,0,0,0,0,0,0,0,0,0,0,0,0,0,0,0,0,0,0,0,0.0404,0.5657,0,3441,9587,0.1,5,,,0,,2
1512,Computer Engineering Technologies/Technicians.,482459,2,3,68.0,58.0,5.0,521.0,482459,DeVry University-Florida,,0,0,0,0,0.0101,0,0.3838,0,0,0,0,0,0,0,0,0,0,0,0,0,0,0,0,0,0,0,0,0,0,0,0,0,0,0,0,0.0404,0.5657,0,3441,9587,0.1,5,,,0,,2
4301,Criminal Justice and Corrections.,482459,2,3,133.0,107.0,18.0,498.0,482459,DeVry University-Florida,,0,0,0,0,0.0101,0,0.3838,0,0,0,0,0,0,0,0,0,0,0,0,0,0,0,0,0,0,0,0,0,0,0,0,0,0,0,0,0.0404,0.5657,0,3441,9587,0.1,5,,,0,,2
5107,Health and Medical Administrative Services.,482459,2,3,140.0,81.0,8.0,466.0,482459,DeVry University-Florida,,0,0,0,0,0.0101,0,0.3838,0,0,0,0,0,0,0,0,0,0,0,0,0,0,0,0,0,0,0,0,0,0,0,0,0,0,0,0,0.0404,0.5657,0,3441,9587,0.1,5,,,0,,2
5201,"Business/Commerce, General.",482459,2,2,44.0,79.0,4.0,279.0,482459,DeVry University-Florida,,0,0,0,0,0.0101,0,0.3838,0,0,0,0,0,0,0,0,0,0,0,0,0,0,0,0,0,0,0,0,0,0,0,0,0,0,0,0,0.0404,0.5657,0,3441,9587,0.1,5,,,0,,2
5201,"Business/Commerce, General.",482459,2,3,121.0,123.0,11.0,430.0,482459,DeVry University-Florida,,0,0,0,0,0.0101,0,0.3838,0,0,0,0,0,0,0,0,0,0,0,0,0,0,0,0,0,0,0,0,0,0,0,0,0,0,0,0,0.0404,0.5657,0,3441,9587,0.1,5,,,0,,2
5202,"Business Administration, Management and Operations.",482459,2,3,2882.0,2236.0,191.0,378.0,482459,DeVry University-Florida,,0,0,0,0,0.0101,0,0.3838,0,0,0,0,0,0,0,0,0,0,0,0,0,0,0,0,0,0,0,0,0,0,0,0,0,0,0,0,0.0404,0.5657,0,3441,9587,0.1,5,,,0,,2
5202,"Business Administration, Management and Operations.",482459,1,5,2048.0,1921.0,120.0,507.0,482459,DeVry University-Florida,,0,0,0,0,0.0101,0,0.3838,0,0,0,0,0,0,0,0,0,0,0,0,0,0,0,0,0,0,0,0,0,0,0,0,0,0,0,0,0.0404,0.5657,0,3441,9587,0.1,5,,,0,,2
5202,"Business Administration, Management and Operations.",482459,1,8,225.0,212.0,16.0,531.0,482459,DeVry University-Florida,,0,0,0,0,0.0101,0,0.3838,0,0,0,0,0,0,0,0,0,0,0,0,0,0,0,0,0,0,0,0,0,0,0,0,0,0,0,0,0.0404,0.5657,0,3441,9587,0.1,5,,,0,,2
5203,Accounting and Related Services.,482459,2,2,75.0,,2.0,,482459,DeVry University-Florida,,0,0,0,0,0.0101,0,0.3838,0,0,0,0,0,0,0,0,0,0,0,0,0,0,0,0,0,0,0,0,0,0,0,0,0,0,0,0,0.0404,0.5657,0,3441,9587,0.1,5,,,0,,2
5203,Accounting and Related Services.,482459,2,3,68.0,46.0,6.0,487.0,482459,DeVry University-Florida,,0,0,0,0,0.0101,0,0.3838,0,0,0,0,0,0,0,0,0,0,0,0,0,0,0,0,0,0,0,0,0,0,0,0,0,0,0,0,0.0404,0.5657,0,3441,9587,0.1,5,,,0,,2
5203,Accounting and Related Services.,482459,1,5,655.0,567.0,38.0,455.0,482459,DeVry University-Florida,,0,0,0,0,0.0101,0,0.3838,0,0,0,0,0,0,0,0,0,0,0,0,0,0,0,0,0,0,0,0,0,0,0,0,0,0,0,0,0.0404,0.5657,0,3441,9587,0.1,5,,,0,,2
5203,Accounting and Related Services.,482459,1,8,72.0,38.0,3.0,478.0,482459,DeVry University-Florida,,0,0,0,0,0.0101,0,0.3838,0,0,0,0,0,0,0,0,0,0,0,0,0,0,0,0,0,0,0,0,0,0,0,0,0,0,0,0,0.0404,0.5657,0,3441,9587,0.1,5,,,0,,2
5210,Human Resources Management and Services.,482459,1,5,327.0,299.0,16.0,522.0,482459,DeVry University-Florida,,0,0,0,0,0.0101,0,0.3838,0,0,0,0,0,0,0,0,0,0,0,0,0,0,0,0,0,0,0,0,0,0,0,0,0,0,0,0,0.0404,0.5657,0,3441,9587,0.1,5,,,0,,2
5210,Human Resources Management and Services.,482459,1,8,77.0,88.0,6.0,350.0,482459,DeVry University-Florida,,0,0,0,0,0.0101,0,0.3838,0,0,0,0,0,0,0,0,0,0,0,0,0,0,0,0,0,0,0,0,0,0,0,0,0,0,0,0,0.0404,0.5657,0,3441,9587,0.1,5,,,0,,2
5212,Management Information Systems and Services.,482459,1,5,268.0,234.0,24.0,526.0,482459,DeVry University-Florida,,0,0,0,0,0.0101,0,0.3838,0,0,0,0,0,0,0,0,0,0,0,0,0,0,0,0,0,0,0,0,0,0,0,0,0,0,0,0,0.0404,0.5657,0,3441,9587,0.1,5,,,0,,2
1108,Computer Software and Media Applications.,482936,1,3,28.0,55.0,5.0,83.0,482936,Florida Polytechnic University,,0,0,0,0,0,0,0.3717,0,0,0.3186,0,0,0,0,0,0.0944,0,0,0.0088,0.0029,0.2035,0,0,0,0,0,0,0,0,0,0,0,0,0,0,0,0,0,10261,11180,0.9223,17,3617791,4300678,0,0.5752,2
1409,Computer Engineering.,482936,1,3,12.0,23.0,3.0,,482936,Florida Polytechnic University,,0,0,0,0,0,0,0.3717,0,0,0.3186,0,0,0,0,0,0.0944,0,0,0.0088,0.0029,0.2035,0,0,0,0,0,0,0,0,0,0,0,0,0,0,0,0,0,10261,11180,0.9223,17,3617791,4300678,0,0.5752,2
1410,"Electrical, Electronics, and Communications Engineering.",482936,1,3,,20.0,1.0,,482936,Florida Polytechnic University,,0,0,0,0,0,0,0.3717,0,0,0.3186,0,0,0,0,0,0.0944,0,0,0.0088,0.0029,0.2035,0,0,0,0,0,0,0,0,0,0,0,0,0,0,0,0,0,10261,11180,0.9223,17,3617791,4300678,0,0.5752,2
1419,Mechanical Engineering.,482936,1,3,16.0,28.0,1.0,,482936,Florida Polytechnic University,,0,0,0,0,0,0,0.3717,0,0,0.3186,0,0,0,0,0,0.0944,0,0,0.0088,0.0029,0.2035,0,0,0,0,0,0,0,0,0,0,0,0,0,0,0,0,0,10261,11180,0.9223,17,3617791,4300678,0,0.5752,2
5107,Health and Medical Administrative Services.,483470,1,1,,,2.0,,483470,More Tech Institute,2,0,0,0,0,0,0,0,0,0,0,0,0,0,0,0,0,0,0,0,0,0,0,0,0,0,0,0,0,0,0,0,0,0,0,0,1,0,0,2841,,,20,,,0,,1
1204,Cosmetology and Related Personal Grooming Services.,483896,1,1,208.0,178.0,26.0,34.0,483896,Parisian Spa Institute,6,0,0,0,0,0,0,0,0.8873,0,0,0,0,0,0,0,0,0,0,0,0,0,0,0,0,0,0,0,0,0,0,0,0,0,0,0,0.1127,0,0,2446,,,11,,,0,,1
5135,Somatic Bodywork and Related Therapeutic Services.,483896,1,1,22.0,25.0,2.0,67.0,483896,Parisian Spa Institute,6,0,0,0,0,0,0,0,0.8873,0,0,0,0,0,0,0,0,0,0,0,0,0,0,0,0,0,0,0,0,0,0,0,0,0,0,0,0.1127,0,0,2446,,,11,,,0,,1
1204,Cosmetology and Related Personal Grooming Services.,484075,1,1,,,1.0,,484075,First Coast Barber Academy,3,0,0,0,0,0,0,0,1,0,0,0,0,0,0,0,0,0,0,0,0,0,0,0,0,0,0,0,0,0,0,0,0,0,0,0,0,0,0,5385,,,30,,,0,0.9,2
5135,Somatic Bodywork and Related Therapeutic Services.,484172,1,1,,44.0,2.0,,484172,Lee Professional Institute,1,0,0,0,0,0,0,0,0,0,0,0,0,0,0,0,0,0,0,0,0,0,0,0,0,0,0,0,0,0,0,0,0,0,0,0,1,0,0,2428,,,36,,,0,,1
0904,Journalism.,484473,3,3,74.0,113.0,3.0,174.0,484473,University of Florida-Online,,0,0,0,0,0.1089,0,0.0759,0,0.0447,0,0,0,0,0,0,0.0107,0,0.0438,0,0,0.036,0.0944,0,0,0.0165,0,0.0817,0.0418,0,0.0944,0,0,0,0,0.0292,0.1109,0.2111,0,3673,5838,0.0503,61,,,0,0.6126,2
0907,"Radio, Television, and Digital Communication.",484473,3,3,181.0,224.0,12.0,159.0,484473,University of Florida-Online,,0,0,0,0,0.1089,0,0.0759,0,0.0447,0,0,0,0,0,0,0.0107,0,0.0438,0,0,0.036,0.0944,0,0,0.0165,0,0.0817,0.0418,0,0.0944,0,0,0,0,0.0292,0.1109,0.2111,0,3673,5838,0.0503,61,,,0,0.6126,2
0909,"Public Relations, Advertising, and Applied Communication.",484473,3,3,281.0,403.0,17.0,162.0,484473,University of Florida-Online,,0,0,0,0,0.1089,0,0.0759,0,0.0447,0,0,0,0,0,0,0.0107,0,0.0438,0,0,0.036,0.0944,0,0,0.0165,0,0.0817,0.0418,0,0.0944,0,0,0,0,0.0292,0.1109,0.2111,0,3673,5838,0.0503,61,,,0,0.6126,2
1101,"Computer and Information Sciences, General.",484473,3,3,137.0,267.0,10.0,159.0,484473,University of Florida-Online,,0,0,0,0,0.1089,0,0.0759,0,0.0447,0,0,0,0,0,0,0.0107,0,0.0438,0,0,0.036,0.0944,0,0,0.0165,0,0.0817,0.0418,0,0.0944,0,0,0,0,0.0292,0.1109,0.2111,0,3673,5838,0.0503,61,,,0,0.6126,2
1419,Mechanical Engineering.,484473,3,3,183.0,250.0,10.0,192.0,484473,University of Florida-Online,,0,0,0,0,0.1089,0,0.0759,0,0.0447,0,0,0,0,0,0,0.0107,0,0.0438,0,0,0.036,0.0944,0,0,0.0165,0,0.0817,0.0418,0,0.0944,0,0,0,0,0.0292,0.1109,0.2111,0,3673,5838,0.0503,61,,,0,0.6126,2
2601,"Biology, General.",484473,3,3,328.0,324.0,42.0,159.0,484473,University of Florida-Online,,0,0,0,0,0.1089,0,0.0759,0,0.0447,0,0,0,0,0,0,0.0107,0,0.0438,0,0,0.036,0.0944,0,0,0.0165,0,0.0817,0.0418,0,0.0944,0,0,0,0,0.0292,0.1109,0.2111,0,3673,5838,0.0503,61,,,0,0.6126,2
2605,Microbiological Sciences and Immunology.,484473,3,3,116.0,132.0,10.0,158.0,484473,University of Florida-Online,,0,0,0,0,0.1089,0,0.0759,0,0.0447,0,0,0,0,0,0,0.0107,0,0.0438,0,0,0.036,0.0944,0,0,0.0165,0,0.0817,0.0418,0,0.0944,0,0,0,0,0.0292,0.1109,0.2111,0,3673,5838,0.0503,61,,,0,0.6126,2
3099,"Multi/Interdisciplinary Studies, Other.",484473,3,3,41.0,61.0,6.0,157.0,484473,University of Florida-Online,,0,0,0,0,0.1089,0,0.0759,0,0.0447,0,0,0,0,0,0,0.0107,0,0.0438,0,0,0.036,0.0944,0,0,0.0165,0,0.0817,0.0418,0,0.0944,0,0,0,0,0.0292,0.1109,0.2111,0,3673,5838,0.0503,61,,,0,0.6126,2
3103,"Parks, Recreation, and Leisure Facilities Management.",484473,3,3,52.0,61.0,1.0,171.0,484473,University of Florida-Online,,0,0,0,0,0.1089,0,0.0759,0,0.0447,0,0,0,0,0,0,0.0107,0,0.0438,0,0,0.036,0.0944,0,0,0.0165,0,0.0817,0.0418,0,0.0944,0,0,0,0,0.0292,0.1109,0.2111,0,3673,5838,0.0503,61,,,0,0.6126,2
3105,"Sports, Kinesiology, and Physical Education/Fitness.",484473,3,3,95.0,110.0,9.0,159.0,484473,University of Florida-Online,,0,0,0,0,0.1089,0,0.0759,0,0.0447,0,0,0,0,0,0,0.0107,0,0.0438,0,0,0.036,0.0944,0,0,0.0165,0,0.0817,0.0418,0,0.0944,0,0,0,0,0.0292,0.1109,0.2111,0,3673,5838,0.0503,61,,,0,0.6126,2
4006,Geological and Earth Sciences/Geosciences.,484473,3,3,22.0,33.0,0.0,209.0,484473,University of Florida-Online,,0,0,0,0,0.1089,0,0.0759,0,0.0447,0,0,0,0,0,0,0.0107,0,0.0438,0,0,0.036,0.0944,0,0,0.0165,0,0.0817,0.0418,0,0.0944,0,0,0,0,0.0292,0.1109,0.2111,0,3673,5838,0.0503,61,,,0,0.6126,2
4201,"Psychology, General.",484473,3,3,324.0,292.0,32.0,176.0,484473,University of Florida-Online,,0,0,0,0,0.1089,0,0.0759,0,0.0447,0,0,0,0,0,0,0.0107,0,0.0438,0,0,0.036,0.0944,0,0,0.0165,0,0.0817,0.0418,0,0.0944,0,0,0,0,0.0292,0.1109,0.2111,0,3673,5838,0.0503,61,,,0,0.6126,2
4302,Fire Protection.,484473,3,3,14.0,30.0,1.0,,484473,University of Florida-Online,,0,0,0,0,0.1089,0,0.0759,0,0.0447,0,0,0,0,0,0,0.0107,0,0.0438,0,0,0.036,0.0944,0,0,0.0165,0,0.0817,0.0418,0,0.0944,0,0,0,0,0.0292,0.1109,0.2111,0,3673,5838,0.0503,61,,,0,0.6126,2
4502,Anthropology.,484473,3,3,131.0,127.0,15.0,154.0,484473,University of Florida-Online,,0,0,0,0,0.1089,0,0.0759,0,0.0447,0,0,0,0,0,0,0.0107,0,0.0438,0,0,0.036,0.0944,0,0,0.0165,0,0.0817,0.0418,0,0.0944,0,0,0,0,0.0292,0.1109,0.2111,0,3673,5838,0.0503,61,,,0,0.6126,2
4504,Criminology.,484473,3,3,160.0,180.0,10.0,161.0,484473,University of Florida-Online,,0,0,0,0,0.1089,0,0.0759,0,0.0447,0,0,0,0,0,0,0.0107,0,0.0438,0,0,0.036,0.0944,0,0,0.0165,0,0.0817,0.0418,0,0.0944,0,0,0,0,0.0292,0.1109,0.2111,0,3673,5838,0.0503,61,,,0,0.6126,2
4507,Geography and Cartography.,484473,3,3,20.0,27.0,3.0,174.0,484473,University of Florida-Online,,0,0,0,0,0.1089,0,0.0759,0,0.0447,0,0,0,0,0,0,0.0107,0,0.0438,0,0,0.036,0.0944,0,0,0.0165,0,0.0817,0.0418,0,0.0944,0,0,0,0,0.0292,0.1109,0.2111,0,3673,5838,0.0503,61,,,0,0.6126,2
4511,Sociology.,484473,3,3,170.0,174.0,14.0,159.0,484473,University of Florida-Online,,0,0,0,0,0.1089,0,0.0759,0,0.0447,0,0,0,0,0,0,0.0107,0,0.0438,0,0,0.036,0.0944,0,0,0.0165,0,0.0817,0.0418,0,0.0944,0,0,0,0,0.0292,0.1109,0.2111,0,3673,5838,0.0503,61,,,0,0.6126,2
5001,"Visual and Performing Arts, General.",484473,3,3,37.0,45.0,5.0,198.0,484473,University of Florida-Online,,0,0,0,0,0.1089,0,0.0759,0,0.0447,0,0,0,0,0,0,0.0107,0,0.0438,0,0,0.036,0.0944,0,0,0.0165,0,0.0817,0.0418,0,0.0944,0,0,0,0,0.0292,0.1109,0.2111,0,3673,5838,0.0503,61,,,0,0.6126,2
5102,Communication Disorders Sciences and Services.,484473,3,3,43.0,26.0,3.0,159.0,484473,University of Florida-Online,,0,0,0,0,0.1089,0,0.0759,0,0.0447,0,0,0,0,0,0,0.0107,0,0.0438,0,0,0.036,0.0944,0,0,0.0165,0,0.0817,0.0418,0,0.0944,0,0,0,0,0.0292,0.1109,0.2111,0,3673,5838,0.0503,61,,,0,0.6126,2
5122,Public Health.,484473,3,3,204.0,161.0,14.0,164.0,484473,University of Florida-Online,,0,0,0,0,0.1089,0,0.0759,0,0.0447,0,0,0,0,0,0,0.0107,0,0.0438,0,0,0.036,0.0944,0,0,0.0165,0,0.0817,0.0418,0,0.0944,0,0,0,0,0.0292,0.1109,0.2111,0,3673,5838,0.0503,61,,,0,0.6126,2
5138,"Registered Nursing, Nursing Administration, Nursing Research and Clinical Nursing.",484473,3,3,247.0,373.0,1.0,175.0,484473,University of Florida-Online,,0,0,0,0,0.1089,0,0.0759,0,0.0447,0,0,0,0,0,0,0.0107,0,0.0438,0,0,0.036,0.0944,0,0,0.0165,0,0.0817,0.0418,0,0.0944,0,0,0,0,0.0292,0.1109,0.2111,0,3673,5838,0.0503,61,,,0,0.6126,2
5202,"Business Administration, Management and Operations.",484473,3,3,251.0,425.0,34.0,159.0,484473,University of Florida-Online,,0,0,0,0,0.1089,0,0.0759,0,0.0447,0,0,0,0,0,0,0.0107,0,0.0438,0,0,0.036,0.0944,0,0,0.0165,0,0.0817,0.0418,0,0.0944,0,0,0,0,0.0292,0.1109,0.2111,0,3673,5838,0.0503,61,,,0,0.6126,2
5138,"Registered Nursing, Nursing Administration, Nursing Research and Clinical Nursing.",485272,1,3,3348.0,3430.0,75.0,362.0,485272,West Coast University-Miami,,0,0,0,0,0,0,0,0,0,0,0,0,0,0,0,0,0,0,0,0,0,0,0,0,0,0,0,0,0,0,0,0,0,0,0,1,0,0,12439,8114,0.2475,15,,,0,,1
0183,Veterinary/Animal Health Technologies/Technicians.,485342,1,1,,18.0,1.0,,485342,Aparicio-Levy Technical College,5,0.0522,0,0,0,0,0,0.0348,0,0,0,0,0,0,0,0,0,0,0,0,0,0,0,0,0,0,0,0,0.387,0,0,0,0.0304,0,0,0,0.4957,0,0,1578,,,17,,,1,,1
1204,Cosmetology and Related Personal Grooming Services.,485379,1,1,782.0,635.0,126.0,67.0,485379,Hollywood Institute of Beauty Careers-West Palm Beach,9,0,0,0,0,0,0,0,0.8491,0,0,0,0,0,0,0,0,0,0,0,0,0,0,0,0,0,0,0,0,0,0,0,0,0,0,0,0.1509,0,0,3330,,,24,,,0,,1
5135,Somatic Bodywork and Related Therapeutic Services.,485379,1,1,,79.0,8.0,67.0,485379,Hollywood Institute of Beauty Careers-West Palm Beach,9,0,0,0,0,0,0,0,0.8491,0,0,0,0,0,0,0,0,0,0,0,0,0,0,0,0,0,0,0,0,0,0,0,0,0,0,0,0.1509,0,0,3330,,,24,,,0,,1
1204,Cosmetology and Related Personal Grooming Services.,485388,1,1,782.0,635.0,126.0,67.0,485388,Hollywood Institute of Beauty Careers-Casselberry,9,0,0,0,0,0,0,0,0.9659,0,0,0,0,0,0,0,0,0,0,0,0,0,0,0,0,0,0,0,0,0,0,0,0,0,0,0,0.0341,0,0,3553,,,25,,,0,,1
5135,Somatic Bodywork and Related Therapeutic Services.,485388,1,1,,79.0,8.0,67.0,485388,Hollywood Institute of Beauty Careers-Casselberry,9,0,0,0,0,0,0,0,0.9659,0,0,0,0,0,0,0,0,0,0,0,0,0,0,0,0,0,0,0,0,0,0,0,0,0,0,0,0.0341,0,0,3553,,,25,,,0,,1
1204,Cosmetology and Related Personal Grooming Services.,485485,1,1,115.0,101.0,17.0,78.0,485485,Latin Beauty Academy,6,0,0,0,0,0,0,0,0.9073,0,0,0,0,0,0,0,0,0,0,0,0,0,0,0,0,0,0,0,0,0,0,0,0,0,0,0,0.0927,0,0,2258,,,25,,,0,,1
5202,"Business Administration, Management and Operations.",485768,3,5,23.0,21.0,3.0,255.0,485768,Atlantis University,,0,0,0,0,0,0,0.16,0,0,0.03,0,0,0,0,0,0,0,0,0,0,0,0,0,0,0,0,0,0,0,0,0,0,0,0,0,0.07,0.74,0,3520,2776,0.4416,25,,,0,,1
5212,Management Information Systems and Services.,485768,0,3,18.0,17.0,2.0,,485768,Atlantis University,,0,0,0,0,0,0,0.16,0,0,0.03,0,0,0,0,0,0,0,0,0,0,0,0,0,0,0,0,0,0,0,0,0,0,0,0,0,0.07,0.74,0,3520,2776,0.4416,25,,,0,,1
5139,"Practical Nursing, Vocational Nursing and Nursing Assistants.",486150,1,1,,27.0,0.0,,486150,Treasure Coast Technical College,9,0,0,0,0,0,0,0,0.0458,0,0,0,0,0,0,0,0,0,0,0,0,0,0,0,0,0,0,0,0,0,0,0,0.0382,0.1527,0.0763,0,0.687,0,0,11681,,,11,,,1,,1
1204,Cosmetology and Related Personal Grooming Services.,487311,0,1,182.0,182.0,24.0,81.0,487311,Jones Technical Institute,,0,0,0,0,0,0,0,0,0,0,0,0,0,0,0,0,0,0,0,0,0,0,0,0,0,0,0,0,0,0,0,0.6287,0,0.3713,0,0,0,0,7273,5136,,16,,,1,,1
4706,Vehicle Maintenance and Repair Technologies/Technicians.,487311,1,2,183.0,183.0,8.0,193.0,487311,Jones Technical Institute,,0,0,0,0,0,0,0,0,0,0,0,0,0,0,0,0,0,0,0,0,0,0,0,0,0,0,0,0,0,0,0,0.6287,0,0.3713,0,0,0,0,7273,5136,,16,,,1,,1
5135,Somatic Bodywork and Related Therapeutic Services.,487311,0,1,,77.0,6.0,67.0,487311,Jones Technical Institute,,0,0,0,0,0,0,0,0,0,0,0,0,0,0,0,0,0,0,0,0,0,0,0,0,0,0,0,0,0,0,0,0.6287,0,0.3713,0,0,0,0,7273,5136,,16,,,1,,1
5109,"Allied Health Diagnostic, Intervention, and Treatment Professions.",488059,1,1,32.0,,1.0,,488059,Med College,,0,0,0,0,0,0,0,0,0,0,0,0,0,0,0,0,0,0,0,0,0,0,0,0,0,0,0,0,0,0,0,0,0,0,0,1,0,0,593,11118,0.5172,41,,,0,,1
5109,"Allied Health Diagnostic, Intervention, and Treatment Professions.",488059,1,2,23.0,,3.0,256.0,488059,Med College,,0,0,0,0,0,0,0,0,0,0,0,0,0,0,0,0,0,0,0,0,0,0,0,0,0,0,0,0,0,0,0,0,0,0,0,1,0,0,593,11118,0.5172,41,,,0,,1
3105,"Sports, Kinesiology, and Physical Education/Fitness.",488280,1,1,134.0,125.0,21.0,67.0,488280,National Personal Training Institute,3,0,0,0,0,0,0,0,0,0,0,0,0,0,0,0,0,0,0,0,0,0,1,0,0,0,0,0,0,0,0,0,0,0,0,0,0,0,0,2822,,,12,,,0,,1
5108,Allied Health and Medical Assisting Services.,488891,1,1,,19.0,1.0,,488891,South Dade Technical College-South Dade Skills Center Campus,11,0,0,0,0,0,0,0,0.6207,0,0,0.0591,0,0.0148,0,0,0,0,0,0,0,0,0,0,0,0,0,0,0,0,0,0,0.0493,0,0,0,0.2562,0,0,9584,,,20,,,0,,1
1204,Cosmetology and Related Personal Grooming Services.,489238,1,1,396.0,323.0,62.0,71.0,489238,Boca Beauty Academy-Parkland,8,0,0,0,0,0,0,0,0.8465,0,0,0,0,0,0,0,0,0,0,0,0,0,0,0,0,0,0,0,0,0,0,0,0,0,0,0,0.1535,0,0,3097,,,18,,,0,,1
5135,Somatic Bodywork and Related Therapeutic Services.,489238,1,1,33.0,28.0,7.0,62.0,489238,Boca Beauty Academy-Parkland,8,0,0,0,0,0,0,0,0.8465,0,0,0,0,0,0,0,0,0,0,0,0,0,0,0,0,0,0,0,0,0,0,0,0,0,0,0,0.1535,0,0,3097,,,18,,,0,,1
3105,"Sports, Kinesiology, and Physical Education/Fitness.",490018,1,1,134.0,125.0,21.0,67.0,490018,National Personal Training Institute-Tampa,1,0,0,0,0,0,0,0,0,0,0,0,0,0,0,0,0,0,0,0,0,0,1,0,0,0,0,0,0,0,0,0,0,0,0,0,0,0,0,2164,,,8,,,0,,1
5138,"Registered Nursing, Nursing Administration, Nursing Research and Clinical Nursing.",490054,1,2,,179.0,1.0,249.0,490054,HCI College,,0.2791,0,0,0,0,0,0,0,0,0,0,0,0,0,0,0,0,0,0,0,0,0,0,0,0,0,0,0,0,0,0,0,0,0,0,0.7209,0,0,8957,7903,0.2879,3,,,1,,1
1204,Cosmetology and Related Personal Grooming Services.,490142,1,1,,23.0,3.0,100.0,490142,World Class Academy of Beauty Careers,2,0,0,0,0,0,0,0,1,0,0,0,0,0,0,0,0,0,0,0,0,0,0,0,0,0,0,0,0,0,0,0,0,0,0,0,0,0,0,2191,,,15,,,0,,1
1204,Cosmetology and Related Personal Grooming Services.,490391,1,1,,40.0,13.0,32.0,490391,American Beauty and Trade School,6,0,0,0,0,0,0,0,1,0,0,0,0,0,0,0,0,0,0,0,0,0,0,0,0,0,0,0,0,0,0,0,0,0,0,0,0,0,0,3757,,,18,,,0,,1
5108,Allied Health and Medical Assisting Services.,490975,1,1,227.0,194.0,12.0,101.0,490975,Fortis College-Cutler Bay,,0,0,0,0,0,0,0,0,0,0,0,0,0,0,0,0,0,0,0,0,0,0,0,0,0,0,0,0,0,0,0,0,0,0,0,1,0,0,6006,6779,0.2424,22,,,0,,1
5138,"Registered Nursing, Nursing Administration, Nursing Research and Clinical Nursing.",490975,1,2,274.0,229.0,4.0,297.0,490975,Fortis College-Cutler Bay,,0,0,0,0,0,0,0,0,0,0,0,0,0,0,0,0,0,0,0,0,0,0,0,0,0,0,0,0,0,0,0,0,0,0,0,1,0,0,6006,6779,0.2424,22,,,0,,1
5139,"Practical Nursing, Vocational Nursing and Nursing Assistants.",490975,1,1,98.0,60.0,1.0,187.0,490975,Fortis College-Cutler Bay,,0,0,0,0,0,0,0,0,0,0,0,0,0,0,0,0,0,0,0,0,0,0,0,0,0,0,0,0,0,0,0,0,0,0,0,1,0,0,6006,6779,0.2424,22,,,0,,1
1204,Cosmetology and Related Personal Grooming Services.,491136,1,1,1066.0,828.0,124.0,128.0,491136,Empire Beauty School-Tampa,1,0,0,0,0,0,0,0,1,0,0,0,0,0,0,0,0,0,0,0,0,0,0,0,0,0,0,0,0,0,0,0,0,0,0,0,0,0,0,7400,,,23,,,0,,1
1204,Cosmetology and Related Personal Grooming Services.,491145,1,1,906.0,721.0,99.0,133.0,491145,Empire Beauty School-Lakeland,1,0,0,0,0,0,0,0,1,0,0,0,0,0,0,0,0,0,0,0,0,0,0,0,0,0,0,0,0,0,0,0,0,0,0,0,0,0,0,5753,,,25,,,0,,1
1204,Cosmetology and Related Personal Grooming Services.,495369,1,1,140.0,122.0,24.0,69.0,495369,Paul Mitchell the School-Fort Lauderdale,1,0,0,0,0,0,0,0,1,0,0,0,0,0,0,0,0,0,0,0,0,0,0,0,0,0,0,0,0,0,0,0,0,0,0,0,0,0,0,6802,,,9,,,0,,1
5138,"Registered Nursing, Nursing Administration, Nursing Research and Clinical Nursing.",495420,1,3,146.0,167.0,3.0,433.0,495420,Arizona College of Nursing-Tampa,,0,0,0,0,0,0,0,0,0,0,0,0,0,0,0,0,0,0,0,0,0,0,0,0,0,0,0,0,0,0,0,0,0,0,0,1,0,0,8117,7295,0.1875,20,,,0,1,2
5138,"Registered Nursing, Nursing Administration, Nursing Research and Clinical Nursing.",495439,1,3,146.0,167.0,3.0,433.0,495439,Arizona College of Nursing-Fort Lauderdale,,0,0,0,0,0,0,0,0,0,0,0,0,0,0,0,0,0,0,0,0,0,0,0,0,0,0,0,0,0,0,0,0,0,0,0,1,0,0,7954,7881,0.1563,20,,,0,,2
5107,Health and Medical Administrative Services.,496973,3,2,432.0,292.0,41.0,272.0,496973,Herzing University-Tampa,,0,0,0,0,0,0,0,0,0,0,0,0,0,0,0,0.0319,0,0,0,0,0,0,0,0,0,0,0,0,0,0,0,0,0,0,0,0.9681,0,0,6862,7694,0.1724,14,,,0,0.8966,2
5107,Health and Medical Administrative Services.,496973,3,3,140.0,100.0,6.0,401.0,496973,Herzing University-Tampa,,0,0,0,0,0,0,0,0,0,0,0,0,0,0,0,0.0319,0,0,0,0,0,0,0,0,0,0,0,0,0,0,0,0,0,0,0,0.9681,0,0,6862,7694,0.1724,14,,,0,0.8966,2
5138,"Registered Nursing, Nursing Administration, Nursing Research and Clinical Nursing.",496973,1,2,406.0,309.0,4.0,204.0,496973,Herzing University-Tampa,,0,0,0,0,0,0,0,0,0,0,0,0,0,0,0,0.0319,0,0,0,0,0,0,0,0,0,0,0,0,0,0,0,0,0,0,0,0.9681,0,0,6862,7694,0.1724,14,,,0,0.8966,2
5138,"Registered Nursing, Nursing Administration, Nursing Research and Clinical Nursing.",496973,1,3,522.0,543.0,13.0,292.0,496973,Herzing University-Tampa,,0,0,0,0,0,0,0,0,0,0,0,0,0,0,0,0.0319,0,0,0,0,0,0,0,0,0,0,0,0,0,0,0,0,0,0,0,0.9681,0,0,6862,7694,0.1724,14,,,0,0.8966,2
5139,"Practical Nursing, Vocational Nursing and Nursing Assistants.",496973,1,1,178.0,115.0,3.0,152.0,496973,Herzing University-Tampa,,0,0,0,0,0,0,0,0,0,0,0,0,0,0,0,0.0319,0,0,0,0,0,0,0,0,0,0,0,0,0,0,0,0,0,0,0,0.9681,0,0,6862,7694,0.1724,14,,,0,0.8966,2
5202,"Business Administration, Management and Operations.",496973,3,2,68.0,40.0,2.0,312.0,496973,Herzing University-Tampa,,0,0,0,0,0,0,0,0,0,0,0,0,0,0,0,0.0319,0,0,0,0,0,0,0,0,0,0,0,0,0,0,0,0,0,0,0,0.9681,0,0,6862,7694,0.1724,14,,,0,0.8966,2
5202,"Business Administration, Management and Operations.",496973,3,3,153.0,130.0,3.0,358.0,496973,Herzing University-Tampa,,0,0,0,0,0,0,0,0,0,0,0,0,0,0,0,0.0319,0,0,0,0,0,0,0,0,0,0,0,0,0,0,0,0,0,0,0,0.9681,0,0,6862,7694,0.1724,14,,,0,0.8966,2
5202,"Business Administration, Management and Operations.",496973,3,5,203.0,190.0,4.0,466.0,496973,Herzing University-Tampa,,0,0,0,0,0,0,0,0,0,0,0,0,0,0,0,0.0319,0,0,0,0,0,0,0,0,0,0,0,0,0,0,0,0,0,0,0,0.9681,0,0,6862,7694,0.1724,14,,,0,0.8966,2
5138,"Registered Nursing, Nursing Administration, Nursing Research and Clinical Nursing.",496991,1,2,2345.0,1711.0,27.0,263.0,496991,Galen Health Institutes-Miami Campus,,0,0,0,0,0,0,0,0,0,0,0,0,0,0,0,0,0,0,0,0,0,0,0,0,0,0,0,0,0,0,0,0,0,0,0,1,0,0,6737,7512,0.6627,12,,,0,,1
5138,"Registered Nursing, Nursing Administration, Nursing Research and Clinical Nursing.",496991,1,3,536.0,607.0,9.0,385.0,496991,Galen Health Institutes-Miami Campus,,0,0,0,0,0,0,0,0,0,0,0,0,0,0,0,0,0,0,0,0,0,0,0,0,0,0,0,0,0,0,0,0,0,0,0,1,0,0,6737,7512,0.6627,12,,,0,,1
1204,Cosmetology and Related Personal Grooming Services.,497222,1,1,57.0,100.0,12.0,72.0,497222,Salon Professional Academy-Elevate Salon Institute,5,0,0,0,0,0,0,0,1,0,0,0,0,0,0,0,0,0,0,0,0,0,0,0,0,0,0,0,0,0,0,0,0,0,0,0,0,0,0,8517,,,16,,,0,,1
4706,Vehicle Maintenance and Repair Technologies/Technicians.,498030,1,1,2938.0,2416.0,117.0,139.0,498030,Universal Technical Institute-South Florida Miramar,6,0,0,0,0,0,0,0,0,0,0,0,0,0,0,0,0,0,0,0,0,0,0,0,0,0,0,0,0,0,0,0,0.7348,0.2652,0,0,0,0,0,6046,6299,,36,,,,,1
4706,Vehicle Maintenance and Repair Technologies/Technicians.,498030,1,2,2099.0,2109.0,97.0,184.0,498030,Universal Technical Institute-South Florida Miramar,6,0,0,0,0,0,0,0,0,0,0,0,0,0,0,0,0,0,0,0,0,0,0,0,0,0,0,0,0,0,0,0,0.7348,0.2652,0,0,0,0,0,6046,6299,,36,,,,,1
4805,Precision Metal Working.,498030,1,1,364.0,496.0,27.0,101.0,498030,Universal Technical Institute-South Florida Miramar,6,0,0,0,0,0,0,0,0,0,0,0,0,0,0,0,0,0,0,0,0,0,0,0,0,0,0,0,0,0,0,0,0.7348,0.2652,0,0,0,0,0,6046,6299,,36,,,,,1
5138,"Registered Nursing, Nursing Administration, Nursing Research and Clinical Nursing.",498076,1,2,2345.0,1711.0,27.0,263.0,498076,Galen Health Institutes-Sarasota,,0,0,0,0,0,0,0,0,0,0,0,0,0,0,0,0,0,0,0,0,0,0,0,0,0,0,0,0,0,0,0,0,0,0,0,1,0,0,2503,6837,0.6981,12,,,,,1
5138,"Registered Nursing, Nursing Administration, Nursing Research and Clinical Nursing.",498076,1,3,536.0,607.0,9.0,385.0,498076,Galen Health Institutes-Sarasota,,0,0,0,0,0,0,0,0,0,0,0,0,0,0,0,0,0,0,0,0,0,0,0,0,0,0,0,0,0,0,0,0,0,0,0,1,0,0,2503,6837,0.6981,12,,,,,1
5138,"Registered Nursing, Nursing Administration, Nursing Research and Clinical Nursing.",498085,1,2,2345.0,1711.0,27.0,263.0,498085,Galen Health Institutes-Gainesville,,0,0,0,0,0,0,0,0,0,0,0,0,0,0,0,0,0,0,0,0,0,0,0,0,0,0,0,0,0,0,0,0,0,0,0,1,0,0,6459,6635,0.5789,12,,,,,1
5138,"Registered Nursing, Nursing Administration, Nursing Research and Clinical Nursing.",498085,1,3,536.0,607.0,9.0,385.0,498085,Galen Health Institutes-Gainesville,,0,0,0,0,0,0,0,0,0,0,0,0,0,0,0,0,0,0,0,0,0,0,0,0,0,0,0,0,0,0,0,0,0,0,0,1,0,0,6459,6635,0.5789,12,,,,,1
5139,"Practical Nursing, Vocational Nursing and Nursing Assistants.",498085,1,1,694.0,375.0,12.0,168.0,498085,Galen Health Institutes-Gainesville,,0,0,0,0,0,0,0,0,0,0,0,0,0,0,0,0,0,0,0,0,0,0,0,0,0,0,0,0,0,0,0,0,0,0,0,1,0,0,6459,6635,0.5789,12,,,,,1
5138,"Registered Nursing, Nursing Administration, Nursing Research and Clinical Nursing.",499370,1,3,146.0,167.0,3.0,433.0,499370,Arizona College of Nursing-Sarasota,,0,0,0,0,0,0,0,0,0,0,0,0,0,0,0,0,0,0,0,0,0,0,0,0,0,0,0,0,0,0,0,0,0,0,0,0,0,0,6835,8292,,20,,,,1,2
5107,Health and Medical Administrative Services.,499495,1,1,23.0,24.0,3.0,138.0,499495,Gwinnett Institute,5,0,0,0,0,0,0,0,0,0,0,0,0,0,0,0,0,0,0,0,0,0,0,0,0,0,0,0,0,0,0,0,0,0,0,0,1,0,0,6537,4217,1,14,,,,,2
5108,Allied Health and Medical Assisting Services.,499495,1,1,76.0,89.0,4.0,138.0,499495,Gwinnett Institute,5,0,0,0,0,0,0,0,0,0,0,0,0,0,0,0,0,0,0,0,0,0,0,0,0,0,0,0,0,0,0,0,0,0,0,0,1,0,0,6537,4217,1,14,,,,,2
5138,"Registered Nursing, Nursing Administration, Nursing Research and Clinical Nursing.",499495,1,2,,67.0,4.0,,499495,Gwinnett Institute,5,0,0,0,0,0,0,0,0,0,0,0,0,0,0,0,0,0,0,0,0,0,0,0,0,0,0,0,0,0,0,0,0,0,0,0,1,0,0,6537,4217,1,14,,,,,2
5139,"Practical Nursing, Vocational Nursing and Nursing Assistants.",499495,1,1,,69.0,0.0,,499495,Gwinnett Institute,5,0,0,0,0,0,0,0,0,0,0,0,0,0,0,0,0,0,0,0,0,0,0,0,0,0,0,0,0,0,0,0,0,0,0,0,1,0,0,6537,4217,1,14,,,,,2
