code,title,unit_id,distance,school.type,credential.level,earnings.4_yr.overall_median_earnings,earnings.4_yr.working_not_enrolled.overall_count,id,school.name,latest.school.locale,latest.school.carnegie_size_setting,latest.admissions.admission_rate.overall,latest.student.demographics.median_family_income,latest.student.students_with_pell_grant,latest.school.open_admissions_policy,latest.student.demographics.age_entry,latest.school.title_iv.eligibility_type
1205,Culinary Arts and Related Services.,132374,1,Public,1,22265,28,132374,Atlantic Technical College,21,-2,,16748,,1,26,1
4603,Electrical and Power Transmission Installers.,132374,2,Public,1,41177,27,132374,Atlantic Technical College,21,-2,,16748,,1,26,1
4702,"Heating, Air Conditioning, Ventilation and Refrigeration Maintenance Technology/Technician (HAC, HACR, HVAC, HVACR).",132374,1,Public,1,47325,48,132374,Atlantic Technical College,21,-2,,16748,,1,26,1
4706,Vehicle Maintenance and Repair Technologies/Technicians.,132374,1,Public,1,42839,28,132374,Atlantic Technical College,21,-2,,16748,,1,26,1
5108,Allied Health and Medical Assisting Services.,132374,1,Public,1,33081,29,132374,Atlantic Technical College,21,-2,,16748,,1,26,1
5139,"Practical Nursing, Vocational Nursing and Nursing Assistants.",132374,1,Public,1,55724,46,132374,Atlantic Technical College,21,-2,,16748,,1,26,1
3906,Theological and Ministerial Studies.,132408,3,"Private, nonprofit",3,42322,30,132408,Baptist University of Florida,42,7,0.3599,33739,0.7795698925,2,26,1
4201,"Psychology, General.",132408,3,"Private, nonprofit",3,40963,16,132408,Baptist University of Florida,42,7,0.3599,33739,0.7795698925,2,26,1
1101,"Computer and Information Sciences, General.",132471,2,"Private, nonprofit",3,65951,32,132471,Barry University,21,13,0.7724,28822,0.7126805778,2,26,1
1304,Educational Administration and Supervision.,132471,2,"Private, nonprofit",5,79567,91,132471,Barry University,21,13,0.7724,28822,0.7126805778,2,26,1
1313,"Teacher Education and Professional Development, Specific Subject Areas.",132471,2,"Private, nonprofit",5,69284,20,132471,Barry University,21,13,0.7724,28822,0.7126805778,2,26,1
2201,Law.,132471,1,"Private, nonprofit",7,82024,302,132471,Barry University,21,13,0.7724,28822,0.7126805778,2,26,1
2401,"Liberal Arts and Sciences, General Studies and Humanities.",132471,1,"Private, nonprofit",3,51734,44,132471,Barry University,21,13,0.7724,28822,0.7126805778,2,26,1
2601,"Biology, General.",132471,1,"Private, nonprofit",3,60471,41,132471,Barry University,21,13,0.7724,28822,0.7126805778,2,26,1
2699,"Biological and Biomedical Sciences, Other.",132471,1,"Private, nonprofit",5,64792,37,132471,Barry University,21,13,0.7724,28822,0.7126805778,2,26,1
3105,"Sports, Kinesiology, and Physical Education/Fitness.",132471,1,"Private, nonprofit",3,47019,26,132471,Barry University,21,13,0.7724,28822,0.7126805778,2,26,1
3105,"Sports, Kinesiology, and Physical Education/Fitness.",132471,2,"Private, nonprofit",5,56462,29,132471,Barry University,21,13,0.7724,28822,0.7126805778,2,26,1
4201,"Psychology, General.",132471,1,"Private, nonprofit",3,44016,29,132471,Barry University,21,13,0.7724,28822,0.7126805778,2,26,1
4228,"Clinical, Counseling and Applied Psychology.",132471,1,"Private, nonprofit",5,57962,55,132471,Barry University,21,13,0.7724,28822,0.7126805778,2,26,1
4404,Public Administration.,132471,2,"Private, nonprofit",3,97702,70,132471,Barry University,21,13,0.7724,28822,0.7126805778,2,26,1
4404,Public Administration.,132471,2,"Private, nonprofit",5,81625,111,132471,Barry University,21,13,0.7724,28822,0.7126805778,2,26,1
4407,Social Work.,132471,1,"Private, nonprofit",3,61820,19,132471,Barry University,21,13,0.7724,28822,0.7126805778,2,26,1
4407,Social Work.,132471,2,"Private, nonprofit",5,64500,226,132471,Barry University,21,13,0.7724,28822,0.7126805778,2,26,1
4504,Criminology.,132471,1,"Private, nonprofit",3,51180,19,132471,Barry University,21,13,0.7724,28822,0.7126805778,2,26,1
5107,Health and Medical Administrative Services.,132471,2,"Private, nonprofit",3,89971,27,132471,Barry University,21,13,0.7724,28822,0.7126805778,2,26,1
5109,"Allied Health Diagnostic, Intervention, and Treatment Professions.",132471,1,"Private, nonprofit",3,134968,30,132471,Barry University,21,13,0.7724,28822,0.7126805778,2,26,1
5109,"Allied Health Diagnostic, Intervention, and Treatment Professions.",132471,1,"Private, nonprofit",5,127660,167,132471,Barry University,21,13,0.7724,28822,0.7126805778,2,26,1
5112,Medicine.,132471,1,"Private, nonprofit",7,111890,85,132471,Barry University,21,13,0.7724,28822,0.7126805778,2,26,1
5123,Rehabilitation and Therapeutic Professions.,132471,2,"Private, nonprofit",5,75402,66,132471,Barry University,21,13,0.7724,28822,0.7126805778,2,26,1
5138,"Registered Nursing, Nursing Administration, Nursing Research and Clinical Nursing.",132471,1,"Private, nonprofit",3,93608,164,132471,Barry University,21,13,0.7724,28822,0.7126805778,2,26,1
5138,"Registered Nursing, Nursing Administration, Nursing Research and Clinical Nursing.",132471,1,"Private, nonprofit",5,145767,212,132471,Barry University,21,13,0.7724,28822,0.7126805778,2,26,1
5138,"Registered Nursing, Nursing Administration, Nursing Research and Clinical Nursing.",132471,2,"Private, nonprofit",6,138166,29,132471,Barry University,21,13,0.7724,28822,0.7126805778,2,26,1
5202,"Business Administration, Management and Operations.",132471,2,"Private, nonprofit",3,64210,197,132471,Barry University,21,13,0.7724,28822,0.7126805778,2,26,1
5202,"Business Administration, Management and Operations.",132471,2,"Private, nonprofit",5,84090,92,132471,Barry University,21,13,0.7724,28822,0.7126805778,2,26,1
0901,Communication and Media Studies.,132602,1,"Private, nonprofit",3,30852,27,132602,Bethune-Cookman University,13,11,0.8824,22913,0.866638796,2,20,1
1313,"Teacher Education and Professional Development, Specific Subject Areas.",132602,1,"Private, nonprofit",3,33933,39,132602,Bethune-Cookman University,13,11,0.8824,22913,0.866638796,2,20,1
2401,"Liberal Arts and Sciences, General Studies and Humanities.",132602,1,"Private, nonprofit",3,42127,113,132602,Bethune-Cookman University,13,11,0.8824,22913,0.866638796,2,20,1
3011,Gerontology.,132602,1,"Private, nonprofit",3,51623,16,132602,Bethune-Cookman University,13,11,0.8824,22913,0.866638796,2,20,1
4201,"Psychology, General.",132602,1,"Private, nonprofit",3,37793,47,132602,Bethune-Cookman University,13,11,0.8824,22913,0.866638796,2,20,1
4301,Criminal Justice and Corrections.,132602,1,"Private, nonprofit",3,46540,31,132602,Bethune-Cookman University,13,11,0.8824,22913,0.866638796,2,20,1
5138,"Registered Nursing, Nursing Administration, Nursing Research and Clinical Nursing.",132602,1,"Private, nonprofit",3,76641,22,132602,Bethune-Cookman University,13,11,0.8824,22913,0.866638796,2,20,1
5202,"Business Administration, Management and Operations.",132602,1,"Private, nonprofit",3,50413,19,132602,Bethune-Cookman University,13,11,0.8824,22913,0.866638796,2,20,1
5210,Human Resources Management and Services.,132602,3,"Private, nonprofit",5,49835,24,132602,Bethune-Cookman University,13,11,0.8824,22913,0.866638796,2,20,1
0901,Communication and Media Studies.,132657,1,"Private, nonprofit",3,53858,19,132657,Lynn University,13,11,0.7347,41024,0.604197901,2,21,1
0901,Communication and Media Studies.,132657,0,"Private, nonprofit",5,74356,23,132657,Lynn University,13,11,0.7347,41024,0.604197901,2,21,1
0907,"Radio, Television, and Digital Communication.",132657,2,"Private, nonprofit",3,39215,19,132657,Lynn University,13,11,0.7347,41024,0.604197901,2,21,1
1003,Graphic Communications.,132657,1,"Private, nonprofit",3,36590,31,132657,Lynn University,13,11,0.7347,41024,0.604197901,2,21,1
1304,Educational Administration and Supervision.,132657,3,"Private, nonprofit",5,68722,21,132657,Lynn University,13,11,0.7347,41024,0.604197901,2,21,1
1304,Educational Administration and Supervision.,132657,3,"Private, nonprofit",6,83158,22,132657,Lynn University,13,11,0.7347,41024,0.604197901,2,21,1
2601,"Biology, General.",132657,1,"Private, nonprofit",3,38783,23,132657,Lynn University,13,11,0.7347,41024,0.604197901,2,21,1
3105,"Sports, Kinesiology, and Physical Education/Fitness.",132657,1,"Private, nonprofit",3,41209,20,132657,Lynn University,13,11,0.7347,41024,0.604197901,2,21,1
4201,"Psychology, General.",132657,2,"Private, nonprofit",3,47373,25,132657,Lynn University,13,11,0.7347,41024,0.604197901,2,21,1
4301,Criminal Justice and Corrections.,132657,2,"Private, nonprofit",3,68824,21,132657,Lynn University,13,11,0.7347,41024,0.604197901,2,21,1
5202,"Business Administration, Management and Operations.",132657,3,"Private, nonprofit",3,72802,22,132657,Lynn University,13,11,0.7347,41024,0.604197901,2,21,1
5202,"Business Administration, Management and Operations.",132657,2,"Private, nonprofit",5,77699,247,132657,Lynn University,13,11,0.7347,41024,0.604197901,2,21,1
5211,International Business.,132657,2,"Private, nonprofit",3,74456,23,132657,Lynn University,13,11,0.7347,41024,0.604197901,2,21,1
5219,"Specialized Sales, Merchandising and  Marketing Operations.",132657,1,"Private, nonprofit",3,55029,22,132657,Lynn University,13,11,0.7347,41024,0.604197901,2,21,1
5139,"Practical Nursing, Vocational Nursing and Nursing Assistants.",132675,1,Public,1,52815,24,132675,North Florida Technical College,32,-2,,17719,,1,29,1
1104,Information Science/Studies.,132693,1,Public,3,70869,43,132693,Eastern Florida State College,13,12,,22005,0.8466486121,1,25,1
2203,Legal Support Services.,132693,1,Public,2,33748,18,132693,Eastern Florida State College,13,12,,22005,0.8466486121,1,25,1
2401,"Liberal Arts and Sciences, General Studies and Humanities.",132693,1,Public,2,42428,1032,132693,Eastern Florida State College,13,12,,22005,0.8466486121,1,25,1
4301,Criminal Justice and Corrections.,132693,1,Public,1,56068,68,132693,Eastern Florida State College,13,12,,22005,0.8466486121,1,25,1
4301,Criminal Justice and Corrections.,132693,3,Public,2,43285,16,132693,Eastern Florida State College,13,12,,22005,0.8466486121,1,25,1
4302,Fire Protection.,132693,1,Public,1,55414,23,132693,Eastern Florida State College,13,12,,22005,0.8466486121,1,25,1
4702,"Heating, Air Conditioning, Ventilation and Refrigeration Maintenance Technology/Technician (HAC, HACR, HVAC, HVACR).",132693,0,Public,1,47782,19,132693,Eastern Florida State College,13,12,,22005,0.8466486121,1,25,1
4706,Vehicle Maintenance and Repair Technologies/Technicians.,132693,1,Public,1,68047,28,132693,Eastern Florida State College,13,12,,22005,0.8466486121,1,25,1
4805,Precision Metal Working.,132693,1,Public,1,50029,18,132693,Eastern Florida State College,13,12,,22005,0.8466486121,1,25,1
5106,Dental Support Services and Allied Professions.,132693,1,Public,2,69083,16,132693,Eastern Florida State College,13,12,,22005,0.8466486121,1,25,1
5108,Allied Health and Medical Assisting Services.,132693,1,Public,2,53597,19,132693,Eastern Florida State College,13,12,,22005,0.8466486121,1,25,1
5109,"Allied Health Diagnostic, Intervention, and Treatment Professions.",132693,1,Public,1,62988,39,132693,Eastern Florida State College,13,12,,22005,0.8466486121,1,25,1
5109,"Allied Health Diagnostic, Intervention, and Treatment Professions.",132693,1,Public,2,54622,55,132693,Eastern Florida State College,13,12,,22005,0.8466486121,1,25,1
5110,Clinical/Medical Laboratory Science/Research and Allied Professions.,132693,1,Public,2,67936,20,132693,Eastern Florida State College,13,12,,22005,0.8466486121,1,25,1
5122,Public Health.,132693,1,Public,3,53408,49,132693,Eastern Florida State College,13,12,,22005,0.8466486121,1,25,1
5138,"Registered Nursing, Nursing Administration, Nursing Research and Clinical Nursing.",132693,2,Public,2,77667,106,132693,Eastern Florida State College,13,12,,22005,0.8466486121,1,25,1
5139,"Practical Nursing, Vocational Nursing and Nursing Assistants.",132693,1,Public,1,43973,18,132693,Eastern Florida State College,13,12,,22005,0.8466486121,1,25,1
5202,"Business Administration, Management and Operations.",132693,1,Public,2,42613,28,132693,Eastern Florida State College,13,12,,22005,0.8466486121,1,25,1
5202,"Business Administration, Management and Operations.",132693,3,Public,3,54133,286,132693,Eastern Florida State College,13,12,,22005,0.8466486121,1,25,1
1101,"Computer and Information Sciences, General.",132709,2,Public,3,68626,32,132709,Broward College,12,15,,20743,0.9264472291,1,24,1
1310,Special Education and Teaching.,132709,1,Public,3,59330,21,132709,Broward College,12,15,,20743,0.9264472291,1,24,1
2203,Legal Support Services.,132709,1,Public,2,48911,21,132709,Broward College,12,15,,20743,0.9264472291,1,24,1
2401,"Liberal Arts and Sciences, General Studies and Humanities.",132709,2,Public,2,44117,1403,132709,Broward College,12,15,,20743,0.9264472291,1,24,1
4301,Criminal Justice and Corrections.,132709,2,Public,2,44829,30,132709,Broward College,12,15,,20743,0.9264472291,1,24,1
4901,Air Transportation.,132709,2,Public,2,75637,24,132709,Broward College,12,15,,20743,0.9264472291,1,24,1
5108,Allied Health and Medical Assisting Services.,132709,1,Public,2,38252,19,132709,Broward College,12,15,,20743,0.9264472291,1,24,1
5109,"Allied Health Diagnostic, Intervention, and Treatment Professions.",132709,1,Public,1,79695,35,132709,Broward College,12,15,,20743,0.9264472291,1,24,1
5109,"Allied Health Diagnostic, Intervention, and Treatment Professions.",132709,1,Public,2,75879,66,132709,Broward College,12,15,,20743,0.9264472291,1,24,1
5109,"Allied Health Diagnostic, Intervention, and Treatment Professions.",132709,0,Public,99,67251,18,132709,Broward College,12,15,,20743,0.9264472291,1,24,1
5138,"Registered Nursing, Nursing Administration, Nursing Research and Clinical Nursing.",132709,1,Public,2,83358,103,132709,Broward College,12,15,,20743,0.9264472291,1,24,1
5202,"Business Administration, Management and Operations.",132709,2,Public,2,49180,59,132709,Broward College,12,15,,20743,0.9264472291,1,24,1
5202,"Business Administration, Management and Operations.",132709,2,Public,3,61029,129,132709,Broward College,12,15,,20743,0.9264472291,1,24,1
5203,Accounting and Related Services.,132709,2,Public,2,48605,18,132709,Broward College,12,15,,20743,0.9264472291,1,24,1
4228,"Clinical, Counseling and Applied Psychology.",132842,2,"Private, nonprofit",5,51235,49,132842,Albizu University-Miami,13,6,0.7571,16091,0.4821052632,2,26,1
4228,"Clinical, Counseling and Applied Psychology.",132842,1,"Private, nonprofit",6,93578,113,132842,Albizu University-Miami,13,6,0.7571,16091,0.4821052632,2,26,1
0105,Agricultural and Domestic Animal Services.,132851,1,Public,2,30374,20,132851,College of Central Florida,13,12,,21993,0.8733662504,1,24,1
0105,Agricultural and Domestic Animal Services.,132851,0,Public,99,33961,17,132851,College of Central Florida,13,12,,21993,0.8733662504,1,24,1
1101,"Computer and Information Sciences, General.",132851,0,Public,99,40428,19,132851,College of Central Florida,13,12,,21993,0.8733662504,1,24,1
1105,Computer Systems Analysis.,132851,0,Public,99,46213,20,132851,College of Central Florida,13,12,,21993,0.8733662504,1,24,1
1312,"Teacher Education and Professional Development, Specific Levels and Methods.",132851,1,Public,3,52015,16,132851,College of Central Florida,13,12,,21993,0.8733662504,1,24,1
2401,"Liberal Arts and Sciences, General Studies and Humanities.",132851,3,Public,2,42066,690,132851,College of Central Florida,13,12,,21993,0.8733662504,1,24,1
4103,Physical Science Technologies/Technicians.,132851,0,Public,99,69253,45,132851,College of Central Florida,13,12,,21993,0.8733662504,1,24,1
4301,Criminal Justice and Corrections.,132851,0,Public,99,52150,57,132851,College of Central Florida,13,12,,21993,0.8733662504,1,24,1
5107,Health and Medical Administrative Services.,132851,0,Public,99,46953,44,132851,College of Central Florida,13,12,,21993,0.8733662504,1,24,1
5109,"Allied Health Diagnostic, Intervention, and Treatment Professions.",132851,1,Public,2,63119,25,132851,College of Central Florida,13,12,,21993,0.8733662504,1,24,1
5109,"Allied Health Diagnostic, Intervention, and Treatment Professions.",132851,0,Public,99,50312,44,132851,College of Central Florida,13,12,,21993,0.8733662504,1,24,1
5138,"Registered Nursing, Nursing Administration, Nursing Research and Clinical Nursing.",132851,1,Public,2,75665,95,132851,College of Central Florida,13,12,,21993,0.8733662504,1,24,1
5138,"Registered Nursing, Nursing Administration, Nursing Research and Clinical Nursing.",132851,1,Public,3,93193,48,132851,College of Central Florida,13,12,,21993,0.8733662504,1,24,1
5202,"Business Administration, Management and Operations.",132851,1,Public,2,32335,41,132851,College of Central Florida,13,12,,21993,0.8733662504,1,24,1
5202,"Business Administration, Management and Operations.",132851,1,Public,3,51258,181,132851,College of Central Florida,13,12,,21993,0.8733662504,1,24,1
5202,"Business Administration, Management and Operations.",132851,0,Public,99,40768,131,132851,College of Central Florida,13,12,,21993,0.8733662504,1,24,1
5204,Business Operations Support and Assistant Services.,132851,0,Public,99,43057,103,132851,College of Central Florida,13,12,,21993,0.8733662504,1,24,1
5207,Entrepreneurial and Small Business Operations.,132851,0,Public,99,30039,33,132851,College of Central Florida,13,12,,21993,0.8733662504,1,24,1
5212,Management Information Systems and Services.,132851,0,Public,99,33676,22,132851,College of Central Florida,13,12,,21993,0.8733662504,1,24,1
0402,Architecture.,132903,1,Public,3,64826,24,132903,University of Central Florida,21,15,0.4011,31400,0.7045342864,2,23,1
0901,Communication and Media Studies.,132903,2,Public,3,58783,178,132903,University of Central Florida,21,15,0.4011,31400,0.7045342864,2,23,1
0904,Journalism.,132903,1,Public,3,60887,32,132903,University of Central Florida,21,15,0.4011,31400,0.7045342864,2,23,1
0907,"Radio, Television, and Digital Communication.",132903,1,Public,3,48753,54,132903,University of Central Florida,21,15,0.4011,31400,0.7045342864,2,23,1
0909,"Public Relations, Advertising, and Applied Communication.",132903,1,Public,3,62140,72,132903,University of Central Florida,21,15,0.4011,31400,0.7045342864,2,23,1
1101,"Computer and Information Sciences, General.",132903,1,Public,3,98526,302,132903,University of Central Florida,21,15,0.4011,31400,0.7045342864,2,23,1
1101,"Computer and Information Sciences, General.",132903,1,Public,5,123587,36,132903,University of Central Florida,21,15,0.4011,31400,0.7045342864,2,23,1
1301,"Education, General.",132903,1,Public,6,81030,24,132903,University of Central Florida,21,15,0.4011,31400,0.7045342864,2,23,1
1304,Educational Administration and Supervision.,132903,1,Public,5,63413,79,132903,University of Central Florida,21,15,0.4011,31400,0.7045342864,2,23,1
1305,Educational/Instructional Media Design.,132903,3,Public,5,78410,23,132903,University of Central Florida,21,15,0.4011,31400,0.7045342864,2,23,1
1310,Special Education and Teaching.,132903,0,Public,4,62470,16,132903,University of Central Florida,21,15,0.4011,31400,0.7045342864,2,23,1
1310,Special Education and Teaching.,132903,2,Public,5,60920,30,132903,University of Central Florida,21,15,0.4011,31400,0.7045342864,2,23,1
1311,Student Counseling and Personnel Services.,132903,1,Public,5,57137,34,132903,University of Central Florida,21,15,0.4011,31400,0.7045342864,2,23,1
1312,"Teacher Education and Professional Development, Specific Levels and Methods.",132903,1,Public,3,51784,288,132903,University of Central Florida,21,15,0.4011,31400,0.7045342864,2,23,1
1312,"Teacher Education and Professional Development, Specific Levels and Methods.",132903,2,Public,5,56186,25,132903,University of Central Florida,21,15,0.4011,31400,0.7045342864,2,23,1
1313,"Teacher Education and Professional Development, Specific Subject Areas.",132903,1,Public,3,53197,290,132903,University of Central Florida,21,15,0.4011,31400,0.7045342864,2,23,1
1313,"Teacher Education and Professional Development, Specific Subject Areas.",132903,3,Public,5,53077,44,132903,University of Central Florida,21,15,0.4011,31400,0.7045342864,2,23,1
1402,"Aerospace, Aeronautical, and Astronautical/Space Engineering.",132903,1,Public,3,96972,64,132903,University of Central Florida,21,15,0.4011,31400,0.7045342864,2,23,1
1408,Civil Engineering.,132903,1,Public,3,86803,59,132903,University of Central Florida,21,15,0.4011,31400,0.7045342864,2,23,1
1409,Computer Engineering.,132903,1,Public,3,106680,65,132903,University of Central Florida,21,15,0.4011,31400,0.7045342864,2,23,1
1410,"Electrical, Electronics, and Communications Engineering.",132903,1,Public,3,99442,86,132903,University of Central Florida,21,15,0.4011,31400,0.7045342864,2,23,1
1419,Mechanical Engineering.,132903,1,Public,3,89663,209,132903,University of Central Florida,21,15,0.4011,31400,0.7045342864,2,23,1
1419,Mechanical Engineering.,132903,3,Public,5,104337,27,132903,University of Central Florida,21,15,0.4011,31400,0.7045342864,2,23,1
1435,Industrial Engineering.,132903,1,Public,3,91630,40,132903,University of Central Florida,21,15,0.4011,31400,0.7045342864,2,23,1
1435,Industrial Engineering.,132903,3,Public,5,118191,20,132903,University of Central Florida,21,15,0.4011,31400,0.7045342864,2,23,1
2200,Non-Professional Legal Studies.,132903,3,Public,3,59715,107,132903,University of Central Florida,21,15,0.4011,31400,0.7045342864,2,23,1
2203,Legal Support Services.,132903,0,Public,3,61853,24,132903,University of Central Florida,21,15,0.4011,31400,0.7045342864,2,23,1
2301,"English Language and Literature, General.",132903,3,Public,3,46532,169,132903,University of Central Florida,21,15,0.4011,31400,0.7045342864,2,23,1
2401,"Liberal Arts and Sciences, General Studies and Humanities.",132903,1,Public,3,52862,231,132903,University of Central Florida,21,15,0.4011,31400,0.7045342864,2,23,1
2601,"Biology, General.",132903,1,Public,3,51313,174,132903,University of Central Florida,21,15,0.4011,31400,0.7045342864,2,23,1
2701,Mathematics.,132903,1,Public,3,69005,21,132903,University of Central Florida,21,15,0.4011,31400,0.7045342864,2,23,1
2705,Statistics.,132903,1,Public,3,76372,18,132903,University of Central Florida,21,15,0.4011,31400,0.7045342864,2,23,1
3000,"Multi-/Interdisciplinary Studies, General.",132903,3,Public,3,51959,344,132903,University of Central Florida,21,15,0.4011,31400,0.7045342864,2,23,1
3020,International/Globalization Studies.,132903,3,Public,3,69568,16,132903,University of Central Florida,21,15,0.4011,31400,0.7045342864,2,23,1
3105,"Sports, Kinesiology, and Physical Education/Fitness.",132903,1,Public,5,76984,17,132903,University of Central Florida,21,15,0.4011,31400,0.7045342864,2,23,1
4005,Chemistry.,132903,1,Public,3,57313,17,132903,University of Central Florida,21,15,0.4011,31400,0.7045342864,2,23,1
4201,"Psychology, General.",132903,3,Public,3,49760,597,132903,University of Central Florida,21,15,0.4011,31400,0.7045342864,2,23,1
4228,"Clinical, Counseling and Applied Psychology.",132903,1,Public,5,70723,17,132903,University of Central Florida,21,15,0.4011,31400,0.7045342864,2,23,1
4301,Criminal Justice and Corrections.,132903,2,Public,3,52447,197,132903,University of Central Florida,21,15,0.4011,31400,0.7045342864,2,23,1
4301,Criminal Justice and Corrections.,132903,3,Public,5,60329,37,132903,University of Central Florida,21,15,0.4011,31400,0.7045342864,2,23,1
4304,Security Science and Technology.,132903,1,Public,3,61633,17,132903,University of Central Florida,21,15,0.4011,31400,0.7045342864,2,23,1
4404,Public Administration.,132903,1,Public,3,55259,39,132903,University of Central Florida,21,15,0.4011,31400,0.7045342864,2,23,1
4404,Public Administration.,132903,3,Public,5,79043,23,132903,University of Central Florida,21,15,0.4011,31400,0.7045342864,2,23,1
4407,Social Work.,132903,1,Public,3,51153,59,132903,University of Central Florida,21,15,0.4011,31400,0.7045342864,2,23,1
4407,Social Work.,132903,3,Public,5,58123,115,132903,University of Central Florida,21,15,0.4011,31400,0.7045342864,2,23,1
4501,"Social Sciences, General.",132903,3,Public,3,46388,22,132903,University of Central Florida,21,15,0.4011,31400,0.7045342864,2,23,1
4502,Anthropology.,132903,3,Public,3,39319,31,132903,University of Central Florida,21,15,0.4011,31400,0.7045342864,2,23,1
4506,Economics.,132903,1,Public,3,76360,16,132903,University of Central Florida,21,15,0.4011,31400,0.7045342864,2,23,1
4510,Political Science and Government.,132903,3,Public,3,64056,138,132903,University of Central Florida,21,15,0.4011,31400,0.7045342864,2,23,1
4511,Sociology.,132903,3,Public,3,52197,60,132903,University of Central Florida,21,15,0.4011,31400,0.7045342864,2,23,1
5001,"Visual and Performing Arts, General.",132903,1,Public,3,52922,120,132903,University of Central Florida,21,15,0.4011,31400,0.7045342864,2,23,1
5001,"Visual and Performing Arts, General.",132903,1,Public,5,84762,42,132903,University of Central Florida,21,15,0.4011,31400,0.7045342864,2,23,1
5005,Drama/Theatre Arts and Stagecraft.,132903,1,Public,3,42954,54,132903,University of Central Florida,21,15,0.4011,31400,0.7045342864,2,23,1
5006,Film/Video and Photographic Arts.,132903,1,Public,3,41255,73,132903,University of Central Florida,21,15,0.4011,31400,0.7045342864,2,23,1
5007,Fine and Studio Arts.,132903,1,Public,3,46779,119,132903,University of Central Florida,21,15,0.4011,31400,0.7045342864,2,23,1
5009,Music.,132903,1,Public,3,39898,27,132903,University of Central Florida,21,15,0.4011,31400,0.7045342864,2,23,1
5010,"Arts, Entertainment, and Media Management.",132903,1,Public,3,59649,51,132903,University of Central Florida,21,15,0.4011,31400,0.7045342864,2,23,1
5100,"Health Services/Allied Health/Health Sciences, General.",132903,1,Public,3,56148,317,132903,University of Central Florida,21,15,0.4011,31400,0.7045342864,2,23,1
5100,"Health Services/Allied Health/Health Sciences, General.",132903,3,Public,5,86074,55,132903,University of Central Florida,21,15,0.4011,31400,0.7045342864,2,23,1
5102,Communication Disorders Sciences and Services.,132903,1,Public,3,51149,111,132903,University of Central Florida,21,15,0.4011,31400,0.7045342864,2,23,1
5102,Communication Disorders Sciences and Services.,132903,1,Public,5,71169,49,132903,University of Central Florida,21,15,0.4011,31400,0.7045342864,2,23,1
5107,Health and Medical Administrative Services.,132903,3,Public,3,56075,281,132903,University of Central Florida,21,15,0.4011,31400,0.7045342864,2,23,1
5107,Health and Medical Administrative Services.,132903,3,Public,5,97350,37,132903,University of Central Florida,21,15,0.4011,31400,0.7045342864,2,23,1
5110,Clinical/Medical Laboratory Science/Research and Allied Professions.,132903,1,Public,3,77675,18,132903,University of Central Florida,21,15,0.4011,31400,0.7045342864,2,23,1
5123,Rehabilitation and Therapeutic Professions.,132903,0,Public,6,84716,27,132903,University of Central Florida,21,15,0.4011,31400,0.7045342864,2,23,1
5138,"Registered Nursing, Nursing Administration, Nursing Research and Clinical Nursing.",132903,2,Public,3,83737,398,132903,University of Central Florida,21,15,0.4011,31400,0.7045342864,2,23,1
5138,"Registered Nursing, Nursing Administration, Nursing Research and Clinical Nursing.",132903,3,Public,5,115126,63,132903,University of Central Florida,21,15,0.4011,31400,0.7045342864,2,23,1
5201,"Business/Commerce, General.",132903,1,Public,3,66912,328,132903,University of Central Florida,21,15,0.4011,31400,0.7045342864,2,23,1
5201,"Business/Commerce, General.",132903,1,Public,5,108978,148,132903,University of Central Florida,21,15,0.4011,31400,0.7045342864,2,23,1
5202,"Business Administration, Management and Operations.",132903,1,Public,3,69111,106,132903,University of Central Florida,21,15,0.4011,31400,0.7045342864,2,23,1
5202,"Business Administration, Management and Operations.",132903,1,Public,5,94283,71,132903,University of Central Florida,21,15,0.4011,31400,0.7045342864,2,23,1
5203,Accounting and Related Services.,132903,1,Public,3,79563,180,132903,University of Central Florida,21,15,0.4011,31400,0.7045342864,2,23,1
5203,Accounting and Related Services.,132903,1,Public,5,105203,51,132903,University of Central Florida,21,15,0.4011,31400,0.7045342864,2,23,1
5206,Business/Managerial Economics.,132903,1,Public,3,74103,49,132903,University of Central Florida,21,15,0.4011,31400,0.7045342864,2,23,1
5208,Finance and Financial Management Services.,132903,1,Public,3,82007,240,132903,University of Central Florida,21,15,0.4011,31400,0.7045342864,2,23,1
5209,Hospitality Administration/Management.,132903,2,Public,3,54921,469,132903,University of Central Florida,21,15,0.4011,31400,0.7045342864,2,23,1
5209,Hospitality Administration/Management.,132903,1,Public,5,61130,32,132903,University of Central Florida,21,15,0.4011,31400,0.7045342864,2,23,1
5214,Marketing.,132903,1,Public,3,72440,142,132903,University of Central Florida,21,15,0.4011,31400,0.7045342864,2,23,1
5215,Real Estate.,132903,1,Public,3,72063,34,132903,University of Central Florida,21,15,0.4011,31400,0.7045342864,2,23,1
5401,History.,132903,3,Public,3,48896,74,132903,University of Central Florida,21,15,0.4011,31400,0.7045342864,2,23,1
5106,Dental Support Services and Allied Professions.,132976,1,Public,1,35097,16,132976,Charlotte Technical College,22,-2,,18431,,1,26,1
5139,"Practical Nursing, Vocational Nursing and Nursing Assistants.",132976,1,Public,1,56414,40,132976,Charlotte Technical College,22,-2,,18431,,1,26,1
2401,"Liberal Arts and Sciences, General Studies and Humanities.",133021,1,Public,2,43985,130,133021,Chipola College,32,6,,21653,,1,23,1
4301,Criminal Justice and Corrections.,133021,1,Public,1,45658,45,133021,Chipola College,32,6,,21653,,1,23,1
5138,"Registered Nursing, Nursing Administration, Nursing Research and Clinical Nursing.",133021,1,Public,2,65741,44,133021,Chipola College,32,6,,21653,,1,23,1
5138,"Registered Nursing, Nursing Administration, Nursing Research and Clinical Nursing.",133021,3,Public,3,84824,23,133021,Chipola College,32,6,,21653,,1,23,1
5202,"Business Administration, Management and Operations.",133021,1,Public,3,52491,22,133021,Chipola College,32,6,,21653,,1,23,1
5108,Allied Health and Medical Assisting Services.,133155,1,Public,1,41398,19,133155,Lorenzo Walker Technical College,21,-2,,20976,,1,25,1
5139,"Practical Nursing, Vocational Nursing and Nursing Assistants.",133155,1,Public,1,39810,16,133155,Lorenzo Walker Technical College,21,-2,,20976,,1,25,1
1101,"Computer and Information Sciences, General.",133386,2,Public,1,47809,18,133386,Daytona State College,13,12,,21285,0.8535849057,1,25,1
1101,"Computer and Information Sciences, General.",133386,3,Public,3,69567,27,133386,Daytona State College,13,12,,21285,0.8535849057,1,25,1
1204,Cosmetology and Related Personal Grooming Services.,133386,1,Public,1,30232,56,133386,Daytona State College,13,12,,21285,0.8535849057,1,25,1
1204,Cosmetology and Related Personal Grooming Services.,133386,0,Public,99,20816,37,133386,Daytona State College,13,12,,21285,0.8535849057,1,25,1
1205,Culinary Arts and Related Services.,133386,1,Public,1,37483,17,133386,Daytona State College,13,12,,21285,0.8535849057,1,25,1
1205,Culinary Arts and Related Services.,133386,1,Public,2,33703,30,133386,Daytona State College,13,12,,21285,0.8535849057,1,25,1
1312,"Teacher Education and Professional Development, Specific Levels and Methods.",133386,2,Public,3,50619,48,133386,Daytona State College,13,12,,21285,0.8535849057,1,25,1
1599,"Engineering/Engineering-Related Technologies/Technicians, Other.",133386,3,Public,3,80992,37,133386,Daytona State College,13,12,,21285,0.8535849057,1,25,1
2401,"Liberal Arts and Sciences, General Studies and Humanities.",133386,3,Public,2,42774,1125,133386,Daytona State College,13,12,,21285,0.8535849057,1,25,1
2401,"Liberal Arts and Sciences, General Studies and Humanities.",133386,0,Public,99,52395,20,133386,Daytona State College,13,12,,21285,0.8535849057,1,25,1
4301,Criminal Justice and Corrections.,133386,1,Public,1,55105,126,133386,Daytona State College,13,12,,21285,0.8535849057,1,25,1
4302,Fire Protection.,133386,1,Public,1,61737,34,133386,Daytona State College,13,12,,21285,0.8535849057,1,25,1
4702,"Heating, Air Conditioning, Ventilation and Refrigeration Maintenance Technology/Technician (HAC, HACR, HVAC, HVACR).",133386,1,Public,1,47479,21,133386,Daytona State College,13,12,,21285,0.8535849057,1,25,1
4706,Vehicle Maintenance and Repair Technologies/Technicians.,133386,1,Public,1,33960,20,133386,Daytona State College,13,12,,21285,0.8535849057,1,25,1
5006,Film/Video and Photographic Arts.,133386,1,Public,2,34180,26,133386,Daytona State College,13,12,,21285,0.8535849057,1,25,1
5106,Dental Support Services and Allied Professions.,133386,1,Public,1,33589,21,133386,Daytona State College,13,12,,21285,0.8535849057,1,25,1
5106,Dental Support Services and Allied Professions.,133386,1,Public,2,63800,20,133386,Daytona State College,13,12,,21285,0.8535849057,1,25,1
5107,Health and Medical Administrative Services.,133386,1,Public,2,47638,19,133386,Daytona State College,13,12,,21285,0.8535849057,1,25,1
5108,Allied Health and Medical Assisting Services.,133386,1,Public,1,40990,19,133386,Daytona State College,13,12,,21285,0.8535849057,1,25,1
5108,Allied Health and Medical Assisting Services.,133386,1,Public,2,44934,65,133386,Daytona State College,13,12,,21285,0.8535849057,1,25,1
5109,"Allied Health Diagnostic, Intervention, and Treatment Professions.",133386,1,Public,1,56695,104,133386,Daytona State College,13,12,,21285,0.8535849057,1,25,1
5109,"Allied Health Diagnostic, Intervention, and Treatment Professions.",133386,1,Public,2,78836,47,133386,Daytona State College,13,12,,21285,0.8535849057,1,25,1
5110,Clinical/Medical Laboratory Science/Research and Allied Professions.,133386,1,Public,1,33429,25,133386,Daytona State College,13,12,,21285,0.8535849057,1,25,1
5138,"Registered Nursing, Nursing Administration, Nursing Research and Clinical Nursing.",133386,1,Public,2,80355,274,133386,Daytona State College,13,12,,21285,0.8535849057,1,25,1
5138,"Registered Nursing, Nursing Administration, Nursing Research and Clinical Nursing.",133386,3,Public,3,91166,116,133386,Daytona State College,13,12,,21285,0.8535849057,1,25,1
5139,"Practical Nursing, Vocational Nursing and Nursing Assistants.",133386,1,Public,1,55001,47,133386,Daytona State College,13,12,,21285,0.8535849057,1,25,1
5202,"Business Administration, Management and Operations.",133386,2,Public,1,45982,41,133386,Daytona State College,13,12,,21285,0.8535849057,1,25,1
5202,"Business Administration, Management and Operations.",133386,2,Public,2,52331,42,133386,Daytona State College,13,12,,21285,0.8535849057,1,25,1
5202,"Business Administration, Management and Operations.",133386,3,Public,3,52532,323,133386,Daytona State College,13,12,,21285,0.8535849057,1,25,1
5203,Accounting and Related Services.,133386,3,Public,1,56291,17,133386,Daytona State College,13,12,,21285,0.8535849057,1,25,1
5207,Entrepreneurial and Small Business Operations.,133386,2,Public,1,50464,28,133386,Daytona State College,13,12,,21285,0.8535849057,1,25,1
5209,Hospitality Administration/Management.,133386,1,Public,2,35413,16,133386,Daytona State College,13,12,,21285,0.8535849057,1,25,1
4201,"Psychology, General.",133465,3,"Private, for-profit",3,39694,121,133465,South University-West Palm Beach,21,6,,20000,0.7772579044,1,30,1
4301,Criminal Justice and Corrections.,133465,3,"Private, for-profit",3,46322,122,133465,South University-West Palm Beach,21,6,,20000,0.7772579044,1,30,1
4301,Criminal Justice and Corrections.,133465,3,"Private, for-profit",5,55950,61,133465,South University-West Palm Beach,21,6,,20000,0.7772579044,1,30,1
5107,Health and Medical Administrative Services.,133465,3,"Private, for-profit",2,36905,195,133465,South University-West Palm Beach,21,6,,20000,0.7772579044,1,30,1
5107,Health and Medical Administrative Services.,133465,3,"Private, for-profit",3,46885,257,133465,South University-West Palm Beach,21,6,,20000,0.7772579044,1,30,1
5107,Health and Medical Administrative Services.,133465,3,"Private, for-profit",5,65167,216,133465,South University-West Palm Beach,21,6,,20000,0.7772579044,1,30,1
5108,Allied Health and Medical Assisting Services.,133465,1,"Private, for-profit",2,50681,567,133465,South University-West Palm Beach,21,6,,20000,0.7772579044,1,30,1
5108,Allied Health and Medical Assisting Services.,133465,1,"Private, for-profit",5,220550,43,133465,South University-West Palm Beach,21,6,,20000,0.7772579044,1,30,1
5109,"Allied Health Diagnostic, Intervention, and Treatment Professions.",133465,1,"Private, for-profit",5,129131,210,133465,South University-West Palm Beach,21,6,,20000,0.7772579044,1,30,1
5115,Mental and Social Health Services and Allied Professions.,133465,1,"Private, for-profit",5,55052,152,133465,South University-West Palm Beach,21,6,,20000,0.7772579044,1,30,1
5122,Public Health.,133465,3,"Private, for-profit",3,45993,73,133465,South University-West Palm Beach,21,6,,20000,0.7772579044,1,30,1
5138,"Registered Nursing, Nursing Administration, Nursing Research and Clinical Nursing.",133465,2,"Private, for-profit",3,91363,1140,133465,South University-West Palm Beach,21,6,,20000,0.7772579044,1,30,1
5138,"Registered Nursing, Nursing Administration, Nursing Research and Clinical Nursing.",133465,3,"Private, for-profit",5,119307,2573,133465,South University-West Palm Beach,21,6,,20000,0.7772579044,1,30,1
5202,"Business Administration, Management and Operations.",133465,3,"Private, for-profit",3,53445,280,133465,South University-West Palm Beach,21,6,,20000,0.7772579044,1,30,1
5202,"Business Administration, Management and Operations.",133465,3,"Private, for-profit",5,74209,181,133465,South University-West Palm Beach,21,6,,20000,0.7772579044,1,30,1
0301,Natural Resources Conservation and Research.,133492,1,"Private, nonprofit",3,39932,77,133492,Eckerd College,11,11,0.758,77695,0.4113924051,2,21,1
0901,Communication and Media Studies.,133492,1,"Private, nonprofit",3,60969,22,133492,Eckerd College,11,11,0.758,77695,0.4113924051,2,21,1
1609,"Romance Languages, Literatures, and Linguistics.",133492,1,"Private, nonprofit",3,54501,16,133492,Eckerd College,11,11,0.758,77695,0.4113924051,2,21,1
2401,"Liberal Arts and Sciences, General Studies and Humanities.",133492,1,"Private, nonprofit",3,45768,95,133492,Eckerd College,11,11,0.758,77695,0.4113924051,2,21,1
2601,"Biology, General.",133492,1,"Private, nonprofit",3,47814,50,133492,Eckerd College,11,11,0.758,77695,0.4113924051,2,21,1
2613,"Ecology, Evolution, Systematics, and Population Biology.",133492,1,"Private, nonprofit",3,48631,52,133492,Eckerd College,11,11,0.758,77695,0.4113924051,2,21,1
4201,"Psychology, General.",133492,1,"Private, nonprofit",3,53220,35,133492,Eckerd College,11,11,0.758,77695,0.4113924051,2,21,1
5201,"Business/Commerce, General.",133492,1,"Private, nonprofit",3,63660,23,133492,Eckerd College,11,11,0.758,77695,0.4113924051,2,21,1
5202,"Business Administration, Management and Operations.",133492,1,"Private, nonprofit",3,61685,20,133492,Eckerd College,11,11,0.758,77695,0.4113924051,2,21,1
1312,"Teacher Education and Professional Development, Specific Levels and Methods.",133508,1,Public,3,57918,65,133508,Florida SouthWestern State College,21,12,,25854,0.8308977035,1,23,1
2203,Legal Support Services.,133508,1,Public,2,43758,17,133508,Florida SouthWestern State College,21,12,,25854,0.8308977035,1,23,1
2401,"Liberal Arts and Sciences, General Studies and Humanities.",133508,1,Public,2,47776,1206,133508,Florida SouthWestern State College,21,12,,25854,0.8308977035,1,23,1
4399,"Homeland Security, Law Enforcement, Firefighting and Related Protective Services, Other.",133508,1,Public,3,55414,16,133508,Florida SouthWestern State College,21,12,,25854,0.8308977035,1,23,1
5106,Dental Support Services and Allied Professions.,133508,1,Public,2,69687,22,133508,Florida SouthWestern State College,21,12,,25854,0.8308977035,1,23,1
5109,"Allied Health Diagnostic, Intervention, and Treatment Professions.",133508,1,Public,2,78918,75,133508,Florida SouthWestern State College,21,12,,25854,0.8308977035,1,23,1
5138,"Registered Nursing, Nursing Administration, Nursing Research and Clinical Nursing.",133508,1,Public,2,78773,161,133508,Florida SouthWestern State College,21,12,,25854,0.8308977035,1,23,1
5138,"Registered Nursing, Nursing Administration, Nursing Research and Clinical Nursing.",133508,3,Public,3,89818,88,133508,Florida SouthWestern State College,21,12,,25854,0.8308977035,1,23,1
5202,"Business Administration, Management and Operations.",133508,1,Public,2,50236,26,133508,Florida SouthWestern State College,21,12,,25854,0.8308977035,1,23,1
5202,"Business Administration, Management and Operations.",133508,1,Public,3,57132,118,133508,Florida SouthWestern State College,21,12,,25854,0.8308977035,1,23,1
1402,"Aerospace, Aeronautical, and Astronautical/Space Engineering.",133553,1,"Private, nonprofit",3,95552,286,133553,Embry-Riddle Aeronautical University-Daytona Beach,13,13,0.6481,38662,0.6700304341,2,25,1
1402,"Aerospace, Aeronautical, and Astronautical/Space Engineering.",133553,1,"Private, nonprofit",5,121654,19,133553,Embry-Riddle Aeronautical University-Daytona Beach,13,13,0.6481,38662,0.6700304341,2,25,1
1409,Computer Engineering.,133553,1,"Private, nonprofit",3,105527,31,133553,Embry-Riddle Aeronautical University-Daytona Beach,13,13,0.6481,38662,0.6700304341,2,25,1
1410,"Electrical, Electronics, and Communications Engineering.",133553,1,"Private, nonprofit",3,99450,25,133553,Embry-Riddle Aeronautical University-Daytona Beach,13,13,0.6481,38662,0.6700304341,2,25,1
1412,Engineering Physics.,133553,1,"Private, nonprofit",3,94084,21,133553,Embry-Riddle Aeronautical University-Daytona Beach,13,13,0.6481,38662,0.6700304341,2,25,1
1419,Mechanical Engineering.,133553,1,"Private, nonprofit",3,96331,100,133553,Embry-Riddle Aeronautical University-Daytona Beach,13,13,0.6481,38662,0.6700304341,2,25,1
1427,Systems Engineering.,133553,1,"Private, nonprofit",5,125093,88,133553,Embry-Riddle Aeronautical University-Daytona Beach,13,13,0.6481,38662,0.6700304341,2,25,1
1507,Quality Control and Safety Technologies/Technicians.,133553,1,"Private, nonprofit",5,94965,31,133553,Embry-Riddle Aeronautical University-Daytona Beach,13,13,0.6481,38662,0.6700304341,2,25,1
2904,Military Systems and Maintenance Technology.,133553,1,"Private, nonprofit",3,72903,25,133553,Embry-Riddle Aeronautical University-Daytona Beach,13,13,0.6481,38662,0.6700304341,2,25,1
4004,Atmospheric Sciences and Meteorology.,133553,1,"Private, nonprofit",3,76421,26,133553,Embry-Riddle Aeronautical University-Daytona Beach,13,13,0.6481,38662,0.6700304341,2,25,1
4228,"Clinical, Counseling and Applied Psychology.",133553,1,"Private, nonprofit",3,82023,39,133553,Embry-Riddle Aeronautical University-Daytona Beach,13,13,0.6481,38662,0.6700304341,2,25,1
4228,"Clinical, Counseling and Applied Psychology.",133553,1,"Private, nonprofit",5,109268,32,133553,Embry-Riddle Aeronautical University-Daytona Beach,13,13,0.6481,38662,0.6700304341,2,25,1
4303,Homeland Security.,133553,1,"Private, nonprofit",3,71014,74,133553,Embry-Riddle Aeronautical University-Daytona Beach,13,13,0.6481,38662,0.6700304341,2,25,1
4304,Security Science and Technology.,133553,0,"Private, nonprofit",3,98996,31,133553,Embry-Riddle Aeronautical University-Daytona Beach,13,13,0.6481,38662,0.6700304341,2,25,1
4304,Security Science and Technology.,133553,1,"Private, nonprofit",5,145240,16,133553,Embry-Riddle Aeronautical University-Daytona Beach,13,13,0.6481,38662,0.6700304341,2,25,1
4509,International Relations and National Security Studies.,133553,0,"Private, nonprofit",3,75520,87,133553,Embry-Riddle Aeronautical University-Daytona Beach,13,13,0.6481,38662,0.6700304341,2,25,1
4509,International Relations and National Security Studies.,133553,0,"Private, nonprofit",5,81886,21,133553,Embry-Riddle Aeronautical University-Daytona Beach,13,13,0.6481,38662,0.6700304341,2,25,1
4706,Vehicle Maintenance and Repair Technologies/Technicians.,133553,0,"Private, nonprofit",2,83749,47,133553,Embry-Riddle Aeronautical University-Daytona Beach,13,13,0.6481,38662,0.6700304341,2,25,1
4706,Vehicle Maintenance and Repair Technologies/Technicians.,133553,0,"Private, nonprofit",3,87797,85,133553,Embry-Riddle Aeronautical University-Daytona Beach,13,13,0.6481,38662,0.6700304341,2,25,1
4901,Air Transportation.,133553,1,"Private, nonprofit",2,83343,208,133553,Embry-Riddle Aeronautical University-Daytona Beach,13,13,0.6481,38662,0.6700304341,2,25,1
4901,Air Transportation.,133553,1,"Private, nonprofit",3,90495,1152,133553,Embry-Riddle Aeronautical University-Daytona Beach,13,13,0.6481,38662,0.6700304341,2,25,1
4901,Air Transportation.,133553,1,"Private, nonprofit",5,113161,375,133553,Embry-Riddle Aeronautical University-Daytona Beach,13,13,0.6481,38662,0.6700304341,2,25,1
5202,"Business Administration, Management and Operations.",133553,0,"Private, nonprofit",2,85869,64,133553,Embry-Riddle Aeronautical University-Daytona Beach,13,13,0.6481,38662,0.6700304341,2,25,1
5202,"Business Administration, Management and Operations.",133553,1,"Private, nonprofit",3,83749,455,133553,Embry-Riddle Aeronautical University-Daytona Beach,13,13,0.6481,38662,0.6700304341,2,25,1
5202,"Business Administration, Management and Operations.",133553,1,"Private, nonprofit",5,110336,435,133553,Embry-Riddle Aeronautical University-Daytona Beach,13,13,0.6481,38662,0.6700304341,2,25,1
5212,Management Information Systems and Services.,133553,0,"Private, nonprofit",5,103032,41,133553,Embry-Riddle Aeronautical University-Daytona Beach,13,13,0.6481,38662,0.6700304341,2,25,1
0402,Architecture.,133650,1,Public,3,69874,18,133650,Florida Agricultural and Mechanical University,12,13,0.2056,28781,0.8220073183,2,20,1
0402,Architecture.,133650,1,Public,5,73496,22,133650,Florida Agricultural and Mechanical University,12,13,0.2056,28781,0.8220073183,2,20,1
0904,Journalism.,133650,1,Public,3,50832,64,133650,Florida Agricultural and Mechanical University,12,13,0.2056,28781,0.8220073183,2,20,1
0909,"Public Relations, Advertising, and Applied Communication.",133650,1,Public,3,41861,48,133650,Florida Agricultural and Mechanical University,12,13,0.2056,28781,0.8220073183,2,20,1
1101,"Computer and Information Sciences, General.",133650,2,Public,3,83041,49,133650,Florida Agricultural and Mechanical University,12,13,0.2056,28781,0.8220073183,2,20,1
1510,Construction Engineering Technology/Technician.,133650,1,Public,3,98272,22,133650,Florida Agricultural and Mechanical University,12,13,0.2056,28781,0.8220073183,2,20,1
2201,Law.,133650,1,Public,7,81144,211,133650,Florida Agricultural and Mechanical University,12,13,0.2056,28781,0.8220073183,2,20,1
2601,"Biology, General.",133650,1,Public,3,45173,51,133650,Florida Agricultural and Mechanical University,12,13,0.2056,28781,0.8220073183,2,20,1
3000,"Multi-/Interdisciplinary Studies, General.",133650,1,Public,3,47139,205,133650,Florida Agricultural and Mechanical University,12,13,0.2056,28781,0.8220073183,2,20,1
3105,"Sports, Kinesiology, and Physical Education/Fitness.",133650,1,Public,3,56187,17,133650,Florida Agricultural and Mechanical University,12,13,0.2056,28781,0.8220073183,2,20,1
4201,"Psychology, General.",133650,2,Public,3,39472,66,133650,Florida Agricultural and Mechanical University,12,13,0.2056,28781,0.8220073183,2,20,1
4301,Criminal Justice and Corrections.,133650,2,Public,3,44891,50,133650,Florida Agricultural and Mechanical University,12,13,0.2056,28781,0.8220073183,2,20,1
4407,Social Work.,133650,1,Public,3,47477,72,133650,Florida Agricultural and Mechanical University,12,13,0.2056,28781,0.8220073183,2,20,1
4407,Social Work.,133650,1,Public,5,61026,26,133650,Florida Agricultural and Mechanical University,12,13,0.2056,28781,0.8220073183,2,20,1
4501,"Social Sciences, General.",133650,2,Public,5,57722,53,133650,Florida Agricultural and Mechanical University,12,13,0.2056,28781,0.8220073183,2,20,1
4510,Political Science and Government.,133650,2,Public,3,48733,49,133650,Florida Agricultural and Mechanical University,12,13,0.2056,28781,0.8220073183,2,20,1
5004,Design and Applied Arts.,133650,1,Public,3,35817,16,133650,Florida Agricultural and Mechanical University,12,13,0.2056,28781,0.8220073183,2,20,1
5100,"Health Services/Allied Health/Health Sciences, General.",133650,1,Public,3,46081,115,133650,Florida Agricultural and Mechanical University,12,13,0.2056,28781,0.8220073183,2,20,1
5107,Health and Medical Administrative Services.,133650,1,Public,3,44477,76,133650,Florida Agricultural and Mechanical University,12,13,0.2056,28781,0.8220073183,2,20,1
5122,Public Health.,133650,2,Public,5,47272,26,133650,Florida Agricultural and Mechanical University,12,13,0.2056,28781,0.8220073183,2,20,1
5123,Rehabilitation and Therapeutic Professions.,133650,1,Public,5,75716,42,133650,Florida Agricultural and Mechanical University,12,13,0.2056,28781,0.8220073183,2,20,1
5138,"Registered Nursing, Nursing Administration, Nursing Research and Clinical Nursing.",133650,2,Public,3,73658,116,133650,Florida Agricultural and Mechanical University,12,13,0.2056,28781,0.8220073183,2,20,1
5202,"Business Administration, Management and Operations.",133650,1,Public,3,53902,98,133650,Florida Agricultural and Mechanical University,12,13,0.2056,28781,0.8220073183,2,20,1
5202,"Business Administration, Management and Operations.",133650,2,Public,5,90641,62,133650,Florida Agricultural and Mechanical University,12,13,0.2056,28781,0.8220073183,2,20,1
5203,Accounting and Related Services.,133650,1,Public,3,85522,19,133650,Florida Agricultural and Mechanical University,12,13,0.2056,28781,0.8220073183,2,20,1
0301,Natural Resources Conservation and Research.,133669,1,Public,1,49254,17,133669,Florida Atlantic University,13,15,0.6613,28064,0.7219053052,2,23,1
0402,Architecture.,133669,0,Public,3,64730,49,133669,Florida Atlantic University,13,15,0.6613,28064,0.7219053052,2,23,1
0403,"City/Urban, Community, and Regional Planning.",133669,1,Public,3,66093,34,133669,Florida Atlantic University,13,15,0.6613,28064,0.7219053052,2,23,1
0404,Environmental Design.,133669,1,Public,3,53961,22,133669,Florida Atlantic University,13,15,0.6613,28064,0.7219053052,2,23,1
0901,Communication and Media Studies.,133669,1,Public,3,54717,197,133669,Florida Atlantic University,13,15,0.6613,28064,0.7219053052,2,23,1
0907,"Radio, Television, and Digital Communication.",133669,1,Public,3,47505,164,133669,Florida Atlantic University,13,15,0.6613,28064,0.7219053052,2,23,1
1101,"Computer and Information Sciences, General.",133669,2,Public,3,89476,152,133669,Florida Atlantic University,13,15,0.6613,28064,0.7219053052,2,23,1
1101,"Computer and Information Sciences, General.",133669,1,Public,5,89110,18,133669,Florida Atlantic University,13,15,0.6613,28064,0.7219053052,2,23,1
1301,"Education, General.",133669,1,Public,3,50946,92,133669,Florida Atlantic University,13,15,0.6613,28064,0.7219053052,2,23,1
1303,Curriculum and Instruction.,133669,2,Public,5,62090,21,133669,Florida Atlantic University,13,15,0.6613,28064,0.7219053052,2,23,1
1304,Educational Administration and Supervision.,133669,2,Public,5,75592,105,133669,Florida Atlantic University,13,15,0.6613,28064,0.7219053052,2,23,1
1304,Educational Administration and Supervision.,133669,1,Public,6,97695,18,133669,Florida Atlantic University,13,15,0.6613,28064,0.7219053052,2,23,1
1310,Special Education and Teaching.,133669,1,Public,5,65380,16,133669,Florida Atlantic University,13,15,0.6613,28064,0.7219053052,2,23,1
1311,Student Counseling and Personnel Services.,133669,1,Public,5,65703,47,133669,Florida Atlantic University,13,15,0.6613,28064,0.7219053052,2,23,1
1312,"Teacher Education and Professional Development, Specific Levels and Methods.",133669,1,Public,3,56073,144,133669,Florida Atlantic University,13,15,0.6613,28064,0.7219053052,2,23,1
1313,"Teacher Education and Professional Development, Specific Subject Areas.",133669,1,Public,3,56414,44,133669,Florida Atlantic University,13,15,0.6613,28064,0.7219053052,2,23,1
1408,Civil Engineering.,133669,1,Public,3,84778,70,133669,Florida Atlantic University,13,15,0.6613,28064,0.7219053052,2,23,1
1408,Civil Engineering.,133669,1,Public,5,92145,16,133669,Florida Atlantic University,13,15,0.6613,28064,0.7219053052,2,23,1
1409,Computer Engineering.,133669,1,Public,3,90664,43,133669,Florida Atlantic University,13,15,0.6613,28064,0.7219053052,2,23,1
1410,"Electrical, Electronics, and Communications Engineering.",133669,1,Public,3,93561,62,133669,Florida Atlantic University,13,15,0.6613,28064,0.7219053052,2,23,1
1419,Mechanical Engineering.,133669,1,Public,3,89583,90,133669,Florida Atlantic University,13,15,0.6613,28064,0.7219053052,2,23,1
1424,Ocean Engineering.,133669,1,Public,3,80093,26,133669,Florida Atlantic University,13,15,0.6613,28064,0.7219053052,2,23,1
1601,"Linguistic, Comparative, and Related Language Studies and Services.",133669,1,Public,3,46915,17,133669,Florida Atlantic University,13,15,0.6613,28064,0.7219053052,2,23,1
2301,"English Language and Literature, General.",133669,1,Public,3,47642,119,133669,Florida Atlantic University,13,15,0.6613,28064,0.7219053052,2,23,1
2401,"Liberal Arts and Sciences, General Studies and Humanities.",133669,1,Public,2,48520,85,133669,Florida Atlantic University,13,15,0.6613,28064,0.7219053052,2,23,1
2401,"Liberal Arts and Sciences, General Studies and Humanities.",133669,2,Public,3,48428,117,133669,Florida Atlantic University,13,15,0.6613,28064,0.7219053052,2,23,1
2601,"Biology, General.",133669,1,Public,3,47707,258,133669,Florida Atlantic University,13,15,0.6613,28064,0.7219053052,2,23,1
2601,"Biology, General.",133669,1,Public,5,61445,36,133669,Florida Atlantic University,13,15,0.6613,28064,0.7219053052,2,23,1
2701,Mathematics.,133669,1,Public,3,71453,25,133669,Florida Atlantic University,13,15,0.6613,28064,0.7219053052,2,23,1
3000,"Multi-/Interdisciplinary Studies, General.",133669,1,Public,3,51082,519,133669,Florida Atlantic University,13,15,0.6613,28064,0.7219053052,2,23,1
3105,"Sports, Kinesiology, and Physical Education/Fitness.",133669,1,Public,3,50395,165,133669,Florida Atlantic University,13,15,0.6613,28064,0.7219053052,2,23,1
3105,"Sports, Kinesiology, and Physical Education/Fitness.",133669,2,Public,5,66095,18,133669,Florida Atlantic University,13,15,0.6613,28064,0.7219053052,2,23,1
4201,"Psychology, General.",133669,1,Public,3,48754,375,133669,Florida Atlantic University,13,15,0.6613,28064,0.7219053052,2,23,1
4227,Research and Experimental Psychology.,133669,1,Public,3,56012,44,133669,Florida Atlantic University,13,15,0.6613,28064,0.7219053052,2,23,1
4301,Criminal Justice and Corrections.,133669,3,Public,3,53545,386,133669,Florida Atlantic University,13,15,0.6613,28064,0.7219053052,2,23,1
4301,Criminal Justice and Corrections.,133669,1,Public,5,60144,30,133669,Florida Atlantic University,13,15,0.6613,28064,0.7219053052,2,23,1
4399,"Homeland Security, Law Enforcement, Firefighting and Related Protective Services, Other.",133669,3,Public,3,56162,54,133669,Florida Atlantic University,13,15,0.6613,28064,0.7219053052,2,23,1
4404,Public Administration.,133669,3,Public,3,57679,40,133669,Florida Atlantic University,13,15,0.6613,28064,0.7219053052,2,23,1
4404,Public Administration.,133669,1,Public,5,73084,23,133669,Florida Atlantic University,13,15,0.6613,28064,0.7219053052,2,23,1
4407,Social Work.,133669,1,Public,3,50966,232,133669,Florida Atlantic University,13,15,0.6613,28064,0.7219053052,2,23,1
4502,Anthropology.,133669,1,Public,3,33389,34,133669,Florida Atlantic University,13,15,0.6613,28064,0.7219053052,2,23,1
4506,Economics.,133669,2,Public,3,74056,79,133669,Florida Atlantic University,13,15,0.6613,28064,0.7219053052,2,23,1
4507,Geography and Cartography.,133669,1,Public,1,59554,24,133669,Florida Atlantic University,13,15,0.6613,28064,0.7219053052,2,23,1
4510,Political Science and Government.,133669,1,Public,3,53872,104,133669,Florida Atlantic University,13,15,0.6613,28064,0.7219053052,2,23,1
4511,Sociology.,133669,1,Public,3,50983,151,133669,Florida Atlantic University,13,15,0.6613,28064,0.7219053052,2,23,1
5005,Drama/Theatre Arts and Stagecraft.,133669,1,Public,3,20673,20,133669,Florida Atlantic University,13,15,0.6613,28064,0.7219053052,2,23,1
5007,Fine and Studio Arts.,133669,1,Public,3,46606,118,133669,Florida Atlantic University,13,15,0.6613,28064,0.7219053052,2,23,1
5010,"Arts, Entertainment, and Media Management.",133669,1,Public,3,37374,24,133669,Florida Atlantic University,13,15,0.6613,28064,0.7219053052,2,23,1
5100,"Health Services/Allied Health/Health Sciences, General.",133669,1,Public,3,51640,41,133669,Florida Atlantic University,13,15,0.6613,28064,0.7219053052,2,23,1
5102,Communication Disorders Sciences and Services.,133669,1,Public,5,64385,37,133669,Florida Atlantic University,13,15,0.6613,28064,0.7219053052,2,23,1
5107,Health and Medical Administrative Services.,133669,1,Public,3,57153,231,133669,Florida Atlantic University,13,15,0.6613,28064,0.7219053052,2,23,1
5107,Health and Medical Administrative Services.,133669,2,Public,5,86396,150,133669,Florida Atlantic University,13,15,0.6613,28064,0.7219053052,2,23,1
5112,Medicine.,133669,1,Public,7,89537,88,133669,Florida Atlantic University,13,15,0.6613,28064,0.7219053052,2,23,1
5115,Mental and Social Health Services and Allied Professions.,133669,1,Public,5,58963,170,133669,Florida Atlantic University,13,15,0.6613,28064,0.7219053052,2,23,1
5138,"Registered Nursing, Nursing Administration, Nursing Research and Clinical Nursing.",133669,2,Public,3,91953,236,133669,Florida Atlantic University,13,15,0.6613,28064,0.7219053052,2,23,1
5138,"Registered Nursing, Nursing Administration, Nursing Research and Clinical Nursing.",133669,2,Public,5,109033,183,133669,Florida Atlantic University,13,15,0.6613,28064,0.7219053052,2,23,1
5138,"Registered Nursing, Nursing Administration, Nursing Research and Clinical Nursing.",133669,1,Public,6,115208,39,133669,Florida Atlantic University,13,15,0.6613,28064,0.7219053052,2,23,1
5138,"Registered Nursing, Nursing Administration, Nursing Research and Clinical Nursing.",133669,1,Public,8,122359,19,133669,Florida Atlantic University,13,15,0.6613,28064,0.7219053052,2,23,1
5202,"Business Administration, Management and Operations.",133669,2,Public,3,62058,292,133669,Florida Atlantic University,13,15,0.6613,28064,0.7219053052,2,23,1
5202,"Business Administration, Management and Operations.",133669,2,Public,5,95852,335,133669,Florida Atlantic University,13,15,0.6613,28064,0.7219053052,2,23,1
5203,Accounting and Related Services.,133669,2,Public,3,77465,297,133669,Florida Atlantic University,13,15,0.6613,28064,0.7219053052,2,23,1
5203,Accounting and Related Services.,133669,2,Public,5,99288,295,133669,Florida Atlantic University,13,15,0.6613,28064,0.7219053052,2,23,1
5208,Finance and Financial Management Services.,133669,2,Public,3,70078,278,133669,Florida Atlantic University,13,15,0.6613,28064,0.7219053052,2,23,1
5208,Finance and Financial Management Services.,133669,1,Public,5,99143,24,133669,Florida Atlantic University,13,15,0.6613,28064,0.7219053052,2,23,1
5209,Hospitality Administration/Management.,133669,3,Public,1,45806,16,133669,Florida Atlantic University,13,15,0.6613,28064,0.7219053052,2,23,1
5209,Hospitality Administration/Management.,133669,2,Public,3,54635,65,133669,Florida Atlantic University,13,15,0.6613,28064,0.7219053052,2,23,1
5211,International Business.,133669,1,Public,3,50230,67,133669,Florida Atlantic University,13,15,0.6613,28064,0.7219053052,2,23,1
5212,Management Information Systems and Services.,133669,1,Public,3,70318,137,133669,Florida Atlantic University,13,15,0.6613,28064,0.7219053052,2,23,1
5212,Management Information Systems and Services.,133669,3,Public,5,93774,23,133669,Florida Atlantic University,13,15,0.6613,28064,0.7219053052,2,23,1
5214,Marketing.,133669,2,Public,3,62906,257,133669,Florida Atlantic University,13,15,0.6613,28064,0.7219053052,2,23,1
5216,Taxation.,133669,2,Public,5,100001,62,133669,Florida Atlantic University,13,15,0.6613,28064,0.7219053052,2,23,1
5401,History.,133669,1,Public,3,46960,33,133669,Florida Atlantic University,13,15,0.6613,28064,0.7219053052,2,23,1
0999,"Communication, Journalism, and Related Programs, Other.",133702,0,Public,1,57693,23,133702,Florida State College at Jacksonville,11,15,,25081,0.8159581286,1,25,1
1003,Graphic Communications.,133702,1,Public,3,29783,18,133702,Florida State College at Jacksonville,11,15,,25081,0.8159581286,1,25,1
1101,"Computer and Information Sciences, General.",133702,1,Public,1,65250,27,133702,Florida State College at Jacksonville,11,15,,25081,0.8159581286,1,25,1
1101,"Computer and Information Sciences, General.",133702,1,Public,2,64039,31,133702,Florida State College at Jacksonville,11,15,,25081,0.8159581286,1,25,1
1109,Computer Systems Networking and Telecommunications.,133702,1,Public,3,66519,45,133702,Florida State College at Jacksonville,11,15,,25081,0.8159581286,1,25,1
1110,Computer/Information Technology Administration and Management.,133702,1,Public,2,60139,37,133702,Florida State College at Jacksonville,11,15,,25081,0.8159581286,1,25,1
1110,Computer/Information Technology Administration and Management.,133702,1,Public,3,72742,43,133702,Florida State College at Jacksonville,11,15,,25081,0.8159581286,1,25,1
1204,Cosmetology and Related Personal Grooming Services.,133702,1,Public,1,37819,33,133702,Florida State College at Jacksonville,11,15,,25081,0.8159581286,1,25,1
1205,Culinary Arts and Related Services.,133702,1,Public,2,36337,23,133702,Florida State College at Jacksonville,11,15,,25081,0.8159581286,1,25,1
1312,"Teacher Education and Professional Development, Specific Levels and Methods.",133702,1,Public,3,48275,23,133702,Florida State College at Jacksonville,11,15,,25081,0.8159581286,1,25,1
2401,"Liberal Arts and Sciences, General Studies and Humanities.",133702,1,Public,2,45209,1353,133702,Florida State College at Jacksonville,11,15,,25081,0.8159581286,1,25,1
2601,"Biology, General.",133702,1,Public,3,46452,18,133702,Florida State College at Jacksonville,11,15,,25081,0.8159581286,1,25,1
4103,Physical Science Technologies/Technicians.,133702,1,Public,1,69543,171,133702,Florida State College at Jacksonville,11,15,,25081,0.8159581286,1,25,1
4301,Criminal Justice and Corrections.,133702,1,Public,1,66209,64,133702,Florida State College at Jacksonville,11,15,,25081,0.8159581286,1,25,1
4302,Fire Protection.,133702,1,Public,1,72823,16,133702,Florida State College at Jacksonville,11,15,,25081,0.8159581286,1,25,1
4399,"Homeland Security, Law Enforcement, Firefighting and Related Protective Services, Other.",133702,1,Public,3,55284,36,133702,Florida State College at Jacksonville,11,15,,25081,0.8159581286,1,25,1
4400,"Human Services, General.",133702,1,Public,3,46467,53,133702,Florida State College at Jacksonville,11,15,,25081,0.8159581286,1,25,1
4902,Ground Transportation.,133702,1,Public,1,52143,16,133702,Florida State College at Jacksonville,11,15,,25081,0.8159581286,1,25,1
5108,Allied Health and Medical Assisting Services.,133702,1,Public,2,50801,42,133702,Florida State College at Jacksonville,11,15,,25081,0.8159581286,1,25,1
5109,"Allied Health Diagnostic, Intervention, and Treatment Professions.",133702,1,Public,1,56695,34,133702,Florida State College at Jacksonville,11,15,,25081,0.8159581286,1,25,1
5109,"Allied Health Diagnostic, Intervention, and Treatment Professions.",133702,1,Public,2,70805,61,133702,Florida State College at Jacksonville,11,15,,25081,0.8159581286,1,25,1
5138,"Registered Nursing, Nursing Administration, Nursing Research and Clinical Nursing.",133702,1,Public,2,78015,225,133702,Florida State College at Jacksonville,11,15,,25081,0.8159581286,1,25,1
5138,"Registered Nursing, Nursing Administration, Nursing Research and Clinical Nursing.",133702,1,Public,3,90705,95,133702,Florida State College at Jacksonville,11,15,,25081,0.8159581286,1,25,1
5202,"Business Administration, Management and Operations.",133702,2,Public,1,48636,123,133702,Florida State College at Jacksonville,11,15,,25081,0.8159581286,1,25,1
5202,"Business Administration, Management and Operations.",133702,2,Public,2,62248,65,133702,Florida State College at Jacksonville,11,15,,25081,0.8159581286,1,25,1
5202,"Business Administration, Management and Operations.",133702,1,Public,3,55860,293,133702,Florida State College at Jacksonville,11,15,,25081,0.8159581286,1,25,1
5203,Accounting and Related Services.,133702,1,Public,1,55428,20,133702,Florida State College at Jacksonville,11,15,,25081,0.8159581286,1,25,1
5203,Accounting and Related Services.,133702,1,Public,2,62081,16,133702,Florida State College at Jacksonville,11,15,,25081,0.8159581286,1,25,1
5207,Entrepreneurial and Small Business Operations.,133702,1,Public,1,60511,29,133702,Florida State College at Jacksonville,11,15,,25081,0.8159581286,1,25,1
5208,Finance and Financial Management Services.,133702,1,Public,3,55025,27,133702,Florida State College at Jacksonville,11,15,,25081,0.8159581286,1,25,1
5219,"Specialized Sales, Merchandising and  Marketing Operations.",133702,1,Public,1,47402,42,133702,Florida State College at Jacksonville,11,15,,25081,0.8159581286,1,25,1
0301,Natural Resources Conservation and Research.,133711,1,"Private, nonprofit",3,48085,33,133711,Flagler College,23,10,0.8076,53601,0.5154411765,2,22,1
0904,Journalism.,133711,1,"Private, nonprofit",3,46971,38,133711,Flagler College,23,10,0.8076,53601,0.5154411765,2,22,1
0909,"Public Relations, Advertising, and Applied Communication.",133711,1,"Private, nonprofit",3,53353,84,133711,Flagler College,23,10,0.8076,53601,0.5154411765,2,22,1
1301,"Education, General.",133711,1,"Private, nonprofit",3,49104,54,133711,Flagler College,23,10,0.8076,53601,0.5154411765,2,22,1
1312,"Teacher Education and Professional Development, Specific Levels and Methods.",133711,1,"Private, nonprofit",3,49797,46,133711,Flagler College,23,10,0.8076,53601,0.5154411765,2,22,1
2301,"English Language and Literature, General.",133711,1,"Private, nonprofit",3,53263,33,133711,Flagler College,23,10,0.8076,53601,0.5154411765,2,22,1
3105,"Sports, Kinesiology, and Physical Education/Fitness.",133711,1,"Private, nonprofit",3,39203,17,133711,Flagler College,23,10,0.8076,53601,0.5154411765,2,22,1
4201,"Psychology, General.",133711,1,"Private, nonprofit",3,47078,59,133711,Flagler College,23,10,0.8076,53601,0.5154411765,2,22,1
4404,Public Administration.,133711,1,"Private, nonprofit",3,70202,48,133711,Flagler College,23,10,0.8076,53601,0.5154411765,2,22,1
4504,Criminology.,133711,1,"Private, nonprofit",3,48913,39,133711,Flagler College,23,10,0.8076,53601,0.5154411765,2,22,1
4510,Political Science and Government.,133711,1,"Private, nonprofit",3,65513,27,133711,Flagler College,23,10,0.8076,53601,0.5154411765,2,22,1
5004,Design and Applied Arts.,133711,1,"Private, nonprofit",3,46921,55,133711,Flagler College,23,10,0.8076,53601,0.5154411765,2,22,1
5005,Drama/Theatre Arts and Stagecraft.,133711,1,"Private, nonprofit",3,36506,20,133711,Flagler College,23,10,0.8076,53601,0.5154411765,2,22,1
5007,Fine and Studio Arts.,133711,1,"Private, nonprofit",3,35458,28,133711,Flagler College,23,10,0.8076,53601,0.5154411765,2,22,1
5202,"Business Administration, Management and Operations.",133711,1,"Private, nonprofit",3,58703,189,133711,Flagler College,23,10,0.8076,53601,0.5154411765,2,22,1
5203,Accounting and Related Services.,133711,1,"Private, nonprofit",3,63113,69,133711,Flagler College,23,10,0.8076,53601,0.5154411765,2,22,1
5401,History.,133711,1,"Private, nonprofit",3,30134,16,133711,Flagler College,23,10,0.8076,53601,0.5154411765,2,22,1
2401,"Liberal Arts and Sciences, General Studies and Humanities.",133809,1,"Private, nonprofit",2,47244,29,133809,Florida College,21,8,0.6966,66397,0.486013986,2,19,1
2401,"Liberal Arts and Sciences, General Studies and Humanities.",133809,1,"Private, nonprofit",3,39764,25,133809,Florida College,21,8,0.6966,66397,0.486013986,2,19,1
5111,Health/Medical Preparatory Programs.,133809,1,"Private, nonprofit",3,44035,19,133809,Florida College,21,8,0.6966,66397,0.486013986,2,19,1
5202,"Business Administration, Management and Operations.",133809,1,"Private, nonprofit",3,61597,32,133809,Florida College,21,8,0.6966,66397,0.486013986,2,19,1
5106,Dental Support Services and Allied Professions.,133845,1,"Private, for-profit",1,33649,211,133845,Concorde Career Institute-Jacksonville,11,2,0.9404,16617,0.8801108801,2,27,1
5107,Health and Medical Administrative Services.,133845,1,"Private, for-profit",1,34493,37,133845,Concorde Career Institute-Jacksonville,11,2,0.9404,16617,0.8801108801,2,27,1
5108,Allied Health and Medical Assisting Services.,133845,1,"Private, for-profit",1,35961,335,133845,Concorde Career Institute-Jacksonville,11,2,0.9404,16617,0.8801108801,2,27,1
5109,"Allied Health Diagnostic, Intervention, and Treatment Professions.",133845,1,"Private, for-profit",1,51737,57,133845,Concorde Career Institute-Jacksonville,11,2,0.9404,16617,0.8801108801,2,27,1
5109,"Allied Health Diagnostic, Intervention, and Treatment Professions.",133845,1,"Private, for-profit",2,60066,33,133845,Concorde Career Institute-Jacksonville,11,2,0.9404,16617,0.8801108801,2,27,1
5138,"Registered Nursing, Nursing Administration, Nursing Research and Clinical Nursing.",133845,1,"Private, for-profit",2,73532,164,133845,Concorde Career Institute-Jacksonville,11,2,0.9404,16617,0.8801108801,2,27,1
5139,"Practical Nursing, Vocational Nursing and Nursing Assistants.",133845,1,"Private, for-profit",1,51435,60,133845,Concorde Career Institute-Jacksonville,11,2,0.9404,16617,0.8801108801,2,27,1
5106,Dental Support Services and Allied Professions.,133854,1,"Private, for-profit",1,32147,93,133854,Concorde Career Institute-Miramar,21,1,0.9959,16501,0.8625304136,2,27,1
5108,Allied Health and Medical Assisting Services.,133854,1,"Private, for-profit",1,33937,189,133854,Concorde Career Institute-Miramar,21,1,0.9959,16501,0.8625304136,2,27,1
5108,Allied Health and Medical Assisting Services.,133854,1,"Private, for-profit",2,55359,36,133854,Concorde Career Institute-Miramar,21,1,0.9959,16501,0.8625304136,2,27,1
5109,"Allied Health Diagnostic, Intervention, and Treatment Professions.",133854,1,"Private, for-profit",2,59711,20,133854,Concorde Career Institute-Miramar,21,1,0.9959,16501,0.8625304136,2,27,1
5138,"Registered Nursing, Nursing Administration, Nursing Research and Clinical Nursing.",133854,0,"Private, for-profit",2,87365,128,133854,Concorde Career Institute-Miramar,21,1,0.9959,16501,0.8625304136,2,27,1
5106,Dental Support Services and Allied Professions.,133863,1,"Private, for-profit",1,33692,178,133863,Concorde Career Institute-Tampa,11,1,0.957,15715,0.8117942284,2,26,1
5107,Health and Medical Administrative Services.,133863,1,"Private, for-profit",1,38707,22,133863,Concorde Career Institute-Tampa,11,1,0.957,15715,0.8117942284,2,26,1
5108,Allied Health and Medical Assisting Services.,133863,1,"Private, for-profit",1,34658,221,133863,Concorde Career Institute-Tampa,11,1,0.957,15715,0.8117942284,2,26,1
5109,"Allied Health Diagnostic, Intervention, and Treatment Professions.",133863,1,"Private, for-profit",2,71678,32,133863,Concorde Career Institute-Tampa,11,1,0.957,15715,0.8117942284,2,26,1
5138,"Registered Nursing, Nursing Administration, Nursing Research and Clinical Nursing.",133863,0,"Private, for-profit",2,76189,62,133863,Concorde Career Institute-Tampa,11,1,0.957,15715,0.8117942284,2,26,1
2601,"Biology, General.",133872,1,"Private, nonprofit",3,58386,18,133872,AdventHealth University,11,9,,30567,0.6558533145,1,26,1
5100,"Health Services/Allied Health/Health Sciences, General.",133872,1,"Private, nonprofit",3,51967,24,133872,AdventHealth University,11,9,,30567,0.6558533145,1,26,1
5109,"Allied Health Diagnostic, Intervention, and Treatment Professions.",133872,1,"Private, nonprofit",2,71349,73,133872,AdventHealth University,11,9,,30567,0.6558533145,1,26,1
5109,"Allied Health Diagnostic, Intervention, and Treatment Professions.",133872,1,"Private, nonprofit",3,82600,107,133872,AdventHealth University,11,9,,30567,0.6558533145,1,26,1
5109,"Allied Health Diagnostic, Intervention, and Treatment Professions.",133872,1,"Private, nonprofit",5,112012,36,133872,AdventHealth University,11,9,,30567,0.6558533145,1,26,1
5123,Rehabilitation and Therapeutic Professions.,133872,1,"Private, nonprofit",5,68108,47,133872,AdventHealth University,11,9,,30567,0.6558533145,1,26,1
5123,Rehabilitation and Therapeutic Professions.,133872,0,"Private, nonprofit",6,75301,20,133872,AdventHealth University,11,9,,30567,0.6558533145,1,26,1
5138,"Registered Nursing, Nursing Administration, Nursing Research and Clinical Nursing.",133872,2,"Private, nonprofit",3,87330,240,133872,AdventHealth University,11,9,,30567,0.6558533145,1,26,1
5138,"Registered Nursing, Nursing Administration, Nursing Research and Clinical Nursing.",133872,3,"Private, nonprofit",5,214531,44,133872,AdventHealth University,11,9,,30567,0.6558533145,1,26,1
1104,Information Science/Studies.,133881,0,"Private, nonprofit",2,51539,32,133881,Florida Institute of Technology,13,14,0.577,30032,0.7019104084,2,28,1
1104,Information Science/Studies.,133881,0,"Private, nonprofit",3,85906,72,133881,Florida Institute of Technology,13,14,0.577,30032,0.7019104084,2,28,1
1104,Information Science/Studies.,133881,2,"Private, nonprofit",5,139174,18,133881,Florida Institute of Technology,13,14,0.577,30032,0.7019104084,2,28,1
1107,Computer Science.,133881,1,"Private, nonprofit",3,91606,29,133881,Florida Institute of Technology,13,14,0.577,30032,0.7019104084,2,28,1
1110,Computer/Information Technology Administration and Management.,133881,2,"Private, nonprofit",5,144218,18,133881,Florida Institute of Technology,13,14,0.577,30032,0.7019104084,2,28,1
1402,"Aerospace, Aeronautical, and Astronautical/Space Engineering.",133881,1,"Private, nonprofit",3,97015,57,133881,Florida Institute of Technology,13,14,0.577,30032,0.7019104084,2,28,1
1402,"Aerospace, Aeronautical, and Astronautical/Space Engineering.",133881,1,"Private, nonprofit",5,130016,24,133881,Florida Institute of Technology,13,14,0.577,30032,0.7019104084,2,28,1
1405,Biomedical/Medical Engineering.,133881,1,"Private, nonprofit",3,88120,26,133881,Florida Institute of Technology,13,14,0.577,30032,0.7019104084,2,28,1
1407,Chemical Engineering.,133881,1,"Private, nonprofit",3,99312,18,133881,Florida Institute of Technology,13,14,0.577,30032,0.7019104084,2,28,1
1408,Civil Engineering.,133881,1,"Private, nonprofit",3,86536,19,133881,Florida Institute of Technology,13,14,0.577,30032,0.7019104084,2,28,1
1409,Computer Engineering.,133881,1,"Private, nonprofit",3,106431,31,133881,Florida Institute of Technology,13,14,0.577,30032,0.7019104084,2,28,1
1410,"Electrical, Electronics, and Communications Engineering.",133881,1,"Private, nonprofit",3,98505,16,133881,Florida Institute of Technology,13,14,0.577,30032,0.7019104084,2,28,1
1419,Mechanical Engineering.,133881,1,"Private, nonprofit",3,92753,58,133881,Florida Institute of Technology,13,14,0.577,30032,0.7019104084,2,28,1
1424,Ocean Engineering.,133881,1,"Private, nonprofit",3,80836,24,133881,Florida Institute of Technology,13,14,0.577,30032,0.7019104084,2,28,1
1427,Systems Engineering.,133881,1,"Private, nonprofit",5,149291,29,133881,Florida Institute of Technology,13,14,0.577,30032,0.7019104084,2,28,1
1515,Engineering-Related Fields.,133881,1,"Private, nonprofit",5,131919,27,133881,Florida Institute of Technology,13,14,0.577,30032,0.7019104084,2,28,1
2903,Military Applied Sciences.,133881,2,"Private, nonprofit",5,130197,20,133881,Florida Institute of Technology,13,14,0.577,30032,0.7019104084,2,28,1
4201,"Psychology, General.",133881,1,"Private, nonprofit",3,61516,22,133881,Florida Institute of Technology,13,14,0.577,30032,0.7019104084,2,28,1
4227,Research and Experimental Psychology.,133881,1,"Private, nonprofit",3,66923,17,133881,Florida Institute of Technology,13,14,0.577,30032,0.7019104084,2,28,1
4228,"Clinical, Counseling and Applied Psychology.",133881,0,"Private, nonprofit",2,41767,19,133881,Florida Institute of Technology,13,14,0.577,30032,0.7019104084,2,28,1
4228,"Clinical, Counseling and Applied Psychology.",133881,1,"Private, nonprofit",3,55282,88,133881,Florida Institute of Technology,13,14,0.577,30032,0.7019104084,2,28,1
4228,"Clinical, Counseling and Applied Psychology.",133881,1,"Private, nonprofit",5,77258,225,133881,Florida Institute of Technology,13,14,0.577,30032,0.7019104084,2,28,1
4228,"Clinical, Counseling and Applied Psychology.",133881,1,"Private, nonprofit",6,114742,41,133881,Florida Institute of Technology,13,14,0.577,30032,0.7019104084,2,28,1
4901,Air Transportation.,133881,1,"Private, nonprofit",3,83243,86,133881,Florida Institute of Technology,13,14,0.577,30032,0.7019104084,2,28,1
5107,Health and Medical Administrative Services.,133881,0,"Private, nonprofit",2,50488,23,133881,Florida Institute of Technology,13,14,0.577,30032,0.7019104084,2,28,1
5107,Health and Medical Administrative Services.,133881,0,"Private, nonprofit",3,51753,46,133881,Florida Institute of Technology,13,14,0.577,30032,0.7019104084,2,28,1
5107,Health and Medical Administrative Services.,133881,2,"Private, nonprofit",5,84170,45,133881,Florida Institute of Technology,13,14,0.577,30032,0.7019104084,2,28,1
5202,"Business Administration, Management and Operations.",133881,0,"Private, nonprofit",2,56184,25,133881,Florida Institute of Technology,13,14,0.577,30032,0.7019104084,2,28,1
5202,"Business Administration, Management and Operations.",133881,1,"Private, nonprofit",3,72717,98,133881,Florida Institute of Technology,13,14,0.577,30032,0.7019104084,2,28,1
5202,"Business Administration, Management and Operations.",133881,2,"Private, nonprofit",5,107776,584,133881,Florida Institute of Technology,13,14,0.577,30032,0.7019104084,2,28,1
5203,Accounting and Related Services.,133881,0,"Private, nonprofit",2,61624,17,133881,Florida Institute of Technology,13,14,0.577,30032,0.7019104084,2,28,1
5203,Accounting and Related Services.,133881,1,"Private, nonprofit",3,67417,45,133881,Florida Institute of Technology,13,14,0.577,30032,0.7019104084,2,28,1
5203,Accounting and Related Services.,133881,0,"Private, nonprofit",5,85593,33,133881,Florida Institute of Technology,13,14,0.577,30032,0.7019104084,2,28,1
5210,Human Resources Management and Services.,133881,2,"Private, nonprofit",5,75661,22,133881,Florida Institute of Technology,13,14,0.577,30032,0.7019104084,2,28,1
5212,Management Information Systems and Services.,133881,2,"Private, nonprofit",5,107902,175,133881,Florida Institute of Technology,13,14,0.577,30032,0.7019104084,2,28,1
5213,Management Sciences and Quantitative Methods.,133881,2,"Private, nonprofit",5,125197,18,133881,Florida Institute of Technology,13,14,0.577,30032,0.7019104084,2,28,1
5214,Marketing.,133881,1,"Private, nonprofit",3,62019,26,133881,Florida Institute of Technology,13,14,0.577,30032,0.7019104084,2,28,1
0301,Natural Resources Conservation and Research.,133951,2,Public,3,49748,24,133951,Florida International University,21,15,0.5466,23924,0.8131269705,2,23,1
0402,Architecture.,133951,0,Public,5,68932,119,133951,Florida International University,21,15,0.5466,23924,0.8131269705,2,23,1
0405,Interior Architecture.,133951,0,Public,5,62411,28,133951,Florida International University,21,15,0.5466,23924,0.8131269705,2,23,1
0406,Landscape Architecture.,133951,1,Public,5,79542,19,133951,Florida International University,21,15,0.5466,23924,0.8131269705,2,23,1
0501,Area Studies.,133951,2,Public,3,23742,17,133951,Florida International University,21,15,0.5466,23924,0.8131269705,2,23,1
0901,Communication and Media Studies.,133951,2,Public,3,57376,836,133951,Florida International University,21,15,0.5466,23924,0.8131269705,2,23,1
0901,Communication and Media Studies.,133951,3,Public,5,71218,98,133951,Florida International University,21,15,0.5466,23924,0.8131269705,2,23,1
0909,"Public Relations, Advertising, and Applied Communication.",133951,3,Public,3,65343,31,133951,Florida International University,21,15,0.5466,23924,0.8131269705,2,23,1
1101,"Computer and Information Sciences, General.",133951,2,Public,3,90397,501,133951,Florida International University,21,15,0.5466,23924,0.8131269705,2,23,1
1101,"Computer and Information Sciences, General.",133951,1,Public,5,113980,37,133951,Florida International University,21,15,0.5466,23924,0.8131269705,2,23,1
1105,Computer Systems Analysis.,133951,1,Public,5,106494,41,133951,Florida International University,21,15,0.5466,23924,0.8131269705,2,23,1
1110,Computer/Information Technology Administration and Management.,133951,1,Public,5,98456,26,133951,Florida International University,21,15,0.5466,23924,0.8131269705,2,23,1
1303,Curriculum and Instruction.,133951,3,Public,5,66189,79,133951,Florida International University,21,15,0.5466,23924,0.8131269705,2,23,1
1304,Educational Administration and Supervision.,133951,1,Public,5,63621,73,133951,Florida International University,21,15,0.5466,23924,0.8131269705,2,23,1
1310,Special Education and Teaching.,133951,3,Public,5,66851,47,133951,Florida International University,21,15,0.5466,23924,0.8131269705,2,23,1
1311,Student Counseling and Personnel Services.,133951,1,Public,5,58182,59,133951,Florida International University,21,15,0.5466,23924,0.8131269705,2,23,1
1312,"Teacher Education and Professional Development, Specific Levels and Methods.",133951,1,Public,3,53854,299,133951,Florida International University,21,15,0.5466,23924,0.8131269705,2,23,1
1312,"Teacher Education and Professional Development, Specific Levels and Methods.",133951,1,Public,5,57448,30,133951,Florida International University,21,15,0.5466,23924,0.8131269705,2,23,1
1313,"Teacher Education and Professional Development, Specific Subject Areas.",133951,1,Public,3,42574,103,133951,Florida International University,21,15,0.5466,23924,0.8131269705,2,23,1
1313,"Teacher Education and Professional Development, Specific Subject Areas.",133951,1,Public,5,56346,22,133951,Florida International University,21,15,0.5466,23924,0.8131269705,2,23,1
1405,Biomedical/Medical Engineering.,133951,1,Public,3,88656,81,133951,Florida International University,21,15,0.5466,23924,0.8131269705,2,23,1
1408,Civil Engineering.,133951,1,Public,3,84523,141,133951,Florida International University,21,15,0.5466,23924,0.8131269705,2,23,1
1409,Computer Engineering.,133951,3,Public,3,101224,111,133951,Florida International University,21,15,0.5466,23924,0.8131269705,2,23,1
1409,Computer Engineering.,133951,3,Public,5,118205,22,133951,Florida International University,21,15,0.5466,23924,0.8131269705,2,23,1
1410,"Electrical, Electronics, and Communications Engineering.",133951,3,Public,3,98697,107,133951,Florida International University,21,15,0.5466,23924,0.8131269705,2,23,1
1410,"Electrical, Electronics, and Communications Engineering.",133951,1,Public,5,99172,17,133951,Florida International University,21,15,0.5466,23924,0.8131269705,2,23,1
1414,Environmental/Environmental Health Engineering.,133951,1,Public,3,80650,23,133951,Florida International University,21,15,0.5466,23924,0.8131269705,2,23,1
1419,Mechanical Engineering.,133951,1,Public,3,93494,145,133951,Florida International University,21,15,0.5466,23924,0.8131269705,2,23,1
1435,Industrial Engineering.,133951,0,Public,5,109744,57,133951,Florida International University,21,15,0.5466,23924,0.8131269705,2,23,1
1510,Construction Engineering Technology/Technician.,133951,1,Public,3,99471,56,133951,Florida International University,21,15,0.5466,23924,0.8131269705,2,23,1
1510,Construction Engineering Technology/Technician.,133951,3,Public,5,101174,26,133951,Florida International University,21,15,0.5466,23924,0.8131269705,2,23,1
2201,Law.,133951,0,Public,6,105414,214,133951,Florida International University,21,15,0.5466,23924,0.8131269705,2,23,1
2301,"English Language and Literature, General.",133951,2,Public,3,47659,131,133951,Florida International University,21,15,0.5466,23924,0.8131269705,2,23,1
2401,"Liberal Arts and Sciences, General Studies and Humanities.",133951,1,Public,3,49960,281,133951,Florida International University,21,15,0.5466,23924,0.8131269705,2,23,1
2601,"Biology, General.",133951,2,Public,3,46718,151,133951,Florida International University,21,15,0.5466,23924,0.8131269705,2,23,1
2701,Mathematics.,133951,1,Public,3,66041,16,133951,Florida International University,21,15,0.5466,23924,0.8131269705,2,23,1
3020,International/Globalization Studies.,133951,2,Public,5,76658,54,133951,Florida International University,21,15,0.5466,23924,0.8131269705,2,23,1
3099,"Multi/Interdisciplinary Studies, Other.",133951,0,Public,3,55402,288,133951,Florida International University,21,15,0.5466,23924,0.8131269705,2,23,1
3103,"Parks, Recreation, and Leisure Facilities Management.",133951,3,Public,3,48814,192,133951,Florida International University,21,15,0.5466,23924,0.8131269705,2,23,1
3801,Philosophy.,133951,1,Public,3,43085,27,133951,Florida International University,21,15,0.5466,23924,0.8131269705,2,23,1
4005,Chemistry.,133951,1,Public,3,57788,24,133951,Florida International University,21,15,0.5466,23924,0.8131269705,2,23,1
4005,Chemistry.,133951,1,Public,6,99213,18,133951,Florida International University,21,15,0.5466,23924,0.8131269705,2,23,1
4201,"Psychology, General.",133951,2,Public,3,49470,1075,133951,Florida International University,21,15,0.5466,23924,0.8131269705,2,23,1
4201,"Psychology, General.",133951,3,Public,5,59992,40,133951,Florida International University,21,15,0.5466,23924,0.8131269705,2,23,1
4301,Criminal Justice and Corrections.,133951,2,Public,3,55830,557,133951,Florida International University,21,15,0.5466,23924,0.8131269705,2,23,1
4301,Criminal Justice and Corrections.,133951,3,Public,5,63083,23,133951,Florida International University,21,15,0.5466,23924,0.8131269705,2,23,1
4303,Homeland Security.,133951,3,Public,5,96373,43,133951,Florida International University,21,15,0.5466,23924,0.8131269705,2,23,1
4404,Public Administration.,133951,2,Public,3,62424,115,133951,Florida International University,21,15,0.5466,23924,0.8131269705,2,23,1
4404,Public Administration.,133951,3,Public,5,79414,119,133951,Florida International University,21,15,0.5466,23924,0.8131269705,2,23,1
4407,Social Work.,133951,1,Public,3,55923,122,133951,Florida International University,21,15,0.5466,23924,0.8131269705,2,23,1
4506,Economics.,133951,2,Public,3,70022,89,133951,Florida International University,21,15,0.5466,23924,0.8131269705,2,23,1
4509,International Relations and National Security Studies.,133951,2,Public,3,64399,186,133951,Florida International University,21,15,0.5466,23924,0.8131269705,2,23,1
4510,Political Science and Government.,133951,2,Public,3,57996,178,133951,Florida International University,21,15,0.5466,23924,0.8131269705,2,23,1
4511,Sociology.,133951,2,Public,3,47538,99,133951,Florida International University,21,15,0.5466,23924,0.8131269705,2,23,1
5005,Drama/Theatre Arts and Stagecraft.,133951,1,Public,3,33896,30,133951,Florida International University,21,15,0.5466,23924,0.8131269705,2,23,1
5007,Fine and Studio Arts.,133951,1,Public,3,40653,140,133951,Florida International University,21,15,0.5466,23924,0.8131269705,2,23,1
5009,Music.,133951,1,Public,3,50677,41,133951,Florida International University,21,15,0.5466,23924,0.8131269705,2,23,1
5102,Communication Disorders Sciences and Services.,133951,1,Public,5,62173,65,133951,Florida International University,21,15,0.5466,23924,0.8131269705,2,23,1
5107,Health and Medical Administrative Services.,133951,3,Public,3,56867,320,133951,Florida International University,21,15,0.5466,23924,0.8131269705,2,23,1
5107,Health and Medical Administrative Services.,133951,3,Public,5,67431,32,133951,Florida International University,21,15,0.5466,23924,0.8131269705,2,23,1
5109,"Allied Health Diagnostic, Intervention, and Treatment Professions.",133951,1,Public,5,107595,93,133951,Florida International University,21,15,0.5466,23924,0.8131269705,2,23,1
5112,Medicine.,133951,1,Public,7,95353,186,133951,Florida International University,21,15,0.5466,23924,0.8131269705,2,23,1
5112,Medicine.,133951,0,Public,8,71640,49,133951,Florida International University,21,15,0.5466,23924,0.8131269705,2,23,1
5115,Mental and Social Health Services and Allied Professions.,133951,1,Public,5,62347,131,133951,Florida International University,21,15,0.5466,23924,0.8131269705,2,23,1
5122,Public Health.,133951,3,Public,5,73457,70,133951,Florida International University,21,15,0.5466,23924,0.8131269705,2,23,1
5123,Rehabilitation and Therapeutic Professions.,133951,1,Public,5,65492,90,133951,Florida International University,21,15,0.5466,23924,0.8131269705,2,23,1
5123,Rehabilitation and Therapeutic Professions.,133951,0,Public,6,90274,39,133951,Florida International University,21,15,0.5466,23924,0.8131269705,2,23,1
5131,Dietetics and Clinical Nutrition Services.,133951,1,Public,3,52470,94,133951,Florida International University,21,15,0.5466,23924,0.8131269705,2,23,1
5131,Dietetics and Clinical Nutrition Services.,133951,1,Public,5,59871,35,133951,Florida International University,21,15,0.5466,23924,0.8131269705,2,23,1
5138,"Registered Nursing, Nursing Administration, Nursing Research and Clinical Nursing.",133951,2,Public,3,98635,269,133951,Florida International University,21,15,0.5466,23924,0.8131269705,2,23,1
5138,"Registered Nursing, Nursing Administration, Nursing Research and Clinical Nursing.",133951,1,Public,5,125543,196,133951,Florida International University,21,15,0.5466,23924,0.8131269705,2,23,1
5202,"Business Administration, Management and Operations.",133951,2,Public,3,61256,295,133951,Florida International University,21,15,0.5466,23924,0.8131269705,2,23,1
5202,"Business Administration, Management and Operations.",133951,2,Public,5,99549,825,133951,Florida International University,21,15,0.5466,23924,0.8131269705,2,23,1
5203,Accounting and Related Services.,133951,1,Public,3,81923,319,133951,Florida International University,21,15,0.5466,23924,0.8131269705,2,23,1
5203,Accounting and Related Services.,133951,3,Public,5,107540,177,133951,Florida International University,21,15,0.5466,23924,0.8131269705,2,23,1
5208,Finance and Financial Management Services.,133951,2,Public,3,71355,441,133951,Florida International University,21,15,0.5466,23924,0.8131269705,2,23,1
5208,Finance and Financial Management Services.,133951,3,Public,5,109647,80,133951,Florida International University,21,15,0.5466,23924,0.8131269705,2,23,1
5209,Hospitality Administration/Management.,133951,3,Public,3,56667,454,133951,Florida International University,21,15,0.5466,23924,0.8131269705,2,23,1
5209,Hospitality Administration/Management.,133951,3,Public,5,71050,78,133951,Florida International University,21,15,0.5466,23924,0.8131269705,2,23,1
5210,Human Resources Management and Services.,133951,2,Public,3,67696,107,133951,Florida International University,21,15,0.5466,23924,0.8131269705,2,23,1
5210,Human Resources Management and Services.,133951,3,Public,5,86476,141,133951,Florida International University,21,15,0.5466,23924,0.8131269705,2,23,1
5211,International Business.,133951,2,Public,3,65054,205,133951,Florida International University,21,15,0.5466,23924,0.8131269705,2,23,1
5211,International Business.,133951,3,Public,5,85495,67,133951,Florida International University,21,15,0.5466,23924,0.8131269705,2,23,1
5212,Management Information Systems and Services.,133951,1,Public,3,85737,60,133951,Florida International University,21,15,0.5466,23924,0.8131269705,2,23,1
5212,Management Information Systems and Services.,133951,1,Public,5,82442,35,133951,Florida International University,21,15,0.5466,23924,0.8131269705,2,23,1
5214,Marketing.,133951,2,Public,3,64423,343,133951,Florida International University,21,15,0.5466,23924,0.8131269705,2,23,1
5214,Marketing.,133951,3,Public,5,76368,156,133951,Florida International University,21,15,0.5466,23924,0.8131269705,2,23,1
5215,Real Estate.,133951,1,Public,5,83465,65,133951,Florida International University,21,15,0.5466,23924,0.8131269705,2,23,1
5401,History.,133951,2,Public,3,56676,56,133951,Florida International University,21,15,0.5466,23924,0.8131269705,2,23,1
2401,"Liberal Arts and Sciences, General Studies and Humanities.",133960,3,Public,2,42831,48,133960,The College of the Florida Keys,33,6,,26806,0.7445783133,1,26,1
5138,"Registered Nursing, Nursing Administration, Nursing Research and Clinical Nursing.",133960,1,Public,2,70379,36,133960,The College of the Florida Keys,33,6,,26806,0.7445783133,1,26,1
1310,Special Education and Teaching.,133979,1,"Private, nonprofit",5,82237,26,133979,Florida Memorial University,21,8,0.8526,20624,0.9066366704,2,20,1
4201,"Psychology, General.",133979,1,"Private, nonprofit",3,29042,26,133979,Florida Memorial University,21,8,0.8526,20624,0.9066366704,2,20,1
4301,Criminal Justice and Corrections.,133979,1,"Private, nonprofit",3,45656,24,133979,Florida Memorial University,21,8,0.8526,20624,0.9066366704,2,20,1
4407,Social Work.,133979,1,"Private, nonprofit",3,45821,23,133979,Florida Memorial University,21,8,0.8526,20624,0.9066366704,2,20,1
5135,Somatic Bodywork and Related Therapeutic Services.,134024,1,"Private, for-profit",1,27444,104,134024,Florida School of Massage,41,-2,,17131,0.6682692308,1,30,1
0909,"Public Relations, Advertising, and Applied Communication.",134079,1,"Private, nonprofit",3,52796,56,134079,Florida Southern College,12,14,0.6442,66112,0.4608177172,2,21,1
1107,Computer Science.,134079,1,"Private, nonprofit",3,82328,19,134079,Florida Southern College,12,14,0.6442,66112,0.4608177172,2,21,1
1303,Curriculum and Instruction.,134079,2,"Private, nonprofit",5,54810,17,134079,Florida Southern College,12,14,0.6442,66112,0.4608177172,2,21,1
1304,Educational Administration and Supervision.,134079,1,"Private, nonprofit",5,62793,30,134079,Florida Southern College,12,14,0.6442,66112,0.4608177172,2,21,1
1312,"Teacher Education and Professional Development, Specific Levels and Methods.",134079,2,"Private, nonprofit",3,49315,45,134079,Florida Southern College,12,14,0.6442,66112,0.4608177172,2,21,1
2601,"Biology, General.",134079,1,"Private, nonprofit",3,58782,30,134079,Florida Southern College,12,14,0.6442,66112,0.4608177172,2,21,1
2609,"Physiology, Pathology and Related Sciences.",134079,1,"Private, nonprofit",3,38358,16,134079,Florida Southern College,12,14,0.6442,66112,0.4608177172,2,21,1
2613,"Ecology, Evolution, Systematics, and Population Biology.",134079,1,"Private, nonprofit",3,43549,20,134079,Florida Southern College,12,14,0.6442,66112,0.4608177172,2,21,1
4201,"Psychology, General.",134079,1,"Private, nonprofit",3,53344,51,134079,Florida Southern College,12,14,0.6442,66112,0.4608177172,2,21,1
4504,Criminology.,134079,1,"Private, nonprofit",3,49829,27,134079,Florida Southern College,12,14,0.6442,66112,0.4608177172,2,21,1
4510,Political Science and Government.,134079,1,"Private, nonprofit",3,57128,21,134079,Florida Southern College,12,14,0.6442,66112,0.4608177172,2,21,1
5005,Drama/Theatre Arts and Stagecraft.,134079,1,"Private, nonprofit",3,51925,22,134079,Florida Southern College,12,14,0.6442,66112,0.4608177172,2,21,1
5138,"Registered Nursing, Nursing Administration, Nursing Research and Clinical Nursing.",134079,1,"Private, nonprofit",3,93335,84,134079,Florida Southern College,12,14,0.6442,66112,0.4608177172,2,21,1
5138,"Registered Nursing, Nursing Administration, Nursing Research and Clinical Nursing.",134079,1,"Private, nonprofit",5,115730,106,134079,Florida Southern College,12,14,0.6442,66112,0.4608177172,2,21,1
5202,"Business Administration, Management and Operations.",134079,2,"Private, nonprofit",3,65104,118,134079,Florida Southern College,12,14,0.6442,66112,0.4608177172,2,21,1
5202,"Business Administration, Management and Operations.",134079,2,"Private, nonprofit",5,96708,40,134079,Florida Southern College,12,14,0.6442,66112,0.4608177172,2,21,1
5203,Accounting and Related Services.,134079,2,"Private, nonprofit",3,72480,43,134079,Florida Southern College,12,14,0.6442,66112,0.4608177172,2,21,1
5203,Accounting and Related Services.,134079,1,"Private, nonprofit",5,76905,16,134079,Florida Southern College,12,14,0.6442,66112,0.4608177172,2,21,1
0301,Natural Resources Conservation and Research.,134097,1,Public,3,54288,188,134097,Florida State University,12,15,0.2422,43729,0.5975318884,2,20,1
0403,"City/Urban, Community, and Regional Planning.",134097,1,Public,5,78175,37,134097,Florida State University,12,15,0.2422,43729,0.5975318884,2,20,1
0501,Area Studies.,134097,1,Public,3,67110,20,134097,Florida State University,12,15,0.2422,43729,0.5975318884,2,20,1
0901,Communication and Media Studies.,134097,0,Public,4,68613,24,134097,Florida State University,12,15,0.2422,43729,0.5975318884,2,20,1
0907,"Radio, Television, and Digital Communication.",134097,1,Public,3,60876,212,134097,Florida State University,12,15,0.2422,43729,0.5975318884,2,20,1
0909,"Public Relations, Advertising, and Applied Communication.",134097,1,Public,3,65941,121,134097,Florida State University,12,15,0.2422,43729,0.5975318884,2,20,1
0909,"Public Relations, Advertising, and Applied Communication.",134097,2,Public,5,77547,51,134097,Florida State University,12,15,0.2422,43729,0.5975318884,2,20,1
1101,"Computer and Information Sciences, General.",134097,1,Public,3,93727,409,134097,Florida State University,12,15,0.2422,43729,0.5975318884,2,20,1
1101,"Computer and Information Sciences, General.",134097,2,Public,5,126240,76,134097,Florida State University,12,15,0.2422,43729,0.5975318884,2,20,1
1104,Information Science/Studies.,134097,2,Public,5,55518,129,134097,Florida State University,12,15,0.2422,43729,0.5975318884,2,20,1
1303,Curriculum and Instruction.,134097,2,Public,5,56672,72,134097,Florida State University,12,15,0.2422,43729,0.5975318884,2,20,1
1304,Educational Administration and Supervision.,134097,0,Public,1,64342,22,134097,Florida State University,12,15,0.2422,43729,0.5975318884,2,20,1
1304,Educational Administration and Supervision.,134097,0,Public,4,88020,18,134097,Florida State University,12,15,0.2422,43729,0.5975318884,2,20,1
1304,Educational Administration and Supervision.,134097,2,Public,5,66020,55,134097,Florida State University,12,15,0.2422,43729,0.5975318884,2,20,1
1304,Educational Administration and Supervision.,134097,2,Public,6,102524,36,134097,Florida State University,12,15,0.2422,43729,0.5975318884,2,20,1
1304,Educational Administration and Supervision.,134097,3,Public,8,74682,21,134097,Florida State University,12,15,0.2422,43729,0.5975318884,2,20,1
1305,Educational/Instructional Media Design.,134097,2,Public,5,77041,31,134097,Florida State University,12,15,0.2422,43729,0.5975318884,2,20,1
1310,Special Education and Teaching.,134097,1,Public,3,57573,40,134097,Florida State University,12,15,0.2422,43729,0.5975318884,2,20,1
1311,Student Counseling and Personnel Services.,134097,2,Public,5,59114,37,134097,Florida State University,12,15,0.2422,43729,0.5975318884,2,20,1
1311,Student Counseling and Personnel Services.,134097,2,Public,8,58256,37,134097,Florida State University,12,15,0.2422,43729,0.5975318884,2,20,1
1312,"Teacher Education and Professional Development, Specific Levels and Methods.",134097,1,Public,3,51863,96,134097,Florida State University,12,15,0.2422,43729,0.5975318884,2,20,1
1313,"Teacher Education and Professional Development, Specific Subject Areas.",134097,1,Public,3,57287,85,134097,Florida State University,12,15,0.2422,43729,0.5975318884,2,20,1
1313,"Teacher Education and Professional Development, Specific Subject Areas.",134097,2,Public,5,66411,48,134097,Florida State University,12,15,0.2422,43729,0.5975318884,2,20,1
1313,"Teacher Education and Professional Development, Specific Subject Areas.",134097,1,Public,6,70860,24,134097,Florida State University,12,15,0.2422,43729,0.5975318884,2,20,1
1407,Chemical Engineering.,134097,1,Public,3,90815,84,134097,Florida State University,12,15,0.2422,43729,0.5975318884,2,20,1
1408,Civil Engineering.,134097,1,Public,3,84340,103,134097,Florida State University,12,15,0.2422,43729,0.5975318884,2,20,1
1409,Computer Engineering.,134097,1,Public,3,114802,22,134097,Florida State University,12,15,0.2422,43729,0.5975318884,2,20,1
1410,"Electrical, Electronics, and Communications Engineering.",134097,1,Public,3,93740,45,134097,Florida State University,12,15,0.2422,43729,0.5975318884,2,20,1
1419,Mechanical Engineering.,134097,1,Public,3,89622,129,134097,Florida State University,12,15,0.2422,43729,0.5975318884,2,20,1
1419,Mechanical Engineering.,134097,1,Public,5,113967,18,134097,Florida State University,12,15,0.2422,43729,0.5975318884,2,20,1
1435,Industrial Engineering.,134097,1,Public,3,96504,33,134097,Florida State University,12,15,0.2422,43729,0.5975318884,2,20,1
1603,"East Asian Languages, Literatures, and Linguistics.",134097,1,Public,3,44502,16,134097,Florida State University,12,15,0.2422,43729,0.5975318884,2,20,1
1609,"Romance Languages, Literatures, and Linguistics.",134097,1,Public,3,51157,50,134097,Florida State University,12,15,0.2422,43729,0.5975318884,2,20,1
1612,"Classics and Classical Languages, Literatures, and Linguistics.",134097,1,Public,3,50542,23,134097,Florida State University,12,15,0.2422,43729,0.5975318884,2,20,1
1907,"Human Development, Family Studies, and Related Services.",134097,1,Public,3,62663,185,134097,Florida State University,12,15,0.2422,43729,0.5975318884,2,20,1
1909,Apparel and Textiles.,134097,1,Public,3,64807,182,134097,Florida State University,12,15,0.2422,43729,0.5975318884,2,20,1
2201,Law.,134097,1,Public,7,98060,294,134097,Florida State University,12,15,0.2422,43729,0.5975318884,2,20,1
2202,Legal Research and Advanced Professional Studies.,134097,0,Public,4,143942,20,134097,Florida State University,12,15,0.2422,43729,0.5975318884,2,20,1
2202,Legal Research and Advanced Professional Studies.,134097,2,Public,5,100339,17,134097,Florida State University,12,15,0.2422,43729,0.5975318884,2,20,1
2301,"English Language and Literature, General.",134097,1,Public,3,52602,468,134097,Florida State University,12,15,0.2422,43729,0.5975318884,2,20,1
2301,"English Language and Literature, General.",134097,1,Public,6,60363,23,134097,Florida State University,12,15,0.2422,43729,0.5975318884,2,20,1
2401,"Liberal Arts and Sciences, General Studies and Humanities.",134097,0,Public,1,58691,38,134097,Florida State University,12,15,0.2422,43729,0.5975318884,2,20,1
2401,"Liberal Arts and Sciences, General Studies and Humanities.",134097,1,Public,3,51587,107,134097,Florida State University,12,15,0.2422,43729,0.5975318884,2,20,1
2501,Library Science and Administration.,134097,0,Public,4,57780,27,134097,Florida State University,12,15,0.2422,43729,0.5975318884,2,20,1
2601,"Biology, General.",134097,1,Public,3,51256,195,134097,Florida State University,12,15,0.2422,43729,0.5975318884,2,20,1
2602,"Biochemistry, Biophysics and Molecular Biology.",134097,1,Public,3,69875,41,134097,Florida State University,12,15,0.2422,43729,0.5975318884,2,20,1
2609,"Physiology, Pathology and Related Sciences.",134097,1,Public,3,61342,137,134097,Florida State University,12,15,0.2422,43729,0.5975318884,2,20,1
2609,"Physiology, Pathology and Related Sciences.",134097,1,Public,5,78502,24,134097,Florida State University,12,15,0.2422,43729,0.5975318884,2,20,1
2701,Mathematics.,134097,1,Public,3,68131,52,134097,Florida State University,12,15,0.2422,43729,0.5975318884,2,20,1
2705,Statistics.,134097,0,Public,1,87034,51,134097,Florida State University,12,15,0.2422,43729,0.5975318884,2,20,1
2705,Statistics.,134097,1,Public,3,77605,54,134097,Florida State University,12,15,0.2422,43729,0.5975318884,2,20,1
3023,Intercultural/Multicultural and Diversity Studies.,134097,0,Public,1,67798,18,134097,Florida State University,12,15,0.2422,43729,0.5975318884,2,20,1
3103,"Parks, Recreation, and Leisure Facilities Management.",134097,1,Public,3,48260,25,134097,Florida State University,12,15,0.2422,43729,0.5975318884,2,20,1
3105,"Sports, Kinesiology, and Physical Education/Fitness.",134097,1,Public,3,60909,138,134097,Florida State University,12,15,0.2422,43729,0.5975318884,2,20,1
3105,"Sports, Kinesiology, and Physical Education/Fitness.",134097,1,Public,5,60832,54,134097,Florida State University,12,15,0.2422,43729,0.5975318884,2,20,1
3801,Philosophy.,134097,1,Public,3,47153,42,134097,Florida State University,12,15,0.2422,43729,0.5975318884,2,20,1
4004,Atmospheric Sciences and Meteorology.,134097,1,Public,3,66943,20,134097,Florida State University,12,15,0.2422,43729,0.5975318884,2,20,1
4005,Chemistry.,134097,1,Public,3,66724,32,134097,Florida State University,12,15,0.2422,43729,0.5975318884,2,20,1
4005,Chemistry.,134097,1,Public,5,94513,20,134097,Florida State University,12,15,0.2422,43729,0.5975318884,2,20,1
4005,Chemistry.,134097,1,Public,6,94387,21,134097,Florida State University,12,15,0.2422,43729,0.5975318884,2,20,1
4006,Geological and Earth Sciences/Geosciences.,134097,1,Public,3,66157,18,134097,Florida State University,12,15,0.2422,43729,0.5975318884,2,20,1
4201,"Psychology, General.",134097,1,Public,3,54728,666,134097,Florida State University,12,15,0.2422,43729,0.5975318884,2,20,1
4201,"Psychology, General.",134097,1,Public,5,69669,34,134097,Florida State University,12,15,0.2422,43729,0.5975318884,2,20,1
4201,"Psychology, General.",134097,1,Public,6,99239,24,134097,Florida State University,12,15,0.2422,43729,0.5975318884,2,20,1
4228,"Clinical, Counseling and Applied Psychology.",134097,0,Public,4,76728,17,134097,Florida State University,12,15,0.2422,43729,0.5975318884,2,20,1
4301,Criminal Justice and Corrections.,134097,1,Public,3,57417,593,134097,Florida State University,12,15,0.2422,43729,0.5975318884,2,20,1
4301,Criminal Justice and Corrections.,134097,2,Public,5,72705,85,134097,Florida State University,12,15,0.2422,43729,0.5975318884,2,20,1
4304,Security Science and Technology.,134097,1,Public,3,93841,49,134097,Florida State University,12,15,0.2422,43729,0.5975318884,2,20,1
4399,"Homeland Security, Law Enforcement, Firefighting and Related Protective Services, Other.",134097,0,Public,1,62145,25,134097,Florida State University,12,15,0.2422,43729,0.5975318884,2,20,1
4404,Public Administration.,134097,0,Public,1,67522,160,134097,Florida State University,12,15,0.2422,43729,0.5975318884,2,20,1
4404,Public Administration.,134097,0,Public,4,72105,18,134097,Florida State University,12,15,0.2422,43729,0.5975318884,2,20,1
4404,Public Administration.,134097,2,Public,5,79921,46,134097,Florida State University,12,15,0.2422,43729,0.5975318884,2,20,1
4407,Social Work.,134097,1,Public,3,50723,114,134097,Florida State University,12,15,0.2422,43729,0.5975318884,2,20,1
4407,Social Work.,134097,0,Public,4,57835,27,134097,Florida State University,12,15,0.2422,43729,0.5975318884,2,20,1
4407,Social Work.,134097,0,Public,5,60003,76,134097,Florida State University,12,15,0.2422,43729,0.5975318884,2,20,1
4501,"Social Sciences, General.",134097,1,Public,3,58460,327,134097,Florida State University,12,15,0.2422,43729,0.5975318884,2,20,1
4502,Anthropology.,134097,1,Public,3,42791,40,134097,Florida State University,12,15,0.2422,43729,0.5975318884,2,20,1
4506,Economics.,134097,1,Public,3,73527,332,134097,Florida State University,12,15,0.2422,43729,0.5975318884,2,20,1
4506,Economics.,134097,1,Public,5,101636,38,134097,Florida State University,12,15,0.2422,43729,0.5975318884,2,20,1
4507,Geography and Cartography.,134097,1,Public,3,52537,32,134097,Florida State University,12,15,0.2422,43729,0.5975318884,2,20,1
4507,Geography and Cartography.,134097,1,Public,5,69641,35,134097,Florida State University,12,15,0.2422,43729,0.5975318884,2,20,1
4509,International Relations and National Security Studies.,134097,1,Public,3,63984,361,134097,Florida State University,12,15,0.2422,43729,0.5975318884,2,20,1
4509,International Relations and National Security Studies.,134097,1,Public,5,71829,33,134097,Florida State University,12,15,0.2422,43729,0.5975318884,2,20,1
4510,Political Science and Government.,134097,1,Public,3,68059,390,134097,Florida State University,12,15,0.2422,43729,0.5975318884,2,20,1
4510,Political Science and Government.,134097,1,Public,5,76608,33,134097,Florida State University,12,15,0.2422,43729,0.5975318884,2,20,1
4511,Sociology.,134097,1,Public,3,50612,240,134097,Florida State University,12,15,0.2422,43729,0.5975318884,2,20,1
5003,Dance.,134097,1,Public,3,40892,22,134097,Florida State University,12,15,0.2422,43729,0.5975318884,2,20,1
5004,Design and Applied Arts.,134097,1,Public,3,73888,46,134097,Florida State University,12,15,0.2422,43729,0.5975318884,2,20,1
5005,Drama/Theatre Arts and Stagecraft.,134097,1,Public,3,44115,76,134097,Florida State University,12,15,0.2422,43729,0.5975318884,2,20,1
5005,Drama/Theatre Arts and Stagecraft.,134097,1,Public,5,58724,40,134097,Florida State University,12,15,0.2422,43729,0.5975318884,2,20,1
5006,Film/Video and Photographic Arts.,134097,1,Public,3,46180,31,134097,Florida State University,12,15,0.2422,43729,0.5975318884,2,20,1
5006,Film/Video and Photographic Arts.,134097,1,Public,5,44277,28,134097,Florida State University,12,15,0.2422,43729,0.5975318884,2,20,1
5007,Fine and Studio Arts.,134097,1,Public,3,41067,151,134097,Florida State University,12,15,0.2422,43729,0.5975318884,2,20,1
5007,Fine and Studio Arts.,134097,1,Public,5,44914,27,134097,Florida State University,12,15,0.2422,43729,0.5975318884,2,20,1
5009,Music.,134097,1,Public,3,44454,75,134097,Florida State University,12,15,0.2422,43729,0.5975318884,2,20,1
5009,Music.,134097,1,Public,5,50069,45,134097,Florida State University,12,15,0.2422,43729,0.5975318884,2,20,1
5009,Music.,134097,1,Public,6,60076,38,134097,Florida State University,12,15,0.2422,43729,0.5975318884,2,20,1
5102,Communication Disorders Sciences and Services.,134097,0,Public,1,61573,55,134097,Florida State University,12,15,0.2422,43729,0.5975318884,2,20,1
5102,Communication Disorders Sciences and Services.,134097,1,Public,3,67180,83,134097,Florida State University,12,15,0.2422,43729,0.5975318884,2,20,1
5102,Communication Disorders Sciences and Services.,134097,2,Public,5,59811,75,134097,Florida State University,12,15,0.2422,43729,0.5975318884,2,20,1
5109,"Allied Health Diagnostic, Intervention, and Treatment Professions.",134097,1,Public,3,57647,20,134097,Florida State University,12,15,0.2422,43729,0.5975318884,2,20,1
5112,Medicine.,134097,1,Public,7,113355,183,134097,Florida State University,12,15,0.2422,43729,0.5975318884,2,20,1
5115,Mental and Social Health Services and Allied Professions.,134097,2,Public,5,61024,264,134097,Florida State University,12,15,0.2422,43729,0.5975318884,2,20,1
5122,Public Health.,134097,1,Public,5,71264,44,134097,Florida State University,12,15,0.2422,43729,0.5975318884,2,20,1
5123,Rehabilitation and Therapeutic Professions.,134097,1,Public,5,50364,32,134097,Florida State University,12,15,0.2422,43729,0.5975318884,2,20,1
5131,Dietetics and Clinical Nutrition Services.,134097,1,Public,3,60380,45,134097,Florida State University,12,15,0.2422,43729,0.5975318884,2,20,1
5138,"Registered Nursing, Nursing Administration, Nursing Research and Clinical Nursing.",134097,1,Public,3,78811,104,134097,Florida State University,12,15,0.2422,43729,0.5975318884,2,20,1
5138,"Registered Nursing, Nursing Administration, Nursing Research and Clinical Nursing.",134097,1,Public,5,162329,48,134097,Florida State University,12,15,0.2422,43729,0.5975318884,2,20,1
5138,"Registered Nursing, Nursing Administration, Nursing Research and Clinical Nursing.",134097,0,Public,6,117560,36,134097,Florida State University,12,15,0.2422,43729,0.5975318884,2,20,1
5201,"Business/Commerce, General.",134097,1,Public,3,74716,56,134097,Florida State University,12,15,0.2422,43729,0.5975318884,2,20,1
5201,"Business/Commerce, General.",134097,2,Public,5,107889,164,134097,Florida State University,12,15,0.2422,43729,0.5975318884,2,20,1
5202,"Business Administration, Management and Operations.",134097,1,Public,3,77320,245,134097,Florida State University,12,15,0.2422,43729,0.5975318884,2,20,1
5203,Accounting and Related Services.,134097,1,Public,3,91056,223,134097,Florida State University,12,15,0.2422,43729,0.5975318884,2,20,1
5203,Accounting and Related Services.,134097,0,Public,5,112611,102,134097,Florida State University,12,15,0.2422,43729,0.5975318884,2,20,1
5207,Entrepreneurial and Small Business Operations.,134097,1,Public,3,58824,23,134097,Florida State University,12,15,0.2422,43729,0.5975318884,2,20,1
5208,Finance and Financial Management Services.,134097,1,Public,3,87089,585,134097,Florida State University,12,15,0.2422,43729,0.5975318884,2,20,1
5208,Finance and Financial Management Services.,134097,1,Public,5,101223,34,134097,Florida State University,12,15,0.2422,43729,0.5975318884,2,20,1
5209,Hospitality Administration/Management.,134097,1,Public,3,62673,192,134097,Florida State University,12,15,0.2422,43729,0.5975318884,2,20,1
5212,Management Information Systems and Services.,134097,1,Public,3,103648,108,134097,Florida State University,12,15,0.2422,43729,0.5975318884,2,20,1
5212,Management Information Systems and Services.,134097,3,Public,5,107903,20,134097,Florida State University,12,15,0.2422,43729,0.5975318884,2,20,1
5213,Management Sciences and Quantitative Methods.,134097,1,Public,3,94887,72,134097,Florida State University,12,15,0.2422,43729,0.5975318884,2,20,1
5214,Marketing.,134097,1,Public,3,84981,486,134097,Florida State University,12,15,0.2422,43729,0.5975318884,2,20,1
5215,Real Estate.,134097,1,Public,3,80900,133,134097,Florida State University,12,15,0.2422,43729,0.5975318884,2,20,1
5217,Insurance.,134097,1,Public,3,92064,127,134097,Florida State University,12,15,0.2422,43729,0.5975318884,2,20,1
5217,Insurance.,134097,3,Public,5,126052,28,134097,Florida State University,12,15,0.2422,43729,0.5975318884,2,20,1
5401,History.,134097,1,Public,3,56834,82,134097,Florida State University,12,15,0.2422,43729,0.5975318884,2,20,1
0101,Agricultural Business and Management.,134130,1,Public,3,70862,137,134130,University of Florida,12,16,0.242,39127,0.6673828964,2,21,1
0109,Animal Sciences.,134130,1,Public,3,47724,86,134130,University of Florida,12,16,0.242,39127,0.6673828964,2,21,1
0110,Food Science and Technology.,134130,1,Public,3,64078,19,134130,University of Florida,12,16,0.242,39127,0.6673828964,2,21,1
0111,Plant Sciences.,134130,1,Public,3,53270,52,134130,University of Florida,12,16,0.242,39127,0.6673828964,2,21,1
0111,Plant Sciences.,134130,1,Public,5,92076,19,134130,University of Florida,12,16,0.242,39127,0.6673828964,2,21,1
0112,Soil Sciences.,134130,3,Public,5,63555,20,134130,University of Florida,12,16,0.242,39127,0.6673828964,2,21,1
0180,Veterinary Medicine.,134130,1,Public,7,124305,193,134130,University of Florida,12,16,0.242,39127,0.6673828964,2,21,1
0181,Veterinary Biomedical and Clinical Sciences.,134130,3,Public,5,77959,55,134130,University of Florida,12,16,0.242,39127,0.6673828964,2,21,1
0181,Veterinary Biomedical and Clinical Sciences.,134130,2,Public,8,81979,21,134130,University of Florida,12,16,0.242,39127,0.6673828964,2,21,1
0301,Natural Resources Conservation and Research.,134130,1,Public,3,62683,29,134130,University of Florida,12,16,0.242,39127,0.6673828964,2,21,1
0303,Fishing and Fisheries Sciences and Management.,134130,3,Public,5,67836,27,134130,University of Florida,12,16,0.242,39127,0.6673828964,2,21,1
0305,Forestry.,134130,1,Public,3,48755,68,134130,University of Florida,12,16,0.242,39127,0.6673828964,2,21,1
0305,Forestry.,134130,3,Public,5,72807,36,134130,University of Florida,12,16,0.242,39127,0.6673828964,2,21,1
0306,Wildlife and Wildlands Science and Management.,134130,1,Public,3,40434,54,134130,University of Florida,12,16,0.242,39127,0.6673828964,2,21,1
0402,Architecture.,134130,1,Public,3,67399,86,134130,University of Florida,12,16,0.242,39127,0.6673828964,2,21,1
0402,Architecture.,134130,3,Public,5,88820,56,134130,University of Florida,12,16,0.242,39127,0.6673828964,2,21,1
0403,"City/Urban, Community, and Regional Planning.",134130,3,Public,5,84226,37,134130,University of Florida,12,16,0.242,39127,0.6673828964,2,21,1
0502,"Ethnic, Cultural Minority, Gender, and Group Studies.",134130,1,Public,3,51791,53,134130,University of Florida,12,16,0.242,39127,0.6673828964,2,21,1
0901,Communication and Media Studies.,134130,3,Public,5,86823,98,134130,University of Florida,12,16,0.242,39127,0.6673828964,2,21,1
0901,Communication and Media Studies.,134130,2,Public,8,110796,18,134130,University of Florida,12,16,0.242,39127,0.6673828964,2,21,1
0904,Journalism.,134130,3,Public,3,58150,101,134130,University of Florida,12,16,0.242,39127,0.6673828964,2,21,1
0907,"Radio, Television, and Digital Communication.",134130,3,Public,3,62227,255,134130,University of Florida,12,16,0.242,39127,0.6673828964,2,21,1
0909,"Public Relations, Advertising, and Applied Communication.",134130,3,Public,3,69600,407,134130,University of Florida,12,16,0.242,39127,0.6673828964,2,21,1
1101,"Computer and Information Sciences, General.",134130,3,Public,3,126268,201,134130,University of Florida,12,16,0.242,39127,0.6673828964,2,21,1
1105,Computer Systems Analysis.,134130,1,Public,5,116725,84,134130,University of Florida,12,16,0.242,39127,0.6673828964,2,21,1
1303,Curriculum and Instruction.,134130,3,Public,5,66003,37,134130,University of Florida,12,16,0.242,39127,0.6673828964,2,21,1
1303,Curriculum and Instruction.,134130,1,Public,6,91306,42,134130,University of Florida,12,16,0.242,39127,0.6673828964,2,21,1
1304,Educational Administration and Supervision.,134130,3,Public,5,78070,19,134130,University of Florida,12,16,0.242,39127,0.6673828964,2,21,1
1304,Educational Administration and Supervision.,134130,3,Public,6,86490,23,134130,University of Florida,12,16,0.242,39127,0.6673828964,2,21,1
1310,Special Education and Teaching.,134130,3,Public,5,51700,47,134130,University of Florida,12,16,0.242,39127,0.6673828964,2,21,1
1311,Student Counseling and Personnel Services.,134130,1,Public,5,60270,40,134130,University of Florida,12,16,0.242,39127,0.6673828964,2,21,1
1312,"Teacher Education and Professional Development, Specific Levels and Methods.",134130,1,Public,3,53079,81,134130,University of Florida,12,16,0.242,39127,0.6673828964,2,21,1
1312,"Teacher Education and Professional Development, Specific Levels and Methods.",134130,1,Public,5,55853,91,134130,University of Florida,12,16,0.242,39127,0.6673828964,2,21,1
1313,"Teacher Education and Professional Development, Specific Subject Areas.",134130,1,Public,3,55284,83,134130,University of Florida,12,16,0.242,39127,0.6673828964,2,21,1
1313,"Teacher Education and Professional Development, Specific Subject Areas.",134130,1,Public,5,62447,158,134130,University of Florida,12,16,0.242,39127,0.6673828964,2,21,1
1402,"Aerospace, Aeronautical, and Astronautical/Space Engineering.",134130,1,Public,3,94375,76,134130,University of Florida,12,16,0.242,39127,0.6673828964,2,21,1
1402,"Aerospace, Aeronautical, and Astronautical/Space Engineering.",134130,3,Public,5,108542,23,134130,University of Florida,12,16,0.242,39127,0.6673828964,2,21,1
1405,Biomedical/Medical Engineering.,134130,1,Public,3,88078,40,134130,University of Florida,12,16,0.242,39127,0.6673828964,2,21,1
1405,Biomedical/Medical Engineering.,134130,1,Public,5,78751,17,134130,University of Florida,12,16,0.242,39127,0.6673828964,2,21,1
1407,Chemical Engineering.,134130,1,Public,3,109607,114,134130,University of Florida,12,16,0.242,39127,0.6673828964,2,21,1
1408,Civil Engineering.,134130,1,Public,3,86453,141,134130,University of Florida,12,16,0.242,39127,0.6673828964,2,21,1
1408,Civil Engineering.,134130,3,Public,5,91116,41,134130,University of Florida,12,16,0.242,39127,0.6673828964,2,21,1
1409,Computer Engineering.,134130,1,Public,3,128140,95,134130,University of Florida,12,16,0.242,39127,0.6673828964,2,21,1
1410,"Electrical, Electronics, and Communications Engineering.",134130,1,Public,3,107543,128,134130,University of Florida,12,16,0.242,39127,0.6673828964,2,21,1
1410,"Electrical, Electronics, and Communications Engineering.",134130,3,Public,5,121478,42,134130,University of Florida,12,16,0.242,39127,0.6673828964,2,21,1
1414,Environmental/Environmental Health Engineering.,134130,1,Public,3,80635,38,134130,University of Florida,12,16,0.242,39127,0.6673828964,2,21,1
1414,Environmental/Environmental Health Engineering.,134130,3,Public,5,103569,34,134130,University of Florida,12,16,0.242,39127,0.6673828964,2,21,1
1418,Materials Engineering.,134130,1,Public,3,87779,28,134130,University of Florida,12,16,0.242,39127,0.6673828964,2,21,1
1418,Materials Engineering.,134130,1,Public,5,113416,22,134130,University of Florida,12,16,0.242,39127,0.6673828964,2,21,1
1418,Materials Engineering.,134130,1,Public,6,128018,19,134130,University of Florida,12,16,0.242,39127,0.6673828964,2,21,1
1419,Mechanical Engineering.,134130,1,Public,3,97113,287,134130,University of Florida,12,16,0.242,39127,0.6673828964,2,21,1
1419,Mechanical Engineering.,134130,3,Public,5,109893,58,134130,University of Florida,12,16,0.242,39127,0.6673828964,2,21,1
1419,Mechanical Engineering.,134130,1,Public,6,106068,21,134130,University of Florida,12,16,0.242,39127,0.6673828964,2,21,1
1427,Systems Engineering.,134130,1,Public,3,122299,103,134130,University of Florida,12,16,0.242,39127,0.6673828964,2,21,1
1427,Systems Engineering.,134130,3,Public,5,137191,50,134130,University of Florida,12,16,0.242,39127,0.6673828964,2,21,1
1445,Biological/Biosystems Engineering.,134130,1,Public,3,89799,20,134130,University of Florida,12,16,0.242,39127,0.6673828964,2,21,1
1510,Construction Engineering Technology/Technician.,134130,1,Public,3,109139,74,134130,University of Florida,12,16,0.242,39127,0.6673828964,2,21,1
1511,Engineering-Related Technologies/Technicians.,134130,1,Public,3,78933,23,134130,University of Florida,12,16,0.242,39127,0.6673828964,2,21,1
1601,"Linguistic, Comparative, and Related Language Studies and Services.",134130,1,Public,3,48198,61,134130,University of Florida,12,16,0.242,39127,0.6673828964,2,21,1
1609,"Romance Languages, Literatures, and Linguistics.",134130,1,Public,3,65765,33,134130,University of Florida,12,16,0.242,39127,0.6673828964,2,21,1
1907,"Human Development, Family Studies, and Related Services.",134130,1,Public,3,51497,95,134130,University of Florida,12,16,0.242,39127,0.6673828964,2,21,1
1907,"Human Development, Family Studies, and Related Services.",134130,3,Public,5,59496,19,134130,University of Florida,12,16,0.242,39127,0.6673828964,2,21,1
2201,Law.,134130,1,Public,7,114496,536,134130,University of Florida,12,16,0.242,39127,0.6673828964,2,21,1
2202,Legal Research and Advanced Professional Studies.,134130,1,Public,5,142291,72,134130,University of Florida,12,16,0.242,39127,0.6673828964,2,21,1
2301,"English Language and Literature, General.",134130,1,Public,3,49046,157,134130,University of Florida,12,16,0.242,39127,0.6673828964,2,21,1
2301,"English Language and Literature, General.",134130,1,Public,6,69667,17,134130,University of Florida,12,16,0.242,39127,0.6673828964,2,21,1
2601,"Biology, General.",134130,3,Public,3,53645,198,134130,University of Florida,12,16,0.242,39127,0.6673828964,2,21,1
2605,Microbiological Sciences and Immunology.,134130,3,Public,3,64285,81,134130,University of Florida,12,16,0.242,39127,0.6673828964,2,21,1
2605,Microbiological Sciences and Immunology.,134130,3,Public,5,79163,79,134130,University of Florida,12,16,0.242,39127,0.6673828964,2,21,1
2607,Zoology/Animal Biology.,134130,1,Public,3,41961,25,134130,University of Florida,12,16,0.242,39127,0.6673828964,2,21,1
2607,Zoology/Animal Biology.,134130,1,Public,5,73457,16,134130,University of Florida,12,16,0.242,39127,0.6673828964,2,21,1
2607,Zoology/Animal Biology.,134130,1,Public,6,94713,20,134130,University of Florida,12,16,0.242,39127,0.6673828964,2,21,1
2609,"Physiology, Pathology and Related Sciences.",134130,1,Public,3,73679,124,134130,University of Florida,12,16,0.242,39127,0.6673828964,2,21,1
2609,"Physiology, Pathology and Related Sciences.",134130,3,Public,5,60313,29,134130,University of Florida,12,16,0.242,39127,0.6673828964,2,21,1
2699,"Biological and Biomedical Sciences, Other.",134130,3,Public,5,80756,19,134130,University of Florida,12,16,0.242,39127,0.6673828964,2,21,1
2699,"Biological and Biomedical Sciences, Other.",134130,1,Public,6,108414,34,134130,University of Florida,12,16,0.242,39127,0.6673828964,2,21,1
2699,"Biological and Biomedical Sciences, Other.",134130,2,Public,8,64263,23,134130,University of Florida,12,16,0.242,39127,0.6673828964,2,21,1
2701,Mathematics.,134130,1,Public,3,93022,59,134130,University of Florida,12,16,0.242,39127,0.6673828964,2,21,1
2705,Statistics.,134130,1,Public,3,98409,32,134130,University of Florida,12,16,0.242,39127,0.6673828964,2,21,1
3020,International/Globalization Studies.,134130,1,Public,3,59432,71,134130,University of Florida,12,16,0.242,39127,0.6673828964,2,21,1
3033,Sustainability Studies.,134130,1,Public,3,61281,55,134130,University of Florida,12,16,0.242,39127,0.6673828964,2,21,1
3099,"Multi/Interdisciplinary Studies, Other.",134130,3,Public,3,50633,42,134130,University of Florida,12,16,0.242,39127,0.6673828964,2,21,1
3103,"Parks, Recreation, and Leisure Facilities Management.",134130,3,Public,3,64497,64,134130,University of Florida,12,16,0.242,39127,0.6673828964,2,21,1
3105,"Sports, Kinesiology, and Physical Education/Fitness.",134130,3,Public,3,60497,133,134130,University of Florida,12,16,0.242,39127,0.6673828964,2,21,1
3105,"Sports, Kinesiology, and Physical Education/Fitness.",134130,3,Public,5,68986,80,134130,University of Florida,12,16,0.242,39127,0.6673828964,2,21,1
3801,Philosophy.,134130,1,Public,3,52656,44,134130,University of Florida,12,16,0.242,39127,0.6673828964,2,21,1
4005,Chemistry.,134130,1,Public,3,56179,42,134130,University of Florida,12,16,0.242,39127,0.6673828964,2,21,1
4005,Chemistry.,134130,1,Public,6,100761,30,134130,University of Florida,12,16,0.242,39127,0.6673828964,2,21,1
4006,Geological and Earth Sciences/Geosciences.,134130,3,Public,3,69943,27,134130,University of Florida,12,16,0.242,39127,0.6673828964,2,21,1
4008,Physics.,134130,1,Public,3,68682,22,134130,University of Florida,12,16,0.242,39127,0.6673828964,2,21,1
4201,"Psychology, General.",134130,3,Public,3,57053,323,134130,University of Florida,12,16,0.242,39127,0.6673828964,2,21,1
4201,"Psychology, General.",134130,1,Public,6,103154,35,134130,University of Florida,12,16,0.242,39127,0.6673828964,2,21,1
4228,"Clinical, Counseling and Applied Psychology.",134130,1,Public,6,97680,18,134130,University of Florida,12,16,0.242,39127,0.6673828964,2,21,1
4302,Fire Protection.,134130,3,Public,3,97839,30,134130,University of Florida,12,16,0.242,39127,0.6673828964,2,21,1
4502,Anthropology.,134130,3,Public,3,47348,140,134130,University of Florida,12,16,0.242,39127,0.6673828964,2,21,1
4502,Anthropology.,134130,1,Public,6,72423,17,134130,University of Florida,12,16,0.242,39127,0.6673828964,2,21,1
4504,Criminology.,134130,3,Public,3,57953,216,134130,University of Florida,12,16,0.242,39127,0.6673828964,2,21,1
4506,Economics.,134130,1,Public,3,89075,197,134130,University of Florida,12,16,0.242,39127,0.6673828964,2,21,1
4507,Geography and Cartography.,134130,1,Public,3,67276,34,134130,University of Florida,12,16,0.242,39127,0.6673828964,2,21,1
4510,Political Science and Government.,134130,1,Public,3,70434,283,134130,University of Florida,12,16,0.242,39127,0.6673828964,2,21,1
4510,Political Science and Government.,134130,1,Public,5,86694,18,134130,University of Florida,12,16,0.242,39127,0.6673828964,2,21,1
4511,Sociology.,134130,3,Public,3,51039,174,134130,University of Florida,12,16,0.242,39127,0.6673828964,2,21,1
5001,"Visual and Performing Arts, General.",134130,3,Public,3,47546,55,134130,University of Florida,12,16,0.242,39127,0.6673828964,2,21,1
5003,Dance.,134130,1,Public,3,42624,22,134130,University of Florida,12,16,0.242,39127,0.6673828964,2,21,1
5004,Design and Applied Arts.,134130,1,Public,3,65656,50,134130,University of Florida,12,16,0.242,39127,0.6673828964,2,21,1
5005,Drama/Theatre Arts and Stagecraft.,134130,1,Public,3,41707,55,134130,University of Florida,12,16,0.242,39127,0.6673828964,2,21,1
5007,Fine and Studio Arts.,134130,1,Public,3,39332,83,134130,University of Florida,12,16,0.242,39127,0.6673828964,2,21,1
5009,Music.,134130,1,Public,3,61446,28,134130,University of Florida,12,16,0.242,39127,0.6673828964,2,21,1
5009,Music.,134130,1,Public,5,59913,21,134130,University of Florida,12,16,0.242,39127,0.6673828964,2,21,1
5100,"Health Services/Allied Health/Health Sciences, General.",134130,1,Public,3,74152,120,134130,University of Florida,12,16,0.242,39127,0.6673828964,2,21,1
5102,Communication Disorders Sciences and Services.,134130,3,Public,3,65370,70,134130,University of Florida,12,16,0.242,39127,0.6673828964,2,21,1
5102,Communication Disorders Sciences and Services.,134130,1,Public,5,71170,41,134130,University of Florida,12,16,0.242,39127,0.6673828964,2,21,1
5102,Communication Disorders Sciences and Services.,134130,1,Public,6,87909,18,134130,University of Florida,12,16,0.242,39127,0.6673828964,2,21,1
5104,Dentistry.,134130,1,Public,7,176959,159,134130,University of Florida,12,16,0.242,39127,0.6673828964,2,21,1
5105,Advanced/Graduate Dentistry and Oral Sciences.,134130,1,Public,5,207455,22,134130,University of Florida,12,16,0.242,39127,0.6673828964,2,21,1
5107,Health and Medical Administrative Services.,134130,1,Public,5,107445,31,134130,University of Florida,12,16,0.242,39127,0.6673828964,2,21,1
5109,"Allied Health Diagnostic, Intervention, and Treatment Professions.",134130,1,Public,5,128417,56,134130,University of Florida,12,16,0.242,39127,0.6673828964,2,21,1
5109,"Allied Health Diagnostic, Intervention, and Treatment Professions.",134130,1,Public,7,130026,50,134130,University of Florida,12,16,0.242,39127,0.6673828964,2,21,1
5112,Medicine.,134130,1,Public,7,104811,242,134130,University of Florida,12,16,0.242,39127,0.6673828964,2,21,1
5115,Mental and Social Health Services and Allied Professions.,134130,1,Public,5,59616,39,134130,University of Florida,12,16,0.242,39127,0.6673828964,2,21,1
5120,"Pharmacy, Pharmaceutical Sciences, and Administration.",134130,3,Public,5,86586,209,134130,University of Florida,12,16,0.242,39127,0.6673828964,2,21,1
5120,"Pharmacy, Pharmaceutical Sciences, and Administration.",134130,3,Public,7,138188,527,134130,University of Florida,12,16,0.242,39127,0.6673828964,2,21,1
5120,"Pharmacy, Pharmaceutical Sciences, and Administration.",134130,2,Public,8,77764,25,134130,University of Florida,12,16,0.242,39127,0.6673828964,2,21,1
5122,Public Health.,134130,1,Public,3,68605,219,134130,University of Florida,12,16,0.242,39127,0.6673828964,2,21,1
5122,Public Health.,134130,3,Public,5,80455,109,134130,University of Florida,12,16,0.242,39127,0.6673828964,2,21,1
5123,Rehabilitation and Therapeutic Professions.,134130,1,Public,5,80318,64,134130,University of Florida,12,16,0.242,39127,0.6673828964,2,21,1
5123,Rehabilitation and Therapeutic Professions.,134130,1,Public,6,85608,68,134130,University of Florida,12,16,0.242,39127,0.6673828964,2,21,1
5123,Rehabilitation and Therapeutic Professions.,134130,1,Public,7,79729,56,134130,University of Florida,12,16,0.242,39127,0.6673828964,2,21,1
5131,Dietetics and Clinical Nutrition Services.,134130,1,Public,3,62145,19,134130,University of Florida,12,16,0.242,39127,0.6673828964,2,21,1
5138,"Registered Nursing, Nursing Administration, Nursing Research and Clinical Nursing.",134130,3,Public,3,79839,266,134130,University of Florida,12,16,0.242,39127,0.6673828964,2,21,1
5138,"Registered Nursing, Nursing Administration, Nursing Research and Clinical Nursing.",134130,1,Public,6,120248,77,134130,University of Florida,12,16,0.242,39127,0.6673828964,2,21,1
5138,"Registered Nursing, Nursing Administration, Nursing Research and Clinical Nursing.",134130,3,Public,7,136765,47,134130,University of Florida,12,16,0.242,39127,0.6673828964,2,21,1
5202,"Business Administration, Management and Operations.",134130,3,Public,3,82615,422,134130,University of Florida,12,16,0.242,39127,0.6673828964,2,21,1
5202,"Business Administration, Management and Operations.",134130,3,Public,5,137404,799,134130,University of Florida,12,16,0.242,39127,0.6673828964,2,21,1
5202,"Business Administration, Management and Operations.",134130,1,Public,6,196541,18,134130,University of Florida,12,16,0.242,39127,0.6673828964,2,21,1
5203,Accounting and Related Services.,134130,1,Public,3,94941,59,134130,University of Florida,12,16,0.242,39127,0.6673828964,2,21,1
5203,Accounting and Related Services.,134130,1,Public,5,107577,95,134130,University of Florida,12,16,0.242,39127,0.6673828964,2,21,1
5207,Entrepreneurial and Small Business Operations.,134130,1,Public,5,73019,22,134130,University of Florida,12,16,0.242,39127,0.6673828964,2,21,1
5208,Finance and Financial Management Services.,134130,1,Public,3,106153,233,134130,University of Florida,12,16,0.242,39127,0.6673828964,2,21,1
5208,Finance and Financial Management Services.,134130,1,Public,5,173875,32,134130,University of Florida,12,16,0.242,39127,0.6673828964,2,21,1
5213,Management Sciences and Quantitative Methods.,134130,1,Public,3,109220,83,134130,University of Florida,12,16,0.242,39127,0.6673828964,2,21,1
5214,Marketing.,134130,1,Public,3,92626,184,134130,University of Florida,12,16,0.242,39127,0.6673828964,2,21,1
5215,Real Estate.,134130,1,Public,5,148764,20,134130,University of Florida,12,16,0.242,39127,0.6673828964,2,21,1
5401,History.,134130,1,Public,3,54448,91,134130,University of Florida,12,16,0.242,39127,0.6673828964,2,21,1
1204,Cosmetology and Related Personal Grooming Services.,134228,1,"Private, for-profit",1,22754,94,134228,Fort Pierce Beauty Academy,21,-2,,11766,0.9569230769,1,28,1
5135,Somatic Bodywork and Related Therapeutic Services.,134228,0,"Private, for-profit",1,31517,31,134228,Fort Pierce Beauty Academy,21,-2,,11766,0.9569230769,1,28,1
0901,Communication and Media Studies.,134237,2,"Private, for-profit",1,37679,466,134237,Full Sail University,21,15,,21349,0.7669108669,1,25,1
0901,Communication and Media Studies.,134237,2,"Private, for-profit",2,37309,20,134237,Full Sail University,21,15,,21349,0.7669108669,1,25,1
0901,Communication and Media Studies.,134237,2,"Private, for-profit",3,44933,135,134237,Full Sail University,21,15,,21349,0.7669108669,1,25,1
0904,Journalism.,134237,3,"Private, for-profit",5,53227,60,134237,Full Sail University,21,15,,21349,0.7669108669,1,25,1
0909,"Public Relations, Advertising, and Applied Communication.",134237,2,"Private, for-profit",3,42719,52,134237,Full Sail University,21,15,,21349,0.7669108669,1,25,1
0909,"Public Relations, Advertising, and Applied Communication.",134237,2,"Private, for-profit",5,53820,124,134237,Full Sail University,21,15,,21349,0.7669108669,1,25,1
1001,Communications Technologies/Technicians.,134237,2,"Private, for-profit",2,26827,38,134237,Full Sail University,21,15,,21349,0.7669108669,1,25,1
1001,Communications Technologies/Technicians.,134237,2,"Private, for-profit",3,36898,282,134237,Full Sail University,21,15,,21349,0.7669108669,1,25,1
1002,Audiovisual Communications Technologies/Technicians.,134237,2,"Private, for-profit",1,36188,477,134237,Full Sail University,21,15,,21349,0.7669108669,1,25,1
1002,Audiovisual Communications Technologies/Technicians.,134237,2,"Private, for-profit",2,44156,78,134237,Full Sail University,21,15,,21349,0.7669108669,1,25,1
1002,Audiovisual Communications Technologies/Technicians.,134237,2,"Private, for-profit",3,44012,273,134237,Full Sail University,21,15,,21349,0.7669108669,1,25,1
1003,Graphic Communications.,134237,0,"Private, for-profit",3,34818,106,134237,Full Sail University,21,15,,21349,0.7669108669,1,25,1
1101,"Computer and Information Sciences, General.",134237,1,"Private, for-profit",3,80909,17,134237,Full Sail University,21,15,,21349,0.7669108669,1,25,1
1102,Computer Programming.,134237,2,"Private, for-profit",2,59102,22,134237,Full Sail University,21,15,,21349,0.7669108669,1,25,1
1102,Computer Programming.,134237,2,"Private, for-profit",3,83694,64,134237,Full Sail University,21,15,,21349,0.7669108669,1,25,1
1107,Computer Science.,134237,2,"Private, for-profit",2,32197,19,134237,Full Sail University,21,15,,21349,0.7669108669,1,25,1
1107,Computer Science.,134237,2,"Private, for-profit",3,77512,82,134237,Full Sail University,21,15,,21349,0.7669108669,1,25,1
1108,Computer Software and Media Applications.,134237,0,"Private, for-profit",3,66676,20,134237,Full Sail University,21,15,,21349,0.7669108669,1,25,1
1110,Computer/Information Technology Administration and Management.,134237,2,"Private, for-profit",3,62381,27,134237,Full Sail University,21,15,,21349,0.7669108669,1,25,1
1305,Educational/Instructional Media Design.,134237,3,"Private, for-profit",5,69641,60,134237,Full Sail University,21,15,,21349,0.7669108669,1,25,1
1409,Computer Engineering.,134237,2,"Private, for-profit",3,93410,27,134237,Full Sail University,21,15,,21349,0.7669108669,1,25,1
1512,Computer Engineering Technologies/Technicians.,134237,2,"Private, for-profit",3,59181,28,134237,Full Sail University,21,15,,21349,0.7669108669,1,25,1
2313,Rhetoric and Composition/Writing Studies.,134237,2,"Private, for-profit",2,36220,35,134237,Full Sail University,21,15,,21349,0.7669108669,1,25,1
2313,Rhetoric and Composition/Writing Studies.,134237,2,"Private, for-profit",3,33429,273,134237,Full Sail University,21,15,,21349,0.7669108669,1,25,1
2313,Rhetoric and Composition/Writing Studies.,134237,2,"Private, for-profit",5,44962,159,134237,Full Sail University,21,15,,21349,0.7669108669,1,25,1
3031,Human Computer Interaction.,134237,2,"Private, for-profit",2,42107,83,134237,Full Sail University,21,15,,21349,0.7669108669,1,25,1
3031,Human Computer Interaction.,134237,2,"Private, for-profit",3,45823,592,134237,Full Sail University,21,15,,21349,0.7669108669,1,25,1
3031,Human Computer Interaction.,134237,2,"Private, for-profit",5,53230,90,134237,Full Sail University,21,15,,21349,0.7669108669,1,25,1
5001,"Visual and Performing Arts, General.",134237,2,"Private, for-profit",2,38049,73,134237,Full Sail University,21,15,,21349,0.7669108669,1,25,1
5001,"Visual and Performing Arts, General.",134237,2,"Private, for-profit",3,36870,326,134237,Full Sail University,21,15,,21349,0.7669108669,1,25,1
5004,Design and Applied Arts.,134237,2,"Private, for-profit",2,38716,91,134237,Full Sail University,21,15,,21349,0.7669108669,1,25,1
5004,Design and Applied Arts.,134237,2,"Private, for-profit",3,44962,369,134237,Full Sail University,21,15,,21349,0.7669108669,1,25,1
5004,Design and Applied Arts.,134237,2,"Private, for-profit",5,60023,135,134237,Full Sail University,21,15,,21349,0.7669108669,1,25,1
5005,Drama/Theatre Arts and Stagecraft.,134237,1,"Private, for-profit",3,44878,162,134237,Full Sail University,21,15,,21349,0.7669108669,1,25,1
5006,Film/Video and Photographic Arts.,134237,2,"Private, for-profit",2,24816,67,134237,Full Sail University,21,15,,21349,0.7669108669,1,25,1
5006,Film/Video and Photographic Arts.,134237,2,"Private, for-profit",3,33579,590,134237,Full Sail University,21,15,,21349,0.7669108669,1,25,1
5006,Film/Video and Photographic Arts.,134237,2,"Private, for-profit",5,39171,110,134237,Full Sail University,21,15,,21349,0.7669108669,1,25,1
5007,Fine and Studio Arts.,134237,2,"Private, for-profit",2,32703,37,134237,Full Sail University,21,15,,21349,0.7669108669,1,25,1
5007,Fine and Studio Arts.,134237,2,"Private, for-profit",3,38124,290,134237,Full Sail University,21,15,,21349,0.7669108669,1,25,1
5009,Music.,134237,2,"Private, for-profit",2,34987,77,134237,Full Sail University,21,15,,21349,0.7669108669,1,25,1
5009,Music.,134237,2,"Private, for-profit",3,39466,427,134237,Full Sail University,21,15,,21349,0.7669108669,1,25,1
5010,"Arts, Entertainment, and Media Management.",134237,2,"Private, for-profit",2,30931,46,134237,Full Sail University,21,15,,21349,0.7669108669,1,25,1
5010,"Arts, Entertainment, and Media Management.",134237,2,"Private, for-profit",3,38847,287,134237,Full Sail University,21,15,,21349,0.7669108669,1,25,1
5010,"Arts, Entertainment, and Media Management.",134237,2,"Private, for-profit",5,46710,270,134237,Full Sail University,21,15,,21349,0.7669108669,1,25,1
5207,Entrepreneurial and Small Business Operations.,134237,3,"Private, for-profit",5,42689,52,134237,Full Sail University,21,15,,21349,0.7669108669,1,25,1
5212,Management Information Systems and Services.,134237,3,"Private, for-profit",5,85001,59,134237,Full Sail University,21,15,,21349,0.7669108669,1,25,1
5214,Marketing.,134237,3,"Private, for-profit",3,57954,62,134237,Full Sail University,21,15,,21349,0.7669108669,1,25,1
5214,Marketing.,134237,3,"Private, for-profit",5,59772,129,134237,Full Sail University,21,15,,21349,0.7669108669,1,25,1
4301,Criminal Justice and Corrections.,134291,1,Public,1,53477,22,134291,George Stone Technical College,21,-2,,15300,,1,29,1
4706,Vehicle Maintenance and Repair Technologies/Technicians.,134291,1,Public,1,45098,45,134291,George Stone Technical College,21,-2,,15300,,1,29,1
4805,Precision Metal Working.,134291,1,Public,1,39684,18,134291,George Stone Technical College,21,-2,,15300,,1,29,1
2401,"Liberal Arts and Sciences, General Studies and Humanities.",134343,2,Public,2,45814,269,134343,Gulf Coast State College,13,9,,22880,0.8783042394,1,25,1
4301,Criminal Justice and Corrections.,134343,1,Public,1,51476,53,134343,Gulf Coast State College,13,9,,22880,0.8783042394,1,25,1
5109,"Allied Health Diagnostic, Intervention, and Treatment Professions.",134343,1,Public,1,54452,22,134343,Gulf Coast State College,13,9,,22880,0.8783042394,1,25,1
5109,"Allied Health Diagnostic, Intervention, and Treatment Professions.",134343,1,Public,2,53083,34,134343,Gulf Coast State College,13,9,,22880,0.8783042394,1,25,1
5138,"Registered Nursing, Nursing Administration, Nursing Research and Clinical Nursing.",134343,1,Public,2,71133,126,134343,Gulf Coast State College,13,9,,22880,0.8783042394,1,25,1
5138,"Registered Nursing, Nursing Administration, Nursing Research and Clinical Nursing.",134343,1,Public,3,95757,22,134343,Gulf Coast State College,13,9,,22880,0.8783042394,1,25,1
0183,Veterinary/Animal Health Technologies/Technicians.,134495,1,Public,2,46457,25,134495,Hillsborough Community College,11,5,,22087,0.8303442291,1,24,1
0907,"Radio, Television, and Digital Communication.",134495,1,Public,2,36536,16,134495,Hillsborough Community College,11,5,,22087,0.8303442291,1,24,1
1101,"Computer and Information Sciences, General.",134495,1,Public,2,52633,20,134495,Hillsborough Community College,11,5,,22087,0.8303442291,1,24,1
1102,Computer Programming.,134495,1,Public,1,66521,28,134495,Hillsborough Community College,11,5,,22087,0.8303442291,1,24,1
1102,Computer Programming.,134495,1,Public,2,53358,20,134495,Hillsborough Community College,11,5,,22087,0.8303442291,1,24,1
1110,Computer/Information Technology Administration and Management.,134495,1,Public,1,66000,18,134495,Hillsborough Community College,11,5,,22087,0.8303442291,1,24,1
1110,Computer/Information Technology Administration and Management.,134495,1,Public,2,53404,25,134495,Hillsborough Community College,11,5,,22087,0.8303442291,1,24,1
1205,Culinary Arts and Related Services.,134495,1,Public,1,40090,25,134495,Hillsborough Community College,11,5,,22087,0.8303442291,1,24,1
1205,Culinary Arts and Related Services.,134495,1,Public,2,34106,20,134495,Hillsborough Community College,11,5,,22087,0.8303442291,1,24,1
1513,Drafting/Design Engineering Technologies/Technicians.,134495,1,Public,1,59299,18,134495,Hillsborough Community College,11,5,,22087,0.8303442291,1,24,1
1907,"Human Development, Family Studies, and Related Services.",134495,1,Public,2,34316,23,134495,Hillsborough Community College,11,5,,22087,0.8303442291,1,24,1
2203,Legal Support Services.,134495,3,Public,1,62390,16,134495,Hillsborough Community College,11,5,,22087,0.8303442291,1,24,1
2203,Legal Support Services.,134495,3,Public,2,56823,33,134495,Hillsborough Community College,11,5,,22087,0.8303442291,1,24,1
2401,"Liberal Arts and Sciences, General Studies and Humanities.",134495,2,Public,2,44585,2630,134495,Hillsborough Community College,11,5,,22087,0.8303442291,1,24,1
4301,Criminal Justice and Corrections.,134495,1,Public,1,66994,238,134495,Hillsborough Community College,11,5,,22087,0.8303442291,1,24,1
4301,Criminal Justice and Corrections.,134495,3,Public,2,47205,134,134495,Hillsborough Community College,11,5,,22087,0.8303442291,1,24,1
4302,Fire Protection.,134495,1,Public,1,69090,63,134495,Hillsborough Community College,11,5,,22087,0.8303442291,1,24,1
4603,Electrical and Power Transmission Installers.,134495,1,Public,1,64639,38,134495,Hillsborough Community College,11,5,,22087,0.8303442291,1,24,1
4706,Vehicle Maintenance and Repair Technologies/Technicians.,134495,1,Public,1,49183,76,134495,Hillsborough Community College,11,5,,22087,0.8303442291,1,24,1
4805,Precision Metal Working.,134495,1,Public,1,43945,53,134495,Hillsborough Community College,11,5,,22087,0.8303442291,1,24,1
5106,Dental Support Services and Allied Professions.,134495,1,Public,2,71854,19,134495,Hillsborough Community College,11,5,,22087,0.8303442291,1,24,1
5109,"Allied Health Diagnostic, Intervention, and Treatment Professions.",134495,1,Public,1,61572,263,134495,Hillsborough Community College,11,5,,22087,0.8303442291,1,24,1
5109,"Allied Health Diagnostic, Intervention, and Treatment Professions.",134495,1,Public,2,73151,139,134495,Hillsborough Community College,11,5,,22087,0.8303442291,1,24,1
5110,Clinical/Medical Laboratory Science/Research and Allied Professions.,134495,1,Public,1,57203,69,134495,Hillsborough Community College,11,5,,22087,0.8303442291,1,24,1
5115,Mental and Social Health Services and Allied Professions.,134495,1,Public,2,40307,37,134495,Hillsborough Community College,11,5,,22087,0.8303442291,1,24,1
5118,Ophthalmic and Optometric Support Services and Allied Professions.,134495,1,Public,2,57215,70,134495,Hillsborough Community College,11,5,,22087,0.8303442291,1,24,1
5138,"Registered Nursing, Nursing Administration, Nursing Research and Clinical Nursing.",134495,1,Public,2,81109,290,134495,Hillsborough Community College,11,5,,22087,0.8303442291,1,24,1
5139,"Practical Nursing, Vocational Nursing and Nursing Assistants.",134495,0,Public,99,51791,43,134495,Hillsborough Community College,11,5,,22087,0.8303442291,1,24,1
5202,"Business Administration, Management and Operations.",134495,2,Public,1,49749,134,134495,Hillsborough Community College,11,5,,22087,0.8303442291,1,24,1
5202,"Business Administration, Management and Operations.",134495,1,Public,2,40345,57,134495,Hillsborough Community College,11,5,,22087,0.8303442291,1,24,1
5203,Accounting and Related Services.,134495,2,Public,1,52754,54,134495,Hillsborough Community College,11,5,,22087,0.8303442291,1,24,1
5207,Entrepreneurial and Small Business Operations.,134495,1,Public,1,49388,42,134495,Hillsborough Community College,11,5,,22087,0.8303442291,1,24,1
5209,Hospitality Administration/Management.,134495,1,Public,2,45138,20,134495,Hillsborough Community College,11,5,,22087,0.8303442291,1,24,1
1204,Cosmetology and Related Personal Grooming Services.,134529,1,"Private, for-profit",1,21754,530,134529,Hollywood Institute of Beauty Careers,21,-2,,13244,0.9535315985,1,29,1
5135,Somatic Bodywork and Related Therapeutic Services.,134529,1,"Private, for-profit",1,26087,58,134529,Hollywood Institute of Beauty Careers,21,-2,,13244,0.9535315985,1,29,1
5135,Somatic Bodywork and Related Therapeutic Services.,134574,1,"Private, for-profit",1,32076,356,134574,Cortiva Institute,11,-2,,18657,0.7752234994,1,29,1
1003,Graphic Communications.,134608,1,Public,3,34741,44,134608,Indian River State College,21,12,,21577,0.9122626988,1,23,1
1101,"Computer and Information Sciences, General.",134608,2,Public,1,47477,18,134608,Indian River State College,21,12,,21577,0.9122626988,1,23,1
1101,"Computer and Information Sciences, General.",134608,3,Public,2,53480,30,134608,Indian River State College,21,12,,21577,0.9122626988,1,23,1
1101,"Computer and Information Sciences, General.",134608,3,Public,3,71761,59,134608,Indian River State College,21,12,,21577,0.9122626988,1,23,1
1105,Computer Systems Analysis.,134608,3,Public,1,50384,19,134608,Indian River State College,21,12,,21577,0.9122626988,1,23,1
1108,Computer Software and Media Applications.,134608,1,Public,2,43997,18,134608,Indian River State College,21,12,,21577,0.9122626988,1,23,1
1204,Cosmetology and Related Personal Grooming Services.,134608,1,Public,1,25406,83,134608,Indian River State College,21,12,,21577,0.9122626988,1,23,1
1312,"Teacher Education and Professional Development, Specific Levels and Methods.",134608,3,Public,3,53747,42,134608,Indian River State College,21,12,,21577,0.9122626988,1,23,1
1313,"Teacher Education and Professional Development, Specific Subject Areas.",134608,2,Public,3,52554,20,134608,Indian River State College,21,12,,21577,0.9122626988,1,23,1
1503,Electrical/Electronic Engineering Technologies/Technicians.,134608,1,Public,2,71235,54,134608,Indian River State College,21,12,,21577,0.9122626988,1,23,1
2203,Legal Support Services.,134608,1,Public,2,38297,31,134608,Indian River State College,21,12,,21577,0.9122626988,1,23,1
2401,"Liberal Arts and Sciences, General Studies and Humanities.",134608,3,Public,2,40190,1247,134608,Indian River State College,21,12,,21577,0.9122626988,1,23,1
2601,"Biology, General.",134608,1,Public,3,45068,52,134608,Indian River State College,21,12,,21577,0.9122626988,1,23,1
4301,Criminal Justice and Corrections.,134608,1,Public,1,69613,69,134608,Indian River State College,21,12,,21577,0.9122626988,1,23,1
4301,Criminal Justice and Corrections.,134608,3,Public,2,51745,44,134608,Indian River State College,21,12,,21577,0.9122626988,1,23,1
4301,Criminal Justice and Corrections.,134608,3,Public,3,48073,104,134608,Indian River State College,21,12,,21577,0.9122626988,1,23,1
4302,Fire Protection.,134608,1,Public,1,62176,27,134608,Indian River State College,21,12,,21577,0.9122626988,1,23,1
4302,Fire Protection.,134608,1,Public,2,54150,20,134608,Indian River State College,21,12,,21577,0.9122626988,1,23,1
4400,"Human Services, General.",134608,1,Public,3,44549,136,134608,Indian River State College,21,12,,21577,0.9122626988,1,23,1
4404,Public Administration.,134608,3,Public,3,56032,30,134608,Indian River State College,21,12,,21577,0.9122626988,1,23,1
4702,"Heating, Air Conditioning, Ventilation and Refrigeration Maintenance Technology/Technician (HAC, HACR, HVAC, HVACR).",134608,1,Public,1,45618,18,134608,Indian River State College,21,12,,21577,0.9122626988,1,23,1
4902,Ground Transportation.,134608,1,Public,1,54606,28,134608,Indian River State College,21,12,,21577,0.9122626988,1,23,1
5106,Dental Support Services and Allied Professions.,134608,1,Public,2,52712,29,134608,Indian River State College,21,12,,21577,0.9122626988,1,23,1
5107,Health and Medical Administrative Services.,134608,1,Public,2,54287,17,134608,Indian River State College,21,12,,21577,0.9122626988,1,23,1
5107,Health and Medical Administrative Services.,134608,3,Public,3,51404,51,134608,Indian River State College,21,12,,21577,0.9122626988,1,23,1
5108,Allied Health and Medical Assisting Services.,134608,1,Public,2,47969,25,134608,Indian River State College,21,12,,21577,0.9122626988,1,23,1
5109,"Allied Health Diagnostic, Intervention, and Treatment Professions.",134608,1,Public,1,65174,21,134608,Indian River State College,21,12,,21577,0.9122626988,1,23,1
5109,"Allied Health Diagnostic, Intervention, and Treatment Professions.",134608,1,Public,2,66377,46,134608,Indian River State College,21,12,,21577,0.9122626988,1,23,1
5109,"Allied Health Diagnostic, Intervention, and Treatment Professions.",134608,0,Public,99,56189,55,134608,Indian River State College,21,12,,21577,0.9122626988,1,23,1
5115,Mental and Social Health Services and Allied Professions.,134608,1,Public,2,40425,21,134608,Indian River State College,21,12,,21577,0.9122626988,1,23,1
5138,"Registered Nursing, Nursing Administration, Nursing Research and Clinical Nursing.",134608,1,Public,2,68287,166,134608,Indian River State College,21,12,,21577,0.9122626988,1,23,1
5138,"Registered Nursing, Nursing Administration, Nursing Research and Clinical Nursing.",134608,3,Public,3,99714,92,134608,Indian River State College,21,12,,21577,0.9122626988,1,23,1
5139,"Practical Nursing, Vocational Nursing and Nursing Assistants.",134608,1,Public,1,64654,26,134608,Indian River State College,21,12,,21577,0.9122626988,1,23,1
5202,"Business Administration, Management and Operations.",134608,1,Public,1,39503,61,134608,Indian River State College,21,12,,21577,0.9122626988,1,23,1
5202,"Business Administration, Management and Operations.",134608,1,Public,2,37921,42,134608,Indian River State College,21,12,,21577,0.9122626988,1,23,1
5202,"Business Administration, Management and Operations.",134608,1,Public,3,50328,240,134608,Indian River State College,21,12,,21577,0.9122626988,1,23,1
5203,Accounting and Related Services.,134608,1,Public,3,61675,60,134608,Indian River State College,21,12,,21577,0.9122626988,1,23,1
5207,Entrepreneurial and Small Business Operations.,134608,2,Public,1,41564,37,134608,Indian River State College,21,12,,21577,0.9122626988,1,23,1
1204,Cosmetology and Related Personal Grooming Services.,134714,1,"Private, for-profit",1,17842,58,134714,International Academy,21,-2,,12561,0.9179104478,1,29,1
5135,Somatic Bodywork and Related Therapeutic Services.,134714,1,"Private, for-profit",1,29922,19,134714,International Academy,21,-2,,12561,0.9179104478,1,29,1
1304,Educational Administration and Supervision.,134945,1,"Private, nonprofit",5,62172,16,134945,Jacksonville University,11,14,0.5694,46900,0.5307591623,2,26,1
3105,"Sports, Kinesiology, and Physical Education/Fitness.",134945,1,"Private, nonprofit",3,52065,19,134945,Jacksonville University,11,14,0.5694,46900,0.5307591623,2,26,1
3105,"Sports, Kinesiology, and Physical Education/Fitness.",134945,1,"Private, nonprofit",5,55054,32,134945,Jacksonville University,11,14,0.5694,46900,0.5307591623,2,26,1
4201,"Psychology, General.",134945,1,"Private, nonprofit",3,62622,18,134945,Jacksonville University,11,14,0.5694,46900,0.5307591623,2,26,1
4501,"Social Sciences, General.",134945,1,"Private, nonprofit",3,48761,24,134945,Jacksonville University,11,14,0.5694,46900,0.5307591623,2,26,1
4511,Sociology.,134945,1,"Private, nonprofit",3,53457,22,134945,Jacksonville University,11,14,0.5694,46900,0.5307591623,2,26,1
5003,Dance.,134945,1,"Private, nonprofit",5,56162,17,134945,Jacksonville University,11,14,0.5694,46900,0.5307591623,2,26,1
5009,Music.,134945,1,"Private, nonprofit",3,40009,27,134945,Jacksonville University,11,14,0.5694,46900,0.5307591623,2,26,1
5102,Communication Disorders Sciences and Services.,134945,1,"Private, nonprofit",5,65546,55,134945,Jacksonville University,11,14,0.5694,46900,0.5307591623,2,26,1
5107,Health and Medical Administrative Services.,134945,1,"Private, nonprofit",5,116256,27,134945,Jacksonville University,11,14,0.5694,46900,0.5307591623,2,26,1
5138,"Registered Nursing, Nursing Administration, Nursing Research and Clinical Nursing.",134945,2,"Private, nonprofit",3,89191,347,134945,Jacksonville University,11,14,0.5694,46900,0.5307591623,2,26,1
5138,"Registered Nursing, Nursing Administration, Nursing Research and Clinical Nursing.",134945,2,"Private, nonprofit",5,114295,180,134945,Jacksonville University,11,14,0.5694,46900,0.5307591623,2,26,1
5202,"Business Administration, Management and Operations.",134945,2,"Private, nonprofit",5,101213,54,134945,Jacksonville University,11,14,0.5694,46900,0.5307591623,2,26,1
5208,Finance and Financial Management Services.,134945,1,"Private, nonprofit",3,70456,23,134945,Jacksonville University,11,14,0.5694,46900,0.5307591623,2,26,1
5213,Management Sciences and Quantitative Methods.,134945,1,"Private, nonprofit",3,61660,24,134945,Jacksonville University,11,14,0.5694,46900,0.5307591623,2,26,1
5214,Marketing.,134945,1,"Private, nonprofit",3,55252,16,134945,Jacksonville University,11,14,0.5694,46900,0.5307591623,2,26,1
1101,"Computer and Information Sciences, General.",135081,2,"Private, nonprofit",2,51977,248,135081,Keiser University-Ft Lauderdale,12,15,0.9697,21659,0.7867955286,2,28,1
1101,"Computer and Information Sciences, General.",135081,2,"Private, nonprofit",3,61777,18,135081,Keiser University-Ft Lauderdale,12,15,0.9697,21659,0.7867955286,2,28,1
1109,Computer Systems Networking and Telecommunications.,135081,2,"Private, nonprofit",3,56991,29,135081,Keiser University-Ft Lauderdale,12,15,0.9697,21659,0.7867955286,2,28,1
1205,Culinary Arts and Related Services.,135081,1,"Private, nonprofit",2,40731,69,135081,Keiser University-Ft Lauderdale,12,15,0.9697,21659,0.7867955286,2,28,1
1304,Educational Administration and Supervision.,135081,2,"Private, nonprofit",5,67066,32,135081,Keiser University-Ft Lauderdale,12,15,0.9697,21659,0.7867955286,2,28,1
1304,Educational Administration and Supervision.,135081,3,"Private, nonprofit",6,80618,21,135081,Keiser University-Ft Lauderdale,12,15,0.9697,21659,0.7867955286,2,28,1
1409,Computer Engineering.,135081,2,"Private, nonprofit",3,51222,23,135081,Keiser University-Ft Lauderdale,12,15,0.9697,21659,0.7867955286,2,28,1
2200,Non-Professional Legal Studies.,135081,2,"Private, nonprofit",3,53101,35,135081,Keiser University-Ft Lauderdale,12,15,0.9697,21659,0.7867955286,2,28,1
2203,Legal Support Services.,135081,2,"Private, nonprofit",2,47220,123,135081,Keiser University-Ft Lauderdale,12,15,0.9697,21659,0.7867955286,2,28,1
2401,"Liberal Arts and Sciences, General Studies and Humanities.",135081,2,"Private, nonprofit",2,42189,236,135081,Keiser University-Ft Lauderdale,12,15,0.9697,21659,0.7867955286,2,28,1
2601,"Biology, General.",135081,1,"Private, nonprofit",3,40048,38,135081,Keiser University-Ft Lauderdale,12,15,0.9697,21659,0.7867955286,2,28,1
3000,"Multi-/Interdisciplinary Studies, General.",135081,2,"Private, nonprofit",3,52293,258,135081,Keiser University-Ft Lauderdale,12,15,0.9697,21659,0.7867955286,2,28,1
3103,"Parks, Recreation, and Leisure Facilities Management.",135081,2,"Private, nonprofit",2,49048,23,135081,Keiser University-Ft Lauderdale,12,15,0.9697,21659,0.7867955286,2,28,1
3105,"Sports, Kinesiology, and Physical Education/Fitness.",135081,2,"Private, nonprofit",2,35403,100,135081,Keiser University-Ft Lauderdale,12,15,0.9697,21659,0.7867955286,2,28,1
3105,"Sports, Kinesiology, and Physical Education/Fitness.",135081,2,"Private, nonprofit",3,45187,133,135081,Keiser University-Ft Lauderdale,12,15,0.9697,21659,0.7867955286,2,28,1
4201,"Psychology, General.",135081,2,"Private, nonprofit",3,41668,169,135081,Keiser University-Ft Lauderdale,12,15,0.9697,21659,0.7867955286,2,28,1
4201,"Psychology, General.",135081,2,"Private, nonprofit",5,49098,42,135081,Keiser University-Ft Lauderdale,12,15,0.9697,21659,0.7867955286,2,28,1
4228,"Clinical, Counseling and Applied Psychology.",135081,2,"Private, nonprofit",5,69452,20,135081,Keiser University-Ft Lauderdale,12,15,0.9697,21659,0.7867955286,2,28,1
4301,Criminal Justice and Corrections.,135081,2,"Private, nonprofit",2,41540,128,135081,Keiser University-Ft Lauderdale,12,15,0.9697,21659,0.7867955286,2,28,1
4301,Criminal Justice and Corrections.,135081,2,"Private, nonprofit",3,52126,119,135081,Keiser University-Ft Lauderdale,12,15,0.9697,21659,0.7867955286,2,28,1
4301,Criminal Justice and Corrections.,135081,2,"Private, nonprofit",5,64691,35,135081,Keiser University-Ft Lauderdale,12,15,0.9697,21659,0.7867955286,2,28,1
4303,Homeland Security.,135081,2,"Private, nonprofit",2,57706,23,135081,Keiser University-Ft Lauderdale,12,15,0.9697,21659,0.7867955286,2,28,1
4303,Homeland Security.,135081,2,"Private, nonprofit",3,67744,22,135081,Keiser University-Ft Lauderdale,12,15,0.9697,21659,0.7867955286,2,28,1
4304,Security Science and Technology.,135081,1,"Private, nonprofit",2,40374,80,135081,Keiser University-Ft Lauderdale,12,15,0.9697,21659,0.7867955286,2,28,1
4304,Security Science and Technology.,135081,2,"Private, nonprofit",3,47847,133,135081,Keiser University-Ft Lauderdale,12,15,0.9697,21659,0.7867955286,2,28,1
5004,Design and Applied Arts.,135081,1,"Private, nonprofit",2,29280,51,135081,Keiser University-Ft Lauderdale,12,15,0.9697,21659,0.7867955286,2,28,1
5100,"Health Services/Allied Health/Health Sciences, General.",135081,2,"Private, nonprofit",3,54184,111,135081,Keiser University-Ft Lauderdale,12,15,0.9697,21659,0.7867955286,2,28,1
5107,Health and Medical Administrative Services.,135081,2,"Private, nonprofit",2,36127,437,135081,Keiser University-Ft Lauderdale,12,15,0.9697,21659,0.7867955286,2,28,1
5108,Allied Health and Medical Assisting Services.,135081,2,"Private, nonprofit",2,39852,1467,135081,Keiser University-Ft Lauderdale,12,15,0.9697,21659,0.7867955286,2,28,1
5109,"Allied Health Diagnostic, Intervention, and Treatment Professions.",135081,1,"Private, nonprofit",2,61608,828,135081,Keiser University-Ft Lauderdale,12,15,0.9697,21659,0.7867955286,2,28,1
5109,"Allied Health Diagnostic, Intervention, and Treatment Professions.",135081,2,"Private, nonprofit",3,82511,28,135081,Keiser University-Ft Lauderdale,12,15,0.9697,21659,0.7867955286,2,28,1
5109,"Allied Health Diagnostic, Intervention, and Treatment Professions.",135081,0,"Private, nonprofit",5,125514,66,135081,Keiser University-Ft Lauderdale,12,15,0.9697,21659,0.7867955286,2,28,1
5110,Clinical/Medical Laboratory Science/Research and Allied Professions.,135081,1,"Private, nonprofit",2,61491,83,135081,Keiser University-Ft Lauderdale,12,15,0.9697,21659,0.7867955286,2,28,1
5122,Public Health.,135081,2,"Private, nonprofit",2,44350,181,135081,Keiser University-Ft Lauderdale,12,15,0.9697,21659,0.7867955286,2,28,1
5122,Public Health.,135081,2,"Private, nonprofit",3,52247,130,135081,Keiser University-Ft Lauderdale,12,15,0.9697,21659,0.7867955286,2,28,1
5123,Rehabilitation and Therapeutic Professions.,135081,0,"Private, nonprofit",3,56791,33,135081,Keiser University-Ft Lauderdale,12,15,0.9697,21659,0.7867955286,2,28,1
5123,Rehabilitation and Therapeutic Professions.,135081,1,"Private, nonprofit",5,54823,69,135081,Keiser University-Ft Lauderdale,12,15,0.9697,21659,0.7867955286,2,28,1
5131,Dietetics and Clinical Nutrition Services.,135081,2,"Private, nonprofit",3,54825,94,135081,Keiser University-Ft Lauderdale,12,15,0.9697,21659,0.7867955286,2,28,1
5131,Dietetics and Clinical Nutrition Services.,135081,2,"Private, nonprofit",5,59025,17,135081,Keiser University-Ft Lauderdale,12,15,0.9697,21659,0.7867955286,2,28,1
5138,"Registered Nursing, Nursing Administration, Nursing Research and Clinical Nursing.",135081,1,"Private, nonprofit",2,81721,772,135081,Keiser University-Ft Lauderdale,12,15,0.9697,21659,0.7867955286,2,28,1
5138,"Registered Nursing, Nursing Administration, Nursing Research and Clinical Nursing.",135081,2,"Private, nonprofit",3,89773,187,135081,Keiser University-Ft Lauderdale,12,15,0.9697,21659,0.7867955286,2,28,1
5138,"Registered Nursing, Nursing Administration, Nursing Research and Clinical Nursing.",135081,1,"Private, nonprofit",5,124555,174,135081,Keiser University-Ft Lauderdale,12,15,0.9697,21659,0.7867955286,2,28,1
5202,"Business Administration, Management and Operations.",135081,2,"Private, nonprofit",2,45828,24,135081,Keiser University-Ft Lauderdale,12,15,0.9697,21659,0.7867955286,2,28,1
5202,"Business Administration, Management and Operations.",135081,2,"Private, nonprofit",3,52190,335,135081,Keiser University-Ft Lauderdale,12,15,0.9697,21659,0.7867955286,2,28,1
5202,"Business Administration, Management and Operations.",135081,2,"Private, nonprofit",5,63875,213,135081,Keiser University-Ft Lauderdale,12,15,0.9697,21659,0.7867955286,2,28,1
5203,Accounting and Related Services.,135081,2,"Private, nonprofit",2,49543,77,135081,Keiser University-Ft Lauderdale,12,15,0.9697,21659,0.7867955286,2,28,1
5203,Accounting and Related Services.,135081,2,"Private, nonprofit",3,59334,94,135081,Keiser University-Ft Lauderdale,12,15,0.9697,21659,0.7867955286,2,28,1
5203,Accounting and Related Services.,135081,2,"Private, nonprofit",5,90616,20,135081,Keiser University-Ft Lauderdale,12,15,0.9697,21659,0.7867955286,2,28,1
1204,Cosmetology and Related Personal Grooming Services.,135142,1,"Private, for-profit",1,17594,130,135142,La Belle Beauty School,21,-2,,0,,1,33,1
0106,Applied Horticulture and Horticultural Business Services.,135160,1,Public,1,55600,17,135160,Florida Gateway College,32,9,,21618,0.9306451613,1,26,1
0301,Natural Resources Conservation and Research.,135160,3,Public,1,23947,22,135160,Florida Gateway College,32,9,,21618,0.9306451613,1,26,1
0301,Natural Resources Conservation and Research.,135160,3,Public,2,23237,19,135160,Florida Gateway College,32,9,,21618,0.9306451613,1,26,1
1204,Cosmetology and Related Personal Grooming Services.,135160,1,Public,1,19860,30,135160,Florida Gateway College,32,9,,21618,0.9306451613,1,26,1
2401,"Liberal Arts and Sciences, General Studies and Humanities.",135160,3,Public,2,44253,188,135160,Florida Gateway College,32,9,,21618,0.9306451613,1,26,1
4301,Criminal Justice and Corrections.,135160,1,Public,1,50714,66,135160,Florida Gateway College,32,9,,21618,0.9306451613,1,26,1
4805,Precision Metal Working.,135160,1,Public,1,35116,17,135160,Florida Gateway College,32,9,,21618,0.9306451613,1,26,1
5108,Allied Health and Medical Assisting Services.,135160,1,Public,2,56702,19,135160,Florida Gateway College,32,9,,21618,0.9306451613,1,26,1
5109,"Allied Health Diagnostic, Intervention, and Treatment Professions.",135160,1,Public,1,48254,25,135160,Florida Gateway College,32,9,,21618,0.9306451613,1,26,1
5138,"Registered Nursing, Nursing Administration, Nursing Research and Clinical Nursing.",135160,1,Public,2,75046,117,135160,Florida Gateway College,32,9,,21618,0.9306451613,1,26,1
5138,"Registered Nursing, Nursing Administration, Nursing Research and Clinical Nursing.",135160,3,Public,3,88907,26,135160,Florida Gateway College,32,9,,21618,0.9306451613,1,26,1
5139,"Practical Nursing, Vocational Nursing and Nursing Assistants.",135160,1,Public,1,47144,16,135160,Florida Gateway College,32,9,,21618,0.9306451613,1,26,1
1204,Cosmetology and Related Personal Grooming Services.,135179,1,Public,1,25223,31,135179,Lake Technical College,22,-2,,17933,,1,27,1
4301,Criminal Justice and Corrections.,135179,1,Public,1,50582,30,135179,Lake Technical College,22,-2,,17933,,1,27,1
4706,Vehicle Maintenance and Repair Technologies/Technicians.,135179,1,Public,1,44685,28,135179,Lake Technical College,22,-2,,17933,,1,27,1
4805,Precision Metal Working.,135179,1,Public,1,45651,26,135179,Lake Technical College,22,-2,,17933,,1,27,1
5108,Allied Health and Medical Assisting Services.,135179,1,Public,1,35860,34,135179,Lake Technical College,22,-2,,17933,,1,27,1
5139,"Practical Nursing, Vocational Nursing and Nursing Assistants.",135179,1,Public,1,54606,40,135179,Lake Technical College,22,-2,,17933,,1,27,1
2401,"Liberal Arts and Sciences, General Studies and Humanities.",135188,1,Public,2,42291,345,135188,Lake-Sumter State College,22,9,,25118,0.911154345,1,23,1
5138,"Registered Nursing, Nursing Administration, Nursing Research and Clinical Nursing.",135188,2,Public,2,80297,62,135188,Lake-Sumter State College,22,9,,25118,0.911154345,1,23,1
1102,Computer Programming.,135267,1,Public,1,27233,18,135267,Fort Myers Technical College,13,-2,,19016,,1,26,1
1204,Cosmetology and Related Personal Grooming Services.,135267,1,Public,1,35118,21,135267,Fort Myers Technical College,13,-2,,19016,,1,26,1
1205,Culinary Arts and Related Services.,135267,1,Public,1,24902,18,135267,Fort Myers Technical College,13,-2,,19016,,1,26,1
4301,Criminal Justice and Corrections.,135267,1,Public,1,73379,28,135267,Fort Myers Technical College,13,-2,,19016,,1,26,1
4702,"Heating, Air Conditioning, Ventilation and Refrigeration Maintenance Technology/Technician (HAC, HACR, HVAC, HVACR).",135267,1,Public,1,64719,22,135267,Fort Myers Technical College,13,-2,,19016,,1,26,1
4706,Vehicle Maintenance and Repair Technologies/Technicians.,135267,1,Public,1,44255,57,135267,Fort Myers Technical College,13,-2,,19016,,1,26,1
4805,Precision Metal Working.,135267,1,Public,1,46511,25,135267,Fort Myers Technical College,13,-2,,19016,,1,26,1
5139,"Practical Nursing, Vocational Nursing and Nursing Assistants.",135267,1,Public,1,53839,23,135267,Fort Myers Technical College,13,-2,,19016,,1,26,1
1204,Cosmetology and Related Personal Grooming Services.,135276,1,Public,1,28854,36,135276,Lively Technical College,12,-2,,12177,,1,26,1
4603,Electrical and Power Transmission Installers.,135276,1,Public,1,42074,16,135276,Lively Technical College,12,-2,,12177,,1,26,1
4805,Precision Metal Working.,135276,1,Public,1,49470,26,135276,Lively Technical College,12,-2,,12177,,1,26,1
5139,"Practical Nursing, Vocational Nursing and Nursing Assistants.",135276,1,Public,1,54385,28,135276,Lively Technical College,12,-2,,12177,,1,26,1
4706,Vehicle Maintenance and Repair Technologies/Technicians.,135294,1,Public,1,49012,17,135294,Lindsey Hopkins Technical College,11,-2,,14022,,1,28,1
1204,Cosmetology and Related Personal Grooming Services.,135337,1,"Private, for-profit",1,21356,60,135337,Loraines Academy & Spa,11,-2,,10398,0.8658536585,1,29,1
5135,Somatic Bodywork and Related Therapeutic Services.,135337,1,"Private, for-profit",1,25201,19,135337,Loraines Academy & Spa,11,-2,,10398,0.8658536585,1,29,1
2401,"Liberal Arts and Sciences, General Studies and Humanities.",135391,1,Public,2,46791,185,135391,State College of Florida-Manatee-Sarasota,21,12,,23855,0.8640541848,1,24,1
5138,"Registered Nursing, Nursing Administration, Nursing Research and Clinical Nursing.",135391,1,Public,2,85535,27,135391,State College of Florida-Manatee-Sarasota,21,12,,23855,0.8640541848,1,24,1
5138,"Registered Nursing, Nursing Administration, Nursing Research and Clinical Nursing.",135391,3,Public,3,84646,39,135391,State College of Florida-Manatee-Sarasota,21,12,,23855,0.8640541848,1,24,1
1003,Graphic Communications.,135407,1,Public,1,37276,20,135407,Manatee Technical College,21,-2,,18827,,1,26,1
1204,Cosmetology and Related Personal Grooming Services.,135407,1,Public,1,31648,51,135407,Manatee Technical College,21,-2,,18827,,1,26,1
4301,Criminal Justice and Corrections.,135407,1,Public,1,74620,27,135407,Manatee Technical College,21,-2,,18827,,1,26,1
4702,"Heating, Air Conditioning, Ventilation and Refrigeration Maintenance Technology/Technician (HAC, HACR, HVAC, HVACR).",135407,1,Public,1,70853,16,135407,Manatee Technical College,21,-2,,18827,,1,26,1
4706,Vehicle Maintenance and Repair Technologies/Technicians.,135407,1,Public,1,53177,25,135407,Manatee Technical College,21,-2,,18827,,1,26,1
4805,Precision Metal Working.,135407,1,Public,1,46581,26,135407,Manatee Technical College,21,-2,,18827,,1,26,1
5106,Dental Support Services and Allied Professions.,135407,1,Public,1,35280,22,135407,Manatee Technical College,21,-2,,18827,,1,26,1
5109,"Allied Health Diagnostic, Intervention, and Treatment Professions.",135407,1,Public,1,60815,34,135407,Manatee Technical College,21,-2,,18827,,1,26,1
5139,"Practical Nursing, Vocational Nursing and Nursing Assistants.",135407,1,Public,1,58062,20,135407,Manatee Technical College,21,-2,,18827,,1,26,1
1204,Cosmetology and Related Personal Grooming Services.,135522,1,Public,1,27248,33,135522,Traviss Technical College,41,-2,,16669,,1,26,1
4706,Vehicle Maintenance and Repair Technologies/Technicians.,135522,1,Public,1,47717,18,135522,Traviss Technical College,41,-2,,16669,,1,26,1
5139,"Practical Nursing, Vocational Nursing and Nursing Assistants.",135522,1,Public,1,43766,23,135522,Traviss Technical College,41,-2,,16669,,1,26,1
0105,Agricultural and Domestic Animal Services.,135559,1,"Private, for-profit",1,27626,50,135559,Merryfield Academy,21,-2,,14300,0.8041237113,1,36,1
0183,Veterinary/Animal Health Technologies/Technicians.,135717,1,Public,2,48841,20,135717,Miami Dade College,11,15,,18391,0.9677276583,1,22,1
1003,Graphic Communications.,135717,1,Public,2,24972,23,135717,Miami Dade College,11,15,,18391,0.9677276583,1,22,1
1101,"Computer and Information Sciences, General.",135717,1,Public,1,49239,56,135717,Miami Dade College,11,15,,18391,0.9677276583,1,22,1
1101,"Computer and Information Sciences, General.",135717,1,Public,2,56698,27,135717,Miami Dade College,11,15,,18391,0.9677276583,1,22,1
1101,"Computer and Information Sciences, General.",135717,2,Public,3,62360,72,135717,Miami Dade College,11,15,,18391,0.9677276583,1,22,1
1110,Computer/Information Technology Administration and Management.,135717,1,Public,1,48246,118,135717,Miami Dade College,11,15,,18391,0.9677276583,1,22,1
1205,Culinary Arts and Related Services.,135717,1,Public,1,50344,52,135717,Miami Dade College,11,15,,18391,0.9677276583,1,22,1
1205,Culinary Arts and Related Services.,135717,1,Public,2,44371,22,135717,Miami Dade College,11,15,,18391,0.9677276583,1,22,1
1310,Special Education and Teaching.,135717,1,Public,3,59174,46,135717,Miami Dade College,11,15,,18391,0.9677276583,1,22,1
1312,"Teacher Education and Professional Development, Specific Levels and Methods.",135717,1,Public,3,55276,45,135717,Miami Dade College,11,15,,18391,0.9677276583,1,22,1
1513,Drafting/Design Engineering Technologies/Technicians.,135717,1,Public,1,53652,39,135717,Miami Dade College,11,15,,18391,0.9677276583,1,22,1
1907,"Human Development, Family Studies, and Related Services.",135717,1,Public,1,36708,26,135717,Miami Dade College,11,15,,18391,0.9677276583,1,22,1
2203,Legal Support Services.,135717,1,Public,2,56521,37,135717,Miami Dade College,11,15,,18391,0.9677276583,1,22,1
2401,"Liberal Arts and Sciences, General Studies and Humanities.",135717,1,Public,2,45753,6114,135717,Miami Dade College,11,15,,18391,0.9677276583,1,22,1
2601,"Biology, General.",135717,1,Public,3,50454,26,135717,Miami Dade College,11,15,,18391,0.9677276583,1,22,1
4301,Criminal Justice and Corrections.,135717,1,Public,1,60899,79,135717,Miami Dade College,11,15,,18391,0.9677276583,1,22,1
4304,Security Science and Technology.,135717,1,Public,1,47662,28,135717,Miami Dade College,11,15,,18391,0.9677276583,1,22,1
4304,Security Science and Technology.,135717,1,Public,2,41327,17,135717,Miami Dade College,11,15,,18391,0.9677276583,1,22,1
4399,"Homeland Security, Law Enforcement, Firefighting and Related Protective Services, Other.",135717,1,Public,3,60067,115,135717,Miami Dade College,11,15,,18391,0.9677276583,1,22,1
4901,Air Transportation.,135717,1,Public,2,78726,23,135717,Miami Dade College,11,15,,18391,0.9677276583,1,22,1
5006,Film/Video and Photographic Arts.,135717,1,Public,2,32202,65,135717,Miami Dade College,11,15,,18391,0.9677276583,1,22,1
5006,Film/Video and Photographic Arts.,135717,1,Public,3,35402,45,135717,Miami Dade College,11,15,,18391,0.9677276583,1,22,1
5009,Music.,135717,1,Public,2,37546,24,135717,Miami Dade College,11,15,,18391,0.9677276583,1,22,1
5106,Dental Support Services and Allied Professions.,135717,1,Public,2,50008,51,135717,Miami Dade College,11,15,,18391,0.9677276583,1,22,1
5107,Health and Medical Administrative Services.,135717,1,Public,1,43500,20,135717,Miami Dade College,11,15,,18391,0.9677276583,1,22,1
5107,Health and Medical Administrative Services.,135717,1,Public,2,103137,54,135717,Miami Dade College,11,15,,18391,0.9677276583,1,22,1
5108,Allied Health and Medical Assisting Services.,135717,1,Public,1,37474,28,135717,Miami Dade College,11,15,,18391,0.9677276583,1,22,1
5108,Allied Health and Medical Assisting Services.,135717,1,Public,2,38693,67,135717,Miami Dade College,11,15,,18391,0.9677276583,1,22,1
5109,"Allied Health Diagnostic, Intervention, and Treatment Professions.",135717,1,Public,1,66975,119,135717,Miami Dade College,11,15,,18391,0.9677276583,1,22,1
5109,"Allied Health Diagnostic, Intervention, and Treatment Professions.",135717,1,Public,2,83388,187,135717,Miami Dade College,11,15,,18391,0.9677276583,1,22,1
5110,Clinical/Medical Laboratory Science/Research and Allied Professions.,135717,1,Public,1,44656,35,135717,Miami Dade College,11,15,,18391,0.9677276583,1,22,1
5110,Clinical/Medical Laboratory Science/Research and Allied Professions.,135717,1,Public,2,79084,40,135717,Miami Dade College,11,15,,18391,0.9677276583,1,22,1
5135,Somatic Bodywork and Related Therapeutic Services.,135717,1,Public,1,36484,24,135717,Miami Dade College,11,15,,18391,0.9677276583,1,22,1
5138,"Registered Nursing, Nursing Administration, Nursing Research and Clinical Nursing.",135717,1,Public,2,88130,485,135717,Miami Dade College,11,15,,18391,0.9677276583,1,22,1
5138,"Registered Nursing, Nursing Administration, Nursing Research and Clinical Nursing.",135717,1,Public,3,106415,183,135717,Miami Dade College,11,15,,18391,0.9677276583,1,22,1
5202,"Business Administration, Management and Operations.",135717,1,Public,1,47194,1098,135717,Miami Dade College,11,15,,18391,0.9677276583,1,22,1
5202,"Business Administration, Management and Operations.",135717,1,Public,2,48023,33,135717,Miami Dade College,11,15,,18391,0.9677276583,1,22,1
5202,"Business Administration, Management and Operations.",135717,1,Public,3,57225,321,135717,Miami Dade College,11,15,,18391,0.9677276583,1,22,1
5203,Accounting and Related Services.,135717,2,Public,2,27077,22,135717,Miami Dade College,11,15,,18391,0.9677276583,1,22,1
5213,Management Sciences and Quantitative Methods.,135717,1,Public,1,84483,36,135717,Miami Dade College,11,15,,18391,0.9677276583,1,22,1
0302,Environmental/Natural Resources Management and Policy.,135726,1,"Private, nonprofit",5,58938,26,135726,University of Miami,21,16,0.189,54690,0.4559891107,2,20,1
0402,Architecture.,135726,0,"Private, nonprofit",3,75633,34,135726,University of Miami,21,16,0.189,54690,0.4559891107,2,20,1
0904,Journalism.,135726,1,"Private, nonprofit",3,71466,23,135726,University of Miami,21,16,0.189,54690,0.4559891107,2,20,1
0907,"Radio, Television, and Digital Communication.",135726,1,"Private, nonprofit",3,62053,40,135726,University of Miami,21,16,0.189,54690,0.4559891107,2,20,1
0909,"Public Relations, Advertising, and Applied Communication.",135726,1,"Private, nonprofit",3,82999,95,135726,University of Miami,21,16,0.189,54690,0.4559891107,2,20,1
1107,Computer Science.,135726,1,"Private, nonprofit",3,121589,43,135726,University of Miami,21,16,0.189,54690,0.4559891107,2,20,1
1110,Computer/Information Technology Administration and Management.,135726,1,"Private, nonprofit",3,102484,28,135726,University of Miami,21,16,0.189,54690,0.4559891107,2,20,1
1405,Biomedical/Medical Engineering.,135726,1,"Private, nonprofit",3,98997,35,135726,University of Miami,21,16,0.189,54690,0.4559891107,2,20,1
1410,"Electrical, Electronics, and Communications Engineering.",135726,1,"Private, nonprofit",3,87274,16,135726,University of Miami,21,16,0.189,54690,0.4559891107,2,20,1
1419,Mechanical Engineering.,135726,1,"Private, nonprofit",3,86156,24,135726,University of Miami,21,16,0.189,54690,0.4559891107,2,20,1
1435,Industrial Engineering.,135726,1,"Private, nonprofit",3,99068,35,135726,University of Miami,21,16,0.189,54690,0.4559891107,2,20,1
2200,Non-Professional Legal Studies.,135726,1,"Private, nonprofit",3,99836,30,135726,University of Miami,21,16,0.189,54690,0.4559891107,2,20,1
2201,Law.,135726,1,"Private, nonprofit",7,117811,402,135726,University of Miami,21,16,0.189,54690,0.4559891107,2,20,1
2202,Legal Research and Advanced Professional Studies.,135726,2,"Private, nonprofit",5,108073,79,135726,University of Miami,21,16,0.189,54690,0.4559891107,2,20,1
2401,"Liberal Arts and Sciences, General Studies and Humanities.",135726,1,"Private, nonprofit",3,55625,25,135726,University of Miami,21,16,0.189,54690,0.4559891107,2,20,1
2601,"Biology, General.",135726,1,"Private, nonprofit",3,51226,41,135726,University of Miami,21,16,0.189,54690,0.4559891107,2,20,1
2609,"Physiology, Pathology and Related Sciences.",135726,1,"Private, nonprofit",3,47683,23,135726,University of Miami,21,16,0.189,54690,0.4559891107,2,20,1
2609,"Physiology, Pathology and Related Sciences.",135726,1,"Private, nonprofit",5,78494,23,135726,University of Miami,21,16,0.189,54690,0.4559891107,2,20,1
2613,"Ecology, Evolution, Systematics, and Population Biology.",135726,1,"Private, nonprofit",3,42932,22,135726,University of Miami,21,16,0.189,54690,0.4559891107,2,20,1
2613,"Ecology, Evolution, Systematics, and Population Biology.",135726,1,"Private, nonprofit",5,73547,67,135726,University of Miami,21,16,0.189,54690,0.4559891107,2,20,1
3105,"Sports, Kinesiology, and Physical Education/Fitness.",135726,1,"Private, nonprofit",3,56289,22,135726,University of Miami,21,16,0.189,54690,0.4559891107,2,20,1
3105,"Sports, Kinesiology, and Physical Education/Fitness.",135726,2,"Private, nonprofit",5,64113,110,135726,University of Miami,21,16,0.189,54690,0.4559891107,2,20,1
4201,"Psychology, General.",135726,1,"Private, nonprofit",3,54290,87,135726,University of Miami,21,16,0.189,54690,0.4559891107,2,20,1
4228,"Clinical, Counseling and Applied Psychology.",135726,1,"Private, nonprofit",5,62759,23,135726,University of Miami,21,16,0.189,54690,0.4559891107,2,20,1
4504,Criminology.,135726,1,"Private, nonprofit",3,70461,32,135726,University of Miami,21,16,0.189,54690,0.4559891107,2,20,1
4506,Economics.,135726,1,"Private, nonprofit",3,92998,69,135726,University of Miami,21,16,0.189,54690,0.4559891107,2,20,1
4509,International Relations and National Security Studies.,135726,1,"Private, nonprofit",3,84474,28,135726,University of Miami,21,16,0.189,54690,0.4559891107,2,20,1
4510,Political Science and Government.,135726,1,"Private, nonprofit",3,62216,68,135726,University of Miami,21,16,0.189,54690,0.4559891107,2,20,1
4511,Sociology.,135726,1,"Private, nonprofit",3,63764,27,135726,University of Miami,21,16,0.189,54690,0.4559891107,2,20,1
5005,Drama/Theatre Arts and Stagecraft.,135726,1,"Private, nonprofit",3,34667,25,135726,University of Miami,21,16,0.189,54690,0.4559891107,2,20,1
5006,Film/Video and Photographic Arts.,135726,1,"Private, nonprofit",3,52032,39,135726,University of Miami,21,16,0.189,54690,0.4559891107,2,20,1
5009,Music.,135726,1,"Private, nonprofit",3,29090,44,135726,University of Miami,21,16,0.189,54690,0.4559891107,2,20,1
5009,Music.,135726,1,"Private, nonprofit",5,55826,39,135726,University of Miami,21,16,0.189,54690,0.4559891107,2,20,1
5009,Music.,135726,1,"Private, nonprofit",6,45553,16,135726,University of Miami,21,16,0.189,54690,0.4559891107,2,20,1
5010,"Arts, Entertainment, and Media Management.",135726,2,"Private, nonprofit",5,56106,20,135726,University of Miami,21,16,0.189,54690,0.4559891107,2,20,1
5100,"Health Services/Allied Health/Health Sciences, General.",135726,1,"Private, nonprofit",3,66064,22,135726,University of Miami,21,16,0.189,54690,0.4559891107,2,20,1
5107,Health and Medical Administrative Services.,135726,1,"Private, nonprofit",5,207995,28,135726,University of Miami,21,16,0.189,54690,0.4559891107,2,20,1
5112,Medicine.,135726,1,"Private, nonprofit",7,94678,249,135726,University of Miami,21,16,0.189,54690,0.4559891107,2,20,1
5115,Mental and Social Health Services and Allied Professions.,135726,1,"Private, nonprofit",5,63911,24,135726,University of Miami,21,16,0.189,54690,0.4559891107,2,20,1
5123,Rehabilitation and Therapeutic Professions.,135726,1,"Private, nonprofit",6,82300,85,135726,University of Miami,21,16,0.189,54690,0.4559891107,2,20,1
5127,Medical Illustration and Informatics.,135726,0,"Private, nonprofit",5,104625,22,135726,University of Miami,21,16,0.189,54690,0.4559891107,2,20,1
5138,"Registered Nursing, Nursing Administration, Nursing Research and Clinical Nursing.",135726,1,"Private, nonprofit",3,92555,229,135726,University of Miami,21,16,0.189,54690,0.4559891107,2,20,1
5138,"Registered Nursing, Nursing Administration, Nursing Research and Clinical Nursing.",135726,1,"Private, nonprofit",5,120982,236,135726,University of Miami,21,16,0.189,54690,0.4559891107,2,20,1
5138,"Registered Nursing, Nursing Administration, Nursing Research and Clinical Nursing.",135726,1,"Private, nonprofit",6,174255,74,135726,University of Miami,21,16,0.189,54690,0.4559891107,2,20,1
5202,"Business Administration, Management and Operations.",135726,1,"Private, nonprofit",3,66065,50,135726,University of Miami,21,16,0.189,54690,0.4559891107,2,20,1
5202,"Business Administration, Management and Operations.",135726,2,"Private, nonprofit",5,128052,195,135726,University of Miami,21,16,0.189,54690,0.4559891107,2,20,1
5203,Accounting and Related Services.,135726,1,"Private, nonprofit",3,102344,49,135726,University of Miami,21,16,0.189,54690,0.4559891107,2,20,1
5203,Accounting and Related Services.,135726,0,"Private, nonprofit",5,105675,63,135726,University of Miami,21,16,0.189,54690,0.4559891107,2,20,1
5206,Business/Managerial Economics.,135726,1,"Private, nonprofit",3,116367,33,135726,University of Miami,21,16,0.189,54690,0.4559891107,2,20,1
5207,Entrepreneurial and Small Business Operations.,135726,1,"Private, nonprofit",3,73489,18,135726,University of Miami,21,16,0.189,54690,0.4559891107,2,20,1
5208,Finance and Financial Management Services.,135726,1,"Private, nonprofit",3,110240,122,135726,University of Miami,21,16,0.189,54690,0.4559891107,2,20,1
5208,Finance and Financial Management Services.,135726,2,"Private, nonprofit",5,112491,43,135726,University of Miami,21,16,0.189,54690,0.4559891107,2,20,1
5208,Finance and Financial Management Services.,135726,2,"Private, nonprofit",8,81316,18,135726,University of Miami,21,16,0.189,54690,0.4559891107,2,20,1
5214,Marketing.,135726,1,"Private, nonprofit",3,85935,78,135726,University of Miami,21,16,0.189,54690,0.4559891107,2,20,1
5216,Taxation.,135726,0,"Private, nonprofit",5,110300,26,135726,University of Miami,21,16,0.189,54690,0.4559891107,2,20,1
1204,Cosmetology and Related Personal Grooming Services.,136109,1,"Private, for-profit",1,31923,363,136109,Paul Mitchell the School-Jacksonville,11,-2,,23659,0.7439886846,1,25,1
2401,"Liberal Arts and Sciences, General Studies and Humanities.",136145,1,Public,2,40261,116,136145,North Florida College,42,6,,17842,,1,24,1
5138,"Registered Nursing, Nursing Administration, Nursing Research and Clinical Nursing.",136145,1,Public,2,70310,53,136145,North Florida College,42,6,,17842,,1,24,1
0901,Communication and Media Studies.,136172,1,Public,3,54360,268,136172,University of North Florida,11,15,0.5324,37074,0.6143506622,2,22,1
1101,"Computer and Information Sciences, General.",136172,1,Public,3,84034,152,136172,University of North Florida,11,15,0.5324,37074,0.6143506622,2,22,1
1304,Educational Administration and Supervision.,136172,1,Public,5,64989,60,136172,University of North Florida,11,15,0.5324,37074,0.6143506622,2,22,1
1310,Special Education and Teaching.,136172,1,Public,3,59429,21,136172,University of North Florida,11,15,0.5324,37074,0.6143506622,2,22,1
1311,Student Counseling and Personnel Services.,136172,1,Public,5,60302,26,136172,University of North Florida,11,15,0.5324,37074,0.6143506622,2,22,1
1312,"Teacher Education and Professional Development, Specific Levels and Methods.",136172,1,Public,3,49545,104,136172,University of North Florida,11,15,0.5324,37074,0.6143506622,2,22,1
1312,"Teacher Education and Professional Development, Specific Levels and Methods.",136172,1,Public,5,54130,22,136172,University of North Florida,11,15,0.5324,37074,0.6143506622,2,22,1
1313,"Teacher Education and Professional Development, Specific Subject Areas.",136172,1,Public,3,52496,17,136172,University of North Florida,11,15,0.5324,37074,0.6143506622,2,22,1
1408,Civil Engineering.,136172,1,Public,3,77498,34,136172,University of North Florida,11,15,0.5324,37074,0.6143506622,2,22,1
1410,"Electrical, Electronics, and Communications Engineering.",136172,1,Public,3,90944,34,136172,University of North Florida,11,15,0.5324,37074,0.6143506622,2,22,1
1419,Mechanical Engineering.,136172,1,Public,3,85995,85,136172,University of North Florida,11,15,0.5324,37074,0.6143506622,2,22,1
1510,Construction Engineering Technology/Technician.,136172,1,Public,3,94692,42,136172,University of North Florida,11,15,0.5324,37074,0.6143506622,2,22,1
1609,"Romance Languages, Literatures, and Linguistics.",136172,1,Public,3,49750,17,136172,University of North Florida,11,15,0.5324,37074,0.6143506622,2,22,1
1616,American Sign Language.,136172,1,Public,3,39944,23,136172,University of North Florida,11,15,0.5324,37074,0.6143506622,2,22,1
2301,"English Language and Literature, General.",136172,1,Public,3,42390,93,136172,University of North Florida,11,15,0.5324,37074,0.6143506622,2,22,1
2301,"English Language and Literature, General.",136172,1,Public,5,54367,17,136172,University of North Florida,11,15,0.5324,37074,0.6143506622,2,22,1
2601,"Biology, General.",136172,1,Public,3,55828,84,136172,University of North Florida,11,15,0.5324,37074,0.6143506622,2,22,1
2701,Mathematics.,136172,1,Public,3,62631,20,136172,University of North Florida,11,15,0.5324,37074,0.6143506622,2,22,1
3000,"Multi-/Interdisciplinary Studies, General.",136172,1,Public,3,49804,96,136172,University of North Florida,11,15,0.5324,37074,0.6143506622,2,22,1
3020,International/Globalization Studies.,136172,1,Public,3,54321,41,136172,University of North Florida,11,15,0.5324,37074,0.6143506622,2,22,1
3105,"Sports, Kinesiology, and Physical Education/Fitness.",136172,1,Public,3,51606,76,136172,University of North Florida,11,15,0.5324,37074,0.6143506622,2,22,1
4005,Chemistry.,136172,1,Public,3,55478,18,136172,University of North Florida,11,15,0.5324,37074,0.6143506622,2,22,1
4008,Physics.,136172,1,Public,3,64413,16,136172,University of North Florida,11,15,0.5324,37074,0.6143506622,2,22,1
4227,Research and Experimental Psychology.,136172,1,Public,3,45521,274,136172,University of North Florida,11,15,0.5324,37074,0.6143506622,2,22,1
4301,Criminal Justice and Corrections.,136172,1,Public,3,51654,172,136172,University of North Florida,11,15,0.5324,37074,0.6143506622,2,22,1
4404,Public Administration.,136172,1,Public,5,67442,20,136172,University of North Florida,11,15,0.5324,37074,0.6143506622,2,22,1
4407,Social Work.,136172,1,Public,3,47659,39,136172,University of North Florida,11,15,0.5324,37074,0.6143506622,2,22,1
4502,Anthropology.,136172,1,Public,3,48132,33,136172,University of North Florida,11,15,0.5324,37074,0.6143506622,2,22,1
4506,Economics.,136172,1,Public,3,75014,31,136172,University of North Florida,11,15,0.5324,37074,0.6143506622,2,22,1
4510,Political Science and Government.,136172,1,Public,3,58718,92,136172,University of North Florida,11,15,0.5324,37074,0.6143506622,2,22,1
4511,Sociology.,136172,1,Public,3,44152,66,136172,University of North Florida,11,15,0.5324,37074,0.6143506622,2,22,1
5007,Fine and Studio Arts.,136172,1,Public,3,43804,79,136172,University of North Florida,11,15,0.5324,37074,0.6143506622,2,22,1
5009,Music.,136172,1,Public,3,33841,40,136172,University of North Florida,11,15,0.5324,37074,0.6143506622,2,22,1
5100,"Health Services/Allied Health/Health Sciences, General.",136172,1,Public,3,53540,161,136172,University of North Florida,11,15,0.5324,37074,0.6143506622,2,22,1
5100,"Health Services/Allied Health/Health Sciences, General.",136172,1,Public,5,55762,20,136172,University of North Florida,11,15,0.5324,37074,0.6143506622,2,22,1
5107,Health and Medical Administrative Services.,136172,1,Public,3,55345,100,136172,University of North Florida,11,15,0.5324,37074,0.6143506622,2,22,1
5107,Health and Medical Administrative Services.,136172,1,Public,5,84976,28,136172,University of North Florida,11,15,0.5324,37074,0.6143506622,2,22,1
5109,"Allied Health Diagnostic, Intervention, and Treatment Professions.",136172,1,Public,3,56179,28,136172,University of North Florida,11,15,0.5324,37074,0.6143506622,2,22,1
5115,Mental and Social Health Services and Allied Professions.,136172,1,Public,5,59696,45,136172,University of North Florida,11,15,0.5324,37074,0.6143506622,2,22,1
5122,Public Health.,136172,1,Public,5,63367,25,136172,University of North Florida,11,15,0.5324,37074,0.6143506622,2,22,1
5123,Rehabilitation and Therapeutic Professions.,136172,0,Public,6,85171,48,136172,University of North Florida,11,15,0.5324,37074,0.6143506622,2,22,1
5131,Dietetics and Clinical Nutrition Services.,136172,1,Public,3,54952,78,136172,University of North Florida,11,15,0.5324,37074,0.6143506622,2,22,1
5131,Dietetics and Clinical Nutrition Services.,136172,3,Public,5,66348,20,136172,University of North Florida,11,15,0.5324,37074,0.6143506622,2,22,1
5138,"Registered Nursing, Nursing Administration, Nursing Research and Clinical Nursing.",136172,2,Public,3,79454,224,136172,University of North Florida,11,15,0.5324,37074,0.6143506622,2,22,1
5138,"Registered Nursing, Nursing Administration, Nursing Research and Clinical Nursing.",136172,0,Public,6,135151,124,136172,University of North Florida,11,15,0.5324,37074,0.6143506622,2,22,1
5201,"Business/Commerce, General.",136172,1,Public,5,81376,41,136172,University of North Florida,11,15,0.5324,37074,0.6143506622,2,22,1
5202,"Business Administration, Management and Operations.",136172,1,Public,3,65768,218,136172,University of North Florida,11,15,0.5324,37074,0.6143506622,2,22,1
5202,"Business Administration, Management and Operations.",136172,1,Public,5,99023,136,136172,University of North Florida,11,15,0.5324,37074,0.6143506622,2,22,1
5203,Accounting and Related Services.,136172,1,Public,3,73868,103,136172,University of North Florida,11,15,0.5324,37074,0.6143506622,2,22,1
5203,Accounting and Related Services.,136172,1,Public,5,110979,33,136172,University of North Florida,11,15,0.5324,37074,0.6143506622,2,22,1
5206,Business/Managerial Economics.,136172,1,Public,3,64541,23,136172,University of North Florida,11,15,0.5324,37074,0.6143506622,2,22,1
5208,Finance and Financial Management Services.,136172,1,Public,3,75475,142,136172,University of North Florida,11,15,0.5324,37074,0.6143506622,2,22,1
5211,International Business.,136172,1,Public,3,68527,39,136172,University of North Florida,11,15,0.5324,37074,0.6143506622,2,22,1
5214,Marketing.,136172,1,Public,3,62294,122,136172,University of North Florida,11,15,0.5324,37074,0.6143506622,2,22,1
5401,History.,136172,1,Public,3,49611,43,136172,University of North Florida,11,15,0.5324,37074,0.6143506622,2,22,1
1101,"Computer and Information Sciences, General.",136215,2,"Private, nonprofit",5,103720,24,136215,Nova Southeastern University,21,16,0.7321,31002,0.6566484517,2,24,1
1104,Information Science/Studies.,136215,3,"Private, nonprofit",5,105187,69,136215,Nova Southeastern University,21,16,0.7321,31002,0.6566484517,2,24,1
1107,Computer Science.,136215,2,"Private, nonprofit",5,142461,16,136215,Nova Southeastern University,21,16,0.7321,31002,0.6566484517,2,24,1
1301,"Education, General.",136215,3,"Private, nonprofit",6,81299,546,136215,Nova Southeastern University,21,16,0.7321,31002,0.6566484517,2,24,1
1303,Curriculum and Instruction.,136215,3,"Private, nonprofit",5,57180,23,136215,Nova Southeastern University,21,16,0.7321,31002,0.6566484517,2,24,1
1304,Educational Administration and Supervision.,136215,2,"Private, nonprofit",5,70069,149,136215,Nova Southeastern University,21,16,0.7321,31002,0.6566484517,2,24,1
1310,Special Education and Teaching.,136215,3,"Private, nonprofit",5,58972,40,136215,Nova Southeastern University,21,16,0.7321,31002,0.6566484517,2,24,1
1311,Student Counseling and Personnel Services.,136215,2,"Private, nonprofit",5,58880,38,136215,Nova Southeastern University,21,16,0.7321,31002,0.6566484517,2,24,1
1312,"Teacher Education and Professional Development, Specific Levels and Methods.",136215,3,"Private, nonprofit",5,57713,23,136215,Nova Southeastern University,21,16,0.7321,31002,0.6566484517,2,24,1
1313,"Teacher Education and Professional Development, Specific Subject Areas.",136215,2,"Private, nonprofit",5,64174,116,136215,Nova Southeastern University,21,16,0.7321,31002,0.6566484517,2,24,1
1313,"Teacher Education and Professional Development, Specific Subject Areas.",136215,3,"Private, nonprofit",6,55151,21,136215,Nova Southeastern University,21,16,0.7321,31002,0.6566484517,2,24,1
1907,"Human Development, Family Studies, and Related Services.",136215,3,"Private, nonprofit",5,61760,91,136215,Nova Southeastern University,21,16,0.7321,31002,0.6566484517,2,24,1
2201,Law.,136215,2,"Private, nonprofit",7,96470,470,136215,Nova Southeastern University,21,16,0.7321,31002,0.6566484517,2,24,1
2202,Legal Research and Advanced Professional Studies.,136215,2,"Private, nonprofit",5,91014,53,136215,Nova Southeastern University,21,16,0.7321,31002,0.6566484517,2,24,1
2601,"Biology, General.",136215,2,"Private, nonprofit",3,57249,85,136215,Nova Southeastern University,21,16,0.7321,31002,0.6566484517,2,24,1
2609,"Physiology, Pathology and Related Sciences.",136215,2,"Private, nonprofit",3,122809,115,136215,Nova Southeastern University,21,16,0.7321,31002,0.6566484517,2,24,1
2613,"Ecology, Evolution, Systematics, and Population Biology.",136215,2,"Private, nonprofit",3,45287,19,136215,Nova Southeastern University,21,16,0.7321,31002,0.6566484517,2,24,1
2613,"Ecology, Evolution, Systematics, and Population Biology.",136215,2,"Private, nonprofit",5,62655,34,136215,Nova Southeastern University,21,16,0.7321,31002,0.6566484517,2,24,1
3028,Dispute Resolution.,136215,2,"Private, nonprofit",6,66910,30,136215,Nova Southeastern University,21,16,0.7321,31002,0.6566484517,2,24,1
3105,"Sports, Kinesiology, and Physical Education/Fitness.",136215,2,"Private, nonprofit",3,55487,38,136215,Nova Southeastern University,21,16,0.7321,31002,0.6566484517,2,24,1
4201,"Psychology, General.",136215,2,"Private, nonprofit",3,50563,45,136215,Nova Southeastern University,21,16,0.7321,31002,0.6566484517,2,24,1
4201,"Psychology, General.",136215,3,"Private, nonprofit",5,60151,19,136215,Nova Southeastern University,21,16,0.7321,31002,0.6566484517,2,24,1
4228,"Clinical, Counseling and Applied Psychology.",136215,2,"Private, nonprofit",5,64896,346,136215,Nova Southeastern University,21,16,0.7321,31002,0.6566484517,2,24,1
4228,"Clinical, Counseling and Applied Psychology.",136215,2,"Private, nonprofit",6,99428,108,136215,Nova Southeastern University,21,16,0.7321,31002,0.6566484517,2,24,1
4301,Criminal Justice and Corrections.,136215,2,"Private, nonprofit",3,71972,17,136215,Nova Southeastern University,21,16,0.7321,31002,0.6566484517,2,24,1
4301,Criminal Justice and Corrections.,136215,3,"Private, nonprofit",5,61713,55,136215,Nova Southeastern University,21,16,0.7321,31002,0.6566484517,2,24,1
4301,Criminal Justice and Corrections.,136215,3,"Private, nonprofit",6,109172,17,136215,Nova Southeastern University,21,16,0.7321,31002,0.6566484517,2,24,1
4404,Public Administration.,136215,2,"Private, nonprofit",5,71298,31,136215,Nova Southeastern University,21,16,0.7321,31002,0.6566484517,2,24,1
4407,Social Work.,136215,3,"Private, nonprofit",5,62202,51,136215,Nova Southeastern University,21,16,0.7321,31002,0.6566484517,2,24,1
5100,"Health Services/Allied Health/Health Sciences, General.",136215,2,"Private, nonprofit",3,82727,20,136215,Nova Southeastern University,21,16,0.7321,31002,0.6566484517,2,24,1
5100,"Health Services/Allied Health/Health Sciences, General.",136215,2,"Private, nonprofit",5,85889,47,136215,Nova Southeastern University,21,16,0.7321,31002,0.6566484517,2,24,1
5100,"Health Services/Allied Health/Health Sciences, General.",136215,2,"Private, nonprofit",6,114954,74,136215,Nova Southeastern University,21,16,0.7321,31002,0.6566484517,2,24,1
5102,Communication Disorders Sciences and Services.,136215,2,"Private, nonprofit",5,67111,377,136215,Nova Southeastern University,21,16,0.7321,31002,0.6566484517,2,24,1
5102,Communication Disorders Sciences and Services.,136215,0,"Private, nonprofit",6,96694,29,136215,Nova Southeastern University,21,16,0.7321,31002,0.6566484517,2,24,1
5104,Dentistry.,136215,0,"Private, nonprofit",6,156942,189,136215,Nova Southeastern University,21,16,0.7321,31002,0.6566484517,2,24,1
5108,Allied Health and Medical Assisting Services.,136215,2,"Private, nonprofit",5,221571,108,136215,Nova Southeastern University,21,16,0.7321,31002,0.6566484517,2,24,1
5109,"Allied Health Diagnostic, Intervention, and Treatment Professions.",136215,2,"Private, nonprofit",3,83250,84,136215,Nova Southeastern University,21,16,0.7321,31002,0.6566484517,2,24,1
5109,"Allied Health Diagnostic, Intervention, and Treatment Professions.",136215,2,"Private, nonprofit",5,129749,415,136215,Nova Southeastern University,21,16,0.7321,31002,0.6566484517,2,24,1
5112,Medicine.,136215,0,"Private, nonprofit",6,130217,373,136215,Nova Southeastern University,21,16,0.7321,31002,0.6566484517,2,24,1
5115,Mental and Social Health Services and Allied Professions.,136215,2,"Private, nonprofit",5,55344,191,136215,Nova Southeastern University,21,16,0.7321,31002,0.6566484517,2,24,1
5115,Mental and Social Health Services and Allied Professions.,136215,2,"Private, nonprofit",6,62583,35,136215,Nova Southeastern University,21,16,0.7321,31002,0.6566484517,2,24,1
5117,Optometry.,136215,0,"Private, nonprofit",6,130197,141,136215,Nova Southeastern University,21,16,0.7321,31002,0.6566484517,2,24,1
5120,"Pharmacy, Pharmaceutical Sciences, and Administration.",136215,2,"Private, nonprofit",6,131167,413,136215,Nova Southeastern University,21,16,0.7321,31002,0.6566484517,2,24,1
5122,Public Health.,136215,2,"Private, nonprofit",5,98338,91,136215,Nova Southeastern University,21,16,0.7321,31002,0.6566484517,2,24,1
5123,Rehabilitation and Therapeutic Professions.,136215,2,"Private, nonprofit",5,73781,84,136215,Nova Southeastern University,21,16,0.7321,31002,0.6566484517,2,24,1
5123,Rehabilitation and Therapeutic Professions.,136215,2,"Private, nonprofit",6,80533,217,136215,Nova Southeastern University,21,16,0.7321,31002,0.6566484517,2,24,1
5127,Medical Illustration and Informatics.,136215,2,"Private, nonprofit",5,127664,23,136215,Nova Southeastern University,21,16,0.7321,31002,0.6566484517,2,24,1
5138,"Registered Nursing, Nursing Administration, Nursing Research and Clinical Nursing.",136215,3,"Private, nonprofit",3,88004,469,136215,Nova Southeastern University,21,16,0.7321,31002,0.6566484517,2,24,1
5138,"Registered Nursing, Nursing Administration, Nursing Research and Clinical Nursing.",136215,2,"Private, nonprofit",5,113592,255,136215,Nova Southeastern University,21,16,0.7321,31002,0.6566484517,2,24,1
5202,"Business Administration, Management and Operations.",136215,2,"Private, nonprofit",3,67851,62,136215,Nova Southeastern University,21,16,0.7321,31002,0.6566484517,2,24,1
5202,"Business Administration, Management and Operations.",136215,2,"Private, nonprofit",5,86083,856,136215,Nova Southeastern University,21,16,0.7321,31002,0.6566484517,2,24,1
5203,Accounting and Related Services.,136215,2,"Private, nonprofit",3,73874,16,136215,Nova Southeastern University,21,16,0.7321,31002,0.6566484517,2,24,1
5203,Accounting and Related Services.,136215,2,"Private, nonprofit",5,96451,122,136215,Nova Southeastern University,21,16,0.7321,31002,0.6566484517,2,24,1
5208,Finance and Financial Management Services.,136215,2,"Private, nonprofit",3,66302,31,136215,Nova Southeastern University,21,16,0.7321,31002,0.6566484517,2,24,1
5210,Human Resources Management and Services.,136215,2,"Private, nonprofit",5,67513,67,136215,Nova Southeastern University,21,16,0.7321,31002,0.6566484517,2,24,1
5216,Taxation.,136215,2,"Private, nonprofit",5,93144,33,136215,Nova Southeastern University,21,16,0.7321,31002,0.6566484517,2,24,1
1312,"Teacher Education and Professional Development, Specific Levels and Methods.",136233,1,Public,3,51900,34,136233,Northwest Florida State College,22,9,,23721,0.9132875858,1,25,1
2401,"Liberal Arts and Sciences, General Studies and Humanities.",136233,3,Public,2,46361,330,136233,Northwest Florida State College,22,9,,23721,0.9132875858,1,25,1
4301,Criminal Justice and Corrections.,136233,1,Public,1,52766,49,136233,Northwest Florida State College,22,9,,23721,0.9132875858,1,25,1
4805,Precision Metal Working.,136233,1,Public,1,58333,20,136233,Northwest Florida State College,22,9,,23721,0.9132875858,1,25,1
5109,"Allied Health Diagnostic, Intervention, and Treatment Professions.",136233,1,Public,1,47053,23,136233,Northwest Florida State College,22,9,,23721,0.9132875858,1,25,1
5138,"Registered Nursing, Nursing Administration, Nursing Research and Clinical Nursing.",136233,1,Public,2,76181,72,136233,Northwest Florida State College,22,9,,23721,0.9132875858,1,25,1
5138,"Registered Nursing, Nursing Administration, Nursing Research and Clinical Nursing.",136233,3,Public,3,84993,48,136233,Northwest Florida State College,22,9,,23721,0.9132875858,1,25,1
5202,"Business Administration, Management and Operations.",136233,1,Public,3,51535,54,136233,Northwest Florida State College,22,9,,23721,0.9132875858,1,25,1
1110,Computer/Information Technology Administration and Management.,136303,0,Public,1,32262,28,136303,Orange Technical College,11,-2,,14956,,1,26,1
1204,Cosmetology and Related Personal Grooming Services.,136303,0,Public,1,26468,47,136303,Orange Technical College,11,-2,,14956,,1,26,1
1205,Culinary Arts and Related Services.,136303,0,Public,1,23220,19,136303,Orange Technical College,11,-2,,14956,,1,26,1
4702,"Heating, Air Conditioning, Ventilation and Refrigeration Maintenance Technology/Technician (HAC, HACR, HVAC, HVACR).",136303,0,Public,1,39035,47,136303,Orange Technical College,11,-2,,14956,,1,26,1
4706,Vehicle Maintenance and Repair Technologies/Technicians.,136303,0,Public,1,52174,87,136303,Orange Technical College,11,-2,,14956,,1,26,1
4805,Precision Metal Working.,136303,0,Public,1,47407,20,136303,Orange Technical College,11,-2,,14956,,1,26,1
5004,Design and Applied Arts.,136303,0,Public,1,18193,20,136303,Orange Technical College,11,-2,,14956,,1,26,1
5106,Dental Support Services and Allied Professions.,136303,0,Public,1,34990,22,136303,Orange Technical College,11,-2,,14956,,1,26,1
5107,Health and Medical Administrative Services.,136303,1,Public,1,32626,34,136303,Orange Technical College,11,-2,,14956,,1,26,1
5108,Allied Health and Medical Assisting Services.,136303,1,Public,1,34647,106,136303,Orange Technical College,11,-2,,14956,,1,26,1
5110,Clinical/Medical Laboratory Science/Research and Allied Professions.,136303,1,Public,1,31020,18,136303,Orange Technical College,11,-2,,14956,,1,26,1
5135,Somatic Bodywork and Related Therapeutic Services.,136303,1,Public,1,37194,24,136303,Orange Technical College,11,-2,,14956,,1,26,1
5139,"Practical Nursing, Vocational Nursing and Nursing Assistants.",136303,1,Public,1,47836,22,136303,Orange Technical College,11,-2,,14956,,1,26,1
0901,Communication and Media Studies.,136330,3,"Private, nonprofit",3,47847,19,136330,Palm Beach Atlantic University,12,11,0.8199,52817,0.5402097902,2,22,1
1311,Student Counseling and Personnel Services.,136330,1,"Private, nonprofit",5,59954,27,136330,Palm Beach Atlantic University,12,11,0.8199,52817,0.5402097902,2,22,1
2601,"Biology, General.",136330,1,"Private, nonprofit",3,56258,24,136330,Palm Beach Atlantic University,12,11,0.8199,52817,0.5402097902,2,22,1
3903,Missions/Missionary Studies and Missiology.,136330,1,"Private, nonprofit",3,42589,16,136330,Palm Beach Atlantic University,12,11,0.8199,52817,0.5402097902,2,22,1
3906,Theological and Ministerial Studies.,136330,2,"Private, nonprofit",3,53398,27,136330,Palm Beach Atlantic University,12,11,0.8199,52817,0.5402097902,2,22,1
4201,"Psychology, General.",136330,2,"Private, nonprofit",3,51530,61,136330,Palm Beach Atlantic University,12,11,0.8199,52817,0.5402097902,2,22,1
5115,Mental and Social Health Services and Allied Professions.,136330,1,"Private, nonprofit",5,54393,95,136330,Palm Beach Atlantic University,12,11,0.8199,52817,0.5402097902,2,22,1
5120,"Pharmacy, Pharmaceutical Sciences, and Administration.",136330,0,"Private, nonprofit",6,132063,63,136330,Palm Beach Atlantic University,12,11,0.8199,52817,0.5402097902,2,22,1
5138,"Registered Nursing, Nursing Administration, Nursing Research and Clinical Nursing.",136330,2,"Private, nonprofit",3,76008,53,136330,Palm Beach Atlantic University,12,11,0.8199,52817,0.5402097902,2,22,1
5138,"Registered Nursing, Nursing Administration, Nursing Research and Clinical Nursing.",136330,0,"Private, nonprofit",6,116095,36,136330,Palm Beach Atlantic University,12,11,0.8199,52817,0.5402097902,2,22,1
5202,"Business Administration, Management and Operations.",136330,2,"Private, nonprofit",3,59081,29,136330,Palm Beach Atlantic University,12,11,0.8199,52817,0.5402097902,2,22,1
5202,"Business Administration, Management and Operations.",136330,3,"Private, nonprofit",5,72925,42,136330,Palm Beach Atlantic University,12,11,0.8199,52817,0.5402097902,2,22,1
5208,Finance and Financial Management Services.,136330,1,"Private, nonprofit",3,66689,16,136330,Palm Beach Atlantic University,12,11,0.8199,52817,0.5402097902,2,22,1
5210,Human Resources Management and Services.,136330,3,"Private, nonprofit",3,60379,34,136330,Palm Beach Atlantic University,12,11,0.8199,52817,0.5402097902,2,22,1
5214,Marketing.,136330,1,"Private, nonprofit",3,53668,27,136330,Palm Beach Atlantic University,12,11,0.8199,52817,0.5402097902,2,22,1
1101,"Computer and Information Sciences, General.",136358,1,Public,2,52616,23,136358,Palm Beach State College,21,15,,21408,0.9218037494,1,23,1
1108,Computer Software and Media Applications.,136358,1,Public,2,48988,20,136358,Palm Beach State College,21,15,,21408,0.9218037494,1,23,1
1110,Computer/Information Technology Administration and Management.,136358,2,Public,2,47776,43,136358,Palm Beach State College,21,15,,21408,0.9218037494,1,23,1
1110,Computer/Information Technology Administration and Management.,136358,2,Public,3,69612,70,136358,Palm Beach State College,21,15,,21408,0.9218037494,1,23,1
1204,Cosmetology and Related Personal Grooming Services.,136358,1,Public,1,31237,80,136358,Palm Beach State College,21,15,,21408,0.9218037494,1,23,1
1312,"Teacher Education and Professional Development, Specific Levels and Methods.",136358,1,Public,2,38687,23,136358,Palm Beach State College,21,15,,21408,0.9218037494,1,23,1
1907,"Human Development, Family Studies, and Related Services.",136358,1,Public,1,38561,36,136358,Palm Beach State College,21,15,,21408,0.9218037494,1,23,1
2203,Legal Support Services.,136358,1,Public,2,51314,33,136358,Palm Beach State College,21,15,,21408,0.9218037494,1,23,1
2401,"Liberal Arts and Sciences, General Studies and Humanities.",136358,2,Public,2,44569,2852,136358,Palm Beach State College,21,15,,21408,0.9218037494,1,23,1
4301,Criminal Justice and Corrections.,136358,1,Public,1,78216,153,136358,Palm Beach State College,21,15,,21408,0.9218037494,1,23,1
4302,Fire Protection.,136358,1,Public,1,66689,30,136358,Palm Beach State College,21,15,,21408,0.9218037494,1,23,1
4304,Security Science and Technology.,136358,1,Public,2,51215,16,136358,Palm Beach State College,21,15,,21408,0.9218037494,1,23,1
4603,Electrical and Power Transmission Installers.,136358,1,Public,1,46154,28,136358,Palm Beach State College,21,15,,21408,0.9218037494,1,23,1
4702,"Heating, Air Conditioning, Ventilation and Refrigeration Maintenance Technology/Technician (HAC, HACR, HVAC, HVACR).",136358,1,Public,1,47547,32,136358,Palm Beach State College,21,15,,21408,0.9218037494,1,23,1
4706,Vehicle Maintenance and Repair Technologies/Technicians.,136358,1,Public,1,43464,53,136358,Palm Beach State College,21,15,,21408,0.9218037494,1,23,1
4805,Precision Metal Working.,136358,1,Public,1,46610,43,136358,Palm Beach State College,21,15,,21408,0.9218037494,1,23,1
5004,Design and Applied Arts.,136358,1,Public,2,40966,24,136358,Palm Beach State College,21,15,,21408,0.9218037494,1,23,1
5106,Dental Support Services and Allied Professions.,136358,1,Public,1,51204,23,136358,Palm Beach State College,21,15,,21408,0.9218037494,1,23,1
5106,Dental Support Services and Allied Professions.,136358,1,Public,2,67713,30,136358,Palm Beach State College,21,15,,21408,0.9218037494,1,23,1
5108,Allied Health and Medical Assisting Services.,136358,1,Public,1,34711,22,136358,Palm Beach State College,21,15,,21408,0.9218037494,1,23,1
5109,"Allied Health Diagnostic, Intervention, and Treatment Professions.",136358,1,Public,1,68457,144,136358,Palm Beach State College,21,15,,21408,0.9218037494,1,23,1
5109,"Allied Health Diagnostic, Intervention, and Treatment Professions.",136358,1,Public,2,62303,57,136358,Palm Beach State College,21,15,,21408,0.9218037494,1,23,1
5115,Mental and Social Health Services and Allied Professions.,136358,1,Public,2,44340,25,136358,Palm Beach State College,21,15,,21408,0.9218037494,1,23,1
5135,Somatic Bodywork and Related Therapeutic Services.,136358,1,Public,1,30028,25,136358,Palm Beach State College,21,15,,21408,0.9218037494,1,23,1
5138,"Registered Nursing, Nursing Administration, Nursing Research and Clinical Nursing.",136358,2,Public,2,83171,227,136358,Palm Beach State College,21,15,,21408,0.9218037494,1,23,1
5138,"Registered Nursing, Nursing Administration, Nursing Research and Clinical Nursing.",136358,2,Public,3,85210,65,136358,Palm Beach State College,21,15,,21408,0.9218037494,1,23,1
5139,"Practical Nursing, Vocational Nursing and Nursing Assistants.",136358,1,Public,1,57893,56,136358,Palm Beach State College,21,15,,21408,0.9218037494,1,23,1
5202,"Business Administration, Management and Operations.",136358,2,Public,2,56659,22,136358,Palm Beach State College,21,15,,21408,0.9218037494,1,23,1
5202,"Business Administration, Management and Operations.",136358,2,Public,3,54096,292,136358,Palm Beach State College,21,15,,21408,0.9218037494,1,23,1
5209,Hospitality Administration/Management.,136358,2,Public,2,36364,17,136358,Palm Beach State College,21,15,,21408,0.9218037494,1,23,1
5215,Real Estate.,136358,1,Public,1,55978,49,136358,Palm Beach State College,21,15,,21408,0.9218037494,1,23,1
5219,"Specialized Sales, Merchandising and  Marketing Operations.",136358,1,Public,1,48615,18,136358,Palm Beach State College,21,15,,21408,0.9218037494,1,23,1
1110,Computer/Information Technology Administration and Management.,136400,1,Public,2,64565,19,136400,Pasco-Hernando State College,21,12,,23149,0.8602089269,1,24,1
2401,"Liberal Arts and Sciences, General Studies and Humanities.",136400,3,Public,2,42899,712,136400,Pasco-Hernando State College,21,12,,23149,0.8602089269,1,24,1
4301,Criminal Justice and Corrections.,136400,0,Public,99,63936,81,136400,Pasco-Hernando State College,21,12,,23149,0.8602089269,1,24,1
4302,Fire Protection.,136400,0,Public,99,54917,16,136400,Pasco-Hernando State College,21,12,,23149,0.8602089269,1,24,1
5106,Dental Support Services and Allied Professions.,136400,1,Public,2,66891,17,136400,Pasco-Hernando State College,21,12,,23149,0.8602089269,1,24,1
5109,"Allied Health Diagnostic, Intervention, and Treatment Professions.",136400,1,Public,2,57323,58,136400,Pasco-Hernando State College,21,12,,23149,0.8602089269,1,24,1
5109,"Allied Health Diagnostic, Intervention, and Treatment Professions.",136400,0,Public,99,61516,42,136400,Pasco-Hernando State College,21,12,,23149,0.8602089269,1,24,1
5110,Clinical/Medical Laboratory Science/Research and Allied Professions.,136400,0,Public,99,43992,17,136400,Pasco-Hernando State College,21,12,,23149,0.8602089269,1,24,1
5115,Mental and Social Health Services and Allied Professions.,136400,1,Public,2,29286,24,136400,Pasco-Hernando State College,21,12,,23149,0.8602089269,1,24,1
5138,"Registered Nursing, Nursing Administration, Nursing Research and Clinical Nursing.",136400,1,Public,2,78938,219,136400,Pasco-Hernando State College,21,12,,23149,0.8602089269,1,24,1
5138,"Registered Nursing, Nursing Administration, Nursing Research and Clinical Nursing.",136400,1,Public,3,92673,38,136400,Pasco-Hernando State College,21,12,,23149,0.8602089269,1,24,1
5139,"Practical Nursing, Vocational Nursing and Nursing Assistants.",136400,0,Public,99,62150,118,136400,Pasco-Hernando State College,21,12,,23149,0.8602089269,1,24,1
5202,"Business Administration, Management and Operations.",136400,1,Public,2,45891,26,136400,Pasco-Hernando State College,21,12,,23149,0.8602089269,1,24,1
5202,"Business Administration, Management and Operations.",136400,2,Public,3,51849,175,136400,Pasco-Hernando State College,21,12,,23149,0.8602089269,1,24,1
1204,Cosmetology and Related Personal Grooming Services.,136473,1,Public,1,29523,73,136473,Pensacola State College,13,12,,20605,0.9150442478,1,25,1
2401,"Liberal Arts and Sciences, General Studies and Humanities.",136473,1,Public,2,40919,535,136473,Pensacola State College,13,12,,20605,0.9150442478,1,25,1
4805,Precision Metal Working.,136473,1,Public,1,47078,18,136473,Pensacola State College,13,12,,20605,0.9150442478,1,25,1
5106,Dental Support Services and Allied Professions.,136473,1,Public,2,59104,31,136473,Pensacola State College,13,12,,20605,0.9150442478,1,25,1
5108,Allied Health and Medical Assisting Services.,136473,1,Public,2,55748,18,136473,Pensacola State College,13,12,,20605,0.9150442478,1,25,1
5109,"Allied Health Diagnostic, Intervention, and Treatment Professions.",136473,1,Public,2,62672,26,136473,Pensacola State College,13,12,,20605,0.9150442478,1,25,1
5138,"Registered Nursing, Nursing Administration, Nursing Research and Clinical Nursing.",136473,1,Public,2,75376,133,136473,Pensacola State College,13,12,,20605,0.9150442478,1,25,1
5138,"Registered Nursing, Nursing Administration, Nursing Research and Clinical Nursing.",136473,3,Public,3,83371,37,136473,Pensacola State College,13,12,,20605,0.9150442478,1,25,1
5202,"Business Administration, Management and Operations.",136473,1,Public,2,43901,31,136473,Pensacola State College,13,12,,20605,0.9150442478,1,25,1
5202,"Business Administration, Management and Operations.",136473,1,Public,3,53197,137,136473,Pensacola State College,13,12,,20605,0.9150442478,1,25,1
5203,Accounting and Related Services.,136473,3,Public,2,38284,20,136473,Pensacola State College,13,12,,20605,0.9150442478,1,25,1
1205,Culinary Arts and Related Services.,136491,1,Public,1,38684,23,136491,Pinellas Technical College-Clearwater,13,-2,,14935,,1,30,1
4603,Electrical and Power Transmission Installers.,136491,1,Public,1,38353,17,136491,Pinellas Technical College-Clearwater,13,-2,,14935,,1,30,1
4706,Vehicle Maintenance and Repair Technologies/Technicians.,136491,1,Public,1,54124,37,136491,Pinellas Technical College-Clearwater,13,-2,,14935,,1,30,1
4805,Precision Metal Working.,136491,1,Public,1,46449,29,136491,Pinellas Technical College-Clearwater,13,-2,,14935,,1,30,1
5139,"Practical Nursing, Vocational Nursing and Nursing Assistants.",136491,2,Public,1,60103,25,136491,Pinellas Technical College-Clearwater,13,-2,,14935,,1,30,1
1108,Computer Software and Media Applications.,136516,2,Public,2,41443,17,136516,Polk State College,13,12,,23968,0.8981884889,1,24,1
1907,"Human Development, Family Studies, and Related Services.",136516,2,Public,2,28739,18,136516,Polk State College,13,12,,23968,0.8981884889,1,24,1
2401,"Liberal Arts and Sciences, General Studies and Humanities.",136516,2,Public,2,43940,756,136516,Polk State College,13,12,,23968,0.8981884889,1,24,1
4301,Criminal Justice and Corrections.,136516,2,Public,1,58912,75,136516,Polk State College,13,12,,23968,0.8981884889,1,24,1
4301,Criminal Justice and Corrections.,136516,2,Public,2,48056,39,136516,Polk State College,13,12,,23968,0.8981884889,1,24,1
4301,Criminal Justice and Corrections.,136516,2,Public,3,55634,60,136516,Polk State College,13,12,,23968,0.8981884889,1,24,1
4901,Air Transportation.,136516,1,Public,2,83657,28,136516,Polk State College,13,12,,23968,0.8981884889,1,24,1
5107,Health and Medical Administrative Services.,136516,2,Public,1,44127,27,136516,Polk State College,13,12,,23968,0.8981884889,1,24,1
5108,Allied Health and Medical Assisting Services.,136516,1,Public,2,53932,60,136516,Polk State College,13,12,,23968,0.8981884889,1,24,1
5109,"Allied Health Diagnostic, Intervention, and Treatment Professions.",136516,1,Public,1,75539,21,136516,Polk State College,13,12,,23968,0.8981884889,1,24,1
5109,"Allied Health Diagnostic, Intervention, and Treatment Professions.",136516,1,Public,2,69815,68,136516,Polk State College,13,12,,23968,0.8981884889,1,24,1
5138,"Registered Nursing, Nursing Administration, Nursing Research and Clinical Nursing.",136516,1,Public,2,79660,151,136516,Polk State College,13,12,,23968,0.8981884889,1,24,1
5138,"Registered Nursing, Nursing Administration, Nursing Research and Clinical Nursing.",136516,1,Public,3,94269,112,136516,Polk State College,13,12,,23968,0.8981884889,1,24,1
5139,"Practical Nursing, Vocational Nursing and Nursing Assistants.",136516,0,Public,99,55070,27,136516,Polk State College,13,12,,23968,0.8981884889,1,24,1
5202,"Business Administration, Management and Operations.",136516,2,Public,2,54431,28,136516,Polk State College,13,12,,23968,0.8981884889,1,24,1
5202,"Business Administration, Management and Operations.",136516,2,Public,3,52404,329,136516,Polk State College,13,12,,23968,0.8981884889,1,24,1
5108,Allied Health and Medical Assisting Services.,136765,1,Public,1,32114,22,136765,Ridge Technical College,13,-2,,16062,,1,26,1
5135,Somatic Bodywork and Related Therapeutic Services.,136765,1,Public,1,32195,16,136765,Ridge Technical College,13,-2,,16062,,1,26,1
5139,"Practical Nursing, Vocational Nursing and Nursing Assistants.",136765,1,Public,1,41700,38,136765,Ridge Technical College,13,-2,,16062,,1,26,1
1003,Graphic Communications.,136774,1,"Private, nonprofit",3,75213,78,136774,Ringling College of Art and Design,13,11,0.6965,51310,0.5492424242,2,20,1
5004,Design and Applied Arts.,136774,1,"Private, nonprofit",3,47937,168,136774,Ringling College of Art and Design,13,11,0.6965,51310,0.5492424242,2,20,1
5006,Film/Video and Photographic Arts.,136774,1,"Private, nonprofit",3,41024,44,136774,Ringling College of Art and Design,13,11,0.6965,51310,0.5492424242,2,20,1
5007,Fine and Studio Arts.,136774,1,"Private, nonprofit",3,36346,30,136774,Ringling College of Art and Design,13,11,0.6965,51310,0.5492424242,2,20,1
0301,Natural Resources Conservation and Research.,136950,1,"Private, nonprofit",3,63363,23,136950,Rollins College,21,11,0.4754,43978,0.58,2,22,1
0901,Communication and Media Studies.,136950,1,"Private, nonprofit",3,62086,92,136950,Rollins College,21,11,0.4754,43978,0.58,2,22,1
1101,"Computer and Information Sciences, General.",136950,1,"Private, nonprofit",3,118277,24,136950,Rollins College,21,11,0.4754,43978,0.58,2,22,1
1312,"Teacher Education and Professional Development, Specific Levels and Methods.",136950,1,"Private, nonprofit",3,53908,19,136950,Rollins College,21,11,0.4754,43978,0.58,2,22,1
2301,"English Language and Literature, General.",136950,1,"Private, nonprofit",3,55912,29,136950,Rollins College,21,11,0.4754,43978,0.58,2,22,1
4201,"Psychology, General.",136950,1,"Private, nonprofit",3,48340,43,136950,Rollins College,21,11,0.4754,43978,0.58,2,22,1
4228,"Clinical, Counseling and Applied Psychology.",136950,1,"Private, nonprofit",5,53923,41,136950,Rollins College,21,11,0.4754,43978,0.58,2,22,1
4506,Economics.,136950,1,"Private, nonprofit",3,68194,37,136950,Rollins College,21,11,0.4754,43978,0.58,2,22,1
4509,International Relations and National Security Studies.,136950,1,"Private, nonprofit",3,70502,25,136950,Rollins College,21,11,0.4754,43978,0.58,2,22,1
4510,Political Science and Government.,136950,1,"Private, nonprofit",3,76600,17,136950,Rollins College,21,11,0.4754,43978,0.58,2,22,1
5009,Music.,136950,1,"Private, nonprofit",3,45910,31,136950,Rollins College,21,11,0.4754,43978,0.58,2,22,1
5122,Public Health.,136950,1,"Private, nonprofit",5,76051,32,136950,Rollins College,21,11,0.4754,43978,0.58,2,22,1
5201,"Business/Commerce, General.",136950,0,"Private, nonprofit",3,80654,73,136950,Rollins College,21,11,0.4754,43978,0.58,2,22,1
5202,"Business Administration, Management and Operations.",136950,1,"Private, nonprofit",3,61095,56,136950,Rollins College,21,11,0.4754,43978,0.58,2,22,1
5202,"Business Administration, Management and Operations.",136950,1,"Private, nonprofit",5,105299,207,136950,Rollins College,21,11,0.4754,43978,0.58,2,22,1
5207,Entrepreneurial and Small Business Operations.,136950,1,"Private, nonprofit",3,85574,16,136950,Rollins College,21,11,0.4754,43978,0.58,2,22,1
5210,Human Resources Management and Services.,136950,0,"Private, nonprofit",3,72876,20,136950,Rollins College,21,11,0.4754,43978,0.58,2,22,1
5210,Human Resources Management and Services.,136950,1,"Private, nonprofit",5,96439,29,136950,Rollins College,21,11,0.4754,43978,0.58,2,22,1
5211,International Business.,136950,1,"Private, nonprofit",3,69695,46,136950,Rollins College,21,11,0.4754,43978,0.58,2,22,1
1204,Cosmetology and Related Personal Grooming Services.,137023,1,Public,1,17840,29,137023,First Coast Technical College,23,-2,,16017,,1,27,1
4302,Fire Protection.,137023,1,Public,1,66303,16,137023,First Coast Technical College,23,-2,,16017,,1,27,1
4706,Vehicle Maintenance and Repair Technologies/Technicians.,137023,1,Public,1,53062,20,137023,First Coast Technical College,23,-2,,16017,,1,27,1
4805,Precision Metal Working.,137023,1,Public,1,49829,21,137023,First Coast Technical College,23,-2,,16017,,1,27,1
5106,Dental Support Services and Allied Professions.,137023,1,Public,1,31395,22,137023,First Coast Technical College,23,-2,,16017,,1,27,1
5139,"Practical Nursing, Vocational Nursing and Nursing Assistants.",137023,1,Public,1,49412,45,137023,First Coast Technical College,23,-2,,16017,,1,27,1
1101,"Computer and Information Sciences, General.",137032,2,"Private, nonprofit",2,51092,19,137032,Saint Leo University,31,12,0.784,22361,0.7686491935,2,30,1
1101,"Computer and Information Sciences, General.",137032,2,"Private, nonprofit",3,81025,86,137032,Saint Leo University,31,12,0.784,22361,0.7686491935,2,30,1
1107,Computer Science.,137032,2,"Private, nonprofit",3,72645,35,137032,Saint Leo University,31,12,0.784,22361,0.7686491935,2,30,1
1110,Computer/Information Technology Administration and Management.,137032,2,"Private, nonprofit",3,52934,31,137032,Saint Leo University,31,12,0.784,22361,0.7686491935,2,30,1
1110,Computer/Information Technology Administration and Management.,137032,2,"Private, nonprofit",5,94011,44,137032,Saint Leo University,31,12,0.784,22361,0.7686491935,2,30,1
1301,"Education, General.",137032,3,"Private, nonprofit",5,62391,19,137032,Saint Leo University,31,12,0.784,22361,0.7686491935,2,30,1
1304,Educational Administration and Supervision.,137032,1,"Private, nonprofit",5,69560,130,137032,Saint Leo University,31,12,0.784,22361,0.7686491935,2,30,1
1305,Educational/Instructional Media Design.,137032,3,"Private, nonprofit",5,70166,23,137032,Saint Leo University,31,12,0.784,22361,0.7686491935,2,30,1
1310,Special Education and Teaching.,137032,3,"Private, nonprofit",5,53280,19,137032,Saint Leo University,31,12,0.784,22361,0.7686491935,2,30,1
1312,"Teacher Education and Professional Development, Specific Levels and Methods.",137032,1,"Private, nonprofit",3,49634,97,137032,Saint Leo University,31,12,0.784,22361,0.7686491935,2,30,1
1313,"Teacher Education and Professional Development, Specific Subject Areas.",137032,3,"Private, nonprofit",5,51745,20,137032,Saint Leo University,31,12,0.784,22361,0.7686491935,2,30,1
2301,"English Language and Literature, General.",137032,1,"Private, nonprofit",3,41070,17,137032,Saint Leo University,31,12,0.784,22361,0.7686491935,2,30,1
2401,"Liberal Arts and Sciences, General Studies and Humanities.",137032,3,"Private, nonprofit",2,52156,472,137032,Saint Leo University,31,12,0.784,22361,0.7686491935,2,30,1
2401,"Liberal Arts and Sciences, General Studies and Humanities.",137032,3,"Private, nonprofit",3,59222,33,137032,Saint Leo University,31,12,0.784,22361,0.7686491935,2,30,1
2601,"Biology, General.",137032,1,"Private, nonprofit",3,55097,26,137032,Saint Leo University,31,12,0.784,22361,0.7686491935,2,30,1
3105,"Sports, Kinesiology, and Physical Education/Fitness.",137032,1,"Private, nonprofit",3,50424,57,137032,Saint Leo University,31,12,0.784,22361,0.7686491935,2,30,1
3802,Religion/Religious Studies.,137032,3,"Private, nonprofit",3,47791,22,137032,Saint Leo University,31,12,0.784,22361,0.7686491935,2,30,1
3906,Theological and Ministerial Studies.,137032,3,"Private, nonprofit",5,51193,32,137032,Saint Leo University,31,12,0.784,22361,0.7686491935,2,30,1
4201,"Psychology, General.",137032,2,"Private, nonprofit",3,48786,311,137032,Saint Leo University,31,12,0.784,22361,0.7686491935,2,30,1
4301,Criminal Justice and Corrections.,137032,3,"Private, nonprofit",2,47269,52,137032,Saint Leo University,31,12,0.784,22361,0.7686491935,2,30,1
4301,Criminal Justice and Corrections.,137032,2,"Private, nonprofit",3,60389,469,137032,Saint Leo University,31,12,0.784,22361,0.7686491935,2,30,1
4301,Criminal Justice and Corrections.,137032,1,"Private, nonprofit",5,62658,267,137032,Saint Leo University,31,12,0.784,22361,0.7686491935,2,30,1
4400,"Human Services, General.",137032,3,"Private, nonprofit",3,38043,75,137032,Saint Leo University,31,12,0.784,22361,0.7686491935,2,30,1
4400,"Human Services, General.",137032,3,"Private, nonprofit",5,44950,39,137032,Saint Leo University,31,12,0.784,22361,0.7686491935,2,30,1
4407,Social Work.,137032,2,"Private, nonprofit",3,44711,81,137032,Saint Leo University,31,12,0.784,22361,0.7686491935,2,30,1
4407,Social Work.,137032,3,"Private, nonprofit",5,62036,129,137032,Saint Leo University,31,12,0.784,22361,0.7686491935,2,30,1
4511,Sociology.,137032,3,"Private, nonprofit",3,50231,62,137032,Saint Leo University,31,12,0.784,22361,0.7686491935,2,30,1
5107,Health and Medical Administrative Services.,137032,3,"Private, nonprofit",3,56145,130,137032,Saint Leo University,31,12,0.784,22361,0.7686491935,2,30,1
5202,"Business Administration, Management and Operations.",137032,3,"Private, nonprofit",2,53606,106,137032,Saint Leo University,31,12,0.784,22361,0.7686491935,2,30,1
5202,"Business Administration, Management and Operations.",137032,1,"Private, nonprofit",3,67505,525,137032,Saint Leo University,31,12,0.784,22361,0.7686491935,2,30,1
5202,"Business Administration, Management and Operations.",137032,1,"Private, nonprofit",5,82551,929,137032,Saint Leo University,31,12,0.784,22361,0.7686491935,2,30,1
5203,Accounting and Related Services.,137032,3,"Private, nonprofit",3,66056,135,137032,Saint Leo University,31,12,0.784,22361,0.7686491935,2,30,1
5203,Accounting and Related Services.,137032,3,"Private, nonprofit",5,88965,62,137032,Saint Leo University,31,12,0.784,22361,0.7686491935,2,30,1
5209,Hospitality Administration/Management.,137032,2,"Private, nonprofit",3,46330,16,137032,Saint Leo University,31,12,0.784,22361,0.7686491935,2,30,1
5210,Human Resources Management and Services.,137032,3,"Private, nonprofit",3,62122,92,137032,Saint Leo University,31,12,0.784,22361,0.7686491935,2,30,1
5214,Marketing.,137032,3,"Private, nonprofit",3,46324,50,137032,Saint Leo University,31,12,0.784,22361,0.7686491935,2,30,1
0183,Veterinary/Animal Health Technologies/Technicians.,137078,3,Public,2,46358,100,137078,St Petersburg College,11,15,,22640,0.8076387681,1,26,1
0183,Veterinary/Animal Health Technologies/Technicians.,137078,3,Public,3,61428,33,137078,St Petersburg College,11,15,,22640,0.8076387681,1,26,1
0302,Environmental/Natural Resources Management and Policy.,137078,3,Public,3,48190,30,137078,St Petersburg College,11,15,,22640,0.8076387681,1,26,1
1102,Computer Programming.,137078,3,Public,2,76683,29,137078,St Petersburg College,11,15,,22640,0.8076387681,1,26,1
1108,Computer Software and Media Applications.,137078,1,Public,2,40278,29,137078,St Petersburg College,11,15,,22640,0.8076387681,1,26,1
1110,Computer/Information Technology Administration and Management.,137078,2,Public,1,62753,26,137078,St Petersburg College,11,15,,22640,0.8076387681,1,26,1
1110,Computer/Information Technology Administration and Management.,137078,3,Public,2,55722,44,137078,St Petersburg College,11,15,,22640,0.8076387681,1,26,1
1110,Computer/Information Technology Administration and Management.,137078,3,Public,3,71668,142,137078,St Petersburg College,11,15,,22640,0.8076387681,1,26,1
1203,Funeral Service and Mortuary Science.,137078,1,Public,2,43598,30,137078,St Petersburg College,11,15,,22640,0.8076387681,1,26,1
1310,Special Education and Teaching.,137078,3,Public,3,53393,18,137078,St Petersburg College,11,15,,22640,0.8076387681,1,26,1
1312,"Teacher Education and Professional Development, Specific Levels and Methods.",137078,3,Public,3,52047,64,137078,St Petersburg College,11,15,,22640,0.8076387681,1,26,1
1313,"Teacher Education and Professional Development, Specific Subject Areas.",137078,1,Public,3,51755,23,137078,St Petersburg College,11,15,,22640,0.8076387681,1,26,1
1399,"Education, Other.",137078,2,Public,3,45220,86,137078,St Petersburg College,11,15,,22640,0.8076387681,1,26,1
1504,Electromechanical Technologies/Technicians.,137078,1,Public,2,62554,17,137078,St Petersburg College,11,15,,22640,0.8076387681,1,26,1
2203,Legal Support Services.,137078,1,Public,2,45987,17,137078,St Petersburg College,11,15,,22640,0.8076387681,1,26,1
2203,Legal Support Services.,137078,1,Public,3,52657,41,137078,St Petersburg College,11,15,,22640,0.8076387681,1,26,1
2401,"Liberal Arts and Sciences, General Studies and Humanities.",137078,3,Public,2,43491,1906,137078,St Petersburg College,11,15,,22640,0.8076387681,1,26,1
2601,"Biology, General.",137078,1,Public,3,49403,38,137078,St Petersburg College,11,15,,22640,0.8076387681,1,26,1
4301,Criminal Justice and Corrections.,137078,0,Public,99,76867,29,137078,St Petersburg College,11,15,,22640,0.8076387681,1,26,1
4302,Fire Protection.,137078,1,Public,1,69864,17,137078,St Petersburg College,11,15,,22640,0.8076387681,1,26,1
4302,Fire Protection.,137078,0,Public,99,73936,23,137078,St Petersburg College,11,15,,22640,0.8076387681,1,26,1
4399,"Homeland Security, Law Enforcement, Firefighting and Related Protective Services, Other.",137078,3,Public,3,63162,73,137078,St Petersburg College,11,15,,22640,0.8076387681,1,26,1
4400,"Human Services, General.",137078,0,Public,2,34811,18,137078,St Petersburg College,11,15,,22640,0.8076387681,1,26,1
4404,Public Administration.,137078,3,Public,3,47320,21,137078,St Petersburg College,11,15,,22640,0.8076387681,1,26,1
5009,Music.,137078,1,Public,2,32573,18,137078,St Petersburg College,11,15,,22640,0.8076387681,1,26,1
5106,Dental Support Services and Allied Professions.,137078,1,Public,2,63102,45,137078,St Petersburg College,11,15,,22640,0.8076387681,1,26,1
5106,Dental Support Services and Allied Professions.,137078,3,Public,3,63700,39,137078,St Petersburg College,11,15,,22640,0.8076387681,1,26,1
5107,Health and Medical Administrative Services.,137078,1,Public,1,42416,32,137078,St Petersburg College,11,15,,22640,0.8076387681,1,26,1
5107,Health and Medical Administrative Services.,137078,3,Public,2,53014,40,137078,St Petersburg College,11,15,,22640,0.8076387681,1,26,1
5108,Allied Health and Medical Assisting Services.,137078,1,Public,2,57312,32,137078,St Petersburg College,11,15,,22640,0.8076387681,1,26,1
5109,"Allied Health Diagnostic, Intervention, and Treatment Professions.",137078,1,Public,2,70198,55,137078,St Petersburg College,11,15,,22640,0.8076387681,1,26,1
5115,Mental and Social Health Services and Allied Professions.,137078,1,Public,1,41508,16,137078,St Petersburg College,11,15,,22640,0.8076387681,1,26,1
5122,Public Health.,137078,3,Public,3,59200,122,137078,St Petersburg College,11,15,,22640,0.8076387681,1,26,1
5123,Rehabilitation and Therapeutic Professions.,137078,1,Public,2,50199,16,137078,St Petersburg College,11,15,,22640,0.8076387681,1,26,1
5138,"Registered Nursing, Nursing Administration, Nursing Research and Clinical Nursing.",137078,1,Public,2,81621,259,137078,St Petersburg College,11,15,,22640,0.8076387681,1,26,1
5138,"Registered Nursing, Nursing Administration, Nursing Research and Clinical Nursing.",137078,3,Public,3,91608,308,137078,St Petersburg College,11,15,,22640,0.8076387681,1,26,1
5202,"Business Administration, Management and Operations.",137078,1,Public,2,55765,31,137078,St Petersburg College,11,15,,22640,0.8076387681,1,26,1
5202,"Business Administration, Management and Operations.",137078,3,Public,3,62040,409,137078,St Petersburg College,11,15,,22640,0.8076387681,1,26,1
4702,"Heating, Air Conditioning, Ventilation and Refrigeration Maintenance Technology/Technician (HAC, HACR, HVAC, HVACR).",137087,1,Public,1,48020,47,137087,Pinellas Technical College-St. Petersburg,11,-2,,12455,,1,29,1
5107,Health and Medical Administrative Services.,137087,1,Public,1,38323,28,137087,Pinellas Technical College-St. Petersburg,11,-2,,12455,,1,29,1
5139,"Practical Nursing, Vocational Nursing and Nursing Assistants.",137087,1,Public,1,56727,38,137087,Pinellas Technical College-St. Petersburg,11,-2,,12455,,1,29,1
0109,Animal Sciences.,137096,1,Public,2,34888,42,137096,Santa Fe College,22,12,,25000,0.8128164557,1,22,1
1102,Computer Programming.,137096,1,Public,2,49154,23,137096,Santa Fe College,22,12,,25000,0.8128164557,1,22,1
1108,Computer Software and Media Applications.,137096,1,Public,2,40794,17,137096,Santa Fe College,22,12,,25000,0.8128164557,1,22,1
1312,"Teacher Education and Professional Development, Specific Levels and Methods.",137096,1,Public,3,45196,21,137096,Santa Fe College,22,12,,25000,0.8128164557,1,22,1
2401,"Liberal Arts and Sciences, General Studies and Humanities.",137096,1,Public,2,47030,1193,137096,Santa Fe College,22,12,,25000,0.8128164557,1,22,1
5106,Dental Support Services and Allied Professions.,137096,1,Public,2,58179,34,137096,Santa Fe College,22,12,,25000,0.8128164557,1,22,1
5107,Health and Medical Administrative Services.,137096,1,Public,3,61062,43,137096,Santa Fe College,22,12,,25000,0.8128164557,1,22,1
5108,Allied Health and Medical Assisting Services.,137096,1,Public,2,49896,29,137096,Santa Fe College,22,12,,25000,0.8128164557,1,22,1
5109,"Allied Health Diagnostic, Intervention, and Treatment Professions.",137096,1,Public,1,60574,28,137096,Santa Fe College,22,12,,25000,0.8128164557,1,22,1
5109,"Allied Health Diagnostic, Intervention, and Treatment Professions.",137096,1,Public,2,66997,147,137096,Santa Fe College,22,12,,25000,0.8128164557,1,22,1
5138,"Registered Nursing, Nursing Administration, Nursing Research and Clinical Nursing.",137096,1,Public,2,77374,162,137096,Santa Fe College,22,12,,25000,0.8128164557,1,22,1
5138,"Registered Nursing, Nursing Administration, Nursing Research and Clinical Nursing.",137096,3,Public,3,89675,79,137096,Santa Fe College,22,12,,25000,0.8128164557,1,22,1
5202,"Business Administration, Management and Operations.",137096,1,Public,3,57645,87,137096,Santa Fe College,22,12,,25000,0.8128164557,1,22,1
1204,Cosmetology and Related Personal Grooming Services.,137120,1,Public,1,31193,18,137120,Suncoast Technical College,21,-2,,17739,,1,26,1
4706,Vehicle Maintenance and Repair Technologies/Technicians.,137120,1,Public,1,38310,16,137120,Suncoast Technical College,21,-2,,17739,,1,26,1
1101,"Computer and Information Sciences, General.",137209,1,Public,2,67998,32,137209,Seminole State College of Florida,13,12,,24900,0.8147863904,1,24,1
1101,"Computer and Information Sciences, General.",137209,3,Public,3,76080,152,137209,Seminole State College of Florida,13,12,,24900,0.8147863904,1,24,1
1102,Computer Programming.,137209,2,Public,2,79878,23,137209,Seminole State College of Florida,13,12,,24900,0.8147863904,1,24,1
1110,Computer/Information Technology Administration and Management.,137209,2,Public,2,65360,20,137209,Seminole State College of Florida,13,12,,24900,0.8147863904,1,24,1
1312,"Teacher Education and Professional Development, Specific Levels and Methods.",137209,2,Public,2,40187,22,137209,Seminole State College of Florida,13,12,,24900,0.8147863904,1,24,1
1501,Architectural Engineering Technologies/Technicians.,137209,2,Public,3,76753,30,137209,Seminole State College of Florida,13,12,,24900,0.8147863904,1,24,1
1508,Mechanical Engineering Related Technologies/Technicians.,137209,2,Public,2,56628,29,137209,Seminole State College of Florida,13,12,,24900,0.8147863904,1,24,1
1510,Construction Engineering Technology/Technician.,137209,2,Public,3,80202,35,137209,Seminole State College of Florida,13,12,,24900,0.8147863904,1,24,1
2203,Legal Support Services.,137209,2,Public,2,59641,21,137209,Seminole State College of Florida,13,12,,24900,0.8147863904,1,24,1
2401,"Liberal Arts and Sciences, General Studies and Humanities.",137209,3,Public,2,45535,1739,137209,Seminole State College of Florida,13,12,,24900,0.8147863904,1,24,1
4103,Physical Science Technologies/Technicians.,137209,2,Public,2,59780,32,137209,Seminole State College of Florida,13,12,,24900,0.8147863904,1,24,1
4301,Criminal Justice and Corrections.,137209,3,Public,2,55297,32,137209,Seminole State College of Florida,13,12,,24900,0.8147863904,1,24,1
4301,Criminal Justice and Corrections.,137209,0,Public,99,61271,45,137209,Seminole State College of Florida,13,12,,24900,0.8147863904,1,24,1
4302,Fire Protection.,137209,0,Public,99,54434,27,137209,Seminole State College of Florida,13,12,,24900,0.8147863904,1,24,1
5004,Design and Applied Arts.,137209,3,Public,2,43175,35,137209,Seminole State College of Florida,13,12,,24900,0.8147863904,1,24,1
5004,Design and Applied Arts.,137209,2,Public,3,51719,29,137209,Seminole State College of Florida,13,12,,24900,0.8147863904,1,24,1
5100,"Health Services/Allied Health/Health Sciences, General.",137209,3,Public,3,59669,114,137209,Seminole State College of Florida,13,12,,24900,0.8147863904,1,24,1
5107,Health and Medical Administrative Services.,137209,3,Public,1,38734,32,137209,Seminole State College of Florida,13,12,,24900,0.8147863904,1,24,1
5107,Health and Medical Administrative Services.,137209,2,Public,2,38887,31,137209,Seminole State College of Florida,13,12,,24900,0.8147863904,1,24,1
5108,Allied Health and Medical Assisting Services.,137209,2,Public,2,53361,50,137209,Seminole State College of Florida,13,12,,24900,0.8147863904,1,24,1
5109,"Allied Health Diagnostic, Intervention, and Treatment Professions.",137209,1,Public,1,61350,31,137209,Seminole State College of Florida,13,12,,24900,0.8147863904,1,24,1
5109,"Allied Health Diagnostic, Intervention, and Treatment Professions.",137209,2,Public,2,71775,69,137209,Seminole State College of Florida,13,12,,24900,0.8147863904,1,24,1
5138,"Registered Nursing, Nursing Administration, Nursing Research and Clinical Nursing.",137209,2,Public,2,82579,253,137209,Seminole State College of Florida,13,12,,24900,0.8147863904,1,24,1
5202,"Business Administration, Management and Operations.",137209,3,Public,2,40825,51,137209,Seminole State College of Florida,13,12,,24900,0.8147863904,1,24,1
5207,Entrepreneurial and Small Business Operations.,137209,3,Public,2,41591,18,137209,Seminole State College of Florida,13,12,,24900,0.8147863904,1,24,1
5212,Management Information Systems and Services.,137209,3,Public,3,65553,195,137209,Seminole State College of Florida,13,12,,24900,0.8147863904,1,24,1
1109,Computer Systems Networking and Telecommunications.,137245,2,Public,1,34964,32,137245,Sheridan Technical College,21,-2,,16902,,1,28,1
1204,Cosmetology and Related Personal Grooming Services.,137245,2,Public,1,20312,65,137245,Sheridan Technical College,21,-2,,16902,,1,28,1
1205,Culinary Arts and Related Services.,137245,1,Public,1,34843,16,137245,Sheridan Technical College,21,-2,,16902,,1,28,1
4603,Electrical and Power Transmission Installers.,137245,1,Public,1,34719,36,137245,Sheridan Technical College,21,-2,,16902,,1,28,1
4605,Plumbing and Related Water Supply Services.,137245,1,Public,1,37208,20,137245,Sheridan Technical College,21,-2,,16902,,1,28,1
4702,"Heating, Air Conditioning, Ventilation and Refrigeration Maintenance Technology/Technician (HAC, HACR, HVAC, HVACR).",137245,1,Public,1,39280,42,137245,Sheridan Technical College,21,-2,,16902,,1,28,1
4706,Vehicle Maintenance and Repair Technologies/Technicians.,137245,1,Public,1,54758,59,137245,Sheridan Technical College,21,-2,,16902,,1,28,1
5107,Health and Medical Administrative Services.,137245,2,Public,1,38953,36,137245,Sheridan Technical College,21,-2,,16902,,1,28,1
5139,"Practical Nursing, Vocational Nursing and Nursing Assistants.",137245,1,Public,1,58085,73,137245,Sheridan Technical College,21,-2,,16902,,1,28,1
1312,"Teacher Education and Professional Development, Specific Levels and Methods.",137281,1,Public,3,50390,22,137281,Saint Johns River State College,32,9,,24832,0.8578217822,1,25,1
2401,"Liberal Arts and Sciences, General Studies and Humanities.",137281,3,Public,2,45214,415,137281,Saint Johns River State College,32,9,,24832,0.8578217822,1,25,1
5099,"Visual and Performing Arts, Other.",137281,0,Public,2,39124,21,137281,Saint Johns River State College,32,9,,24832,0.8578217822,1,25,1
5107,Health and Medical Administrative Services.,137281,1,Public,2,47220,19,137281,Saint Johns River State College,32,9,,24832,0.8578217822,1,25,1
5109,"Allied Health Diagnostic, Intervention, and Treatment Professions.",137281,1,Public,1,47115,26,137281,Saint Johns River State College,32,9,,24832,0.8578217822,1,25,1
5109,"Allied Health Diagnostic, Intervention, and Treatment Professions.",137281,1,Public,2,64282,47,137281,Saint Johns River State College,32,9,,24832,0.8578217822,1,25,1
5138,"Registered Nursing, Nursing Administration, Nursing Research and Clinical Nursing.",137281,1,Public,2,72063,124,137281,Saint Johns River State College,32,9,,24832,0.8578217822,1,25,1
5138,"Registered Nursing, Nursing Administration, Nursing Research and Clinical Nursing.",137281,3,Public,3,80690,37,137281,Saint Johns River State College,32,9,,24832,0.8578217822,1,25,1
5202,"Business Administration, Management and Operations.",137281,3,Public,2,30530,16,137281,Saint Johns River State College,32,9,,24832,0.8578217822,1,25,1
5202,"Business Administration, Management and Operations.",137281,2,Public,3,58403,54,137281,Saint Johns River State College,32,9,,24832,0.8578217822,1,25,1
2401,"Liberal Arts and Sciences, General Studies and Humanities.",137315,1,Public,2,40830,203,137315,South Florida State College,23,9,,20658,0.9552590267,1,23,1
5109,"Allied Health Diagnostic, Intervention, and Treatment Professions.",137315,1,Public,2,62709,28,137315,South Florida State College,23,9,,20658,0.9552590267,1,23,1
5138,"Registered Nursing, Nursing Administration, Nursing Research and Clinical Nursing.",137315,1,Public,2,82432,38,137315,South Florida State College,23,9,,20658,0.9552590267,1,23,1
5138,"Registered Nursing, Nursing Administration, Nursing Research and Clinical Nursing.",137315,1,Public,3,102066,25,137315,South Florida State College,23,9,,20658,0.9552590267,1,23,1
5202,"Business Administration, Management and Operations.",137315,1,Public,3,44874,38,137315,South Florida State College,23,9,,20658,0.9552590267,1,23,1
0301,Natural Resources Conservation and Research.,137351,1,Public,3,53991,122,137351,University of South Florida,11,15,0.4319,32495,0.6858996244,2,22,1
0301,Natural Resources Conservation and Research.,137351,1,Public,5,60986,16,137351,University of South Florida,11,15,0.4319,32495,0.6858996244,2,22,1
0402,Architecture.,137351,1,Public,5,70924,50,137351,University of South Florida,11,15,0.4319,32495,0.6858996244,2,22,1
0403,"City/Urban, Community, and Regional Planning.",137351,1,Public,5,79536,17,137351,University of South Florida,11,15,0.4319,32495,0.6858996244,2,22,1
0502,"Ethnic, Cultural Minority, Gender, and Group Studies.",137351,1,Public,3,46115,28,137351,University of South Florida,11,15,0.4319,32495,0.6858996244,2,22,1
0901,Communication and Media Studies.,137351,1,Public,3,53810,628,137351,University of South Florida,11,15,0.4319,32495,0.6858996244,2,22,1
0904,Journalism.,137351,1,Public,5,69612,23,137351,University of South Florida,11,15,0.4319,32495,0.6858996244,2,22,1
1101,"Computer and Information Sciences, General.",137351,1,Public,3,90953,395,137351,University of South Florida,11,15,0.4319,32495,0.6858996244,2,22,1
1104,Information Science/Studies.,137351,3,Public,5,93933,33,137351,University of South Florida,11,15,0.4319,32495,0.6858996244,2,22,1
1105,Computer Systems Analysis.,137351,3,Public,5,115356,29,137351,University of South Florida,11,15,0.4319,32495,0.6858996244,2,22,1
1303,Curriculum and Instruction.,137351,3,Public,5,58877,77,137351,University of South Florida,11,15,0.4319,32495,0.6858996244,2,22,1
1303,Curriculum and Instruction.,137351,2,Public,6,84486,51,137351,University of South Florida,11,15,0.4319,32495,0.6858996244,2,22,1
1304,Educational Administration and Supervision.,137351,1,Public,5,65845,83,137351,University of South Florida,11,15,0.4319,32495,0.6858996244,2,22,1
1310,Special Education and Teaching.,137351,1,Public,3,51759,17,137351,University of South Florida,11,15,0.4319,32495,0.6858996244,2,22,1
1310,Special Education and Teaching.,137351,1,Public,5,58411,40,137351,University of South Florida,11,15,0.4319,32495,0.6858996244,2,22,1
1311,Student Counseling and Personnel Services.,137351,1,Public,5,56190,18,137351,University of South Florida,11,15,0.4319,32495,0.6858996244,2,22,1
1312,"Teacher Education and Professional Development, Specific Levels and Methods.",137351,1,Public,3,51650,331,137351,University of South Florida,11,15,0.4319,32495,0.6858996244,2,22,1
1312,"Teacher Education and Professional Development, Specific Levels and Methods.",137351,1,Public,5,59328,58,137351,University of South Florida,11,15,0.4319,32495,0.6858996244,2,22,1
1313,"Teacher Education and Professional Development, Specific Subject Areas.",137351,1,Public,3,52093,154,137351,University of South Florida,11,15,0.4319,32495,0.6858996244,2,22,1
1313,"Teacher Education and Professional Development, Specific Subject Areas.",137351,1,Public,5,57164,73,137351,University of South Florida,11,15,0.4319,32495,0.6858996244,2,22,1
1407,Chemical Engineering.,137351,1,Public,3,94387,136,137351,University of South Florida,11,15,0.4319,32495,0.6858996244,2,22,1
1408,Civil Engineering.,137351,1,Public,3,84789,99,137351,University of South Florida,11,15,0.4319,32495,0.6858996244,2,22,1
1408,Civil Engineering.,137351,1,Public,5,85380,27,137351,University of South Florida,11,15,0.4319,32495,0.6858996244,2,22,1
1409,Computer Engineering.,137351,1,Public,3,109054,63,137351,University of South Florida,11,15,0.4319,32495,0.6858996244,2,22,1
1410,"Electrical, Electronics, and Communications Engineering.",137351,1,Public,3,102275,91,137351,University of South Florida,11,15,0.4319,32495,0.6858996244,2,22,1
1410,"Electrical, Electronics, and Communications Engineering.",137351,1,Public,5,102978,19,137351,University of South Florida,11,15,0.4319,32495,0.6858996244,2,22,1
1419,Mechanical Engineering.,137351,1,Public,3,88249,205,137351,University of South Florida,11,15,0.4319,32495,0.6858996244,2,22,1
1435,Industrial Engineering.,137351,1,Public,3,90040,71,137351,University of South Florida,11,15,0.4319,32495,0.6858996244,2,22,1
1515,Engineering-Related Fields.,137351,3,Public,5,127663,23,137351,University of South Florida,11,15,0.4319,32495,0.6858996244,2,22,1
1601,"Linguistic, Comparative, and Related Language Studies and Services.",137351,1,Public,3,43813,25,137351,University of South Florida,11,15,0.4319,32495,0.6858996244,2,22,1
2301,"English Language and Literature, General.",137351,1,Public,3,45178,221,137351,University of South Florida,11,15,0.4319,32495,0.6858996244,2,22,1
2313,Rhetoric and Composition/Writing Studies.,137351,3,Public,3,54778,27,137351,University of South Florida,11,15,0.4319,32495,0.6858996244,2,22,1
2401,"Liberal Arts and Sciences, General Studies and Humanities.",137351,1,Public,3,59587,248,137351,University of South Florida,11,15,0.4319,32495,0.6858996244,2,22,1
2501,Library Science and Administration.,137351,3,Public,5,52161,128,137351,University of South Florida,11,15,0.4319,32495,0.6858996244,2,22,1
2601,"Biology, General.",137351,1,Public,3,49395,650,137351,University of South Florida,11,15,0.4319,32495,0.6858996244,2,22,1
2605,Microbiological Sciences and Immunology.,137351,1,Public,3,57628,28,137351,University of South Florida,11,15,0.4319,32495,0.6858996244,2,22,1
2699,"Biological and Biomedical Sciences, Other.",137351,3,Public,5,61045,110,137351,University of South Florida,11,15,0.4319,32495,0.6858996244,2,22,1
2701,Mathematics.,137351,1,Public,3,59125,43,137351,University of South Florida,11,15,0.4319,32495,0.6858996244,2,22,1
2705,Statistics.,137351,1,Public,3,74071,27,137351,University of South Florida,11,15,0.4319,32495,0.6858996244,2,22,1
3033,Sustainability Studies.,137351,3,Public,5,64880,57,137351,University of South Florida,11,15,0.4319,32495,0.6858996244,2,22,1
3105,"Sports, Kinesiology, and Physical Education/Fitness.",137351,1,Public,5,70317,49,137351,University of South Florida,11,15,0.4319,32495,0.6858996244,2,22,1
3801,Philosophy.,137351,1,Public,3,49561,23,137351,University of South Florida,11,15,0.4319,32495,0.6858996244,2,22,1
4005,Chemistry.,137351,1,Public,3,59942,48,137351,University of South Florida,11,15,0.4319,32495,0.6858996244,2,22,1
4006,Geological and Earth Sciences/Geosciences.,137351,1,Public,3,60472,39,137351,University of South Florida,11,15,0.4319,32495,0.6858996244,2,22,1
4008,Physics.,137351,1,Public,3,68967,35,137351,University of South Florida,11,15,0.4319,32495,0.6858996244,2,22,1
4201,"Psychology, General.",137351,1,Public,3,47257,670,137351,University of South Florida,11,15,0.4319,32495,0.6858996244,2,22,1
4201,"Psychology, General.",137351,1,Public,6,113606,27,137351,University of South Florida,11,15,0.4319,32495,0.6858996244,2,22,1
4299,"Psychology, Other.",137351,1,Public,5,67173,95,137351,University of South Florida,11,15,0.4319,32495,0.6858996244,2,22,1
4301,Criminal Justice and Corrections.,137351,3,Public,5,70885,26,137351,University of South Florida,11,15,0.4319,32495,0.6858996244,2,22,1
4303,Homeland Security.,137351,3,Public,5,114398,175,137351,University of South Florida,11,15,0.4319,32495,0.6858996244,2,22,1
4400,"Human Services, General.",137351,1,Public,3,43976,92,137351,University of South Florida,11,15,0.4319,32495,0.6858996244,2,22,1
4400,"Human Services, General.",137351,3,Public,5,59322,30,137351,University of South Florida,11,15,0.4319,32495,0.6858996244,2,22,1
4404,Public Administration.,137351,1,Public,5,62465,24,137351,University of South Florida,11,15,0.4319,32495,0.6858996244,2,22,1
4407,Social Work.,137351,3,Public,3,52451,121,137351,University of South Florida,11,15,0.4319,32495,0.6858996244,2,22,1
4407,Social Work.,137351,3,Public,5,56830,172,137351,University of South Florida,11,15,0.4319,32495,0.6858996244,2,22,1
4501,"Social Sciences, General.",137351,1,Public,3,47969,145,137351,University of South Florida,11,15,0.4319,32495,0.6858996244,2,22,1
4502,Anthropology.,137351,1,Public,3,44283,88,137351,University of South Florida,11,15,0.4319,32495,0.6858996244,2,22,1
4504,Criminology.,137351,3,Public,3,53883,430,137351,University of South Florida,11,15,0.4319,32495,0.6858996244,2,22,1
4506,Economics.,137351,1,Public,3,67007,163,137351,University of South Florida,11,15,0.4319,32495,0.6858996244,2,22,1
4507,Geography and Cartography.,137351,1,Public,3,54944,24,137351,University of South Florida,11,15,0.4319,32495,0.6858996244,2,22,1
4509,International Relations and National Security Studies.,137351,1,Public,3,58999,107,137351,University of South Florida,11,15,0.4319,32495,0.6858996244,2,22,1
4510,Political Science and Government.,137351,1,Public,3,64820,174,137351,University of South Florida,11,15,0.4319,32495,0.6858996244,2,22,1
4511,Sociology.,137351,1,Public,3,47379,74,137351,University of South Florida,11,15,0.4319,32495,0.6858996244,2,22,1
5003,Dance.,137351,1,Public,3,33269,21,137351,University of South Florida,11,15,0.4319,32495,0.6858996244,2,22,1
5004,Design and Applied Arts.,137351,1,Public,3,54770,26,137351,University of South Florida,11,15,0.4319,32495,0.6858996244,2,22,1
5005,Drama/Theatre Arts and Stagecraft.,137351,1,Public,3,45671,31,137351,University of South Florida,11,15,0.4319,32495,0.6858996244,2,22,1
5007,Fine and Studio Arts.,137351,1,Public,3,38820,98,137351,University of South Florida,11,15,0.4319,32495,0.6858996244,2,22,1
5007,Fine and Studio Arts.,137351,1,Public,5,43971,21,137351,University of South Florida,11,15,0.4319,32495,0.6858996244,2,22,1
5009,Music.,137351,1,Public,5,46862,21,137351,University of South Florida,11,15,0.4319,32495,0.6858996244,2,22,1
5099,"Visual and Performing Arts, Other.",137351,1,Public,3,53756,16,137351,University of South Florida,11,15,0.4319,32495,0.6858996244,2,22,1
5100,"Health Services/Allied Health/Health Sciences, General.",137351,3,Public,3,56452,885,137351,University of South Florida,11,15,0.4319,32495,0.6858996244,2,22,1
5102,Communication Disorders Sciences and Services.,137351,1,Public,3,51378,171,137351,University of South Florida,11,15,0.4319,32495,0.6858996244,2,22,1
5102,Communication Disorders Sciences and Services.,137351,3,Public,5,65422,109,137351,University of South Florida,11,15,0.4319,32495,0.6858996244,2,22,1
5102,Communication Disorders Sciences and Services.,137351,1,Public,6,90869,24,137351,University of South Florida,11,15,0.4319,32495,0.6858996244,2,22,1
5107,Health and Medical Administrative Services.,137351,1,Public,5,93064,17,137351,University of South Florida,11,15,0.4319,32495,0.6858996244,2,22,1
5109,"Allied Health Diagnostic, Intervention, and Treatment Professions.",137351,1,Public,5,67543,68,137351,University of South Florida,11,15,0.4319,32495,0.6858996244,2,22,1
5112,Medicine.,137351,1,Public,7,97089,268,137351,University of South Florida,11,15,0.4319,32495,0.6858996244,2,22,1
5122,Public Health.,137351,3,Public,3,53560,273,137351,University of South Florida,11,15,0.4319,32495,0.6858996244,2,22,1
5122,Public Health.,137351,1,Public,5,79273,242,137351,University of South Florida,11,15,0.4319,32495,0.6858996244,2,22,1
5122,Public Health.,137351,1,Public,6,113870,30,137351,University of South Florida,11,15,0.4319,32495,0.6858996244,2,22,1
5123,Rehabilitation and Therapeutic Professions.,137351,2,Public,5,55074,63,137351,University of South Florida,11,15,0.4319,32495,0.6858996244,2,22,1
5123,Rehabilitation and Therapeutic Professions.,137351,1,Public,7,85202,35,137351,University of South Florida,11,15,0.4319,32495,0.6858996244,2,22,1
5127,Medical Illustration and Informatics.,137351,3,Public,5,96827,98,137351,University of South Florida,11,15,0.4319,32495,0.6858996244,2,22,1
5138,"Registered Nursing, Nursing Administration, Nursing Research and Clinical Nursing.",137351,1,Public,3,84694,571,137351,University of South Florida,11,15,0.4319,32495,0.6858996244,2,22,1
5138,"Registered Nursing, Nursing Administration, Nursing Research and Clinical Nursing.",137351,1,Public,5,116242,361,137351,University of South Florida,11,15,0.4319,32495,0.6858996244,2,22,1
5138,"Registered Nursing, Nursing Administration, Nursing Research and Clinical Nursing.",137351,1,Public,6,127778,87,137351,University of South Florida,11,15,0.4319,32495,0.6858996244,2,22,1
5201,"Business/Commerce, General.",137351,1,Public,3,64838,229,137351,University of South Florida,11,15,0.4319,32495,0.6858996244,2,22,1
5202,"Business Administration, Management and Operations.",137351,1,Public,3,60600,144,137351,University of South Florida,11,15,0.4319,32495,0.6858996244,2,22,1
5202,"Business Administration, Management and Operations.",137351,1,Public,5,112594,322,137351,University of South Florida,11,15,0.4319,32495,0.6858996244,2,22,1
5202,"Business Administration, Management and Operations.",137351,2,Public,6,200931,22,137351,University of South Florida,11,15,0.4319,32495,0.6858996244,2,22,1
5203,Accounting and Related Services.,137351,3,Public,3,78918,405,137351,University of South Florida,11,15,0.4319,32495,0.6858996244,2,22,1
5203,Accounting and Related Services.,137351,1,Public,5,94391,108,137351,University of South Florida,11,15,0.4319,32495,0.6858996244,2,22,1
5207,Entrepreneurial and Small Business Operations.,137351,1,Public,5,85594,16,137351,University of South Florida,11,15,0.4319,32495,0.6858996244,2,22,1
5208,Finance and Financial Management Services.,137351,1,Public,3,73933,463,137351,University of South Florida,11,15,0.4319,32495,0.6858996244,2,22,1
5209,Hospitality Administration/Management.,137351,1,Public,3,57695,47,137351,University of South Florida,11,15,0.4319,32495,0.6858996244,2,22,1
5211,International Business.,137351,1,Public,3,66141,48,137351,University of South Florida,11,15,0.4319,32495,0.6858996244,2,22,1
5212,Management Information Systems and Services.,137351,1,Public,3,83227,201,137351,University of South Florida,11,15,0.4319,32495,0.6858996244,2,22,1
5214,Marketing.,137351,1,Public,3,65269,408,137351,University of South Florida,11,15,0.4319,32495,0.6858996244,2,22,1
5401,History.,137351,1,Public,3,47936,140,137351,University of South Florida,11,15,0.4319,32495,0.6858996244,2,22,1
1304,Educational Administration and Supervision.,137476,1,"Private, nonprofit",5,69390,70,137476,St. Thomas University,21,13,0.9791,26170,0.7702970297,2,24,1
1304,Educational Administration and Supervision.,137476,3,"Private, nonprofit",6,88145,42,137476,St. Thomas University,21,13,0.9791,26170,0.7702970297,2,24,1
1310,Special Education and Teaching.,137476,0,"Private, nonprofit",5,63009,16,137476,St. Thomas University,21,13,0.9791,26170,0.7702970297,2,24,1
1312,"Teacher Education and Professional Development, Specific Levels and Methods.",137476,3,"Private, nonprofit",5,64254,20,137476,St. Thomas University,21,13,0.9791,26170,0.7702970297,2,24,1
2201,Law.,137476,0,"Private, nonprofit",6,99412,309,137476,St. Thomas University,21,13,0.9791,26170,0.7702970297,2,24,1
2299,"Legal Professions and Studies, Other.",137476,0,"Private, nonprofit",4,102110,33,137476,St. Thomas University,21,13,0.9791,26170,0.7702970297,2,24,1
2299,"Legal Professions and Studies, Other.",137476,1,"Private, nonprofit",8,115357,36,137476,St. Thomas University,21,13,0.9791,26170,0.7702970297,2,24,1
4301,Criminal Justice and Corrections.,137476,1,"Private, nonprofit",3,54337,16,137476,St. Thomas University,21,13,0.9791,26170,0.7702970297,2,24,1
4301,Criminal Justice and Corrections.,137476,3,"Private, nonprofit",5,45918,16,137476,St. Thomas University,21,13,0.9791,26170,0.7702970297,2,24,1
5115,Mental and Social Health Services and Allied Professions.,137476,3,"Private, nonprofit",5,58659,20,137476,St. Thomas University,21,13,0.9791,26170,0.7702970297,2,24,1
5202,"Business Administration, Management and Operations.",137476,1,"Private, nonprofit",3,63852,49,137476,St. Thomas University,21,13,0.9791,26170,0.7702970297,2,24,1
5202,"Business Administration, Management and Operations.",137476,2,"Private, nonprofit",5,79955,87,137476,St. Thomas University,21,13,0.9791,26170,0.7702970297,2,24,1
5203,Accounting and Related Services.,137476,1,"Private, nonprofit",3,69432,18,137476,St. Thomas University,21,13,0.9791,26170,0.7702970297,2,24,1
0301,Natural Resources Conservation and Research.,137546,1,"Private, nonprofit",3,51955,20,137546,Stetson University,13,14,0.716,52032,0.5486725664,2,20,1
0901,Communication and Media Studies.,137546,1,"Private, nonprofit",3,58071,40,137546,Stetson University,13,14,0.716,52032,0.5486725664,2,20,1
1304,Educational Administration and Supervision.,137546,1,"Private, nonprofit",5,69259,85,137546,Stetson University,13,14,0.716,52032,0.5486725664,2,20,1
1313,"Teacher Education and Professional Development, Specific Subject Areas.",137546,1,"Private, nonprofit",3,54537,21,137546,Stetson University,13,14,0.716,52032,0.5486725664,2,20,1
2201,Law.,137546,0,"Private, nonprofit",5,66504,20,137546,Stetson University,13,14,0.716,52032,0.5486725664,2,20,1
2201,Law.,137546,1,"Private, nonprofit",7,96451,381,137546,Stetson University,13,14,0.716,52032,0.5486725664,2,20,1
2601,"Biology, General.",137546,1,"Private, nonprofit",3,50447,19,137546,Stetson University,13,14,0.716,52032,0.5486725664,2,20,1
3105,"Sports, Kinesiology, and Physical Education/Fitness.",137546,1,"Private, nonprofit",3,61974,30,137546,Stetson University,13,14,0.716,52032,0.5486725664,2,20,1
4510,Political Science and Government.,137546,1,"Private, nonprofit",3,52667,34,137546,Stetson University,13,14,0.716,52032,0.5486725664,2,20,1
5001,"Visual and Performing Arts, General.",137546,1,"Private, nonprofit",3,35045,28,137546,Stetson University,13,14,0.716,52032,0.5486725664,2,20,1
5009,Music.,137546,1,"Private, nonprofit",3,41298,37,137546,Stetson University,13,14,0.716,52032,0.5486725664,2,20,1
5100,"Health Services/Allied Health/Health Sciences, General.",137546,1,"Private, nonprofit",3,52591,37,137546,Stetson University,13,14,0.716,52032,0.5486725664,2,20,1
5115,Mental and Social Health Services and Allied Professions.,137546,1,"Private, nonprofit",5,48739,34,137546,Stetson University,13,14,0.716,52032,0.5486725664,2,20,1
5202,"Business Administration, Management and Operations.",137546,1,"Private, nonprofit",3,59629,70,137546,Stetson University,13,14,0.716,52032,0.5486725664,2,20,1
5202,"Business Administration, Management and Operations.",137546,2,"Private, nonprofit",5,83958,44,137546,Stetson University,13,14,0.716,52032,0.5486725664,2,20,1
5203,Accounting and Related Services.,137546,1,"Private, nonprofit",3,78682,38,137546,Stetson University,13,14,0.716,52032,0.5486725664,2,20,1
5203,Accounting and Related Services.,137546,3,"Private, nonprofit",5,90653,20,137546,Stetson University,13,14,0.716,52032,0.5486725664,2,20,1
5208,Finance and Financial Management Services.,137546,1,"Private, nonprofit",3,85033,61,137546,Stetson University,13,14,0.716,52032,0.5486725664,2,20,1
5211,International Business.,137546,1,"Private, nonprofit",3,58090,16,137546,Stetson University,13,14,0.716,52032,0.5486725664,2,20,1
5214,Marketing.,137546,1,"Private, nonprofit",3,63707,35,137546,Stetson University,13,14,0.716,52032,0.5486725664,2,20,1
5401,History.,137546,1,"Private, nonprofit",3,44796,18,137546,Stetson University,13,14,0.716,52032,0.5486725664,2,20,1
0901,Communication and Media Studies.,137564,1,"Private, nonprofit",3,52899,36,137564,Southeastern University,12,13,0.5298,39372,0.6645474944,2,23,1
0907,"Radio, Television, and Digital Communication.",137564,2,"Private, nonprofit",3,55318,19,137564,Southeastern University,12,13,0.5298,39372,0.6645474944,2,23,1
1304,Educational Administration and Supervision.,137564,1,"Private, nonprofit",5,65849,32,137564,Southeastern University,12,13,0.5298,39372,0.6645474944,2,23,1
1304,Educational Administration and Supervision.,137564,1,"Private, nonprofit",6,83204,18,137564,Southeastern University,12,13,0.5298,39372,0.6645474944,2,23,1
1310,Special Education and Teaching.,137564,3,"Private, nonprofit",5,49395,26,137564,Southeastern University,12,13,0.5298,39372,0.6645474944,2,23,1
1312,"Teacher Education and Professional Development, Specific Levels and Methods.",137564,1,"Private, nonprofit",3,49334,46,137564,Southeastern University,12,13,0.5298,39372,0.6645474944,2,23,1
1312,"Teacher Education and Professional Development, Specific Levels and Methods.",137564,1,"Private, nonprofit",5,54928,18,137564,Southeastern University,12,13,0.5298,39372,0.6645474944,2,23,1
1313,"Teacher Education and Professional Development, Specific Subject Areas.",137564,1,"Private, nonprofit",3,52697,23,137564,Southeastern University,12,13,0.5298,39372,0.6645474944,2,23,1
2401,"Liberal Arts and Sciences, General Studies and Humanities.",137564,2,"Private, nonprofit",2,46267,35,137564,Southeastern University,12,13,0.5298,39372,0.6645474944,2,23,1
3105,"Sports, Kinesiology, and Physical Education/Fitness.",137564,1,"Private, nonprofit",3,46427,64,137564,Southeastern University,12,13,0.5298,39372,0.6645474944,2,23,1
3903,Missions/Missionary Studies and Missiology.,137564,0,"Private, nonprofit",2,41803,39,137564,Southeastern University,12,13,0.5298,39372,0.6645474944,2,23,1
3903,Missions/Missionary Studies and Missiology.,137564,0,"Private, nonprofit",3,49310,184,137564,Southeastern University,12,13,0.5298,39372,0.6645474944,2,23,1
3906,Theological and Ministerial Studies.,137564,2,"Private, nonprofit",2,45142,32,137564,Southeastern University,12,13,0.5298,39372,0.6645474944,2,23,1
3906,Theological and Ministerial Studies.,137564,2,"Private, nonprofit",3,44106,29,137564,Southeastern University,12,13,0.5298,39372,0.6645474944,2,23,1
3907,Pastoral Counseling and Specialized Ministries.,137564,1,"Private, nonprofit",3,30430,17,137564,Southeastern University,12,13,0.5298,39372,0.6645474944,2,23,1
4201,"Psychology, General.",137564,2,"Private, nonprofit",3,48011,39,137564,Southeastern University,12,13,0.5298,39372,0.6645474944,2,23,1
4301,Criminal Justice and Corrections.,137564,2,"Private, nonprofit",3,48343,29,137564,Southeastern University,12,13,0.5298,39372,0.6645474944,2,23,1
4400,"Human Services, General.",137564,3,"Private, nonprofit",3,48006,16,137564,Southeastern University,12,13,0.5298,39372,0.6645474944,2,23,1
4400,"Human Services, General.",137564,3,"Private, nonprofit",5,51706,20,137564,Southeastern University,12,13,0.5298,39372,0.6645474944,2,23,1
4407,Social Work.,137564,1,"Private, nonprofit",3,52194,56,137564,Southeastern University,12,13,0.5298,39372,0.6645474944,2,23,1
4407,Social Work.,137564,1,"Private, nonprofit",5,61053,24,137564,Southeastern University,12,13,0.5298,39372,0.6645474944,2,23,1
5138,"Registered Nursing, Nursing Administration, Nursing Research and Clinical Nursing.",137564,2,"Private, nonprofit",3,61909,35,137564,Southeastern University,12,13,0.5298,39372,0.6645474944,2,23,1
5202,"Business Administration, Management and Operations.",137564,2,"Private, nonprofit",3,55827,128,137564,Southeastern University,12,13,0.5298,39372,0.6645474944,2,23,1
5202,"Business Administration, Management and Operations.",137564,2,"Private, nonprofit",5,76932,90,137564,Southeastern University,12,13,0.5298,39372,0.6645474944,2,23,1
1204,Cosmetology and Related Personal Grooming Services.,137591,1,"Private, for-profit",1,23096,269,137591,Bene's Career Academy,21,-2,,10523,0.85,1,29,1
5135,Somatic Bodywork and Related Therapeutic Services.,137591,1,"Private, for-profit",1,25078,28,137591,Bene's Career Academy,21,-2,,10523,0.85,1,29,1
1312,"Teacher Education and Professional Development, Specific Levels and Methods.",137759,2,Public,2,40414,30,137759,Tallahassee State College,12,12,,23457,0.8177727784,1,22,1
2401,"Liberal Arts and Sciences, General Studies and Humanities.",137759,2,Public,2,42300,1147,137759,Tallahassee State College,12,12,,23457,0.8177727784,1,22,1
4301,Criminal Justice and Corrections.,137759,1,Public,1,54912,116,137759,Tallahassee State College,12,12,,23457,0.8177727784,1,22,1
5106,Dental Support Services and Allied Professions.,137759,1,Public,2,65204,23,137759,Tallahassee State College,12,12,,23457,0.8177727784,1,22,1
5109,"Allied Health Diagnostic, Intervention, and Treatment Professions.",137759,1,Public,2,64789,39,137759,Tallahassee State College,12,12,,23457,0.8177727784,1,22,1
5109,"Allied Health Diagnostic, Intervention, and Treatment Professions.",137759,0,Public,99,58514,20,137759,Tallahassee State College,12,12,,23457,0.8177727784,1,22,1
5138,"Registered Nursing, Nursing Administration, Nursing Research and Clinical Nursing.",137759,1,Public,2,76270,55,137759,Tallahassee State College,12,12,,23457,0.8177727784,1,22,1
0901,Communication and Media Studies.,137847,1,"Private, nonprofit",3,55512,97,137847,The University of Tampa,11,13,0.4034,75458,0.429463171,2,20,1
0909,"Public Relations, Advertising, and Applied Communication.",137847,1,"Private, nonprofit",3,63368,89,137847,The University of Tampa,11,13,0.4034,75458,0.429463171,2,20,1
1110,Computer/Information Technology Administration and Management.,137847,1,"Private, nonprofit",3,99980,34,137847,The University of Tampa,11,13,0.4034,75458,0.429463171,2,20,1
1303,Curriculum and Instruction.,137847,1,"Private, nonprofit",5,57893,16,137847,The University of Tampa,11,13,0.4034,75458,0.429463171,2,20,1
1304,Educational Administration and Supervision.,137847,1,"Private, nonprofit",5,66099,29,137847,The University of Tampa,11,13,0.4034,75458,0.429463171,2,20,1
1312,"Teacher Education and Professional Development, Specific Levels and Methods.",137847,1,"Private, nonprofit",3,53942,38,137847,The University of Tampa,11,13,0.4034,75458,0.429463171,2,20,1
2313,Rhetoric and Composition/Writing Studies.,137847,0,"Private, nonprofit",5,50292,32,137847,The University of Tampa,11,13,0.4034,75458,0.429463171,2,20,1
2601,"Biology, General.",137847,1,"Private, nonprofit",3,59432,60,137847,The University of Tampa,11,13,0.4034,75458,0.429463171,2,20,1
2613,"Ecology, Evolution, Systematics, and Population Biology.",137847,1,"Private, nonprofit",3,43683,47,137847,The University of Tampa,11,13,0.4034,75458,0.429463171,2,20,1
3105,"Sports, Kinesiology, and Physical Education/Fitness.",137847,1,"Private, nonprofit",3,60364,127,137847,The University of Tampa,11,13,0.4034,75458,0.429463171,2,20,1
4201,"Psychology, General.",137847,1,"Private, nonprofit",3,53744,72,137847,The University of Tampa,11,13,0.4034,75458,0.429463171,2,20,1
4504,Criminology.,137847,1,"Private, nonprofit",3,60742,118,137847,The University of Tampa,11,13,0.4034,75458,0.429463171,2,20,1
4510,Political Science and Government.,137847,1,"Private, nonprofit",3,58754,39,137847,The University of Tampa,11,13,0.4034,75458,0.429463171,2,20,1
4511,Sociology.,137847,1,"Private, nonprofit",3,57474,20,137847,The University of Tampa,11,13,0.4034,75458,0.429463171,2,20,1
5005,Drama/Theatre Arts and Stagecraft.,137847,1,"Private, nonprofit",3,28709,21,137847,The University of Tampa,11,13,0.4034,75458,0.429463171,2,20,1
5006,Film/Video and Photographic Arts.,137847,1,"Private, nonprofit",3,42090,28,137847,The University of Tampa,11,13,0.4034,75458,0.429463171,2,20,1
5100,"Health Services/Allied Health/Health Sciences, General.",137847,1,"Private, nonprofit",3,72531,46,137847,The University of Tampa,11,13,0.4034,75458,0.429463171,2,20,1
5100,"Health Services/Allied Health/Health Sciences, General.",137847,0,"Private, nonprofit",5,67472,37,137847,The University of Tampa,11,13,0.4034,75458,0.429463171,2,20,1
5122,Public Health.,137847,1,"Private, nonprofit",3,58777,28,137847,The University of Tampa,11,13,0.4034,75458,0.429463171,2,20,1
5138,"Registered Nursing, Nursing Administration, Nursing Research and Clinical Nursing.",137847,1,"Private, nonprofit",3,89223,54,137847,The University of Tampa,11,13,0.4034,75458,0.429463171,2,20,1
5138,"Registered Nursing, Nursing Administration, Nursing Research and Clinical Nursing.",137847,1,"Private, nonprofit",5,114520,74,137847,The University of Tampa,11,13,0.4034,75458,0.429463171,2,20,1
5202,"Business Administration, Management and Operations.",137847,1,"Private, nonprofit",3,67521,90,137847,The University of Tampa,11,13,0.4034,75458,0.429463171,2,20,1
5202,"Business Administration, Management and Operations.",137847,1,"Private, nonprofit",5,107130,103,137847,The University of Tampa,11,13,0.4034,75458,0.429463171,2,20,1
5203,Accounting and Related Services.,137847,1,"Private, nonprofit",3,84875,79,137847,The University of Tampa,11,13,0.4034,75458,0.429463171,2,20,1
5203,Accounting and Related Services.,137847,1,"Private, nonprofit",5,98376,46,137847,The University of Tampa,11,13,0.4034,75458,0.429463171,2,20,1
5207,Entrepreneurial and Small Business Operations.,137847,1,"Private, nonprofit",3,64034,44,137847,The University of Tampa,11,13,0.4034,75458,0.429463171,2,20,1
5207,Entrepreneurial and Small Business Operations.,137847,1,"Private, nonprofit",5,90975,21,137847,The University of Tampa,11,13,0.4034,75458,0.429463171,2,20,1
5208,Finance and Financial Management Services.,137847,1,"Private, nonprofit",3,90485,110,137847,The University of Tampa,11,13,0.4034,75458,0.429463171,2,20,1
5208,Finance and Financial Management Services.,137847,0,"Private, nonprofit",5,82637,25,137847,The University of Tampa,11,13,0.4034,75458,0.429463171,2,20,1
5211,International Business.,137847,1,"Private, nonprofit",3,75090,52,137847,The University of Tampa,11,13,0.4034,75458,0.429463171,2,20,1
5214,Marketing.,137847,1,"Private, nonprofit",3,69876,100,137847,The University of Tampa,11,13,0.4034,75458,0.429463171,2,20,1
5401,History.,137847,1,"Private, nonprofit",3,46596,22,137847,The University of Tampa,11,13,0.4034,75458,0.429463171,2,20,1
5139,"Practical Nursing, Vocational Nursing and Nursing Assistants.",137856,1,Public,1,40321,17,137856,Big Bend Technical College,41,-2,,17833,,1,25,1
1204,Cosmetology and Related Personal Grooming Services.,137865,1,Public,1,30083,45,137865,Tom P. Haney Technical College,22,-2,,16344,,1,28,1
4706,Vehicle Maintenance and Repair Technologies/Technicians.,137865,1,Public,1,51617,38,137865,Tom P. Haney Technical College,22,-2,,16344,,1,28,1
4805,Precision Metal Working.,137865,1,Public,1,45878,24,137865,Tom P. Haney Technical College,22,-2,,16344,,1,28,1
5107,Health and Medical Administrative Services.,137865,1,Public,1,33269,17,137865,Tom P. Haney Technical College,22,-2,,16344,,1,28,1
5139,"Practical Nursing, Vocational Nursing and Nursing Assistants.",137865,1,Public,1,49098,32,137865,Tom P. Haney Technical College,22,-2,,16344,,1,28,1
3000,"Multi-/Interdisciplinary Studies, General.",137953,0,"Private, nonprofit",3,36114,26,137953,Trinity Baptist College,11,8,0.5328,32858,0.7992277992,2,22,1
3907,Pastoral Counseling and Specialized Ministries.,137953,0,"Private, nonprofit",3,46933,18,137953,Trinity Baptist College,11,8,0.5328,32858,0.7992277992,2,22,1
1101,"Computer and Information Sciences, General.",138187,1,Public,2,44213,71,138187,Valencia College,11,15,,23247,0.8727049583,1,22,1
1102,Computer Programming.,138187,1,Public,2,63999,43,138187,Valencia College,11,15,,23247,0.8727049583,1,22,1
1108,Computer Software and Media Applications.,138187,1,Public,2,46230,44,138187,Valencia College,11,15,,23247,0.8727049583,1,22,1
1110,Computer/Information Technology Administration and Management.,138187,1,Public,2,57409,44,138187,Valencia College,11,15,,23247,0.8727049583,1,22,1
1205,Culinary Arts and Related Services.,138187,1,Public,2,41850,58,138187,Valencia College,11,15,,23247,0.8727049583,1,22,1
1503,Electrical/Electronic Engineering Technologies/Technicians.,138187,1,Public,2,62068,23,138187,Valencia College,11,15,,23247,0.8727049583,1,22,1
1503,Electrical/Electronic Engineering Technologies/Technicians.,138187,1,Public,3,80943,26,138187,Valencia College,11,15,,23247,0.8727049583,1,22,1
1513,Drafting/Design Engineering Technologies/Technicians.,138187,1,Public,2,62497,19,138187,Valencia College,11,15,,23247,0.8727049583,1,22,1
2203,Legal Support Services.,138187,1,Public,2,51929,41,138187,Valencia College,11,15,,23247,0.8727049583,1,22,1
2401,"Liberal Arts and Sciences, General Studies and Humanities.",138187,1,Public,2,44728,4116,138187,Valencia College,11,15,,23247,0.8727049583,1,22,1
4301,Criminal Justice and Corrections.,138187,1,Public,2,47005,71,138187,Valencia College,11,15,,23247,0.8727049583,1,22,1
4302,Fire Protection.,138187,1,Public,2,61605,24,138187,Valencia College,11,15,,23247,0.8727049583,1,22,1
5006,Film/Video and Photographic Arts.,138187,1,Public,2,33162,49,138187,Valencia College,11,15,,23247,0.8727049583,1,22,1
5009,Music.,138187,1,Public,2,38507,24,138187,Valencia College,11,15,,23247,0.8727049583,1,22,1
5106,Dental Support Services and Allied Professions.,138187,1,Public,2,75095,22,138187,Valencia College,11,15,,23247,0.8727049583,1,22,1
5109,"Allied Health Diagnostic, Intervention, and Treatment Professions.",138187,1,Public,2,72153,87,138187,Valencia College,11,15,,23247,0.8727049583,1,22,1
5109,"Allied Health Diagnostic, Intervention, and Treatment Professions.",138187,1,Public,3,89532,62,138187,Valencia College,11,15,,23247,0.8727049583,1,22,1
5138,"Registered Nursing, Nursing Administration, Nursing Research and Clinical Nursing.",138187,1,Public,2,81133,270,138187,Valencia College,11,15,,23247,0.8727049583,1,22,1
5139,"Practical Nursing, Vocational Nursing and Nursing Assistants.",138187,0,Public,99,54862,37,138187,Valencia College,11,15,,23247,0.8727049583,1,22,1
5202,"Business Administration, Management and Operations.",138187,1,Public,2,46965,229,138187,Valencia College,11,15,,23247,0.8727049583,1,22,1
5203,Accounting and Related Services.,138187,1,Public,2,48119,31,138187,Valencia College,11,15,,23247,0.8727049583,1,22,1
5209,Hospitality Administration/Management.,138187,1,Public,2,46639,69,138187,Valencia College,11,15,,23247,0.8727049583,1,22,1
0100,"Agriculture, General.",138275,1,"Private, nonprofit",3,56429,25,138275,Warner University,41,8,0.4281,29095,0.7985915493,2,25,1
1312,"Teacher Education and Professional Development, Specific Levels and Methods.",138275,2,"Private, nonprofit",3,48819,70,138275,Warner University,41,8,0.4281,29095,0.7985915493,2,25,1
2401,"Liberal Arts and Sciences, General Studies and Humanities.",138275,2,"Private, nonprofit",2,42057,42,138275,Warner University,41,8,0.4281,29095,0.7985915493,2,25,1
2401,"Liberal Arts and Sciences, General Studies and Humanities.",138275,2,"Private, nonprofit",3,54179,18,138275,Warner University,41,8,0.4281,29095,0.7985915493,2,25,1
3105,"Sports, Kinesiology, and Physical Education/Fitness.",138275,1,"Private, nonprofit",3,44995,33,138275,Warner University,41,8,0.4281,29095,0.7985915493,2,25,1
5202,"Business Administration, Management and Operations.",138275,1,"Private, nonprofit",3,55458,84,138275,Warner University,41,8,0.4281,29095,0.7985915493,2,25,1
5202,"Business Administration, Management and Operations.",138275,3,"Private, nonprofit",5,73819,51,138275,Warner University,41,8,0.4281,29095,0.7985915493,2,25,1
4301,Criminal Justice and Corrections.,138284,1,Public,1,41153,19,138284,Florida Panhandle Technical College,43,-2,,15147,,1,25,1
5107,Health and Medical Administrative Services.,138284,1,Public,1,32971,18,138284,Florida Panhandle Technical College,43,-2,,15147,,1,25,1
5110,Clinical/Medical Laboratory Science/Research and Allied Professions.,138284,1,Public,1,31422,16,138284,Florida Panhandle Technical College,43,-2,,15147,,1,25,1
5139,"Practical Nursing, Vocational Nursing and Nursing Assistants.",138284,1,Public,1,39400,60,138284,Florida Panhandle Technical College,43,-2,,15147,,1,25,1
1312,"Teacher Education and Professional Development, Specific Levels and Methods.",138293,2,"Private, nonprofit",3,44747,21,138293,Webber International University,41,8,0.694,39516,0.6643274854,2,21,1
3105,"Sports, Kinesiology, and Physical Education/Fitness.",138293,1,"Private, nonprofit",3,49068,43,138293,Webber International University,41,8,0.694,39516,0.6643274854,2,21,1
4301,Criminal Justice and Corrections.,138293,2,"Private, nonprofit",3,49224,34,138293,Webber International University,41,8,0.694,39516,0.6643274854,2,21,1
5201,"Business/Commerce, General.",138293,2,"Private, nonprofit",3,50253,25,138293,Webber International University,41,8,0.694,39516,0.6643274854,2,21,1
5202,"Business Administration, Management and Operations.",138293,3,"Private, nonprofit",5,59543,16,138293,Webber International University,41,8,0.694,39516,0.6643274854,2,21,1
1107,Computer Science.,138309,3,"Private, for-profit",3,84899,110,138309,Rasmussen University-Florida,13,12,,25123,0.7318019398,1,30,1
1110,Computer/Information Technology Administration and Management.,138309,2,"Private, for-profit",2,51541,46,138309,Rasmussen University-Florida,13,12,,25123,0.7318019398,1,30,1
1110,Computer/Information Technology Administration and Management.,138309,3,"Private, for-profit",3,73554,65,138309,Rasmussen University-Florida,13,12,,25123,0.7318019398,1,30,1
1304,Educational Administration and Supervision.,138309,3,"Private, for-profit",3,46541,278,138309,Rasmussen University-Florida,13,12,,25123,0.7318019398,1,30,1
1312,"Teacher Education and Professional Development, Specific Levels and Methods.",138309,2,"Private, for-profit",1,35034,69,138309,Rasmussen University-Florida,13,12,,25123,0.7318019398,1,30,1
1312,"Teacher Education and Professional Development, Specific Levels and Methods.",138309,1,"Private, for-profit",2,39403,404,138309,Rasmussen University-Florida,13,12,,25123,0.7318019398,1,30,1
1409,Computer Engineering.,138309,1,"Private, for-profit",2,69873,46,138309,Rasmussen University-Florida,13,12,,25123,0.7318019398,1,30,1
2203,Legal Support Services.,138309,1,"Private, for-profit",1,58038,16,138309,Rasmussen University-Florida,13,12,,25123,0.7318019398,1,30,1
2203,Legal Support Services.,138309,1,"Private, for-profit",2,45751,92,138309,Rasmussen University-Florida,13,12,,25123,0.7318019398,1,30,1
4301,Criminal Justice and Corrections.,138309,1,"Private, for-profit",2,56503,149,138309,Rasmussen University-Florida,13,12,,25123,0.7318019398,1,30,1
4301,Criminal Justice and Corrections.,138309,3,"Private, for-profit",3,60483,75,138309,Rasmussen University-Florida,13,12,,25123,0.7318019398,1,30,1
4400,"Human Services, General.",138309,1,"Private, for-profit",2,46185,58,138309,Rasmussen University-Florida,13,12,,25123,0.7318019398,1,30,1
4400,"Human Services, General.",138309,3,"Private, for-profit",3,48799,70,138309,Rasmussen University-Florida,13,12,,25123,0.7318019398,1,30,1
5004,Design and Applied Arts.,138309,1,"Private, for-profit",2,37689,41,138309,Rasmussen University-Florida,13,12,,25123,0.7318019398,1,30,1
5004,Design and Applied Arts.,138309,2,"Private, for-profit",3,46610,19,138309,Rasmussen University-Florida,13,12,,25123,0.7318019398,1,30,1
5107,Health and Medical Administrative Services.,138309,2,"Private, for-profit",1,40818,653,138309,Rasmussen University-Florida,13,12,,25123,0.7318019398,1,30,1
5107,Health and Medical Administrative Services.,138309,2,"Private, for-profit",2,47498,479,138309,Rasmussen University-Florida,13,12,,25123,0.7318019398,1,30,1
5107,Health and Medical Administrative Services.,138309,3,"Private, for-profit",3,62100,252,138309,Rasmussen University-Florida,13,12,,25123,0.7318019398,1,30,1
5108,Allied Health and Medical Assisting Services.,138309,2,"Private, for-profit",1,36914,743,138309,Rasmussen University-Florida,13,12,,25123,0.7318019398,1,30,1
5108,Allied Health and Medical Assisting Services.,138309,2,"Private, for-profit",2,43243,234,138309,Rasmussen University-Florida,13,12,,25123,0.7318019398,1,30,1
5109,"Allied Health Diagnostic, Intervention, and Treatment Professions.",138309,1,"Private, for-profit",2,60039,83,138309,Rasmussen University-Florida,13,12,,25123,0.7318019398,1,30,1
5110,Clinical/Medical Laboratory Science/Research and Allied Professions.,138309,2,"Private, for-profit",2,52743,42,138309,Rasmussen University-Florida,13,12,,25123,0.7318019398,1,30,1
5122,Public Health.,138309,3,"Private, for-profit",3,49032,48,138309,Rasmussen University-Florida,13,12,,25123,0.7318019398,1,30,1
5138,"Registered Nursing, Nursing Administration, Nursing Research and Clinical Nursing.",138309,1,"Private, for-profit",2,79954,2514,138309,Rasmussen University-Florida,13,12,,25123,0.7318019398,1,30,1
5138,"Registered Nursing, Nursing Administration, Nursing Research and Clinical Nursing.",138309,1,"Private, for-profit",3,87330,689,138309,Rasmussen University-Florida,13,12,,25123,0.7318019398,1,30,1
5139,"Practical Nursing, Vocational Nursing and Nursing Assistants.",138309,1,"Private, for-profit",1,58034,398,138309,Rasmussen University-Florida,13,12,,25123,0.7318019398,1,30,1
5202,"Business Administration, Management and Operations.",138309,1,"Private, for-profit",2,57337,345,138309,Rasmussen University-Florida,13,12,,25123,0.7318019398,1,30,1
5202,"Business Administration, Management and Operations.",138309,3,"Private, for-profit",3,76176,414,138309,Rasmussen University-Florida,13,12,,25123,0.7318019398,1,30,1
5203,Accounting and Related Services.,138309,2,"Private, for-profit",1,45403,29,138309,Rasmussen University-Florida,13,12,,25123,0.7318019398,1,30,1
5203,Accounting and Related Services.,138309,1,"Private, for-profit",2,53756,166,138309,Rasmussen University-Florida,13,12,,25123,0.7318019398,1,30,1
5203,Accounting and Related Services.,138309,3,"Private, for-profit",3,62579,157,138309,Rasmussen University-Florida,13,12,,25123,0.7318019398,1,30,1
5204,Business Operations Support and Assistant Services.,138309,2,"Private, for-profit",1,47927,26,138309,Rasmussen University-Florida,13,12,,25123,0.7318019398,1,30,1
5208,Finance and Financial Management Services.,138309,3,"Private, for-profit",3,70838,45,138309,Rasmussen University-Florida,13,12,,25123,0.7318019398,1,30,1
5210,Human Resources Management and Services.,138309,1,"Private, for-profit",2,60288,119,138309,Rasmussen University-Florida,13,12,,25123,0.7318019398,1,30,1
5210,Human Resources Management and Services.,138309,3,"Private, for-profit",3,64536,188,138309,Rasmussen University-Florida,13,12,,25123,0.7318019398,1,30,1
5212,Management Information Systems and Services.,138309,1,"Private, for-profit",2,57424,130,138309,Rasmussen University-Florida,13,12,,25123,0.7318019398,1,30,1
5214,Marketing.,138309,1,"Private, for-profit",2,51824,41,138309,Rasmussen University-Florida,13,12,,25123,0.7318019398,1,30,1
5214,Marketing.,138309,3,"Private, for-profit",3,62985,52,138309,Rasmussen University-Florida,13,12,,25123,0.7318019398,1,30,1
0301,Natural Resources Conservation and Research.,138354,2,Public,3,50746,16,138354,University of West Florida,41,12,0.5824,34583,0.6786062378,2,24,1
0901,Communication and Media Studies.,138354,2,Public,3,51352,97,138354,University of West Florida,41,12,0.5824,34583,0.6786062378,2,24,1
1101,"Computer and Information Sciences, General.",138354,2,Public,3,79520,59,138354,University of West Florida,41,12,0.5824,34583,0.6786062378,2,24,1
1101,"Computer and Information Sciences, General.",138354,2,Public,5,110932,33,138354,University of West Florida,41,12,0.5824,34583,0.6786062378,2,24,1
1303,Curriculum and Instruction.,138354,2,Public,5,60517,74,138354,University of West Florida,41,12,0.5824,34583,0.6786062378,2,24,1
1304,Educational Administration and Supervision.,138354,3,Public,5,69829,240,138354,University of West Florida,41,12,0.5824,34583,0.6786062378,2,24,1
1310,Special Education and Teaching.,138354,3,Public,3,47968,45,138354,University of West Florida,41,12,0.5824,34583,0.6786062378,2,24,1
1310,Special Education and Teaching.,138354,3,Public,5,67666,151,138354,University of West Florida,41,12,0.5824,34583,0.6786062378,2,24,1
1313,"Teacher Education and Professional Development, Specific Subject Areas.",138354,2,Public,3,50019,16,138354,University of West Florida,41,12,0.5824,34583,0.6786062378,2,24,1
1410,"Electrical, Electronics, and Communications Engineering.",138354,2,Public,3,91813,46,138354,University of West Florida,41,12,0.5824,34583,0.6786062378,2,24,1
2203,Legal Support Services.,138354,2,Public,3,45338,20,138354,University of West Florida,41,12,0.5824,34583,0.6786062378,2,24,1
2301,"English Language and Literature, General.",138354,2,Public,3,33671,26,138354,University of West Florida,41,12,0.5824,34583,0.6786062378,2,24,1
2401,"Liberal Arts and Sciences, General Studies and Humanities.",138354,2,Public,2,59240,116,138354,University of West Florida,41,12,0.5824,34583,0.6786062378,2,24,1
2601,"Biology, General.",138354,2,Public,3,48576,30,138354,University of West Florida,41,12,0.5824,34583,0.6786062378,2,24,1
2701,Mathematics.,138354,2,Public,5,70298,30,138354,University of West Florida,41,12,0.5824,34583,0.6786062378,2,24,1
3105,"Sports, Kinesiology, and Physical Education/Fitness.",138354,2,Public,3,48645,89,138354,University of West Florida,41,12,0.5824,34583,0.6786062378,2,24,1
3105,"Sports, Kinesiology, and Physical Education/Fitness.",138354,2,Public,5,64699,17,138354,University of West Florida,41,12,0.5824,34583,0.6786062378,2,24,1
4201,"Psychology, General.",138354,2,Public,3,45101,53,138354,University of West Florida,41,12,0.5824,34583,0.6786062378,2,24,1
4201,"Psychology, General.",138354,2,Public,5,67785,26,138354,University of West Florida,41,12,0.5824,34583,0.6786062378,2,24,1
4301,Criminal Justice and Corrections.,138354,2,Public,3,46631,52,138354,University of West Florida,41,12,0.5824,34583,0.6786062378,2,24,1
4407,Social Work.,138354,2,Public,3,45806,49,138354,University of West Florida,41,12,0.5824,34583,0.6786062378,2,24,1
4501,"Social Sciences, General.",138354,2,Public,3,47535,42,138354,University of West Florida,41,12,0.5824,34583,0.6786062378,2,24,1
4509,International Relations and National Security Studies.,138354,2,Public,3,43652,16,138354,University of West Florida,41,12,0.5824,34583,0.6786062378,2,24,1
5007,Fine and Studio Arts.,138354,2,Public,3,42115,22,138354,University of West Florida,41,12,0.5824,34583,0.6786062378,2,24,1
5100,"Health Services/Allied Health/Health Sciences, General.",138354,3,Public,3,55704,91,138354,University of West Florida,41,12,0.5824,34583,0.6786062378,2,24,1
5110,Clinical/Medical Laboratory Science/Research and Allied Professions.,138354,2,Public,3,65285,26,138354,University of West Florida,41,12,0.5824,34583,0.6786062378,2,24,1
5115,Mental and Social Health Services and Allied Professions.,138354,2,Public,5,53287,53,138354,University of West Florida,41,12,0.5824,34583,0.6786062378,2,24,1
5122,Public Health.,138354,3,Public,5,111363,32,138354,University of West Florida,41,12,0.5824,34583,0.6786062378,2,24,1
5138,"Registered Nursing, Nursing Administration, Nursing Research and Clinical Nursing.",138354,2,Public,3,89346,493,138354,University of West Florida,41,12,0.5824,34583,0.6786062378,2,24,1
5138,"Registered Nursing, Nursing Administration, Nursing Research and Clinical Nursing.",138354,2,Public,5,104818,52,138354,University of West Florida,41,12,0.5824,34583,0.6786062378,2,24,1
5201,"Business/Commerce, General.",138354,2,Public,3,67651,23,138354,University of West Florida,41,12,0.5824,34583,0.6786062378,2,24,1
5202,"Business Administration, Management and Operations.",138354,2,Public,3,72805,32,138354,University of West Florida,41,12,0.5824,34583,0.6786062378,2,24,1
5202,"Business Administration, Management and Operations.",138354,2,Public,5,87186,113,138354,University of West Florida,41,12,0.5824,34583,0.6786062378,2,24,1
5203,Accounting and Related Services.,138354,2,Public,3,50908,30,138354,University of West Florida,41,12,0.5824,34583,0.6786062378,2,24,1
5203,Accounting and Related Services.,138354,2,Public,5,90113,25,138354,University of West Florida,41,12,0.5824,34583,0.6786062378,2,24,1
5208,Finance and Financial Management Services.,138354,2,Public,3,66463,19,138354,University of West Florida,41,12,0.5824,34583,0.6786062378,2,24,1
5209,Hospitality Administration/Management.,138354,2,Public,3,38420,26,138354,University of West Florida,41,12,0.5824,34583,0.6786062378,2,24,1
5401,History.,138354,2,Public,3,42219,24,138354,University of West Florida,41,12,0.5824,34583,0.6786062378,2,24,1
1205,Culinary Arts and Related Services.,138479,1,Public,1,32805,33,138479,William T McFatter Technical College,21,-2,,16334,,1,26,1
4706,Vehicle Maintenance and Repair Technologies/Technicians.,138479,1,Public,1,54608,20,138479,William T McFatter Technical College,21,-2,,16334,,1,26,1
4805,Precision Metal Working.,138479,1,Public,1,42321,18,138479,William T McFatter Technical College,21,-2,,16334,,1,26,1
5139,"Practical Nursing, Vocational Nursing and Nursing Assistants.",138479,1,Public,1,56486,33,138479,William T McFatter Technical College,21,-2,,16334,,1,26,1
1204,Cosmetology and Related Personal Grooming Services.,138497,1,Public,1,18935,27,138497,Withlacoochee Technical College,23,-2,,17183,,1,28,1
1205,Culinary Arts and Related Services.,138497,1,Public,1,32046,17,138497,Withlacoochee Technical College,23,-2,,17183,,1,28,1
1512,Computer Engineering Technologies/Technicians.,138497,1,Public,1,32374,24,138497,Withlacoochee Technical College,23,-2,,17183,,1,28,1
4301,Criminal Justice and Corrections.,138497,1,Public,1,52652,29,138497,Withlacoochee Technical College,23,-2,,17183,,1,28,1
4603,Electrical and Power Transmission Installers.,138497,1,Public,1,56161,19,138497,Withlacoochee Technical College,23,-2,,17183,,1,28,1
4706,Vehicle Maintenance and Repair Technologies/Technicians.,138497,1,Public,1,38168,27,138497,Withlacoochee Technical College,23,-2,,17183,,1,28,1
4805,Precision Metal Working.,138497,1,Public,1,45279,22,138497,Withlacoochee Technical College,23,-2,,17183,,1,28,1
5107,Health and Medical Administrative Services.,138497,1,Public,1,29510,16,138497,Withlacoochee Technical College,23,-2,,17183,,1,28,1
1204,Cosmetology and Related Personal Grooming Services.,186274,1,"Private, for-profit",1,22529,109,186274,Robert Fiance Beauty Schools,21,-2,,13637,0.9236947791,1,25,1
0183,Veterinary/Animal Health Technologies/Technicians.,244233,2,"Private, for-profit",2,43408,58,244233,City College-Hollywood,21,6,1,14979,0.8729121278,2,29,1
5107,Health and Medical Administrative Services.,244233,2,"Private, for-profit",2,37581,74,244233,City College-Hollywood,21,6,1,14979,0.8729121278,2,29,1
5107,Health and Medical Administrative Services.,244233,3,"Private, for-profit",3,40534,39,244233,City College-Hollywood,21,6,1,14979,0.8729121278,2,29,1
5108,Allied Health and Medical Assisting Services.,244233,2,"Private, for-profit",2,37828,91,244233,City College-Hollywood,21,6,1,14979,0.8729121278,2,29,1
5109,"Allied Health Diagnostic, Intervention, and Treatment Professions.",244233,2,"Private, for-profit",2,51642,61,244233,City College-Hollywood,21,6,1,14979,0.8729121278,2,29,1
5202,"Business Administration, Management and Operations.",244233,3,"Private, for-profit",2,39172,62,244233,City College-Hollywood,21,6,1,14979,0.8729121278,2,29,1
5202,"Business Administration, Management and Operations.",244233,1,"Private, for-profit",3,49519,39,244233,City College-Hollywood,21,6,1,14979,0.8729121278,2,29,1
5106,Dental Support Services and Allied Professions.,244279,1,"Private, for-profit",1,20278,20,244279,Meridian College,13,1,,16256,0.8884615385,1,27,1
5107,Health and Medical Administrative Services.,244279,1,"Private, for-profit",1,37829,18,244279,Meridian College,13,1,,16256,0.8884615385,1,27,1
5108,Allied Health and Medical Assisting Services.,244279,1,"Private, for-profit",1,34911,73,244279,Meridian College,13,1,,16256,0.8884615385,1,27,1
5109,"Allied Health Diagnostic, Intervention, and Treatment Professions.",244279,1,"Private, for-profit",2,46151,39,244279,Meridian College,13,1,,16256,0.8884615385,1,27,1
5138,"Registered Nursing, Nursing Administration, Nursing Research and Clinical Nursing.",244279,0,"Private, for-profit",2,85057,44,244279,Meridian College,13,1,,16256,0.8884615385,1,27,1
5139,"Practical Nursing, Vocational Nursing and Nursing Assistants.",244279,0,"Private, for-profit",1,63036,40,244279,Meridian College,13,1,,16256,0.8884615385,1,27,1
2401,"Liberal Arts and Sciences, General Studies and Humanities.",262129,1,Public,3,39137,81,262129,New College of Florida,13,8,0.732,44268,0.6169491525,2,20,1
3001,Biological and Physical Sciences.,262129,1,Public,3,41759,46,262129,New College of Florida,13,8,0.732,44268,0.6169491525,2,20,1
1204,Cosmetology and Related Personal Grooming Services.,362700,1,"Private, for-profit",1,26859,249,362700,Aveda Institute-Fort Myers,13,-2,,16015,0.8937875752,1,28,1
5135,Somatic Bodywork and Related Therapeutic Services.,362700,1,"Private, for-profit",1,32463,54,362700,Aveda Institute-Fort Myers,13,-2,,16015,0.8937875752,1,28,1
1109,Computer Systems Networking and Telecommunications.,366553,1,"Private, for-profit",2,44987,29,366553,Southern Technical College,13,9,,19031,0.8379160637,1,29,1
5107,Health and Medical Administrative Services.,366553,0,"Private, for-profit",1,37896,20,366553,Southern Technical College,13,9,,19031,0.8379160637,1,29,1
5108,Allied Health and Medical Assisting Services.,366553,1,"Private, for-profit",1,32958,224,366553,Southern Technical College,13,9,,19031,0.8379160637,1,29,1
5108,Allied Health and Medical Assisting Services.,366553,1,"Private, for-profit",2,34673,26,366553,Southern Technical College,13,9,,19031,0.8379160637,1,29,1
5109,"Allied Health Diagnostic, Intervention, and Treatment Professions.",366553,1,"Private, for-profit",2,49650,102,366553,Southern Technical College,13,9,,19031,0.8379160637,1,29,1
5138,"Registered Nursing, Nursing Administration, Nursing Research and Clinical Nursing.",366553,1,"Private, for-profit",2,85126,144,366553,Southern Technical College,13,9,,19031,0.8379160637,1,29,1
5202,"Business Administration, Management and Operations.",366553,2,"Private, for-profit",2,53458,18,366553,Southern Technical College,13,9,,19031,0.8379160637,1,29,1
5110,Clinical/Medical Laboratory Science/Research and Allied Professions.,367875,1,Public,1,46188,31,367875,H W Brewster Technical College,11,-2,,13152,,1,29,1
5139,"Practical Nursing, Vocational Nursing and Nursing Assistants.",367875,0,Public,1,47939,16,367875,H W Brewster Technical College,11,-2,,13152,,1,29,1
4706,Vehicle Maintenance and Repair Technologies/Technicians.,369400,1,"Private, for-profit",1,49381,2867,369400,Universal Technical Institute-Orlando,21,3,,26362,0.7443059019,1,25,1
4706,Vehicle Maintenance and Repair Technologies/Technicians.,369400,1,"Private, for-profit",2,56764,580,369400,Universal Technical Institute-Orlando,21,3,,26362,0.7443059019,1,25,1
1204,Cosmetology and Related Personal Grooming Services.,369419,1,Public,1,21335,25,369419,Erwin Technical College,11,-2,,14686,,1,27,1
4603,Electrical and Power Transmission Installers.,369419,1,Public,1,36613,16,369419,Erwin Technical College,11,-2,,14686,,1,27,1
4706,Vehicle Maintenance and Repair Technologies/Technicians.,369419,1,Public,1,40842,22,369419,Erwin Technical College,11,-2,,14686,,1,27,1
5107,Health and Medical Administrative Services.,369419,1,Public,1,42387,32,369419,Erwin Technical College,11,-2,,14686,,1,27,1
5109,"Allied Health Diagnostic, Intervention, and Treatment Professions.",369419,1,Public,1,54867,23,369419,Erwin Technical College,11,-2,,14686,,1,27,1
5110,Clinical/Medical Laboratory Science/Research and Allied Professions.,369419,1,Public,1,58159,27,369419,Erwin Technical College,11,-2,,14686,,1,27,1
5135,Somatic Bodywork and Related Therapeutic Services.,369419,1,Public,1,30153,18,369419,Erwin Technical College,11,-2,,14686,,1,27,1
5139,"Practical Nursing, Vocational Nursing and Nursing Assistants.",369419,1,Public,1,53121,109,369419,Erwin Technical College,11,-2,,14686,,1,27,1
5203,Accounting and Related Services.,369419,1,Public,1,34408,20,369419,Erwin Technical College,11,-2,,14686,,1,27,1
1204,Cosmetology and Related Personal Grooming Services.,372462,1,"Private, for-profit",1,19708,64,372462,Academy of Cosmetology,21,-2,,11620,0.9301075269,1,29,1
5135,Somatic Bodywork and Related Therapeutic Services.,372462,1,"Private, for-profit",1,26306,16,372462,Academy of Cosmetology,21,-2,,11620,0.9301075269,1,29,1
1204,Cosmetology and Related Personal Grooming Services.,378886,1,"Private, for-profit",1,22422,153,378886,Artistic Nails and Beauty Academy-Tampa,11,-2,,13833,0.9406392694,1,28,1
4706,Vehicle Maintenance and Repair Technologies/Technicians.,378956,1,"Private, for-profit",1,68718,543,378956,National Aviation Academy of Tampa Bay,21,-2,,21490,0.8369047619,1,27,1
1204,Cosmetology and Related Personal Grooming Services.,383163,1,"Private, for-profit",1,16910,205,383163,La Belle Beauty Academy,11,-2,,0,,1,33,1
5135,Somatic Bodywork and Related Therapeutic Services.,383163,1,"Private, for-profit",1,21218,33,383163,La Belle Beauty Academy,11,-2,,0,,1,33,1
1204,Cosmetology and Related Personal Grooming Services.,385132,1,"Private, for-profit",1,16637,62,385132,The Salon Professional Academy-Melbourne,13,-2,,13607,0.8571428571,1,26,1
0302,Environmental/Natural Resources Management and Policy.,385619,3,"Private, nonprofit",3,61850,27,385619,Everglades University,13,9,0.8145,22435,0.7852348993,2,33,1
4901,Air Transportation.,385619,3,"Private, nonprofit",3,86730,74,385619,Everglades University,13,9,0.8145,22435,0.7852348993,2,33,1
4901,Air Transportation.,385619,3,"Private, nonprofit",5,69589,26,385619,Everglades University,13,9,0.8145,22435,0.7852348993,2,33,1
5122,Public Health.,385619,3,"Private, nonprofit",5,47518,54,385619,Everglades University,13,9,0.8145,22435,0.7852348993,2,33,1
5133,Alternative and Complementary Medicine and Medical Systems.,385619,3,"Private, nonprofit",3,36960,152,385619,Everglades University,13,9,0.8145,22435,0.7852348993,2,33,1
5202,"Business Administration, Management and Operations.",385619,3,"Private, nonprofit",5,81771,44,385619,Everglades University,13,9,0.8145,22435,0.7852348993,2,33,1
5220,Construction Management.,385619,3,"Private, nonprofit",3,90526,105,385619,Everglades University,13,9,0.8145,22435,0.7852348993,2,33,1
1102,Computer Programming.,386472,3,"Private, nonprofit",3,78404,23,386472,Herzing University-Orlando,21,6,0.942,18321,0.8203449578,2,31,1
1109,Computer Systems Networking and Telecommunications.,386472,3,"Private, nonprofit",2,55935,54,386472,Herzing University-Orlando,21,6,0.942,18321,0.8203449578,2,31,1
1110,Computer/Information Technology Administration and Management.,386472,3,"Private, nonprofit",3,70624,53,386472,Herzing University-Orlando,21,6,0.942,18321,0.8203449578,2,31,1
2203,Legal Support Services.,386472,3,"Private, nonprofit",2,45714,32,386472,Herzing University-Orlando,21,6,0.942,18321,0.8203449578,2,31,1
4301,Criminal Justice and Corrections.,386472,3,"Private, nonprofit",2,54084,42,386472,Herzing University-Orlando,21,6,0.942,18321,0.8203449578,2,31,1
4301,Criminal Justice and Corrections.,386472,3,"Private, nonprofit",3,69601,100,386472,Herzing University-Orlando,21,6,0.942,18321,0.8203449578,2,31,1
5107,Health and Medical Administrative Services.,386472,3,"Private, nonprofit",1,37853,197,386472,Herzing University-Orlando,21,6,0.942,18321,0.8203449578,2,31,1
5107,Health and Medical Administrative Services.,386472,3,"Private, nonprofit",2,38352,387,386472,Herzing University-Orlando,21,6,0.942,18321,0.8203449578,2,31,1
5107,Health and Medical Administrative Services.,386472,3,"Private, nonprofit",3,51098,129,386472,Herzing University-Orlando,21,6,0.942,18321,0.8203449578,2,31,1
5108,Allied Health and Medical Assisting Services.,386472,3,"Private, nonprofit",1,36188,136,386472,Herzing University-Orlando,21,6,0.942,18321,0.8203449578,2,31,1
5108,Allied Health and Medical Assisting Services.,386472,1,"Private, nonprofit",2,44890,157,386472,Herzing University-Orlando,21,6,0.942,18321,0.8203449578,2,31,1
5109,"Allied Health Diagnostic, Intervention, and Treatment Professions.",386472,1,"Private, nonprofit",2,57768,102,386472,Herzing University-Orlando,21,6,0.942,18321,0.8203449578,2,31,1
5138,"Registered Nursing, Nursing Administration, Nursing Research and Clinical Nursing.",386472,1,"Private, nonprofit",2,86632,322,386472,Herzing University-Orlando,21,6,0.942,18321,0.8203449578,2,31,1
5138,"Registered Nursing, Nursing Administration, Nursing Research and Clinical Nursing.",386472,1,"Private, nonprofit",3,91010,440,386472,Herzing University-Orlando,21,6,0.942,18321,0.8203449578,2,31,1
5139,"Practical Nursing, Vocational Nursing and Nursing Assistants.",386472,1,"Private, nonprofit",1,71753,79,386472,Herzing University-Orlando,21,6,0.942,18321,0.8203449578,2,31,1
5202,"Business Administration, Management and Operations.",386472,3,"Private, nonprofit",2,32081,46,386472,Herzing University-Orlando,21,6,0.942,18321,0.8203449578,2,31,1
5202,"Business Administration, Management and Operations.",386472,3,"Private, nonprofit",3,66379,140,386472,Herzing University-Orlando,21,6,0.942,18321,0.8203449578,2,31,1
5202,"Business Administration, Management and Operations.",386472,3,"Private, nonprofit",5,70854,218,386472,Herzing University-Orlando,21,6,0.942,18321,0.8203449578,2,31,1
5203,Accounting and Related Services.,386472,3,"Private, nonprofit",1,32931,30,386472,Herzing University-Orlando,21,6,0.942,18321,0.8203449578,2,31,1
5203,Accounting and Related Services.,386472,3,"Private, nonprofit",2,45333,17,386472,Herzing University-Orlando,21,6,0.942,18321,0.8203449578,2,31,1
5203,Accounting and Related Services.,386472,3,"Private, nonprofit",3,54345,20,386472,Herzing University-Orlando,21,6,0.942,18321,0.8203449578,2,31,1
1204,Cosmetology and Related Personal Grooming Services.,387925,1,"Private, for-profit",1,31545,303,387925,Cortiva Institute,13,-2,,17597,0.7702589808,1,29,1
5135,Somatic Bodywork and Related Therapeutic Services.,387925,1,"Private, for-profit",1,30699,293,387925,Cortiva Institute,13,-2,,17597,0.7702589808,1,29,1
5138,"Registered Nursing, Nursing Administration, Nursing Research and Clinical Nursing.",406024,1,"Private, for-profit",2,80988,1897,406024,Galen College of Nursing-Tampa Bay,11,2,,32673,0.6627957932,1,30,1
5138,"Registered Nursing, Nursing Administration, Nursing Research and Clinical Nursing.",406024,1,"Private, for-profit",3,91862,463,406024,Galen College of Nursing-Tampa Bay,11,2,,32673,0.6627957932,1,30,1
5139,"Practical Nursing, Vocational Nursing and Nursing Assistants.",406024,1,"Private, for-profit",1,64240,565,406024,Galen College of Nursing-Tampa Bay,11,2,,32673,0.6627957932,1,30,1
5135,Somatic Bodywork and Related Therapeutic Services.,406149,1,"Private, for-profit",1,29432,94,406149,Sarasota School of Massage Therapy,21,-2,,17000,0.7696335079,1,33,1
1110,Computer/Information Technology Administration and Management.,408844,3,"Private, for-profit",2,58473,17,408844,Florida National University-Main Campus,21,9,,13365,0.8321821438,1,29,1
2301,"English Language and Literature, General.",408844,0,"Private, for-profit",1,21826,287,408844,Florida National University-Main Campus,21,9,,13365,0.8321821438,1,29,1
2401,"Liberal Arts and Sciences, General Studies and Humanities.",408844,0,"Private, for-profit",2,39258,32,408844,Florida National University-Main Campus,21,9,,13365,0.8321821438,1,29,1
5100,"Health Services/Allied Health/Health Sciences, General.",408844,3,"Private, for-profit",1,34569,18,408844,Florida National University-Main Campus,21,9,,13365,0.8321821438,1,29,1
5106,Dental Support Services and Allied Professions.,408844,1,"Private, for-profit",1,28073,180,408844,Florida National University-Main Campus,21,9,,13365,0.8321821438,1,29,1
5107,Health and Medical Administrative Services.,408844,3,"Private, for-profit",1,35489,42,408844,Florida National University-Main Campus,21,9,,13365,0.8321821438,1,29,1
5109,"Allied Health Diagnostic, Intervention, and Treatment Professions.",408844,1,"Private, for-profit",2,57086,62,408844,Florida National University-Main Campus,21,9,,13365,0.8321821438,1,29,1
5110,Clinical/Medical Laboratory Science/Research and Allied Professions.,408844,0,"Private, for-profit",1,34287,39,408844,Florida National University-Main Campus,21,9,,13365,0.8321821438,1,29,1
5111,Health/Medical Preparatory Programs.,408844,0,"Private, for-profit",99,93499,28,408844,Florida National University-Main Campus,21,9,,13365,0.8321821438,1,29,1
5122,Public Health.,408844,3,"Private, for-profit",2,45001,61,408844,Florida National University-Main Campus,21,9,,13365,0.8321821438,1,29,1
5122,Public Health.,408844,3,"Private, for-profit",3,51212,45,408844,Florida National University-Main Campus,21,9,,13365,0.8321821438,1,29,1
5122,Public Health.,408844,3,"Private, for-profit",5,64291,22,408844,Florida National University-Main Campus,21,9,,13365,0.8321821438,1,29,1
5138,"Registered Nursing, Nursing Administration, Nursing Research and Clinical Nursing.",408844,1,"Private, for-profit",2,79441,99,408844,Florida National University-Main Campus,21,9,,13365,0.8321821438,1,29,1
5138,"Registered Nursing, Nursing Administration, Nursing Research and Clinical Nursing.",408844,2,"Private, for-profit",3,86826,188,408844,Florida National University-Main Campus,21,9,,13365,0.8321821438,1,29,1
5138,"Registered Nursing, Nursing Administration, Nursing Research and Clinical Nursing.",408844,3,"Private, for-profit",5,101834,41,408844,Florida National University-Main Campus,21,9,,13365,0.8321821438,1,29,1
5202,"Business Administration, Management and Operations.",408844,3,"Private, for-profit",3,57468,24,408844,Florida National University-Main Campus,21,9,,13365,0.8321821438,1,29,1
5202,"Business Administration, Management and Operations.",408844,3,"Private, for-profit",5,68396,25,408844,Florida National University-Main Campus,21,9,,13365,0.8321821438,1,29,1
5203,Accounting and Related Services.,408844,3,"Private, for-profit",2,33134,39,408844,Florida National University-Main Campus,21,9,,13365,0.8321821438,1,29,1
5203,Accounting and Related Services.,408844,3,"Private, for-profit",3,63661,27,408844,Florida National University-Main Campus,21,9,,13365,0.8321821438,1,29,1
5299,"Business, Management, Marketing, and Related Support Services, Other.",408844,3,"Private, for-profit",2,56422,22,408844,Florida National University-Main Campus,21,9,,13365,0.8321821438,1,29,1
1204,Cosmetology and Related Personal Grooming Services.,409032,1,"Private, for-profit",1,17598,194,409032,Nouvelle Institute,11,-2,,0,,1,34,1
5138,"Registered Nursing, Nursing Administration, Nursing Research and Clinical Nursing.",412173,1,"Private, nonprofit",2,84160,40,412173,Academy for Nursing and Health Occupations,21,2,,19834,0.8296703297,1,31,1
5139,"Practical Nursing, Vocational Nursing and Nursing Assistants.",412173,1,"Private, nonprofit",1,42051,76,412173,Academy for Nursing and Health Occupations,21,2,,19834,0.8296703297,1,31,1
2203,Legal Support Services.,417327,1,"Private, for-profit",2,42938,17,417327,City College-Altamonte Springs,21,1,1,14982,0.8646864686,2,31,1
5107,Health and Medical Administrative Services.,417327,1,"Private, for-profit",2,37684,17,417327,City College-Altamonte Springs,21,1,1,14982,0.8646864686,2,31,1
5108,Allied Health and Medical Assisting Services.,417327,1,"Private, for-profit",2,39511,30,417327,City College-Altamonte Springs,21,1,1,14982,0.8646864686,2,31,1
5109,"Allied Health Diagnostic, Intervention, and Treatment Professions.",417327,1,"Private, for-profit",2,50943,20,417327,City College-Altamonte Springs,21,1,1,14982,0.8646864686,2,31,1
5202,"Business Administration, Management and Operations.",417327,1,"Private, for-profit",2,31465,19,417327,City College-Altamonte Springs,21,1,1,14982,0.8646864686,2,31,1
5139,"Practical Nursing, Vocational Nursing and Nursing Assistants.",419217,1,"Private, for-profit",1,68693,38,419217,HCA Florida Mercy Hospital School of Practical Nursing,11,-2,1,23406,,2,27,1
1204,Cosmetology and Related Personal Grooming Services.,419226,1,Public,1,27464,49,419226,Marion Technical College,13,-2,,16708,,1,28,1
1512,Computer Engineering Technologies/Technicians.,419226,1,Public,1,41383,20,419226,Marion Technical College,13,-2,,16708,,1,28,1
4302,Fire Protection.,419226,1,Public,1,58401,26,419226,Marion Technical College,13,-2,,16708,,1,28,1
4805,Precision Metal Working.,419226,1,Public,1,35952,37,419226,Marion Technical College,13,-2,,16708,,1,28,1
5107,Health and Medical Administrative Services.,419226,1,Public,1,29342,16,419226,Marion Technical College,13,-2,,16708,,1,28,1
5108,Allied Health and Medical Assisting Services.,419226,1,Public,1,32403,33,419226,Marion Technical College,13,-2,,16708,,1,28,1
5109,"Allied Health Diagnostic, Intervention, and Treatment Professions.",419226,1,Public,1,55030,20,419226,Marion Technical College,13,-2,,16708,,1,28,1
5139,"Practical Nursing, Vocational Nursing and Nursing Assistants.",419226,1,Public,1,54908,40,419226,Marion Technical College,13,-2,,16708,,1,28,1
5106,Dental Support Services and Allied Professions.,423120,1,"Private, for-profit",1,27004,119,423120,Compu-Med Vocational Careers Corp,21,-2,,0,,1,33,1
5108,Allied Health and Medical Assisting Services.,423120,1,"Private, for-profit",1,28753,75,423120,Compu-Med Vocational Careers Corp,21,-2,,0,,1,33,1
5139,"Practical Nursing, Vocational Nursing and Nursing Assistants.",423120,1,"Private, for-profit",1,28711,39,423120,Compu-Med Vocational Careers Corp,21,-2,,0,,1,33,1
1402,"Aerospace, Aeronautical, and Astronautical/Space Engineering.",426314,3,"Private, nonprofit",3,95552,286,426314,Embry-Riddle Aeronautical University-Worldwide,13,12,0.5791,38662,0.6700304341,2,25,2
1402,"Aerospace, Aeronautical, and Astronautical/Space Engineering.",426314,3,"Private, nonprofit",5,121654,19,426314,Embry-Riddle Aeronautical University-Worldwide,13,12,0.5791,38662,0.6700304341,2,25,2
1427,Systems Engineering.,426314,3,"Private, nonprofit",5,125093,88,426314,Embry-Riddle Aeronautical University-Worldwide,13,12,0.5791,38662,0.6700304341,2,25,2
1507,Quality Control and Safety Technologies/Technicians.,426314,3,"Private, nonprofit",5,94965,31,426314,Embry-Riddle Aeronautical University-Worldwide,13,12,0.5791,38662,0.6700304341,2,25,2
4228,"Clinical, Counseling and Applied Psychology.",426314,3,"Private, nonprofit",5,109268,32,426314,Embry-Riddle Aeronautical University-Worldwide,13,12,0.5791,38662,0.6700304341,2,25,2
4303,Homeland Security.,426314,3,"Private, nonprofit",3,71014,74,426314,Embry-Riddle Aeronautical University-Worldwide,13,12,0.5791,38662,0.6700304341,2,25,2
4304,Security Science and Technology.,426314,3,"Private, nonprofit",5,145240,16,426314,Embry-Riddle Aeronautical University-Worldwide,13,12,0.5791,38662,0.6700304341,2,25,2
4706,Vehicle Maintenance and Repair Technologies/Technicians.,426314,3,"Private, nonprofit",2,83749,47,426314,Embry-Riddle Aeronautical University-Worldwide,13,12,0.5791,38662,0.6700304341,2,25,2
4706,Vehicle Maintenance and Repair Technologies/Technicians.,426314,3,"Private, nonprofit",3,87797,85,426314,Embry-Riddle Aeronautical University-Worldwide,13,12,0.5791,38662,0.6700304341,2,25,2
4901,Air Transportation.,426314,3,"Private, nonprofit",2,83343,208,426314,Embry-Riddle Aeronautical University-Worldwide,13,12,0.5791,38662,0.6700304341,2,25,2
4901,Air Transportation.,426314,3,"Private, nonprofit",3,90495,1152,426314,Embry-Riddle Aeronautical University-Worldwide,13,12,0.5791,38662,0.6700304341,2,25,2
4901,Air Transportation.,426314,3,"Private, nonprofit",5,113161,375,426314,Embry-Riddle Aeronautical University-Worldwide,13,12,0.5791,38662,0.6700304341,2,25,2
5202,"Business Administration, Management and Operations.",426314,3,"Private, nonprofit",2,85869,64,426314,Embry-Riddle Aeronautical University-Worldwide,13,12,0.5791,38662,0.6700304341,2,25,2
5202,"Business Administration, Management and Operations.",426314,3,"Private, nonprofit",3,83749,455,426314,Embry-Riddle Aeronautical University-Worldwide,13,12,0.5791,38662,0.6700304341,2,25,2
5202,"Business Administration, Management and Operations.",426314,3,"Private, nonprofit",5,110336,435,426314,Embry-Riddle Aeronautical University-Worldwide,13,12,0.5791,38662,0.6700304341,2,25,2
5212,Management Information Systems and Services.,426314,3,"Private, nonprofit",5,103032,41,426314,Embry-Riddle Aeronautical University-Worldwide,13,12,0.5791,38662,0.6700304341,2,25,2
4301,Criminal Justice and Corrections.,427991,1,Public,1,59911,35,427991,Osceola Technical College,21,-2,,17889,,1,26,1
4702,"Heating, Air Conditioning, Ventilation and Refrigeration Maintenance Technology/Technician (HAC, HACR, HVAC, HVACR).",427991,1,Public,1,45353,19,427991,Osceola Technical College,21,-2,,17889,,1,26,1
4706,Vehicle Maintenance and Repair Technologies/Technicians.,427991,1,Public,1,50433,25,427991,Osceola Technical College,21,-2,,17889,,1,26,1
5108,Allied Health and Medical Assisting Services.,427991,1,Public,1,31234,58,427991,Osceola Technical College,21,-2,,17889,,1,26,1
5004,Design and Applied Arts.,428000,1,"Private, for-profit",1,90812,92,428000,Miami Ad School,11,-2,,24014,0.1920529801,1,26,1
5108,Allied Health and Medical Assisting Services.,428170,1,"Private, for-profit",1,33988,207,428170,Southeastern College-West Palm Beach,21,1,0.8704,16491,0.8390022676,2,31,1
5108,Allied Health and Medical Assisting Services.,428170,1,"Private, for-profit",2,38053,30,428170,Southeastern College-West Palm Beach,21,1,0.8704,16491,0.8390022676,2,31,1
5109,"Allied Health Diagnostic, Intervention, and Treatment Professions.",428170,1,"Private, for-profit",2,63030,81,428170,Southeastern College-West Palm Beach,21,1,0.8704,16491,0.8390022676,2,31,1
5135,Somatic Bodywork and Related Therapeutic Services.,428170,1,"Private, for-profit",1,31790,42,428170,Southeastern College-West Palm Beach,21,1,0.8704,16491,0.8390022676,2,31,1
5138,"Registered Nursing, Nursing Administration, Nursing Research and Clinical Nursing.",428170,1,"Private, for-profit",2,82415,63,428170,Southeastern College-West Palm Beach,21,1,0.8704,16491,0.8390022676,2,31,1
5139,"Practical Nursing, Vocational Nursing and Nursing Assistants.",428170,1,"Private, for-profit",1,58033,52,428170,Southeastern College-West Palm Beach,21,1,0.8704,16491,0.8390022676,2,31,1
5106,Dental Support Services and Allied Professions.,430582,0,"Private, for-profit",1,30488,138,430582,Praxis Institute,21,-2,,4823,0.9303178484,1,34,1
5108,Allied Health and Medical Assisting Services.,430582,0,"Private, for-profit",1,34137,154,430582,Praxis Institute,21,-2,,4823,0.9303178484,1,34,1
5108,Allied Health and Medical Assisting Services.,430582,0,"Private, for-profit",2,18549,35,430582,Praxis Institute,21,-2,,4823,0.9303178484,1,34,1
5135,Somatic Bodywork and Related Therapeutic Services.,430582,1,"Private, for-profit",1,27609,229,430582,Praxis Institute,21,-2,,4823,0.9303178484,1,34,1
1204,Cosmetology and Related Personal Grooming Services.,431558,1,Public,1,32474,31,431558,Cape Coral Technical College,12,-2,,16369,,1,27,1
5107,Health and Medical Administrative Services.,431558,1,Public,1,40600,31,431558,Cape Coral Technical College,12,-2,,16369,,1,27,1
5108,Allied Health and Medical Assisting Services.,431558,1,Public,1,35134,30,431558,Cape Coral Technical College,12,-2,,16369,,1,27,1
5139,"Practical Nursing, Vocational Nursing and Nursing Assistants.",431558,1,Public,1,52046,18,431558,Cape Coral Technical College,12,-2,,16369,,1,27,1
1204,Cosmetology and Related Personal Grooming Services.,433068,1,Public,1,25456,32,433068,Okaloosa Technical College,13,-2,,18421,,1,28,1
4702,"Heating, Air Conditioning, Ventilation and Refrigeration Maintenance Technology/Technician (HAC, HACR, HVAC, HVACR).",433068,0,Public,1,40362,22,433068,Okaloosa Technical College,13,-2,,18421,,1,28,1
4706,Vehicle Maintenance and Repair Technologies/Technicians.,433068,1,Public,1,39068,18,433068,Okaloosa Technical College,13,-2,,18421,,1,28,1
5139,"Practical Nursing, Vocational Nursing and Nursing Assistants.",433068,1,Public,1,45837,40,433068,Okaloosa Technical College,13,-2,,18421,,1,28,1
0301,Natural Resources Conservation and Research.,433660,1,Public,3,51265,60,433660,Florida Gulf Coast University,21,16,0.6344,43546,0.5981697171,2,21,1
0301,Natural Resources Conservation and Research.,433660,1,Public,5,66340,22,433660,Florida Gulf Coast University,21,16,0.6344,43546,0.5981697171,2,21,1
0302,Environmental/Natural Resources Management and Policy.,433660,1,Public,3,48942,34,433660,Florida Gulf Coast University,21,16,0.6344,43546,0.5981697171,2,21,1
0901,Communication and Media Studies.,433660,1,Public,3,56455,242,433660,Florida Gulf Coast University,21,16,0.6344,43546,0.5981697171,2,21,1
0907,"Radio, Television, and Digital Communication.",433660,1,Public,3,43420,29,433660,Florida Gulf Coast University,21,16,0.6344,43546,0.5981697171,2,21,1
1301,"Education, General.",433660,1,Public,3,55116,51,433660,Florida Gulf Coast University,21,16,0.6344,43546,0.5981697171,2,21,1
1303,Curriculum and Instruction.,433660,3,Public,5,61774,19,433660,Florida Gulf Coast University,21,16,0.6344,43546,0.5981697171,2,21,1
1304,Educational Administration and Supervision.,433660,3,Public,5,73910,20,433660,Florida Gulf Coast University,21,16,0.6344,43546,0.5981697171,2,21,1
1310,Special Education and Teaching.,433660,1,Public,3,56467,24,433660,Florida Gulf Coast University,21,16,0.6344,43546,0.5981697171,2,21,1
1311,Student Counseling and Personnel Services.,433660,1,Public,5,67595,43,433660,Florida Gulf Coast University,21,16,0.6344,43546,0.5981697171,2,21,1
1312,"Teacher Education and Professional Development, Specific Levels and Methods.",433660,1,Public,3,58115,112,433660,Florida Gulf Coast University,21,16,0.6344,43546,0.5981697171,2,21,1
1405,Biomedical/Medical Engineering.,433660,1,Public,3,91676,25,433660,Florida Gulf Coast University,21,16,0.6344,43546,0.5981697171,2,21,1
1408,Civil Engineering.,433660,1,Public,3,84451,58,433660,Florida Gulf Coast University,21,16,0.6344,43546,0.5981697171,2,21,1
1409,Computer Engineering.,433660,1,Public,3,98650,72,433660,Florida Gulf Coast University,21,16,0.6344,43546,0.5981697171,2,21,1
1414,Environmental/Environmental Health Engineering.,433660,1,Public,3,78238,29,433660,Florida Gulf Coast University,21,16,0.6344,43546,0.5981697171,2,21,1
2203,Legal Support Services.,433660,1,Public,3,56695,87,433660,Florida Gulf Coast University,21,16,0.6344,43546,0.5981697171,2,21,1
2301,"English Language and Literature, General.",433660,1,Public,3,45842,56,433660,Florida Gulf Coast University,21,16,0.6344,43546,0.5981697171,2,21,1
2601,"Biology, General.",433660,1,Public,3,53352,66,433660,Florida Gulf Coast University,21,16,0.6344,43546,0.5981697171,2,21,1
3000,"Multi-/Interdisciplinary Studies, General.",433660,1,Public,3,48879,137,433660,Florida Gulf Coast University,21,16,0.6344,43546,0.5981697171,2,21,1
3105,"Sports, Kinesiology, and Physical Education/Fitness.",433660,1,Public,3,58179,32,433660,Florida Gulf Coast University,21,16,0.6344,43546,0.5981697171,2,21,1
4201,"Psychology, General.",433660,1,Public,3,52722,200,433660,Florida Gulf Coast University,21,16,0.6344,43546,0.5981697171,2,21,1
4301,Criminal Justice and Corrections.,433660,1,Public,3,54215,152,433660,Florida Gulf Coast University,21,16,0.6344,43546,0.5981697171,2,21,1
4304,Security Science and Technology.,433660,1,Public,3,52096,66,433660,Florida Gulf Coast University,21,16,0.6344,43546,0.5981697171,2,21,1
4404,Public Administration.,433660,3,Public,5,85052,20,433660,Florida Gulf Coast University,21,16,0.6344,43546,0.5981697171,2,21,1
4407,Social Work.,433660,1,Public,3,53707,66,433660,Florida Gulf Coast University,21,16,0.6344,43546,0.5981697171,2,21,1
4407,Social Work.,433660,1,Public,5,61073,34,433660,Florida Gulf Coast University,21,16,0.6344,43546,0.5981697171,2,21,1
4510,Political Science and Government.,433660,1,Public,3,54824,47,433660,Florida Gulf Coast University,21,16,0.6344,43546,0.5981697171,2,21,1
4511,Sociology.,433660,1,Public,3,50136,16,433660,Florida Gulf Coast University,21,16,0.6344,43546,0.5981697171,2,21,1
5007,Fine and Studio Arts.,433660,1,Public,3,43271,33,433660,Florida Gulf Coast University,21,16,0.6344,43546,0.5981697171,2,21,1
5100,"Health Services/Allied Health/Health Sciences, General.",433660,1,Public,3,54006,163,433660,Florida Gulf Coast University,21,16,0.6344,43546,0.5981697171,2,21,1
5110,Clinical/Medical Laboratory Science/Research and Allied Professions.,433660,1,Public,3,67069,16,433660,Florida Gulf Coast University,21,16,0.6344,43546,0.5981697171,2,21,1
5122,Public Health.,433660,1,Public,3,58119,81,433660,Florida Gulf Coast University,21,16,0.6344,43546,0.5981697171,2,21,1
5123,Rehabilitation and Therapeutic Professions.,433660,0,Public,6,79335,45,433660,Florida Gulf Coast University,21,16,0.6344,43546,0.5981697171,2,21,1
5138,"Registered Nursing, Nursing Administration, Nursing Research and Clinical Nursing.",433660,1,Public,3,86452,85,433660,Florida Gulf Coast University,21,16,0.6344,43546,0.5981697171,2,21,1
5202,"Business Administration, Management and Operations.",433660,1,Public,3,66349,188,433660,Florida Gulf Coast University,21,16,0.6344,43546,0.5981697171,2,21,1
5203,Accounting and Related Services.,433660,1,Public,3,72207,86,433660,Florida Gulf Coast University,21,16,0.6344,43546,0.5981697171,2,21,1
5203,Accounting and Related Services.,433660,3,Public,5,90904,21,433660,Florida Gulf Coast University,21,16,0.6344,43546,0.5981697171,2,21,1
5208,Finance and Financial Management Services.,433660,1,Public,3,75767,104,433660,Florida Gulf Coast University,21,16,0.6344,43546,0.5981697171,2,21,1
5209,Hospitality Administration/Management.,433660,1,Public,3,60011,213,433660,Florida Gulf Coast University,21,16,0.6344,43546,0.5981697171,2,21,1
5212,Management Information Systems and Services.,433660,1,Public,3,74739,55,433660,Florida Gulf Coast University,21,16,0.6344,43546,0.5981697171,2,21,1
5214,Marketing.,433660,1,Public,3,67034,144,433660,Florida Gulf Coast University,21,16,0.6344,43546,0.5981697171,2,21,1
5401,History.,433660,1,Public,3,56543,18,433660,Florida Gulf Coast University,21,16,0.6344,43546,0.5981697171,2,21,1
2301,"English Language and Literature, General.",434469,0,"Private, for-profit",1,29719,187,434469,New Professions Technical Institute,11,-2,,0,,1,34,1
5108,Allied Health and Medical Assisting Services.,434469,2,"Private, for-profit",1,29617,38,434469,New Professions Technical Institute,11,-2,,0,,1,34,1
5203,Accounting and Related Services.,434469,3,"Private, for-profit",1,35030,18,434469,New Professions Technical Institute,11,-2,,0,,1,34,1
1204,Cosmetology and Related Personal Grooming Services.,438285,1,"Private, for-profit",1,31545,303,438285,Cortiva Institute,21,-2,,17597,0.7702589808,1,29,1
5135,Somatic Bodywork and Related Therapeutic Services.,438285,1,"Private, for-profit",1,30699,293,438285,Cortiva Institute,21,-2,,17597,0.7702589808,1,29,1
5133,Alternative and Complementary Medicine and Medical Systems.,439394,0,"Private, for-profit",7,35102,38,439394,East West College of Natural Medicine,13,18,,19291,,,31,1
5133,Alternative and Complementary Medicine and Medical Systems.,439446,1,"Private, nonprofit",5,20137,39,439446,Atlantic Institute of Oriental Medicine,12,6,,3704,,,32,1
1204,Cosmetology and Related Personal Grooming Services.,439774,1,"Private, for-profit",1,15216,93,439774,New Concept Massage and Beauty School,21,-2,,0,,1,37,1
5106,Dental Support Services and Allied Professions.,439792,1,"Private, for-profit",1,38908,53,439792,Fortis College-Orange Park,21,1,,18895,0.875,1,30,1
5107,Health and Medical Administrative Services.,439792,1,"Private, for-profit",1,37326,24,439792,Fortis College-Orange Park,21,1,,18895,0.875,1,30,1
5108,Allied Health and Medical Assisting Services.,439792,1,"Private, for-profit",1,32165,93,439792,Fortis College-Orange Park,21,1,,18895,0.875,1,30,1
5109,"Allied Health Diagnostic, Intervention, and Treatment Professions.",439792,1,"Private, for-profit",2,54043,24,439792,Fortis College-Orange Park,21,1,,18895,0.875,1,30,1
5110,Clinical/Medical Laboratory Science/Research and Allied Professions.,439792,1,"Private, for-profit",1,37792,30,439792,Fortis College-Orange Park,21,1,,18895,0.875,1,30,1
5138,"Registered Nursing, Nursing Administration, Nursing Research and Clinical Nursing.",439792,1,"Private, for-profit",2,80097,52,439792,Fortis College-Orange Park,21,1,,18895,0.875,1,30,1
4400,"Human Services, General.",441371,3,"Private, nonprofit",2,29342,776,441371,Ultimate Medical Academy,12,4,,10150,0.9341584543,1,32,1
5106,Dental Support Services and Allied Professions.,441371,1,"Private, nonprofit",1,32300,52,441371,Ultimate Medical Academy,12,4,,10150,0.9341584543,1,32,1
5107,Health and Medical Administrative Services.,441371,3,"Private, nonprofit",1,29056,1387,441371,Ultimate Medical Academy,12,4,,10150,0.9341584543,1,32,1
5107,Health and Medical Administrative Services.,441371,3,"Private, nonprofit",2,30765,6973,441371,Ultimate Medical Academy,12,4,,10150,0.9341584543,1,32,1
5108,Allied Health and Medical Assisting Services.,441371,3,"Private, nonprofit",2,34530,226,441371,Ultimate Medical Academy,12,4,,10150,0.9341584543,1,32,1
5139,"Practical Nursing, Vocational Nursing and Nursing Assistants.",441371,1,"Private, nonprofit",1,31655,47,441371,Ultimate Medical Academy,12,4,,10150,0.9341584543,1,32,1
1204,Cosmetology and Related Personal Grooming Services.,441380,1,"Private, for-profit",1,19990,189,441380,Florida Barber Academy,21,-2,,2534,0.9677419355,1,31,1
1205,Culinary Arts and Related Services.,441423,1,"Private, for-profit",1,32935,52,441423,Florida Education Institute,21,-2,,9969,0.9317269076,1,35,1
4702,"Heating, Air Conditioning, Ventilation and Refrigeration Maintenance Technology/Technician (HAC, HACR, HVAC, HVACR).",441423,1,"Private, for-profit",1,41244,53,441423,Florida Education Institute,21,-2,,9969,0.9317269076,1,35,1
5107,Health and Medical Administrative Services.,441423,2,"Private, for-profit",1,32013,43,441423,Florida Education Institute,21,-2,,9969,0.9317269076,1,35,1
5108,Allied Health and Medical Assisting Services.,441423,1,"Private, for-profit",1,30373,120,441423,Florida Education Institute,21,-2,,9969,0.9317269076,1,35,1
2201,Law.,442295,1,"Private, nonprofit",7,91005,109,442295,Ave Maria School of Law,21,18,,,,,,1
4805,Precision Metal Working.,442329,1,"Private, for-profit",1,47367,3411,442329,Tulsa Welding School-Jacksonville,11,-2,,20300,0.747530975,1,25,1
1204,Cosmetology and Related Personal Grooming Services.,443234,1,"Private, for-profit",1,23047,71,443234,Hollywood Institute,21,-2,,12879,0.9647058824,1,28,1
5108,Allied Health and Medical Assisting Services.,443234,1,"Private, for-profit",1,28346,44,443234,Hollywood Institute,21,-2,,12879,0.9647058824,1,28,1
5135,Somatic Bodywork and Related Therapeutic Services.,443234,1,"Private, for-profit",1,31519,54,443234,Hollywood Institute,21,-2,,12879,0.9647058824,1,28,1
1199,"Computer and Information Sciences and Support Services, Other.",443252,1,"Private, for-profit",1,30056,141,443252,South Florida Institute of Technology,11,-2,,0,0.9904006678,1,36,1
1505,Environmental Control Technologies/Technicians.,443252,1,"Private, for-profit",1,40093,621,443252,South Florida Institute of Technology,11,-2,,0,0.9904006678,1,36,1
4604,"Building/Construction Finishing, Management, and Inspection.",443252,1,"Private, for-profit",1,30476,42,443252,South Florida Institute of Technology,11,-2,,0,0.9904006678,1,36,1
4605,Plumbing and Related Water Supply Services.,443252,1,"Private, for-profit",1,47029,113,443252,South Florida Institute of Technology,11,-2,,0,0.9904006678,1,36,1
4701,Electrical/Electronics Maintenance and Repair Technologies/Technicians.,443252,1,"Private, for-profit",1,44894,517,443252,South Florida Institute of Technology,11,-2,,0,0.9904006678,1,36,1
5108,Allied Health and Medical Assisting Services.,443252,1,"Private, for-profit",1,28402,142,443252,South Florida Institute of Technology,11,-2,,0,0.9904006678,1,36,1
5139,"Practical Nursing, Vocational Nursing and Nursing Assistants.",443252,1,"Private, for-profit",1,28157,61,443252,South Florida Institute of Technology,11,-2,,0,0.9904006678,1,36,1
5138,"Registered Nursing, Nursing Administration, Nursing Research and Clinical Nursing.",444334,1,"Private, for-profit",2,60067,22,444334,Advance Science International College,21,1,,11985,,2,36,1
4706,Vehicle Maintenance and Repair Technologies/Technicians.,444370,1,"Private, for-profit",1,47486,73,444370,American Advanced Technicians Institute,21,-2,,8889,0.9276315789,1,33,1
1204,Cosmetology and Related Personal Grooming Services.,444404,1,"Private, for-profit",1,28917,29,444404,The Beauty Institute,21,-2,,13443,,1,30,1
1204,Cosmetology and Related Personal Grooming Services.,445212,1,"Private, for-profit",1,31080,832,445212,Paul Mitchell the School-Orlando,21,-2,,22429,0.7674195099,1,24,1
4702,"Heating, Air Conditioning, Ventilation and Refrigeration Maintenance Technology/Technician (HAC, HACR, HVAC, HVACR).",445744,1,"Private, for-profit",1,45551,137,445744,Fortis Institute-Port Saint Lucie,12,1,,16203,0.868177137,1,29,1
5108,Allied Health and Medical Assisting Services.,445744,1,"Private, for-profit",1,31077,343,445744,Fortis Institute-Port Saint Lucie,12,1,,16203,0.868177137,1,29,1
5138,"Registered Nursing, Nursing Administration, Nursing Research and Clinical Nursing.",445744,1,"Private, for-profit",2,75311,103,445744,Fortis Institute-Port Saint Lucie,12,1,,16203,0.868177137,1,29,1
5139,"Practical Nursing, Vocational Nursing and Nursing Assistants.",445744,1,"Private, for-profit",1,53270,48,445744,Fortis Institute-Port Saint Lucie,12,1,,16203,0.868177137,1,29,1
2401,"Liberal Arts and Sciences, General Studies and Humanities.",446048,1,"Private, nonprofit",3,67139,17,446048,Ave Maria University,42,11,0.4139,81806,0.443254818,2,19,1
3906,Theological and Ministerial Studies.,446048,1,"Private, nonprofit",3,42457,25,446048,Ave Maria University,42,11,0.4139,81806,0.443254818,2,19,1
4201,"Psychology, General.",446048,1,"Private, nonprofit",3,49235,30,446048,Ave Maria University,42,11,0.4139,81806,0.443254818,2,19,1
5202,"Business Administration, Management and Operations.",446048,1,"Private, nonprofit",3,63839,17,446048,Ave Maria University,42,11,0.4139,81806,0.443254818,2,19,1
5203,Accounting and Related Services.,446048,1,"Private, nonprofit",3,71237,16,446048,Ave Maria University,42,11,0.4139,81806,0.443254818,2,19,1
5110,Clinical/Medical Laboratory Science/Research and Allied Professions.,446109,1,"Private, for-profit",1,36016,17,446109,Cambridge College of Healthcare & Technology,21,1,,19139,0.8965517241,1,31,1
5138,"Registered Nursing, Nursing Administration, Nursing Research and Clinical Nursing.",446109,0,"Private, for-profit",2,79722,44,446109,Cambridge College of Healthcare & Technology,21,1,,19139,0.8965517241,1,31,1
5139,"Practical Nursing, Vocational Nursing and Nursing Assistants.",446109,1,"Private, for-profit",1,58533,89,446109,Cambridge College of Healthcare & Technology,21,1,,19139,0.8965517241,1,31,1
5106,Dental Support Services and Allied Professions.,446127,1,"Private, for-profit",1,36748,107,446127,ATA Career Education,22,1,,16605,0.8771186441,1,28,1
5107,Health and Medical Administrative Services.,446127,3,"Private, for-profit",1,42551,28,446127,ATA Career Education,22,1,,16605,0.8771186441,1,28,1
5107,Health and Medical Administrative Services.,446127,3,"Private, for-profit",2,30526,30,446127,ATA Career Education,22,1,,16605,0.8771186441,1,28,1
5108,Allied Health and Medical Assisting Services.,446127,1,"Private, for-profit",1,34110,103,446127,ATA Career Education,22,1,,16605,0.8771186441,1,28,1
5108,Allied Health and Medical Assisting Services.,446127,1,"Private, for-profit",2,39009,35,446127,ATA Career Education,22,1,,16605,0.8771186441,1,28,1
5109,"Allied Health Diagnostic, Intervention, and Treatment Professions.",446127,1,"Private, for-profit",2,39727,44,446127,ATA Career Education,22,1,,16605,0.8771186441,1,28,1
5138,"Registered Nursing, Nursing Administration, Nursing Research and Clinical Nursing.",446127,0,"Private, for-profit",2,82629,91,446127,ATA Career Education,22,1,,16605,0.8771186441,1,28,1
5139,"Practical Nursing, Vocational Nursing and Nursing Assistants.",446127,1,"Private, for-profit",1,56505,89,446127,ATA Career Education,22,1,,16605,0.8771186441,1,28,1
1410,"Electrical, Electronics, and Communications Engineering.",446552,1,"Private, for-profit",2,42765,57,446552,Southern Technical College,21,2,,13961,0.9323748669,1,30,1
4701,Electrical/Electronics Maintenance and Repair Technologies/Technicians.,446552,1,"Private, for-profit",2,53187,32,446552,Southern Technical College,21,2,,13961,0.9323748669,1,30,1
4702,"Heating, Air Conditioning, Ventilation and Refrigeration Maintenance Technology/Technician (HAC, HACR, HVAC, HVACR).",446552,1,"Private, for-profit",1,42084,325,446552,Southern Technical College,21,2,,13961,0.9323748669,1,30,1
4805,Precision Metal Working.,446552,1,"Private, for-profit",2,40511,113,446552,Southern Technical College,21,2,,13961,0.9323748669,1,30,1
5107,Health and Medical Administrative Services.,446552,0,"Private, for-profit",2,28487,29,446552,Southern Technical College,21,2,,13961,0.9323748669,1,30,1
5108,Allied Health and Medical Assisting Services.,446552,1,"Private, for-profit",1,31875,384,446552,Southern Technical College,21,2,,13961,0.9323748669,1,30,1
5108,Allied Health and Medical Assisting Services.,446552,1,"Private, for-profit",2,32498,52,446552,Southern Technical College,21,2,,13961,0.9323748669,1,30,1
5139,"Practical Nursing, Vocational Nursing and Nursing Assistants.",446552,0,"Private, for-profit",1,29799,95,446552,Southern Technical College,21,2,,13961,0.9323748669,1,30,1
1204,Cosmetology and Related Personal Grooming Services.,447014,1,"Private, for-profit",1,22601,39,447014,Daytona College,13,1,,16479,0.8815165877,1,31,1
5107,Health and Medical Administrative Services.,447014,3,"Private, for-profit",1,39844,44,447014,Daytona College,13,1,,16479,0.8815165877,1,31,1
5108,Allied Health and Medical Assisting Services.,447014,2,"Private, for-profit",1,31406,84,447014,Daytona College,13,1,,16479,0.8815165877,1,31,1
5135,Somatic Bodywork and Related Therapeutic Services.,447014,2,"Private, for-profit",1,33160,24,447014,Daytona College,13,1,,16479,0.8815165877,1,31,1
1204,Cosmetology and Related Personal Grooming Services.,447865,1,"Private, for-profit",1,16749,18,447865,Trendsetters School of Beauty & Barbering,11,-2,,9734,,1,32,1
1204,Cosmetology and Related Personal Grooming Services.,447883,1,"Private, for-profit",1,25313,183,447883,American Institute of Beauty,21,-2,,13466,0.8905109489,1,29,1
1204,Cosmetology and Related Personal Grooming Services.,447892,1,"Private, for-profit",1,21279,107,447892,North Florida Cosmetology Institute,12,-2,,9861,0.8983050847,1,28,1
1204,Cosmetology and Related Personal Grooming Services.,447908,1,"Private, for-profit",1,19021,36,447908,Florida Academy of Health & Beauty,21,-2,,13763,,1,28,1
1101,"Computer and Information Sciences, General.",449038,3,"Private, for-profit",3,82304,426,449038,Strayer University-Florida,21,6,,18178,0.8626386594,1,33,5
1104,Information Science/Studies.,449038,3,"Private, for-profit",3,87413,317,449038,Strayer University-Florida,21,6,,18178,0.8626386594,1,33,5
1104,Information Science/Studies.,449038,3,"Private, for-profit",5,98401,213,449038,Strayer University-Florida,21,6,,18178,0.8626386594,1,33,5
1110,Computer/Information Technology Administration and Management.,449038,3,"Private, for-profit",2,61319,47,449038,Strayer University-Florida,21,6,,18178,0.8626386594,1,33,5
1110,Computer/Information Technology Administration and Management.,449038,3,"Private, for-profit",5,96961,55,449038,Strayer University-Florida,21,6,,18178,0.8626386594,1,33,5
1304,Educational Administration and Supervision.,449038,3,"Private, for-profit",5,56068,280,449038,Strayer University-Florida,21,6,,18178,0.8626386594,1,33,5
4301,Criminal Justice and Corrections.,449038,3,"Private, for-profit",3,53916,474,449038,Strayer University-Florida,21,6,,18178,0.8626386594,1,33,5
4404,Public Administration.,449038,3,"Private, for-profit",5,62227,185,449038,Strayer University-Florida,21,6,,18178,0.8626386594,1,33,5
5107,Health and Medical Administrative Services.,449038,3,"Private, for-profit",5,58850,304,449038,Strayer University-Florida,21,6,,18178,0.8626386594,1,33,5
5201,"Business/Commerce, General.",449038,3,"Private, for-profit",2,59021,174,449038,Strayer University-Florida,21,6,,18178,0.8626386594,1,33,5
5201,"Business/Commerce, General.",449038,3,"Private, for-profit",3,64016,2957,449038,Strayer University-Florida,21,6,,18178,0.8626386594,1,33,5
5202,"Business Administration, Management and Operations.",449038,3,"Private, for-profit",5,76080,3047,449038,Strayer University-Florida,21,6,,18178,0.8626386594,1,33,5
5203,Accounting and Related Services.,449038,3,"Private, for-profit",2,55081,24,449038,Strayer University-Florida,21,6,,18178,0.8626386594,1,33,5
5203,Accounting and Related Services.,449038,3,"Private, for-profit",3,66108,325,449038,Strayer University-Florida,21,6,,18178,0.8626386594,1,33,5
5203,Accounting and Related Services.,449038,3,"Private, for-profit",5,77493,238,449038,Strayer University-Florida,21,6,,18178,0.8626386594,1,33,5
5210,Human Resources Management and Services.,449038,3,"Private, for-profit",5,63742,454,449038,Strayer University-Florida,21,6,,18178,0.8626386594,1,33,5
1109,Computer Systems Networking and Telecommunications.,449083,2,"Private, for-profit",2,46236,23,449083,CBT Technology Institute-Main Campus,21,1,,8968,0.9465049929,1,35,1
1110,Computer/Information Technology Administration and Management.,449083,2,"Private, for-profit",1,51241,18,449083,CBT Technology Institute-Main Campus,21,1,,8968,0.9465049929,1,35,1
1505,Environmental Control Technologies/Technicians.,449083,1,"Private, for-profit",1,40307,333,449083,CBT Technology Institute-Main Campus,21,1,,8968,0.9465049929,1,35,1
1505,Environmental Control Technologies/Technicians.,449083,1,"Private, for-profit",2,48102,42,449083,CBT Technology Institute-Main Campus,21,1,,8968,0.9465049929,1,35,1
4701,Electrical/Electronics Maintenance and Repair Technologies/Technicians.,449083,1,"Private, for-profit",1,43587,404,449083,CBT Technology Institute-Main Campus,21,1,,8968,0.9465049929,1,35,1
4701,Electrical/Electronics Maintenance and Repair Technologies/Technicians.,449083,1,"Private, for-profit",2,48866,47,449083,CBT Technology Institute-Main Campus,21,1,,8968,0.9465049929,1,35,1
5107,Health and Medical Administrative Services.,449083,0,"Private, for-profit",1,41890,60,449083,CBT Technology Institute-Main Campus,21,1,,8968,0.9465049929,1,35,1
1505,Environmental Control Technologies/Technicians.,449092,1,"Private, for-profit",2,48102,42,449092,CBT Technology Institute-Hialeah,21,1,,8968,0.9465049929,1,35,1
4701,Electrical/Electronics Maintenance and Repair Technologies/Technicians.,449092,1,"Private, for-profit",2,48866,47,449092,CBT Technology Institute-Hialeah,21,1,,8968,0.9465049929,1,35,1
5133,Alternative and Complementary Medicine and Medical Systems.,449481,1,"Private, nonprofit",5,32563,17,449481,Dragon Rises College of Oriental Medicine,21,18,,,,,,1
1204,Cosmetology and Related Personal Grooming Services.,449490,1,"Private, for-profit",1,24033,118,449490,Palm Beach Academy of Health & Beauty,21,-2,,15750,0.7323076923,1,31,1
5135,Somatic Bodywork and Related Therapeutic Services.,449490,1,"Private, for-profit",1,32263,47,449490,Palm Beach Academy of Health & Beauty,21,-2,,15750,0.7323076923,1,31,1
5108,Allied Health and Medical Assisting Services.,449506,1,"Private, nonprofit",2,36078,19,449506,SABER College,11,1,0.8037,16564,0.9024390244,2,32,1
5138,"Registered Nursing, Nursing Administration, Nursing Research and Clinical Nursing.",449506,1,"Private, nonprofit",2,36980,309,449506,SABER College,11,1,0.8037,16564,0.9024390244,2,32,1
5108,Allied Health and Medical Assisting Services.,449524,1,"Private, for-profit",2,52604,32,449524,Taylor College,13,1,,26578,0.7625570776,1,31,1
5138,"Registered Nursing, Nursing Administration, Nursing Research and Clinical Nursing.",449524,1,"Private, for-profit",2,82593,57,449524,Taylor College,13,1,,26578,0.7625570776,1,31,1
5139,"Practical Nursing, Vocational Nursing and Nursing Assistants.",449524,1,"Private, for-profit",1,58633,17,449524,Taylor College,13,1,,26578,0.7625570776,1,31,1
1104,Information Science/Studies.,449898,3,"Private, for-profit",3,58915,130,449898,South University-Tampa,11,6,,20000,0.7772579044,1,30,1
1104,Information Science/Studies.,449898,3,"Private, for-profit",5,78782,39,449898,South University-Tampa,11,6,,20000,0.7772579044,1,30,1
4201,"Psychology, General.",449898,3,"Private, for-profit",3,39694,121,449898,South University-Tampa,11,6,,20000,0.7772579044,1,30,1
4301,Criminal Justice and Corrections.,449898,3,"Private, for-profit",3,46322,122,449898,South University-Tampa,11,6,,20000,0.7772579044,1,30,1
4301,Criminal Justice and Corrections.,449898,3,"Private, for-profit",5,55950,61,449898,South University-Tampa,11,6,,20000,0.7772579044,1,30,1
5107,Health and Medical Administrative Services.,449898,3,"Private, for-profit",2,36905,195,449898,South University-Tampa,11,6,,20000,0.7772579044,1,30,1
5107,Health and Medical Administrative Services.,449898,3,"Private, for-profit",3,46885,257,449898,South University-Tampa,11,6,,20000,0.7772579044,1,30,1
5107,Health and Medical Administrative Services.,449898,3,"Private, for-profit",5,65167,216,449898,South University-Tampa,11,6,,20000,0.7772579044,1,30,1
5108,Allied Health and Medical Assisting Services.,449898,1,"Private, for-profit",2,50681,567,449898,South University-Tampa,11,6,,20000,0.7772579044,1,30,1
5109,"Allied Health Diagnostic, Intervention, and Treatment Professions.",449898,1,"Private, for-profit",5,129131,210,449898,South University-Tampa,11,6,,20000,0.7772579044,1,30,1
5122,Public Health.,449898,3,"Private, for-profit",3,45993,73,449898,South University-Tampa,11,6,,20000,0.7772579044,1,30,1
5132,"Health Professions Education, Ethics, and Humanities.",449898,3,"Private, for-profit",5,101300,45,449898,South University-Tampa,11,6,,20000,0.7772579044,1,30,1
5138,"Registered Nursing, Nursing Administration, Nursing Research and Clinical Nursing.",449898,2,"Private, for-profit",3,91363,1140,449898,South University-Tampa,11,6,,20000,0.7772579044,1,30,1
5138,"Registered Nursing, Nursing Administration, Nursing Research and Clinical Nursing.",449898,3,"Private, for-profit",5,119307,2573,449898,South University-Tampa,11,6,,20000,0.7772579044,1,30,1
5138,"Registered Nursing, Nursing Administration, Nursing Research and Clinical Nursing.",449898,3,"Private, for-profit",8,120256,222,449898,South University-Tampa,11,6,,20000,0.7772579044,1,30,1
5202,"Business Administration, Management and Operations.",449898,3,"Private, for-profit",3,53445,280,449898,South University-Tampa,11,6,,20000,0.7772579044,1,30,1
5202,"Business Administration, Management and Operations.",449898,3,"Private, for-profit",5,74209,181,449898,South University-Tampa,11,6,,20000,0.7772579044,1,30,1
1204,Cosmetology and Related Personal Grooming Services.,449959,1,"Private, for-profit",1,31080,832,449959,Paul Mitchell the School-Tampa,21,-2,,22429,0.7674195099,1,24,1
1204,Cosmetology and Related Personal Grooming Services.,451097,1,"Private, for-profit",1,25157,51,451097,Academy of Career Training,13,-2,,12165,,1,28,1
5135,Somatic Bodywork and Related Therapeutic Services.,451097,1,"Private, for-profit",1,19916,16,451097,Academy of Career Training,13,-2,,12165,,1,28,1
1313,"Teacher Education and Professional Development, Specific Subject Areas.",451103,0,"Private, for-profit",1,44558,209,451103,Miami Regional University,21,6,,15992,0.6964285714,1,34,1
5138,"Registered Nursing, Nursing Administration, Nursing Research and Clinical Nursing.",451103,1,"Private, for-profit",2,88290,360,451103,Miami Regional University,21,6,,15992,0.6964285714,1,34,1
5138,"Registered Nursing, Nursing Administration, Nursing Research and Clinical Nursing.",451103,1,"Private, for-profit",3,104989,26,451103,Miami Regional University,21,6,,15992,0.6964285714,1,34,1
5138,"Registered Nursing, Nursing Administration, Nursing Research and Clinical Nursing.",451103,2,"Private, for-profit",5,93654,246,451103,Miami Regional University,21,6,,15992,0.6964285714,1,34,1
1204,Cosmetology and Related Personal Grooming Services.,451149,1,"Private, for-profit",1,28861,390,451149,Aveda Institute-South Florida,21,-2,,20646,0.765051395,1,25,1
5135,Somatic Bodywork and Related Therapeutic Services.,451149,1,"Private, for-profit",1,38981,40,451149,Aveda Institute-South Florida,21,-2,,20646,0.765051395,1,25,1
1204,Cosmetology and Related Personal Grooming Services.,451158,1,"Private, for-profit",1,30853,393,451158,Aveda Institute-Tallahassee,21,-2,,22934,0.7272727273,1,25,1
5135,Somatic Bodywork and Related Therapeutic Services.,451158,1,"Private, for-profit",1,23338,34,451158,Aveda Institute-Tallahassee,21,-2,,22934,0.7272727273,1,25,1
1204,Cosmetology and Related Personal Grooming Services.,451167,1,"Private, for-profit",1,17937,158,451167,Shear Excellence Hair Academy,21,-2,,11023,0.7740384615,1,29,1
5109,"Allied Health Diagnostic, Intervention, and Treatment Professions.",454865,1,"Private, for-profit",2,57200,209,454865,Cambridge College of Healthcare & Technology,13,2,,20051,0.8068592058,1,30,1
5110,Clinical/Medical Laboratory Science/Research and Allied Professions.,454865,1,"Private, for-profit",1,33456,25,454865,Cambridge College of Healthcare & Technology,13,2,,20051,0.8068592058,1,30,1
5138,"Registered Nursing, Nursing Administration, Nursing Research and Clinical Nursing.",454865,1,"Private, for-profit",2,81287,23,454865,Cambridge College of Healthcare & Technology,13,2,,20051,0.8068592058,1,30,1
1204,Cosmetology and Related Personal Grooming Services.,454917,1,"Private, for-profit",1,16441,239,454917,Celebrity School of Beauty,21,-2,,10196,0.8820861678,1,33,1
1204,Cosmetology and Related Personal Grooming Services.,455479,1,"Private, for-profit",1,36102,24,455479,Fortis Institute-Pensacola,13,2,,14377,0.9012699713,1,27,1
4702,"Heating, Air Conditioning, Ventilation and Refrigeration Maintenance Technology/Technician (HAC, HACR, HVAC, HVACR).",455479,1,"Private, for-profit",1,39532,176,455479,Fortis Institute-Pensacola,13,2,,14377,0.9012699713,1,27,1
5106,Dental Support Services and Allied Professions.,455479,1,"Private, for-profit",1,30724,208,455479,Fortis Institute-Pensacola,13,2,,14377,0.9012699713,1,27,1
5107,Health and Medical Administrative Services.,455479,0,"Private, for-profit",1,29190,43,455479,Fortis Institute-Pensacola,13,2,,14377,0.9012699713,1,27,1
5108,Allied Health and Medical Assisting Services.,455479,1,"Private, for-profit",1,29429,432,455479,Fortis Institute-Pensacola,13,2,,14377,0.9012699713,1,27,1
5138,"Registered Nursing, Nursing Administration, Nursing Research and Clinical Nursing.",455479,1,"Private, for-profit",2,80641,147,455479,Fortis Institute-Pensacola,13,2,,14377,0.9012699713,1,27,1
5108,Allied Health and Medical Assisting Services.,455831,1,"Private, for-profit",1,33315,107,455831,Medical Institute of Palm Beach,21,-2,,12293,0.9455252918,1,26,1
5135,Somatic Bodywork and Related Therapeutic Services.,455831,1,"Private, for-profit",1,22663,21,455831,Medical Institute of Palm Beach,21,-2,,12293,0.9455252918,1,26,1
1109,Computer Systems Networking and Telecommunications.,456977,2,"Private, for-profit",2,46236,23,456977,CBT Technology Institute-Cutler Bay,21,1,,8968,0.9465049929,1,35,1
1505,Environmental Control Technologies/Technicians.,456977,1,"Private, for-profit",1,40307,333,456977,CBT Technology Institute-Cutler Bay,21,1,,8968,0.9465049929,1,35,1
5107,Health and Medical Administrative Services.,456977,3,"Private, for-profit",1,41890,60,456977,CBT Technology Institute-Cutler Bay,21,1,,8968,0.9465049929,1,35,1
5138,"Registered Nursing, Nursing Administration, Nursing Research and Clinical Nursing.",457129,1,"Private, for-profit",3,96132,9437,457129,Chamberlain University-Florida,11,6,0.9091,46046,0.4500821918,2,33,1
1109,Computer Systems Networking and Telecommunications.,457378,1,Public,1,32347,19,457378,Emerald Coast Technical College,32,-2,,18374,,1,29,1
1204,Cosmetology and Related Personal Grooming Services.,457378,1,Public,1,26740,21,457378,Emerald Coast Technical College,32,-2,,18374,,1,29,1
5139,"Practical Nursing, Vocational Nursing and Nursing Assistants.",457378,1,Public,1,48618,52,457378,Emerald Coast Technical College,32,-2,,18374,,1,29,1
5139,"Practical Nursing, Vocational Nursing and Nursing Assistants.",457387,1,Public,1,43468,21,457387,Immokalee Technical College,32,-2,,22074,,1,22,1
1204,Cosmetology and Related Personal Grooming Services.,457396,1,"Private, for-profit",1,22882,54,457396,American Academy of Cosmetology,21,-2,,17261,0.9069767442,1,28,1
4706,Vehicle Maintenance and Repair Technologies/Technicians.,457411,1,"Private, for-profit",1,71513,237,457411,Aviation Institute of Maintenance-Orlando,21,-2,,20566,0.8585858586,1,27,1
1204,Cosmetology and Related Personal Grooming Services.,457420,1,"Private, for-profit",1,31669,127,457420,Summit Salon Academy,21,-2,,24573,0.7068965517,1,25,1
1204,Cosmetology and Related Personal Grooming Services.,457439,1,"Private, for-profit",1,27744,84,457439,Summit Salon Academy-Gainesville,22,-2,,16373,0.9225352113,1,25,1
1204,Cosmetology and Related Personal Grooming Services.,457448,1,"Private, for-profit",1,23385,132,457448,Tenaj Salon Institute,13,-2,,11723,0.8888888889,1,26,1
1204,Cosmetology and Related Personal Grooming Services.,459055,1,"Private, for-profit",1,27011,740,459055,Empire Beauty School-West Palm,21,-2,,14099,0.8909454727,1,25,1
1204,Cosmetology and Related Personal Grooming Services.,459329,1,Public,1,24614,31,459329,Fred K Marchman Technical College,21,-2,,12513,,1,24,1
4603,Electrical and Power Transmission Installers.,459329,1,Public,1,44336,17,459329,Fred K Marchman Technical College,21,-2,,12513,,1,24,1
4702,"Heating, Air Conditioning, Ventilation and Refrigeration Maintenance Technology/Technician (HAC, HACR, HVAC, HVACR).",459329,1,Public,1,40275,22,459329,Fred K Marchman Technical College,21,-2,,12513,,1,24,1
4706,Vehicle Maintenance and Repair Technologies/Technicians.,459329,1,Public,1,50763,26,459329,Fred K Marchman Technical College,21,-2,,12513,,1,24,1
1204,Cosmetology and Related Personal Grooming Services.,459347,1,"Private, for-profit",1,27392,27,459347,The Salon Professional Academy-Ft Myers,13,-2,,20270,,1,26,1
5106,Dental Support Services and Allied Professions.,460190,1,"Private, for-profit",1,33649,211,460190,Concorde Career Institute-Orlando,11,1,0.9005,16617,0.8801108801,2,27,1
5107,Health and Medical Administrative Services.,460190,1,"Private, for-profit",1,34493,37,460190,Concorde Career Institute-Orlando,11,1,0.9005,16617,0.8801108801,2,27,1
5108,Allied Health and Medical Assisting Services.,460190,1,"Private, for-profit",1,35961,335,460190,Concorde Career Institute-Orlando,11,1,0.9005,16617,0.8801108801,2,27,1
5109,"Allied Health Diagnostic, Intervention, and Treatment Professions.",460190,1,"Private, for-profit",1,51737,57,460190,Concorde Career Institute-Orlando,11,1,0.9005,16617,0.8801108801,2,27,1
5109,"Allied Health Diagnostic, Intervention, and Treatment Professions.",460190,1,"Private, for-profit",2,60066,33,460190,Concorde Career Institute-Orlando,11,1,0.9005,16617,0.8801108801,2,27,1
5139,"Practical Nursing, Vocational Nursing and Nursing Assistants.",460190,1,"Private, for-profit",1,51435,60,460190,Concorde Career Institute-Orlando,11,1,0.9005,16617,0.8801108801,2,27,1
1204,Cosmetology and Related Personal Grooming Services.,460701,1,"Private, for-profit",1,22422,153,460701,Artistic Nails and Beauty Academy-Lakeland,12,-2,,13833,0.9406392694,1,28,1
1204,Cosmetology and Related Personal Grooming Services.,460969,1,"Private, for-profit",1,15307,176,460969,Beauty Academy of South Florida,21,-2,,0,0.9366666667,1,35,1
1204,Cosmetology and Related Personal Grooming Services.,462035,1,"Private, for-profit",1,26824,113,462035,Florida Academy,13,-2,,17391,0.7785016287,1,29,1
1505,Environmental Control Technologies/Technicians.,462035,1,"Private, for-profit",1,59889,64,462035,Florida Academy,13,-2,,17391,0.7785016287,1,29,1
5123,Rehabilitation and Therapeutic Professions.,462035,0,"Private, for-profit",1,28874,56,462035,Florida Academy,13,-2,,17391,0.7785016287,1,29,1
1204,Cosmetology and Related Personal Grooming Services.,475547,1,"Private, for-profit",1,28337,173,475547,Paul Mitchell the School-Fort Myers,41,-2,,20818,0.7741935484,1,24,1
5109,"Allied Health Diagnostic, Intervention, and Treatment Professions.",475714,1,"Private, for-profit",1,73154,116,475714,American Medical Academy,21,1,,24826,0.7594339623,1,27,1
5138,"Registered Nursing, Nursing Administration, Nursing Research and Clinical Nursing.",475714,1,"Private, for-profit",2,71114,31,475714,American Medical Academy,21,1,,24826,0.7594339623,1,27,1
1504,Electromechanical Technologies/Technicians.,476063,1,"Private, for-profit",1,47140,69,476063,Tulsa Welding School-Jacksonville,11,-2,,20300,0.747530975,1,25,1
4603,Electrical and Power Transmission Installers.,476063,1,"Private, for-profit",1,45204,30,476063,Tulsa Welding School-Jacksonville,11,-2,,20300,0.747530975,1,25,1
1204,Cosmetology and Related Personal Grooming Services.,476498,1,"Private, for-profit",1,23712,111,476498,Futura Career Institute,21,-2,,0,,1,34,1
1505,Environmental Control Technologies/Technicians.,476498,1,"Private, for-profit",1,44264,69,476498,Futura Career Institute,21,-2,,0,,1,34,1
1002,Audiovisual Communications Technologies/Technicians.,476814,2,"Private, for-profit",1,33711,221,476814,Florida Institute of Recording Sound and Technology,21,-2,,22890,0.6832740214,1,25,1
1108,Computer Software and Media Applications.,476814,2,"Private, for-profit",1,36774,24,476814,Florida Institute of Recording Sound and Technology,21,-2,,22890,0.6832740214,1,25,1
5006,Film/Video and Photographic Arts.,476814,2,"Private, for-profit",1,33668,98,476814,Florida Institute of Recording Sound and Technology,21,-2,,22890,0.6832740214,1,25,1
1102,Computer Programming.,476939,0,"Private, for-profit",1,54867,24,476939,FVI School of Nursing and Technology,21,-2,0.7358,3335,0.9059701493,2,33,1
5108,Allied Health and Medical Assisting Services.,476939,1,"Private, for-profit",1,29753,374,476939,FVI School of Nursing and Technology,21,-2,0.7358,3335,0.9059701493,2,33,1
5139,"Practical Nursing, Vocational Nursing and Nursing Assistants.",476939,1,"Private, for-profit",1,26870,107,476939,FVI School of Nursing and Technology,21,-2,0.7358,3335,0.9059701493,2,33,1
1104,Information Science/Studies.,480569,3,"Private, nonprofit",2,51539,32,480569,Florida Institute of Technology-Online,13,9,0.4018,30032,0.7019104084,2,28,2
1104,Information Science/Studies.,480569,3,"Private, nonprofit",3,85906,72,480569,Florida Institute of Technology-Online,13,9,0.4018,30032,0.7019104084,2,28,2
1110,Computer/Information Technology Administration and Management.,480569,3,"Private, nonprofit",5,144218,18,480569,Florida Institute of Technology-Online,13,9,0.4018,30032,0.7019104084,2,28,2
4228,"Clinical, Counseling and Applied Psychology.",480569,3,"Private, nonprofit",2,41767,19,480569,Florida Institute of Technology-Online,13,9,0.4018,30032,0.7019104084,2,28,2
4228,"Clinical, Counseling and Applied Psychology.",480569,3,"Private, nonprofit",3,55282,88,480569,Florida Institute of Technology-Online,13,9,0.4018,30032,0.7019104084,2,28,2
4901,Air Transportation.,480569,3,"Private, nonprofit",3,83243,86,480569,Florida Institute of Technology-Online,13,9,0.4018,30032,0.7019104084,2,28,2
5107,Health and Medical Administrative Services.,480569,3,"Private, nonprofit",2,50488,23,480569,Florida Institute of Technology-Online,13,9,0.4018,30032,0.7019104084,2,28,2
5107,Health and Medical Administrative Services.,480569,3,"Private, nonprofit",3,51753,46,480569,Florida Institute of Technology-Online,13,9,0.4018,30032,0.7019104084,2,28,2
5107,Health and Medical Administrative Services.,480569,3,"Private, nonprofit",5,84170,45,480569,Florida Institute of Technology-Online,13,9,0.4018,30032,0.7019104084,2,28,2
5202,"Business Administration, Management and Operations.",480569,3,"Private, nonprofit",2,56184,25,480569,Florida Institute of Technology-Online,13,9,0.4018,30032,0.7019104084,2,28,2
5202,"Business Administration, Management and Operations.",480569,3,"Private, nonprofit",3,72717,98,480569,Florida Institute of Technology-Online,13,9,0.4018,30032,0.7019104084,2,28,2
5202,"Business Administration, Management and Operations.",480569,3,"Private, nonprofit",5,107776,584,480569,Florida Institute of Technology-Online,13,9,0.4018,30032,0.7019104084,2,28,2
5203,Accounting and Related Services.,480569,3,"Private, nonprofit",2,61624,17,480569,Florida Institute of Technology-Online,13,9,0.4018,30032,0.7019104084,2,28,2
5203,Accounting and Related Services.,480569,3,"Private, nonprofit",3,67417,45,480569,Florida Institute of Technology-Online,13,9,0.4018,30032,0.7019104084,2,28,2
5203,Accounting and Related Services.,480569,3,"Private, nonprofit",5,85593,33,480569,Florida Institute of Technology-Online,13,9,0.4018,30032,0.7019104084,2,28,2
5212,Management Information Systems and Services.,480569,3,"Private, nonprofit",5,107902,175,480569,Florida Institute of Technology-Online,13,9,0.4018,30032,0.7019104084,2,28,2
5214,Marketing.,480569,3,"Private, nonprofit",3,62019,26,480569,Florida Institute of Technology-Online,13,9,0.4018,30032,0.7019104084,2,28,2
0907,"Radio, Television, and Digital Communication.",480851,1,"Private, for-profit",1,27726,242,480851,Miami Media School,13,1,,10759,0.7830687831,1,29,1
0909,"Public Relations, Advertising, and Applied Communication.",480851,1,"Private, for-profit",1,27858,44,480851,Miami Media School,13,1,,10759,0.7830687831,1,29,1
5138,"Registered Nursing, Nursing Administration, Nursing Research and Clinical Nursing.",481252,1,"Private, for-profit",2,77653,25,481252,Ultrasound Medical Institute,21,1,,19704,,1,32,1
1204,Cosmetology and Related Personal Grooming Services.,481368,1,"Private, for-profit",1,22105,24,481368,Prestige Health & Beauty Sciences Academy,21,-2,,1003,,1,48,1
1314,Teaching English or French as a Second or Foreign Language.,481368,0,"Private, for-profit",1,10611,28,481368,Prestige Health & Beauty Sciences Academy,21,-2,,1003,,1,48,1
1204,Cosmetology and Related Personal Grooming Services.,481483,1,"Private, for-profit",1,26581,362,481483,Boca Beauty Academy,21,-2,,17520,0.8044217687,1,30,1
5135,Somatic Bodywork and Related Therapeutic Services.,481483,0,"Private, for-profit",1,24383,20,481483,Boca Beauty Academy,21,-2,,17520,0.8044217687,1,30,1
0901,Communication and Media Studies.,482459,2,"Private, for-profit",3,51752,49,482459,DeVry University-Florida,11,6,,22648,0.7560557866,2,31,1
1105,Computer Systems Analysis.,482459,2,"Private, for-profit",3,71675,717,482459,DeVry University-Florida,11,6,,22648,0.7560557866,2,31,1
1108,Computer Software and Media Applications.,482459,2,"Private, for-profit",2,38361,75,482459,DeVry University-Florida,11,6,,22648,0.7560557866,2,31,1
1108,Computer Software and Media Applications.,482459,2,"Private, for-profit",3,47440,170,482459,DeVry University-Florida,11,6,,22648,0.7560557866,2,31,1
1109,Computer Systems Networking and Telecommunications.,482459,2,"Private, for-profit",2,58586,377,482459,DeVry University-Florida,11,6,,22648,0.7560557866,2,31,1
1109,Computer Systems Networking and Telecommunications.,482459,2,"Private, for-profit",3,73884,509,482459,DeVry University-Florida,11,6,,22648,0.7560557866,2,31,1
1109,Computer Systems Networking and Telecommunications.,482459,1,"Private, for-profit",5,92609,107,482459,DeVry University-Florida,11,6,,22648,0.7560557866,2,31,1
1109,Computer Systems Networking and Telecommunications.,482459,1,"Private, for-profit",8,91271,48,482459,DeVry University-Florida,11,6,,22648,0.7560557866,2,31,1
1304,Educational Administration and Supervision.,482459,1,"Private, for-profit",5,61696,36,482459,DeVry University-Florida,11,6,,22648,0.7560557866,2,31,1
1409,Computer Engineering.,482459,2,"Private, for-profit",3,86645,21,482459,DeVry University-Florida,11,6,,22648,0.7560557866,2,31,1
1503,Electrical/Electronic Engineering Technologies/Technicians.,482459,2,"Private, for-profit",2,68934,95,482459,DeVry University-Florida,11,6,,22648,0.7560557866,2,31,1
1503,Electrical/Electronic Engineering Technologies/Technicians.,482459,2,"Private, for-profit",3,83322,269,482459,DeVry University-Florida,11,6,,22648,0.7560557866,2,31,1
1504,Electromechanical Technologies/Technicians.,482459,2,"Private, for-profit",3,88911,58,482459,DeVry University-Florida,11,6,,22648,0.7560557866,2,31,1
1512,Computer Engineering Technologies/Technicians.,482459,2,"Private, for-profit",3,79501,79,482459,DeVry University-Florida,11,6,,22648,0.7560557866,2,31,1
4301,Criminal Justice and Corrections.,482459,2,"Private, for-profit",3,58145,154,482459,DeVry University-Florida,11,6,,22648,0.7560557866,2,31,1
5107,Health and Medical Administrative Services.,482459,2,"Private, for-profit",3,52470,145,482459,DeVry University-Florida,11,6,,22648,0.7560557866,2,31,1
5201,"Business/Commerce, General.",482459,2,"Private, for-profit",2,62848,34,482459,DeVry University-Florida,11,6,,22648,0.7560557866,2,31,1
5201,"Business/Commerce, General.",482459,2,"Private, for-profit",3,68126,130,482459,DeVry University-Florida,11,6,,22648,0.7560557866,2,31,1
5202,"Business Administration, Management and Operations.",482459,2,"Private, for-profit",3,68231,3338,482459,DeVry University-Florida,11,6,,22648,0.7560557866,2,31,1
5202,"Business Administration, Management and Operations.",482459,1,"Private, for-profit",5,87024,2421,482459,DeVry University-Florida,11,6,,22648,0.7560557866,2,31,1
5202,"Business Administration, Management and Operations.",482459,1,"Private, for-profit",8,88594,256,482459,DeVry University-Florida,11,6,,22648,0.7560557866,2,31,1
5203,Accounting and Related Services.,482459,2,"Private, for-profit",2,49811,61,482459,DeVry University-Florida,11,6,,22648,0.7560557866,2,31,1
5203,Accounting and Related Services.,482459,2,"Private, for-profit",3,66596,63,482459,DeVry University-Florida,11,6,,22648,0.7560557866,2,31,1
5203,Accounting and Related Services.,482459,1,"Private, for-profit",5,80445,818,482459,DeVry University-Florida,11,6,,22648,0.7560557866,2,31,1
5203,Accounting and Related Services.,482459,1,"Private, for-profit",8,84386,63,482459,DeVry University-Florida,11,6,,22648,0.7560557866,2,31,1
5210,Human Resources Management and Services.,482459,1,"Private, for-profit",5,75225,335,482459,DeVry University-Florida,11,6,,22648,0.7560557866,2,31,1
5210,Human Resources Management and Services.,482459,1,"Private, for-profit",8,66776,84,482459,DeVry University-Florida,11,6,,22648,0.7560557866,2,31,1
5212,Management Information Systems and Services.,482459,1,"Private, for-profit",5,93642,306,482459,DeVry University-Florida,11,6,,22648,0.7560557866,2,31,1
1108,Computer Software and Media Applications.,482936,1,Public,3,92070,67,482936,Florida Polytechnic University,41,11,0.5752,,,2,,1
1409,Computer Engineering.,482936,1,Public,3,92109,31,482936,Florida Polytechnic University,41,11,0.5752,,,2,,1
1410,"Electrical, Electronics, and Communications Engineering.",482936,1,Public,3,90086,26,482936,Florida Polytechnic University,41,11,0.5752,,,2,,1
1419,Mechanical Engineering.,482936,1,Public,3,70314,36,482936,Florida Polytechnic University,41,11,0.5752,,,2,,1
5107,Health and Medical Administrative Services.,483470,1,"Private, for-profit",1,29210,53,483470,More Tech Institute,21,-2,,0,,1,34,1
1204,Cosmetology and Related Personal Grooming Services.,483896,1,"Private, for-profit",1,27840,116,483896,Parisian Spa Institute,11,-2,,17764,0.6702702703,1,30,1
5135,Somatic Bodywork and Related Therapeutic Services.,483896,1,"Private, for-profit",1,23225,16,483896,Parisian Spa Institute,11,-2,,17764,0.6702702703,1,30,1
1204,Cosmetology and Related Personal Grooming Services.,484075,1,"Private, for-profit",1,17638,29,484075,First Coast Barber Academy,11,-2,0.9,13624,,2,29,1
5135,Somatic Bodywork and Related Therapeutic Services.,484172,1,"Private, for-profit",1,27485,46,484172,Lee Professional Institute,13,-2,,9768,,1,35,1
0904,Journalism.,484473,3,Public,3,58150,101,484473,University of Florida-Online,12,9,0.6126,39127,0.6673828964,2,21,2
0907,"Radio, Television, and Digital Communication.",484473,3,Public,3,62227,255,484473,University of Florida-Online,12,9,0.6126,39127,0.6673828964,2,21,2
0909,"Public Relations, Advertising, and Applied Communication.",484473,3,Public,3,69600,407,484473,University of Florida-Online,12,9,0.6126,39127,0.6673828964,2,21,2
1101,"Computer and Information Sciences, General.",484473,3,Public,3,126268,201,484473,University of Florida-Online,12,9,0.6126,39127,0.6673828964,2,21,2
1419,Mechanical Engineering.,484473,3,Public,3,97113,287,484473,University of Florida-Online,12,9,0.6126,39127,0.6673828964,2,21,2
2601,"Biology, General.",484473,3,Public,3,53645,198,484473,University of Florida-Online,12,9,0.6126,39127,0.6673828964,2,21,2
2605,Microbiological Sciences and Immunology.,484473,3,Public,3,64285,81,484473,University of Florida-Online,12,9,0.6126,39127,0.6673828964,2,21,2
3099,"Multi/Interdisciplinary Studies, Other.",484473,3,Public,3,50633,42,484473,University of Florida-Online,12,9,0.6126,39127,0.6673828964,2,21,2
3103,"Parks, Recreation, and Leisure Facilities Management.",484473,3,Public,3,64497,64,484473,University of Florida-Online,12,9,0.6126,39127,0.6673828964,2,21,2
3105,"Sports, Kinesiology, and Physical Education/Fitness.",484473,3,Public,3,60497,133,484473,University of Florida-Online,12,9,0.6126,39127,0.6673828964,2,21,2
4006,Geological and Earth Sciences/Geosciences.,484473,3,Public,3,69943,27,484473,University of Florida-Online,12,9,0.6126,39127,0.6673828964,2,21,2
4201,"Psychology, General.",484473,3,Public,3,57053,323,484473,University of Florida-Online,12,9,0.6126,39127,0.6673828964,2,21,2
4302,Fire Protection.,484473,3,Public,3,97839,30,484473,University of Florida-Online,12,9,0.6126,39127,0.6673828964,2,21,2
4502,Anthropology.,484473,3,Public,3,47348,140,484473,University of Florida-Online,12,9,0.6126,39127,0.6673828964,2,21,2
4504,Criminology.,484473,3,Public,3,57953,216,484473,University of Florida-Online,12,9,0.6126,39127,0.6673828964,2,21,2
4507,Geography and Cartography.,484473,3,Public,3,67276,34,484473,University of Florida-Online,12,9,0.6126,39127,0.6673828964,2,21,2
4511,Sociology.,484473,3,Public,3,51039,174,484473,University of Florida-Online,12,9,0.6126,39127,0.6673828964,2,21,2
5001,"Visual and Performing Arts, General.",484473,3,Public,3,47546,55,484473,University of Florida-Online,12,9,0.6126,39127,0.6673828964,2,21,2
5102,Communication Disorders Sciences and Services.,484473,3,Public,3,65370,70,484473,University of Florida-Online,12,9,0.6126,39127,0.6673828964,2,21,2
5122,Public Health.,484473,3,Public,3,68605,219,484473,University of Florida-Online,12,9,0.6126,39127,0.6673828964,2,21,2
5138,"Registered Nursing, Nursing Administration, Nursing Research and Clinical Nursing.",484473,3,Public,3,79839,266,484473,University of Florida-Online,12,9,0.6126,39127,0.6673828964,2,21,2
5202,"Business Administration, Management and Operations.",484473,3,Public,3,82615,422,484473,University of Florida-Online,12,9,0.6126,39127,0.6673828964,2,21,2
5138,"Registered Nursing, Nursing Administration, Nursing Research and Clinical Nursing.",485272,1,"Private, for-profit",3,111455,2655,485272,West Coast University-Miami,13,6,,29657,0.5829834254,1,27,1
0183,Veterinary/Animal Health Technologies/Technicians.,485342,1,Public,1,22620,22,485342,Aparicio-Levy Technical College,21,-2,,14000,,1,24,1
1204,Cosmetology and Related Personal Grooming Services.,485379,1,"Private, for-profit",1,21754,530,485379,Hollywood Institute of Beauty Careers-West Palm Beach,12,-2,,13244,0.9535315985,1,29,1
5135,Somatic Bodywork and Related Therapeutic Services.,485379,1,"Private, for-profit",1,26087,58,485379,Hollywood Institute of Beauty Careers-West Palm Beach,12,-2,,13244,0.9535315985,1,29,1
1204,Cosmetology and Related Personal Grooming Services.,485388,1,"Private, for-profit",1,21754,530,485388,Hollywood Institute of Beauty Careers-Casselberry,21,-2,,13244,0.9535315985,1,29,1
5135,Somatic Bodywork and Related Therapeutic Services.,485388,1,"Private, for-profit",1,26087,58,485388,Hollywood Institute of Beauty Careers-Casselberry,21,-2,,13244,0.9535315985,1,29,1
1204,Cosmetology and Related Personal Grooming Services.,485485,1,"Private, for-profit",1,21460,103,485485,Latin Beauty Academy,21,-2,,10689,,1,35,1
5202,"Business Administration, Management and Operations.",485768,3,"Private, for-profit",5,66024,19,485768,Atlantis University,11,6,,18862,0.8390804598,1,33,1
5212,Management Information Systems and Services.,485768,0,"Private, for-profit",3,59231,25,485768,Atlantis University,11,6,,18862,0.8390804598,1,33,1
5139,"Practical Nursing, Vocational Nursing and Nursing Assistants.",486150,1,Public,1,54156,24,486150,Treasure Coast Technical College,22,-2,,19063,,1,31,1
1204,Cosmetology and Related Personal Grooming Services.,487311,0,"Private, nonprofit",1,27451,144,487311,Jones Technical Institute,11,1,,18476,0.8154050465,1,27,1
4706,Vehicle Maintenance and Repair Technologies/Technicians.,487311,1,"Private, nonprofit",2,53255,204,487311,Jones Technical Institute,11,1,,18476,0.8154050465,1,27,1
5135,Somatic Bodywork and Related Therapeutic Services.,487311,0,"Private, nonprofit",1,23496,65,487311,Jones Technical Institute,11,1,,18476,0.8154050465,1,27,1
5109,"Allied Health Diagnostic, Intervention, and Treatment Professions.",488059,1,"Private, for-profit",1,50760,40,488059,Med College,21,1,,11370,,1,33,1
5109,"Allied Health Diagnostic, Intervention, and Treatment Professions.",488059,1,"Private, for-profit",2,61142,21,488059,Med College,21,1,,11370,,1,33,1
3105,"Sports, Kinesiology, and Physical Education/Fitness.",488280,1,"Private, for-profit",1,24910,129,488280,National Personal Training Institute,21,-2,,20206,0.7602739726,1,29,1
5108,Allied Health and Medical Assisting Services.,488891,1,Public,1,34723,16,488891,South Dade Technical College-South Dade Skills Center Campus,21,-2,,,,1,,1
1204,Cosmetology and Related Personal Grooming Services.,489238,1,"Private, for-profit",1,26581,362,489238,Boca Beauty Academy-Parkland,21,-2,,17520,0.8044217687,1,30,1
5135,Somatic Bodywork and Related Therapeutic Services.,489238,1,"Private, for-profit",1,24383,20,489238,Boca Beauty Academy-Parkland,21,-2,,17520,0.8044217687,1,30,1
3105,"Sports, Kinesiology, and Physical Education/Fitness.",490018,1,"Private, for-profit",1,24910,129,490018,National Personal Training Institute-Tampa,21,-2,,20206,0.7602739726,1,29,1
5138,"Registered Nursing, Nursing Administration, Nursing Research and Clinical Nursing.",490054,1,"Private, for-profit",2,76457,94,490054,HCI College,21,6,,,,1,,1
1204,Cosmetology and Related Personal Grooming Services.,490142,1,"Private, for-profit",1,26505,23,490142,World Class Academy of Beauty Careers,12,-2,,,,1,,1
1204,Cosmetology and Related Personal Grooming Services.,490391,1,"Private, for-profit",1,16645,34,490391,American Beauty and Trade School,21,-2,,,,1,,1
5108,Allied Health and Medical Assisting Services.,490975,1,"Private, for-profit",1,34554,166,490975,Fortis College-Cutler Bay,21,1,,16751,0.8713751169,1,30,1
5138,"Registered Nursing, Nursing Administration, Nursing Research and Clinical Nursing.",490975,1,"Private, for-profit",2,85166,232,490975,Fortis College-Cutler Bay,21,1,,16751,0.8713751169,1,30,1
5139,"Practical Nursing, Vocational Nursing and Nursing Assistants.",490975,1,"Private, for-profit",1,67955,90,490975,Fortis College-Cutler Bay,21,1,,16751,0.8713751169,1,30,1
1204,Cosmetology and Related Personal Grooming Services.,491136,1,"Private, for-profit",1,27578,911,491136,Empire Beauty School-Tampa,21,-2,,15061,0.8501350135,1,25,1
1204,Cosmetology and Related Personal Grooming Services.,491145,1,"Private, for-profit",1,26761,759,491145,Empire Beauty School-Lakeland,12,-2,,14725,0.8920023351,1,26,1
1204,Cosmetology and Related Personal Grooming Services.,495369,1,"Private, for-profit",1,30710,149,495369,Paul Mitchell the School-Fort Lauderdale,21,-2,,27361,0.6981132075,1,24,1
5138,"Registered Nursing, Nursing Administration, Nursing Research and Clinical Nursing.",495420,1,"Private, for-profit",3,87378,70,495420,Arizona College of Nursing-Tampa,11,-2,1,17322,0.8394683027,2,28,1
5138,"Registered Nursing, Nursing Administration, Nursing Research and Clinical Nursing.",495439,1,"Private, for-profit",3,87378,70,495439,Arizona College of Nursing-Fort Lauderdale,12,-2,,17322,0.8394683027,2,28,1
5107,Health and Medical Administrative Services.,496973,3,"Private, nonprofit",2,38352,387,496973,Herzing University-Tampa,21,-2,0.8966,18321,0.8203449578,2,31,1
5107,Health and Medical Administrative Services.,496973,3,"Private, nonprofit",3,51098,129,496973,Herzing University-Tampa,21,-2,0.8966,18321,0.8203449578,2,31,1
5138,"Registered Nursing, Nursing Administration, Nursing Research and Clinical Nursing.",496973,1,"Private, nonprofit",2,86632,322,496973,Herzing University-Tampa,21,-2,0.8966,18321,0.8203449578,2,31,1
5138,"Registered Nursing, Nursing Administration, Nursing Research and Clinical Nursing.",496973,1,"Private, nonprofit",3,91010,440,496973,Herzing University-Tampa,21,-2,0.8966,18321,0.8203449578,2,31,1
5139,"Practical Nursing, Vocational Nursing and Nursing Assistants.",496973,1,"Private, nonprofit",1,71753,79,496973,Herzing University-Tampa,21,-2,0.8966,18321,0.8203449578,2,31,1
5202,"Business Administration, Management and Operations.",496973,3,"Private, nonprofit",2,32081,46,496973,Herzing University-Tampa,21,-2,0.8966,18321,0.8203449578,2,31,1
5202,"Business Administration, Management and Operations.",496973,3,"Private, nonprofit",3,66379,140,496973,Herzing University-Tampa,21,-2,0.8966,18321,0.8203449578,2,31,1
5202,"Business Administration, Management and Operations.",496973,3,"Private, nonprofit",5,70854,218,496973,Herzing University-Tampa,21,-2,0.8966,18321,0.8203449578,2,31,1
5138,"Registered Nursing, Nursing Administration, Nursing Research and Clinical Nursing.",496991,1,"Private, for-profit",2,80988,1897,496991,Galen Health Institutes-Miami Campus,21,-2,,32673,0.6627957932,1,30,1
5138,"Registered Nursing, Nursing Administration, Nursing Research and Clinical Nursing.",496991,1,"Private, for-profit",3,91862,463,496991,Galen Health Institutes-Miami Campus,21,-2,,32673,0.6627957932,1,30,1
1204,Cosmetology and Related Personal Grooming Services.,497222,1,"Private, for-profit",1,16637,62,497222,Salon Professional Academy-Elevate Salon Institute,13,-2,,13607,0.8571428571,1,26,1
4706,Vehicle Maintenance and Repair Technologies/Technicians.,498030,1,"Private, for-profit",1,58515,3298,498030,Universal Technical Institute-South Florida Miramar,21,-2,,28618,0.7365907829,1,22,1
4706,Vehicle Maintenance and Repair Technologies/Technicians.,498030,1,"Private, for-profit",2,60060,1926,498030,Universal Technical Institute-South Florida Miramar,21,-2,,28618,0.7365907829,1,22,1
4805,Precision Metal Working.,498030,1,"Private, for-profit",1,52936,287,498030,Universal Technical Institute-South Florida Miramar,21,-2,,28618,0.7365907829,1,22,1
5138,"Registered Nursing, Nursing Administration, Nursing Research and Clinical Nursing.",498076,1,"Private, for-profit",2,80988,1897,498076,Galen Health Institutes-Sarasota,21,-2,,32673,0.6627957932,1,30,1
5138,"Registered Nursing, Nursing Administration, Nursing Research and Clinical Nursing.",498076,1,"Private, for-profit",3,91862,463,498076,Galen Health Institutes-Sarasota,21,-2,,32673,0.6627957932,1,30,1
5138,"Registered Nursing, Nursing Administration, Nursing Research and Clinical Nursing.",498085,1,"Private, for-profit",2,80988,1897,498085,Galen Health Institutes-Gainesville,22,-2,,32673,0.6627957932,1,30,1
5138,"Registered Nursing, Nursing Administration, Nursing Research and Clinical Nursing.",498085,1,"Private, for-profit",3,91862,463,498085,Galen Health Institutes-Gainesville,22,-2,,32673,0.6627957932,1,30,1
5139,"Practical Nursing, Vocational Nursing and Nursing Assistants.",498085,1,"Private, for-profit",1,64240,565,498085,Galen Health Institutes-Gainesville,22,-2,,32673,0.6627957932,1,30,1
5138,"Registered Nursing, Nursing Administration, Nursing Research and Clinical Nursing.",499370,1,"Private, for-profit",3,87378,70,499370,Arizona College of Nursing-Sarasota,21,-2,1,17322,0.8394683027,2,28,1
5107,Health and Medical Administrative Services.,499495,1,"Private, for-profit",1,37829,18,499495,Gwinnett Institute,21,-2,,16256,0.8884615385,2,27,1
5108,Allied Health and Medical Assisting Services.,499495,1,"Private, for-profit",1,34911,73,499495,Gwinnett Institute,21,-2,,16256,0.8884615385,2,27,1
5138,"Registered Nursing, Nursing Administration, Nursing Research and Clinical Nursing.",499495,1,"Private, for-profit",2,85057,44,499495,Gwinnett Institute,21,-2,,16256,0.8884615385,2,27,1
5139,"Practical Nursing, Vocational Nursing and Nursing Assistants.",499495,1,"Private, for-profit",1,63036,40,499495,Gwinnett Institute,21,-2,,16256,0.8884615385,2,27,1
