code,credential_level,unit_id,distance,school_type,5_yr_working_count,location_lat,location_lon,locale,carnegie_size_setting,admission_rate_overall,median_family_income,students_with_pell_grant,open_admissions_policy,age_entry,title_iv_eligibility_type,selectivity_bucket,5_year_earning_log,5_year_pred_log,title,school_name,5_year_earning,5_year_pred,5_year_error,4_year_earning,4_year_earning_log,4_year_pred,4_year_pred_log,4_year_error,4_yr_working_count,1_year_earning,1_year_earning_log,1_year_pred,1_year_pred_log,1_year_error,1_yr_working_count,school_count,confidence,1_year_pct_error,1_year_score,4_year_pct_error,4_year_score,5_year_pct_error,5_year_score,rank_1,rank_4,rank_5,move_1_to_4,move_4_to_5,move_1_to_5,rank_std,rank_std_pct,mean_rank_std_pct,median_score
0301,3,133492,1,"Private, nonprofit",56.0,27.715798,-82.687043,11,11,0.758,77695.0,0.4113924051,2,21.0,1,open,10.662913925885341,10.643175,Natural Resources Conservation and Research.,Eckerd College,42741.00000000001,41905.617,835.3828125000073,39931.99999999999,10.594933286456316,50566.96,10.831054,-10634.960937500007,77,25708.999999999993,10.15459640413204,29107.588,10.278754,-3398.5878906250073,94.0,8,medium,-0.11675951656989166,-0.11541991463189413,-0.21031441756297473,-0.20722535986148127,0.01993486478822684,0.019526904896612837,6.0,8.0,3.0,2.0,-5.0,-3.0,2.516611478423583,0.3595159254890833,0.2503130621580458,-0.11541991463189413
0301,3,133951,2,Public,36.0,25.75732,-80.373928,21,15,0.5466,23924.0,0.8131269705,2,23.0,1,mid,10.74507628970625,10.783957,Natural Resources Conservation and Research.,Florida International University,46400.99999999999,48240.61,-1839.6093750000073,49747.999999999985,10.814725540773631,55158.484,10.917966,-5410.484375000015,24,36006.99999999997,10.49146864298082,33721.535,10.425892,2285.464843749971,21.0,8,medium,0.0677746381699464,0.06345226691116959,-0.0980897940961601,-0.09262029942148305,-0.03813404098401291,-0.03683523900236702,2.0,7.0,6.0,5.0,-1.0,4.0,2.6457513110645907,0.37796447300922725,0.2503130621580458,-0.03683523900236702
0301,3,134097,1,Public,78.0,30.443147,-84.295064,12,15,0.2422,43729.0,0.5975318884,2,20.0,1,elite,10.780704760424145,10.786012,Natural Resources Conservation and Research.,Florida State University,48084.00000000001,48339.85,-255.85156249999272,54287.99999999996,10.90205848702401,52498.2,10.868534,1789.8007812499636,188,30146.000000000004,10.313807523370475,36875.71,10.515308,-6729.710937499996,161.0,8,medium,-0.18249711711066577,-0.1813800790347307,0.03409261284929421,0.033915872693779936,-0.005292766821370868,-0.005219124628041506,7.0,5.0,5.0,-2.0,0.0,-2.0,1.1547005383792517,0.16495721976846453,0.2503130621580458,-0.005219124628041506
0301,3,134130,1,Public,28.0,29.64629,-82.347911,12,16,0.242,39127.0,0.6673828964,2,21.0,1,elite,10.895108366626053,10.878085,Natural Resources Conservation and Research.,University of Florida,53911.999999999985,53002.01,909.9882812499854,62682.99999999996,11.045845557481588,57587.316,10.961058,5095.683593749964,29,34454.00000000002,10.447380380006315,36076.906,10.493408,-1622.9062499999782,29.0,8,medium,-0.04498462919059137,-0.04298039017549076,0.08848621383574187,0.0844914777830599,0.017168938531592903,0.01639123001766444,5.0,3.0,4.0,-2.0,1.0,-1.0,1.0,0.14285714285714285,0.2503130621580458,0.01639123001766444
0301,3,136950,1,"Private, nonprofit",29.0,28.592787,-81.349239,21,11,0.4754,43978.0,0.58,2,22.0,1,mid,10.517050253753231,10.832608,Natural Resources Conservation and Research.,Rollins College,36940.00000000001,50645.63,-13705.628906249993,63363.00000000003,11.056635373852252,52899.145,10.8761425,10463.85546875003,23,22352.000000000007,10.014671081496743,34313.71,10.4433,-11961.710937499993,18.0,8,medium,-0.3485985808788622,-0.3223157056063532,0.19780765003805573,0.18624677931141295,-0.2706181994821399,-0.2588352398628083,8.0,2.0,8.0,-6.0,6.0,0.0,3.4641016151377544,0.4948716593053935,0.2503130621580458,-0.2588352398628083
0301,3,137351,1,Public,133.0,28.061458,-82.413232,11,15,0.4319,32495.0,0.6858996244,2,22.0,1,mid,10.812753669473318,10.743152,Natural Resources Conservation and Research.,University of South Florida,49649.999999999985,46311.78,3338.2187499999854,53991.00000000001,10.896572644989313,51360.727,10.846629,2630.2734375000073,122,36048.000000000015,10.492606662672026,37132.906,10.522259,-1084.9062499999854,134.0,8,medium,-0.029216841867850982,-0.028995280990384602,0.05121176458240465,0.05077210876306616,0.0720814155685274,0.07154378368615652,4.0,4.0,2.0,0.0,-2.0,-2.0,1.1547005383792515,0.1649572197684645,0.2503130621580458,0.05077210876306616
0301,3,138354,2,Public,21.0,30.549076,-87.218511,41,12,0.5824,34583.0,0.6786062378,2,24.0,1,mid,10.83861966554364,10.595456,Natural Resources Conservation and Research.,University of West Florida,50950.99999999996,39952.883,10998.117187499964,50746.00000000003,10.834588076063763,42149.586,10.64898,8596.41406250003,16,37213.999999999985,10.524440313547586,32908.348,10.401482,4305.652343749985,20.0,8,medium,0.1308376947006104,0.12203673244251324,0.2039501426003784,0.18630124094584546,0.27527718685819086,0.2581029716519568,1.0,1.0,1.0,0.0,0.0,0.0,0.0,0.0,0.2503130621580458,0.18630124094584546
0301,3,433660,1,Public,35.0,26.463638,-81.7726,21,16,0.6344,43546.0,0.5981697171,2,21.0,1,mid,10.646471967943246,10.860691,Natural Resources Conservation and Research.,Florida Gulf Coast University,42044.00000000002,52088.062,-10044.062499999978,51264.99999999996,10.84476353710419,53141.758,10.880718,-1876.7578125000364,60,34874.99999999997,10.459525519123666,34453.562,10.447368,421.4374999999709,60.0,8,medium,0.01223204421893878,0.011995270142426046,-0.03531606574102796,-0.03462277482440124,-0.19282849117300108,-0.18604626654840625,3.0,6.0,7.0,3.0,1.0,4.0,2.0816659994661326,0.2973808570665904,0.2503130621580458,-0.03462277482440124
0402,3,133669,0,Public,54.0,26.372421,-80.102978,13,15,0.6613,28064.0,0.7219053052,2,23.0,1,mid,11.073117328439517,10.899892,Architecture.,Florida Atlantic University,64415.99999999995,54170.504,10245.496093749949,64729.99999999994,11.077980051539555,57778.32,10.964369,6951.679687499942,49,46550.99999999999,10.748303764751594,38668.31,10.562776,7882.691406249993,44.0,3,low,0.20385405239897358,0.19820574902640864,0.1203164032789646,0.11733061954633138,0.18913422166943994,0.18509682708789477,2.0,1.0,1.0,-1.0,0.0,-1.0,0.5773502691896257,0.11547005383792515,0.0769800358919501,0.18509682708789477
0402,3,134130,1,Public,73.0,29.64629,-82.347911,12,16,0.242,39127.0,0.6673828964,2,21.0,1,elite,11.037740435424054,11.214223,Architecture.,University of Florida,62177.000000000044,74178.0,-12000.999999999956,67399.00000000003,11.11838545999508,72482.27,11.191097,-5083.273437499971,86,40542.00000000002,10.61009375278023,40494.33,10.608917,47.67187500002183,71.0,3,low,0.0011772482025844658,0.0011585118733541432,-0.070131263775593,-0.06922572628061803,-0.1617865135215287,-0.15935457881127532,3.0,3.0,3.0,0.0,0.0,0.0,0.0,0.0,0.0769800358919501,-0.06922572628061803
0402,3,135726,0,"Private, nonprofit",28.0,25.72126,-80.278662,21,16,0.189,54690.0,0.4559891107,2,20.0,1,elite,11.119897691565697,11.2315445,Architecture.,University of Miami,67500.99999999996,75474.07,-7973.070312500044,75633.00000000001,11.233647974862258,73216.96,11.201182,2416.0390625000146,34,61071.0,11.019792400735156,39720.832,10.589631,21350.16796875,16.0,3,low,0.5375055575863303,0.4915464222108883,0.03299835217911341,0.031753704159586484,-0.10563986120647247,-0.10085464869497583,1.0,2.0,2.0,1.0,0.0,1.0,0.5773502691896257,0.11547005383792515,0.0769800358919501,0.031753704159586484
0402,5,133951,0,Public,128.0,25.75732,-80.373928,21,15,0.5466,23924.0,0.8131269705,2,23.0,1,mid,11.116588567688936,11.239933,Architecture.,Florida International University,67278.00000000001,76109.85,-8831.851562499985,68932.00000000003,11.140875790401468,79349.56,11.281618,-10417.56249999997,119,47558.99999999999,10.769726324511337,59970.094,11.001601,-12411.093750000007,140.0,3,low,-0.20695471649150135,-0.2054635557730554,-0.13128695574093394,-0.13012660629230383,-0.11604084597704717,-0.11513570245088253,3.0,3.0,2.0,0.0,-1.0,-1.0,0.5773502691896258,0.11547005383792516,0.15396007178390023,-0.13012660629230383
0402,5,134130,3,Public,83.0,29.64629,-82.347911,12,16,0.242,39127.0,0.6673828964,2,21.0,1,elite,11.19534760016878,11.322499,Architecture.,University of Florida,72790.99999999996,82660.67,-9869.671875000044,88820.00000000004,11.394367128846094,84490.05,11.344389,4329.953125000044,56,61660.999999999985,11.029406919278141,66318.13,11.102219,-4657.132812500015,49.0,3,low,-0.07022412445879678,-0.06850544514063096,0.051248085249686916,0.05015825684669889,-0.11939985063180983,-0.1178547785513474,1.0,1.0,3.0,0.0,2.0,2.0,1.1547005383792517,0.23094010767585033,0.15396007178390023,-0.06850544514063096
0402,5,137351,1,Public,65.0,28.061458,-82.413232,11,15,0.4319,32495.0,0.6858996244,2,22.0,1,mid,11.096773454806918,11.199785,Architecture.,University of South Florida,65957.99999999996,73114.734,-7156.734375000044,70924.00000000003,11.16936416017688,75764.27,11.235382,-4840.273437499971,50,49537.0,10.810475144084139,55705.84,10.92784,-6168.83984375,42.0,3,low,-0.11073955371740297,-0.10750266306199674,-0.0638859612570936,-0.062337105196847736,-0.09788361314825667,-0.09619915290917663,2.0,2.0,1.0,0.0,-1.0,-1.0,0.5773502691896257,0.11547005383792515,0.15396007178390023,-0.09619915290917663
0901,3,132903,2,Public,115.0,28.602159,-81.200889,21,15,0.4011,31400.0,0.7045342864,2,23.0,1,mid,10.784814099374188,10.926398,Communication and Media Studies.,University of Central Florida,48282.0,55625.57,-7343.5703125,58782.99999999997,10.981607976438474,58328.91,10.973853,454.0898437499709,178,37020.99999999999,10.519240598188375,36706.387,10.510706,314.6132812499927,403.0,13,medium,0.008571077389354835,0.008553003385761903,0.007784987625065625,0.0077419753773925164,-0.13201788801884476,-0.1308508179086527,5.0,4.0,12.0,-1.0,8.0,7.0,4.358898943540674,0.3632415786283895,0.24083913155952358,0.0077419753773925164
0901,3,133492,1,"Private, nonprofit",26.0,27.715798,-82.687043,11,11,0.758,77695.0,0.4113924051,2,21.0,1,open,10.856669362994031,10.652192,Communication and Media Studies.,Eckerd College,51878.99999999997,42285.188,9593.81249999997,60969.00000000002,11.018120817258417,47938.293,10.77767,13030.707031250022,22,33543.99999999998,10.420613288850598,29060.91,10.277149,4483.089843749978,22.0,13,medium,0.15426529381378717,0.14491664314214464,0.27182250815114495,0.25513936923987623,0.22688352747637625,0.21571469798800694,1.0,1.0,1.0,0.0,0.0,0.0,0.0,0.0,0.24083913155952358,0.21571469798800694
0901,3,133669,1,Public,148.0,26.372421,-80.102978,13,15,0.6613,28064.0,0.7219053052,2,23.0,1,mid,10.83182542532095,10.826069,Communication and Media Studies.,Florida Atlantic University,50606.00000000001,50315.516,290.4843750000073,54717.0,10.909929726232107,53629.902,10.889862,1087.09765625,197,34720.00000000003,10.455071168774287,36725.324,10.511222,-2005.324218749971,184.0,13,medium,-0.05460330879056362,-0.054317279395449704,0.020270364269583455,0.020170850528762028,0.005773256447672691,0.005735248724465814,12.0,3.0,5.0,-9.0,2.0,-7.0,4.725815626252608,0.39381796885438397,0.24083913155952358,0.005735248724465814
0901,3,133951,2,Public,585.0,25.75732,-80.373928,21,15,0.5466,23924.0,0.8131269705,2,23.0,1,mid,10.951543117587086,10.961119,Communication and Media Studies.,Florida International University,57042.00000000002,57590.836,-548.8359374999782,57375.99999999998,10.957381376404859,57898.95,10.9664545,-522.9492187500218,836,36424.000000000015,10.502983177014618,37012.695,10.519016,-588.6953124999854,659.0,13,medium,-0.015905226775018735,-0.015886184550139393,-0.009032102064136769,-0.009023743756405214,-0.009529917886512328,-0.009517170275862886,8.0,7.0,6.0,-1.0,-1.0,-2.0,1.0,0.08333333333333333,0.24083913155952358,-0.009517170275862886
0901,3,134237,2,"Private, for-profit",55.0,28.596546,-81.301286,21,15,,21349.0,0.7669108669,1,25.0,1,,10.818357275254836,10.632878,Communication and Media Studies.,Full Sail University,49929.000000000015,41476.332,8452.667968750015,44933.0,10.712927770367092,47789.8,10.774568,-2856.80078125,135,30560.999999999996,10.327479965258176,31220.143,10.348819,-659.1425781250036,154.0,13,medium,-0.02111273439817167,-0.020976627374990585,-0.05977846181712576,-0.05932247369752082,0.20379497305551084,0.19953624618600035,9.0,10.0,2.0,1.0,-8.0,-7.0,4.358898943540674,0.3632415786283895,0.24083913155952358,-0.020976627374990585
0901,3,136172,1,Public,250.0,30.27194,-81.509144,11,15,0.5324,37074.0,0.6143506622,2,22.0,1,mid,10.832714252818556,10.777312,Communication and Media Studies.,University of North Florida,50651.000000000015,47921.152,2729.8476562500146,54359.999999999956,10.90338386826508,55638.41,10.926629,-1278.4101562500437,268,36842.00000000003,10.514393777712163,36620.156,10.508354,221.8437500000291,268.0,13,medium,0.006057968417325612,0.00603747927375038,-0.022977115137903282,-0.022898247958525478,0.05696540092917962,0.05676181699550989,6.0,8.0,4.0,2.0,-4.0,-2.0,2.0,0.16666666666666666,0.24083913155952358,0.00603747927375038
0901,3,136950,1,"Private, nonprofit",86.0,28.592787,-81.349239,21,11,0.4754,43978.0,0.58,2,22.0,1,mid,10.9714000549546,10.994735,Communication and Media Studies.,Rollins College,58186.0,59559.723,-1373.72265625,62086.00000000001,11.036275799671376,66608.56,11.106588,-4522.562499999993,92,36285.00000000003,10.499159711712238,34259.07,10.441707,2025.929687500029,86.0,13,medium,0.05913557107709471,0.05838287203999487,-0.06789761451465032,-0.06708724784877261,-0.023064624799857863,-0.02277828376547518,4.0,11.0,7.0,7.0,-4.0,3.0,3.5118845842842465,0.29265704869035386,0.24083913155952358,-0.02277828376547518
0901,3,137351,1,Public,353.0,28.061458,-82.413232,11,15,0.4319,32495.0,0.6858996244,2,22.0,1,mid,10.84982240575866,10.876905,Communication and Media Studies.,University of South Florida,51525.000000000015,52939.52,-1414.5195312499854,53810.000000000044,10.893214602483466,56893.504,10.948936,-3083.5039062499563,628,34529.99999999999,10.449583790384038,35838.883,10.486789,-1308.8828125000073,533.0,13,medium,-0.03652130618434041,-0.03646551144932367,-0.05419782039318587,-0.05412821815950223,-0.026719538518195276,-0.026655539427239073,10.0,9.0,8.0,-1.0,-1.0,-2.0,1.0,0.08333333333333333,0.24083913155952358,-0.03646551144932367
0901,3,137546,1,"Private, nonprofit",18.0,29.035475,-81.300746,13,14,0.716,52032.0,0.5486725664,2,20.0,1,open,10.997957942036903,10.822863,Communication and Media Studies.,Stetson University,59752.00000000003,50154.457,9597.54296875003,58070.999999999956,10.969421678813655,53420.92,10.885958,4650.078124999956,40,33190.000000000015,10.41000390471402,33588.56,10.421941,-398.55859374998545,32.0,13,medium,-0.011865903463453396,-0.01139285576893564,0.08704601047283886,0.08431821462729522,0.19135972228290773,0.17723763906599288,7.0,2.0,3.0,-5.0,1.0,-4.0,2.6457513110645907,0.22047927592204922,0.24083913155952358,0.08431821462729522
0901,3,137847,1,"Private, nonprofit",31.0,27.948455,-82.46483,11,13,0.4034,75458.0,0.429463171,2,20.0,1,mid,10.912412158829376,11.027777,Communication and Media Studies.,The University of Tampa,54853.00000000003,61560.56,-6707.558593749971,55511.999999999985,10.924354492579385,60182.36,11.005135,-4670.359375000015,97,32803.99999999998,10.398305738156301,34597.45,10.451535,-1793.4492187500218,94.0,13,medium,-0.05183761402207844,-0.05124287219507219,-0.07760346093942108,-0.07673272492441645,-0.10895870256822138,-0.10455918239688208,11.0,12.0,11.0,1.0,-1.0,0.0,0.5773502691896257,0.04811252243246881,0.24083913155952358,-0.07673272492441645
0901,3,138354,2,Public,111.0,30.549076,-87.218511,41,12,0.5824,34583.0,0.6786062378,2,24.0,1,mid,10.621741893895802,10.716834,Communication and Media Studies.,University of West Florida,41016.99999999996,45108.867,-4091.8671875000364,51352.00000000001,10.846459162991614,51558.406,10.850471,-206.40624999999272,97,30849.99999999999,10.336892029333534,36875.676,10.515307,-6025.675781250011,83.0,13,medium,-0.16340516217234607,-0.16123730983607618,-0.004003348144610128,-0.003958429279292573,-0.09071092764293409,-0.08987514384854536,13.0,5.0,10.0,-8.0,5.0,-3.0,4.041451884327381,0.3367876570272817,0.24083913155952358,-0.08987514384854536
0901,3,433660,1,Public,201.0,26.463638,-81.7726,21,16,0.6344,43546.0,0.5981697171,2,21.0,1,mid,10.859306642543686,10.901734,Communication and Media Studies.,Florida Gulf Coast University,52015.99999999996,54270.402,-2254.4023437500364,56455.00000000003,10.941199139614623,56787.746,10.947076,-332.7460937499709,242,39342.00000000003,10.580047929491675,36974.945,10.517996,2367.054687500029,206.0,13,medium,0.06401780090530132,0.06372379469699731,-0.005859469984961995,-0.0058368268977577855,-0.04154018113723571,-0.041348820423222375,3.0,6.0,9.0,3.0,3.0,6.0,3.0,0.25,0.24083913155952358,-0.0058368268977577855
0901,3,482459,2,"Private, for-profit",43.0,28.53732,-81.379188,11,6,,22648.0,0.7560557866,2,31.0,1,,10.773943748066484,10.937772,Communication and Media Studies.,DeVry University-Florida,47760.00000000003,56261.844,-8501.84374999997,51752.000000000015,10.854218357723822,62342.5,11.040399,-10590.499999999985,49,47621.99999999999,10.77105011831893,41851.617,10.641886,5770.382812499993,33.0,13,medium,0.13787717656519752,0.13256903362465902,-0.16987608774110735,-0.1656604259899432,-0.15111207140274302,-0.14691458183414108,2.0,13.0,13.0,11.0,0.0,11.0,6.3508529610858835,0.529237746757157,0.24083913155952358,-0.14691458183414108
0904,3,133650,1,Public,67.0,30.428504,-84.290226,12,13,0.2056,28781.0,0.8220073183,2,20.0,1,elite,10.710097338006875,10.758661,Journalism.,Florida Agricultural and Mechanical University,44806.00000000002,47035.656,-2229.656249999978,50832.00000000004,10.836281356509298,48261.363,10.784387,2570.6367187500364,64,36356.000000000015,10.501114531238661,34512.0,10.449062,1844.0000000000146,54.0,4,low,0.05343069077422388,0.05226202177051165,0.0532649006156184,0.05229474329193034,-0.04740353229365176,-0.04661606186255634,1.0,1.0,3.0,0.0,2.0,2.0,1.1547005383792517,0.3849001794597506,0.35911675639654195,0.05226202177051165
0904,3,134130,3,Public,153.0,29.64629,-82.347911,12,16,0.242,39127.0,0.6673828964,2,21.0,1,elite,10.974934173131468,11.001593,Journalism.,University of Florida,58391.99999999996,59969.58,-1577.5781250000364,58149.99999999997,10.97078115794681,66034.33,11.09793,-7884.328125000029,101,38163.99999999999,10.549647941871736,40671.938,10.613294,-2507.9375000000073,113.0,4,low,-0.06166260213199844,-0.06109199678475907,-0.11939741569075031,-0.11811945897162576,-0.026306306869655613,-0.02613971183541773,4.0,4.0,2.0,0.0,-2.0,-2.0,1.1547005383792515,0.38490017945975047,0.35911675639654195,-0.06109199678475907
0904,3,135726,1,"Private, nonprofit",34.0,25.72126,-80.278662,21,16,0.189,54690.0,0.4559891107,2,20.0,1,elite,11.025588477273143,11.163629,Journalism.,University of Miami,61426.00000000005,70518.375,-9092.374999999949,71466.0,11.176977091108956,70967.766,11.169981,498.234375,23,41378.00000000003,10.63050461760369,40169.66,10.600867,1208.339843750029,27.0,4,low,0.03008090780578893,0.028628729726590686,0.0070205729405757936,0.006610255462069032,-0.1289362524306601,-0.12424886873580816,3.0,2.0,4.0,-1.0,2.0,1.0,1.0,0.3333333333333333,0.35911675639654195,0.006610255462069032
0904,3,484473,3,Public,153.0,29.649413,-82.339848,12,9,0.6126,39127.0,0.6673828964,2,21.0,2,mid,10.974934173131468,10.996876,Journalism.,University of Florida-Online,58391.99999999996,59687.37,-1295.3710937500364,58149.99999999997,10.97078115794681,64513.684,11.074633,-6363.683593750029,101,38163.99999999999,10.549647941871736,37002.145,10.518731,1161.8554687499927,113.0,4,low,0.031399679220450394,0.031109116963177565,-0.09864083461460468,-0.09758504361069978,-0.02170259922681831,-0.021565158981817087,2.0,3.0,1.0,1.0,-2.0,-1.0,1.0,0.3333333333333333,0.35911675639654195,-0.021565158981817087
0907,3,132903,1,Public,53.0,28.602159,-81.200889,21,15,0.4011,31400.0,0.7045342864,2,23.0,1,mid,10.817134793464865,10.955384,"Radio, Television, and Digital Communication.",University of Central Florida,49867.999999999956,57261.527,-7393.527343750044,48753.00000000001,10.794522012994118,59456.203,10.992995,-10703.203124999993,54,27147.99999999999,10.209058657823649,33247.742,10.411742,-6099.742187500011,97.0,7,medium,-0.183463350777344,-0.18143425606316943,-0.18001827500652384,-0.1760254148617273,-0.1291185842697756,-0.12630193319071875,7.0,6.0,6.0,-1.0,0.0,-1.0,0.5773502691896258,0.09622504486493764,0.2466875628293636,-0.1760254148617273
0907,3,133669,1,Public,150.0,26.372421,-80.102978,13,15,0.6613,28064.0,0.7219053052,2,23.0,1,mid,10.714084379851219,10.890861,"Radio, Television, and Digital Communication.",Florida Atlantic University,44984.99999999998,53683.477,-8698.476562500022,47504.99999999999,10.76859024764085,44459.734,10.702339,3045.2656249999927,164,26926.000000000007,10.20084764153918,32407.668,10.38615,-5481.667968749993,163.0,7,medium,-0.16914725163303462,-0.16812672982044397,0.06849491270717906,0.06807855486890303,-0.1620326610623472,-0.160982523209718,6.0,1.0,7.0,-5.0,6.0,1.0,3.214550253664318,0.5357583756107197,0.2466875628293636,-0.160982523209718
0907,3,134097,1,Public,132.0,30.443147,-84.295064,12,15,0.2422,43729.0,0.5975318884,2,20.0,1,elite,11.096030281727145,10.943154,"Radio, Television, and Digital Communication.",Florida State University,65909.00000000001,56565.49,9343.511718750015,60876.00000000002,11.01659428735469,62432.34,11.041839,-1556.3398437499782,212,32226.999999999985,10.380559889496727,32878.39,10.400571,-651.3906250000146,183.0,7,medium,-0.01981212013779992,-0.01970767673995091,-0.024928424077089607,-0.02481606270656916,0.16518043073000657,0.16393749146200673,3.0,3.0,1.0,0.0,-2.0,-2.0,1.1547005383792515,0.19245008972987523,0.2466875628293636,-0.01970767673995091
0907,3,134130,3,Public,269.0,29.64629,-82.347911,12,16,0.242,39127.0,0.6673828964,2,21.0,1,elite,10.96552229846299,10.996444,"Radio, Television, and Digital Communication.",University of Florida,57845.00000000001,59661.594,-1816.5937499999927,62227.00000000003,11.038544268141527,64342.438,11.071975,-2115.437499999971,255,33177.999999999985,10.40964228465222,34805.445,10.457529,-1627.4453125000146,224.0,7,medium,-0.04675835340958948,-0.04656355961327671,-0.03287779546741559,-0.03275823761771369,-0.030448294050139966,-0.030348354913611583,4.0,4.0,2.0,0.0,-2.0,-2.0,1.1547005383792515,0.19245008972987523,0.2466875628293636,-0.03275823761771369
0907,3,135726,1,"Private, nonprofit",25.0,25.72126,-80.278662,21,16,0.189,54690.0,0.4559891107,2,20.0,1,elite,11.0724651038648,11.1273985,"Radio, Television, and Digital Communication.",University of Miami,64373.999999999956,68009.22,-3635.2187500000437,62052.999999999956,11.035744137570386,64437.996,11.073459,-2384.9960937500437,40,35263.00000000003,10.470589534578744,35064.113,10.464933,198.8867187500291,37.0,7,medium,0.005672087503104798,0.005480388699418026,-0.03701226354525588,-0.03585239535388806,-0.053451852804882335,-0.050702650590781266,2.0,5.0,5.0,3.0,0.0,3.0,1.7320508075688772,0.28867513459481287,0.2466875628293636,-0.03585239535388806
0907,3,433660,1,Public,19.0,26.463638,-81.7726,21,16,0.6344,43546.0,0.5981697171,2,21.0,1,mid,10.816091496552287,10.854432,"Radio, Television, and Digital Communication.",Florida Gulf Coast University,49815.99999999998,51763.06,-1947.0585937500218,43420.00000000001,10.678675443432283,58488.723,10.976589,-15068.722656249993,29,30436.999999999996,10.323414252585296,32455.732,10.387632,-2018.7324218750036,26.0,7,medium,-0.06219956449093684,-0.05906741045026023,-0.25763466822163156,-0.24600367563021847,-0.03761482892715143,-0.03499685894634777,5.0,7.0,4.0,2.0,-3.0,-1.0,1.5275252316519465,0.25458753860865774,0.2466875628293636,-0.05906741045026023
0907,3,484473,3,Public,269.0,29.649413,-82.339848,12,9,0.6126,39127.0,0.6673828964,2,21.0,2,mid,10.96552229846299,10.99692,"Radio, Television, and Digital Communication.",University of Florida-Online,57845.00000000001,59689.996,-1844.9960937499927,62227.00000000003,11.038544268141527,60542.26,11.011097,1684.738281250029,255,33177.999999999985,10.40964228465222,31518.104,10.358317,1659.8964843749854,224.0,7,medium,0.052664859215025325,0.05244545910551102,0.027827475112781653,0.02772628240688948,-0.03090963669778457,-0.03080818331596634,1.0,2.0,3.0,1.0,1.0,2.0,1.0,0.16666666666666666,0.2466875628293636,0.02772628240688948
0909,3,132903,1,Public,47.0,28.602159,-81.200889,21,15,0.4011,31400.0,0.7045342864,2,23.0,1,mid,10.977175118345029,11.047061,"Public Relations, Advertising, and Applied Communication.",University of Central Florida,58523.000000000015,62759.23,-4236.230468749985,62139.999999999956,11.037145182947038,57480.6,10.959203,4659.398437499956,72,37387.99999999996,10.529105076302473,38315.066,10.553598,-927.0664062500364,143.0,8,medium,-0.02419587105553893,-0.024025795864299485,0.08106036316327837,0.07977293935327412,-0.06749971975611382,-0.06580758906687503,6.0,3.0,6.0,-3.0,3.0,0.0,1.7320508075688772,0.24743582965269675,0.21520812027597086,-0.024025795864299485
0909,3,133650,1,Public,50.0,30.428504,-84.290226,12,13,0.2056,28781.0,0.8220073183,2,20.0,1,elite,10.594056412081272,10.849131,"Public Relations, Advertising, and Applied Communication.",Florida Agricultural and Mechanical University,39896.99999999998,51489.367,-11592.367187500022,41861.00000000003,10.642109884868974,53036.848,10.878742,-11175.84765624997,48,28516.0,10.258220612237519,35897.82,10.488432,-7381.8203125,48.0,8,medium,-0.2056342209147883,-0.20048023591044192,-0.21071855040639806,-0.2053634677935748,-0.22514099163980955,-0.21988671844665864,8.0,8.0,8.0,0.0,0.0,0.0,0.0,0.0,0.21520812027597086,-0.2053634677935748
0909,3,134079,1,"Private, nonprofit",51.0,28.032443,-81.948203,12,14,0.6442,66112.0,0.4608177172,2,21.0,1,mid,10.98060378085935,10.989864,"Public Relations, Advertising, and Applied Communication.",Florida Southern College,58723.99999999999,59270.34,-546.3398437500073,52795.99999999999,10.874190709248845,55422.5,10.922741,-2626.5000000000073,56,35022.99999999999,10.463760267504872,36406.043,10.50249,-1383.0429687500073,53.0,8,medium,-0.03798937912415187,-0.0371402712187294,-0.04739050024809432,-0.046382706240756265,-0.009217761281448402,-0.009007515854514496,7.0,7.0,4.0,0.0,-3.0,-3.0,1.7320508075688772,0.24743582965269675,0.21520812027597086,-0.0371402712187294
0909,3,134097,1,Public,114.0,30.443147,-84.295064,12,15,0.2422,43729.0,0.5975318884,2,20.0,1,elite,10.96552229846299,11.041533,"Public Relations, Advertising, and Applied Communication.",Florida State University,57845.00000000001,62413.29,-4568.289062499993,65941.0,11.09651568181252,63432.742,11.057735,2508.2578125,121,41059.999999999985,10.622789690572924,38148.766,10.549249,2911.2343749999854,98.0,8,medium,0.07631267558214698,0.07547870949495306,0.03954200505924644,0.03919925703756135,-0.07319417276544034,-0.07254047968922353,4.0,5.0,7.0,1.0,2.0,3.0,1.5275252316519465,0.21821789023599236,0.21520812027597086,0.03919925703756135
0909,3,134130,3,Public,366.0,29.64629,-82.347911,12,16,0.242,39127.0,0.6673828964,2,21.0,1,elite,11.189920141051205,11.04026,"Public Relations, Advertising, and Applied Communication.",University of Florida,72397.0,62333.88,10063.12109375,69600.00000000004,11.150519846322512,67272.93,11.116513,2327.0703125000437,407,42099.00000000001,10.647779266419246,38516.707,10.558847,3582.2929687500073,403.0,8,medium,0.0930062106774487,0.09281008660697457,0.03459148164514139,0.034518289011356756,0.16143903235806822,0.16106819728709104,2.0,6.0,1.0,4.0,-5.0,-1.0,2.6457513110645907,0.37796447300922725,0.21520812027597086,0.09281008660697457
0909,3,135726,1,"Private, nonprofit",71.0,25.72126,-80.278662,21,16,0.189,54690.0,0.4559891107,2,20.0,1,elite,11.236341579184481,11.282811,"Public Relations, Advertising, and Applied Communication.",University of Miami,75837.00000000003,79444.28,-3607.281249999971,82999.00000000004,11.326583838513384,71136.484,11.172356,11862.515625000044,95,43917.00000000002,10.690056767839522,39436.387,10.582444,4480.613281250022,88.0,8,medium,0.11361622232798822,0.11220835576187325,0.1667571251127076,0.1648400037929521,-0.04540643068628645,-0.04470142270304412,1.0,1.0,5.0,0.0,4.0,4.0,2.3094010767585034,0.32991443953692906,0.21520812027597086,0.11220835576187325
0909,3,137847,1,"Private, nonprofit",37.0,27.948455,-82.46483,11,13,0.4034,75458.0,0.429463171,2,20.0,1,mid,11.183949064243944,11.039316,"Public Relations, Advertising, and Applied Communication.",The University of Tampa,71966.00000000003,62275.055,9690.94531250003,63367.99999999999,11.056714281144115,60209.973,11.005593,3158.0273437499927,89,36977.00000000003,10.518051376717915,36330.848,10.5004225,646.1523437500291,82.0,8,medium,0.017785226204015403,0.01754591443948356,0.05245023713562804,0.05179954981729849,0.15561520356954772,0.1504786096436628,5.0,4.0,2.0,-1.0,-2.0,-3.0,1.5275252316519465,0.21821789023599236,0.21520812027597086,0.05179954981729849
0909,3,484473,3,Public,366.0,29.649413,-82.339848,12,9,0.6126,39127.0,0.6673828964,2,21.0,2,mid,11.189920141051205,11.078114,"Public Relations, Advertising, and Applied Communication.",University of Florida-Online,72397.0,64738.64,7658.359375,69600.00000000004,11.150519846322512,60828.914,11.0158205,8771.085937500044,407,42099.00000000001,10.647779266419246,38930.094,10.569523,3168.9062500000073,403.0,8,medium,0.08139991314559851,0.08122826350858962,0.1441927095474366,0.14388761003500208,0.11829657374737315,0.11802483947294647,3.0,2.0,3.0,-1.0,1.0,0.0,0.5773502691896258,0.08247860988423227,0.21520812027597086,0.11802483947294647
1101,3,132471,2,"Private, nonprofit",68.0,25.878908,-80.198925,21,13,0.7724,28822.0,0.7126805778,2,26.0,1,open,11.02952043678023,11.313852,"Computer and Information Sciences, General.",Barry University,61667.99999999998,81948.99,-20280.992187500022,65950.99999999996,11.096667321032777,101341.836,11.526255,-35390.835937500044,32,46503.0,10.747272105623404,68607.03,11.13615,-22104.03125,31.0,19,high,-0.32218317637815,-0.30886906478194404,-0.34922236813754237,-0.33511325983592033,-0.24748311902478234,-0.24344226047600395,19.0,19.0,18.0,0.0,-1.0,-1.0,0.5773502691896258,0.027492869961410753,0.15171900615104134,-0.30886906478194404
1101,3,132709,2,Public,28.0,26.119422,-80.14183,12,15,,20743.0,0.9264472291,1,24.0,1,,11.179632170155031,10.925505,"Computer and Information Sciences, General.",Broward College,71656.0,55575.883,16080.1171875,68626.00000000001,11.13642675065466,66289.05,11.10178,2336.9531250000146,32,52497.00000000001,10.868511304089857,50905.902,10.837734,1591.0976562500073,37.0,19,high,0.03125566158332434,0.030199318053595266,0.03525398591726266,0.03382967192493954,0.2893362439558638,0.27623006037331466,10.0,9.0,3.0,-1.0,-6.0,-7.0,3.7859388972001824,0.18028280462858012,0.15171900615104134,0.03382967192493954
1101,3,132903,1,Public,113.0,28.602159,-81.200889,21,15,0.4011,31400.0,0.7045342864,2,23.0,1,mid,11.4048835798745,11.363201,"Computer and Information Sciences, General.",University of Central Florida,89759.00000000007,86094.53,3664.4687500000728,98525.99999999993,11.498075751719892,106990.65,11.580497,-8464.648437500073,302,68792.99999999996,11.138857274559097,60201.996,11.005461,8591.003906249956,546.0,19,high,0.14270297438097487,0.14249092286923845,-0.0791157784452985,-0.07887935433802866,0.04256331612235908,0.04217925076144557,5.0,15.0,9.0,10.0,-6.0,4.0,5.033222956847166,0.23967728365938887,0.15171900615104134,0.04217925076144557
1101,3,133386,3,Public,19.0,29.20278,-81.049513,13,12,,21285.0,0.8535849057,1,25.0,1,,11.377048466418875,11.091933,"Computer and Information Sciences, General.",Daytona State College,87295.00000000006,65639.52,21655.47656250006,69566.99999999996,11.150045595952545,74230.586,11.2149315,-4663.585937500044,27,45497.99999999996,10.72542364792899,55261.156,10.919826,-9763.156250000036,32.0,19,high,-0.1766730360441931,-0.1696297651595474,-0.06282566517023923,-0.05975281293306851,0.32991520090970433,0.30695329687273115,17.0,13.0,2.0,-4.0,-11.0,-15.0,7.767453465154029,0.36987873643590613,0.15171900615104134,-0.05975281293306851
1101,3,133650,2,Public,49.0,30.428504,-84.290226,12,13,0.2056,28781.0,0.8220073183,2,20.0,1,elite,11.103723383065155,11.208675,"Computer and Information Sciences, General.",Florida Agricultural and Mechanical University,66418.00000000003,73767.64,-7349.640624999971,83041.00000000004,11.327089740716417,71943.18,11.183632,11097.820312500044,49,55616.99999999999,10.926244188900702,52295.664,10.864669,3321.3359374999927,74.0,19,high,0.06351073262078806,0.06254750867585876,0.1542581292723745,0.1504300443192365,-0.09963231252524515,-0.09725212848695332,8.0,4.0,15.0,-4.0,11.0,7.0,5.5677643628300215,0.2651316363252391,0.15171900615104134,0.06254750867585876
1101,3,133669,2,Public,111.0,26.372421,-80.102978,13,15,0.6613,28064.0,0.7219053052,2,23.0,1,mid,11.38415984086608,11.2625265,"Computer and Information Sciences, General.",Florida Atlantic University,87917.99999999993,77849.01,10068.992187499927,89475.99999999997,11.401725711878003,83103.7,11.327845,6372.296874999971,152,58379.00000000002,10.97471151510758,54729.914,10.910166,3649.085937500022,155.0,19,high,0.0666744320726115,0.06624783750302993,0.07667885587980494,0.07616955443186317,0.12934001948684024,0.12814831860733275,7.0,7.0,5.0,0.0,-2.0,-2.0,1.1547005383792517,0.054985739922821505,0.15171900615104134,0.07616955443186317
1101,3,133951,2,Public,308.0,25.75732,-80.373928,21,15,0.5466,23924.0,0.8131269705,2,23.0,1,mid,11.398871716868715,11.424637,"Computer and Information Sciences, General.",Florida International University,89221.0,91549.66,-2328.65625,90396.99999999993,11.411966359988897,81197.66,11.304642,9199.343749999927,501,62561.99999999999,11.043913344017648,62962.82,11.0503,-400.8203125000073,550.0,19,high,-0.006365984092050471,-0.006356603545351767,0.11329568087132967,0.11310703202195824,-0.02543599119193853,-0.025364641033074932,11.0,5.0,12.0,-6.0,7.0,1.0,3.7859388972001824,0.18028280462858012,0.15171900615104134,-0.006356603545351767
1101,3,134097,1,Public,330.0,30.443147,-84.295064,12,15,0.2422,43729.0,0.5975318884,2,20.0,1,elite,11.383158406911162,11.423808,"Computer and Information Sciences, General.",Florida State University,87829.99999999994,91473.82,-3643.820312500058,93727.00000000004,11.44814158040018,96611.18,11.47845,-2884.1796874999563,409,61376.0,11.02477415824311,73569.02,11.205979,-12193.0234375,381.0,19,high,-0.16573583374881262,-0.1653629228768023,-0.02985347758747143,-0.029790666697590902,-0.039834570154080755,-0.039731416742929945,16.0,11.0,13.0,-5.0,2.0,-3.0,2.516611478423583,0.11983864182969443,0.15171900615104134,-0.039731416742929945
1101,3,134130,3,Public,111.0,29.64629,-82.347911,12,16,0.242,39127.0,0.6673828964,2,21.0,1,elite,11.760543068406845,11.3722105,"Computer and Information Sciences, General.",University of Florida,128097.00000000001,86873.69,41223.312500000015,126268.00000000001,11.746161911232289,87626.39,11.380837,38641.609375000015,201,90650.99999999994,11.414772247561753,68087.94,11.128555,22563.06249999994,267.0,19,high,0.33138120096529494,0.33025553466907137,0.4409814109583498,0.4388665736389519,0.47452011864927474,0.47014802990998183,2.0,1.0,1.0,-1.0,0.0,-1.0,0.5773502691896257,0.02749286996141075,0.15171900615104134,0.4388665736389519
1101,3,134608,3,Public,35.0,27.42416,-80.358682,21,12,,21577.0,0.9122626988,1,23.0,1,,10.696887224985165,11.220747,"Computer and Information Sciences, General.",Indian River State College,44218.00000000001,74663.53,-30445.531249999993,71760.99999999999,11.181096431975604,69886.44,11.154627,1874.5624999999854,59,49049.00000000001,10.800575077425847,51561.95,10.850539,-2512.9492187499927,41.0,19,high,-0.04873650544297466,-0.047271989983792916,0.026822979780590266,0.026286049905328412,-0.4077697738144416,-0.3934275664761674,12.0,10.0,19.0,-2.0,9.0,7.0,4.725815626252608,0.22503883934536228,0.15171900615104134,-0.047271989983792916
1101,3,135081,2,"Private, nonprofit",28.0,26.185869,-80.163959,12,15,0.9697,21659.0,0.7867955286,2,28.0,1,open,11.060730319174084,10.977943,"Computer and Information Sciences, General.",Keiser University-Ft Lauderdale,63623.00000000002,58567.977,5055.023437500022,61777.0,11.031286405889189,69791.92,11.153274,-8014.921875,18,52119.0,10.86128484456201,49599.223,10.81173,2519.77734375,17.0,19,high,0.0508027587692946,0.046730312887557086,-0.1148402517035572,-0.10607494200253355,0.08631036505257483,0.0824007287277581,9.0,17.0,6.0,8.0,-11.0,-3.0,5.686240703077327,0.270773366813206,0.15171900615104134,0.046730312887557086
1101,3,136172,1,Public,102.0,30.27194,-81.509144,11,15,0.5324,37074.0,0.6143506622,2,22.0,1,mid,11.352510203563257,11.526357,"Computer and Information Sciences, General.",University of North Florida,85178.99999999996,101352.19,-16173.187500000044,84034.0,11.33897675783621,96900.28,11.481438,-12866.28125,152,61940.999999999956,11.033937598052988,67878.97,11.125482,-5937.968750000044,162.0,19,high,-0.08747877080852151,-0.08694717981526554,-0.13277857488158734,-0.13189665874359957,-0.15957413351339894,-0.15795113482294867,14.0,18.0,17.0,4.0,-1.0,3.0,2.081665999466133,0.09912695235553015,0.15171900615104134,-0.13189665874359957
1101,3,136950,1,"Private, nonprofit",19.0,28.592787,-81.349239,21,11,0.4754,43978.0,0.58,2,22.0,1,mid,11.390373576388713,11.345239,"Computer and Information Sciences, General.",Rollins College,88465.99999999993,84561.86,3904.1406249999272,118277.0000000001,11.680784610100622,106161.59,11.572718,12115.406250000102,24,69707.00000000006,11.152056022121888,59396.87,10.991997,10310.128906250058,28.0,19,high,0.17358033708504444,0.1655354641158225,0.11412230941568831,0.10775884041911725,0.04616904895251338,0.04295571028669033,4.0,6.0,8.0,2.0,2.0,4.0,2.0,0.09523809523809523,0.15171900615104134,0.10775884041911725
1101,3,137032,2,"Private, nonprofit",132.0,28.336776,-82.257801,31,12,0.784,22361.0,0.7686491935,2,30.0,1,open,11.245830026126836,11.266369,"Computer and Information Sciences, General.",Saint Leo University,76559.99999999997,78148.72,-1588.718750000029,81025.00000000003,11.302513028009749,76379.836,11.243474,4645.164062500029,86,59364.0,10.991443261015709,48848.79,10.796485,10515.2109375,67.0,19,high,0.2152604217894987,0.21159524415982386,0.060816627916051934,0.06003136134689176,-0.020329427985663926,-0.02017645439050084,3.0,8.0,10.0,5.0,2.0,7.0,3.605551275463989,0.17169291787923757,0.15171900615104134,0.06003136134689176
1101,3,137209,3,Public,84.0,28.745482,-81.308003,13,12,,24900.0,0.8147863904,1,24.0,1,,11.26373306929897,11.40117,"Computer and Information Sciences, General.",Seminole State College of Florida,77942.99999999993,89426.27,-11483.273437500073,76080.00000000004,11.239540697219272,85034.95,11.350818,-8954.953124999956,152,51315.99999999996,10.84575787336923,56720.74,10.945895,-5404.738281250036,136.0,19,high,-0.09528681122679716,-0.09457661230715023,-0.1053090852162442,-0.10460962160314427,-0.12841051064848105,-0.1267719137442895,15.0,16.0,16.0,1.0,0.0,1.0,0.5773502691896257,0.02749286996141075,0.15171900615104134,-0.10460962160314427
1101,3,137351,1,Public,206.0,28.061458,-82.413232,11,15,0.4319,32495.0,0.6858996244,2,22.0,1,mid,11.426582955148165,11.359434,"Computer and Information Sciences, General.",University of South Florida,91728.00000000007,85770.82,5957.179687500073,90952.99999999993,11.418098168558949,94730.625,11.458793,-3777.6250000000728,395,61046.000000000015,11.019382957326798,65671.516,11.092421,-4625.515624999985,407.0,19,high,-0.07043412324169251,-0.0702872819562383,-0.0398775475196123,-0.039790202551734107,0.06945461948242426,0.0691436947749551,13.0,12.0,7.0,-1.0,-5.0,-6.0,3.214550253664318,0.15307382160306277,0.15171900615104134,-0.039790202551734107
1101,3,138354,2,Public,105.0,30.549076,-87.218511,41,12,0.5824,34583.0,0.6786062378,2,24.0,1,mid,11.251054079018164,11.29728,"Computer and Information Sciences, General.",University of West Florida,76961.00000000006,80602.13,-3641.132812499942,79520.00000000006,11.283763841330456,85402.38,11.355129,-5882.382812499942,59,45733.00000000003,10.730575416949513,62535.246,11.043486,-16802.24609374997,65.0,19,high,-0.2686844162819925,-0.26394545861719615,-0.06887843897066255,-0.06749966256523458,-0.04517414968373225,-0.04472999736805806,18.0,14.0,14.0,-4.0,0.0,-4.0,2.3094010767585034,0.10997147984564301,0.15171900615104134,-0.06749966256523458
1101,3,449038,3,"Private, for-profit",147.0,27.997442,-82.35991,21,6,,18178.0,0.8626386594,1,33.0,5,,11.333571500515161,11.35546,"Computer and Information Sciences, General.",Strayer University-Florida,83581.00000000006,85430.65,-1849.6484374999418,82304.00000000003,11.318174988157237,69989.28,11.156097,12314.71875000003,426,67314.99999999997,11.117138373413335,61162.34,11.021287,6152.660156249971,379.0,19,high,0.10059556537516433,0.10036784094850408,0.17595149614427608,0.17559829889169506,-0.02165087672081901,-0.02150720711700281,6.0,3.0,11.0,-3.0,8.0,5.0,4.041451884327381,0.19245008972987526,0.15171900615104134,0.10036784094850408
1101,3,484473,3,Public,111.0,29.649413,-82.339848,12,9,0.6126,39127.0,0.6673828964,2,21.0,2,mid,11.760543068406845,11.553325,"Computer and Information Sciences, General.",University of Florida-Online,128097.00000000001,104122.64,23974.359375000015,126268.00000000001,11.746161911232289,104759.1,11.559419,21508.898437500015,201,90650.99999999994,11.414772247561753,59663.64,10.996478,30987.35937499994,267.0,19,high,0.5193675587073672,0.5176033229737594,0.2053177062106404,0.2043330534868809,0.2302511656551643,0.22812969916932693,1.0,2.0,4.0,1.0,2.0,3.0,1.5275252316519465,0.07273929674533079,0.15171900615104134,0.22812969916932693
1101,5,133951,1,Public,21.0,25.75732,-80.373928,21,15,0.5466,23924.0,0.8131269705,2,23.0,1,mid,11.614389398804029,11.358902,"Computer and Information Sciences, General.",Florida International University,110679.00000000006,85725.195,24953.80468750006,113980.00000000001,11.64377827338899,91329.56,11.42223,22650.437500000015,37,80759.99999999999,11.299237072426774,71132.35,11.1722975,9627.648437499985,36.0,3,low,0.1353483784244179,0.13062873472196027,0.24800773024616224,0.23951155199952162,0.2910906717276551,0.2729298720702779,2.0,2.0,1.0,0.0,-1.0,-1.0,0.5773502691896257,0.02749286996141075,0.018328579974273833,0.23951155199952162
1101,5,136215,2,"Private, nonprofit",40.0,26.082288,-80.249891,21,16,0.7321,31002.0,0.6566484517,2,24.0,1,open,11.561877520796404,11.491644,"Computer and Information Sciences, General.",Nova Southeastern University,105017.00000000004,97894.33,7122.671875000044,103719.99999999996,11.5494502396526,99421.9,11.507128,4298.101562499956,24,78871.00000000006,11.275568885403835,73930.96,11.210887,4940.039062500058,29.0,3,low,0.06681962468574275,0.06384255226835901,0.04323093433185537,0.040820374015278535,0.07275877991526941,0.07056245866616062,3.0,3.0,3.0,0.0,0.0,0.0,0.0,0.0,0.018328579974273833,0.06384255226835901
1101,5,138354,2,Public,17.0,30.549076,-87.218511,41,12,0.5824,34583.0,0.6786062378,2,24.0,1,mid,11.572712088705506,11.408352,"Computer and Information Sciences, General.",University of West Florida,106160.99999999996,90070.85,16090.148437499956,110932.00000000003,11.61667267995808,84702.55,11.346901,26229.45312500003,33,87236.00000000004,11.376372368737117,61235.94,11.02249,26000.058593750044,25.0,3,low,0.424588207459098,0.40225192696298745,0.3096654598085251,0.29758298079367,0.17863879555235504,0.16461892816080398,1.0,1.0,2.0,0.0,1.0,1.0,0.5773502691896257,0.02749286996141075,0.018328579974273833,0.29758298079367
1104,3,133881,0,"Private, nonprofit",53.0,28.065773,-80.623123,13,14,0.577,30032.0,0.7019104084,2,28.0,1,mid,11.55577420425507,11.413379,Information Science/Studies.,Florida Institute of Technology,104378.00000000009,90524.766,13853.234375000087,85906.00000000007,11.361008954194277,83628.27,11.334137,2277.7265625000728,72,59368.000000000044,10.99151063964997,58579.324,10.978137,788.6757812500437,49.0,4,low,0.013463381351156066,0.013133875853449392,0.027236321747122316,0.026803746716048845,0.15303253512289983,0.1496942143256076,3.0,4.0,2.0,1.0,-2.0,-1.0,1.0,0.16666666666666666,0.1378917115316043,0.026803746716048845
1104,3,449038,3,"Private, for-profit",336.0,27.997442,-82.35991,21,6,,18178.0,0.8626386594,1,33.0,5,,11.378673813021223,11.241319,Information Science/Studies.,Strayer University-Florida,87437.00000000003,76215.39,11221.60937500003,87412.99999999994,11.378399292001482,77108.42,11.252968,10304.578124999942,317,71167.00000000001,11.172784506812487,55288.203,10.920315,15878.796875000015,263.0,4,low,0.28720045104558667,0.2862076116755052,0.13363751811319172,0.1332599798796689,0.1472354767584061,0.14686207817075406,1.0,1.0,3.0,0.0,2.0,2.0,1.1547005383792517,0.1924500897298753,0.1378917115316043,0.14686207817075406
1104,3,449898,3,"Private, for-profit",139.0,27.982269,-82.500357,11,6,,20000.0,0.7772579044,1,30.0,1,,11.115859981040396,11.074802,Information Science/Studies.,South University-Tampa,67229.00000000003,64524.64,2704.359375000029,58915.00000000001,10.983851006147441,56233.84,10.937274,2681.1601562500073,130,44682.00000000002,10.707326014938701,44226.34,10.697076,455.6601562500218,88.0,4,low,0.010302913554679227,0.010175245804159128,0.0476787671569257,0.04729869485889497,0.04191204087004598,0.0416151389109237,4.0,3.0,4.0,-1.0,1.0,0.0,0.5773502691896258,0.09622504486493764,0.1378917115316043,0.0416151389109237
1104,3,480569,3,"Private, nonprofit",53.0,28.065773,-80.623123,13,9,0.4018,30032.0,0.7019104084,2,28.0,2,mid,11.55577420425507,11.178592,Information Science/Studies.,Florida Institute of Technology-Online,104378.00000000009,71581.484,32796.51562500009,85906.00000000007,11.361008954194277,78454.055,11.270268,7451.945312500073,72,59368.000000000044,10.99151063964997,56485.977,10.941748,2882.0234375000437,49.0,4,low,0.051021928147266304,0.04977320723610564,0.0949848333802865,0.09347625716237898,0.45817037619932827,0.4481756408030867,2.0,2.0,1.0,0.0,-1.0,-1.0,0.5773502691896257,0.09622504486493762,0.1378917115316043,0.09347625716237898
1104,5,136215,3,"Private, nonprofit",55.0,26.082288,-80.249891,21,16,0.7321,31002.0,0.6566484517,2,24.0,1,open,11.606424915484219,11.32036,Information Science/Studies.,Nova Southeastern University,109801.00000000003,82484.05,27316.95312500003,105187.00000000001,11.563494997505346,73788.25,11.208955,31398.750000000015,69,74687.00000000006,11.22106132652489,63895.203,11.065,10791.796875000058,68.0,3,low,0.16889838903693224,0.16607175658669776,0.42552506666034245,0.4184236236323051,0.33117862374523593,0.3242579461524321,1.0,1.0,1.0,0.0,0.0,0.0,0.0,0.0,0.0,0.3242579461524321
1104,5,449038,3,"Private, for-profit",205.0,27.997442,-82.35991,21,6,,18178.0,0.8626386594,1,33.0,5,,11.458120749595794,11.28053,Information Science/Studies.,Strayer University-Florida,94666.99999999996,79263.266,15403.734374999956,98400.99999999996,11.496806245590331,84173.414,11.340634,14227.585937499956,213,71872.99999999994,11.182655951625541,70016.12,11.156481,1856.8828124999418,166.0,3,low,0.02652079102769,0.026364150091989023,0.1690270745931223,0.16826936945911697,0.19433635812932679,0.1934614354638707,2.0,2.0,2.0,0.0,0.0,0.0,0.0,0.0,0.0,0.16826936945911697
1104,5,449898,3,"Private, for-profit",31.0,27.982269,-82.500357,11,6,,20000.0,0.7772579044,1,30.0,1,,11.39108546093529,11.253687,Information Science/Studies.,South University-Tampa,88529.00000000006,77163.89,11365.109375000058,78782.00000000004,11.274439823356749,82828.21,11.324524,-4046.2109374999563,39,58864.0,10.982984977344556,58757.297,10.981171,106.703125,30.0,3,low,0.0018159978534580945,0.0017381209854024906,-0.04885063786483474,-0.04727478670081914,0.14728533363140098,0.14133826578844397,3.0,3.0,3.0,0.0,0.0,0.0,0.0,0.0,0.0,0.0017381209854024906
1105,5,133951,1,Public,16.0,25.75732,-80.373928,21,15,0.5466,23924.0,0.8131269705,2,23.0,1,mid,11.763045847328618,11.413542,Computer Systems Analysis.,Florida International University,128417.99999999996,90539.53,37878.468749999956,106494.00000000004,11.575843924516402,81292.73,11.305812,25201.273437500044,41,81138.00000000004,11.303906687701415,79539.805,11.284013,1598.1953125000437,34.0,3,low,0.020093025357292668,0.019345255470078874,0.31000649754470516,0.30056265666256005,0.4183638707539692,0.38333288699222945,2.0,1.0,1.0,-1.0,0.0,-1.0,0.5773502691896257,0.28867513459481287,0.19245008972987523,0.30056265666256005
1105,5,134130,1,Public,55.0,29.64629,-82.347911,12,16,0.242,39127.0,0.6673828964,2,21.0,1,elite,11.682710432760004,11.692681,Computer Systems Analysis.,University of Florida,118504.99999999997,119692.51,-1187.507812500029,116724.9999999999,11.667576019839137,112533.17,11.631003,4191.828124999898,84,81732.99999999993,11.31121311606434,87810.34,11.382935,-6077.343750000073,112.0,3,low,-0.06920988451317926,-0.06856275517249884,0.037249710953283284,0.03675536053757827,-0.009921321177097207,-0.009713994193293546,3.0,3.0,3.0,0.0,0.0,0.0,0.0,0.0,0.19245008972987523,-0.009713994193293546
1105,5,137351,3,Public,31.0,28.061458,-82.413232,11,15,0.4319,32495.0,0.6858996244,2,22.0,1,mid,11.753798908713799,11.487424,Computer Systems Analysis.,University of South Florida,127236.00000000007,97482.08,29753.921875000073,115355.99999999996,11.655778277853816,88989.24,11.396271,26366.757812499956,29,102769.99999999991,11.540248760619118,67771.92,11.123903,34998.07812499991,36.0,3,low,0.5164097041478494,0.4984023232213727,0.29629151978781093,0.2829153523048464,0.3052245340609892,0.29290021794178633,1.0,2.0,2.0,1.0,0.0,1.0,0.5773502691896257,0.28867513459481287,0.19245008972987523,0.29290021794178633
1107,3,133881,1,"Private, nonprofit",28.0,28.065773,-80.623123,13,14,0.577,30032.0,0.7019104084,2,28.0,1,mid,11.679337805298003,11.373095,Computer Science.,Florida Institute of Technology,118106.0000000001,86950.52,31155.476562500102,91606.00000000006,11.425252050700454,93478.336,11.445485,-1872.3359374999418,29,75230.99999999999,11.228318659035375,53529.9,10.887996,21701.101562499985,22.0,3,low,0.40540150824006477,0.380833719928144,-0.020029624176791008,-0.019125380924059833,0.3583126970465525,0.34208205852286033,1.0,3.0,1.0,2.0,-2.0,0.0,1.1547005383792517,0.5773502691896258,0.3849001794597506,0.34208205852286033
1107,3,135726,1,"Private, nonprofit",20.0,25.72126,-80.278662,21,16,0.189,54690.0,0.4559891107,2,20.0,1,elite,11.530283931266375,11.495395,Computer Science.,University of Miami,101751.00000000001,98262.195,3488.8046875000146,121589.00000000001,11.708401783896088,93249.24,11.443031,28339.757812500015,43,76876.99999999996,11.249962021030564,55298.586,10.920503,21578.414062499956,37.0,3,low,0.390216380702546,0.3770282884316292,0.3039140817414486,0.295148195046178,0.035505055391900055,0.03316828892329921,2.0,1.0,2.0,-1.0,1.0,0.0,0.5773502691896257,0.28867513459481287,0.3849001794597506,0.295148195046178
1107,3,138309,3,"Private, for-profit",18.0,29.175319,-82.15319,13,12,,25123.0,0.7318019398,1,30.0,1,,11.186488704092106,11.398281,Computer Science.,Rasmussen University-Florida,72149.00000000001,89168.33,-17019.328124999985,84899.00000000006,11.349217593667056,71633.86,11.179323,13265.140625000058,110,53831.99999999996,10.893623364868153,60057.023,11.00305,-6225.023437500036,72.0,3,low,-0.10365188084917792,-0.10202887731772546,0.1851797563434025,0.18338569671809754,-0.1908674131597663,-0.17678166167620946,3.0,2.0,3.0,-1.0,1.0,0.0,0.5773502691896258,0.2886751345948129,0.3849001794597506,-0.10202887731772546
1109,2,386472,3,"Private, nonprofit",46.0,28.615784,-81.312669,21,6,0.942,18321.0,0.8203449578,2,31.0,1,open,10.83683203897611,10.863317,Computer Systems Networking and Telecommunications.,Herzing University-Orlando,50860.0,52224.996,-1364.99609375,55935.000000000015,10.931945581281031,42128.73,10.648485,13806.269531250015,54,43900.99999999997,10.689692377847104,35235.67,10.469814,8665.32812499997,30.0,4,low,0.24592487283173087,0.23537868257239872,0.32771624916376596,0.320447402986672,-0.026136834769689053,-0.02546514133882055,1.0,1.0,4.0,0.0,3.0,3.0,1.7320508075688772,0.5773502691896257,0.4030771923675375,0.23537868257239872
1109,2,449083,2,"Private, for-profit",35.0,25.769052,-80.329161,21,1,,8968.0,0.9465049929,1,35.0,1,,10.806652517191354,10.771938,Computer Systems Networking and Telecommunications.,CBT Technology Institute-Main Campus,49347.999999999956,47664.316,1683.6835937499563,46235.999999999985,10.741513994414158,46670.6,10.75087,-434.60156250001455,23,37680.000000000015,10.5368847286903,36924.027,10.516618,755.9726562500146,24.0,4,low,0.02047373243476853,0.019346701040468626,-0.00931210543575291,-0.008767859310211784,0.035323775115112796,0.034081356134587626,3.0,4.0,2.0,1.0,-2.0,-1.0,1.0,0.3333333333333333,0.4030771923675375,0.019346701040468626
1109,2,456977,2,"Private, for-profit",35.0,25.590468,-80.356565,21,1,,8968.0,0.9465049929,1,35.0,1,,10.806652517191354,10.8296795,Computer Systems Networking and Telecommunications.,CBT Technology Institute-Cutler Bay,49347.999999999956,50497.52,-1149.5195312500437,46235.999999999985,10.741513994414158,46277.965,10.742421,-41.96484375001455,23,37680.000000000015,10.5368847286903,36292.93,10.499378,1387.0703125000146,24.0,4,low,0.038218747410125695,0.036114894176756195,-0.000906799680835188,-0.0008538017614772681,-0.02276388111575802,-0.02196322269585612,2.0,2.0,3.0,0.0,1.0,1.0,0.5773502691896258,0.1924500897298753,0.4030771923675375,-0.0008538017614772681
1109,2,482459,2,"Private, for-profit",670.0,28.53732,-81.379188,11,6,,22648.0,0.7560557866,2,31.0,1,,10.953557146411734,10.897956,Computer Systems Networking and Telecommunications.,DeVry University-Florida,57157.00000000005,54065.73,3091.269531250051,58585.999999999985,10.978251039172248,58636.387,10.979111,-50.38671875001455,377,44734.999999999985,10.708511471981696,49080.36,10.801214,-4345.359375000015,203.0,4,low,-0.08853560630636712,-0.08812199537705247,-0.0008593080435139181,-0.0008573216528119532,0.05717613550115271,0.05711068476788445,4.0,3.0,1.0,-1.0,-2.0,-3.0,1.5275252316519465,0.5091750772173155,0.4030771923675375,-0.0008573216528119532
1110,2,133702,1,Public,34.0,30.334918,-81.659901,11,15,,25081.0,0.8159581286,1,25.0,1,,11.02088888310082,10.965224,Computer/Information Technology Administration and Management.,Florida State College at Jacksonville,61138.000000000044,57827.758,3310.2421875000437,60139.0,11.004413828535968,55497.45,10.924092,4641.55078125,37,47419.99999999999,10.766799359619396,50819.516,10.836036,-3399.5156250000073,17.0,4,low,-0.06689390056538949,-0.06153155811646855,0.08363538949249286,0.08077023211957492,0.05724313569675538,0.055162103125629074,4.0,1.0,2.0,-3.0,1.0,-2.0,1.5275252316519468,0.19094065395649334,0.16280471880259828,0.055162103125629074
1110,2,137078,3,Public,43.0,27.773264,-82.636587,11,15,,22640.0,0.8076387681,1,26.0,1,,10.995494742152102,11.014052,Computer/Information Technology Administration and Management.,St Petersburg College,59605.00000000002,60721.453,-1116.4531249999782,55722.00000000002,10.928130321004064,61422.055,11.025524,-5700.054687499978,44,52457.99999999998,10.867768128408946,47958.043,10.778082,4499.957031249978,23.0,4,low,0.09383112305442073,0.08841678973698969,-0.09280143291364032,-0.09019451342418552,-0.018386469156159185,-0.017875742172073925,2.0,4.0,3.0,2.0,-1.0,1.0,1.0,0.125,0.16280471880259828,-0.017875742172073925
1110,2,138187,1,Public,37.0,28.520783,-81.464275,11,15,,23247.0,0.8727049583,1,22.0,1,,10.964951645568732,10.903994,Computer/Information Technology Administration and Management.,Valencia College,57811.99999999996,54393.156,3418.8437499999636,57409.000000000044,10.957956364441785,58797.715,10.981858,-1388.7148437499563,44,45818.99999999998,10.732454131238555,42324.766,10.653128,3494.234374999978,16.0,4,low,0.08255767807337924,0.0754986264053466,-0.02361851727469936,-0.022955040741392638,0.06285429979989374,0.06077958597269631,3.0,3.0,1.0,0.0,-2.0,-2.0,1.1547005383792515,0.14433756729740643,0.16280471880259828,0.06077958597269631
1110,2,449038,3,"Private, for-profit",21.0,27.997442,-82.35991,21,6,,18178.0,0.8626386594,1,33.0,5,,10.979445150639432,11.020388,Computer/Information Technology Administration and Management.,Strayer University-Florida,58656.00000000001,61107.363,-2451.3632812499927,61318.999999999985,11.023845024959755,58681.98,10.979888,2637.0195312499854,47,61809.99999999995,11.031820442653318,41809.69,10.640883,20000.30859374995,30.0,4,low,0.47836537226295256,0.4578512527626723,0.04493746649628298,0.04376739605252062,-0.04011567754883251,-0.03761290829566349,1.0,2.0,4.0,1.0,2.0,3.0,1.5275252316519465,0.19094065395649332,0.16280471880259828,0.04376739605252062
1110,3,133702,1,Public,29.0,30.334918,-81.659901,11,15,,25081.0,0.8159581286,1,25.0,1,,11.176235204583561,11.035306,Computer/Information Technology Administration and Management.,Florida State College at Jacksonville,71412.99999999996,62025.812,9387.187499999956,72741.99999999996,11.194674213351336,68863.4,11.13988,3878.6015624999563,43,59503.00000000003,10.993782010430735,51542.82,10.850168,7960.179687500029,43.0,5,low,0.15443818633202638,0.15004442034740212,0.05632312157844129,0.05469857657792171,0.15134324117076187,0.14475362043281317,3.0,5.0,3.0,2.0,-2.0,0.0,1.1547005383792515,0.14433756729740643,0.14467753177181925,0.14475362043281317
1110,3,136358,2,Public,31.0,26.61256,-80.08653,21,15,,21408.0,0.9218037494,1,23.0,1,,11.248790633974506,11.032173,Computer/Information Technology Administration and Management.,Palm Beach State College,76787.00000000004,61831.8,14955.199218750044,69612.00000000004,11.150692245254065,61343.957,11.024252,8268.042968750044,70,51367.99999999996,10.846770689473884,44394.188,10.700864,6973.812499999964,74.0,5,low,0.15708841388301034,0.15470596109937557,0.1347817025324616,0.13256971712207635,0.24186905491656147,0.23210289800714046,2.0,1.0,1.0,-1.0,0.0,-1.0,0.5773502691896257,0.07216878364870322,0.14467753177181925,0.15470596109937557
1110,3,137078,3,Public,84.0,27.773264,-82.636587,11,15,,22640.0,0.8076387681,1,26.0,1,,11.095499105462787,11.12861,Computer/Information Technology Administration and Management.,St Petersburg College,65873.99999999999,68091.63,-2217.6328125000146,71667.99999999994,11.179799622919788,64909.887,11.080755,6758.113281249942,142,54560.00000000004,10.907056292517344,55956.3,10.932326,-1396.3007812499636,115.0,5,low,-0.02495341474963692,-0.024727187710653714,0.10411531467513375,0.103366628592569,-0.032568360030469264,-0.032152767773643724,4.0,2.0,5.0,-2.0,3.0,1.0,1.5275252316519465,0.19094065395649332,0.14467753177181925,-0.024727187710653714
1110,3,138309,3,"Private, for-profit",81.0,29.175319,-82.15319,13,12,,25123.0,0.7318019398,1,30.0,1,,11.244352969253042,11.078946,Computer/Information Technology Administration and Management.,Rasmussen University-Florida,76446.99999999999,64792.562,11654.437499999985,73554.0,11.20577510932305,68520.14,11.134883,5033.859375,65,59684.99999999999,10.996836011529139,46513.793,10.747504,13171.207031249993,82.0,5,low,0.2831677700440165,0.27935756386893384,0.07346539760549418,0.07215120178515891,0.17987307570988545,0.177478222714581,1.0,4.0,2.0,3.0,-2.0,1.0,1.5275252316519468,0.19094065395649334,0.14467753177181925,0.177478222714581
1110,3,386472,3,"Private, nonprofit",53.0,28.615784,-81.312669,21,6,0.942,18321.0,0.8203449578,2,31.0,1,open,11.1588328981095,11.115039,Computer/Information Technology Administration and Management.,Herzing University-Orlando,70181.00000000006,67173.82,3007.179687500058,70624.00000000006,11.165125309056464,64959.12,11.081513,5664.878906250058,53,57228.99999999999,10.95481604189735,59545.688,10.994499,-2316.6875000000073,53.0,5,low,-0.03890605008129274,-0.03803645348733877,0.08720682809230774,0.0852302672342864,0.044767138053341725,0.04379056749676888,5.0,3.0,4.0,-2.0,1.0,-1.0,1.0,0.125,0.14467753177181925,0.04379056749676888
1204,1,133386,1,Public,70.0,29.20278,-81.049513,13,12,,21285.0,0.8535849057,1,25.0,1,,10.01761948658104,10.121115,Cosmetology and Related Personal Grooming Services.,Daytona State College,22417.99999999999,24862.47,-2444.470703125011,30232.0,10.316656245029325,24292.115,10.097907,5939.884765625,56,20212.000000000004,9.9140317664118,19325.904,9.869202,886.0957031250036,72.0,62,high,0.04585015477222897,0.045132223148573736,0.24451904283821518,0.23931916470309675,-0.09831970170276608,-0.09676767875691773,21.0,5.0,48.0,-16.0,43.0,27.0,21.73323108360405,0.35053598521942014,0.25260462118826743,0.045132223148573736
1204,1,133702,1,Public,20.0,30.334918,-81.659901,11,15,,25081.0,0.8159581286,1,25.0,1,,9.992825387888324,10.371017,Cosmetology and Related Personal Grooming Services.,Florida State College at Jacksonville,21869.00000000002,31920.94,-10051.939453124982,37819.0,10.54056690082639,29999.219,10.308927,7819.78125,33,29668.000000000025,10.29782430285645,23877.008,10.080671,5790.9921875000255,71.0,62,high,0.2425342502283032,0.2386742302665561,0.26066616318133284,0.25049553114355677,-0.314901115861141,-0.294175887852141,4.0,4.0,62.0,0.0,58.0,58.0,33.4863156129983,0.540101864725779,0.25260462118826743,0.2386742302665561
1204,1,134228,1,"Private, for-profit",146.0,27.411962,-80.325377,21,-2,,11766.0,0.9569230769,1,28.0,1,,9.895404976342773,9.823774,Cosmetology and Related Personal Grooming Services.,Fort Pierce Beauty Academy,19839.00000000002,18467.623,1371.3769531250182,22754.00000000001,10.032496233099662,21002.213,9.952383,1751.787109375011,94,20901.999999999985,9.947600127154448,16223.866,9.694239,4678.133789062485,79.0,62,high,0.2883488884979013,0.2842965985483434,0.08340964442642024,0.08243881122842427,0.07425844406961056,0.07376174052918717,1.0,19.0,19.0,18.0,0.0,18.0,10.392304845413264,0.16761782008731071,0.25260462118826743,0.08243881122842427
1204,1,134529,1,"Private, for-profit",496.0,26.007139,-80.209125,21,-2,,13244.0,0.9535315985,1,29.0,1,,9.906233778204154,9.888567,Cosmetology and Related Personal Grooming Services.,Hollywood Institute of Beauty Careers,20055.00000000001,19703.803,351.1972656250109,21754.00000000002,9.987552927653796,20324.152,9.919565,1429.8476562500182,530,15540.000000000004,9.651172623921639,15883.266,9.673021,-343.26562499999636,635.0,62,high,-0.021611778906454972,-0.021584779521108634,0.07035214222302949,0.07024234515777582,0.017823831793256674,0.017795004609845802,35.0,21.0,25.0,-14.0,4.0,-10.0,7.211102550927978,0.11630810566012868,0.25260462118826743,0.017795004609845802
1204,1,134608,1,Public,45.0,27.42416,-80.358682,21,12,,21577.0,0.9122626988,1,23.0,1,,10.017753298664472,10.3851795,Cosmetology and Related Personal Grooming Services.,Indian River State College,22421.000000000007,32376.223,-9955.222656249993,25405.99999999998,10.142740645583405,26165.906,10.172213,-759.9062500000182,83,18411.0,9.820703591057207,20010.43,9.904009,-1599.4296875,70.0,62,high,-0.07992980223203915,-0.07863650503391496,-0.029041847155590807,-0.028651005572307462,-0.3074856125727875,-0.29938051793333315,49.0,41.0,63.0,-8.0,22.0,14.0,11.135528725660043,0.17960530202677488,0.25260462118826743,-0.07863650503391496
1204,1,134714,1,"Private, for-profit",106.0,29.162159,-80.997811,21,-2,,12561.0,0.9179104478,1,29.0,1,,9.865370230423,9.87485,Cosmetology and Related Personal Grooming Services.,International Academy,19252.000000000004,19435.377,-183.37695312499636,17842.000000000007,9.78931050747373,21582.562,9.979641,-3740.5624999999927,58,17714.000000000004,9.782110566369528,16630.08,9.718968,1083.9199218750036,59.0,62,high,0.0651782743548408,0.06389176885698199,-0.17331410484737356,-0.16977532737510648,-0.009435214638093825,-0.009343469656445846,17.0,57.0,32.0,40.0,-25.0,15.0,20.207259421636902,0.32592353905865973,0.25260462118826743,-0.009343469656445846
1204,1,135142,1,"Private, for-profit",51.0,25.86695,-80.312711,21,-2,,0.0,,1,33.0,1,,9.812687188209631,9.578077,Cosmetology and Related Personal Grooming Services.,La Belle Beauty School,18264.0,14444.62,3819.3798828125,17594.0,9.77531321381262,20033.42,9.905157,-2439.419921875,130,12402.000000000011,9.425613028909824,14631.945,9.590962,-2229.945312499989,110.0,62,high,-0.15240251824854467,-0.15094720971046482,-0.12176752303840721,-0.12079685066018918,0.2644153914624491,0.25838441222915054,58.0,50.0,4.0,-8.0,-46.0,-54.0,29.143323992525858,0.4700536127826751,0.25260462118826743,-0.12079685066018918
1204,1,135276,1,Public,30.0,30.448534,-84.339057,12,-2,,12177.0,,1,26.0,1,,9.746248776109637,10.0810375,Cosmetology and Related Personal Grooming Services.,Lively Technical College,17090.0,23885.756,-6795.755859375,28854.000000000007,10.270003910505718,21552.818,9.978262,7301.181640625007,36,14031.00000000001,9.549024446393997,17326.785,9.760009,-3295.785156249991,43.0,62,high,-0.1902133100012011,-0.18480174184467482,0.33875762876501736,0.3267844005239626,-0.2845108147041414,-0.27258841184635413,60.0,2.0,58.0,-58.0,56.0,-2.0,32.92415526630866,0.5310347623598171,0.25260462118826743,-0.18480174184467482
1204,1,135337,1,"Private, for-profit",66.0,27.783077,-82.713964,11,-2,,10398.0,0.8658536585,1,29.0,1,,10.155179687254753,9.764191,Cosmetology and Related Personal Grooming Services.,Loraines Academy & Spa,25723.99999999998,17399.395,8324.605468749982,21355.999999999993,9.969088009620076,22327.229,10.013562,-971.2285156250073,60,16481.99999999999,9.710024155323328,16791.342,9.728619,-309.3417968750109,65.0,62,high,-0.018422696686013613,-0.018097763886134464,-0.043499734637701404,-0.0426457898319255,0.4784422500333941,0.4703539072938979,33.0,44.0,2.0,11.0,-42.0,-31.0,21.77919496522618,0.35127733814880935,0.25260462118826743,-0.018097763886134464
1204,1,135522,1,Public,19.0,27.995822,-81.892381,41,-2,,16669.0,,1,26.0,1,,9.833172378621102,9.899557,Cosmetology and Related Personal Grooming Services.,Traviss Technical College,18641.99999999999,19921.545,-1279.544921875011,27247.99999999999,10.212735402902469,27310.797,10.215037,-62.796875000010914,33,17740.999999999996,9.783633624060649,19144.336,9.859762,-1403.3359375000036,32.0,62,high,-0.07330293106438567,-0.07038062661043473,-0.0022993424647193093,-0.00220962707607017,-0.06422920144461272,-0.05975888678231176,47.0,36.0,42.0,-11.0,6.0,-5.0,5.507570547286102,0.08883178302074358,0.25260462118826743,-0.05975888678231176
1204,1,136109,1,"Private, for-profit",374.0,30.259433,-81.527515,11,-2,,23659.0,0.7439886846,1,25.0,1,,10.25685202289892,10.107518,Cosmetology and Related Personal Grooming Services.,Paul Mitchell the School-Jacksonville,28476.999999999993,24526.715,3950.2851562499927,31923.000000000004,10.371082032109841,29352.701,10.28714,2570.2988281250036,363,19234.000000000007,9.864434825272427,20118.195,9.90938,-884.1953124999927,322.0,62,high,-0.043950031241152994,-0.0438298877126552,0.08756600672199115,0.0873545346710213,0.1610605081608237,0.16069967991715425,40.0,17.0,9.0,-23.0,-8.0,-31.0,16.09347693943108,0.2595722087005013,0.25260462118826743,0.0873545346710213
1204,1,136358,1,Public,58.0,26.61256,-80.08653,21,15,,21408.0,0.9218037494,1,23.0,1,,10.465671468577261,10.171317,Cosmetology and Related Personal Grooming Services.,Palm Beach State College,35090.00000000001,26142.486,8947.513671875007,31236.99999999998,10.349358568612542,30474.283,10.324638,762.7167968749818,80,24360.999999999985,10.100738771884387,23929.736,10.082877,431.26367187498545,116.0,62,high,0.018022082063984732,0.0178603382617669,0.02502821122292283,0.024676615108029536,0.34225947599517187,0.3355349561583685,24.0,31.0,3.0,7.0,-28.0,-21.0,14.571661996262929,0.23502680639133755,0.25260462118826743,0.024676615108029536
1204,1,136473,1,Public,51.0,30.479267,-87.200265,13,12,,20605.0,0.9150442478,1,25.0,1,,10.039066846777951,10.1363125,Cosmetology and Related Personal Grooming Services.,Pensacola State College,22904.0,25243.209,-2339.208984375,29523.000000000015,10.292924899567096,33798.285,10.428165,-4275.285156249985,73,23910.99999999999,10.082093883082601,20751.273,9.940363,3159.726562499989,95.0,62,high,0.15226663423893738,0.15054110426812958,-0.12649414419948454,-0.12451712992422413,-0.09266686283122402,-0.09055324939042171,9.0,52.0,46.0,43.0,-6.0,37.0,23.28805129961142,0.3756137306388939,0.25260462118826743,-0.09055324939042171
1204,1,137245,2,Public,47.0,26.031736,-80.198024,21,-2,,16902.0,,1,28.0,1,,9.646657943567112,9.978406,Cosmetology and Related Personal Grooming Services.,Sheridan Technical College,15470.0,21555.924,-6085.923828125,20311.999999999985,9.918967123384514,26370.828,10.180014,-6058.828125000015,65,15338.000000000005,9.638088688324805,16065.604,9.684436,-727.6035156249945,80.0,62,high,-0.04528952273204961,-0.044662317454148746,-0.22975494346558425,-0.22564494071265206,-0.28233184885281587,-0.2752541544902388,41.0,61.0,60.0,20.0,-1.0,19.0,11.269427669584644,0.18176496241265555,0.25260462118826743,-0.22564494071265206
1204,1,137591,1,"Private, for-profit",163.0,28.259612,-82.728584,21,-2,,10523.0,0.85,1,29.0,1,,9.763190466997406,9.744175,Cosmetology and Related Personal Grooming Services.,Bene's Career Academy,17382.000000000007,17054.594,327.4062500000073,23095.99999999998,10.04741472134277,20346.105,9.920645,2749.894531249982,269,15324.999999999993,9.637240760804412,15976.103,9.678849,-651.1025390625073,246.0,62,high,-0.0407547796761146,-0.0406025195750161,0.13515581817235742,0.1346939075173815,0.019197540252168556,0.019084625235252617,39.0,12.0,23.0,-27.0,11.0,-16.0,13.576941236277534,0.21898292316576667,0.25260462118826743,0.019084625235252617
1204,1,137865,1,Public,49.0,30.203363,-85.646585,22,-2,,16344.0,,1,28.0,1,,9.865422171729335,9.979418,Cosmetology and Related Personal Grooming Services.,Tom P. Haney Technical College,19252.999999999996,21577.746,-2324.7460937500036,30082.999999999996,10.31171550713322,24818.408,10.119341,5264.591796874996,45,22027.999999999993,10.000069650382372,17867.967,9.790765,4160.033203124993,40.0,62,high,0.23282073726779912,0.22562360517931918,0.2121244744540912,0.20631763866946032,-0.107738133707272,-0.10516430419688677,5.0,9.0,49.0,4.0,40.0,44.0,24.331050121192877,0.3924362922773045,0.25260462118826743,0.20631763866946032
1204,1,186274,1,"Private, for-profit",146.0,26.513629,-80.060233,21,-2,,13637.0,0.9236947791,1,25.0,1,,10.00061426326685,9.976769,Cosmetology and Related Personal Grooming Services.,Robert Fiance Beauty Schools,22039.999999999996,21520.676,519.3242187499964,22528.999999999985,10.022558647177142,27164.836,10.209679,-4635.835937500015,109,15736.0,9.663706360068895,17115.76,9.747755,-1379.759765625,101.0,62,high,-0.08061341036090527,-0.0797629252470586,-0.17065576792607914,-0.16898469704329658,0.02413140851285257,0.023969997158306805,51.0,56.0,22.0,5.0,-34.0,-29.0,18.35755975068582,0.2960896733981584,0.25260462118826743,-0.0797629252470586
1204,1,362700,1,"Private, for-profit",250.0,26.596006,-81.870312,13,-2,,16015.0,0.8937875752,1,28.0,1,,10.050181931686932,10.077087,Cosmetology and Related Personal Grooming Services.,Aveda Institute-Fort Myers,23160.00000000002,23791.588,-631.5878906249818,26858.999999999996,10.198356239302266,24918.371,10.123361,1940.6289062499964,249,18752.0,9.83905569237674,17341.53,9.7608595,1410.470703125,228.0,62,high,0.08133485109523596,0.08100291747340166,0.07787944480595455,0.0775882990548585,-0.026546689255400942,-0.02645181623886163,15.0,20.0,37.0,5.0,17.0,22.0,11.532562594670797,0.1860090741075935,0.25260462118826743,0.0775882990548585
1204,1,372462,1,"Private, for-profit",44.0,28.394053,-80.70372,21,-2,,11620.0,0.9301075269,1,29.0,1,,9.783802709590148,9.807832,Cosmetology and Related Personal Grooming Services.,Academy of Cosmetology,17743.999999999996,18175.535,-431.53515625000364,19708.00000000001,9.888779923663854,20622.035,9.934115,-914.0351562499891,64,14987.999999999993,9.615005159913578,17126.178,9.7483635,-2138.1777343750073,61.0,62,high,-0.12484850779536988,-0.12247777877406542,-0.044323227524562185,-0.043515932226993605,-0.023742638251925813,-0.023100370312955046,55.0,45.0,35.0,-10.0,-10.0,-20.0,10.0,0.16129032258064516,0.25260462118826743,-0.043515932226993605
1204,1,378886,1,"Private, for-profit",171.0,27.951358,-82.403486,11,-2,,13833.0,0.9406392694,1,28.0,1,,10.01485002038959,10.043112,Cosmetology and Related Personal Grooming Services.,Artistic Nails and Beauty Academy-Tampa,22356.00000000002,22996.834,-640.8339843749818,22422.000000000004,10.017797898713539,21834.701,9.991256,587.2988281250036,153,18765.99999999999,9.839802000849994,17867.592,9.790744,898.4082031249891,212.0,62,high,0.05028143766313928,0.050058106896726864,0.026897497863698532,0.026720205985067837,-0.02786618300633865,-0.027711193074715028,19.0,29.0,38.0,10.0,9.0,19.0,9.50438495292217,0.15329653149874467,0.25260462118826743,0.026720205985067837
1204,1,383163,1,"Private, for-profit",199.0,25.764817,-80.241978,11,-2,,0.0,,1,33.0,1,,9.535101442669385,9.73294,Cosmetology and Related Personal Grooming Services.,La Belle Beauty Academy,13837.000000000005,16864.055,-3027.0546874999945,16910.00000000001,9.735660441892627,16473.21,9.709491,436.7890625000109,205,12087.00000000001,9.399885773859458,13987.033,9.545886,-1900.033203124991,118.0,62,high,-0.13584247463575644,-0.1346474217905043,0.026515113790335443,0.026390837739166638,-0.17949744255417485,-0.17866087228997438,57.0,30.0,52.0,-27.0,22.0,-5.0,14.364307617610162,0.23168238092919616,0.25260462118826743,-0.1346474217905043
1204,1,385132,1,"Private, for-profit",60.0,28.081445,-80.651439,13,-2,,13607.0,0.8571428571,1,26.0,1,,9.932366512086505,9.958551,Cosmetology and Related Personal Grooming Services.,The Salon Professional Academy-Melbourne,20586.0,21132.162,-546.162109375,16636.999999999993,9.719384409659742,23642.893,10.070818,-7005.892578125007,62,18275.000000000015,9.81328928461798,17566.521,9.77375,708.4785156250146,100.0,62,high,0.040331178614684146,0.039900704677588314,-0.2963212963462447,-0.29072142767094294,-0.025845065287129446,-0.02535689378296018,22.0,62.0,36.0,40.0,-26.0,14.0,20.29778313018444,0.3273835988739425,0.25260462118826743,-0.02535689378296018
1204,1,387925,1,"Private, for-profit",139.0,26.275351,-80.150541,13,-2,,17597.0,0.7702589808,1,29.0,1,,10.191107123034703,10.1144495,Cosmetology and Related Personal Grooming Services.,Cortiva Institute,26665.00000000001,24697.307,1967.693359375011,31544.999999999996,10.35917037680491,26736.135,10.193771,4808.865234374996,303,21855.999999999993,9.992230762370516,17624.836,9.777064,4231.164062499993,232.0,62,high,0.2400682807774359,0.2391081616517877,0.17986389119184937,0.17932845409805376,0.0796723864673697,0.0791079928673669,3.0,10.0,18.0,7.0,8.0,15.0,7.505553499465135,0.12105731450750218,0.25260462118826743,0.17932845409805376
1204,1,419226,1,Public,28.0,29.178271,-82.147877,13,-2,,16708.0,,1,28.0,1,,10.068366195718362,9.864524,Cosmetology and Related Personal Grooming Services.,Marion Technical College,23584.999999999993,19235.715,4349.285156249993,27463.99999999999,10.220631335137528,23614.164,10.069602,3849.835937499989,49,18663.00000000001,9.83429823318313,19031.383,9.853845,-368.3828124999891,67.0,62,high,-0.019356597265125244,-0.019027018020167066,0.16303079487847058,0.1589850065902538,0.22610468036040507,0.2158627230820452,34.0,11.0,7.0,-23.0,-4.0,-27.0,14.571661996262929,0.23502680639133755,0.25260462118826743,0.1589850065902538
1204,1,433068,1,Public,35.0,30.46866,-86.614844,13,-2,,18421.0,,1,28.0,1,,10.00820786330653,10.090621,Cosmetology and Related Personal Grooming Services.,Okaloosa Technical College,22207.999999999993,24115.764,-1907.7636718750073,25455.99999999998,10.144706750577567,29449.043,10.290417,-3993.042968750018,32,20030.000000000004,9.904986428659864,20841.553,9.944704,-811.5527343749964,42.0,62,high,-0.03893916853116526,-0.03780098595306436,-0.13559160387613464,-0.13011349938333897,-0.07910857387029116,-0.07632614211212166,38.0,53.0,44.0,15.0,-9.0,6.0,7.54983443527075,0.12177152314952823,0.25260462118826743,-0.07632614211212166
1204,1,438285,1,"Private, for-profit",139.0,28.629921,-81.397179,21,-2,,17597.0,0.7702589808,1,29.0,1,,10.191107123034703,9.977976,Cosmetology and Related Personal Grooming Services.,Cortiva Institute,26665.00000000001,21546.654,5118.345703125011,31544.999999999996,10.35917037680491,26007.383,10.166136,5537.617187499996,303,21855.999999999993,9.992230762370516,17595.379,9.775392,4260.621093749993,232.0,62,high,0.24214432189559673,0.24117589993720143,0.21292481551963147,0.21229095930945313,0.23754712135829578,0.23586435420472723,2.0,6.0,5.0,4.0,-1.0,3.0,2.0816659994661326,0.03357525805590537,0.25260462118826743,0.23586435420472723
1204,1,439774,1,"Private, for-profit",61.0,25.759873,-80.304747,21,-2,,0.0,,1,37.0,1,,9.691654792367785,9.699588,Cosmetology and Related Personal Grooming Services.,New Concept Massage and Beauty School,16182.000000000007,16310.883,-128.88281249999272,15215.999999999993,9.630102784785171,17367.184,9.762338,-2151.1835937500073,93,13613.000000000005,9.518780497512473,12590.617,9.440707,1022.3828125000055,91.0,62,high,0.08120196153013293,0.08023436398702224,-0.1238648501720315,-0.12240503912911957,-0.007901645421743951,-0.007755237254414212,16.0,51.0,30.0,35.0,-21.0,14.0,17.61628034896508,0.28413355401556584,0.25260462118826743,-0.007755237254414212
1204,1,441380,1,"Private, for-profit",134.0,26.122056,-80.203691,21,-2,,2534.0,0.9677419355,1,31.0,1,,9.73317361486645,9.751847,Cosmetology and Related Personal Grooming Services.,Florida Barber Academy,16867.999999999993,17185.945,-317.9453125000073,19990.000000000015,9.902987427494446,22129.783,10.00468,-2139.7832031249854,189,13332.000000000011,9.497922439427631,16675.707,9.721708,-3343.707031249989,180.0,62,high,-0.20051365888018644,-0.19943605016290003,-0.09669246117254422,-0.09619428420510803,-0.018500309800750583,-0.01836352435173234,61.0,48.0,34.0,-13.0,-14.0,-27.0,13.503086067019394,0.21779171075837733,0.25260462118826743,-0.09619428420510803
1204,1,443234,1,"Private, for-profit",60.0,26.243429,-80.199738,21,-2,,12879.0,0.9647058824,1,28.0,1,,9.938613354511503,9.943986,Cosmetology and Related Personal Grooming Services.,Hollywood Institute,20715.000000000015,20826.592,-111.59179687498545,23047.00000000002,10.045290888110491,21198.592,9.96169,1848.4082031250182,71,17033.000000000004,9.742907917860578,18298.602,9.81458,-1265.6015624999964,94.0,62,high,-0.06916384064526769,-0.06837031205171368,0.08719485807531338,0.08578727632416346,-0.0053581401106507325,-0.0052569335055094165,45.0,18.0,29.0,-27.0,11.0,-16.0,13.576941236277534,0.21898292316576667,0.25260462118826743,-0.0052569335055094165
1204,1,445212,1,"Private, for-profit",832.0,28.663679,-81.234215,21,-2,,22429.0,0.7674195099,1,24.0,1,,10.151284691288994,10.373956,Cosmetology and Related Personal Grooming Services.,Paul Mitchell the School-Orlando,25624.00000000001,32014.867,-6390.867187499989,31080.00000000001,10.344319804481584,28386.602,10.253673,2693.398437500011,832,16464.000000000004,9.708931458073831,17818.008,9.787965,-1354.0078124999964,700.0,62,high,-0.07599097647437943,-0.07590608068078143,0.09488273654631886,0.0947944493489252,-0.19962185537334548,-0.19944352987726782,48.0,15.0,54.0,-33.0,39.0,6.0,21.0,0.3387096774193548,0.25260462118826743,-0.07590608068078143
1204,1,447014,1,"Private, for-profit",33.0,29.270088,-81.080155,13,1,,16479.0,0.8815165877,1,31.0,1,,10.043119051621321,9.940539,Cosmetology and Related Personal Grooming Services.,Daytona College,22996.999999999985,20754.936,2242.0644531249854,22601.00000000001,10.025749432069084,23206.902,10.052205,-605.9023437499891,39,20871.999999999993,9.946163826816564,17172.84,9.751084,3699.1601562499927,47.0,62,high,0.2154075965249446,0.2098758978385777,-0.026108712605203362,-0.02526648316976183,0.10802560422610252,0.10396265277928338,6.0,39.0,12.0,33.0,-27.0,6.0,17.578395831246947,0.28352251340720885,0.25260462118826743,0.10396265277928338
1204,1,447883,1,"Private, for-profit",144.0,27.915072,-82.749094,21,-2,,13466.0,0.8905109489,1,29.0,1,,10.069213832980386,9.989273,Cosmetology and Related Personal Grooming Services.,American Institute of Beauty,23604.99999999998,21791.453,1813.5468749999818,25312.99999999999,10.139073376740225,24732.049,10.115855,580.9511718749891,183,18326.999999999993,9.816130661317876,16245.107,9.695547,2081.8925781249927,218.0,62,high,0.1281550514908631,0.1276040272236284,0.023489811778728907,0.023364152757282524,0.08322285184916882,0.08265714672325812,12.0,32.0,16.0,20.0,-16.0,4.0,10.583005244258363,0.17069363297190907,0.25260462118826743,0.08265714672325812
1204,1,447892,1,"Private, for-profit",70.0,30.476972,-84.294583,12,-2,,9861.0,0.8983050847,1,28.0,1,,9.847499042327273,9.769024,Cosmetology and Related Personal Grooming Services.,North Florida Cosmetology Institute,18911.000000000007,17483.693,1427.3066406250073,21279.0,9.965475949870196,25530.246,10.147619,-4251.24609375,107,15360.999999999998,9.639587108749145,15293.794,9.635202,67.20605468749818,100.0,62,high,0.004394335043862457,0.004347432206597966,-0.16651802251098308,-0.164851831178457,0.08163644896343744,0.08034777904464671,26.0,55.0,17.0,29.0,-38.0,-9.0,19.857828011475306,0.32028754857218233,0.25260462118826743,0.004347432206597966
1204,1,447908,1,"Private, for-profit",25.0,26.16627,-80.181569,21,-2,,13763.0,,1,28.0,1,,9.796458979777604,9.885619,Cosmetology and Related Personal Grooming Services.,Florida Academy of Health & Beauty,17969.999999999993,19645.807,-1675.8066406250073,19020.999999999996,9.85329891095284,23179.453,10.051022,-4158.453125000004,36,15022.999999999996,9.617337639062423,15383.536,9.641053,-360.53613281250364,61.0,62,high,-0.023436492734820163,-0.022991460795991576,-0.1794025554690477,-0.1730616569585395,-0.0853009841377373,-0.08091367776479437,36.0,58.0,45.0,22.0,-13.0,9.0,11.060440015358038,0.1783941937960974,0.25260462118826743,-0.08091367776479437
1204,1,449490,1,"Private, for-profit",113.0,26.63948,-80.115507,21,-2,,15750.0,0.7323076923,1,31.0,1,,10.032012684724414,9.942288,Cosmetology and Related Personal Grooming Services.,Palm Beach Academy of Health & Beauty,22743.000000000007,20791.27,1951.7304687500073,24033.000000000004,10.087183164883227,26936.4,10.201234,-2903.4003906249964,118,12223.000000000004,9.411074701777263,16323.582,9.700366,-4100.582031249996,86.0,62,high,-0.25120601736799,-0.24800857589676337,-0.10778724508548299,-0.10682515990302902,0.09387259714066468,0.09302554817490566,63.0,49.0,13.0,-14.0,-36.0,-50.0,25.794056162870802,0.416033163917271,0.25260462118826743,-0.10682515990302902
1204,1,449959,1,"Private, for-profit",832.0,28.06864,-82.574571,21,-2,,22429.0,0.7674195099,1,24.0,1,,10.151284691288994,10.406509,Cosmetology and Related Personal Grooming Services.,Paul Mitchell the School-Tampa,25624.00000000001,33074.22,-7450.218749999989,31080.00000000001,10.344319804481584,30840.06,10.33657,239.9394531250109,832,16464.000000000004,9.708931458073831,18951.602,9.849644,-2487.6015624999964,700.0,62,high,-0.13126075673848456,-0.13111411451030705,0.00778012263498373,0.007772883328363538,-0.2252575882839255,-0.22505636196478893,56.0,34.0,56.0,-22.0,22.0,0.0,12.701705922171767,0.20486622455115752,0.25260462118826743,-0.13111411451030705
1204,1,451097,1,"Private, for-profit",33.0,28.306092,-81.439569,13,-2,,12165.0,,1,28.0,1,,9.608176452919857,9.949376,Cosmetology and Related Personal Grooming Services.,Academy of Career Training,14886.00000000001,20939.154,-6053.154296874991,25156.999999999993,10.132891466821151,20714.912,9.938609,4442.087890624993,51,15256.000000000011,9.632728147280256,17063.088,9.744673,-1807.087890624989,46.0,62,high,-0.10590626398975887,-0.10311829454848072,0.21443913771734643,0.20935782215733936,-0.28908303606981756,-0.278210332805947,53.0,7.0,61.0,-46.0,54.0,8.0,29.143323992525858,0.4700536127826751,0.25260462118826743,-0.10311829454848072
1204,1,451149,1,"Private, for-profit",276.0,26.070447,-80.251766,21,-2,,20646.0,0.765051395,1,25.0,1,,10.047890880908506,10.048947,Cosmetology and Related Personal Grooming Services.,Aveda Institute-South Florida,23106.99999999999,23131.424,-24.423828125010914,28860.999999999978,10.270246481762213,27790.078,10.232434,1070.9218749999782,390,17806.000000000007,9.787290758133617,15806.516,9.668178,1999.4843750000073,424.0,62,high,0.1264974787889097,0.12624592585035552,0.03853612322293456,0.03845046500329798,-0.0010558722327898599,-0.001052508437548468,13.0,26.0,27.0,13.0,1.0,14.0,7.810249675906654,0.12597176896623635,0.25260462118826743,0.03845046500329798
1204,1,451158,1,"Private, for-profit",335.0,28.029221,-82.739008,21,-2,,22934.0,0.7272727273,1,25.0,1,,10.223939286317336,10.164101,Cosmetology and Related Personal Grooming Services.,Aveda Institute-Tallahassee,27555.0,25954.508,1600.4921875,30853.000000000022,10.336989269338149,28897.438,10.271508,1955.5625000000218,393,19456.000000000015,9.875910784765894,17011.94,9.741671,2444.0605468750146,462.0,62,high,0.14366736688720427,0.14340860098203456,0.06767252286643138,0.0675234259875927,0.06166528755090412,0.06150835968658297,11.0,22.0,20.0,11.0,-2.0,9.0,5.8594652770823155,0.09450750446906961,0.25260462118826743,0.0675234259875927
1204,1,451167,1,"Private, for-profit",130.0,28.027145,-82.503396,21,-2,,11023.0,0.7740384615,1,29.0,1,,9.614738244123924,9.799632,Cosmetology and Related Personal Grooming Services.,Shear Excellence Hair Academy,14983.999999999989,18027.111,-3043.111328125011,17937.00000000001,9.794620897549015,22011.998,9.999343,-4074.998046874989,158,15287.000000000002,9.634758073001034,15378.3,9.640713,-91.29980468749818,121.0,62,high,-0.005936924487560637,-0.0058862045952657515,-0.18512622244455942,-0.18395090781007126,-0.16880748516692745,-0.16751439035458396,30.0,59.0,51.0,29.0,-8.0,21.0,14.977761292440649,0.2415767950393653,0.25260462118826743,-0.16751439035458396
1204,1,454917,1,"Private, for-profit",142.0,25.761658,-80.323333,21,-2,,10196.0,0.8820861678,1,33.0,1,,9.643290937019207,9.745533,Cosmetology and Related Personal Grooming Services.,Celebrity School of Beauty,15418.0,17077.771,-1659.771484375,16440.99999999999,9.707533494010876,17008.938,9.741494,-567.9375000000109,239,13305.000000000002,9.49589518341179,13161.551,9.485055,143.44921875000182,255.0,62,high,0.010899112204494943,0.010860058081352743,-0.03339053365326382,-0.033259616385490264,-0.09718899716474003,-0.09651747693867169,25.0,43.0,47.0,18.0,4.0,22.0,11.718930554164631,0.18901500893813922,0.25260462118826743,-0.033259616385490264
1204,1,457396,1,"Private, for-profit",48.0,30.123757,-81.798803,21,-2,,17261.0,0.9069767442,1,28.0,1,,9.770241833388766,10.038495,Cosmetology and Related Personal Grooming Services.,American Academy of Cosmetology,17505.000000000007,22890.906,-5385.906249999993,22882.000000000004,10.03810585426089,22762.904,10.032887,119.09570312500364,54,15903.000000000013,9.674263049655917,17123.615,9.748214,-1220.6152343749873,76.0,62,high,-0.07128256607428606,-0.07023455349320473,0.005232008252187471,0.005115960716310077,-0.2352858463172463,-0.22952930849829903,46.0,35.0,57.0,-11.0,22.0,11.0,11.0,0.1774193548387097,0.25260462118826743,-0.07023455349320473
1204,1,457420,1,"Private, for-profit",103.0,28.051825,-82.525411,21,-2,,24573.0,0.7068965517,1,25.0,1,,10.156888691011035,10.208088,Cosmetology and Related Personal Grooming Services.,Summit Salon Academy,25768.00000000002,27121.66,-1353.6601562499818,31668.99999999998,10.363093563410546,30718.828,10.332631,950.1718749999818,127,20152.99999999999,9.911108439667489,19057.61,9.855222,1095.390624999989,153.0,62,high,0.057477861123386,0.057104492175240384,0.03093125398968916,0.03067787208846947,-0.04991066728406152,-0.04940879062219158,18.0,27.0,40.0,9.0,13.0,22.0,11.06044001535804,0.17839419379609742,0.25260462118826743,0.03067787208846947
1204,1,457439,1,"Private, for-profit",58.0,29.654808,-82.416921,22,-2,,16373.0,0.9225352113,1,25.0,1,,9.970725551801806,9.957174,Cosmetology and Related Personal Grooming Services.,Summit Salon Academy-Gainesville,21391.000000000015,21103.08,287.91992187501455,27744.0,10.230774879580268,22929.209,10.040167,4814.791015625,84,18067.00000000001,9.801842348773928,18299.79,9.814645,-232.7890624999891,68.0,62,high,-0.012720860426583897,-0.0125079679467816,0.20998504653632039,0.20719828142082042,0.013643502313838356,0.013375442527659718,32.0,8.0,26.0,-24.0,18.0,-6.0,12.489995996796797,0.2014515483354322,0.25260462118826743,0.013375442527659718
1204,1,457448,1,"Private, for-profit",101.0,28.929944,-82.028094,13,-2,,11723.0,0.8888888889,1,26.0,1,,10.002065115897121,9.897137,Cosmetology and Related Personal Grooming Services.,Tenaj Salon Institute,22071.99999999998,19873.385,2198.615234374982,23385.00000000001,10.059850070159987,22492.152,10.020922,892.8476562500109,132,17076.999999999993,9.745487807887239,17693.43,9.780949,-616.4296875000073,135.0,62,high,-0.03483946857038693,-0.03457755314922911,0.039695963401124246,0.039385115834481184,0.1106311411118013,0.10949290117482839,37.0,25.0,11.0,-12.0,-14.0,-26.0,13.012814197295423,0.2098840999563778,0.25260462118826743,0.039385115834481184
1204,1,459055,1,"Private, for-profit",1035.0,26.705541,-80.107401,21,-2,,14099.0,0.8909454727,1,25.0,1,,9.995656440007505,9.999592,Cosmetology and Related Personal Grooming Services.,Empire Beauty School-West Palm,21930.99999999999,22017.479,-86.47851562501091,27010.99999999998,10.203999469426009,27811.205,10.233194,-800.2050781250182,740,16429.000000000004,9.706803344906337,17479.025,9.768757,-1050.0253906249964,665.0,62,high,-0.06007345187496466,-0.0600022738841621,-0.028772758169850837,-0.028742144407058072,-0.00392772113135663,-0.003924986416875633,42.0,42.0,28.0,0.0,-14.0,-14.0,8.082903768654761,0.13036941562346388,0.25260462118826743,-0.028742144407058072
1204,1,459329,1,Public,28.0,28.271196,-82.691779,21,-2,,12513.0,,1,24.0,1,,10.29960914564114,9.880897,Cosmetology and Related Personal Grooming Services.,Fred K Marchman Technical College,29721.00000000001,19553.246,10167.753906250011,24613.99999999999,10.111070665732282,24095.555,10.089783,518.4453124999891,31,16706.999999999996,9.723583072257778,18401.607,9.820193,-1694.6074218750036,43.0,62,high,-0.09209018446184929,-0.08947021896227816,0.021516222358182187,0.02061517432125383,0.5200033722022264,0.49644856425128525,52.0,33.0,1.0,-19.0,-32.0,-51.0,25.774664562964407,0.41572039617684525,0.25260462118826743,0.02061517432125383
1204,1,460701,1,"Private, for-profit",171.0,28.053634,-81.94718,12,-2,,13833.0,0.9406392694,1,28.0,1,,10.01485002038959,9.930983,Cosmetology and Related Personal Grooming Services.,Artistic Nails and Beauty Academy-Lakeland,22356.00000000002,20557.531,1798.4687500000182,22422.000000000004,10.017797898713539,23839.533,10.079101,-1417.5332031249964,153,18765.99999999999,9.839802000849994,16303.402,9.699129,2462.597656249989,212.0,62,high,0.15104808213201212,0.15037718476878104,-0.05946144964529672,-0.05906951608451942,0.08748466574749914,0.0869980816193738,10.0,46.0,15.0,36.0,-31.0,5.0,19.5021366350801,0.3145505908883887,0.25260462118826743,0.0869980816193738
1204,1,460969,1,"Private, for-profit",199.0,25.86289,-80.323571,21,-2,,0.0,0.9366666667,1,35.0,1,,9.648917831534549,9.6575165,Cosmetology and Related Personal Grooming Services.,Beauty Academy of South Florida,15504.99999999999,15638.896,-133.8964843750091,15306.999999999995,9.636065519091707,21820.422,9.990602,-6513.4218750000055,176,13865.999999999995,9.537195079502435,15637.151,9.657405,-1771.1513671875055,186.0,62,high,-0.11326560225694515,-0.11267970948900267,-0.2985011890380788,-0.2968300994107977,-0.008561760384358743,-0.008521857230058355,54.0,63.0,31.0,9.0,-32.0,-23.0,16.50252505931542,0.2661697590212165,0.25260462118826743,-0.11267970948900267
1204,1,462035,1,"Private, for-profit",91.0,26.608576,-81.825149,13,-2,,17391.0,0.7785016287,1,29.0,1,,10.172903816181016,9.963181,Cosmetology and Related Personal Grooming Services.,Florida Academy,26183.999999999985,21230.213,4953.787109374985,26824.000000000004,10.197052288146065,29077.791,10.27773,-2253.7910156249964,113,16244.99999999999,9.6955404481032,19941.352,9.900551,-3696.351562500009,124.0,62,high,-0.18536113517255529,-0.1838222256125228,-0.07750901760088715,-0.07678131787742276,0.2333366667068382,0.23062490904997515,59.0,47.0,6.0,-12.0,-41.0,-53.0,27.790885796126275,0.44824009348590765,0.25260462118826743,-0.07678131787742276
1204,1,475547,1,"Private, for-profit",175.0,26.495581,-81.792422,41,-2,,20818.0,0.7741935484,1,24.0,1,,9.960434832977878,10.283542,Cosmetology and Related Personal Grooming Services.,Paul Mitchell the School-Fort Myers,21171.999999999996,29247.275,-8075.275390625004,28336.999999999985,10.251923650196069,29127.22,10.2794285,-790.2207031250146,173,18580.0,9.82984101236783,18720.684,9.837384,-140.68359375,184.0,62,high,-0.007514874819900699,-0.00747550952965176,-0.027129972721366902,-0.026975017511891144,-0.2761035099089426,-0.27460870744535665,31.0,40.0,59.0,9.0,19.0,28.0,14.29452109492771,0.23055679185367273,0.25260462118826743,-0.026975017511891144
1204,1,476498,1,"Private, for-profit",96.0,25.863128,-80.306991,21,-2,,0.0,,1,34.0,1,,9.508442961755847,9.710286,Cosmetology and Related Personal Grooming Services.,Futura Career Institute,13472.99999999999,16486.318,-3013.318359375009,23711.99999999998,10.073736528095813,18097.668,9.803538,5614.332031249982,111,14061.000000000007,9.551160286590816,13531.407,9.512769,529.5927734375073,101.0,62,high,0.03913804119337293,0.03872512823917512,0.3102240598592307,0.30725013379803673,-0.18277691196357831,-0.1807814357916923,23.0,3.0,53.0,-20.0,50.0,30.0,25.16611478423583,0.40590507716509405,0.25260462118826743,0.03872512823917512
1204,1,481368,1,"Private, for-profit",17.0,25.985267,-80.135621,21,-2,,1003.0,,1,48.0,1,,9.39349491507403,9.641131,Cosmetology and Related Personal Grooming Services.,Prestige Health & Beauty Sciences Academy,12010.000000000002,15384.74,-3374.740234374998,22105.000000000004,10.003559106260344,12810.033,9.457984,9294.966796875004,24,15772.99999999999,9.666054896487474,13217.448,9.489293,2555.551757812491,17.0,62,high,0.19334683298820657,0.1778477826841566,0.7256005233934524,0.6851409808364278,-0.21935633510630384,-0.20214088803514565,8.0,1.0,55.0,-7.0,54.0,47.0,29.365512652316042,0.4736373008438071,0.25260462118826743,0.1778477826841566
1204,1,481483,1,"Private, for-profit",131.0,26.366888,-80.167216,21,-2,,17520.0,0.8044217687,1,30.0,1,,9.94798279242268,10.012742,Cosmetology and Related Personal Grooming Services.,Boca Beauty Academy,20910.000000000015,22308.924,-1398.9238281249854,26581.000000000007,10.187951953831922,26938.3,10.201304,-357.3007812499927,362,16729.999999999996,9.72495879398087,16806.338,9.729511,-76.33789062500364,323.0,62,high,-0.0045422084883576476,-0.004529836249336204,-0.013263671831101038,-0.01323153768628638,-0.06270691669857034,-0.06223085241454092,29.0,37.0,43.0,8.0,6.0,14.0,7.023769168568493,0.11328659949304021,0.25260462118826743,-0.01323153768628638
1204,1,483896,1,"Private, for-profit",65.0,30.31314,-81.677501,11,-2,,17764.0,0.6702702703,1,30.0,1,,9.89237604778141,10.07222,Cosmetology and Related Personal Grooming Services.,Parisian Spa Institute,19779.000000000004,23676.062,-3897.0624999999964,27839.999999999993,10.234229114448356,24854.979,10.120813,2985.0214843749927,116,16071.999999999996,9.68483390649477,20374.822,9.922055,-4302.822265625004,178.0,62,high,-0.21118330307520913,-0.21003347413651374,0.12009752824764941,0.11900395465300227,-0.16459926560845986,-0.16176670856053726,62.0,13.0,50.0,-49.0,37.0,-12.0,25.540817005987364,0.41194866138689296,0.25260462118826743,-0.16176670856053726
1204,1,485379,1,"Private, for-profit",496.0,26.649613,-80.057435,12,-2,,13244.0,0.9535315985,1,29.0,1,,9.906233778204154,9.965516,Cosmetology and Related Personal Grooming Services.,Hollywood Institute of Beauty Careers-West Palm Beach,20055.00000000001,21279.855,-1224.855468749989,21754.00000000002,9.987552927653796,28094.23,10.2433195,-6340.230468749982,530,15540.000000000004,9.651172623921639,16875.799,9.733636,-1335.7988281249964,635.0,62,high,-0.07915470205171979,-0.07905581485173874,-0.2256773139169054,-0.22532510421895682,-0.05755938852821251,-0.05746629546778831,50.0,60.0,41.0,10.0,-19.0,-9.0,9.50438495292217,0.15329653149874467,0.25260462118826743,-0.07905581485173874
1204,1,485388,1,"Private, for-profit",496.0,28.633003,-81.321511,21,-2,,13244.0,0.9535315985,1,29.0,1,,9.906233778204154,9.85548,Cosmetology and Related Personal Grooming Services.,Hollywood Institute of Beauty Careers-Casselberry,20055.00000000001,19062.535,992.4648437500109,21754.00000000002,9.987552927653796,20634.191,9.934705,1119.8085937500182,530,15540.000000000004,9.651172623921639,16674.213,9.721619,-1134.2128906249964,635.0,62,high,-0.06802197489410144,-0.06793699570196117,0.05426956509722176,0.05418486776190284,0.0520636334892011,0.051979428929315306,44.0,24.0,21.0,-20.0,-3.0,-23.0,12.503332889007368,0.20166665950011883,0.25260462118826743,0.051979428929315306
1204,1,487311,0,"Private, nonprofit",105.0,30.20813,-81.561491,11,1,,18476.0,0.8154050465,1,27.0,1,,10.08351481277671,9.917494,Cosmetology and Related Personal Grooming Services.,Jones Technical Institute,23944.999999999985,20282.096,3662.9042968749854,27451.000000000004,10.22015787614662,24584.629,10.109877,2866.3710937500036,144,20023.999999999993,9.90468683311161,19964.49,9.9017105,59.509765624992724,182.0,62,high,0.002980780622313531,0.00296496618939574,0.11659200163974424,0.11576716957069831,0.18059791998272728,0.17882228092968816,27.0,14.0,8.0,-13.0,-6.0,-19.0,9.71253485622231,0.15665378800358565,0.25260462118826743,0.11576716957069831
1204,1,489238,1,"Private, for-profit",131.0,26.321755,-80.203872,21,-2,,17520.0,0.8044217687,1,30.0,1,,9.94798279242268,9.989923,Cosmetology and Related Personal Grooming Services.,Boca Beauty Academy-Parkland,20910.000000000015,21805.61,-895.6093749999854,26581.000000000007,10.187951953831922,25828.088,10.159218,752.9121093750073,362,16729.999999999996,9.72495879398087,16777.4,9.727788,-47.40039062500364,323.0,62,high,-0.002825252394375137,-0.002817556865204975,0.02915090395244849,0.029080279514433545,-0.041072430474096096,-0.04076061292291606,28.0,28.0,39.0,0.0,11.0,11.0,6.350852961085883,0.10243311227557875,0.25260462118826743,-0.002817556865204975
1204,1,491136,1,"Private, for-profit",1092.0,27.941959,-82.338274,21,-2,,15061.0,0.8501350135,1,25.0,1,,10.01721794286315,9.999545,Cosmetology and Related Personal Grooming Services.,Empire Beauty School-Tampa,22408.99999999998,22016.447,392.5527343749818,27578.000000000025,10.224773632401687,25189.148,10.134169,2388.8515625000255,911,15679.000000000004,9.66007751636045,16712.5,9.723912,-1033.4999999999964,828.0,62,high,-0.061839940164547275,-0.06178293543221851,0.09483653520194654,0.09475697761556172,0.017829976364437655,0.0178182975958702,43.0,16.0,24.0,-27.0,8.0,-19.0,13.868429375143148,0.22368434476037335,0.25260462118826743,0.0178182975958702
1204,1,491145,1,"Private, for-profit",841.0,28.108318,-81.973025,12,-2,,14725.0,0.8920023351,1,26.0,1,,10.035217323214022,9.948948,Cosmetology and Related Personal Grooming Services.,Empire Beauty School-Lakeland,22815.99999999999,20930.19,1885.810546874989,26761.000000000022,10.194700882751727,25322.03,10.13943,1438.9707031250218,759,18639.000000000004,9.833011438731804,17136.03,9.748939,1502.9707031250036,721.0,62,high,0.08770822441340549,0.0876135013674072,0.05682683193572506,0.05676809870892115,0.09010002279713844,0.09002051890213368,14.0,23.0,14.0,9.0,-9.0,0.0,5.196152422706632,0.08380891004365536,0.25260462118826743,0.0876135013674072
1204,1,495369,1,"Private, for-profit",93.0,26.117978,-80.255003,21,-2,,27361.0,0.6981132075,1,24.0,1,,10.366718297494435,10.224531,Cosmetology and Related Personal Grooming Services.,Paul Mitchell the School-Fort Lauderdale,31784.000000000004,27571.314,4212.685546875004,30709.999999999975,10.332343613434867,31357.104,10.353196,-647.1035156250255,149,17570.000000000015,9.773948181181144,16804.3,9.72939,765.6992187500146,122.0,62,high,0.04556566968881983,0.04518012048624341,-0.02063658447606868,-0.02049629098166793,0.1527923361810386,0.1510611718942389,20.0,38.0,10.0,18.0,-28.0,-10.0,14.189197769195175,0.22885802853540604,0.25260462118826743,0.04518012048624341
1204,1,497222,1,"Private, for-profit",60.0,25.786328,-80.144449,13,-2,,13607.0,0.8571428571,1,26.0,1,,9.932366512086505,9.942006,Cosmetology and Related Personal Grooming Services.,Salon Professional Academy-Elevate Salon Institute,20586.0,20785.4,-199.400390625,16636.999999999993,9.719384409659742,19669.22,9.88681,-3032.2207031250073,62,18275.000000000015,9.81328928461798,15213.407,9.629932,3061.5927734375146,100.0,62,high,0.2012430698687928,0.199095106442598,-0.15416069344543248,-0.15124737047866485,-0.009593290813629796,-0.009412089057921522,7.0,54.0,33.0,47.0,-21.0,26.0,23.544284515213736,0.3797465244389312,0.25260462118826743,-0.009412089057921522
1301,3,133669,1,Public,58.0,26.372421,-80.102978,13,15,0.6613,28064.0,0.7219053052,2,23.0,1,mid,10.802001204307603,10.74737,"Education, General.",Florida Atlantic University,49119.00000000003,46507.535,2611.464843750029,50946.00000000004,10.83852152722742,54310.95,10.902481,-3364.9492187499636,92,38928.0,10.569469065023304,40097.36,10.599066,-1169.359375,95.0,3,low,-0.029163002083600426,-0.028832518426524126,-0.061957105650959014,-0.061217639714008204,0.056151435137905444,0.05504820362517108,2.0,2.0,2.0,0.0,0.0,0.0,0.0,0.0,0.38490017945975047,-0.028832518426524126
1301,3,133711,1,"Private, nonprofit",46.0,29.892733,-81.314887,23,10,0.8076,53601.0,0.5154411765,2,22.0,1,open,10.7487333087972,10.647238,"Education, General.",Flagler College,46571.0,42076.21,4494.7890625,49104.000000000015,10.801695776859518,52763.41,10.873573,-3659.4101562499854,54,45447.00000000004,10.724302090826434,32989.133,10.403934,12457.867187500036,35.0,3,low,0.377635485549338,0.36403760734025503,-0.0693550728698781,-0.06781675623901626,0.10682494840556245,0.10407964214605717,1.0,3.0,1.0,2.0,-2.0,0.0,1.1547005383792517,0.5773502691896258,0.38490017945975047,0.10407964214605717
1301,3,433660,1,Public,28.0,26.463638,-81.7726,21,16,0.6344,43546.0,0.5981697171,2,21.0,1,mid,10.554718389994783,10.911522,"Education, General.",Florida Gulf Coast University,38358.00000000003,54804.188,-16446.18749999997,55116.00000000001,10.917195334113794,58350.605,10.974225,-3234.6054687499927,51,38392.00000000002,10.555604383538082,41053.684,10.622636,-2661.683593749978,47.0,3,low,-0.06483422097000796,-0.06316926866211718,-0.05543396581347051,-0.05412041141272409,-0.3000899794381583,-0.2864966794490983,3.0,1.0,3.0,-2.0,2.0,0.0,1.1547005383792515,0.5773502691896257,0.38490017945975047,-0.06316926866211718
1303,5,133951,3,Public,28.0,25.75732,-80.373928,21,15,0.5466,23924.0,0.8131269705,2,23.0,1,mid,11.126277204319269,11.044423,Curriculum and Instruction.,Florida International University,67933.0,62593.902,5339.09765625,66188.99999999996,11.10026956497648,67913.555,11.125991,-1724.5546875000437,79,60563.000000000015,11.011439424532995,53290.91,10.883521,7272.089843750015,81.0,7,medium,0.13646022975453231,0.13459760161079548,-0.02539337979635251,-0.025031385749307307,0.08529740847485456,0.08143365646334487,1.0,3.0,1.0,2.0,-2.0,0.0,1.1547005383792517,0.1924500897298753,0.2985422965788644,0.08143365646334487
1303,5,134097,2,Public,99.0,30.443147,-84.295064,12,15,0.2422,43729.0,0.5975318884,2,20.0,1,elite,10.932678306425732,10.988255,Curriculum and Instruction.,Florida State University,55975.99999999996,59175.004,-3199.0039062500364,56672.00000000004,10.94503554058256,62770.785,11.047245,-6098.785156249964,72,50839.000000000044,10.836419055558409,55792.285,10.929391,-4953.285156249956,95.0,7,medium,-0.08878082592204195,-0.08777473567300445,-0.0971596124067713,-0.09561649572801544,-0.05406005399371273,-0.05349069738020425,6.0,6.0,3.0,0.0,-3.0,-3.0,1.7320508075688772,0.28867513459481287,0.2985422965788644,-0.08777473567300445
1303,5,134130,3,Public,57.0,29.64629,-82.347911,12,16,0.242,39127.0,0.6673828964,2,21.0,1,elite,11.085598110004929,11.142673,Curriculum and Instruction.,University of Florida,65224.99999999997,69055.96,-3830.960937500029,66003.00000000006,11.097455474520991,70944.69,11.169656,-4941.687499999942,37,58323.0,10.97375180568875,61308.4,11.023672,-2985.3984375,41.0,7,medium,-0.04869477124807661,-0.04723150988729706,-0.0696554974606089,-0.06726925925062908,-0.055476180267294964,-0.05436397322634788,5.0,4.0,4.0,-1.0,0.0,-1.0,0.5773502691896258,0.09622504486493764,0.2985422965788644,-0.05436397322634788
1303,5,136215,3,"Private, nonprofit",29.0,26.082288,-80.249891,21,16,0.7321,31002.0,0.6566484517,2,24.0,1,open,11.057771038574698,11.019975,Curriculum and Instruction.,Nova Southeastern University,63434.99999999995,61082.13,2352.871093749949,57179.99999999996,10.953959465876302,64837.5,11.079639,-7657.500000000036,23,56964.99999999997,10.950192323132216,56932.695,10.949625,32.304687499970896,31.0,7,medium,0.0005674189026648482,0.0005439705070136441,-0.1181029496818976,-0.11120042122334238,0.03851979516563969,0.036842608665063586,4.0,7.0,2.0,3.0,-5.0,-2.0,2.516611478423583,0.41943524640393054,0.2985422965788644,0.0005439705070136441
1303,5,137351,3,Public,72.0,28.061458,-82.413232,11,15,0.4319,32495.0,0.6858996244,2,22.0,1,mid,10.927627700184981,11.011366,Curriculum and Instruction.,University of South Florida,55694.000000000044,60558.543,-4864.542968749956,58876.99999999995,10.98320580101775,64292.758,11.071202,-5415.757812500051,77,48079.00000000003,10.78060077032391,55242.45,10.919487,-7163.449218749971,71.0,7,medium,-0.12967291132194414,-0.12760912022551388,-0.0842358921403602,-0.08299865156325884,-0.08032793938355162,-0.07910089146676627,7.0,5.0,5.0,-2.0,0.0,-2.0,1.1547005383792517,0.1924500897298753,0.2985422965788644,-0.08299865156325884
1303,5,138354,2,Public,32.0,30.549076,-87.218511,41,12,0.5824,34583.0,0.6786062378,2,24.0,1,mid,10.944929662589201,11.063453,Curriculum and Instruction.,University of West Florida,56665.99999999996,63796.44,-7130.441406250036,60517.00000000005,11.010679596283687,60134.8,11.004344,382.19921875005093,74,54063.00000000003,10.897905312186381,51888.105,10.856845,2174.894531250029,50.0,7,medium,0.04191508846974333,0.04091291700327221,0.00635570773968907,0.0062579337584789925,-0.11176863864308711,-0.1074152997859455,3.0,1.0,6.0,-2.0,5.0,3.0,2.5166114784235836,0.4194352464039306,0.2985422965788644,0.0062579337584789925
1303,5,433660,3,Public,17.0,26.463638,-81.7726,21,16,0.6344,43546.0,0.5981697171,2,21.0,1,mid,10.85131571040844,11.033317,Curriculum and Instruction.,Florida Gulf Coast University,51602.0,61902.55,-10300.55078125,61773.99999999999,11.03123784294756,63328.535,11.056091,-1554.5351562500073,19,58763.0,10.981267684124095,55286.457,10.920283,3476.54296875,16.0,7,medium,0.06288236134909,0.057505637486088605,-0.024547151649955502,-0.02277959013454744,-0.16639945610076523,-0.15334015226172187,2.0,2.0,7.0,0.0,5.0,5.0,2.886751345948129,0.4811252243246882,0.2985422965788644,-0.02277959013454744
1304,5,132471,2,"Private, nonprofit",86.0,25.878908,-80.198925,21,13,0.7724,28822.0,0.7126805778,2,26.0,1,open,11.266628428501106,11.215052,Educational Administration and Supervision.,Barry University,78169.00000000001,74239.5,3929.5000000000146,79566.99999999994,11.284354713009064,73394.04,11.203598,6172.960937499942,91,65063.00000000003,11.083111310246144,56485.977,10.941748,8577.02343750003,92.0,17,high,0.15184341246202615,0.15005699300790679,0.08410711573242681,0.08309040406510923,0.05293004397928346,0.05227293190074481,1.0,3.0,4.0,2.0,1.0,3.0,1.5275252316519465,0.07637626158259733,0.14245673304551476,0.08309040406510923
1304,5,132903,1,Public,53.0,28.602159,-81.200889,21,15,0.4011,31400.0,0.7045342864,2,23.0,1,mid,10.96924946099213,11.14634,Educational Administration and Supervision.,University of Central Florida,58060.999999999985,69309.72,-11248.718750000015,63413.000000000015,11.057424166724601,71466.07,11.176978,-8053.070312499985,79,53283.99999999999,10.883391377471353,58263.81,10.972736,-4979.808593750007,143.0,17,high,-0.08547001498772937,-0.08486923772656321,-0.11268382712644322,-0.11107746850285022,-0.1622964131563442,-0.15875600594208322,12.0,14.0,16.0,2.0,2.0,4.0,2.0,0.1,0.14245673304551476,-0.11107746850285022
1304,5,133669,2,Public,58.0,26.372421,-80.102978,13,15,0.6613,28064.0,0.7219053052,2,23.0,1,mid,11.133815002144742,11.239805,Educational Administration and Supervision.,Florida Atlantic University,68446.99999999997,76100.125,-7653.125000000029,75592.00000000006,11.233105736462463,70184.19,11.158878,5407.812500000058,105,64694.99999999998,11.077439197750053,61782.527,11.031376,2912.472656249978,97.0,17,high,0.04714071731066223,0.04661934353267237,0.0770517219423543,0.07626356525396999,-0.10056652337956119,-0.0985906494335795,7.0,4.0,13.0,-3.0,9.0,6.0,4.58257569495584,0.229128784747792,0.14245673304551476,0.04661934353267237
1304,5,133951,1,Public,78.0,25.75732,-80.373928,21,15,0.5466,23924.0,0.8131269705,2,23.0,1,mid,10.942526749669337,11.137943,Educational Administration and Supervision.,Florida International University,56530.000000000044,68730.16,-12200.156249999956,63621.00000000001,11.060698883507174,71787.19,11.181461,-8166.187499999993,73,49115.99999999999,10.801940126280403,57367.625,10.957235,-8251.625000000007,85.0,17,high,-0.14383766105011334,-0.14198168591370527,-0.1137555012863541,-0.11197758301704783,-0.17750805346088466,-0.1750382521581514,15.0,15.0,17.0,0.0,2.0,2.0,1.1547005383792517,0.05773502691896258,0.14245673304551476,-0.14198168591370527
1304,5,134097,2,Public,50.0,30.443147,-84.295064,12,15,0.2422,43729.0,0.5975318884,2,20.0,1,elite,11.078983718869514,11.118992,Educational Administration and Supervision.,Florida State University,64794.999999999956,67439.875,-2644.8750000000437,66020.00000000004,11.097713005407185,71416.34,11.176282,-5396.343749999956,55,51647.00000000002,10.852187389608225,60140.598,11.00444,-8493.597656249978,67.0,17,high,-0.14122901978456306,-0.13882435366121285,-0.07556174772668835,-0.07392098785314537,-0.03921826664121254,-0.03830300245234179,14.0,12.0,8.0,-2.0,-4.0,-6.0,3.055050463303893,0.15275252316519466,0.14245673304551476,-0.07392098785314537
1304,5,134130,3,Public,20.0,29.64629,-82.347911,12,16,0.242,39127.0,0.6673828964,2,21.0,1,elite,11.19726906766269,11.239269,Educational Administration and Supervision.,University of Florida,72930.99999999994,76059.35,-3128.351562500058,78069.99999999999,11.265361139114336,77136.67,11.253334,933.3281249999854,19,59790.999999999985,10.998610426939969,66713.01,11.108155,-6922.007812500015,29.0,17,high,-0.10375799322307035,-0.09913517378701027,0.012099668060769384,0.011228409842365587,-0.041130400118247236,-0.038423401388754115,13.0,7.0,9.0,-6.0,2.0,-4.0,3.055050463303893,0.15275252316519466,0.14245673304551476,-0.038423401388754115
1304,5,135081,2,"Private, nonprofit",17.0,26.185869,-80.163959,12,15,0.9697,21659.0,0.7867955286,2,28.0,1,open,11.056414400305043,10.93045,Educational Administration and Supervision.,Keiser University-Ft Lauderdale,63348.999999999985,55851.434,7497.566406249985,67066.00000000004,11.113432488132354,56357.91,10.939478,10708.089843750044,32,53106.99999999997,10.880064025283644,50314.56,10.82605,2792.441406249971,33.0,17,high,0.05549967016101069,0.05336298452741652,0.19000154218036658,0.1823251944412602,0.13424125262004005,0.1237057776444652,6.0,1.0,3.0,-5.0,2.0,-3.0,2.5166114784235836,0.1258305739211792,0.14245673304551476,0.1237057776444652
1304,5,136172,1,Public,52.0,30.27194,-81.509144,11,15,0.5324,37074.0,0.6143506622,2,22.0,1,mid,10.932981961904135,11.028744,Educational Administration and Supervision.,University of North Florida,55992.99999999998,61620.125,-5627.125000000022,64988.99999999995,11.0819733037874,67066.29,11.113437,-2077.289062500051,60,54550.99999999997,10.906891322898874,56762.08,10.946624,-2211.078125000029,84.0,17,high,-0.038953438599109234,-0.038443823933359496,-0.030973669358150956,-0.030365624176162898,-0.09131959729065824,-0.08928304239478962,11.0,10.0,12.0,-1.0,2.0,1.0,1.0,0.05,0.14245673304551476,-0.038443823933359496
1304,5,136215,2,"Private, nonprofit",234.0,26.082288,-80.249891,21,16,0.7321,31002.0,0.6566484517,2,24.0,1,open,11.225163389318277,11.280851,Educational Administration and Supervision.,Nova Southeastern University,74994.00000000004,79288.74,-4294.742187499956,70069.0,11.157235749819899,80302.13,11.293551,-10233.1328125,149,52711.99999999997,10.872598412593655,62230.88,11.038607,-9518.87890625003,129.0,17,high,-0.1529607017215697,-0.15174808180498692,-0.12743288944010575,-0.12656656364952404,-0.05416585090155497,-0.05395679783475032,16.0,16.0,10.0,0.0,-6.0,-6.0,3.4641016151377544,0.17320508075688773,0.14245673304551476,-0.12656656364952404
1304,5,137032,1,"Private, nonprofit",82.0,28.336776,-82.257801,31,12,0.784,22361.0,0.7686491935,2,30.0,1,open,11.097243340451463,11.053593,Educational Administration and Supervision.,Saint Leo University,65988.99999999997,63170.5,2818.499999999971,69559.99999999999,11.149944968468219,63694.914,11.06186,5865.085937499985,130,61189.000000000015,11.021722713783415,54857.0,10.912485,6332.000000000015,120.0,17,high,0.11542738392547924,0.11443166882771821,0.09208091452552912,0.09134688957322065,0.0446173451215357,0.04403175310406741,3.0,2.0,6.0,-1.0,4.0,3.0,2.081665999466133,0.10408329997330665,0.14245673304551476,0.09134688957322065
1304,5,137351,1,Public,60.0,28.061458,-82.413232,11,15,0.4319,32495.0,0.6858996244,2,22.0,1,mid,11.160839973365304,11.029911,Educational Administration and Supervision.,University of South Florida,70322.00000000006,61692.094,8629.906250000058,65844.99999999997,11.09505877414432,68688.21,11.137333,-2843.210937500029,83,59259.999999999956,10.989689821127556,58752.758,10.981093,507.24218749995634,75.0,17,high,0.00863350430491686,0.008504597953469433,-0.04139299741096899,-0.040835935576772536,0.13988674602246026,0.1372445115200334,8.0,11.0,2.0,3.0,-9.0,-6.0,4.58257569495584,0.229128784747792,0.14245673304551476,0.008504597953469433
1304,5,137476,1,"Private, nonprofit",32.0,25.922071,-80.253273,21,13,0.9791,26170.0,0.7702970297,2,24.0,1,open,11.217560622139024,11.040853,Educational Administration and Supervision.,St. Thomas University,74425.99999999994,62370.805,12055.195312499942,69390.00000000004,11.147498043893595,69210.24,11.144904,179.75781250004366,70,57180.99999999996,10.953976954355767,51011.168,10.8398,6169.832031249964,68.0,17,high,0.12095061291342457,0.11892641996945234,0.0025972718317189987,0.002554646406378469,0.1932826644277042,0.18575439045317788,2.0,8.0,1.0,6.0,-7.0,-1.0,3.785938897200183,0.18929694486000914,0.14245673304551476,0.11892641996945234
1304,5,137546,1,"Private, nonprofit",48.0,29.035475,-81.300746,13,14,0.716,52032.0,0.5486725664,2,20.0,1,open,11.1182073999587,11.190182,Educational Administration and Supervision.,Stetson University,67387.00000000001,72415.945,-5028.945312499985,69259.00000000001,11.145608379503926,67869.98,11.125349,1389.0234375000146,85,59835.00000000002,10.999346053007617,61029.676,11.019115,-1194.6757812499782,38.0,17,high,-0.019575325707645582,-0.018933598877865783,0.02046594838913629,0.02019806209391134,-0.06944527604795238,-0.06774621779955162,10.0,6.0,11.0,-4.0,5.0,1.0,2.6457513110645907,0.13228756555322954,0.14245673304551476,-0.018933598877865783
1304,5,137564,1,"Private, nonprofit",18.0,28.029733,-81.918382,12,13,0.5298,39372.0,0.6645474944,2,23.0,1,mid,10.934391858180161,10.880618,Educational Administration and Supervision.,Southeastern University,56072.00000000004,53136.434,2935.5664062500364,65848.99999999997,11.095119521027264,62917.258,11.049576,2931.742187499971,32,58484.00000000002,10.976508491537329,53903.094,10.894943,4580.906250000022,23.0,17,high,0.0849841063157905,0.08008027203032833,0.04659678901195708,0.044714208734571756,0.05524583054808787,0.05116876455384358,4.0,5.0,5.0,1.0,0.0,1.0,0.5773502691896258,0.02886751345948129,0.14245673304551476,0.05116876455384358
1304,5,138354,3,Public,228.0,30.549076,-87.218511,41,12,0.5824,34583.0,0.6786062378,2,24.0,1,mid,11.097425172408931,11.264388,Educational Administration and Supervision.,University of West Florida,66001.0,77994.07,-11993.0703125,69829.00000000001,11.153804675244917,71439.36,11.176604,-1610.3593749999854,240,60344.00000000002,11.007816801533467,55888.3,10.93111,4455.699218750022,160.0,17,high,0.07972507942565445,0.07923353403553333,-0.02254162675993321,-0.022453673642039998,-0.15376900146956285,-0.1531573228481517,5.0,9.0,15.0,4.0,6.0,10.0,5.033222956847166,0.2516611478423583,0.14245673304551476,-0.022453673642039998
1304,5,449038,3,"Private, for-profit",195.0,27.997442,-82.35991,21,6,,18178.0,0.8626386594,1,33.0,5,,10.849123471604749,10.9786415,Educational Administration and Supervision.,Strayer University-Florida,51489.00000000003,58608.883,-7119.882812499971,56068.000000000015,10.934320518782949,62341.965,11.04039,-6273.964843749985,280,47858.00000000003,10.775993572039262,59748.31,10.997896,-11890.30859374997,274.0,17,high,-0.19900661413859275,-0.19835061743081803,-0.10063790673705358,-0.1003095957627263,-0.12148129209829359,-0.12090155789175344,17.0,13.0,14.0,-4.0,1.0,-3.0,2.0816659994661326,0.10408329997330663,0.14245673304551476,-0.12090155789175344
1304,5,482459,1,"Private, for-profit",42.0,28.53732,-81.379188,11,6,,22648.0,0.7560557866,2,31.0,1,,11.022327214884207,11.029111,Educational Administration and Supervision.,DeVry University-Florida,61226.00000000003,61642.754,-416.7539062499709,61696.00000000003,11.029974377970218,73704.98,11.207826,-12008.97656249997,36,61426.00000000005,11.025588477273143,61701.977,11.030071,-275.97656249994907,18.0,17,high,-0.004472734552035025,-0.004135509070331103,-0.16293304906374478,-0.15717425747117403,-0.006760793115826643,-0.006567840062720645,9.0,17.0,7.0,8.0,-10.0,-2.0,5.291502622129181,0.2645751311064591,0.14245673304551476,-0.006567840062720645
1304,6,132657,3,"Private, nonprofit",18.0,26.385985,-80.122806,13,11,0.7347,41024.0,0.604197901,2,21.0,1,open,11.462400296551008,11.274042,Educational Administration and Supervision.,Lynn University,95072.99999999997,78750.68,16322.32031249997,83158.00000000006,11.328497691658693,97492.96,11.487535,-14334.960937499942,22,68253.99999999996,11.130991319388428,90163.16,11.409376,-21909.156250000044,28.0,4,low,-0.242994557435982,-0.23173256555595123,-0.14703585571362104,-0.13801151250344207,0.2072657706228127,0.19196984300631034,4.0,4.0,1.0,0.0,-3.0,-3.0,1.7320508075688772,0.08660254037844387,0.05580127018922193,-0.13801151250344207
1304,6,134097,2,Public,18.0,30.443147,-84.295064,12,15,0.2422,43729.0,0.5975318884,2,20.0,1,elite,11.390407487146906,11.350839,Educational Administration and Supervision.,Florida State University,88469.00000000004,85036.734,3432.2656250000437,102524.00000000007,11.537852196494088,86549.62,11.368473,15974.382812500073,36,84466.00000000004,11.344104365510093,73936.664,11.210964,10529.335937500044,31.0,4,low,0.14241021110445834,0.13652515694241676,0.18456907530732772,0.17804556859560738,0.040362152312484585,0.03738348121612915,3.0,1.0,3.0,-2.0,2.0,0.0,1.1547005383792515,0.057735026918962574,0.05580127018922193,0.13652515694241676
1304,6,134130,3,Public,24.0,29.64629,-82.347911,12,16,0.242,39127.0,0.6673828964,2,21.0,1,elite,11.401725711878003,11.388675,Educational Administration and Supervision.,University of Florida,89475.99999999997,88315.836,1160.164062499971,86490.0,11.367784079300558,90227.07,11.410085,-3737.0703125,23,91173.99999999996,11.420525047697895,79546.93,11.284102,11627.070312499956,22.0,4,low,0.14616617332908868,0.13730833848702856,-0.04141850444170156,-0.03899779940097503,0.013136534916807042,0.012429441695628185,2.0,3.0,4.0,1.0,1.0,2.0,1.0,0.05,0.05580127018922193,0.012429441695628185
1304,6,135081,3,"Private, nonprofit",24.0,26.185869,-80.163959,12,15,0.9697,21659.0,0.7867955286,2,28.0,1,open,11.32856984086328,11.226806,Educational Administration and Supervision.,Keiser University-Ft Lauderdale,83164.00000000003,75117.266,8046.734375000029,80618.0,11.297477228623425,73986.25,11.211635,6631.75,21,64892.99999999997,11.08049503863161,53489.13,10.887234,11403.87109374997,20.0,4,low,0.21319979081613857,0.19885863846932722,0.08963489837638751,0.08384590788631749,0.10712230148486623,0.10135628680163974,1.0,2.0,2.0,1.0,0.0,1.0,0.5773502691896257,0.028867513459481287,0.05580127018922193,0.10135628680163974
1305,5,134097,2,Public,29.0,30.443147,-84.295064,12,15,0.2422,43729.0,0.5975318884,2,20.0,1,elite,11.227095010548584,11.0772505,Educational/Instructional Media Design.,Florida State University,75139.00000000004,64682.793,10456.207031250044,77040.99999999999,11.252093026657754,74407.914,11.217318,2633.0859374999854,31,62599.00000000006,11.044504582519703,59672.855,10.996633,2926.144531250058,24.0,3,low,0.04903644225275003,0.04633710005612293,0.03538717582229609,0.03390524536181295,0.16165361066430323,0.15461506717232223,2.0,3.0,2.0,1.0,-1.0,0.0,0.5773502691896258,0.2886751345948129,0.1924500897298753,0.04633710005612293
1305,5,134237,3,"Private, for-profit",97.0,28.596546,-81.301286,21,15,,21349.0,0.7669108669,1,25.0,1,,11.13267478450279,10.8902,Educational/Instructional Media Design.,Full Sail University,68368.99999999994,53648.01,14720.988281249942,69640.99999999997,11.151108753342497,57494.742,10.959449,12146.25781249997,60,58653.99999999995,10.979411052949546,36000.4,10.491285,22653.60156249995,52.0,3,low,0.6292597456061128,0.6148815387838862,0.21125858383517898,0.207111359217738,0.2743995128547318,0.27143980151810077,1.0,1.0,1.0,0.0,0.0,0.0,0.0,0.0,0.1924500897298753,0.27143980151810077
1305,5,137032,3,"Private, nonprofit",24.0,28.336776,-82.257801,31,12,0.784,22361.0,0.7686491935,2,30.0,1,open,11.210901030802571,11.212735,Educational/Instructional Media Design.,Saint Leo University,73932.0,74067.73,-135.7265625,70165.99999999997,11.158619142203678,65969.99,11.096955,4196.007812499971,23,60465.999999999985,11.00983650257596,60368.55,11.008224,97.44921874998545,16.0,3,low,0.001614238166874339,0.0014762135652818848,0.06360479474628512,0.059887411674826654,-0.0018324656203059088,-0.0017338304759267123,3.0,2.0,3.0,-1.0,1.0,0.0,0.5773502691896258,0.2886751345948129,0.1924500897298753,0.0014762135652818848
1310,3,132709,1,Public,20.0,26.119422,-80.14183,12,15,,20743.0,0.9264472291,1,24.0,1,,10.880779305967682,10.84145,Special Education and Teaching.,Broward College,53144.999999999985,51095.4,2049.6015624999854,59330.00000000001,10.990870359252689,48136.977,10.781806,11193.023437500007,21,49262.000000000015,10.804908271743555,49230.65,10.804272,31.351562500014552,16.0,5,low,0.0006368301758165229,0.0005823783402058422,0.23252443831754224,0.2175070534985539,0.04011323182080794,0.037473178058563685,5.0,1.0,2.0,-4.0,1.0,-3.0,2.081665999466133,0.2081665999466133,0.15737534540677806,0.037473178058563685
1310,3,136172,1,Public,22.0,30.27194,-81.509144,11,15,0.5324,37074.0,0.6143506622,2,22.0,1,mid,10.865860022197287,10.896441,Special Education and Teaching.,University of North Florida,52357.99999999996,53983.914,-1625.9140625000364,59429.000000000015,10.992537601700546,51453.29,10.84843,7975.710937500015,21,47734.00000000003,10.77339921122349,42160.766,10.649245,5573.234375000029,19.0,5,low,0.13219006563047986,0.12278863811389873,0.15500876781291797,0.14499766389022037,-0.030118491605066477,-0.028333255502303856,3.0,2.0,4.0,-1.0,2.0,1.0,1.0,0.1,0.15737534540677806,0.12278863811389873
1310,3,137351,1,Public,29.0,28.061458,-82.413232,11,15,0.4319,32495.0,0.6858996244,2,22.0,1,mid,10.87568591634858,10.84843,Special Education and Teaching.,University of South Florida,52875.000000000044,51453.29,1421.7109375000437,51758.99999999996,10.854353609049973,55656.082,10.926947,-3897.0820312500364,17,50974.99999999999,10.839090595442656,40852.74,10.617729,10122.261718749993,17.0,5,low,0.24777437558930443,0.22791230982923358,-0.07002077561014602,-0.06433927346302673,0.027631099263121933,0.026428016368186792,1.0,4.0,3.0,3.0,-1.0,2.0,1.5275252316519468,0.15275252316519466,0.15737534540677806,0.026428016368186792
1310,3,138354,3,Public,79.0,30.549076,-87.218511,41,12,0.5824,34583.0,0.6786062378,2,24.0,1,mid,10.764286715905591,10.888435,Special Education and Teaching.,University of West Florida,47300.99999999998,53553.445,-6252.445312500022,47967.99999999998,10.778289400902324,53158.125,10.881026,-5190.125000000022,45,46643.00000000004,10.750278141425756,40858.664,10.617874,5784.335937500036,58.0,5,low,0.14156938485927856,0.13871906586062688,-0.09763559192503539,-0.09496285059943878,-0.11675150452067419,-0.11515102718753588,2.0,5.0,5.0,3.0,0.0,3.0,1.7320508075688772,0.17320508075688773,0.15737534540677806,-0.09496285059943878
1310,3,433660,1,Public,30.0,26.463638,-81.7726,21,16,0.6344,43546.0,0.5981697171,2,21.0,1,mid,10.915342977277955,10.870256,Special Education and Teaching.,Florida Gulf Coast University,55013.99999999998,52588.695,2425.304687499978,56466.99999999998,10.941411675702279,54027.234,10.8972435,2439.765624999978,24,46865.99999999999,10.755047744838352,41775.02,10.640054,5090.980468749993,18.0,5,low,0.12186662091065358,0.11267838730051767,0.04515806987390289,0.04264005232712455,0.046118365802535866,0.04418577938464379,4.0,3.0,1.0,-1.0,-2.0,-3.0,1.5275252316519465,0.15275252316519466,0.15737534540677806,0.04418577938464379
1310,5,133951,3,Public,18.0,25.75732,-80.373928,21,15,0.5466,23924.0,0.8131269705,2,23.0,1,mid,11.08328036286033,11.084236,Special Education and Teaching.,Florida International University,65074.00000000002,65136.223,-62.22265624997817,66851.00000000004,11.110221541281334,66947.87,11.11167,-96.86718749995634,47,61563.00000000001,11.027816319708874,61810.34,11.031826,-247.33984374999272,56.0,6,medium,-0.004001593331718313,-0.003917679809992237,-0.0014469047569306683,-0.001409230614994701,-0.0009552696443321884,-0.0008847720639066299,2.0,2.0,2.0,0.0,0.0,0.0,0.0,0.0,0.07698003589195011,-0.001409230614994701
1310,5,134130,3,Public,71.0,29.64629,-82.347911,12,16,0.242,39127.0,0.6673828964,2,21.0,1,elite,10.949173635394832,11.220865,Special Education and Teaching.,University of Florida,56906.99999999996,74672.35,-17765.351562500036,51699.99999999998,10.85321306049652,72722.19,11.194402,-21022.187500000022,47,51147.000000000015,10.842459118633341,63123.586,11.05285,-11976.585937499985,49.0,6,medium,-0.18973234425177077,-0.185088796773383,-0.28907529081135,-0.2815484211372809,-0.23791070176262785,-0.23421675485893312,5.0,6.0,6.0,1.0,0.0,1.0,0.5773502691896258,0.05773502691896258,0.07698003589195011,-0.23421675485893312
1310,5,136215,3,"Private, nonprofit",59.0,26.082288,-80.249891,21,16,0.7321,31002.0,0.6566484517,2,24.0,1,open,10.942137500031555,11.081968,Special Education and Teaching.,Nova Southeastern University,56507.999999999985,64988.67,-8480.671875000015,58972.00000000005,10.984818033969711,67295.65,11.116851,-8323.648437499949,40,55479.99999999995,10.923777874428767,64620.332,11.076284,-9140.332031250051,37.0,6,medium,-0.14144668936132737,-0.13666623399614153,-0.12368776630825445,-0.11981171302048765,-0.13049461745135893,-0.1279811579809958,4.0,5.0,5.0,1.0,0.0,1.0,0.5773502691896258,0.05773502691896258,0.07698003589195011,-0.1279811579809958
1310,5,137032,3,"Private, nonprofit",28.0,28.336776,-82.257801,31,12,0.784,22361.0,0.7686491935,2,30.0,1,open,10.901855843445738,11.045056,Special Education and Teaching.,Saint Leo University,54276.99999999999,62633.55,-8356.550781250007,53279.999999999985,10.88331630521427,59337.816,10.991002,-6057.816406250015,19,50378.000000000015,10.82730985082563,63312.953,11.055845,-12934.953124999985,17.0,6,medium,-0.20430184482884972,-0.18792461991508197,-0.10209031563911661,-0.09473912004653585,-0.13341971957546478,-0.12737615132289906,6.0,4.0,4.0,-2.0,0.0,-2.0,1.1547005383792517,0.11547005383792516,0.07698003589195011,-0.12737615132289906
1310,5,137351,1,Public,54.0,28.061458,-82.413232,11,15,0.4319,32495.0,0.6858996244,2,22.0,1,mid,10.95280454947936,11.0332985,Special Education and Teaching.,University of South Florida,57114.0,61901.43,-4787.4296875,58410.99999999999,10.975259507243907,64133.902,11.068728,-5722.902343750007,40,52101.00000000003,10.860939421415225,52304.0,10.864828,-202.9999999999709,29.0,6,medium,-0.0038811563169159316,-0.0037082358093107693,-0.08923365232129396,-0.08643730146313873,-0.07733956568804007,-0.07568861991687399,1.0,3.0,3.0,2.0,0.0,2.0,1.1547005383792515,0.11547005383792515,0.07698003589195011,-0.07568861991687399
1310,5,138354,3,Public,60.0,30.549076,-87.218511,41,12,0.5824,34583.0,0.6786062378,2,24.0,1,mid,11.190044447868214,10.946612,Special Education and Teaching.,University of West Florida,72406.00000000006,56761.43,15644.570312500058,67666.00000000003,11.122339117090533,56567.05,10.943182,11098.94921875003,151,56136.00000000004,10.935532596932125,64653.312,11.076795,-8517.312499999964,181.0,6,medium,-0.13173822300288116,-0.13103478733607735,0.19620873044399448,0.19489543636333664,0.27561973682888585,0.27041372554542825,3.0,1.0,1.0,-2.0,0.0,-2.0,1.1547005383792517,0.11547005383792516,0.07698003589195011,0.19489543636333664
1311,5,132903,1,Public,34.0,28.602159,-81.200889,21,15,0.4011,31400.0,0.7045342864,2,23.0,1,mid,10.943781931879723,10.930453,Student Counseling and Personnel Services.,University of Central Florida,56601.00000000002,55851.594,749.4062500000218,57137.00000000004,10.953207171781322,60713.113,11.013915,-3576.1132812499636,34,45569.00000000002,10.726982939755574,51291.465,10.84528,-5722.464843749978,75.0,9,medium,-0.11156758461046908,-0.1099017754831432,-0.0589018267714888,-0.05668013880235271,0.013417813166701655,0.012930018326441422,6.0,6.0,3.0,0.0,-3.0,-3.0,1.7320508075688772,0.21650635094610965,0.24087352171144508,-0.05668013880235271
1311,5,133669,1,Public,30.0,26.372421,-80.102978,13,15,0.6613,28064.0,0.7219053052,2,23.0,1,mid,11.050778888089262,10.97629,Student Counseling and Personnel Services.,Florida Atlantic University,62993.00000000001,58471.207,4521.792968750007,65702.99999999994,11.092899865530676,59497.668,10.993692,6205.332031249942,47,53838.0,10.893734816526113,59733.723,10.997652,-5895.72265625,64.0,9,medium,-0.09870007081557848,-0.09692756761797772,0.10429538237547684,0.10157976545593969,0.07733366896861442,0.07409300777661945,5.0,1.0,2.0,-4.0,1.0,-3.0,2.081665999466133,0.26020824993326663,0.24087352171144508,0.07409300777661945
1311,5,133951,1,Public,39.0,25.75732,-80.373928,21,15,0.5466,23924.0,0.8131269705,2,23.0,1,mid,10.87360337110519,11.08276,Student Counseling and Personnel Services.,Florida International University,52764.999999999985,65040.14,-12275.140625000015,58182.00000000001,10.971331307532601,63971.3,11.06619,-5789.300781249993,59,46820.00000000004,10.754065741044903,53394.332,10.88546,-6574.332031249964,52.0,9,medium,-0.12312790105515725,-0.12031450255109044,-0.0904984064814708,-0.08868685166910596,-0.18873176636831748,-0.18286667639684576,8.0,7.0,9.0,-1.0,2.0,1.0,1.0,0.125,0.24087352171144508,-0.12031450255109044
1311,5,134097,2,Public,44.0,30.443147,-84.295064,12,15,0.2422,43729.0,0.5975318884,2,20.0,1,elite,10.839208293273229,10.968666,Student Counseling and Personnel Services.,Florida State University,50981.00000000003,58027.137,-7046.136718749971,59114.00000000003,10.987223061973808,60775.855,11.014948,-1661.855468749971,37,57059.000000000015,10.951841099202072,52667.188,10.871748,4391.812500000015,40.0,9,medium,0.08338802029252111,0.08081026625014043,-0.027344007845425906,-0.02640726460600475,-0.12142830263884433,-0.11814351579919127,1.0,4.0,7.0,3.0,3.0,6.0,3.0,0.375,0.24087352171144508,-0.02640726460600475
1311,5,134130,1,Public,39.0,29.64629,-82.347911,12,16,0.242,39127.0,0.6673828964,2,21.0,1,elite,10.94397625585373,11.137113,Student Counseling and Personnel Services.,University of Florida,56612.000000000044,68673.086,-12061.085937499956,60270.00000000001,11.00658974647709,76654.36,11.247062,-16384.359374999993,40,48924.00000000002,10.798023352607254,65190.168,11.085064,-16266.167968749978,40.0,9,medium,-0.2495187307470574,-0.24180541755678597,-0.21374334752243165,-0.20704518626016208,-0.17563046385416348,-0.17017251423573132,9.0,9.0,8.0,0.0,-1.0,-1.0,0.5773502691896257,0.07216878364870322,0.24087352171144508,-0.20704518626016208
1311,5,136172,1,Public,34.0,30.27194,-81.509144,11,15,0.5324,37074.0,0.6143506622,2,22.0,1,mid,10.912722030053022,10.921798,Student Counseling and Personnel Services.,University of North Florida,54870.000000000044,55370.254,-500.25390624995634,60301.99999999996,11.007120549661101,56301.562,10.9384775,4000.4374999999636,26,51862.00000000004,10.85634162371733,50660.703,10.832906,1201.2968750000364,28.0,9,medium,0.02371259775127798,0.022613597484987306,0.07105375627896586,0.06742890578409427,-0.009034704935559081,-0.008706254807651784,4.0,3.0,6.0,-1.0,3.0,2.0,1.5275252316519465,0.19094065395649332,0.24087352171144508,0.022613597484987306
1311,5,136330,1,"Private, nonprofit",17.0,26.7044,-80.05247,12,11,0.8199,52817.0,0.5402097902,2,22.0,1,open,10.938716208481797,10.947777,Student Counseling and Personnel Services.,Palm Beach Atlantic University,56314.999999999985,56827.562,-512.5625000000146,59954.00000000005,11.001332880498387,62566.33,11.0439825,-2612.328124999949,27,54488.000000000015,10.905735772921155,50642.008,10.832537,3845.9921875000146,21.0,9,medium,0.07594470191110207,0.07110127956816314,-0.041752939692750256,-0.03971077087852975,-0.0090196108622469,-0.008311736921308722,3.0,5.0,5.0,2.0,0.0,2.0,1.1547005383792517,0.14433756729740646,0.24087352171144508,-0.008311736921308722
1311,5,137351,1,Public,40.0,28.061458,-82.413232,11,15,0.4319,32495.0,0.6858996244,2,22.0,1,mid,10.929618750089816,10.934792,Student Counseling and Personnel Services.,University of South Florida,55805.00000000002,56094.414,-289.4140624999782,56189.99999999998,10.936494084106243,64356.8,11.072198,-8166.800781250022,18,54334.000000000015,10.902905460984165,50105.973,10.821896,4228.027343750015,22.0,9,medium,0.08438170380916912,0.0792680774549345,-0.12689879984881683,-0.11721310807382536,-0.005159409672726326,-0.005003665979521705,2.0,8.0,4.0,6.0,-4.0,2.0,3.0550504633038935,0.3818813079129867,0.24087352171144508,-0.005003665979521705
1311,5,433660,1,Public,24.0,26.463638,-81.7726,21,16,0.6344,43546.0,0.5981697171,2,21.0,1,mid,11.004164375253117,10.8495035,Student Counseling and Personnel Services.,Florida Gulf Coast University,60124.00000000001,51508.574,8615.425781250007,67595.00000000004,11.121289294798506,62352.305,11.040556,5242.695312500044,43,50427.00000000004,10.828282024901505,57325.18,10.956495,-6898.179687499964,51.0,9,medium,-0.12033420087131695,-0.11752217988316255,0.08408182085290372,0.08165662320985526,0.16726197360193762,0.15825885303445744,7.0,2.0,1.0,-5.0,-1.0,-6.0,3.2145502536643185,0.4018187817080398,0.24087352171144508,0.08165662320985526
1312,3,132851,1,Public,25.0,29.166079,-82.175692,13,12,,21993.0,0.8733662504,1,24.0,1,,10.795239659963128,10.682224,"Teacher Education and Professional Development, Specific Levels and Methods.",College of Central Florida,48787.99999999996,43574.363,5213.636718749964,52015.00000000002,10.859287417504996,44530.51,10.70393,7484.488281250022,16,48537.00000000001,10.790081672673447,44117.324,10.694608,4419.675781250007,21.0,20,high,0.10018005079672605,0.09379100344864912,0.1680755058132109,0.1535310292327482,0.11964917731783326,0.11349523192704761,10.0,1.0,3.0,-9.0,2.0,-7.0,4.725815626252608,0.19690898442719199,0.18520113271724253,0.11349523192704761
1312,3,132903,1,Public,239.0,28.602159,-81.200889,21,15,0.4011,31400.0,0.7045342864,2,23.0,1,mid,10.829015489762766,10.854199,"Teacher Education and Professional Development, Specific Levels and Methods.",University of Central Florida,50464.00000000003,51751.02,-1287.019531249971,51784.0,10.854836500225346,54743.332,10.910411,-2959.33203125,288,46646.0,10.750342457690289,45665.98,10.729109,980.01953125,565.0,20,high,0.021460604178216297,0.021429944437269328,-0.05405831032646456,-0.05388762592390815,-0.024869452677599917,-0.02477580042847797,14.0,17.0,13.0,3.0,-4.0,-1.0,2.081665999466133,0.08673608331108888,0.18520113271724253,-0.02477580042847797
1312,3,133386,2,Public,44.0,29.20278,-81.049513,13,12,,21285.0,0.8535849057,1,25.0,1,,10.758817356049141,10.63144,"Teacher Education and Professional Development, Specific Levels and Methods.",Daytona State College,47042.999999999985,41416.73,5626.269531249985,50619.00000000004,10.832082278866448,52334.99,10.86542,-1715.9882812499636,48,44868.99999999997,10.711502412115928,43938.87,10.690555,930.1289062499709,73.0,20,high,0.021168702861423205,0.020842521905979187,-0.03278854811294089,-0.03195527841000924,0.1358453327332333,0.13217054727141567,15.0,15.0,2.0,0.0,-13.0,-13.0,7.505553499465135,0.3127313958110473,0.18520113271724253,0.020842521905979187
1312,3,133508,1,Public,82.0,26.552403,-81.887102,21,12,,25854.0,0.8308977035,1,23.0,1,,10.819598268208338,10.873642,"Teacher Education and Professional Development, Specific Levels and Methods.",Florida SouthWestern State College,49990.99999999997,52767.04,-2776.039062500029,57918.00000000004,10.96678349607667,51210.133,10.843693,6707.867187500036,65,51447.99999999997,10.848326867814698,44928.03,10.712817,6519.968749999971,81.0,20,high,0.14512028612426614,0.14313945163755573,0.13098710780657646,0.12864392700026533,-0.05260933931145815,-0.05191885427562394,6.0,2.0,15.0,-4.0,13.0,9.0,6.6583281184793925,0.2774303382699747,0.18520113271724253,0.12864392700026533
1312,3,133669,1,Public,264.0,26.372421,-80.102978,13,15,0.6613,28064.0,0.7219053052,2,23.0,1,mid,10.890143547070847,10.834398,"Teacher Education and Professional Development, Specific Levels and Methods.",Florida Atlantic University,53645.000000000044,50736.367,2908.6328125000437,56073.00000000004,10.934409692234288,52890.016,10.87597,3182.9843750000364,144,50178.00000000001,10.823331962609581,44022.125,10.692448,6155.875000000007,131.0,20,high,0.13983593477143613,0.13874710216601566,0.06018119558836936,0.05975544271187109,0.05732836175974081,0.0571360499575554,8.0,6.0,8.0,-2.0,2.0,0.0,1.1547005383792517,0.04811252243246882,0.18520113271724253,0.05975544271187109
1312,3,133702,1,Public,26.0,30.334918,-81.659901,11,15,,25081.0,0.8159581286,1,25.0,1,,10.671950903655498,10.819492,"Teacher Education and Professional Development, Specific Levels and Methods.",Florida State College at Jacksonville,43128.99999999999,49985.703,-6856.703125000007,48274.99999999998,10.784669107296715,51500.566,10.849348,-3225.566406250022,23,45007.99999999996,10.714595530729637,45345.098,10.722057,-337.0976562500364,31.0,20,high,-0.007434048522852251,-0.0071268389635030256,-0.06263166856857275,-0.05897115986946075,-0.13717328548631888,-0.13042063555621047,17.0,18.0,20.0,1.0,2.0,3.0,1.5275252316519465,0.06364688465216443,0.18520113271724253,-0.05897115986946075
1312,3,133711,1,"Private, nonprofit",36.0,29.892733,-81.314887,23,10,0.8076,53601.0,0.5154411765,2,22.0,1,open,10.714395546283317,10.641501,"Teacher Education and Professional Development, Specific Levels and Methods.",Flagler College,44998.99999999998,41835.535,3163.464843749978,49796.99999999999,10.815710020234329,44628.47,10.706127,5168.531249999993,46,43357.99999999996,10.67724650958846,37619.41,10.535275,5738.589843749964,43.0,20,high,0.15254332324497033,0.14820346611006235,0.11581242634501084,0.11272129593826491,0.07561669360592305,0.0730412751879784,5.0,4.0,7.0,-1.0,3.0,2.0,1.5275252316519465,0.06364688465216443,0.18520113271724253,0.11272129593826491
1312,3,133951,1,Public,233.0,25.75732,-80.373928,21,15,0.5466,23924.0,0.8131269705,2,23.0,1,mid,10.878160393673937,10.938759,"Teacher Education and Professional Development, Specific Levels and Methods.",Florida International University,53005.99999999996,56317.402,-3311.4023437500364,53853.99999999998,10.894031960234424,59521.67,10.994096,-5667.671875000022,299,44521.99999999998,10.703738728010274,45033.65,10.715165,-511.6484375000218,312.0,20,high,-0.011361469817621232,-0.011329255367090235,-0.09522030709927908,-0.09493244502538194,-0.058798918379400884,-0.05857085068395703,19.0,19.0,16.0,0.0,-3.0,-3.0,1.7320508075688772,0.07216878364870322,0.18520113271724253,-0.05857085068395703
1312,3,134079,2,"Private, nonprofit",60.0,28.032443,-81.948203,12,14,0.6442,66112.0,0.4608177172,2,21.0,1,mid,10.8136193570947,10.705314,"Teacher Education and Professional Development, Specific Levels and Methods.",Florida Southern College,49693.00000000002,44592.176,5100.824218750022,49314.99999999999,10.805983573388094,49794.484,10.8156595,-479.4843750000073,45,46088.000000000015,10.73830789141222,38766.004,10.565299,7321.996093750015,41.0,20,high,0.1888767310517021,0.18320104934266804,-0.009629266795676248,-0.009365668872085436,0.11438832327385116,0.11222771275839603,2.0,10.0,4.0,8.0,-6.0,2.0,4.163331998932266,0.17347216662217776,0.18520113271724253,0.11222771275839603
1312,3,134097,1,Public,134.0,30.443147,-84.295064,12,15,0.2422,43729.0,0.5975318884,2,20.0,1,elite,10.818056803511944,10.882161,"Teacher Education and Professional Development, Specific Levels and Methods.",Florida State University,49914.000000000044,53218.484,-3304.4843749999563,51862.99999999998,10.85636090547197,57517.117,10.959838,-5654.117187500022,96,45695.99999999997,10.729766045699256,39783.08,10.591197,5912.921874999971,31.0,20,high,0.14862906928471792,0.1424870228962549,-0.09830320892245295,-0.09718679401129535,-0.06209279376908141,-0.06163369925834211,7.0,20.0,17.0,13.0,-3.0,10.0,6.8068592855540455,0.2836191368980852,0.18520113271724253,-0.06163369925834211
1312,3,136172,1,Public,146.0,30.27194,-81.509144,11,15,0.5324,37074.0,0.6143506622,2,22.0,1,mid,10.836891022686792,10.789173,"Teacher Education and Professional Development, Specific Levels and Methods.",University of North Florida,50862.99999999998,48492.92,2370.078124999978,49545.00000000003,10.810636626493,51294.5,10.845339,-1749.499999999971,104,47209.99999999997,10.762361013540332,46056.06,10.737615,1153.941406249971,140.0,20,high,0.02505514890947628,0.024874620267839063,-0.03410697053290257,-0.03375417338603051,0.04887472301853286,0.04854780736247951,13.0,16.0,9.0,3.0,-7.0,-4.0,3.511884584284246,0.14632852434517693,0.18520113271724253,0.024874620267839063
1312,3,136233,1,Public,34.0,30.540017,-86.47456,22,9,,23721.0,0.9132875858,1,25.0,1,,10.752590924862394,10.762804,"Teacher Education and Professional Development, Specific Levels and Methods.",Northwest Florida State College,46751.00000000002,47230.918,-479.9179687499782,51899.99999999996,10.85707406915398,46247.297,10.741758,5652.703124999964,34,44340.000000000015,10.699642483170303,37782.754,10.539608,6557.246093750015,48.0,20,high,0.17355130094594082,0.16920143739414004,0.12222775182468357,0.11761750557923274,-0.010161097632434595,-0.009791698317143603,3.0,3.0,12.0,0.0,9.0,9.0,5.196152422706632,0.21650635094610968,0.18520113271724253,0.11761750557923274
1312,3,137032,1,"Private, nonprofit",126.0,28.336776,-82.257801,31,12,0.784,22361.0,0.7686491935,2,30.0,1,open,10.789690142092997,10.909891,"Teacher Education and Professional Development, Specific Levels and Methods.",Saint Leo University,48517.99999999997,54714.887,-6196.886718750029,49634.0,10.81243136174723,48039.8,10.779785,1594.19921875,97,45065.00000000004,10.715861170990511,44768.414,10.709258,296.5859375000364,104.0,20,high,0.006624892655030857,0.006557347780142044,0.03318496731510631,0.03281262121290642,-0.11325778212068281,-0.11235793896835052,16.0,8.0,19.0,-8.0,11.0,3.0,5.686240703077327,0.23692669596155527,0.18520113271724253,0.006557347780142044
1312,3,137078,3,Public,42.0,27.773264,-82.636587,11,15,,22640.0,0.8076387681,1,26.0,1,,10.832181051127325,10.757203,"Teacher Education and Professional Development, Specific Levels and Methods.",St Petersburg College,50623.999999999956,46967.117,3656.8828124999563,52046.99999999996,10.859902435494437,53522.605,10.887859,-1475.6054687500364,64,49672.00000000001,10.813196673044729,45965.406,10.735644,3706.5937500000073,73.0,20,high,0.08063876842163246,0.07939623454028019,-0.02756976152088843,-0.027067610841122018,0.07786049115812482,0.07563835253800882,12.0,14.0,6.0,2.0,-8.0,-6.0,4.163331998932265,0.1734721666221777,0.18520113271724253,0.07563835253800882
1312,3,137281,1,Public,34.0,29.647516,-81.681387,32,9,,24832.0,0.8578217822,1,25.0,1,,10.782242550881179,10.7465515,"Teacher Education and Professional Development, Specific Levels and Methods.",Saint Johns River State College,48158.00000000001,46469.5,1688.5000000000073,50390.00000000004,10.827548021674644,48971.094,10.7989855,1418.9062500000364,22,46447.99999999999,10.746088686264411,42610.777,10.6598625,3837.2226562499927,23.0,20,high,0.09005286679692134,0.08485655004020977,0.028974363064946582,0.02719605807039015,0.03633566102497353,0.035014704491653136,11.0,9.0,10.0,-2.0,1.0,-1.0,1.0,0.041666666666666664,0.18520113271724253,0.035014704491653136
1312,3,137351,1,Public,337.0,28.061458,-82.413232,11,15,0.4319,32495.0,0.6858996244,2,22.0,1,mid,10.8187777840767,10.847778,"Teacher Education and Professional Development, Specific Levels and Methods.",University of South Florida,49949.99999999999,51419.785,-1469.7851562500073,51649.99999999997,10.852245474547784,52528.14,10.869104,-878.1406250000291,331,50442.00000000003,10.828579440363352,44681.91,10.707324,5760.089843750029,292.0,20,high,0.128913240808357,0.12851853770578692,-0.016717527301586817,-0.016672604462357892,-0.028584039232831315,-0.02851179732323546,9.0,12.0,14.0,3.0,2.0,5.0,2.5166114784235836,0.10485881160098265,0.18520113271724253,-0.016672604462357892
1312,3,137564,1,"Private, nonprofit",19.0,28.029733,-81.918382,12,13,0.5298,39372.0,0.6645474944,2,23.0,1,mid,10.81335771660736,10.72632,"Teacher Education and Professional Development, Specific Levels and Methods.",Southeastern University,49679.99999999998,45538.812,4141.187499999978,49334.00000000001,10.80636877750035,47271.652,10.763666,2062.3476562500073,46,42581.99999999997,10.659186907753037,42980.746,10.668508,-398.7460937500291,32.0,20,high,-0.009277319032114529,-0.008907468190755143,0.04362757707839421,0.04246312060048634,0.09093753817142197,0.08460833897389158,18.0,7.0,5.0,-11.0,-2.0,-13.0,7.0,0.2916666666666667,0.18520113271724253,0.04246312060048634
1312,3,137847,1,"Private, nonprofit",18.0,27.948455,-82.46483,11,13,0.4034,75458.0,0.429463171,2,20.0,1,mid,10.817996698327853,10.907413,"Teacher Education and Professional Development, Specific Levels and Methods.",The University of Tampa,49911.00000000004,54579.44,-4668.441406249964,53942.000000000015,10.895664674241416,54474.55,10.905489,-532.5507812499854,38,50477.0,10.829273065972073,38969.69,10.570539,11507.30859375,34.0,20,high,0.2952886763661784,0.2842993914628123,-0.009776139015602274,-0.009451272007515846,-0.08553479636226859,-0.07922244652313154,1.0,11.0,18.0,10.0,7.0,17.0,8.54400374531753,0.3560001560548971,0.18520113271724253,-0.009451272007515846
1312,3,138275,2,"Private, nonprofit",39.0,27.825751,-81.599972,41,8,0.4281,29095.0,0.7985915493,2,25.0,1,mid,10.822215312443701,10.568169,"Teacher Education and Professional Development, Specific Levels and Methods.",Warner University,50122.00000000004,38877.41,11244.589843750036,48818.99999999996,10.795874860328723,50122.61,10.8222275,-1303.6093750000364,70,38856.0,10.56761778402558,44914.625,10.712519,-6058.625,55.0,20,high,-0.13489203127043808,-0.13200364631082134,-0.026008410002098706,-0.025581569990502147,0.2892319678331849,0.28024370079891725,20.0,13.0,1.0,-7.0,-12.0,-19.0,9.60902353693305,0.40037598070554375,0.18520113271724253,-0.025581569990502147
1312,3,433660,1,Public,125.0,26.463638,-81.7726,21,16,0.6344,43546.0,0.5981697171,2,21.0,1,mid,10.862416229094517,10.8699465,"Teacher Education and Professional Development, Specific Levels and Methods.",Florida Gulf Coast University,52178.00000000001,52572.4,-394.3984374999927,58114.99999999997,10.970179085077808,54435.97,10.90478,3679.031249999971,112,50950.99999999996,10.83861966554364,44309.465,10.698954,6641.535156249964,109.0,20,high,0.14988976237176954,0.1484430994138308,0.06758456466341423,0.06694342203179157,-0.007502005790526527,-0.007441844090623597,4.0,5.0,11.0,1.0,6.0,7.0,3.7859388972001824,0.1577474540500076,0.18520113271724253,0.06694342203179157
1312,5,133951,1,Public,21.0,25.75732,-80.373928,21,15,0.5466,23924.0,0.8131269705,2,23.0,1,mid,11.095666076979352,11.014288,"Teacher Education and Professional Development, Specific Levels and Methods.",Florida International University,65884.99999999997,60735.766,5149.234374999971,57447.999999999956,10.958635469790153,65212.55,11.085407,-7764.550781250044,30,52398.999999999985,10.866642786157566,53663.668,10.8904915,-1264.6679687500146,32.0,5,low,-0.023566558467201116,-0.02262705089536192,-0.11906528249900199,-0.11389125391852747,0.084780924748571,0.07949154402060832,2.0,4.0,1.0,2.0,-3.0,-1.0,1.5275252316519465,0.06364688465216443,0.042125420527532445,-0.02262705089536192
1312,5,134130,1,Public,145.0,29.64629,-82.347911,12,16,0.242,39127.0,0.6673828964,2,21.0,1,elite,10.926495878820052,11.146677,"Teacher Education and Professional Development, Specific Levels and Methods.",University of Florida,55631.00000000004,69333.055,-13702.054687499964,55853.00000000002,10.930478518363595,77703.93,11.260661,-21850.929687499978,91,50802.0,10.835691002870332,63191.043,11.053918,-12389.04296875,88.0,5,low,-0.1960569471036707,-0.1936275227201966,-0.2812075241931435,-0.27780820454824895,-0.19762658300947897,-0.1962940355062064,5.0,5.0,5.0,0.0,0.0,0.0,0.0,0.0,0.042125420527532445,-0.1962940355062064
1312,5,136172,1,Public,16.0,30.27194,-81.509144,11,15,0.5324,37074.0,0.6143506622,2,22.0,1,mid,10.828103533156273,10.889473,"Teacher Education and Professional Development, Specific Levels and Methods.",University of North Florida,50418.00000000001,53609.035,-3191.0351562499927,54129.99999999996,10.899143839791023,59339.516,10.991031,-5209.515625000036,22,49299.000000000015,10.8056590758494,51947.125,10.857982,-2648.1249999999854,20.0,5,low,-0.05097731587647989,-0.0475482625438404,-0.08779167760522205,-0.08240345290409894,-0.059524204212020156,-0.05454004669520625,4.0,3.0,2.0,-1.0,-1.0,-2.0,1.0,0.041666666666666664,0.042125420527532445,-0.05454004669520625
1312,5,137351,1,Public,75.0,28.061458,-82.413232,11,15,0.4319,32495.0,0.6858996244,2,22.0,1,mid,10.906762994377685,10.973037,"Teacher Education and Professional Development, Specific Levels and Methods.",University of South Florida,54544.00000000002,58281.312,-3737.312499999978,59327.99999999997,10.990836648925526,61472.8,11.02635,-2144.800781250029,58,54621.99999999998,10.90819201098127,53883.105,10.894572,738.8945312499782,42.0,5,low,0.013712916596436833,0.013312091325796466,-0.03489024013859836,-0.034177841133836505,-0.06412540040171501,-0.06319139721141258,1.0,2.0,3.0,1.0,1.0,2.0,1.0,0.041666666666666664,0.042125420527532445,-0.034177841133836505
1312,5,137564,1,"Private, nonprofit",19.0,28.029733,-81.918382,12,13,0.5298,39372.0,0.6645474944,2,23.0,1,mid,10.844587963318858,10.943993,"Teacher Education and Professional Development, Specific Levels and Methods.",Southeastern University,51256.00000000004,56612.926,-5356.925781249964,54927.99999999998,10.913778515697473,55100.18,10.916908,-172.17968750002183,18,48419.0,10.787647577655898,50289.04,10.825542,-1870.0390625,32.0,5,low,-0.0371858181695595,-0.035703363368874044,-0.003124848021849236,-0.0028863405275358,-0.09462372253907002,-0.0880379670765384,3.0,1.0,4.0,-2.0,3.0,1.0,1.5275252316519465,0.06364688465216443,0.042125420527532445,-0.035703363368874044
1313,3,132903,1,Public,175.0,28.602159,-81.200889,21,15,0.4011,31400.0,0.7045342864,2,23.0,1,mid,10.83903174133217,10.874702,"Teacher Education and Professional Development, Specific Subject Areas.",University of Central Florida,50971.99999999998,52823.02,-1851.0195312500218,53197.00000000004,10.881757282762262,49476.242,10.809248,3720.7578125000364,290,33471.00000000001,10.41843467126129,38629.31,10.561767,-5158.308593749993,437.0,7,medium,-0.13353354697589845,-0.13327709676592342,0.07520291857250373,0.07496737010302301,-0.0350419106608429,-0.034852196540939594,6.0,2.0,4.0,-4.0,2.0,-2.0,2.0,0.16666666666666666,0.0942689560461498,-0.034852196540939594
1313,3,133669,1,Public,61.0,26.372421,-80.102978,13,15,0.6613,28064.0,0.7219053052,2,23.0,1,mid,10.919840790366809,10.816275,"Teacher Education and Professional Development, Specific Subject Areas.",Florida Atlantic University,55262.0,49825.12,5436.87890625,56414.00000000002,10.940472633633293,50731.434,10.834301,5682.566406250022,44,53523.999999999956,10.887885430424879,38978.05,10.570754,14545.949218749956,42.0,7,medium,0.37318308451040194,0.36227503225212776,0.11201273064260699,0.10886613945956997,0.10911923116092527,0.10709738054602191,1.0,1.0,1.0,0.0,0.0,0.0,0.0,0.0,0.0942689560461498,0.10886613945956997
1313,3,133951,1,Public,63.0,25.75732,-80.373928,21,15,0.5466,23924.0,0.8131269705,2,23.0,1,mid,10.78785408682564,10.99564,"Teacher Education and Professional Development, Specific Subject Areas.",Florida International University,48429.000000000015,59613.65,-11184.648437499985,42574.00000000003,10.658999017292624,52797.793,10.874225,-10223.79296874997,103,30578.00000000002,10.32803607512056,42427.902,10.655561,-11849.902343749982,86.0,7,medium,-0.2792950320226137,-0.27574006336599716,-0.19364053673230694,-0.19161482958868814,-0.18761892168412017,-0.18427061167463418,7.0,7.0,7.0,0.0,0.0,0.0,0.0,0.0,0.0942689560461498,-0.19161482958868814
1313,3,134097,1,Public,106.0,30.443147,-84.295064,12,15,0.2422,43729.0,0.5975318884,2,20.0,1,elite,10.847724136060682,10.925385,"Teacher Education and Professional Development, Specific Subject Areas.",Florida State University,51417.000000000015,55569.26,-4152.261718749985,57287.000000000015,10.955829000871807,61635.64,11.0289955,-4348.640624999985,85,50610.00000000002,10.831904464208124,40780.613,10.615962,9829.386718750022,51.0,7,medium,0.24103087050113958,0.2353983582001094,-0.0705539940999029,-0.06963048702691631,-0.0747222761347024,-0.07399570084037942,2.0,5.0,6.0,3.0,1.0,4.0,2.0816659994661326,0.1734721666221777,0.0942689560461498,-0.06963048702691631
1313,3,134130,1,Public,76.0,29.64629,-82.347911,12,16,0.242,39127.0,0.6673828964,2,21.0,1,elite,10.846147539430351,10.919202,"Teacher Education and Professional Development, Specific Subject Areas.",University of Florida,51336.0,55226.707,-3890.70703125,55284.00000000004,10.920238814723918,60424.246,11.009146,-5140.246093749964,83,47572.00000000004,10.769999631847137,42340.836,10.653507,5231.164062500036,79.0,7,medium,0.12354890843964071,0.12181262291914892,-0.08506926318575361,-0.08392441157441707,-0.07044973782428211,-0.06943935303520074,3.0,6.0,5.0,3.0,-1.0,2.0,1.5275252316519465,0.12729376930432887,0.0942689560461498,-0.06943935303520074
1313,3,136172,1,Public,25.0,30.27194,-81.509144,11,15,0.5324,37074.0,0.6143506622,2,22.0,1,mid,10.87526975411497,10.867992,"Teacher Education and Professional Development, Specific Subject Areas.",University of North Florida,52853.000000000044,52469.766,383.23437500004366,52495.99999999998,10.868492255200882,49177.76,10.803197,3318.238281249978,17,47219.00000000001,10.762551632948083,42063.535,10.646936,5155.464843750007,20.0,7,medium,0.12256375562822812,0.11431935029868628,0.06747436575554502,0.061999479900951705,0.007303908649773841,0.0069282449304103825,5.0,3.0,3.0,-2.0,0.0,-2.0,1.1547005383792515,0.09622504486493762,0.0942689560461498,0.061999479900951705
1313,3,137351,1,Public,196.0,28.061458,-82.413232,11,15,0.4319,32495.0,0.6858996244,2,22.0,1,mid,10.857594165094508,10.824788,"Teacher Education and Professional Development, Specific Subject Areas.",University of South Florida,51926.999999999956,50251.117,1675.8828124999563,52092.99999999997,10.860785861708989,51606.664,10.851406,486.3359374999709,154,47697.99999999997,10.772644747276225,42745.62,10.663022,4952.378906249971,174.0,7,medium,0.11585698790967099,0.11520924352511347,0.009423897985558169,0.009362251691986992,0.0333501602809506,0.033191952150914944,4.0,4.0,2.0,0.0,-2.0,-2.0,1.1547005383792515,0.09622504486493762,0.0942689560461498,0.033191952150914944
1313,5,132903,3,Public,43.0,28.602159,-81.200889,21,15,0.4011,31400.0,0.7045342864,2,23.0,1,mid,10.957067607162129,10.97564,"Teacher Education and Professional Development, Specific Subject Areas.",University of Central Florida,57357.999999999956,58433.242,-1075.2421875000437,53076.99999999999,10.879498968386217,62966.305,11.050355,-9889.304687500007,44,43459.99999999997,10.67959625381042,58055.81,10.96916,-14595.80859375003,70.0,6,medium,-0.2514099613336768,-0.2473420443678693,-0.15705709167117793,-0.15264514262707538,-0.018401207039818488,-0.01789007067670514,6.0,6.0,2.0,0.0,-4.0,-4.0,2.309401076758503,0.19245008972987523,0.11970558546551396,-0.15264514262707538
1313,5,133951,1,Public,53.0,25.75732,-80.373928,21,15,0.5466,23924.0,0.8131269705,2,23.0,1,mid,10.960895829280181,11.131368,"Teacher Education and Professional Development, Specific Subject Areas.",Florida International University,57578.00000000004,68279.695,-10701.695312499964,56346.0,10.939266532032669,59796.65,10.998705,-3450.6484375,22,59039.00000000002,10.985953521461534,47438.887,10.767198,11600.113281250022,24.0,6,medium,0.24452751916425414,0.23106684745984238,-0.05770638535212637,-0.05416464905720038,-0.1567332025065554,-0.15331415368054171,1.0,3.0,5.0,2.0,2.0,4.0,2.0,0.16666666666666666,0.11970558546551396,-0.05416464905720038
1313,5,134097,2,Public,28.0,30.443147,-84.295064,12,15,0.2422,43729.0,0.5975318884,2,20.0,1,elite,10.95313716215497,11.0052185,"Teacher Education and Professional Development, Specific Subject Areas.",Florida State University,57133.000000000044,60187.41,-3054.4101562499563,66410.99999999994,11.103617984394585,68011.94,11.127439,-1600.9375000000582,48,60227.00000000003,11.005876035732005,60448.566,11.009548,-221.5664062499709,60.0,6,medium,-0.003665370734533455,-0.0035944206336989398,-0.02353906621172288,-0.02294085763469261,-0.050748323417148716,-0.04844955560943089,2.0,1.0,3.0,-1.0,2.0,1.0,1.0,0.08333333333333333,0.11970558546551396,-0.02294085763469261
1313,5,134130,1,Public,158.0,29.64629,-82.347911,12,16,0.242,39127.0,0.6673828964,2,21.0,1,elite,10.977977899083829,11.175643,"Teacher Education and Professional Development, Specific Subject Areas.",University of Florida,58570.00000000005,71370.71,-12800.710937499949,62447.00000000003,11.042073475969097,72006.26,11.184508,-9559.25781249997,158,55379.99999999996,10.921973796724952,67350.8,11.11767,-11970.796875000036,148.0,6,medium,-0.17773801395724076,-0.17653780171107408,-0.1327559312607483,-0.1319131009649344,-0.17935523927608976,-0.17826125128356599,5.0,5.0,6.0,0.0,1.0,1.0,0.5773502691896258,0.04811252243246882,0.11970558546551396,-0.17653780171107408
1313,5,136215,2,"Private, nonprofit",160.0,26.082288,-80.249891,21,16,0.7321,31002.0,0.6566484517,2,24.0,1,open,10.995981160196061,10.958238,"Teacher Education and Professional Development, Specific Subject Areas.",Nova Southeastern University,59634.000000000044,57425.15,2208.8515625000437,64173.99999999998,11.069353423226037,70846.79,11.168275,-6672.789062500022,116,58288.000000000015,10.973151519248345,59820.664,10.999106,-1532.6640624999854,101.0,6,medium,-0.02562098041738009,-0.025350674740575396,-0.09418618896917665,-0.0933285565870618,0.03846488206998888,0.038233682843939035,4.0,4.0,1.0,0.0,-3.0,-3.0,1.7320508075688772,0.14433756729740643,0.11970558546551396,-0.025350674740575396
1313,5,137351,1,Public,110.0,28.061458,-82.413232,11,15,0.4319,32495.0,0.6858996244,2,22.0,1,mid,10.951262583167178,11.096375,"Teacher Education and Professional Development, Specific Subject Areas.",University of South Florida,57025.999999999956,65931.76,-8905.757812500044,57164.000000000015,10.953679608601686,59929.957,11.000932,-2765.9570312499854,73,55388.00000000003,10.922118242774605,56616.867,10.944062,-1228.867187499971,67.0,6,medium,-0.021704966179606683,-0.021335401928858643,-0.04615316226253423,-0.04543182088172261,-0.1350753886742513,-0.13381760966057868,3.0,2.0,4.0,-1.0,2.0,1.0,1.0,0.08333333333333333,0.11970558546551396,-0.04543182088172261
1402,3,132903,1,Public,45.0,28.602159,-81.200889,21,15,0.4011,31400.0,0.7045342864,2,23.0,1,mid,11.347921096384887,11.30245,"Aerospace, Aeronautical, and Astronautical/Space Engineering.",University of Central Florida,84789.0,81019.914,3769.0859375,96971.99999999997,11.482177556021448,73861.266,11.209944,23110.73437499997,64,67952.99999999996,11.126571568715077,56385.434,10.939966,11567.566406249956,138.0,5,low,0.20515167959144956,0.2036484691652002,0.3128938311500802,0.3071948391625112,0.046520487970309,0.0452942421160133,1.0,1.0,4.0,0.0,3.0,3.0,1.7320508075688772,0.4330127018922193,0.17320508075688773,0.2036484691652002
1402,3,133553,1,"Private, nonprofit",216.0,29.189903,-81.048367,13,13,0.6481,38662.0,0.6700304341,2,25.0,1,mid,11.491855034350937,11.397573,"Aerospace, Aeronautical, and Astronautical/Space Engineering.",Embry-Riddle Aeronautical University-Daytona Beach,97915.00000000006,89105.24,8809.757812500058,95551.99999999996,11.467425880898862,86353.48,11.366204,9198.523437499956,286,75482.99999999994,11.23166274432063,76100.055,11.239804,-617.0546875000582,339.0,5,low,-0.008108465756482748,-0.008087582181760858,0.1065217499476393,0.10618268724260162,0.09886913043748982,0.09845029526507863,4.0,4.0,3.0,0.0,-1.0,-1.0,0.5773502691896258,0.14433756729740646,0.17320508075688773,0.09845029526507863
1402,3,133881,1,"Private, nonprofit",48.0,28.065773,-80.623123,13,14,0.577,30032.0,0.7019104084,2,28.0,1,mid,11.50719910059678,11.306824,"Aerospace, Aeronautical, and Astronautical/Space Engineering.",Florida Institute of Technology,99428.99999999991,81375.02,18053.976562499913,97015.0,11.482620884705373,86879.58,11.372278,10135.421875,57,69149.0,11.144018875672359,68699.484,11.137497,449.515625,56.0,5,low,0.006543216868212485,0.006406005431338813,0.11666057885798464,0.1142300630160186,0.2218613992334669,0.2164333058940572,3.0,3.0,1.0,0.0,-2.0,-2.0,1.1547005383792515,0.28867513459481287,0.17320508075688773,0.1142300630160186
1402,3,134130,1,Public,83.0,29.64629,-82.347911,12,16,0.242,39127.0,0.6673828964,2,21.0,1,elite,11.515003304765195,11.325849,"Aerospace, Aeronautical, and Astronautical/Space Engineering.",University of Florida,100208.00000000004,82938.0,17270.000000000044,94374.99999999996,11.455031486551325,82968.14,11.326212,11406.859374999956,76,70759.99999999996,11.16704914827372,61614.008,11.028645,9145.992187499956,85.0,5,low,0.1484401439252659,0.1465247817429363,0.1374848139185951,0.13543447707161596,0.20822783283898869,0.20553329838863313,2.0,2.0,2.0,0.0,0.0,0.0,0.0,0.0,0.17320508075688773,0.1465247817429363
1402,3,426314,3,"Private, nonprofit",216.0,29.189903,-81.048367,13,12,0.5791,38662.0,0.6700304341,2,25.0,2,mid,11.491855034350937,11.511313,"Aerospace, Aeronautical, and Astronautical/Space Engineering.",Embry-Riddle Aeronautical University-Worldwide,97915.00000000006,99838.92,-1923.9218749999418,95551.99999999996,11.467425880898862,88953.86,11.395873,6598.140624999956,286,75482.99999999994,11.23166274432063,77258.22,11.254909,-1775.2187500000582,339.0,5,low,-0.02297773335603933,-0.02291855357704145,0.07417486628864951,0.07393876492135128,-0.019270258921753224,-0.0191886251278462,5.0,5.0,5.0,0.0,0.0,0.0,0.0,0.0,0.17320508075688773,-0.0191886251278462
1405,3,133951,1,Public,57.0,25.75732,-80.373928,21,15,0.5466,23924.0,0.8131269705,2,23.0,1,mid,11.448002870085778,11.0681715,Biomedical/Medical Engineering.,Florida International University,93714.00000000009,64098.19,29615.808593750087,88656.00000000004,11.392518991107131,75231.98,11.228332,13424.023437500044,81,62254.00000000005,11.038978069290673,58510.535,10.976962,3743.464843750051,73.0,3,low,0.06397933011129159,0.06299349554405413,0.17843507575994433,0.17596445488238074,0.462038131560485,0.4527750197054218,3.0,2.0,1.0,-1.0,-1.0,-2.0,1.0,0.5,0.45534180126147955,0.17596445488238074
1405,3,135726,1,"Private, nonprofit",39.0,25.72126,-80.278662,21,16,0.189,54690.0,0.4559891107,2,20.0,1,elite,11.362160713080492,11.520815,Biomedical/Medical Engineering.,University of Miami,86005.00000000004,100792.055,-14787.054687499956,98997.00000000003,11.502844825627278,94931.76,11.460914,4065.242187500029,35,67064.0,11.113402666317693,58268.754,10.972821,8795.24609375,46.0,3,low,0.15094275240381635,0.14696920291551652,0.042822784294474996,0.04125991542376202,-0.14670853504620351,-0.14214937272718203,1.0,3.0,3.0,2.0,0.0,2.0,1.1547005383792515,0.5773502691896257,0.45534180126147955,0.04125991542376202
1405,3,433660,1,Public,28.0,26.463638,-81.7726,21,16,0.6344,43546.0,0.5981697171,2,21.0,1,mid,11.371765045181215,11.081219,Biomedical/Medical Engineering.,Florida Gulf Coast University,86835.00000000004,64939.984,21895.015625000044,91676.00000000003,11.426015900979298,69835.4,11.153896,21840.60156250003,25,62971.999999999956,11.050445462134519,54945.8,10.914103,8026.199218749956,26.0,3,low,0.14607484292937742,0.1387190211761702,0.3127439958983914,0.29607732539090703,0.33715769776854126,0.3218853260020156,2.0,1.0,2.0,-1.0,1.0,0.0,0.5773502691896257,0.28867513459481287,0.45534180126147955,0.29607732539090703
1407,3,133881,1,"Private, nonprofit",16.0,28.065773,-80.623123,13,14,0.577,30032.0,0.7019104084,2,28.0,1,mid,11.619391369460647,11.384384,Chemical Engineering.,Florida Institute of Technology,111233.99999999999,87937.73,23296.273437499985,99311.99999999994,11.506021688653433,89786.555,11.40519,9525.445312499942,18,53144.999999999985,10.880779305967682,81598.53,11.3095665,-28453.531250000015,20.0,4,low,-0.34870151232041957,-0.3252456660805737,0.10608988556976076,0.09799245727810621,0.264917849802981,0.24273540637659632,4.0,3.0,1.0,-1.0,-2.0,-3.0,1.5275252316519465,0.5091750772173155,0.4030771923675375,0.09799245727810621
1407,3,134097,1,Public,70.0,30.443147,-84.295064,12,15,0.2422,43729.0,0.5975318884,2,20.0,1,elite,11.49530106361649,11.376972,Chemical Engineering.,Florida State University,98253.00000000004,87288.336,10964.664062500044,90815.00000000003,11.416579749183544,88683.99,11.392835,2131.007812500029,84,70797.0,11.1675719059027,67664.84,11.122322,3132.15625,76.0,4,low,0.046289270415997966,0.04560871498096375,0.024029227371660817,0.023710329365844107,0.125614309686817,0.12363142845767922,3.0,4.0,2.0,1.0,-2.0,-1.0,1.0,0.3333333333333333,0.4030771923675375,0.04560871498096375
1407,3,134130,1,Public,153.0,29.64629,-82.347911,12,16,0.242,39127.0,0.6673828964,2,21.0,1,elite,11.558185596375093,11.44553,Chemical Engineering.,University of Florida,104630.00000000003,93482.54,11147.46093750003,109607.00000000004,11.604656520069678,89286.695,11.399608,20320.304687500044,114,87164.00000000004,11.375546680616813,64567.973,11.075474,22596.027343750044,104.0,4,low,0.3499572065557615,0.34638917655677015,0.22758491191078087,0.22547007938715066,0.11924645018517444,0.11849127514103852,1.0,1.0,3.0,0.0,2.0,2.0,1.1547005383792517,0.3849001794597506,0.4030771923675375,0.22547007938715066
1407,3,137351,1,Public,72.0,28.061458,-82.413232,11,15,0.4319,32495.0,0.6858996244,2,22.0,1,mid,11.343689911724637,11.388574,Chemical Engineering.,University of South Florida,84430.99999999993,88306.914,-3875.9140625000728,94387.0,11.455158630786036,82059.89,11.315205,12327.109375,136,70659.00000000006,11.165620768534476,60529.855,11.010892,10129.144531250058,123.0,4,low,0.16734129716333906,0.16593879166712494,0.15022088478441717,0.1490848332558715,-0.043891399712562264,-0.043220937467477946,2.0,2.0,4.0,0.0,2.0,2.0,1.1547005383792515,0.38490017945975047,0.4030771923675375,0.1490848332558715
1408,3,132903,1,Public,38.0,28.602159,-81.200889,21,15,0.4011,31400.0,0.7045342864,2,23.0,1,mid,11.36734462560381,11.317124,Civil Engineering.,University of Central Florida,86452.00000000007,82217.58,4234.421875000073,86803.0,11.371396462263164,79364.766,11.28181,7438.234375,59,69321.00000000006,11.146503169576617,62941.62,11.049963,6379.378906250058,97.0,9,medium,0.10135390216194352,0.1002329334983582,0.09372212362026994,0.09184603794461647,0.05150263449213067,0.049853745296387635,2.0,4.0,5.0,2.0,1.0,3.0,1.5275252316519465,0.19094065395649332,0.21307764906103624,0.09184603794461647
1408,3,133669,1,Public,50.0,26.372421,-80.102978,13,15,0.6613,28064.0,0.7219053052,2,23.0,1,mid,11.312056972169696,11.160685,Civil Engineering.,Florida Atlantic University,81802.00000000003,70311.07,11490.92968750003,84777.99999999999,11.347791354158918,74487.29,11.218384,10290.710937499985,70,64670.99999999998,11.077068157441543,60664.906,11.013121,4006.093749999978,53.0,9,medium,0.06603642859828829,0.06456043570602685,0.13815391950786887,0.13588659057080235,0.16342987862975478,0.15961580095340688,4.0,2.0,2.0,-2.0,0.0,-2.0,1.1547005383792515,0.14433756729740643,0.21307764906103624,0.13588659057080235
1408,3,133881,1,"Private, nonprofit",21.0,28.065773,-80.623123,13,14,0.577,30032.0,0.7019104084,2,28.0,1,mid,11.25787836464301,11.418169,Civil Engineering.,Florida Institute of Technology,77488.00000000003,90959.445,-13471.44531249997,86536.00000000003,11.368315791310126,90551.27,11.4136715,-4015.273437499971,19,64579.00000000004,11.075644559522202,70653.54,11.165544,-6074.539062499964,19.0,9,medium,-0.08597643009965059,-0.0798617408311259,-0.044342539702342004,-0.04114957589982051,-0.14810386393867633,-0.1388638405964298,9.0,9.0,9.0,0.0,0.0,0.0,0.0,0.0,0.21307764906103624,-0.0798617408311259
1408,3,133951,1,Public,48.0,25.75732,-80.373928,21,15,0.5466,23924.0,0.8131269705,2,23.0,1,mid,11.385273895115239,11.258898,Civil Engineering.,Florida International University,88015.99999999993,77567.04,10448.960937499927,84522.99999999996,11.344778965657577,77487.41,11.257871,7035.593749999956,141,66214.99999999996,11.100662302361064,60311.98,11.007286,5903.019531249956,150.0,9,medium,0.09787474205574367,0.09722409621955251,0.09079660928771836,0.0901382899047671,0.13470877661168204,0.13141297204354968,3.0,5.0,3.0,2.0,-2.0,0.0,1.1547005383792515,0.14433756729740643,0.21307764906103624,0.09722409621955251
1408,3,134097,1,Public,108.0,30.443147,-84.295064,12,15,0.2422,43729.0,0.5975318884,2,20.0,1,elite,11.365457406606833,11.347763,Civil Engineering.,Florida State University,86289.0,84775.6,1513.3984375,84340.00000000004,11.342611527300551,85425.516,11.3554,-1085.5156249999563,103,67050.00000000001,11.113193888709825,66305.805,11.102033,744.1953125000146,101.0,9,medium,0.01122368269275089,0.011105270942026194,-0.012707159179057707,-0.012574227389265658,0.017851815965991835,0.017681981938827016,7.0,8.0,7.0,1.0,-1.0,0.0,0.5773502691896258,0.07216878364870323,0.21307764906103624,0.011105270942026194
1408,3,134130,1,Public,115.0,29.64629,-82.347911,12,16,0.242,39127.0,0.6673828964,2,21.0,1,elite,11.379314069145535,11.361305,Civil Engineering.,University of Florida,87492.99999999996,85931.45,1561.5468749999563,86453.0,11.367356192649297,86066.945,11.362881,386.0546875,141,72888.99999999994,11.196693014979088,64892.62,11.080489,7996.378906249942,123.0,9,medium,0.12322477920405801,0.12219201901256281,0.004485516316377631,0.004452994151103173,0.0181720059211434,0.018011360986801072,1.0,7.0,6.0,6.0,-1.0,5.0,3.2145502536643185,0.4018187817080398,0.21307764906103624,0.018011360986801072
1408,3,136172,1,Public,45.0,30.27194,-81.509144,11,15,0.5324,37074.0,0.6143506622,2,22.0,1,mid,11.324074638813377,11.256841,Civil Engineering.,University of North Florida,82791.00000000001,77407.63,5383.367187500015,77498.00000000004,11.258007408556834,75204.07,11.227961,2293.9296875000437,34,65622.00000000004,11.091666284563281,63373.543,11.056802,2248.4570312500437,45.0,9,medium,0.03547942762737403,0.034521483660169446,0.030502733136224404,0.02935221609882547,0.06954568938362747,0.06771251615154018,6.0,6.0,4.0,0.0,-2.0,-2.0,1.1547005383792517,0.14433756729740646,0.21307764906103624,0.034521483660169446
1408,3,137351,1,Public,87.0,28.061458,-82.413232,11,15,0.4319,32495.0,0.6858996244,2,22.0,1,mid,11.297464824368765,11.331716,Civil Engineering.,University of South Florida,80616.99999999997,83426.02,-2809.023437500029,84789.0,11.347921096384887,75892.84,11.237078,8896.15625,99,70046.99999999997,11.156921724295607,66188.92,11.100268,3858.078124999971,91.0,9,medium,0.05828888000753481,0.05759431332437611,0.1172199618623462,0.11593567565582981,-0.0336708298173226,-0.033258422048617065,5.0,3.0,8.0,-2.0,5.0,3.0,2.516611478423583,0.3145764348029479,0.21307764906103624,0.05759431332437611
1408,3,433660,1,Public,63.0,26.463638,-81.7726,21,16,0.6344,43546.0,0.5981697171,2,21.0,1,mid,11.29874165502749,11.062729,Civil Engineering.,Florida Gulf Coast University,80719.99999999993,63750.285,16969.714843749927,84451.00000000007,11.343926763492068,71608.59,11.17897,12842.406250000073,58,64410.999999999956,11.073039704959928,64520.086,11.074732,-109.08593750004366,67.0,9,medium,-0.0016907283354475717,-0.0016619407876883295,0.17934169039592504,0.17567983994024347,0.2661904147119919,0.26143989156641073,8.0,1.0,1.0,-7.0,0.0,-7.0,4.041451884327381,0.5051814855409226,0.21307764906103624,0.17567983994024347
1409,3,132903,1,Public,23.0,28.602159,-81.200889,21,15,0.4011,31400.0,0.7045342864,2,23.0,1,mid,11.503248796668048,11.547595,Computer Engineering.,University of Central Florida,99036.99999999997,103527.75,-4490.750000000029,106680.00000000009,11.577588978295951,108362.234,11.593235,-1682.2343749999127,65,76818.99999999999,11.249207284371794,71580.05,11.178572,5238.953124999985,107.0,10,medium,0.07319013263778315,0.07246829155360397,-0.015524175785987826,-0.015246469442633474,-0.04337725875429563,-0.0409294520411259,7.0,7.0,8.0,0.0,1.0,1.0,0.5773502691896258,0.06415002990995843,0.31112423253548094,-0.015246469442633474
1409,3,133553,1,"Private, nonprofit",18.0,29.189903,-81.048367,13,13,0.6481,38662.0,0.6700304341,2,25.0,1,mid,11.459123764001873,11.682016,Computer Engineering.,Embry-Riddle Aeronautical University-Daytona Beach,94762.00000000006,118422.78,-23660.78124999994,105527.00000000007,11.56672212332587,115277.33,11.655096,-9750.328124999927,31,79276.00000000003,11.280690713644239,60496.15,11.010335,18779.85156250003,40.0,10,medium,0.31043053231565537,0.30083426708777306,-0.08458148955731556,-0.08103941865577026,-0.1997992362639257,-0.1850543285710532,3.0,9.0,10.0,6.0,1.0,7.0,3.7859388972001824,0.4206598774666869,0.31112423253548094,-0.08103941865577026
1409,3,133669,1,Public,27.0,26.372421,-80.102978,13,15,0.6613,28064.0,0.7219053052,2,23.0,1,mid,11.472978087860634,11.42734,Computer Engineering.,Florida Atlantic University,96083.99999999997,91797.43,4286.570312499971,90664.00000000006,11.414915644412785,95910.28,11.4711685,-5246.281249999942,43,72029.00000000006,11.184824094682776,54667.996,10.909034,17361.00390625006,48.0,10,medium,0.31757161679161827,0.30961204983107676,-0.054699883908430745,-0.05312215844787217,0.046695973156246996,0.04449249549091995,2.0,8.0,7.0,6.0,-1.0,5.0,3.2145502536643185,0.3571722504071465,0.31112423253548094,0.04449249549091995
1409,3,133881,1,"Private, nonprofit",32.0,28.065773,-80.623123,13,14,0.577,30032.0,0.7019104084,2,28.0,1,mid,11.518390504401287,11.608571,Computer Engineering.,Florida Institute of Technology,100548.00000000003,110036.91,-9488.90624999997,106430.99999999993,11.575252166837984,97846.445,11.491155,8584.554687499927,31,79244.00000000001,11.280286979094218,53808.285,10.893183,25435.714843750015,33.0,10,medium,0.47271000683052944,0.454511111638526,0.08773496737753476,0.08406083635167469,-0.08623385165374886,-0.08287508141405721,1.0,4.0,9.0,3.0,5.0,8.0,4.041451884327381,0.44905020936970896,0.31112423253548094,0.08406083635167469
1409,3,133951,3,Public,70.0,25.75732,-80.373928,21,15,0.5466,23924.0,0.8131269705,2,23.0,1,mid,11.546959674513133,11.3508005,Computer Engineering.,Florida International University,103462.00000000001,85033.49,18428.507812500015,101223.99999999996,11.5250911618691,76860.42,11.249746,24363.578124999956,111,75210.00000000001,11.228039479820449,71419.48,11.176326,3790.5234375000146,122.0,10,medium,0.05307408594885016,0.0526250050584606,0.3169847046197983,0.3139459684415133,0.21672058077851145,0.2132995440139505,8.0,1.0,4.0,-7.0,3.0,-4.0,3.5118845842842465,0.3902093982538052,0.31112423253548094,0.2132995440139505
1409,3,134097,1,Public,22.0,30.443147,-84.295064,12,15,0.2422,43729.0,0.5975318884,2,20.0,1,elite,11.53777416293962,11.311905,Computer Engineering.,Florida State University,102516.00000000009,81789.56,20726.437500000087,114802.00000000009,11.650964184318637,111074.46,11.617956,3727.5390625000873,22,78940.99999999994,11.2764560169856,65749.03,11.0936,13191.968749999942,26.0,10,medium,0.20064126420113515,0.19053766698888105,0.03355892102503671,0.03149923823798188,0.2534117663240965,0.23839109928542848,4.0,6.0,3.0,2.0,-3.0,-1.0,1.5275252316519465,0.16972502573910517,0.31112423253548094,0.19053766698888105
1409,3,134130,1,Public,89.0,29.64629,-82.347911,12,16,0.242,39127.0,0.6673828964,2,21.0,1,elite,11.652182932293156,11.36396,Computer Engineering.,University of Florida,114942.00000000003,86159.914,28782.08593750003,128139.99999999999,11.760878695193012,98341.414,11.496201,29798.585937499985,95,87948.99999999997,11.384512380004418,76779.98,11.248699,11169.02343749997,114.0,10,medium,0.1454679193397282,0.14413558885477498,0.3030115666077545,0.29952799771027194,0.33405425540027395,0.33006988201842646,6.0,2.0,2.0,-4.0,0.0,-4.0,2.3094010767585034,0.2566001196398337,0.31112423253548094,0.29952799771027194
1409,3,135081,2,"Private, nonprofit",19.0,26.185869,-80.163959,12,15,0.9697,21659.0,0.7867955286,2,28.0,1,open,11.354164172585287,10.981201,Computer Engineering.,Keiser University-Ft Lauderdale,85320.00000000004,58759.09,26560.910156250044,51222.00000000001,10.843924406238362,75371.86,11.230189,-24149.859374999993,23,45453.00000000003,10.724434104027946,66484.555,11.104725,-21031.55468749997,26.0,10,medium,-0.3163374529070011,-0.3004077974592627,-0.3204094946742183,-0.30168315751382574,0.45203065988394026,0.4205695916900394,10.0,10.0,1.0,0.0,-9.0,-9.0,5.196152422706632,0.5773502691896257,0.31112423253548094,-0.3004077974592627
1409,3,137351,1,Public,46.0,28.061458,-82.413232,11,15,0.4319,32495.0,0.6858996244,2,22.0,1,mid,11.510292000444426,11.415234,Computer Engineering.,University of South Florida,99736.99999999999,90692.836,9044.164062499985,109054.00000000004,11.59959845137889,99793.99,11.510863,9260.007812500044,63,83660.0,11.33451624499619,71210.88,11.173401,12449.1171875,57.0,10,medium,0.17482043047098336,0.17122891247478653,0.09279123531907299,0.0910699507938186,0.09972302628988991,0.09716023311866298,5.0,3.0,6.0,-2.0,3.0,1.0,1.5275252316519465,0.16972502573910517,0.31112423253548094,0.09716023311866298
1409,3,433660,1,Public,30.0,26.463638,-81.7726,21,16,0.6344,43546.0,0.5981697171,2,21.0,1,mid,11.631659159718142,11.431763,Computer Engineering.,Florida Gulf Coast University,112607.00000000006,92204.37,20402.63281250006,98649.99999999994,11.49933351145076,92069.57,11.4303,6580.429687499942,72,60746.000000000015,11.01445651541361,74522.46,11.218856,-13776.460937499985,66.0,10,medium,-0.18486320451835234,-0.18166004134310287,0.07147236231433284,0.07033721786876233,0.2212762088699201,0.21200364709495056,9.0,5.0,5.0,-4.0,0.0,-4.0,2.309401076758503,0.25660011963983365,0.31112423253548094,0.07033721786876233
1410,3,132903,1,Public,58.0,28.602159,-81.200889,21,15,0.4011,31400.0,0.7045342864,2,23.0,1,mid,11.507862670627766,11.48644,"Electrical, Electronics, and Communications Engineering.",University of Central Florida,99495.0,97386.18,2108.8203125,99442.00000000006,11.50732983861307,105290.03,11.564474,-5848.031249999942,86,75498.0,11.231861444820023,76233.055,11.24155,-735.0546875,130.0,8,medium,-0.009642204297245976,-0.009566450421123507,-0.05554211714606117,-0.05482495525679325,0.02165420513739156,0.02122875561090817,6.0,8.0,5.0,2.0,-3.0,-1.0,1.5275252316519465,0.21821789023599236,0.2516594365428955,-0.009566450421123507
1410,3,133669,1,Public,57.0,26.372421,-80.102978,13,15,0.6613,28064.0,0.7219053052,2,23.0,1,mid,11.43508283534914,11.467865,"Electrical, Electronics, and Communications Engineering.",Florida Atlantic University,92510.99999999991,95593.97,-3082.9687500000873,93560.99999999994,11.44636890896934,90135.39,11.409068,3425.609374999942,62,76520.00000000001,11.24530742355419,63972.94,11.0662155,12547.058593750015,49.0,8,medium,0.19613071273480942,0.19133057030181663,0.03800515370540607,0.037286933744980905,-0.03225066173434804,-0.0316040885044804,2.0,6.0,6.0,4.0,0.0,4.0,2.309401076758503,0.329914439536929,0.2516594365428955,0.037286933744980905
1410,3,133951,3,Public,107.0,25.75732,-80.373928,21,15,0.5466,23924.0,0.8131269705,2,23.0,1,mid,11.4636721935832,11.402459,"Electrical, Electronics, and Communications Engineering.",Florida International University,95193.99999999994,89541.66,5652.343749999942,98696.99999999997,11.499809829822853,82953.734,11.326038,15743.26562499997,107,71447.00000000003,11.17671119507274,69959.66,11.155674,1487.343750000029,98.0,8,medium,0.021260020842369835,0.02102768543727076,0.18978368778228943,0.18788469852653586,0.06312529817651147,0.0625181877279992,5.0,1.0,3.0,-4.0,2.0,-2.0,2.0,0.2857142857142857,0.2516594365428955,0.0625181877279992
1410,3,134097,1,Public,44.0,30.443147,-84.295064,12,15,0.2422,43729.0,0.5975318884,2,20.0,1,elite,11.47715319908208,11.514148,"Electrical, Electronics, and Communications Engineering.",Florida State University,96486.00000000004,100122.305,-3636.3046874999563,93740.00000000004,11.448280271476698,96395.18,11.476212,-2655.1796874999563,45,72424.99999999996,11.19030682263755,70596.625,11.164738,1828.3749999999563,47.0,8,medium,0.025898900974373158,0.025233813397103358,-0.027544735080194737,-0.026790707268206128,-0.03631862749114223,-0.03533616337837284,4.0,7.0,7.0,3.0,0.0,3.0,1.7320508075688772,0.24743582965269675,0.2516594365428955,-0.026790707268206128
1410,3,134130,1,Public,114.0,29.64629,-82.347911,12,16,0.242,39127.0,0.6673828964,2,21.0,1,elite,11.553520233676654,11.43473,"Electrical, Electronics, and Communications Engineering.",University of Florida,104143.00000000003,92478.33,11664.67187500003,107542.99999999997,11.585646046571181,94873.39,11.460299,12669.60937499997,128,85243.00000000001,11.353261280337485,70967.42,11.169976,14275.578125000015,141.0,8,medium,0.20115678078519764,0.1997193889664579,0.1335422850552304,0.13245830725214758,0.12613411284028908,0.12500761611079292,1.0,3.0,2.0,2.0,-1.0,1.0,1.0,0.14285714285714285,0.2516594365428955,0.13245830725214758
1410,3,136172,1,Public,37.0,30.27194,-81.509144,11,15,0.5324,37074.0,0.6143506622,2,22.0,1,mid,11.434098684424258,11.47414,"Electrical, Electronics, and Communications Engineering.",University of North Florida,92420.00000000009,96195.72,-3775.7187499999127,90943.99999999997,11.417999211456772,85148.164,11.352148,5795.835937499971,34,68285.00000000006,11.131445402112526,70507.68,11.163477,-2222.679687499942,48.0,8,medium,-0.03152393749661274,-0.030733826296187487,0.0680676559654973,0.06550024675877572,-0.03925038243970616,-0.03795479388920602,8.0,5.0,8.0,-3.0,3.0,0.0,1.7320508075688772,0.24743582965269675,0.2516594365428955,-0.030733826296187487
1410,3,137351,1,Public,88.0,28.061458,-82.413232,11,15,0.4319,32495.0,0.6858996244,2,22.0,1,mid,11.493752839181418,11.446036,"Electrical, Electronics, and Communications Engineering.",University of South Florida,98101.00000000006,93529.88,4571.117187500058,102274.99999999997,11.535420542797599,94645.56,11.457894,7629.437499999971,91,78825.00000000007,11.274985484413262,70743.625,11.166818,8081.375000000073,99.0,8,medium,0.1142346748558626,0.11300099921178147,0.08061062028132561,0.07963617528418095,0.04887333384843225,0.04828266044240612,3.0,4.0,4.0,1.0,0.0,1.0,0.5773502691896258,0.08247860988423227,0.2516594365428955,0.07963617528418095
1410,3,138354,2,Public,53.0,30.549076,-87.218511,41,12,0.5824,34583.0,0.6786062378,2,24.0,1,mid,11.43944037570775,11.2290325,"Electrical, Electronics, and Communications Engineering.",University of West Florida,92914.99999999994,75284.73,17630.27343749994,91813.00000000006,11.427509178782957,77597.88,11.259295,14215.117187500058,46,64978.0,11.081804030048279,66982.23,11.112183,-2004.2265625,35.0,8,medium,-0.029921766793313292,-0.02884434542740487,0.18318949786101882,0.1783000171299288,0.2341812774316662,0.22907274134057448,7.0,2.0,1.0,-5.0,-1.0,-6.0,3.2145502536643185,0.45922146480918835,0.2516594365428955,0.1783000171299288
1419,3,132903,1,Public,107.0,28.602159,-81.200889,21,15,0.4011,31400.0,0.7045342864,2,23.0,1,mid,11.434780122826425,11.405697,Mechanical Engineering.,University of Central Florida,92483.00000000007,89832.02,2650.9765625000728,89663.00000000004,11.40381347688645,94291.06,11.454142,-4628.062499999956,209,66298.0,11.101915009806435,68605.664,11.13613,-2307.6640625,426.0,11,medium,-0.03363664056072265,-0.03357011304143705,-0.049082727220302096,-0.04885779369967611,0.029510373484400818,0.029226556114829237,7.0,8.0,7.0,1.0,-1.0,0.0,0.5773502691896258,0.05773502691896258,0.1900145859243671,-0.03357011304143705
1419,3,133553,1,"Private, nonprofit",40.0,29.189903,-81.048367,13,13,0.6481,38662.0,0.6700304341,2,25.0,1,mid,11.449112014238901,11.535109,Mechanical Engineering.,Embry-Riddle Aeronautical University-Daytona Beach,93818.00000000006,102243.086,-8425.085937499942,96331.00000000003,11.475545456679829,103750.73,11.5497465,-7419.726562499971,100,73432.99999999999,11.204128704847383,77504.48,11.258091,-4071.4765625000146,87.0,11,medium,-0.052532147084649435,-0.05187245881520222,-0.07151493592702975,-0.07074054149016903,-0.08240250047470299,-0.07991507060049333,8.0,10.0,11.0,2.0,1.0,3.0,1.5275252316519468,0.15275252316519466,0.1900145859243671,-0.07074054149016903
1419,3,133669,1,Public,67.0,26.372421,-80.102978,13,15,0.6613,28064.0,0.7219053052,2,23.0,1,mid,11.396638809178848,11.341192,Mechanical Engineering.,Florida Atlantic University,89021.99999999993,84220.375,4801.624999999927,89583.00000000003,11.402920848818745,81418.734,11.307361,8164.265625000029,90,68451.0,11.13387343981368,65219.645,11.085516,3231.35546875,111.0,11,medium,0.04954573874136489,0.049077595581771355,0.1002750250009647,0.09904714286867437,0.05701262906986495,0.05606553172459935,4.0,1.0,4.0,-3.0,3.0,0.0,1.7320508075688772,0.17320508075688773,0.1900145859243671,0.05606553172459935
1419,3,133881,1,"Private, nonprofit",47.0,28.065773,-80.623123,13,14,0.577,30032.0,0.7019104084,2,28.0,1,mid,11.448002870085778,11.487363,Mechanical Engineering.,Florida Institute of Technology,93714.00000000009,97476.125,-3762.1249999999127,92752.99999999993,11.43769532496007,91742.555,11.426742,1010.4453124999272,58,69533.00000000004,11.149556739005355,73802.4,11.2091465,-4269.398437499956,50.0,11,medium,-0.057849047292352185,-0.05646590182670958,0.011013921684890701,0.010789036249431604,-0.03859534834812025,-0.03762781287334073,9.0,7.0,9.0,-2.0,2.0,0.0,1.1547005383792517,0.11547005383792516,0.1900145859243671,-0.03762781287334073
1419,3,133951,1,Public,134.0,25.75732,-80.373928,21,15,0.5466,23924.0,0.8131269705,2,23.0,1,mid,11.456566731300844,11.355096,Mechanical Engineering.,Florida International University,94520.00000000001,85399.52,9120.476562500015,93494.0,11.445652542094729,86410.64,11.366866,7083.359375,145,71335.00000000003,11.175142369548915,63110.523,11.052643,8224.47656250003,169.0,11,medium,0.13031862381311007,0.1295648286752488,0.0819732306550065,0.08139797401237012,0.10679774541335554,0.1060081166061715,3.0,2.0,1.0,-1.0,-1.0,-2.0,1.0,0.1,0.1900145859243671,0.1060081166061715
1419,3,134097,1,Public,121.0,30.443147,-84.295064,12,15,0.2422,43729.0,0.5975318884,2,20.0,1,elite,11.436670574451057,11.383598,Mechanical Engineering.,Florida State University,92658.00000000007,87868.65,4789.351562500073,89622.00000000007,11.403356104538348,95865.29,11.470699,-6243.289062499927,129,62021.00000000004,11.035228316355475,67674.27,11.122461,-5653.273437499964,105.0,11,medium,-0.08353652208355064,-0.08269428155007934,-0.0651256479123489,-0.0646017964266996,0.05450580665192188,0.05405176861289792,10.0,9.0,5.0,-1.0,-4.0,-5.0,2.6457513110645907,0.2645751311064591,0.1900145859243671,-0.0646017964266996
1419,3,134130,1,Public,335.0,29.64629,-82.347911,12,16,0.242,39127.0,0.6673828964,2,21.0,1,elite,11.454141023982018,11.505766,Mechanical Engineering.,University of Florida,94290.99999999996,99286.6,-4995.601562500044,97113.00000000004,11.483630527913204,91228.58,11.4211235,5884.421875000044,287,76228.00000000003,11.241484128248267,63578.098,11.060024,12649.90234375003,250.0,11,medium,0.198966354925319,0.1982368181393915,0.06450195756572352,0.06429747496948371,-0.050314961776140144,-0.050186918596443426,2.0,3.0,10.0,1.0,7.0,8.0,4.358898943540674,0.4358898943540674,0.1900145859243671,0.06429747496948371
1419,3,135726,1,"Private, nonprofit",27.0,25.72126,-80.278662,21,16,0.189,54690.0,0.4559891107,2,20.0,1,elite,11.477660915869917,11.510652,Mechanical Engineering.,University of Miami,96534.99999999999,99772.87,-3237.8671875000146,86156.00000000006,11.363914885497246,97206.555,11.484593,-11050.554687499942,24,66843.00000000003,11.110101865005516,74636.69,11.220387,-7793.687499999971,23.0,11,medium,-0.10442166930304846,-0.09839623014421676,-0.11368116813753257,-0.10734229721351213,-0.032452381882693546,-0.03092102716767541,11.0,11.0,8.0,0.0,-3.0,-3.0,1.7320508075688772,0.17320508075688773,0.1900145859243671,-0.09839623014421676
1419,3,136172,1,Public,66.0,30.27194,-81.509144,11,15,0.5324,37074.0,0.6143506622,2,22.0,1,mid,11.378593752174936,11.310622,Mechanical Engineering.,University of North Florida,87429.99999999994,81684.72,5745.281249999942,85994.99999999993,11.362044434010592,80864.91,11.300535,5130.093749999927,85,66743.00000000003,11.10860470184951,66290.62,11.101804,452.3828125000291,69.0,11,medium,0.006824235943082033,0.006711951792855051,0.06344029799700568,0.06260990469808551,0.07033483542477083,0.06914578438381051,6.0,4.0,2.0,-2.0,-2.0,-4.0,2.0,0.2,0.1900145859243671,0.06260990469808551
1419,3,137351,1,Public,144.0,28.061458,-82.413232,11,15,0.4319,32495.0,0.6858996244,2,22.0,1,mid,11.420382453023016,11.356003,Mechanical Engineering.,University of South Florida,91160.99999999999,85477.016,5683.984374999985,88249.00000000003,11.387917643286583,86357.266,11.366248,1891.734375000029,205,70045.99999999999,11.156907448064818,67171.836,11.115009,2874.1640624999854,194.0,11,medium,0.04278823144233023,0.04257749687350622,0.021905908684218243,0.02180323592746276,0.06649722540544051,0.06604521228122225,5.0,6.0,3.0,1.0,-3.0,-2.0,1.5275252316519465,0.15275252316519466,0.1900145859243671,0.04257749687350622
1419,3,484473,3,Public,335.0,29.649413,-82.339848,12,9,0.6126,39127.0,0.6673828964,2,21.0,2,mid,11.454141023982018,11.41034,Mechanical Engineering.,University of Florida-Online,94290.99999999996,90250.13,4040.8671874999563,97113.00000000004,11.483630527913204,91927.0,11.42875,5186.000000000044,287,76228.00000000003,11.241484128248267,62446.45,11.042065,13781.55078125003,250.0,11,medium,0.2206939057971613,0.21988470203620647,0.05641432876086507,0.05623548537617565,0.04477408577220709,0.04466014319711791,1.0,5.0,6.0,4.0,1.0,5.0,2.6457513110645907,0.2645751311064591,0.1900145859243671,0.05623548537617565
1427,5,133553,1,"Private, nonprofit",18.0,29.189903,-81.048367,13,13,0.6481,38662.0,0.6700304341,2,25.0,1,mid,12.030694924410627,11.946908,Systems Engineering.,Embry-Riddle Aeronautical University-Daytona Beach,167828.0,154339.19,13488.8125,125092.99999999997,11.736812739653638,144810.95,11.883184,-19717.95312500003,88,115153.99999999991,11.65402564194468,118127.15,11.679517,-2973.1484375000873,121.0,3,low,-0.02516905281154021,-0.02495403042908607,-0.13616340960051276,-0.13445177987329313,0.0873971978114761,0.08094740531755652,1.0,3.0,1.0,2.0,-2.0,0.0,1.1547005383792517,0.5773502691896258,0.38490017945975047,-0.02495403042908607
1427,5,134130,3,Public,41.0,29.64629,-82.347911,12,16,0.242,39127.0,0.6673828964,2,21.0,1,elite,11.838611164072054,11.848291,Systems Engineering.,University of Florida,138498.00000000012,139845.2,-1347.2031249998836,137191.00000000006,11.829129394454663,130275.375,11.777406,6915.625000000058,50,107971.99999999991,11.589627213233605,115148.33,11.653976,-7176.328125000087,26.0,3,low,-0.06232246913050946,-0.0591841260390476,0.05308466776626095,0.05179767907957539,-0.009633531182300849,-0.009350864073132589,3.0,1.0,3.0,-2.0,2.0,0.0,1.1547005383792515,0.5773502691896257,0.38490017945975047,-0.009350864073132589
1427,5,426314,3,"Private, nonprofit",18.0,29.189903,-81.048367,13,12,0.5791,38662.0,0.6700304341,2,25.0,2,mid,12.030694924410627,11.94831,Systems Engineering.,Embry-Riddle Aeronautical University-Worldwide,167828.0,154555.7,13272.296875,125092.99999999997,11.736812739653638,138924.02,11.841682,-13831.01562500003,88,115153.99999999991,11.65402564194468,118501.87,11.682684,-3347.8671875000873,121.0,3,low,-0.028251598619985562,-0.02801024166114832,-0.09955813300368692,-0.09830664656885431,0.08587387334562327,0.07953650009341502,2.0,2.0,2.0,0.0,0.0,0.0,0.0,0.0,0.38490017945975047,-0.02801024166114832
1435,3,132903,1,Public,27.0,28.602159,-81.200889,21,15,0.4011,31400.0,0.7045342864,2,23.0,1,mid,11.332841403116465,11.06491,Industrial Engineering.,University of Central Florida,83519.99999999993,63889.473,19630.527343749927,91630.00000000007,11.42551400795926,86883.14,11.372319,4746.859375000073,40,70194.00000000004,11.159018116275657,64235.21,11.070307,5958.789062500044,101.0,3,low,0.0927651513170536,0.09178646328083637,0.054634988340122204,0.0529228697328942,0.3072576205061158,0.292758826316275,1.0,3.0,2.0,2.0,-1.0,1.0,1.0,0.5,0.45534180126147955,0.09178646328083637
1435,3,135726,1,"Private, nonprofit",27.0,25.72126,-80.278662,21,16,0.189,54690.0,0.4559891107,2,20.0,1,elite,11.359016422612951,11.434064,Industrial Engineering.,University of Miami,85734.99999999997,92416.79,-6681.789062500029,99068.00000000004,11.503561762017263,92625.46,11.436319,6442.539062500044,35,71088.99999999997,11.171687892148547,71071.05,11.171435,17.953124999970896,25.0,3,low,0.0002526081405772299,0.0002393192027678173,0.06955473146683949,0.06701624812412166,-0.07230059743777986,-0.06888889529569404,3.0,1.0,3.0,-2.0,2.0,0.0,1.1547005383792515,0.5773502691896257,0.45534180126147955,0.0002393192027678173
1435,3,137351,1,Public,43.0,28.061458,-82.413232,11,15,0.4319,32495.0,0.6858996244,2,22.0,1,mid,11.402150316610904,11.049925,Industrial Engineering.,University of South Florida,89514.00000000003,62939.223,26574.77734375003,90040.00000000004,11.408009295020669,84712.56,11.347019,5327.437500000044,71,69671.99999999994,11.151553794372575,64161.19,11.069154,5510.808593749942,49.0,3,low,0.0858900602212497,0.08378796964659412,0.06288839981673372,0.06187319587128322,0.4222291954397231,0.41050079659662936,2.0,2.0,1.0,0.0,-1.0,-1.0,0.5773502691896257,0.28867513459481287,0.45534180126147955,0.08378796964659412
1503,2,134608,1,Public,26.0,27.42416,-80.358682,21,12,,21577.0,0.9122626988,1,23.0,1,,11.205516762334414,10.957333,Electrical/Electronic Engineering Technologies/Technicians.,Indian River State College,73534.99999999997,57373.2,16161.80078124997,71235.0,11.173739549651332,53630.72,10.889877,17604.28125,54,60038.99999999997,11.002749630045734,43540.14,10.681438,16498.85937499997,26.0,3,low,0.3789344530854962,0.35985263011620106,0.3282499593574811,0.3209692753258066,0.2816960009433842,0.26782890959000344,1.0,1.0,1.0,0.0,0.0,0.0,0.0,0.0,0.1924500897298753,0.3209692753258066
1503,2,138187,1,Public,17.0,28.520783,-81.464275,11,15,,23247.0,0.8727049583,1,22.0,1,,11.054154512337606,11.215108,Electrical/Electronic Engineering Technologies/Technicians.,Valencia College,63206.00000000002,74243.68,-11037.679687499978,62068.00000000004,11.035985837203375,66568.87,11.105992,-4500.867187499964,23,40388.000000000015,10.606287990124212,50081.52,10.821407,-9693.519531249985,19.0,3,low,-0.19355482065997212,-0.179789099247848,-0.067612194373425,-0.06366059877767616,-0.14866827363566587,-0.13700054224922134,3.0,3.0,2.0,0.0,-1.0,-1.0,0.5773502691896258,0.2886751345948129,0.1924500897298753,-0.13700054224922134
1503,2,482459,2,"Private, for-profit",163.0,28.53732,-81.379188,11,6,,22648.0,0.7560557866,2,31.0,1,,10.933106969717286,11.207582,Electrical/Electronic Engineering Technologies/Technicians.,DeVry University-Florida,56000.00000000001,73687.06,-17687.062499999993,68933.99999999996,11.14090480408142,68915.44,11.1406355,18.562499999956344,95,58056.00000000001,10.969163340957973,58392.527,10.974943,-336.5273437499927,72.0,3,low,-0.005763191953807642,-0.005672950649773047,0.0002693518415225376,0.00026625524125703623,-0.240029414932913,-0.23861762336527134,2.0,2.0,3.0,0.0,1.0,1.0,0.5773502691896258,0.2886751345948129,0.1924500897298753,-0.005672950649773047
1505,1,443252,1,"Private, for-profit",563.0,25.780018,-80.239586,11,-2,,0.0,0.9904006678,1,36.0,1,,10.596709730283713,10.513799,Environmental Control Technologies/Technicians.,South Florida Institute of Technology,40002.99999999997,36820.082,3182.917968749971,40093.000000000015,10.598957034465641,41024.992,10.621937,-931.9921874999854,621,33760.00000000002,10.427031948709894,30136.025,10.313477,3623.974609375022,316.0,4,low,0.12025390085125168,0.11991792784038537,-0.022717668860006663,-0.022688116455195157,0.08644516234506375,0.08632432089923288,1.0,2.0,2.0,1.0,0.0,1.0,0.5773502691896257,0.19245008972987523,0.28867513459481287,0.08632432089923288
1505,1,449083,1,"Private, for-profit",416.0,25.769052,-80.329161,21,1,,8968.0,0.9465049929,1,35.0,1,,10.55937409773463,10.559264,Environmental Control Technologies/Technicians.,CBT Technology Institute-Main Campus,38536.999999999985,38532.766,4.234374999985448,40306.999999999985,10.604280430121621,43577.688,10.682301,-3270.6875000000146,333,34205.99999999997,10.440156346259636,35301.867,10.471691,-1095.867187500029,169.0,4,low,-0.031042754245250333,-0.030863195280221283,-0.07505417766833117,-0.07485389612972344,0.00010989024357073897,0.00010967254351010436,3.0,4.0,4.0,1.0,0.0,1.0,0.5773502691896258,0.1924500897298753,0.28867513459481287,-0.030863195280221283
1505,1,456977,1,"Private, for-profit",416.0,25.590468,-80.356565,21,1,,8968.0,0.9465049929,1,35.0,1,,10.55937409773463,10.556855,Environmental Control Technologies/Technicians.,CBT Technology Institute-Cutler Bay,38536.999999999985,38440.05,96.94921874998545,40306.999999999985,10.604280430121621,42892.75,10.666458,-2585.7500000000146,333,34205.99999999997,10.440156346259636,34483.047,10.448223,-277.0468750000291,169.0,4,low,-0.008034292213339372,-0.007987819880917745,-0.06028408064299945,-0.0601232130031182,0.002522088727241604,0.0025170922976132278,2.0,3.0,3.0,1.0,0.0,1.0,0.5773502691896258,0.1924500897298753,0.28867513459481287,-0.007987819880917745
1505,1,476498,1,"Private, for-profit",65.0,25.863128,-80.306991,21,-2,,0.0,,1,34.0,1,,10.558023833968418,10.408197,Environmental Control Technologies/Technicians.,Futura Career Institute,38485.000000000015,33130.094,5354.906250000015,44263.99999999998,10.697926984577945,39272.34,10.578276,4991.660156249978,69,33443.999999999985,10.417627677269948,34913.49,10.4606285,-1469.4882812500146,46.0,4,low,-0.04208941453836886,-0.04098141585053291,0.12710371157180686,0.12498252098375684,0.16163269233127403,0.15885118647129814,4.0,1.0,1.0,-3.0,0.0,-3.0,1.7320508075688772,0.5773502691896257,0.28867513459481287,0.12498252098375684
1510,3,133650,1,Public,22.0,30.428504,-84.290226,12,13,0.2056,28781.0,0.8220073183,2,20.0,1,elite,11.367309923664546,11.220119,Construction Engineering Technology/Technician.,Florida Agricultural and Mechanical University,86449.00000000007,74616.695,11832.304687500073,98272.00000000003,11.49549442324055,73779.03,11.20883,24492.96875000003,22,70804.00000000003,11.167670775261048,62318.773,11.040018,8485.22656250003,20.0,4,low,0.13615843339744052,0.12699956495211534,0.33197736992514426,0.3116022191860479,0.1585744937905055,0.14917518804159158,1.0,1.0,2.0,0.0,1.0,1.0,0.5773502691896257,0.19245008972987523,0.17955837819827095,0.14917518804159158
1510,3,133951,1,Public,36.0,25.75732,-80.373928,21,15,0.5466,23924.0,0.8131269705,2,23.0,1,mid,11.43276691725416,11.321194,Construction Engineering Technology/Technician.,Florida International University,92296.99999999997,82552.83,9744.17187499997,99471.00000000006,11.507621423378323,85051.586,11.351013,14419.414062500058,56,73601.99999999997,11.206427478260807,70668.84,11.16576,2933.156249999971,82.0,4,low,0.041505649368997505,0.0409471639117649,0.16953727439128694,0.16593193897052744,0.11803559122463403,0.11401543349071935,4.0,4.0,4.0,0.0,0.0,0.0,0.0,0.0,0.17955837819827095,0.11401543349071935
1510,3,134130,1,Public,69.0,29.64629,-82.347911,12,16,0.242,39127.0,0.6673828964,2,21.0,1,elite,11.633646402984292,11.377217,Construction Engineering Technology/Technician.,University of Florida,112831.00000000003,87309.74,25521.25781250003,109138.99999999996,11.600377578154724,92492.695,11.434885,16646.304687499956,74,79409.99999999993,11.282379583889256,71424.445,11.176395,7985.554687499927,79.0,4,low,0.11180422406587978,0.11023299160557645,0.17997426317027523,0.17720560215780884,0.2923071031144777,0.2876148677540328,2.0,3.0,1.0,1.0,-2.0,-1.0,1.0,0.3333333333333333,0.17955837819827095,0.17720560215780884
1510,3,136172,1,Public,30.0,30.27194,-81.509144,11,15,0.5324,37074.0,0.6143506622,2,22.0,1,mid,11.427138792269506,11.303547,Construction Engineering Technology/Technician.,University of North Florida,91779.00000000001,81108.81,10670.187500000015,94692.00000000001,11.458384798309035,78618.52,11.272363,16073.476562500015,42,75407.00000000004,11.230655387883136,68102.484,11.128769,7304.515625000044,67.0,4,low,0.10725769686724507,0.10543145074220171,0.2044489753776421,0.19839053252248304,0.13155398496310144,0.1260412257806135,3.0,2.0,3.0,-1.0,1.0,0.0,0.5773502691896258,0.1924500897298753,0.17955837819827095,0.1260412257806135
2201,7,132471,1,"Private, nonprofit",204.0,25.878908,-80.198925,21,13,0.7724,28822.0,0.7126805778,2,26.0,1,open,11.262153746538544,11.445946,Law.,Barry University,77819.99999999999,93521.41,-15701.406250000015,82024.00000000001,11.314767166349927,106271.9,11.573756,-24247.898437499985,302,51098.999999999985,10.841520206528687,63570.152,11.059899,-12471.152343750015,288.0,8,medium,-0.19617936852366433,-0.19556902442606094,-0.22816848850931665,-0.22748664561700124,-0.16789104098827656,-0.16713086036783636,8.0,8.0,8.0,0.0,0.0,0.0,0.0,0.0,0.21164157877711803,-0.19556902442606094
2201,7,133650,1,Public,189.0,30.428504,-84.290226,12,13,0.2056,28781.0,0.8220073183,2,20.0,1,elite,11.166441275597258,11.130747,Law.,Florida Agricultural and Mechanical University,70717.00000000004,68237.31,2479.6875000000437,81143.99999999996,11.303980633055831,70543.734,11.163988,10600.265624999956,211,54751.000000000044,10.91055091235213,61252.992,11.022768,-6501.992187499956,224.0,8,medium,-0.10614978885597737,-0.10570757224993207,0.15026516130618378,0.14958412524851866,0.03633917294149068,0.036159321675862575,5.0,3.0,4.0,-2.0,1.0,-1.0,1.0,0.14285714285714285,0.21164157877711803,0.036159321675862575
2201,7,134097,1,Public,342.0,30.443147,-84.295064,12,15,0.2422,43729.0,0.5975318884,2,20.0,1,elite,11.466462590559887,11.553468,Law.,Florida State University,95459.99999999996,104137.54,-8677.539062500044,98060.00000000007,11.493334815205225,102729.24,11.539852,-4669.242187499927,294,62853.99999999995,11.048569855589088,65085.062,11.08345,-2231.062500000051,272.0,8,medium,-0.03427917888225199,-0.034165217494614,-0.04545192866289903,-0.04531180910766144,-0.08332767550126247,-0.08312063813961008,4.0,7.0,6.0,3.0,-1.0,2.0,1.5275252316519465,0.21821789023599236,0.21164157877711803,-0.04531180910766144
2201,7,134130,1,Public,445.0,29.64629,-82.347911,12,16,0.242,39127.0,0.6673828964,2,21.0,1,elite,11.663360679568516,11.619499,Law.,University of Florida,116233.99999999999,111245.99,4988.007812499985,114495.99999999991,11.64829516686839,108240.06,11.592107,6255.937499999913,536,72349.99999999996,11.18927073205963,85292.414,11.353841,-12942.414062500044,467.0,8,medium,-0.15174167837500988,-0.15147173986930024,0.0577968762721281,0.05770783456508599,0.0448376405694951,0.04475546110113965,7.0,6.0,2.0,-1.0,-4.0,-5.0,2.6457513110645907,0.37796447300922725,0.21164157877711803,0.04475546110113965
2201,7,135726,1,"Private, nonprofit",431.0,25.72126,-80.278662,21,16,0.189,54690.0,0.4559891107,2,20.0,1,elite,11.607735519732872,11.565931,Law.,University of Miami,109945.00000000009,105443.58,4501.421875000087,117811.0,11.676836924447922,103241.73,11.544828,14569.2734375,402,76760.00000000003,11.248438950121637,77453.56,11.257434,-693.5624999999709,347.0,8,medium,-0.008954559062405566,-0.008932110665537688,0.141118072339483,0.14081518557754294,0.04269033690855782,0.04260915312328191,3.0,4.0,3.0,1.0,-1.0,0.0,0.5773502691896258,0.08247860988423227,0.21164157877711803,0.04260915312328191
2201,7,136215,2,"Private, nonprofit",128.0,26.082288,-80.249891,21,16,0.7321,31002.0,0.6566484517,2,24.0,1,open,11.502127374870716,11.5232,Law.,Nova Southeastern University,98925.99999999999,101032.76,-2106.7578125000146,96470.00000000003,11.4769873581646,89245.15,11.399142,7224.851562500029,470,61883.99999999998,11.033016943838959,57944.3,10.967237,3939.699218749978,310.0,8,medium,0.06799114262545061,0.06779691753942069,0.08095511844612735,0.08081002776343711,-0.020852225140778665,-0.020689573305268636,1.0,5.0,5.0,4.0,0.0,4.0,2.3094010767585034,0.32991443953692906,0.21164157877711803,0.06779691753942069
2201,7,137546,1,"Private, nonprofit",431.0,29.035475,-81.300746,13,14,0.716,52032.0,0.5486725664,2,20.0,1,open,11.475368966243595,11.346439,Law.,Stetson University,96314.00000000004,84663.46,11650.539062500044,96451.00000000003,11.476790386346483,81303.74,11.305947,15147.25781250003,381,63234.99999999998,11.054613224314076,60476.88,11.010016,2758.121093749978,379.0,8,medium,0.04560620758927656,0.04550296598576568,0.1863045587442694,0.18587911568939608,0.13761000239643723,0.1373483108358787,2.0,2.0,1.0,0.0,-1.0,-1.0,0.5773502691896257,0.08247860988423225,0.21164157877711803,0.1373483108358787
2201,7,442295,1,"Private, nonprofit",110.0,26.242138,-81.731358,21,18,,,,,,1,,11.248008946271037,11.358916,Law.,Ave Maria School of Law,76727.00000000003,85726.414,-8999.41406249997,91005.0,11.418669729044508,73251.46,11.2016535,17753.5390625,109,52983.99999999998,10.877745260164815,59404.117,10.992119,-6420.117187500022,110.0,8,medium,-0.10807528992032496,-0.10704326699849896,0.24236430011474813,0.23999105524954578,-0.10497830990502911,-0.10400078530646738,6.0,1.0,7.0,-5.0,6.0,1.0,3.214550253664318,0.4592214648091883,0.21164157877711803,-0.10400078530646738
2202,5,134130,1,Public,113.0,29.64629,-82.347911,12,16,0.242,39127.0,0.6673828964,2,21.0,1,elite,11.885440292938371,11.341201,Legal Research and Advanced Professional Studies.,University of Florida,145138.0000000001,84221.1,60916.89843750009,142291.00000000006,11.865629535415808,110345.54,11.611372,31945.46093750006,72,106227.00000000009,11.57333359276529,81566.7,11.309176,24660.296875000087,79.0,3,low,0.3023328874431577,0.29808407439036994,0.28950387309636566,0.2849058900036677,0.7232973365029428,0.7167707432320333,1.0,1.0,1.0,0.0,0.0,0.0,0.0,0.0,0.1924500897298753,0.29808407439036994
2202,5,135726,2,"Private, nonprofit",46.0,25.72126,-80.278662,21,16,0.189,54690.0,0.4559891107,2,20.0,1,elite,11.365121270201834,11.56062,Legal Research and Advanced Professional Studies.,University of Miami,86260.00000000003,104885.05,-18625.04687499997,108073.00000000007,11.59056220369724,93040.41,11.440789,15032.593750000073,79,75849.00000000007,11.236499800774148,87361.79,11.377813,-11512.789062499927,28.0,3,low,-0.13178289027784787,-0.12567519035281102,0.16157059449641079,0.15926733302218765,-0.177575807323583,-0.17301226685238766,3.0,2.0,2.0,-1.0,0.0,-1.0,0.5773502691896258,0.2886751345948129,0.1924500897298753,-0.12567519035281102
2202,5,136215,2,"Private, nonprofit",41.0,26.082288,-80.249891,21,16,0.7321,31002.0,0.6566484517,2,24.0,1,open,11.268213478237927,11.55303,Legal Research and Advanced Professional Studies.,Nova Southeastern University,78292.99999999999,104091.95,-25798.953125000015,91014.00000000006,11.418768619819728,109684.14,11.60536,-18670.14062499994,53,78761.99999999999,11.274185926031462,83298.75,11.330189,-4536.750000000015,77.0,3,low,-0.0544636023949941,-0.053674974498169416,-0.17021732147067128,-0.16635931055184688,-0.24784771877629244,-0.2405753700544492,2.0,3.0,3.0,1.0,0.0,1.0,0.5773502691896258,0.2886751345948129,0.1924500897298753,-0.16635931055184688
2203,2,135081,2,"Private, nonprofit",130.0,26.185869,-80.163959,12,15,0.9697,21659.0,0.7867955286,2,28.0,1,open,10.616192232311604,10.590122,Legal Support Services.,Keiser University-Ft Lauderdale,40790.000000000015,39740.344,1049.6562500000146,47220.00000000002,10.762572810639504,46284.938,10.742572,935.0625000000218,123,37558.99999999996,10.533668308899614,36751.215,10.511927,807.7851562499636,76.0,6,medium,0.021979821883012868,0.02165666951726725,0.020202306635933597,0.02003051383126494,0.026412862873135427,0.02621053573150058,3.0,3.0,3.0,0.0,0.0,0.0,0.0,0.0,0.06894585576580214,0.02165666951726725
2203,2,136358,1,Public,22.0,26.61256,-80.08653,21,15,,21408.0,0.9218037494,1,23.0,1,,10.765702174211611,10.646634,Legal Support Services.,Palm Beach State College,47367.99999999997,42050.816,5317.183593749971,51313.99999999997,10.845718898410636,45806.684,10.732185,5507.316406249971,33,46622.0,10.749827811712468,35239.133,10.469913,11382.8671875,35.0,6,medium,0.3230178009222258,0.31138659335729907,0.12022953801006903,0.11553844049189374,0.12644661978452526,0.11895165377920049,1.0,2.0,2.0,1.0,0.0,1.0,0.5773502691896257,0.07216878364870322,0.06894585576580214,0.11895165377920049
2203,2,137209,2,Public,19.0,28.745482,-81.308003,13,12,,24900.0,0.8147863904,1,24.0,1,,10.827885333304181,10.571928,Legal Support Services.,Seminole State College of Florida,50407.00000000004,39023.836,11383.164062500036,59640.99999999995,10.996098536008393,46020.28,10.736837,13620.718749999949,21,44782.99999999996,10.70958388210257,37392.71,10.529231,7390.289062499964,25.0,6,medium,0.1976398307908847,0.18724260679786014,0.29597208839309186,0.276856993312166,0.291697722405638,0.27139573240574383,2.0,1.0,1.0,-1.0,0.0,-1.0,0.5773502691896257,0.07216878364870322,0.06894585576580214,0.27139573240574383
2203,2,138187,1,Public,31.0,28.520783,-81.464275,11,15,,23247.0,0.8727049583,1,22.0,1,,10.609378189243436,10.60822,Legal Support Services.,Valencia College,40513.00000000002,40466.11,46.89062500002183,51929.00000000003,10.857632679961252,51709.234,10.853392,219.7656250000291,41,32209.999999999993,10.380032242325244,38866.844,10.567897,-6656.843750000007,27.0,6,medium,-0.1712730725658681,-0.16300473827413442,0.004250026666538303,0.004120556555745308,0.0011587628690835027,0.0011119744942573624,6.0,5.0,4.0,-1.0,-1.0,-2.0,1.0,0.125,0.06894585576580214,0.0011119744942573624
2203,2,138309,1,"Private, for-profit",116.0,29.175319,-82.15319,13,12,,25123.0,0.7318019398,1,30.0,1,,10.665134149520766,10.807519,Legal Support Services.,Rasmussen University-Florida,42836.0,49390.773,-6554.7734375,45751.00000000003,10.730968928388284,55500.465,10.924147,-9749.46484374997,92,34421.0,10.446422122219738,41170.01,10.625465,-6749.01171875,75.0,6,medium,-0.16393028413145452,-0.16148265057817174,-0.1756645619311038,-0.17356798303974583,-0.13271250845655477,-0.13155111002941078,5.0,6.0,6.0,1.0,0.0,1.0,0.5773502691896258,0.07216878364870323,0.06894585576580214,-0.16148265057817174
2203,2,386472,3,"Private, nonprofit",34.0,28.615784,-81.312669,21,6,0.942,18321.0,0.8203449578,2,31.0,1,open,10.597159595331789,10.653518,Legal Support Services.,Herzing University-Orlando,40021.0,42341.28,-2320.28125,45713.99999999998,10.730159875701064,45341.77,10.721984,372.2304687499782,32,39951.99999999999,10.595434012519554,39782.062,10.591171,169.93749999999272,29.0,6,medium,0.004271711653964465,0.0040813903973000625,0.00820943850666069,0.007877764858137801,-0.05479950491578476,-0.05280730876469571,4.0,4.0,5.0,0.0,1.0,1.0,0.5773502691896258,0.07216878364870323,0.06894585576580214,0.0040813903973000625
2203,3,137078,1,Public,27.0,27.773264,-82.636587,11,15,,22640.0,0.8076387681,1,26.0,1,,10.860939421415225,10.8460865,Legal Support Services.,St Petersburg College,52101.00000000003,51332.863,768.1367187500291,52656.99999999997,10.871554462190879,55423.82,10.922765,-2766.820312500029,41,43499.00000000001,10.680493228306789,45746.836,10.730878,-2247.8359374999927,28.0,3,low,-0.049136424223328125,-0.04685911391458733,-0.04992114034903536,-0.04840037446236701,0.014963839335075647,0.014257729503033943,2.0,2.0,2.0,0.0,0.0,0.0,0.0,0.0,0.0,-0.04685911391458733
2203,3,138354,2,Public,24.0,30.549076,-87.218511,41,12,0.5824,34583.0,0.6786062378,2,24.0,1,mid,10.805456211402726,10.804396,Legal Support Services.,University of West Florida,49288.99999999996,49236.754,52.24609374996362,45338.000000000015,10.72190081192847,49914.156,10.81806,-4576.156249999985,20,36524.000000000015,10.505724857736231,38580.86,10.560512,-2056.8593749999854,21.0,3,low,-0.053312948656939696,-0.04991288097354505,-0.09168052900824074,-0.08543598138874342,0.0010611197856268836,0.0010040034598966048,3.0,3.0,3.0,0.0,0.0,0.0,0.0,0.0,0.0,-0.04991288097354505
2203,3,433660,1,Public,68.0,26.463638,-81.7726,21,16,0.6344,43546.0,0.5981697171,2,21.0,1,mid,10.926441950598502,10.888278,Legal Support Services.,Florida Gulf Coast University,55628.000000000015,53545.016,2082.9843750000146,56695.000000000044,10.945441302405941,57328.516,10.956553,-633.5156249999563,87,39823.99999999999,10.592225024607373,39715.266,10.589491,108.73437499999272,63.0,3,low,0.0027378483635659362,0.0026877724135538285,-0.011050619715046152,-0.010909844724215306,0.038901555087556564,0.03826637769826326,1.0,1.0,1.0,0.0,0.0,0.0,0.0,0.0,0.0,0.0026877724135538285
2301,3,132903,3,Public,79.0,28.602159,-81.200889,21,15,0.4011,31400.0,0.7045342864,2,23.0,1,mid,10.704838702305462,10.695829,"English Language and Literature, General.",University of Central Florida,44570.999999999985,44171.25,399.74999999998545,46532.00000000003,10.747895526936658,47145.145,10.760986,-613.1445312499709,169,30424.999999999996,10.323019917855728,30970.54,10.340792,-545.5390625000036,269.0,11,medium,-0.01761477452488251,-0.017555455227697296,-0.01300546508757758,-0.01292912961763528,0.009050004244842187,0.008925943088473016,3.0,3.0,3.0,0.0,0.0,0.0,0.0,0.0,0.2510582905115477,-0.01292912961763528
2301,3,133669,1,Public,123.0,26.372421,-80.102978,13,15,0.6613,28064.0,0.7219053052,2,23.0,1,mid,10.787420368302158,10.805728,"English Language and Literature, General.",Florida Atlantic University,48408.000000000015,49302.395,-894.3945312499854,47641.99999999999,10.771470004116164,50000.582,10.81979,-2358.5820312500073,119,23264.000000000007,10.054662380333246,33348.477,10.414767,-10084.476562499993,92.0,11,medium,-0.302396918899734,-0.2988392555804686,-0.04717109152401287,-0.04675418072177616,-0.018140995782326138,-0.017992747406865597,11.0,6.0,5.0,-5.0,-1.0,-6.0,3.214550253664318,0.3214550253664318,0.2510582905115477,-0.04675418072177616
2301,3,133711,1,"Private, nonprofit",28.0,29.892733,-81.314887,23,10,0.8076,53601.0,0.5154411765,2,22.0,1,open,10.537601032592947,10.711404,"English Language and Literature, General.",Flagler College,37707.00000000001,44864.58,-7157.578124999993,53263.00000000003,10.882997185231837,44329.418,10.699404,8933.58203125003,33,21235.999999999985,9.963453133703561,25215.975,10.135233,-3979.9746093750146,25.0,11,medium,-0.15783544641956085,-0.14953220873768117,0.20152716729887482,0.19366401145541254,-0.1595373995283722,-0.15231076791833342,7.0,1.0,11.0,-6.0,10.0,4.0,5.033222956847167,0.5033222956847168,0.2510582905115477,-0.14953220873768117
2301,3,133951,2,Public,136.0,25.75732,-80.373928,21,15,0.5466,23924.0,0.8131269705,2,23.0,1,mid,10.741773498762312,10.838247,"English Language and Literature, General.",Florida International University,46247.999999999985,50932.027,-4684.027343750015,47659.00000000001,10.77182676847709,50917.27,10.837957,-3258.2695312499927,131,27037.000000000015,10.204961577256293,31940.244,10.371622,-4903.244140624985,137.0,11,medium,-0.15351304514258607,-0.15237861519094456,-0.06399144261359616,-0.06348587615587482,-0.09196624575999336,-0.09129794425250652,8.0,8.0,9.0,0.0,1.0,1.0,0.5773502691896257,0.057735026918962574,0.2510582905115477,-0.09129794425250652
2301,3,134097,1,Public,504.0,30.443147,-84.295064,12,15,0.2422,43729.0,0.5975318884,2,20.0,1,elite,10.789050999758988,10.845975,"English Language and Literature, General.",Florida State University,48486.99999999999,51327.137,-2840.1367187500073,52601.99999999999,10.87050942081664,59097.855,10.98695,-6495.855468750007,468,29533.99999999999,10.293297421033719,29477.256,10.291374,56.744140624989086,367.0,11,medium,0.0019250143532930687,0.0019204914158936009,-0.10991694059329973,-0.10971897293958083,-0.05533401822729173,-0.05524615844534284,2.0,9.0,7.0,7.0,-2.0,5.0,3.605551275463989,0.3605551275463989,0.2510582905115477,-0.05524615844534284
2301,3,134130,1,Public,191.0,29.64629,-82.347911,12,16,0.242,39127.0,0.6673828964,2,21.0,1,elite,10.886090232096995,10.872032,"English Language and Literature, General.",University of Florida,53427.999999999956,52682.164,745.8359374999563,49045.99999999996,10.800513912228825,58040.203,10.968891,-8994.203125000036,157,26917.00000000002,10.200513336241043,34360.996,10.444677,-7443.996093749982,145.0,11,medium,-0.21664087017267777,-0.21514256959992908,-0.15496505251074683,-0.15397390967130498,0.014157276011196629,0.0140880627109133,10.0,10.0,2.0,0.0,-8.0,-8.0,4.618802153517007,0.46188021535170065,0.2510582905115477,-0.15397390967130498
2301,3,136172,1,Public,78.0,30.27194,-81.509144,11,15,0.5324,37074.0,0.6143506622,2,22.0,1,mid,10.680975881529823,10.689337,"English Language and Literature, General.",University of North Florida,43519.99999999996,43885.39,-365.3906250000364,42390.00000000004,10.654667764346684,43739.78,10.686013,-1349.7812499999636,93,27395.999999999978,10.218152296317795,29569.607,10.294502,-2173.607421875022,84.0,11,medium,-0.07350815960671263,-0.07254647721011132,-0.03085935071977443,-0.030495657380661262,-0.008326019657026498,-0.00821017356556993,6.0,5.0,4.0,-1.0,-1.0,-2.0,1.0,0.1,0.2510582905115477,-0.030495657380661262
2301,3,136950,1,"Private, nonprofit",32.0,28.592787,-81.349239,21,11,0.4754,43978.0,0.58,2,22.0,1,mid,10.713172549344025,10.736961,"English Language and Literature, General.",Rollins College,44943.999999999985,46025.984,-1081.9843750000146,55912.00000000004,10.931534305156966,55565.87,10.925324,346.1289062500364,29,25777.00000000001,10.157237900443238,26268.922,10.176142,-491.9218749999891,28.0,11,medium,-0.01872638235176864,-0.017858476633166146,0.006229163683334547,0.005947946263521943,-0.023508120243218907,-0.022592489395822056,4.0,2.0,6.0,-2.0,4.0,2.0,2.0,0.2,0.2510582905115477,-0.017858476633166146
2301,3,137351,1,Public,194.0,28.061458,-82.413232,11,15,0.4319,32495.0,0.6858996244,2,22.0,1,mid,10.650436129564383,10.739617,"English Language and Literature, General.",University of South Florida,42211.00000000002,46148.39,-3937.390624999978,45177.99999999998,10.71836552166722,46244.785,10.741704,-1066.7851562500218,221,30696.0,10.331887631926788,28768.176,10.267025,1927.82421875,175.0,11,medium,0.06701239012890356,0.06664022576242909,-0.02306822602041747,-0.02296915916444281,-0.08532021532440988,-0.08491060249444003,1.0,4.0,8.0,3.0,4.0,7.0,3.511884584284246,0.3511884584284246,0.2510582905115477,-0.02296915916444281
2301,3,138354,2,Public,30.0,30.549076,-87.218511,41,12,0.5824,34583.0,0.6786062378,2,24.0,1,mid,10.485647304906445,10.619901,"English Language and Literature, General.",University of West Florida,35798.0,40941.55,-5143.55078125,33670.999999999985,10.424392211743783,44099.023,10.694193,-10428.023437500015,26,25035.0,10.128030124764045,30979.844,10.341092,-5944.84375,25.0,11,medium,-0.191893922964024,-0.18179897352001154,-0.2364683529166873,-0.22440477639405845,-0.12563155725907657,-0.1203669769342427,9.0,11.0,10.0,2.0,-1.0,1.0,1.0,0.1,0.2510582905115477,-0.18179897352001154
2301,3,433660,1,Public,42.0,26.463638,-81.7726,21,16,0.6344,43546.0,0.5981697171,2,21.0,1,mid,10.792407087614151,10.716948,"English Language and Literature, General.",Florida Gulf Coast University,48650.000000000015,45113.984,3536.0156250000146,45842.000000000015,10.732955980454312,48441.703,10.788116,-2599.7031249999854,56,27096.99999999999,10.207178299632961,28047.703,10.241662,-950.7031250000109,46.0,11,medium,-0.033895935106094746,-0.03300362876179317,-0.053666633443742805,-0.05252537282620402,0.07837959058565229,0.07614263686652482,5.0,7.0,1.0,2.0,-6.0,-4.0,3.055050463303893,0.30550504633038933,0.2510582905115477,-0.03300362876179317
2401,2,132693,1,Public,1241.0,28.170002,-80.670781,13,12,,22005.0,0.8466486121,1,25.0,1,,10.571803985965566,10.532427,"Liberal Arts and Sciences, General Studies and Humanities.",Eastern Florida State College,39019.00000000002,37512.402,1506.5976562500218,42427.999999999985,10.65556380062536,42292.406,10.652363,135.59374999998545,1032,26771.000000000007,10.195074491065121,27307.566,10.214919,-536.5664062499927,401.0,30,high,-0.019649001242644105,-0.019607328211480746,0.003206101568174203,0.0032037686225063053,0.04016265453873386,0.04013991067941335,17.0,17.0,12.0,0.0,-5.0,-5.0,2.8867513459481287,0.07596714068284549,0.19952822142949236,0.0032037686225063053
2401,2,132709,2,Public,1610.0,26.119422,-80.14183,12,15,,20743.0,0.9264472291,1,24.0,1,,10.651028216926404,10.757371,"Liberal Arts and Sciences, General Studies and Humanities.",Broward College,42235.99999999996,46975.004,-4739.003906250036,44116.99999999997,10.694600474682053,41148.383,10.62494,2968.617187499971,1403,28774.999999999985,10.267262233590083,29133.89,10.279657,-358.89062500001455,488.0,30,high,-0.012318664527835083,-0.01229783347494323,0.07214420068528594,0.07210717908721072,-0.10088352340976632,-0.100841004996553,16.0,6.0,26.0,-10.0,20.0,10.0,10.0,0.2631578947368421,0.19952822142949236,-0.01229783347494323
2401,2,132851,3,Public,493.0,29.166079,-82.175692,13,12,,21993.0,0.8733662504,1,24.0,1,,10.552395447950312,10.595096,"Liberal Arts and Sciences, General Studies and Humanities.",College of Central Florida,38268.999999999985,39938.48,-1669.4804687500146,42065.99999999996,10.646995092435022,40125.363,10.599764,1940.6367187499636,690,24017.00000000002,10.086517191913764,27541.432,10.223447,-3524.431640624982,300.0,30,high,-0.12796835279347887,-0.1275886329789606,0.048364340159302556,0.04830858724066201,-0.04180130163079953,-0.041733220626733056,29.0,9.0,22.0,-20.0,13.0,-7.0,10.14889156509222,0.2670760938182163,0.19952822142949236,-0.041733220626733056
2401,2,133021,1,Public,95.0,30.789228,-85.23139,32,6,,21653.0,,1,23.0,1,,10.570880932644982,10.521466,"Liberal Arts and Sciences, General Studies and Humanities.",Chipola College,38983.00000000002,37103.49,1879.5117187500218,43985.00000000004,10.691603945686776,42383.74,10.65452,1601.2617187500364,130,20677.999999999993,9.936825612146638,26820.027,10.196904,-6142.027343750007,39.0,30,high,-0.2290089888808899,-0.221721363447129,0.037780096416327985,0.037478931580888435,0.05065593036705987,0.05009608307224463,30.0,10.0,10.0,-20.0,0.0,-20.0,11.547005383792515,0.30386856273138196,0.19952822142949236,0.037478931580888435
2401,2,133386,3,Public,1058.0,29.20278,-81.049513,13,12,,21285.0,0.8535849057,1,25.0,1,,10.524682128775064,10.601872,"Liberal Arts and Sciences, General Studies and Humanities.",Daytona State College,37223.0,40210.06,-2987.05859375,42773.99999999997,10.663685720345683,40534.938,10.60992,2239.062499999971,1125,28917.0,10.272184936452078,27489.11,10.221545,1427.890625,529.0,30,high,0.05194386640618472,0.05186381935444688,0.055237842663504066,0.05520141050065873,-0.07428635267431044,-0.07423590941594103,7.0,8.0,24.0,1.0,16.0,17.0,9.539392014169456,0.2510366319518278,0.19952822142949236,0.05186381935444688
2401,2,133508,1,Public,1011.0,26.552403,-81.887102,21,12,,25854.0,0.8308977035,1,23.0,1,,10.689829039654898,10.769414,"Liberal Arts and Sciences, General Studies and Humanities.",Florida SouthWestern State College,43907.000000000015,47544.145,-3637.1445312499854,47775.99999999998,10.774278700338916,44398.0,10.70095,3377.999999999978,1206,27740.000000000022,10.230630693868823,27551.838,10.2238245,188.16210937502183,504.0,30,high,0.006829385034928915,0.006818257646495701,0.0760845083111847,0.07603814308962534,-0.07650036754493182,-0.07644565970000275,12.0,5.0,25.0,-7.0,20.0,13.0,10.14889156509222,0.2670760938182163,0.19952822142949236,0.006818257646495701
2401,2,133702,1,Public,1304.0,30.334918,-81.659901,11,15,,25081.0,0.8159581286,1,25.0,1,,10.703019723800088,10.609586,"Liberal Arts and Sciences, General Studies and Humanities.",Florida State College at Jacksonville,44490.00000000001,40521.406,3968.5937500000073,45208.99999999999,10.7190514610438,46771.566,10.753031,-1562.5664062500073,1353,30677.99999999999,10.331301064308054,29433.488,10.289888,1244.511718749989,547.0,30,high,0.042282168761586435,0.04221947105821222,-0.03340846856993877,-0.033390603772236765,0.09793820395855604,0.09788577696950124,9.0,19.0,5.0,10.0,-14.0,-4.0,7.211102550927978,0.18976585660336784,0.19952822142949236,0.04221947105821222
2401,2,133960,3,Public,62.0,24.582748,-81.74446,33,6,,26806.0,0.7445783133,1,26.0,1,,10.732432305993294,10.870935,"Liberal Arts and Sciences, General Studies and Humanities.",The College of the Florida Keys,45818.00000000003,52624.414,-6806.414062499971,42831.0,10.66501741845733,49683.723,10.813433,-6852.72265625,48,30932.99999999999,10.339578854186053,32309.814,10.383126,-1376.814453125011,25.0,30,high,-0.04261288640708506,-0.04037115343660627,-0.1379269162993759,-0.1344217192965937,-0.12933947453393502,-0.12698786625819525,20.0,30.0,28.0,10.0,-2.0,8.0,5.291502622129181,0.1392500690033995,0.19952822142949236,-0.12698786625819525
2401,2,134343,2,Public,320.0,30.185542,-85.727918,13,9,,22880.0,0.8783042394,1,25.0,1,,10.61653539480241,10.633454,"Liberal Arts and Sciences, General Studies and Humanities.",Gulf Coast State College,40804.00000000003,41500.23,-696.2304687499709,45814.0,10.73234500024852,42769.723,10.663586,3044.27734375,269,28077.999999999978,10.242741630531896,26586.53,10.18816,1491.4707031249782,101.0,30,high,0.056098736562063656,0.05550688540308106,0.07117832790774797,0.07093506773213326,-0.01677654463326988,-0.01673152427423118,6.0,7.0,17.0,1.0,10.0,11.0,6.082762530298219,0.16007269816574263,0.19952822142949236,0.05550688540308106
2401,2,134495,2,Public,896.0,27.934888,-82.456253,11,5,,22087.0,0.8303442291,1,24.0,1,,10.730947070703667,10.60184,"Liberal Arts and Sciences, General Studies and Humanities.",Hillsborough Community College,45750.0,40208.754,5541.24609375,44585.000000000015,10.70515275856898,43552.887,10.681731,1032.1132812500146,2630,30406.000000000015,10.322395236340782,28235.191,10.248324,2170.8085937500146,1073.0,30,high,0.07688308403921411,0.07683035942158124,0.023697930470488845,0.02369195177662165,0.13781193286093543,0.1376988191878322,4.0,12.0,2.0,8.0,-10.0,-2.0,5.291502622129181,0.1392500690033995,0.19952822142949236,0.07683035942158124
2401,2,134608,3,Public,755.0,27.42416,-80.358682,21,12,,21577.0,0.9122626988,1,23.0,1,,10.576432025778553,10.613687,"Liberal Arts and Sciences, General Studies and Humanities.",Indian River State College,39199.99999999997,40687.92,-1487.921875000029,40190.00000000002,10.601373487443247,44028.844,10.6926,-3838.843749999978,1247,25577.999999999996,10.149487885993265,28298.973,10.250581,-2720.9726562500036,478.0,30,high,-0.09615093414527401,-0.0959844162822901,-0.08718929281444004,-0.08713814195068283,-0.03656912927554202,-0.03653262244700753,25.0,26.0,20.0,1.0,-6.0,-5.0,3.2145502536643185,0.08459342772800837,0.19952822142949236,-0.08713814195068283
2401,2,135081,2,"Private, nonprofit",192.0,26.185869,-80.163959,12,15,0.9697,21659.0,0.7867955286,2,28.0,1,open,10.663007508460334,10.571748,"Liberal Arts and Sciences, General Studies and Humanities.",Keiser University-Ft Lauderdale,42744.999999999985,39016.81,3728.1914062499854,42188.99999999996,10.649914802538357,42633.582,10.660398,-444.5820312500364,236,28122.000000000015,10.244307467150762,32077.217,10.375901,-3955.2167968749854,148.0,30,high,-0.12330299171280681,-0.12247036307390291,-0.010427977431597516,-0.010386486775100429,0.09555346889256326,0.09508915348850745,27.0,18.0,7.0,-9.0,-11.0,-20.0,10.016652800877813,0.2635961263388898,0.19952822142949236,-0.010386486775100429
2401,2,135160,3,Public,177.0,30.175298,-82.5679,32,9,,21618.0,0.9306451613,1,26.0,1,,10.687046571956325,10.556645,"Liberal Arts and Sciences, General Studies and Humanities.",Florida Gateway College,43784.999999999985,38431.99,5353.011718749985,44252.99999999997,10.697678444748158,35297.188,10.471559,8955.81249999997,188,21924.999999999985,9.995382817240383,24770.453,10.117407,-2845.4531250000146,90.0,30,high,-0.11487287336412076,-0.11348628563825318,0.2537259519614692,0.2524106064816168,0.13928531825041135,0.13854116740706737,26.0,1.0,1.0,-25.0,0.0,-25.0,14.433756729740644,0.37983570341422745,0.19952822142949236,0.13854116740706737
2401,2,135188,1,Public,289.0,28.828649,-81.797193,22,9,,25118.0,0.911154345,1,23.0,1,,10.555317824459362,10.66678,"Liberal Arts and Sciences, General Studies and Humanities.",Lake-Sumter State College,38381.0,42906.582,-4525.58203125,42291.0,10.652329576439035,47166.73,10.761444,-4875.73046875,345,23607.99999999998,10.069340916622775,26137.502,10.171126,-2529.501953125018,100.0,30,high,-0.09677672937763629,-0.09574378511105636,-0.10337223759828726,-0.10310746471144355,-0.10547523985839512,-0.10515669589928585,24.0,28.0,27.0,4.0,-1.0,3.0,2.081665999466133,0.054780684196477185,0.19952822142949236,-0.10310746471144355
2401,2,135391,1,Public,357.0,27.43804,-82.590887,21,12,,23855.0,0.8640541848,1,24.0,1,,10.578216147572055,10.601289,"Liberal Arts and Sciences, General Studies and Humanities.",State College of Florida-Manatee-Sarasota,39270.0,40186.598,-916.59765625,46790.99999999999,10.753446155719935,46341.332,10.74379,449.6679687499927,185,25596.99999999999,10.150230436100662,27826.885,10.233758,-2229.884765625011,69.0,30,high,-0.08013418621618844,-0.07881567978140773,0.00970338894114571,0.009652133810184873,-0.022808540899392278,-0.022754617219599548,22.0,16.0,18.0,-6.0,2.0,-4.0,3.0550504633038935,0.08039606482378667,0.19952822142949236,-0.022754617219599548
2401,2,135717,1,Public,1850.0,25.777717,-80.190856,11,15,,18391.0,0.9677276583,1,22.0,1,,10.655728772403778,10.609696,"Liberal Arts and Sciences, General Studies and Humanities.",Miami Dade College,42435.00000000004,40525.89,1909.1093750000364,45752.999999999985,10.731012642324293,48590.69,10.791187,-2837.6914062500146,6114,25905.000000000004,10.162191279248889,28288.748,10.250219,-2383.7480468749964,2010.0,30,high,-0.08426488308797123,-0.08423652471695019,-0.05839989767844742,-0.0583941676006213,0.04710838788629427,0.04709142236760941,23.0,24.0,11.0,1.0,-13.0,-12.0,7.234178138070235,0.19037310889658512,0.19952822142949236,-0.0583941676006213
2401,2,136145,1,Public,102.0,30.473841,-83.420732,42,6,,17842.0,,1,24.0,1,,10.530201084004045,10.67396,"Liberal Arts and Sciences, General Studies and Humanities.",North Florida College,37428.999999999985,43215.723,-5786.722656250015,40261.00000000001,10.60313853743474,46538.375,10.748033,-6277.374999999993,116,29129.00000000002,10.279489520493652,25371.486,10.141381,3757.513671875018,61.0,30,high,0.14809986388971266,0.1452876184606359,-0.1348859946227171,-0.13365776150119152,-0.1339031792266725,-0.13254127501483626,3.0,29.0,29.0,26.0,0.0,26.0,15.01110699893027,0.39502913155079655,0.19952822142949236,-0.13254127501483626
2401,2,136233,3,Public,274.0,30.540017,-86.47456,22,9,,23721.0,0.9132875858,1,25.0,1,,10.601074861122095,10.606233,"Liberal Arts and Sciences, General Studies and Humanities.",Northwest Florida State College,40178.000000000015,40385.766,-207.76562499998545,46360.99999999998,10.744213867540292,44788.27,10.709702,1572.7304687499782,330,24605.00000000001,10.110704953300079,28205.48,10.247272,-3600.480468749989,142.0,30,high,-0.12765180414987462,-0.12674714614935323,0.03511478530450124,0.03502009474450411,-0.005144526091920176,-0.005127997700606358,28.0,11.0,14.0,-17.0,3.0,-14.0,9.073771725877467,0.23878346647045967,0.19952822142949236,-0.005127997700606358
2401,2,136358,2,Public,1606.0,26.61256,-80.08653,21,15,,21408.0,0.9218037494,1,23.0,1,,10.671742205582879,10.702452,"Liberal Arts and Sciences, General Studies and Humanities.",Palm Beach State College,43120.0,44464.74,-1344.73828125,44568.999999999985,10.704793829072338,43641.066,10.683754,927.9335937499854,2852,29805.000000000022,10.302431443654028,25312.057,10.139036,4492.943359375022,1112.0,30,high,0.1775021059396651,0.17738522879665639,0.021262853320584592,0.021257956264363075,-0.030242802122081816,-0.03023002001270929,2.0,14.0,19.0,12.0,5.0,17.0,8.736894948054104,0.22991828810668694,0.19952822142949236,0.021257956264363075
2401,2,136400,3,Public,696.0,28.2751,-82.646727,21,12,,23149.0,0.8602089269,1,24.0,1,,10.569443376242877,10.609702,"Liberal Arts and Sciences, General Studies and Humanities.",Pasco-Hernando State College,38926.99999999997,40526.125,-1599.125000000029,42899.000000000015,10.666603794621116,45062.902,10.715815,-2163.9023437499854,712,27252.999999999996,10.212918885774858,26933.96,10.201143,319.03906249999636,241.0,30,high,0.011845233727052751,0.011799910952662883,-0.04801959552545572,-0.04796619560465295,-0.03945911433674029,-0.039415873997543475,11.0,23.0,21.0,12.0,-2.0,10.0,6.429100507328636,0.16918685545601675,0.19952822142949236,-0.039415873997543475
2401,2,136473,1,Public,476.0,30.479267,-87.200265,13,12,,20605.0,0.9150442478,1,25.0,1,,10.575053525062469,10.590345,"Liberal Arts and Sciences, General Studies and Humanities.",Pensacola State College,39145.99999999998,39749.22,-603.2187500000218,40919.00000000001,10.619349781839288,45034.285,10.715179,-4115.285156249993,535,26671.000000000022,10.191332111786215,25246.291,10.136435,1424.7089843750218,283.0,30,high,0.056432407575959,0.05625323391987171,-0.09138115864328004,-0.09124007433740705,-0.015175612728238133,-0.015149876634712681,5.0,27.0,16.0,22.0,-11.0,11.0,11.0,0.2894736842105263,0.19952822142949236,-0.015149876634712681
2401,2,136516,2,Public,414.0,28.032411,-81.711873,13,12,,23968.0,0.8981884889,1,24.0,1,,10.64849161863629,10.5827675,"Liberal Arts and Sciences, General Studies and Humanities.",Polk State College,42129.00000000003,39449.137,2679.863281250029,43939.99999999999,10.690580345938601,43071.51,10.670617,868.4882812499927,756,27184.000000000022,10.210383843911714,27502.56,10.222034,-318.5605468749782,305.0,30,high,-0.011582941389476365,-0.011549223747740305,0.020163868101985383,0.020142933096799945,0.06793211472169686,0.06779678554615734,15.0,15.0,8.0,0.0,-7.0,-7.0,4.041451884327381,0.1063539969559837,0.19952822142949236,0.020142933096799945
2401,2,137032,3,"Private, nonprofit",356.0,28.336776,-82.257801,31,12,0.784,22361.0,0.7686491935,2,30.0,1,open,10.865573491980717,10.773552,"Liberal Arts and Sciences, General Studies and Humanities.",Saint Leo University,52343.00000000003,47741.29,4601.710937500029,52156.00000000001,10.861994506543363,44028.34,10.692589,8127.660156250007,472,41988.99999999996,10.645162958200558,33562.11,10.421153,8426.890624999964,126.0,30,high,0.25108346233079887,0.24903750244384415,0.1846006500607077,0.18427141715579487,0.09638849364699283,0.09615987225272814,1.0,2.0,6.0,1.0,4.0,5.0,2.6457513110645907,0.06962503450169975,0.19952822142949236,0.18427141715579487
2401,2,137078,3,Public,1000.0,27.773264,-82.636587,11,15,,22640.0,0.8076387681,1,26.0,1,,10.718476188879958,10.664198,"Liberal Arts and Sciences, General Studies and Humanities.",St Petersburg College,45182.99999999998,42795.914,2387.085937499978,43490.99999999996,10.680309299119006,45084.047,10.716284,-1593.0468750000364,1906,29069.000000000004,10.277427593236435,31059.275,10.343653,-1990.2753906249964,719.0,30,high,-0.06407990417013223,-0.06401047864400979,-0.03533504610659547,-0.03532222925845906,0.05577836085038003,0.055737971297573165,21.0,20.0,9.0,-1.0,-11.0,-12.0,6.6583281184793925,0.1752191610126156,0.19952822142949236,-0.03532222925845906
2401,2,137096,1,Public,146.0,29.681037,-82.433143,22,12,,25000.0,0.8128164557,1,22.0,1,,10.775429243836092,10.651933,"Liberal Arts and Sciences, General Studies and Humanities.",Santa Fe College,47831.00000000001,42274.223,5556.777343750007,47029.99999999997,10.758540974939093,46011.367,10.736644,1018.6328124999709,1193,25823.00000000001,10.15902084665199,25695.467,10.15407,127.53320312501091,344.0,30,high,0.004963256909600922,0.004950688730346883,0.022138720815422865,0.022125062367690327,0.1314459969834234,0.13056677452065615,13.0,13.0,3.0,0.0,-10.0,-10.0,5.773502691896257,0.15193428136569098,0.19952822142949236,0.022125062367690327
2401,2,137209,3,Public,1562.0,28.745482,-81.308003,13,12,,24900.0,0.8147863904,1,24.0,1,,10.696525315910868,10.678006,"Liberal Arts and Sciences, General Studies and Humanities.",Seminole State College of Florida,44201.99999999999,43390.953,811.0468749999927,45534.99999999999,10.726236540001919,47205.973,10.762276,-1670.9726562500073,1739,27925.99999999998,10.23731343350214,28974.953,10.274187,-1048.9531250000182,485.0,30,high,-0.03620206460644682,-0.03614040992239817,-0.03539748388234456,-0.035383241692034835,0.018691612342866523,0.018683459753485086,19.0,21.0,13.0,2.0,-8.0,-6.0,4.163331998932266,0.10956136839295437,0.19952822142949236,-0.035383241692034835
2401,2,137281,3,Public,394.0,29.647516,-81.681387,32,9,,24832.0,0.8578217822,1,25.0,1,,10.683752354441571,10.58322,"Liberal Arts and Sciences, General Studies and Humanities.",Saint Johns River State College,43640.999999999985,39466.973,4174.027343749985,45213.99999999999,10.719162052375765,40028.395,10.597344,5185.605468749993,415,26737.999999999996,10.193841053543068,27384.709,10.21774,-646.7089843750036,143.0,30,high,-0.02361569680159825,-0.023449699713063384,0.12954817522600393,0.12928015400417936,0.10576000799719269,0.10553691853389559,18.0,4.0,4.0,-14.0,0.0,-14.0,8.082903768654761,0.2127079939119674,0.19952822142949236,0.10553691853389559
2401,2,137759,2,Public,773.0,30.443866,-84.339,12,12,,23457.0,0.8177727784,1,22.0,1,,10.615996086574693,10.663165,"Liberal Arts and Sciences, General Studies and Humanities.",Tallahassee State College,40782.0,42751.74,-1969.73828125,42300.0,10.65254236503437,45667.72,10.729147,-3367.71875,1147,25467.00000000002,10.145138775406078,24331.645,10.099533,1135.3554687500182,343.0,30,high,0.0466616823738256,0.04654312477241534,-0.07374396712119542,-0.07369638953314318,-0.04607387583381341,-0.04602910440898972,8.0,25.0,23.0,17.0,-2.0,15.0,9.291573243177568,0.24451508534677813,0.19952822142949236,-0.04602910440898972
2401,2,138187,1,Public,3493.0,28.520783,-81.464275,11,15,,23247.0,0.8727049583,1,22.0,1,,10.613934230174134,10.624862,"Liberal Arts and Sciences, General Studies and Humanities.",Valencia College,40697.99999999999,41145.168,-447.1679687500073,44728.00000000001,10.708354982706481,46824.004,10.754151,-2096.0039062499927,4116,25001.000000000004,10.12667110305036,25158.684,10.132958,-157.68359374999636,1446.0,30,high,-0.00626756138342503,-0.006264499380703888,-0.04476344890211794,-0.0447566169955378,-0.010868055492922864,-0.01086614188344596,14.0,22.0,15.0,8.0,-7.0,1.0,4.358898943540674,0.1147078669352809,0.19952822142949236,-0.01086614188344596
2401,2,138354,2,Public,79.0,30.549076,-87.218511,41,12,0.5824,34583.0,0.6786062378,2,24.0,1,mid,10.756753283988832,11.048257,"Liberal Arts and Sciences, General Studies and Humanities.",University of West Florida,46945.999999999985,62834.33,-15888.328125000015,59239.999999999985,10.989352268381735,51554.42,10.850393,7685.578124999985,116,31139.999999999985,10.346248445387989,30655.412,10.3305645,484.58789062498545,25.0,30,high,0.01580758036773511,0.01497599215389487,0.14907699175901165,0.147719539493875,-0.2528606352469057,-0.24939431833033046,10.0,3.0,30.0,-7.0,27.0,20.0,14.0118997046558,0.3687342027541,0.19952822142949236,0.01497599215389487
2401,3,132471,1,"Private, nonprofit",37.0,25.878908,-80.198925,21,13,0.7724,28822.0,0.7126805778,2,26.0,1,open,10.714084379851219,10.927012,"Liberal Arts and Sciences, General Studies and Humanities.",Barry University,44984.99999999998,55659.746,-10674.746093750022,51734.00000000003,10.853870484578053,59705.42,10.997178,-7971.421874999971,44,46014.99999999999,10.736722709272957,44370.23,10.700324,1644.7695312499927,29.0,9,medium,0.03706921316102709,0.035417636508885866,-0.13351252909139538,-0.12976197909182097,-0.19178574900018602,-0.1854552267196598,4.0,6.0,8.0,2.0,2.0,4.0,2.0,0.05263157894736842,0.04731316872534208,-0.12976197909182097
2401,3,132602,1,"Private, nonprofit",125.0,29.207195,-81.032946,13,11,0.8824,22913.0,0.866638796,2,20.0,1,open,10.548258233355712,10.560148,"Liberal Arts and Sciences, General Studies and Humanities.",Bethune-Cookman University,38110.999999999985,38566.844,-455.84375000001455,42126.999999999985,10.648444144272437,47575.754,10.770079,-5448.753906250015,113,25459.000000000022,10.144824594042303,36914.348,10.5163555,-11455.347656249978,36.0,9,medium,-0.3103223647055419,-0.2995013189614871,-0.11452795718144605,-0.11345270212920133,-0.011819576238981562,-0.01172479014863125,9.0,5.0,2.0,-4.0,-3.0,-7.0,3.511884584284246,0.09241801537590122,0.04731316872534208,-0.11345270212920133
2401,3,132903,1,Public,291.0,28.602159,-81.200889,21,15,0.4011,31400.0,0.7045342864,2,23.0,1,mid,10.915960810882316,10.973861,"Liberal Arts and Sciences, General Studies and Humanities.",University of Central Florida,55048.000000000015,58329.35,-3281.3515624999854,52861.99999999996,10.875440023235184,55018.688,10.915428,-2156.6875000000364,231,48390.99999999997,10.787069125000578,35776.598,10.485049,12614.40234374997,73.0,9,medium,0.35258809305882377,0.34715518950186114,-0.03919918118730179,-0.039039284587187174,-0.05625558101711471,-0.05608703853836237,2.0,3.0,3.0,1.0,0.0,1.0,0.5773502691896258,0.015193428136569102,0.04731316872534208,-0.039039284587187174
2401,3,133669,2,Public,115.0,26.372421,-80.102978,13,15,0.6613,28064.0,0.7219053052,2,23.0,1,mid,10.776118935069867,10.927926,"Liberal Arts and Sciences, General Studies and Humanities.",Florida Atlantic University,47863.99999999997,55710.617,-7846.617187500029,48428.00000000001,10.787833437827631,56241.723,10.937414,-7813.722656249993,117,29605.000000000004,10.295698544965877,38181.05,10.550095,-8576.050781249996,122.0,9,medium,-0.2246153682460079,-0.22271480853284942,-0.1389310690927365,-0.13767861764246767,-0.14084599280405394,-0.13960088010903435,7.0,7.0,7.0,0.0,0.0,0.0,0.0,0.0,0.04731316872534208,-0.13960088010903435
2401,3,133951,1,Public,91.0,25.75732,-80.373928,21,15,0.5466,23924.0,0.8131269705,2,23.0,1,mid,10.815589523788828,10.949272,"Liberal Arts and Sciences, General Studies and Humanities.",Florida International University,49791.0,56912.605,-7121.60546875,49959.99999999997,10.818977964239513,55925.46,10.931775,-5965.460937500029,281,34418.00000000001,10.446334962324856,29387.967,10.288341,5030.033203125007,303.0,9,medium,0.17115961910164812,0.17065756341574936,-0.10666806920316282,-0.10632152239456025,-0.12513230434794248,-0.12367806018981033,3.0,4.0,6.0,1.0,2.0,3.0,1.5275252316519465,0.04019803241189333,0.04731316872534208,-0.10632152239456025
2401,3,134097,1,Public,80.0,30.443147,-84.295064,12,15,0.2422,43729.0,0.5975318884,2,20.0,1,elite,10.709315887371531,11.008768,"Liberal Arts and Sciences, General Studies and Humanities.",Florida State University,44771.00000000002,60401.434,-15630.433593749978,51587.000000000044,10.851024981743453,60537.87,11.011024,-8950.871093749956,107,35360.99999999997,10.473364796894678,41805.227,10.640777,-6444.226562500029,109.0,9,medium,-0.1541488252160463,-0.152661055858612,-0.14785572951332368,-0.14637627442933618,-0.2587758710973265,-0.25528016921156865,6.0,8.0,9.0,2.0,1.0,3.0,1.5275252316519465,0.04019803241189333,0.04731316872534208,-0.152661055858612
2401,3,137032,3,"Private, nonprofit",45.0,28.336776,-82.257801,31,12,0.784,22361.0,0.7686491935,2,30.0,1,open,10.912722030053022,10.921807,"Liberal Arts and Sciences, General Studies and Humanities.",Saint Leo University,54870.000000000044,55370.78,-500.78124999995634,59222.00000000005,10.989048373459507,52391.01,10.86649,6830.988281250051,33,40874.00000000002,10.618249443068482,41139.2,10.624717,-265.1992187499782,36.0,9,medium,-0.006446387479246519,-0.006221599769011649,0.13038473694535158,0.12529740544582396,-0.009044142753538561,-0.008805745801119159,5.0,1.0,1.0,-4.0,0.0,-4.0,2.3094010767585034,0.06077371254627641,0.04731316872534208,-0.006221599769011649
2401,3,137351,1,Public,146.0,28.061458,-82.413232,11,15,0.4319,32495.0,0.6858996244,2,22.0,1,mid,10.873262177683122,10.958476,"Liberal Arts and Sciences, General Studies and Humanities.",University of South Florida,52746.99999999997,57438.84,-4691.839843750029,59586.99999999998,10.995192708456269,53823.99,10.893475,5763.011718749978,248,45230.00000000001,10.719515862471889,32251.166,10.3813095,12978.833984375007,183.0,9,medium,0.4024299145676482,0.40030842795333377,0.10707143604141961,0.10666928269569066,-0.08168409836468093,-0.081137725741845,1.0,2.0,5.0,1.0,3.0,4.0,2.081665999466133,0.054780684196477185,0.04731316872534208,0.10666928269569066
2401,3,262129,1,Public,107.0,27.384925,-82.55858,13,8,0.732,44268.0,0.6169491525,2,20.0,1,open,10.648206738640061,10.724228,"Liberal Arts and Sciences, General Studies and Humanities.",New College of Florida,42117.000000000015,45443.63,-3326.6289062499854,39137.00000000001,10.574823590081959,46117.33,10.738944,-6980.328124999993,81,20395.000000000004,9.923045051751659,27930.15,10.237462,-7535.150390624996,41.0,9,medium,-0.2697855287293489,-0.2616785650909741,-0.15136020252691065,-0.14926446168222193,-0.07320341676745944,-0.07249937955147588,8.0,9.0,4.0,1.0,-5.0,-4.0,2.6457513110645907,0.06962503450169975,0.04731316872534208,-0.14926446168222193
2601,3,132471,1,"Private, nonprofit",47.0,25.878908,-80.198925,21,13,0.7724,28822.0,0.7126805778,2,26.0,1,open,10.859248966318772,10.953103,"Biology, General.",Barry University,52012.99999999999,57131.05,-5118.050781250007,60470.99999999997,11.009919190256369,57426.902,10.958268,3044.097656249971,41,32556.000000000004,10.390716962446932,34485.875,10.448305,-1929.8749999999964,53.0,20,high,-0.0559613174959312,-0.0547105153459839,0.053008216219436605,0.05139340761578625,-0.08958439782328867,-0.08733863281298233,11.0,5.0,18.0,-6.0,13.0,7.0,6.506407098647712,0.34244247887619533,0.24720468725343947,-0.0547105153459839
2601,3,132903,1,Public,144.0,28.602159,-81.200889,21,15,0.4011,31400.0,0.7045342864,2,23.0,1,mid,10.925560711051151,10.959179,"Biology, General.",University of Central Florida,55578.999999999956,57479.23,-1900.2304687500437,51313.0,10.845699410361682,51737.65,10.853941,-424.6484375,174,23709.999999999993,10.07365217905945,26540.094,10.186412,-2830.0937500000073,486.0,20,high,-0.10663465535045472,-0.10645347938648747,-0.008207725908010352,-0.00816116066835113,-0.03305942778380011,-0.032834707201154556,13.0,8.0,13.0,-5.0,5.0,0.0,2.8867513459481287,0.15193428136569098,0.24720468725343947,-0.032834707201154556
2601,3,133492,1,"Private, nonprofit",30.0,27.715798,-82.687043,11,11,0.758,77695.0,0.4113924051,2,21.0,1,open,10.429103261774754,10.80177,"Biology, General.",Eckerd College,33830.00000000001,49107.652,-15277.652343749993,47814.00000000001,10.775073762625803,56142.05,10.93564,-8328.050781249993,50,26870.999999999975,10.198802917143304,27543.06,10.223506,-672.0605468750255,54.0,20,high,-0.024400358330958126,-0.023866658652970454,-0.14833891290681792,-0.14474257312097025,-0.31110532910039224,-0.29806848525107693,9.0,19.0,20.0,10.0,1.0,11.0,6.082762530298219,0.32014539633148525,0.24720468725343947,-0.14474257312097025
2601,3,133650,1,Public,49.0,30.428504,-84.290226,12,13,0.2056,28781.0,0.8220073183,2,20.0,1,elite,10.921630653712223,10.797064,"Biology, General.",Florida Agricultural and Mechanical University,55361.00000000005,48877.074,6483.925781250051,45172.99999999996,10.718254842205894,47840.19,10.775621,-2667.1914062500364,51,34011.99999999999,10.434468682505683,26027.184,10.166897,7984.816406249993,61.0,20,high,0.3067875699070035,0.30096202815086104,-0.05575210566364051,-0.05443101267181349,0.13265781319542888,0.12948866052277105,1.0,12.0,3.0,11.0,-9.0,2.0,5.8594652770823155,0.30839290932012187,0.24720468725343947,0.12948866052277105
2601,3,133669,1,Public,283.0,26.372421,-80.102978,13,15,0.6613,28064.0,0.7219053052,2,23.0,1,mid,10.900602225303203,10.9021,"Biology, General.",Florida Atlantic University,54208.999999999985,54290.23,-81.23046875001455,47707.00000000004,10.772833416633738,50900.707,10.837632,-3193.7070312499636,258,27676.000000000022,10.228320890618702,24709.818,10.114956,2966.181640625022,346.0,20,high,0.12004060885780009,0.1197386693919739,-0.06274386383845745,-0.06251877844794769,-0.001496226264811523,-0.0014915961754671633,2.0,14.0,10.0,12.0,-4.0,8.0,6.110100926607787,0.32158425929514667,0.24720468725343947,-0.0014915961754671633
2601,3,133702,1,Public,24.0,30.334918,-81.659901,11,15,,25081.0,0.8159581286,1,25.0,1,,10.775763698990863,10.830058,"Biology, General.",Florida State College at Jacksonville,47846.999999999956,50516.645,-2669.6445312500437,46452.00000000004,10.74617480036565,50295.754,10.825676,-3843.7539062499636,18,25912.00000000001,10.162461460851166,35153.375,10.467476,-9241.374999999989,16.0,20,high,-0.2628872761150242,-0.2404092352074917,-0.07642302993239991,-0.07058995733188647,-0.052846830109600416,-0.05000227212167313,19.0,15.0,14.0,-4.0,-1.0,-5.0,2.6457513110645907,0.1392500690033995,0.24720468725343947,-0.07058995733188647
2601,3,133951,2,Public,290.0,25.75732,-80.373928,21,15,0.5466,23924.0,0.8131269705,2,23.0,1,mid,10.976696559481702,10.965043,"Biology, General.",Florida International University,58495.00000000002,57817.285,677.7148437500218,46718.00000000001,10.751884808366633,54287.08,10.902041,-7569.078124999993,151,21529.0,9.977156142461329,26235.77,10.174879,-4706.76953125,338.0,20,high,-0.1794027625392754,-0.17893912287873215,-0.1394268836420268,-0.138493650444109,0.011721664929761259,0.011686406125754747,16.0,18.0,9.0,2.0,-9.0,-7.0,4.725815626252608,0.24872713822382148,0.24720468725343947,-0.138493650444109
2601,3,134079,1,"Private, nonprofit",45.0,28.032443,-81.948203,12,14,0.6442,66112.0,0.4608177172,2,21.0,1,mid,10.91221160274137,10.801,"Biology, General.",Florida Southern College,54842.00000000002,49069.83,5772.171875000022,58782.00000000004,10.981590964572698,49547.402,10.810685,9234.597656250036,30,29221.99999999998,10.28267712923203,28007.822,10.240239,1214.1777343749818,27.0,20,high,0.043351379584595034,0.04125855966233072,0.1863790475266945,0.17827987286834843,0.11763179321305238,0.11453110564389067,7.0,2.0,4.0,-5.0,2.0,-3.0,2.516611478423583,0.13245323570650439,0.24720468725343947,0.11453110564389067
2601,3,134097,1,Public,238.0,30.443147,-84.295064,12,15,0.2422,43729.0,0.5975318884,2,20.0,1,elite,10.946305202881923,11.001083,"Biology, General.",Florida State University,56744.000000000044,59939.047,-3195.0468749999563,51256.00000000004,10.844587963318858,56418.516,10.940553,-5162.515624999964,195,26139.999999999978,10.171221987178212,30094.266,10.31209,-3954.265625000022,252.0,20,high,-0.13139598335023409,-0.13091864218828972,-0.09150392504676896,-0.09104933284630753,-0.05330493295402366,-0.053103218509416315,15.0,16.0,15.0,1.0,-1.0,0.0,0.5773502691896257,0.030386856273138196,0.24720468725343947,-0.09104933284630753
2601,3,134130,3,Public,321.0,29.64629,-82.347911,12,16,0.242,39127.0,0.6673828964,2,21.0,1,elite,11.099982467006106,11.046922,"Biology, General.",University of Florida,66170.00000000003,62750.496,3419.503906250029,53645.000000000044,10.890143547070847,60503.074,11.010449,-6858.074218749956,198,24713.0,10.115084699949966,26203.34,10.173642,-1490.33984375,324.0,20,high,-0.05687594988413184,-0.05672158275551675,-0.11335083890042447,-0.11279763447740025,0.05449365533527016,0.0543479477428318,12.0,17.0,7.0,5.0,-10.0,-5.0,5.0,0.2631578947368421,0.24720468725343947,-0.05672158275551675
2601,3,135726,1,"Private, nonprofit",60.0,25.72126,-80.278662,21,16,0.189,54690.0,0.4559891107,2,20.0,1,elite,11.077408282982066,11.168908,"Biology, General.",University of Miami,64693.00000000002,70891.664,-6198.664062499978,51225.999999999956,10.844002494634465,70737.016,11.166724,-19511.015625000044,41,17570.999999999985,9.774005094757891,30762.924,10.334065,-13191.923828125015,64.0,20,high,-0.42882542315643934,-0.4211243705890351,-0.2758246930918644,-0.2674221449725288,-0.08743854647049996,-0.08578697367396558,20.0,20.0,17.0,0.0,-3.0,-3.0,1.7320508075688772,0.09116056881941459,0.24720468725343947,-0.2674221449725288
2601,3,136172,1,Public,107.0,30.27194,-81.509144,11,15,0.5324,37074.0,0.6143506622,2,22.0,1,mid,10.939745599457263,10.888533,"Biology, General.",University of North Florida,56373.00000000003,53558.652,2814.347656250029,55828.000000000044,10.930030814628536,50550.137,10.830721,5277.863281250044,84,26963.999999999993,10.20225792197333,26585.744,10.18813,378.2558593749927,128.0,20,high,0.01422777024311272,0.014113947634853994,0.10440848677848154,0.10302285511796191,0.05254702150059696,0.05204164811286251,8.0,3.0,8.0,-5.0,5.0,0.0,2.8867513459481287,0.15193428136569098,0.24720468725343947,0.05204164811286251
2601,3,136215,2,"Private, nonprofit",136.0,26.082288,-80.249891,21,16,0.7321,31002.0,0.6566484517,2,24.0,1,open,11.095924069043734,10.933159,"Biology, General.",Nova Southeastern University,65902.00000000004,56002.906,9899.093750000044,57249.000000000015,10.955165454015024,58568.875,10.977959,-1319.8749999999854,85,23109.99999999999,10.048020703268426,29890.443,10.305294,-6780.443359375011,73.0,20,high,-0.22684318455411456,-0.22334783922482354,-0.022535433709457205,-0.022240459162813742,0.17676035786089303,0.17547587339981552,18.0,9.0,1.0,-9.0,-8.0,-17.0,8.504900548115383,0.4476263446376518,0.24720468725343947,-0.022240459162813742
2601,3,136330,1,"Private, nonprofit",20.0,26.7044,-80.05247,12,11,0.8199,52817.0,0.5402097902,2,22.0,1,open,10.628399837526073,10.693569,"Biology, General.",Palm Beach Atlantic University,41291.00000000003,44071.527,-2780.527343749971,56257.999999999956,10.937703532176267,46627.316,10.749942,9630.683593749956,24,28990.99999999999,10.274740715974103,27344.049,10.216254,1646.951171874989,23.0,20,high,0.06023069890736154,0.05675520944064007,0.20654595494711,0.19502893616784917,-0.06309124079277663,-0.05893888856237802,4.0,1.0,16.0,-3.0,15.0,12.0,7.937253933193772,0.41775020701019855,0.24720468725343947,0.05675520944064007
2601,3,137032,1,"Private, nonprofit",31.0,28.336776,-82.257801,31,12,0.784,22361.0,0.7686491935,2,30.0,1,open,11.068386832875925,10.928829,"Biology, General.",Saint Leo University,64111.99999999995,55760.957,8351.042968749949,55096.99999999996,10.916850547197763,54186.777,10.900192,910.2226562499636,26,28764.000000000022,10.266879884222385,36603.715,10.507905,-7839.714843749978,29.0,20,high,-0.21417812036880163,-0.2046356576932652,0.01679787396241881,0.015940920228595033,0.14976505808660692,0.14371786425551958,17.0,7.0,2.0,-10.0,-5.0,-15.0,7.637626158259733,0.4019803241189333,0.24720468725343947,0.015940920228595033
2601,3,137351,1,Public,624.0,28.061458,-82.413232,11,15,0.4319,32495.0,0.6858996244,2,22.0,1,mid,11.001249479749399,10.916848,"Biology, General.",University of South Florida,59949.00000000001,55096.87,4852.128906250007,49394.999999999985,10.807604483478574,51445.78,10.848284,-2050.7812500000146,650,27033.999999999985,10.204850612043773,25829.562,10.159275,1204.4374999999854,728.0,20,high,0.04663019360083956,0.04658038824715416,-0.03986296252425974,-0.03981375266386063,0.08806541660040684,0.0879560332946655,6.0,11.0,6.0,5.0,-5.0,0.0,2.8867513459481287,0.15193428136569098,0.24720468725343947,0.04658038824715416
2601,3,137546,1,"Private, nonprofit",22.0,29.035475,-81.300746,13,14,0.716,52032.0,0.5486725664,2,20.0,1,open,10.709918774549411,10.834402,"Biology, General.",Stetson University,44797.999999999985,50736.562,-5938.562500000015,50447.000000000044,10.828678559197003,52604.242,10.870552,-2157.2421874999563,19,26006.0,10.166082559611265,24782.81,10.117906,1223.189453125,26.0,20,high,0.049356365405425685,0.046870950264613236,-0.041008901521873226,-0.038055982293081415,-0.11704700136119814,-0.11010918603863509,5.0,10.0,19.0,5.0,9.0,14.0,7.094598884597588,0.37339994129460985,0.24720468725343947,-0.038055982293081415
2601,3,138354,2,Public,48.0,30.549076,-87.218511,41,12,0.5824,34583.0,0.6786062378,2,24.0,1,mid,10.78808119766703,10.810293,"Biology, General.",University of West Florida,48440.000000000044,49527.99,-1087.9882812499563,48576.0,10.790884860755302,46899.754,10.755768,1676.24609375,30,28237.000000000004,10.248388453669511,29867.42,10.304523,-1630.4199218749964,56.0,20,high,-0.05458857598479309,-0.053443852051807,0.03574104241784984,0.03418790139231658,-0.021967140580628836,-0.0214296893165353,10.0,6.0,12.0,-4.0,6.0,2.0,3.055050463303893,0.1607921296475733,0.24720468725343947,-0.0214296893165353
2601,3,433660,1,Public,98.0,26.463638,-81.7726,21,16,0.6344,43546.0,0.5981697171,2,21.0,1,mid,10.836851700599572,10.845258,"Biology, General.",Florida Gulf Coast University,50861.000000000044,51290.34,-429.33984374995634,53351.999999999985,10.884666744312142,49766.0,10.815087,3585.9999999999854,66,29635.00000000001,10.296711374221939,27858.777,10.234903,1776.222656250011,101.0,20,high,0.063758098007431,0.06308543928973463,0.07205722782622645,0.07079089376216381,-0.008370774010425545,-0.008281561404815637,3.0,4.0,11.0,1.0,7.0,8.0,4.358898943540674,0.2294157338705618,0.24720468725343947,0.06308543928973463
2601,3,484473,3,Public,321.0,29.649413,-82.339848,12,9,0.6126,39127.0,0.6673828964,2,21.0,2,mid,11.099982467006106,11.00726,"Biology, General.",University of Florida-Online,66170.00000000003,60310.426,5859.574218750029,53645.000000000044,10.890143547070847,56784.93,10.947026,-3139.9296874999563,198,24713.0,10.115084699949966,27707.3,10.229451,-2994.30078125,324.0,20,high,-0.10806901779751472,-0.10777570746153545,-0.05529512327970964,-0.05502525755073275,0.0971569035178611,0.09689712100899367,14.0,13.0,5.0,-1.0,-8.0,-9.0,4.932882862316248,0.2596254138061183,0.24720468725343947,-0.05502525755073275
2605,3,134130,3,Public,115.0,29.64629,-82.347911,12,16,0.242,39127.0,0.6673828964,2,21.0,1,elite,11.00988611600467,11.030148,Microbiological Sciences and Immunology.,University of Florida,60468.999999999956,61706.684,-1237.6835937500437,64285.00000000001,11.07108160151835,66034.33,11.09793,-1749.3281249999927,81,27994.000000000007,10.239745480480591,38630.824,10.561806,-10636.824218749993,132.0,3,low,-0.27534551576011324,-0.2732204920751649,-0.026491192909369708,-0.026124394543102836,-0.0200575289687972,-0.019880215553963194,3.0,3.0,2.0,0.0,-1.0,-1.0,0.5773502691896258,0.2886751345948129,0.3591167563965419,-0.026124394543102836
2605,3,137351,1,Public,36.0,28.061458,-82.413232,11,15,0.4319,32495.0,0.6858996244,2,22.0,1,mid,10.997271537014264,10.950382,Microbiological Sciences and Immunology.,University of South Florida,59711.000000000015,56975.816,2735.1835937500146,57628.00000000002,10.961763839681364,57886.14,10.966233,-258.1406249999782,28,32135.000000000022,10.377701057805387,30970.244,10.340782,1164.7558593750218,27.0,3,low,0.03760886914827906,0.035793273165831495,-0.004459454753984614,-0.004250042244642588,0.04800604477955277,0.046371013597916295,1.0,2.0,1.0,1.0,-1.0,0.0,0.5773502691896257,0.28867513459481287,0.3591167563965419,0.035793273165831495
2605,3,484473,3,Public,115.0,29.649413,-82.339848,12,9,0.6126,39127.0,0.6673828964,2,21.0,2,mid,11.00988611600467,11.047171,Microbiological Sciences and Immunology.,University of Florida-Online,60468.999999999956,62766.11,-2297.1093750000437,64285.00000000001,11.07108160151835,62736.31,11.046696,1548.6914062500073,81,27994.000000000007,10.239745480480591,38146.984,10.549202,-10152.984374999993,132.0,3,low,-0.2661543118373952,-0.26410022275973494,0.024685727307906878,0.024343927507587307,-0.036597925184048315,-0.03627439065991434,2.0,1.0,3.0,-1.0,2.0,1.0,1.0,0.5,0.3591167563965419,-0.03627439065991434
2609,3,134097,1,Public,252.0,30.443147,-84.295064,12,15,0.2422,43729.0,0.5975318884,2,20.0,1,elite,11.128849959540535,10.999976,"Physiology, Pathology and Related Sciences.",Florida State University,68108.00000000001,59872.72,8235.281250000015,61342.0,11.02422004228832,64148.65,11.068958,-2806.6484375,137,23573.999999999996,10.067899688786515,28397.76,10.2540655,-4823.759765625004,102.0,3,low,-0.16986409510598374,-0.16809250164315345,-0.043752261440621255,-0.04342420041138307,0.13754647228208614,0.13705943770016132,3.0,2.0,1.0,-1.0,-1.0,-2.0,1.0,0.5,0.3591167563965419,-0.04342420041138307
2609,3,134130,1,Public,184.0,29.64629,-82.347911,12,16,0.242,39127.0,0.6673828964,2,21.0,1,elite,11.110580484198307,11.015401,"Physiology, Pathology and Related Sciences.",University of Florida,66874.99999999994,60803.39,6071.609374999942,73679.00000000004,11.20747309863296,49456.195,10.808843,24222.804687500044,124,24588.0,10.1100137980269,28521.469,10.258412,-3933.46875,102.0,3,low,-0.13791255928921964,-0.1364742035947656,0.48978301979039934,0.48565727628799954,0.09985642762006648,0.09934652302943768,1.0,1.0,2.0,0.0,1.0,1.0,0.5773502691896257,0.28867513459481287,0.3591167563965419,0.09934652302943768
2609,3,135726,1,"Private, nonprofit",28.0,25.72126,-80.278662,21,16,0.189,54690.0,0.4559891107,2,20.0,1,elite,11.024692689856872,11.094859,"Physiology, Pathology and Related Sciences.",University of Miami,61370.999999999985,65831.86,-4460.859375000015,47683.00000000001,10.772330219222972,68719.8,11.137793,-21036.796874999993,23,28242.999999999978,10.248600918259545,33794.84,10.428063,-5551.839843750022,19.0,3,low,-0.16428069697678346,-0.1525969667536816,-0.30612425868000637,-0.28823282232651837,-0.06776140636693075,-0.06469198990007365,2.0,3.0,3.0,1.0,0.0,1.0,0.5773502691896258,0.2886751345948129,0.3591167563965419,-0.1525969667536816
2613,3,133492,1,"Private, nonprofit",50.0,27.715798,-82.687043,11,11,0.758,77695.0,0.4113924051,2,21.0,1,open,10.581165702192141,10.63283,"Ecology, Evolution, Systematics, and Population Biology.",Eckerd College,39385.999999999985,41474.316,-2088.3164062500146,48630.99999999996,10.792016466624613,45761.277,10.731194,2869.7226562499636,52,21979.99999999998,9.997888227957612,28703.117,10.264761,-6723.117187500018,63.0,3,low,-0.23422951394379865,-0.22994539595256955,0.06271072012901112,0.0612577136963626,-0.050352039218549104,-0.04917693837192155,2.0,1.0,2.0,-1.0,1.0,0.0,0.5773502691896257,0.28867513459481287,0.19245008972987523,-0.04917693837192155
2613,3,135726,1,"Private, nonprofit",20.0,25.72126,-80.278662,21,16,0.189,54690.0,0.4559891107,2,20.0,1,elite,10.52921205677864,11.079184,"Ecology, Evolution, Systematics, and Population Biology.",University of Miami,37392.00000000002,64807.95,-27415.949218749978,42932.00000000003,10.667372747601416,60178.344,11.005068,-17246.34374999997,22,23504.000000000004,10.064925898413659,33130.094,10.408197,-9626.093749999996,26.0,3,low,-0.29055437701560977,-0.2759230677218233,-0.2865872118655637,-0.26899788749994546,-0.42303374121917275,-0.39519176067143225,3.0,3.0,3.0,0.0,0.0,0.0,0.0,0.0,0.19245008972987523,-0.2759230677218233
2613,3,137847,1,"Private, nonprofit",19.0,27.948455,-82.46483,11,13,0.4034,75458.0,0.429463171,2,20.0,1,mid,10.730159875701064,10.759703,"Ecology, Evolution, Systematics, and Population Biology.",The University of Tampa,45713.99999999998,47084.668,-1370.6679687500218,43683.000000000015,10.684714289379015,51630.836,10.851874,-7947.835937499985,47,29603.000000000022,10.295630986527803,27524.129,10.222818,2078.871093750022,57.0,3,low,0.07552904220260229,0.07397737050396075,-0.15393583685379364,-0.14992769427296196,-0.02911070690059302,-0.027084618813542988,1.0,2.0,1.0,1.0,-1.0,0.0,0.5773502691896257,0.28867513459481287,0.19245008972987523,-0.027084618813542988
2701,3,133669,1,Public,24.0,26.372421,-80.102978,13,15,0.6613,28064.0,0.7219053052,2,23.0,1,mid,10.896165086628725,10.935257,Mathematics.,Florida Atlantic University,53969.00000000004,56120.527,-2151.5273437499636,71453.00000000004,11.176795169880346,61395.58,11.025093,10057.421875000044,25,41865.99999999999,10.642229320654465,41670.844,10.637557,195.15624999999272,21.0,4,low,0.004683280501129587,0.00438460126681021,0.1638134566389026,0.15508355313220282,-0.038337618079947955,-0.03627403966812548,3.0,2.0,2.0,-1.0,0.0,-1.0,0.5773502691896258,0.1924500897298753,0.19245008972987526,0.00438460126681021
2701,3,134097,1,Public,76.0,30.443147,-84.295064,12,15,0.2422,43729.0,0.5975318884,2,20.0,1,elite,11.058102031319523,11.143966,Mathematics.,Florida State University,63456.00000000002,69145.32,-5689.320312499978,68130.99999999997,11.129187601481807,66076.72,11.098572,2054.281249999971,52,49919.00000000002,10.818156970791383,44388.133,10.700727,5530.867187500022,33.0,4,low,0.12460238439996944,0.11980530859957977,0.031089335076886986,0.03036899565548423,-0.082280627044423,-0.0811005645407254,1.0,3.0,3.0,2.0,0.0,2.0,1.1547005383792515,0.38490017945975047,0.19245008972987526,0.03036899565548423
2701,3,134130,1,Public,55.0,29.64629,-82.347911,12,16,0.242,39127.0,0.6673828964,2,21.0,1,elite,11.364727035302302,11.128155,Mathematics.,University of Florida,86225.99999999999,68060.664,18165.335937499985,93021.99999999993,11.440591303299476,73002.84,11.198254,20019.156249999927,59,46036.000000000015,10.737178978088382,45583.004,10.72729,452.99609375001455,55.0,4,low,0.009937828903985486,0.009725034454475208,0.27422433458285556,0.2687350399941953,0.2668991874780826,0.2613217646196011,2.0,1.0,1.0,-1.0,0.0,-1.0,0.5773502691896257,0.19245008972987523,0.19245008972987526,0.2613217646196011
2701,3,137351,1,Public,37.0,28.061458,-82.413232,11,15,0.4319,32495.0,0.6858996244,2,22.0,1,mid,10.917231620558995,11.017536,Mathematics.,University of South Florida,55117.99999999996,60933.36,-5815.359375000036,59124.99999999995,10.987409125794233,68382.45,11.132872,-9257.453125000051,43,43010.99999999998,10.669211175914377,44926.746,10.712789,-1915.7460937500218,34.0,4,low,-0.04264155008583031,-0.0410546279309379,-0.1353776108043075,-0.13147287302254002,-0.09543802335286945,-0.09228777607748856,4.0,4.0,4.0,0.0,0.0,0.0,0.0,0.0,0.19245008972987526,-0.09228777607748856
2705,3,134097,1,Public,43.0,30.443147,-84.295064,12,15,0.2422,43729.0,0.5975318884,2,20.0,1,elite,11.320820203440203,11.190832,Statistics.,Florida State University,82521.99999999997,72463.055,10058.94531249997,77605.00000000006,11.259387137085286,74093.65,11.213085,3511.351562500058,54,47347.00000000004,10.76525873863448,43243.516,10.6746025,4103.484375000036,48.0,3,low,0.09489247846046367,0.092514107735811,0.04739072291010178,0.04633958224822184,0.13881481198770323,0.1349589074270882,2.0,3.0,2.0,1.0,-1.0,0.0,0.5773502691896258,0.2886751345948129,0.1924500897298753,0.092514107735811
2705,3,134130,1,Public,36.0,29.64629,-82.347911,12,16,0.242,39127.0,0.6673828964,2,21.0,1,elite,11.433687433457974,11.26452,Statistics.,University of Florida,92382.00000000004,78004.336,14377.664062500044,98408.99999999996,11.496887542272455,79219.125,11.279973,19189.874999999956,32,59619.0,10.995729594196394,47160.07,10.761303,12458.9296875,30.0,3,low,0.2641838658200156,0.2528546607652259,0.2422379065661222,0.2324511312323225,0.18431878035626081,0.178041092731138,1.0,1.0,1.0,0.0,0.0,0.0,0.0,0.0,0.1924500897298753,0.2324511312323225
2705,3,137351,1,Public,16.0,28.061458,-82.413232,11,15,0.4319,32495.0,0.6858996244,2,22.0,1,mid,11.169082128418234,11.179103,Statistics.,University of South Florida,70903.99999999999,71618.086,-714.0859375000146,74071.00000000006,11.212779371658742,68308.15,11.131784,5762.851562500058,27,41284.99999999999,10.628254516851529,50079.703,10.821371,-8794.703125000007,37.0,3,low,-0.17561412261267287,-0.1696789149493701,0.08436550681465041,0.08023912413882886,-0.009970748703381802,-0.009135865100046077,3.0,2.0,3.0,-1.0,1.0,0.0,0.5773502691896258,0.2886751345948129,0.1924500897298753,-0.009135865100046077
3000,3,132903,3,Public,151.0,28.602159,-81.200889,21,15,0.4011,31400.0,0.7045342864,2,23.0,1,mid,10.828579440363352,10.883936,"Multi-/Interdisciplinary Studies, General.",University of Central Florida,50442.00000000003,53313.02,-2871.019531249971,51959.00000000003,10.85821022502582,54005.543,10.896842,-2046.542968749971,344,37281.99999999999,10.52626591542919,34200.41,10.439993,3081.5898437499927,693.0,5,low,0.09010388558708099,0.09000205687341832,-0.03789505403055,-0.03779766477872754,-0.053852127613351404,-0.0535058079538846,1.0,5.0,3.0,4.0,-2.0,2.0,2.0,0.5,0.41457085005746386,-0.03779766477872754
3000,3,133650,1,Public,98.0,30.428504,-84.290226,12,13,0.2056,28781.0,0.8220073183,2,20.0,1,elite,10.603113699193782,10.72841,"Multi-/Interdisciplinary Studies, General.",Florida Agricultural and Mechanical University,40260.0,45634.066,-5374.06640625,47139.00000000004,10.760855962858242,46303.742,10.742978,835.2578125000364,205,30106.99999999998,10.312512981839049,37658.14,10.536304,-7551.140625000018,181.0,5,low,-0.20051814825894682,-0.19944745203949263,0.0180386675685474,0.017954120529017705,-0.1177643552167416,-0.1165092663846012,4.0,2.0,4.0,-2.0,2.0,0.0,1.1547005383792515,0.28867513459481287,0.41457085005746386,-0.1165092663846012
3000,3,133669,1,Public,119.0,26.372421,-80.102978,13,15,0.6613,28064.0,0.7219053052,2,23.0,1,mid,10.837087609932846,10.816566,"Multi-/Interdisciplinary Studies, General.",Florida Atlantic University,50873.000000000015,49839.668,1033.3320312500146,51082.00000000003,10.841187463647783,52978.51,10.877642,-1896.511718749971,519,34957.00000000001,10.461874013730402,37866.51,10.541822,-2909.5117187499927,502.0,5,low,-0.07683601120589403,-0.07671024475107217,-0.0357977537915389,-0.03574052031269017,0.020733124303675632,0.020557018429795793,3.0,4.0,1.0,1.0,-3.0,-2.0,1.5275252316519465,0.38188130791298663,0.41457085005746386,-0.03574052031269017
3000,3,135081,2,"Private, nonprofit",40.0,26.185869,-80.163959,12,15,0.9697,21659.0,0.7867955286,2,28.0,1,open,10.595584181459895,10.7630005,"Multi-/Interdisciplinary Studies, General.",Keiser University-Ft Lauderdale,39958.00000000002,47240.195,-7282.195312499978,52292.99999999998,10.864617797882975,47814.508,10.7750845,4478.492187499978,258,40974.99999999998,10.62071740361203,39600.1,10.586587,1374.8984374999782,212.0,5,low,0.034719568467015294,0.03456535752564972,0.09366387718685625,0.09332787029975184,-0.15415252338241436,-0.14949922294083448,2.0,1.0,5.0,-1.0,4.0,3.0,2.081665999466133,0.5204164998665333,0.41457085005746386,0.03456535752564972
3000,3,136172,1,Public,30.0,30.27194,-81.509144,11,15,0.5324,37074.0,0.6143506622,2,22.0,1,mid,10.853599832885793,10.835754,"Multi-/Interdisciplinary Studies, General.",University of North Florida,51719.99999999997,50805.223,914.7773437499709,49803.99999999996,10.815850581072302,51388.945,10.847178,-1584.9453125000364,96,29020.999999999996,10.275774984838279,38947.066,10.569959,-9926.066406250004,108.0,5,low,-0.254860438080572,-0.25237402701175415,-0.030842145190212916,-0.030491875538185546,0.018005576905732467,0.017251054650470412,5.0,3.0,2.0,-2.0,-1.0,-3.0,1.5275252316519465,0.38188130791298663,0.41457085005746386,-0.030491875538185546
3020,3,132903,3,Public,23.0,28.602159,-81.200889,21,15,0.4011,31400.0,0.7045342864,2,23.0,1,mid,11.062818576238943,10.951701,International/Globalization Studies.,University of Central Florida,63755.999999999956,57051.016,6704.984374999956,69568.00000000006,11.150059970480882,58629.004,10.978985,10938.996093750058,16,38953.00000000003,10.570111070155717,35078.527,10.465344,3874.472656250029,27.0,3,low,0.11045140573554751,0.1051192824079754,0.18657994106879128,0.17043417628213045,0.11752611766059083,0.11089404297343967,1.0,1.0,1.0,0.0,0.0,0.0,0.0,0.0,0.1924500897298753,0.11089404297343967
3020,3,134130,1,Public,76.0,29.64629,-82.347911,12,16,0.242,39127.0,0.6673828964,2,21.0,1,elite,11.077485568110127,11.057334,International/Globalization Studies.,University of Florida,64697.99999999999,63407.28,1290.7187499999927,59431.999999999956,10.992588080831641,69743.29,11.152576,-10311.289062500044,71,29043.0,10.276532769388181,36589.477,10.507516,-7546.4765625,62.0,3,low,-0.20624718557013383,-0.2024040751652,-0.14784632616422275,-0.14545965113226647,0.020356002095579404,0.020064057859602517,3.0,3.0,2.0,0.0,-1.0,-1.0,0.5773502691896258,0.2886751345948129,0.1924500897298753,-0.14545965113226647
3020,3,136172,1,Public,47.0,30.27194,-81.509144,11,15,0.5324,37074.0,0.6143506622,2,22.0,1,mid,10.696163275810974,10.945934,International/Globalization Studies.,University of North Florida,44186.00000000004,56722.957,-12536.957031249964,54320.999999999985,10.902666171488752,58414.355,10.975317,-4093.3554687500146,41,30861.00000000002,10.33724852979914,37175.707,10.523411,-6314.707031249982,47.0,3,low,-0.16986111456984052,-0.16549905622329567,-0.07007447802689258,-0.06793977367189785,-0.22102086505016058,-0.21548015776922988,2.0,2.0,3.0,0.0,1.0,1.0,0.5773502691896258,0.2886751345948129,0.1924500897298753,-0.16549905622329567
3099,3,133951,0,Public,67.0,25.75732,-80.373928,21,15,0.5466,23924.0,0.8131269705,2,23.0,1,mid,11.028968945306259,11.008148,"Multi/Interdisciplinary Studies, Other.",Florida International University,61633.999999999956,60363.996,1270.0039062499563,55402.00000000004,10.92237097316678,59264.47,10.989765,-3862.4687499999636,288,37745.00000000001,10.538608295573725,40054.594,10.597999,-2309.5937499999927,190.0,3,low,-0.057661145296224424,-0.057370183535389314,-0.06517343074976882,-0.06496765132338837,0.021039095958417683,0.02068959318589008,1.0,1.0,3.0,0.0,2.0,2.0,1.1547005383792517,0.5773502691896258,0.38490017945975047,-0.057370183535389314
3099,3,134130,3,Public,33.0,29.64629,-82.347911,12,16,0.242,39127.0,0.6673828964,2,21.0,1,elite,11.113477219186896,11.040267,"Multi/Interdisciplinary Studies, Other.",University of Florida,67069.00000000006,62334.29,4734.710937500058,50632.999999999985,10.832358816615612,66794.69,11.109379,-16161.687500000015,42,33854.0,10.429812439749043,41032.117,10.62211,-7178.1171875,61.0,3,low,-0.17493899119801543,-0.17161710172801375,-0.2419606723962892,-0.23479064425503257,0.07595676486745137,0.073099954670232,3.0,3.0,1.0,0.0,-2.0,-2.0,1.1547005383792515,0.5773502691896257,0.38490017945975047,-0.17161710172801375
3099,3,484473,3,Public,33.0,29.649413,-82.339848,12,9,0.6126,39127.0,0.6673828964,2,21.0,2,mid,11.113477219186896,11.05169,"Multi/Interdisciplinary Studies, Other.",University of Florida-Online,67069.00000000006,63050.42,4018.578125000058,50632.999999999985,10.832358816615612,59908.867,11.00058,-9275.867187500015,42,33854.0,10.429812439749043,39813.598,10.591964,-5959.59765625,61.0,3,low,-0.14968749389856892,-0.1468451012085953,-0.15483295917562312,-0.15024478927392515,0.06373594347976055,0.06133877064623981,2.0,2.0,2.0,0.0,0.0,0.0,0.0,0.0,0.38490017945975047,-0.1468451012085953
3103,3,133951,3,Public,89.0,25.75732,-80.373928,21,15,0.5466,23924.0,0.8131269705,2,23.0,1,mid,10.678491179565906,10.863311,"Parks, Recreation, and Leisure Facilities Management.",Florida International University,43412.00000000003,52224.7,-8812.69921874997,48814.00000000002,10.795772435943437,57462.18,10.958882,-8648.179687499978,192,29861.99999999998,10.304342048086609,38548.793,10.55968,-8686.792968750018,168.0,3,low,-0.22534539475184248,-0.22403288852512715,-0.15050211694947685,-0.14974079741346072,-0.16874581090140559,-0.16673312491886003,3.0,3.0,3.0,0.0,0.0,0.0,0.0,0.0,0.19245008972987523,-0.16673312491886003
3103,3,134130,3,Public,100.0,29.64629,-82.347911,12,16,0.242,39127.0,0.6673828964,2,21.0,1,elite,10.874114943063258,10.723605,"Parks, Recreation, and Leisure Facilities Management.",University of Florida,52792.00000000004,45415.34,7376.660156250036,64496.99999999995,11.074373990074257,57274.688,10.955614,7222.312499999949,64,41045.99999999999,10.622448667989053,37825.547,10.54074,3220.4531249999927,61.0,3,low,0.0851396315734032,0.08352292826634355,0.12609955314029342,0.12380279854995488,0.16242662020430093,0.16073592995897584,2.0,1.0,1.0,-1.0,0.0,-1.0,0.5773502691896257,0.28867513459481287,0.19245008972987523,0.12380279854995488
3103,3,484473,3,Public,100.0,29.649413,-82.339848,12,9,0.6126,39127.0,0.6673828964,2,21.0,2,mid,10.874114943063258,10.950001,"Parks, Recreation, and Leisure Facilities Management.",University of Florida-Online,52792.00000000004,56954.086,-4162.085937499964,64496.99999999995,11.074373990074257,59970.49,11.001608,4526.511718749949,64,41045.99999999999,10.622448667989053,36796.145,10.513148,4249.855468749993,61.0,3,low,0.11549730339657466,0.1133041429505287,0.07547898722320692,0.07410422651976387,-0.07307791651800598,-0.07231725228421063,1.0,2.0,2.0,1.0,0.0,1.0,0.5773502691896257,0.28867513459481287,0.19245008972987523,0.07410422651976387
3105,3,133669,1,Public,142.0,26.372421,-80.102978,13,15,0.6613,28064.0,0.7219053052,2,23.0,1,mid,10.88668898969291,10.869171,"Sports, Kinesiology, and Physical Education/Fitness.",Florida Atlantic University,53460.000000000015,52531.65,928.3515625000146,50395.00000000004,10.827647242788979,51290.098,10.845253,-895.0976562499636,165,30411.999999999985,10.322592546348327,30389.887,10.321865,22.113281249985448,141.0,15,medium,0.0007276526383476764,0.0007224531022188785,-0.017451666055482557,-0.017346332502186368,0.01767223359846644,0.017550128600499856,8.0,13.0,7.0,5.0,-6.0,-1.0,3.214550253664318,0.1607275126832159,0.18538150661230107,0.0007224531022188785
3105,3,133711,1,"Private, nonprofit",29.0,29.892733,-81.314887,23,10,0.8076,53601.0,0.5154411765,2,22.0,1,open,10.779206258645235,10.792935,"Sports, Kinesiology, and Physical Education/Fitness.",Flagler College,48012.0,48675.703,-663.703125,39203.00000000003,10.576508553462482,45389.188,10.723029,-6186.187499999971,17,29600.000000000004,10.295529640312152,29071.137,10.277501,528.8632812500036,16.0,15,medium,0.01819203997306727,0.016636538981352658,-0.1362920959975318,-0.12523332337900683,-0.013635203651719207,-0.013041514630297079,7.0,15.0,10.0,8.0,-5.0,3.0,4.041451884327381,0.20207259421636903,0.18538150661230107,-0.013041514630297079
3105,3,134097,1,Public,138.0,30.443147,-84.295064,12,15,0.2422,43729.0,0.5975318884,2,20.0,1,elite,10.897590814778392,10.893035,"Sports, Kinesiology, and Physical Education/Fitness.",Florida State University,54045.99999999996,53800.332,245.66796874996362,60908.999999999985,11.01713622603035,56945.34,10.949847,3963.6601562499854,138,29518.999999999985,10.292789402801873,34254.04,10.44156,-4735.039062500015,105.0,15,medium,-0.13823301403552588,-0.1368393068930597,0.0696046448598904,0.06908715018508084,0.004566290940495814,0.004533669671509183,12.0,4.0,9.0,-8.0,5.0,-3.0,4.041451884327381,0.20207259421636903,0.18538150661230107,0.004533669671509183
3105,3,134130,3,Public,113.0,29.64629,-82.347911,12,16,0.242,39127.0,0.6673828964,2,21.0,1,elite,10.954588858533185,10.8577585,"Sports, Kinesiology, and Physical Education/Fitness.",University of Florida,57215.999999999956,51935.535,5280.464843749956,60496.99999999995,11.010349056012608,58980.797,10.984967,1516.203124999949,133,39717.00000000002,10.589534586605767,34940.234,10.461394,4776.765625000022,110.0,15,medium,0.1367124666003338,0.1354069841044281,0.025706724990733672,0.025507188730092122,0.10167344628034505,0.10075600721782642,4.0,7.0,1.0,3.0,-6.0,-3.0,3.0,0.15,0.18538150661230107,0.10075600721782642
3105,3,135081,2,"Private, nonprofit",69.0,26.185869,-80.163959,12,15,0.9697,21659.0,0.7867955286,2,28.0,1,open,10.580149596836211,10.703585,"Sports, Kinesiology, and Physical Education/Fitness.",Keiser University-Ft Lauderdale,39346.00000000001,44515.14,-5169.140624999993,45187.00000000004,10.718564713832988,44597.914,10.705442,589.0859375000364,133,26168.0,10.17229256921822,37044.797,10.519883,-10876.796875,100.0,15,medium,-0.2936119993234542,-0.29047813818503143,0.013208822651985135,0.013106295430785057,-0.11612095463306184,-0.11425693270676439,14.0,8.0,13.0,-6.0,5.0,-1.0,3.214550253664318,0.1607275126832159,0.18538150661230107,-0.11425693270676439
3105,3,136172,1,Public,73.0,30.27194,-81.509144,11,15,0.5324,37074.0,0.6143506622,2,22.0,1,mid,10.820198196234971,10.885646,"Sports, Kinesiology, and Physical Education/Fitness.",University of North Florida,50020.99999999998,53404.26,-3383.261718750022,51606.00000000004,10.851393223779535,51211.066,10.843711,394.9335937500364,76,33364.00000000001,10.415232753361503,31872.727,10.369506,1491.2734375000073,81.0,15,medium,0.04678838613244252,0.04614974317421886,0.007711879901447183,0.0075968711883337686,-0.06335190507019356,-0.062399614959310006,6.0,10.0,12.0,4.0,2.0,6.0,3.055050463303893,0.15275252316519466,0.18538150661230107,0.0075968711883337686
3105,3,136215,2,"Private, nonprofit",49.0,26.082288,-80.249891,21,16,0.7321,31002.0,0.6566484517,2,24.0,1,open,10.505040141934996,10.889542,"Sports, Kinesiology, and Physical Education/Fitness.",Nova Southeastern University,36498.99999999997,53612.715,-17113.71484375003,55487.0,10.923904038063169,55729.75,10.928269,-242.75,38,23135.999999999993,10.04914512495849,36918.64,10.516472,-13782.640625000007,25.0,15,medium,-0.37332470512651783,-0.35368523991448186,-0.004355842256604417,-0.004211094985791151,-0.31921000258290577,-0.3115841778504083,15.0,12.0,15.0,-3.0,3.0,0.0,1.7320508075688772,0.08660254037844387,0.18538150661230107,-0.3115841778504083
3105,3,137032,1,"Private, nonprofit",43.0,28.336776,-82.257801,31,12,0.784,22361.0,0.7686491935,2,30.0,1,open,10.858133238286747,10.917463,"Sports, Kinesiology, and Physical Education/Fitness.",Saint Leo University,51955.00000000001,55130.77,-3175.7695312499927,50423.99999999999,10.828222531192946,48162.188,10.78233,2261.8124999999927,57,36961.99999999999,10.517645636845701,30199.146,10.315569,6762.853515624993,33.0,15,medium,0.22394187594421203,0.21532032219980304,0.04696241216203049,0.04598399350635328,-0.05760430261090149,-0.05600420900440581,3.0,6.0,11.0,3.0,5.0,8.0,4.041451884327381,0.20207259421636903,0.18538150661230107,0.04598399350635328
3105,3,137546,1,"Private, nonprofit",23.0,29.035475,-81.300746,13,14,0.716,52032.0,0.5486725664,2,20.0,1,open,10.891186902297498,10.852039,"Sports, Kinesiology, and Physical Education/Fitness.",Stetson University,53700.99999999999,51639.35,2061.6484374999927,61973.99999999998,11.034470221234688,45631.89,10.728362,16342.109374999978,30,36524.000000000015,10.505724857736231,28011.537,10.240372,8512.462890625015,18.0,15,medium,0.30389131654528284,0.28097918205230354,0.3581291318674127,0.3425664898873876,0.0399239799710642,0.03767104400885458,1.0,1.0,5.0,0.0,4.0,4.0,2.3094010767585034,0.11547005383792516,0.18538150661230107,0.28097918205230354
3105,3,137847,1,"Private, nonprofit",47.0,27.948455,-82.46483,11,13,0.4034,75458.0,0.429463171,2,20.0,1,mid,10.959296718878928,10.9544525,"Sports, Kinesiology, and Physical Education/Fitness.",The University of Tampa,57485.999999999985,57208.2,277.80078124998545,60364.00000000001,11.008148179738441,55815.97,10.929815,4548.031250000007,127,30554.00000000001,10.327250888925668,30809.93,10.335592,-255.9296874999891,126.0,15,medium,-0.008306727412098678,-0.008239039835548415,0.08148261782162487,0.08081513047607843,0.004855960946922031,0.004734228285309201,9.0,3.0,8.0,-6.0,5.0,-1.0,3.2145502536643185,0.16072751268321592,0.18538150661230107,0.004734228285309201
3105,3,138275,1,"Private, nonprofit",26.0,27.825751,-81.599972,41,8,0.4281,29095.0,0.7985915493,2,25.0,1,mid,10.868377954246345,10.818529,"Sports, Kinesiology, and Physical Education/Fitness.",Warner University,52489.99999999996,49937.582,2552.4179687499636,44994.99999999996,10.714306651468048,50337.883,10.826513,-5342.882812500036,33,28512.0,10.258080330270536,29454.547,10.290604,-942.546875,22.0,15,medium,-0.032000046682096515,-0.030060807787129735,-0.10614039593999931,-0.10199902638794653,0.051112165726260206,0.04859605946624398,11.0,14.0,4.0,3.0,-10.0,-7.0,5.131601439446884,0.2565800719723442,0.18538150661230107,-0.030060807787129735
3105,3,138293,1,"Private, nonprofit",22.0,27.838778,-81.532315,41,8,0.694,39516.0,0.6643274854,2,21.0,1,mid,10.615603679643675,10.5229225,"Sports, Kinesiology, and Physical Education/Fitness.",Webber International University,40765.99999999996,37157.56,3608.4414062499636,49068.000000000015,10.800962370152643,42635.496,10.660442,6432.503906250015,43,29540.00000000002,10.293500556085371,29901.502,10.305664,-361.5019531249818,34.0,15,medium,-0.012089759025873994,-0.011639833861173069,0.15087203141968283,0.14652038333107806,0.09711190785437968,0.0913557203871218,10.0,2.0,2.0,-8.0,0.0,-8.0,4.618802153517007,0.23094010767585033,0.18538150661230107,0.0913557203871218
3105,3,138354,2,Public,81.0,30.549076,-87.218511,41,12,0.5824,34583.0,0.6786062378,2,24.0,1,mid,10.69164941469965,10.636798,"Sports, Kinesiology, and Physical Education/Fitness.",University of West Florida,43987.00000000001,41639.223,2347.7773437500073,48645.00000000003,10.792304307409529,48791.43,10.79531,-146.4296874999709,89,28642.99999999998,10.262664364192181,34416.484,10.446291,-5773.484375000018,68.0,15,medium,-0.16775346116391407,-0.16494598988092046,-0.0030011354132851963,-0.002963903918049727,0.05638379378817747,0.0556330927902247,13.0,11.0,3.0,-2.0,-8.0,-10.0,5.291502622129181,0.2645751311064591,0.18538150661230107,-0.002963903918049727
3105,3,433660,1,Public,24.0,26.463638,-81.7726,21,16,0.6344,43546.0,0.5981697171,2,21.0,1,mid,10.764244432607487,10.97212,"Sports, Kinesiology, and Physical Education/Fitness.",Florida Gulf Coast University,47298.99999999997,58227.92,-10928.92187500003,58179.00000000001,10.97127974386435,54700.383,10.909626,3478.6171875000073,32,36001.999999999985,10.49132977145065,32048.535,10.375007,3953.4648437499854,35.0,15,medium,0.12335867534897281,0.11891678281604773,0.06359401906608014,0.06102472515995396,-0.18769211613736694,-0.17758931324224056,5.0,5.0,14.0,0.0,9.0,9.0,5.196152422706632,0.2598076211353316,0.18538150661230107,0.06102472515995396
3105,3,484473,3,Public,113.0,29.649413,-82.339848,12,9,0.6126,39127.0,0.6673828964,2,21.0,2,mid,10.954588858533185,10.925281,"Sports, Kinesiology, and Physical Education/Fitness.",University of Florida-Online,57215.999999999956,55563.43,1652.5703124999563,60496.99999999995,11.010349056012608,59945.844,11.001197,551.1562499999491,133,39717.00000000002,10.589534586605767,31637.842,10.362109,8079.158203125022,110.0,15,medium,0.25536375884915874,0.25292526201301546,0.009194236255953092,0.009122870357627688,0.0297420501541094,0.029473676064226278,2.0,9.0,6.0,7.0,-3.0,4.0,3.5118845842842465,0.17559422921421233,0.18538150661230107,0.029473676064226278
3105,5,132471,2,"Private, nonprofit",27.0,25.878908,-80.198925,21,13,0.7724,28822.0,0.7126805778,2,26.0,1,open,10.862339565494358,11.068061,"Sports, Kinesiology, and Physical Education/Fitness.",Barry University,52174.00000000004,64091.105,-11917.105468749964,56461.99999999997,10.941323124488626,56627.24,10.944245,-165.2382812500291,29,40439.00000000002,10.60754994483658,41655.63,10.637192,-1216.6289062499782,31.0,6,medium,-0.029206830822026925,-0.027999868344012364,-0.0029179999990347687,-0.0027862660340183818,-0.18594008297392517,-0.17716598978710635,4.0,3.0,5.0,-1.0,2.0,1.0,1.0,0.05,0.07851615690590832,-0.027999868344012364
3105,5,132903,1,Public,25.0,28.602159,-81.200889,21,15,0.4011,31400.0,0.7045342864,2,23.0,1,mid,11.198557127255942,11.162881,"Sports, Kinesiology, and Physical Education/Fitness.",University of Central Florida,73025.00000000001,70465.67,2559.3281250000146,76984.00000000003,11.251352887036237,66946.98,11.111656,10037.02343750003,17,46398.00000000003,10.745011633837091,44003.83,10.692032,2394.171875000029,32.0,6,medium,0.05440826348559939,0.05223921637647291,0.14992496977260383,0.13776002258018202,0.03632021176978261,0.03445214543766501,2.0,1.0,2.0,-1.0,1.0,0.0,0.5773502691896257,0.028867513459481287,0.07851615690590832,0.05223921637647291
3105,5,133669,2,Public,30.0,26.372421,-80.102978,13,15,0.6613,28064.0,0.7219053052,2,23.0,1,mid,10.831588271169641,11.109371,"Sports, Kinesiology, and Physical Education/Fitness.",Florida Atlantic University,50594.00000000002,66794.18,-16200.179687499978,66095.0,11.0988483800135,67700.6,11.12285,-1605.6015625,18,50951.99999999999,10.838639292051202,42286.676,10.652227,8665.324218749993,22.0,6,medium,0.2049185484235253,0.19250025343318192,-0.023716208208545045,-0.021906042288511472,-0.24253879250098362,-0.23237522386530635,1.0,4.0,6.0,3.0,2.0,5.0,2.5166114784235836,0.1258305739211792,0.07851615690590832,-0.021906042288511472
3105,5,134097,1,Public,57.0,30.443147,-84.295064,12,15,0.2422,43729.0,0.5975318884,2,20.0,1,elite,10.988693712621323,11.102345,"Sports, Kinesiology, and Physical Education/Fitness.",Florida State University,59201.000000000044,66326.55,-7125.546874999956,60831.99999999995,11.015871245288155,74097.47,11.213137,-13265.468750000051,54,39739.999999999985,10.590113516105808,39796.742,10.59154,-56.74218750001455,57.0,6,medium,-0.0014257998112678944,-0.0013965081222625144,-0.1790272862728533,-0.1750564065598683,-0.10743129577405663,-0.10527747330462438,3.0,6.0,4.0,3.0,-2.0,1.0,1.5275252316519465,0.07637626158259733,0.07851615690590832,-0.10527747330462438
3105,5,134130,3,Public,36.0,29.64629,-82.347911,12,16,0.242,39127.0,0.6673828964,2,21.0,1,elite,11.152199469448275,11.200033,"Sports, Kinesiology, and Physical Education/Fitness.",University of Florida,69717.0,73132.875,-3415.875,68985.99999999994,11.141658864441975,74570.81,11.219504,-5584.812500000058,80,50375.0,10.827250299248984,53047.17,10.878937,-2672.171875,86.0,6,medium,-0.050373503064342205,-0.04973233081283143,-0.07489274037345453,-0.07384064774428166,-0.04670779044308049,-0.045116976324765405,5.0,5.0,3.0,0.0,-2.0,-2.0,1.1547005383792517,0.05773502691896258,0.07851615690590832,-0.04973233081283143
3105,5,137351,1,Public,42.0,28.061458,-82.413232,11,15,0.4319,32495.0,0.6858996244,2,22.0,1,mid,11.371407982535963,11.108017,"Sports, Kinesiology, and Physical Education/Fitness.",University of South Florida,86803.99999999996,66703.78,20100.218749999956,70317.00000000001,11.160768869332964,65303.1,11.086795,5013.898437500015,49,34249.000000000015,10.441412646183837,44124.094,10.694761,-9875.093749999985,31.0,6,medium,-0.22380275515573586,-0.21455418143696267,0.0767788714093669,0.07487351936246021,0.30133552211479697,0.2927354055300683,6.0,2.0,1.0,-4.0,-1.0,-5.0,2.6457513110645907,0.13228756555322954,0.07851615690590832,0.07487351936246021
3801,3,133951,1,Public,20.0,25.75732,-80.373928,21,15,0.5466,23924.0,0.8131269705,2,23.0,1,mid,10.848773821251536,10.939417,Philosophy.,Florida International University,51471.00000000001,56354.47,-4883.468749999993,43085.00000000003,10.670930187673868,53023.598,10.878492,-9938.59765624997,27,31583.000000000025,10.36037428013116,24285.627,10.09764,7297.3730468750255,17.0,4,low,0.30048114718059693,0.2763940062453493,-0.1874372561568064,-0.17826955390725788,-0.08665628224913384,-0.08095299598698699,1.0,4.0,3.0,3.0,-1.0,2.0,1.5275252316519468,0.5091750772173156,0.4212542052753244,-0.08095299598698699
3801,3,134097,1,Public,40.0,30.443147,-84.295064,12,15,0.2422,43729.0,0.5975318884,2,20.0,1,elite,10.89382768342006,11.010239,Philosophy.,Florida State University,53842.99999999998,60490.32,-6647.320312500022,47153.00000000002,10.761152912760734,55081.688,10.916573,-7928.687499999978,42,27072.000000000004,10.20625526240595,24245.918,10.096004,2826.0820312500036,38.0,4,low,0.11655908573527614,0.11273799515992414,-0.1439441647462231,-0.13967866282899527,-0.10989064495210465,-0.10657344861005981,2.0,3.0,4.0,1.0,1.0,2.0,1.0,0.3333333333333333,0.4212542052753244,-0.10657344861005981
3801,3,134130,1,Public,36.0,29.64629,-82.347911,12,16,0.242,39127.0,0.6673828964,2,21.0,1,elite,11.153776033439335,11.047021,Philosophy.,University of Florida,69827.0,62756.72,7070.28125,52655.99999999997,10.87153547118312,55351.402,10.921457,-2695.402343750029,44,24048.00000000001,10.087807111992756,28753.527,10.266516,-4705.527343749989,53.0,4,low,-0.16365043799653348,-0.15999265564177093,-0.04869618888805588,-0.047328246175440875,0.1126617418951656,0.10882461134583664,3.0,2.0,1.0,-1.0,-1.0,-2.0,1.0,0.3333333333333333,0.4212542052753244,-0.047328246175440875
3801,3,137351,1,Public,19.0,28.061458,-82.413232,11,15,0.4319,32495.0,0.6858996244,2,22.0,1,mid,10.959122748349097,10.911422,Philosophy.,University of South Florida,57475.99999999999,54798.703,2677.2968749999927,49560.99999999997,10.810959513102064,46385.02,10.744732,3175.980468749971,23,21168.000000000015,9.960245886354738,30541.867,10.326854,-9373.867187499985,19.0,4,low,-0.3069186022567889,-0.28509038862480873,0.06846996079435268,0.06446823302877071,0.048856938619384394,0.04545652441286944,4.0,1.0,2.0,-3.0,1.0,-2.0,1.5275252316519468,0.5091750772173156,0.4212542052753244,0.04545652441286944
4005,3,133951,1,Public,56.0,25.75732,-80.373928,21,15,0.5466,23924.0,0.8131269705,2,23.0,1,mid,11.165323522306252,11.057949,Chemistry.,Florida International University,70638.00000000004,63446.293,7191.707031250044,57788.00000000004,10.964536420649273,59539.156,10.99439,-1751.1562499999636,24,28659.99999999999,10.263257701382162,35523.11,10.477939,-6863.109375000011,51.0,5,low,-0.19320125675231692,-0.18868644728841147,-0.02941184189186362,-0.02777183526240441,0.11335109893327047,0.11103140915727282,3.0,4.0,2.0,1.0,-2.0,-1.0,1.0,0.25,0.23660254037844383,-0.02777183526240441
4005,3,134097,1,Public,34.0,30.443147,-84.295064,12,15,0.2422,43729.0,0.5975318884,2,20.0,1,elite,11.064980739243438,11.162169,Chemistry.,Florida State University,63893.99999999997,70415.55,-6521.546875000029,66724.0,11.108319987273946,63763.36,11.062934,2960.640625,32,40629.00000000001,10.612237376323481,40305.082,10.604233,323.9179687500073,27.0,5,low,0.008036653256253438,0.007648677874519697,0.046431691398003606,0.044555781312244414,-0.09261515623214464,-0.08924819957693873,1.0,2.0,3.0,1.0,1.0,2.0,1.0,0.25,0.23660254037844383,0.007648677874519697
4005,3,134130,1,Public,77.0,29.64629,-82.347911,12,16,0.242,39127.0,0.6673828964,2,21.0,1,elite,11.049062940481257,11.293156,Chemistry.,University of Florida,62885.000000000044,80270.35,-17385.351562499956,56179.00000000002,10.936298300571014,65997.69,11.097375,-9818.687499999978,42,25417.999999999978,10.143212863442015,41120.22,10.624255,-15702.218750000022,71.0,5,low,-0.3818612650254936,-0.37578380543276024,-0.14877320512177003,-0.14436460410068774,-0.21658496847324005,-0.21352574157936682,5.0,5.0,5.0,0.0,0.0,0.0,0.0,0.0,0.23660254037844383,-0.21352574157936682
4005,3,136172,1,Public,17.0,30.27194,-81.509144,11,15,0.5324,37074.0,0.6143506622,2,22.0,1,mid,11.145781627176344,10.95573,Chemistry.,University of North Florida,69271.00000000003,57281.355,11989.64453125003,55478.000000000044,10.92374182475231,55835.83,10.930171,-357.82812499995634,18,31663.000000000007,10.362904085736766,35785.54,10.485299,-4122.539062499993,19.0,5,low,-0.11520125644327767,-0.10700808203864356,-0.006408575586966927,-0.005919433940820181,0.20931146676148424,0.1928843575299567,2.0,3.0,1.0,1.0,-2.0,-1.0,1.0,0.25,0.23660254037844383,-0.005919433940820181
4005,3,137351,1,Public,49.0,28.061458,-82.413232,11,15,0.4319,32495.0,0.6858996244,2,22.0,1,mid,10.980654865992737,11.115904,Chemistry.,University of South Florida,58726.999999999985,67231.945,-8504.945312500015,59941.99999999999,11.001132707014031,57147.184,10.953385,2794.8164062499927,48,29399.000000000022,10.288715939142856,37539.027,10.533136,-8140.027343749978,55.0,5,low,-0.21684172232835539,-0.21219858393469498,0.04890558432621783,0.047662725338292015,-0.12650155031166033,-0.12347946878771003,4.0,1.0,4.0,-3.0,3.0,0.0,1.7320508075688772,0.4330127018922193,0.23660254037844383,-0.12347946878771003
4006,3,134130,3,Public,40.0,29.64629,-82.347911,12,16,0.242,39127.0,0.6673828964,2,21.0,1,elite,10.881606887033216,11.082486,Geological and Earth Sciences/Geosciences.,University of Florida,53188.99999999999,65022.336,-11833.335937500007,69943.00000000003,11.155435903606515,65537.695,11.090381,4405.304687500029,27,40690.99999999999,10.613762216756664,43218.484,10.674024,-2527.4843750000073,33.0,3,low,-0.05848155972035998,-0.05623007411473099,0.06721787616263347,0.06393019746341841,-0.18198878534407478,-0.17649521004201277,3.0,2.0,3.0,-1.0,1.0,0.0,0.5773502691896258,0.2886751345948129,0.38490017945975047,-0.05623007411473099
4006,3,137351,1,Public,29.0,28.061458,-82.413232,11,15,0.4319,32495.0,0.6858996244,2,22.0,1,mid,11.025116253006695,10.892293,Geological and Earth Sciences/Geosciences.,University of South Florida,61397.00000000002,53760.43,7636.570312500022,60471.999999999956,11.009935726972012,57886.14,10.966233,2585.8593749999563,39,48565.000000000044,10.790658385836432,39819.406,10.59211,8745.593750000044,27.0,3,low,0.2196314454086076,0.2090285748907296,0.044671476575917544,0.04323043913122268,0.14204816361941436,0.13586325891185708,1.0,3.0,1.0,2.0,-2.0,0.0,1.1547005383792517,0.5773502691896258,0.38490017945975047,0.13586325891185708
4006,3,484473,3,Public,40.0,29.649413,-82.339848,12,9,0.6126,39127.0,0.6673828964,2,21.0,2,mid,10.881606887033216,11.075677,Geological and Earth Sciences/Geosciences.,University of Florida-Online,53188.99999999999,64581.086,-11392.085937500007,69943.00000000003,11.155435903606515,60828.914,11.0158205,9114.08593750003,27,40690.99999999999,10.613762216756664,39013.68,10.571668,1677.3203124999927,33.0,3,low,0.042993132817394995,0.041337937228526994,0.14983147534305086,0.14250310113548922,-0.17639972713566615,-0.1710748650434728,2.0,1.0,2.0,-1.0,1.0,0.0,0.5773502691896257,0.28867513459481287,0.38490017945975047,0.041337937228526994
4201,3,132471,1,"Private, nonprofit",25.0,25.878908,-80.198925,21,13,0.7724,28822.0,0.7126805778,2,26.0,1,open,10.667489204064298,10.73902,"Psychology, General.",Barry University,42936.999999999985,46120.848,-3183.8476562500146,44015.99999999998,10.692308483164355,54997.86,10.91505,-10981.859375000022,29,27742.999999999985,10.230738835101377,35834.92,10.486678,-8091.921875000015,23.0,26,high,-0.22581106506179635,-0.2127810987434824,-0.19967794201081163,-0.19066342280721416,-0.06903272203451274,-0.06548214516385709,25.0,25.0,18.0,0.0,-7.0,-7.0,4.041451884327381,0.14433756729740646,0.2020647796965932,-0.19066342280721416
4201,3,132903,3,Public,379.0,28.602159,-81.200889,21,15,0.4011,31400.0,0.7045342864,2,23.0,1,mid,10.747680597969852,10.809438,"Psychology, General.",University of Central Florida,46521.99999999997,49485.637,-2963.636718750029,49760.000000000015,10.814966727413061,49563.99,10.81102,196.01171875001455,597,31013.000000000015,10.342161750401328,29570.848,10.294544,1442.1523437500146,962.0,26,high,0.0487693947943087,0.04873151645225328,0.003954720464336918,0.003949337769908508,-0.05988882664264303,-0.05975670067094423,7.0,8.0,17.0,1.0,9.0,10.0,5.507570547286102,0.1966989481173608,0.2020647796965932,0.003949337769908508
4201,3,133465,3,"Private, for-profit",158.0,26.69215,-80.200219,21,6,,20000.0,0.7772579044,1,30.0,1,,10.567308903714245,10.604387,"Psychology, General.",South University-West Palm Beach,38844.00000000003,40311.31,-1467.308593749971,39694.0,10.588955321752204,37785.133,10.539671,1908.8671875,121,28684.00000000001,10.264094755002466,29216.86,10.282501,-532.8593749999891,90.0,26,high,-0.01823807850668375,-0.01801793344492824,0.05051900166587511,0.050081105614510485,-0.03639942847148027,-0.03617740798385331,13.0,5.0,14.0,-8.0,9.0,1.0,4.932882862316248,0.176174387939866,0.2020647796965932,-0.01801793344492824
4201,3,133492,1,"Private, nonprofit",38.0,27.715798,-82.687043,11,11,0.758,77695.0,0.4113924051,2,21.0,1,open,10.644162195631331,10.687647,"Psychology, General.",Eckerd College,41946.99999999999,43811.293,-1864.2929687500073,53220.00000000002,10.88218954453168,49699.504,10.81375,3520.496093750022,35,25929.99999999998,10.16315587853271,25980.709,10.16511,-50.70898437501819,42.0,26,high,-0.0019517937099220414,-0.0018947432468413466,0.0708356385285226,0.06825040694638121,-0.04255279500835052,-0.041190440545713115,12.0,3.0,15.0,-9.0,12.0,3.0,6.244997998398398,0.22303564279994278,0.2020647796965932,-0.0018947432468413466
4201,3,133650,2,Public,94.0,30.428504,-84.290226,12,13,0.2056,28781.0,0.8220073183,2,20.0,1,elite,10.564886034781493,10.795872,"Psychology, General.",Florida Agricultural and Mechanical University,38749.99999999999,48818.844,-10068.843750000007,39472.000000000015,10.583346838769138,43628.71,10.683471,-4156.710937499985,66,29264.00000000002,10.284113370630648,27427.363,10.219296,1836.6367187500182,111.0,26,high,0.06696366325543174,0.06633094323367571,-0.0952746677171978,-0.09360031025421718,-0.20624912383345842,-0.20394130609196282,5.0,20.0,26.0,15.0,6.0,21.0,10.816653826391969,0.3863090652282846,0.2020647796965932,-0.09360031025421718
4201,3,133669,1,Public,286.0,26.372421,-80.102978,13,15,0.6613,28064.0,0.7219053052,2,23.0,1,mid,10.751306705598122,10.735109,"Psychology, General.",Florida Atlantic University,46691.00000000004,45940.82,750.1796875000364,48753.99999999999,10.794542524342022,44347.555,10.699813,4406.445312499993,375,30765.000000000004,10.33413295917459,30435.361,10.32336,329.63867187500364,299.0,26,high,0.010830778985048159,0.010798516212552444,0.09936162982492501,0.09913052723070796,0.016329261915593626,0.016279345434710858,11.0,2.0,5.0,-9.0,3.0,-6.0,4.58257569495584,0.16366341767699427,0.2020647796965932,0.016279345434710858
4201,3,133711,1,"Private, nonprofit",64.0,29.892733,-81.314887,23,10,0.8076,53601.0,0.5154411765,2,22.0,1,open,10.658106055184174,10.715986,"Psychology, General.",Flagler College,42535.99999999997,45070.637,-2534.636718750029,47077.99999999997,10.759561079588272,47812.145,10.775035,-734.1445312500291,59,28892.999999999985,10.271354630228974,26789.352,10.19576,2103.6484374999854,47.0,26,high,0.07852554521867164,0.07650899769509316,-0.015354771019948551,-0.01504740638873106,-0.05623698494802017,-0.0552515878704145,4.0,10.0,16.0,6.0,6.0,12.0,6.0,0.21428571428571427,0.2020647796965932,-0.01504740638873106
4201,3,133951,2,Public,799.0,25.75732,-80.373928,21,15,0.5466,23924.0,0.8131269705,2,23.0,1,mid,10.787255092704724,10.762737,"Psychology, General.",Florida International University,48400.000000000044,47227.76,1172.2382812500437,49469.999999999985,10.809121704221754,46355.082,10.744086,3114.9179687499854,1075,30217.999999999993,10.316193052299786,31354.771,10.353122,-1136.7714843750073,946.0,26,high,-0.036255135360865054,-0.03622643259262806,0.06719690338699179,0.0671502290441326,0.02482095781356182,0.024797734454530523,16.0,4.0,4.0,-12.0,0.0,-12.0,6.928203230275509,0.24743582965269675,0.2020647796965932,0.024797734454530523
4201,3,133979,1,"Private, nonprofit",22.0,25.918278,-80.270753,21,8,0.8526,20624.0,0.9066366704,2,20.0,1,open,10.584688662077673,10.576023,"Psychology, General.",Florida Memorial University,39524.99999999999,39183.973,341.0273437499927,29041.999999999996,10.276498337090683,38531.81,10.559239,-9489.808593750004,26,27547.99999999998,10.223685216664588,31975.691,10.372731,-4427.691406250018,23.0,26,high,-0.1384705447021101,-0.13048038472897805,-0.24628505486994673,-0.2337206733399996,0.008703235548414907,0.008187362093807252,21.0,26.0,7.0,5.0,-19.0,-14.0,9.848857801796104,0.351744921492718,0.2020647796965932,-0.13048038472897805
4201,3,134079,1,"Private, nonprofit",41.0,28.032443,-81.948203,12,14,0.6442,66112.0,0.4608177172,2,21.0,1,mid,10.864828128963993,10.746699,"Psychology, General.",Florida Southern College,52304.00000000004,46476.37,5827.628906250036,53343.999999999985,10.88451678555052,52528.543,10.869112,815.4570312499854,51,28316.000000000025,10.25118229489408,29597.592,10.295448,-1281.5917968749745,41.0,26,high,-0.043300543019526634,-0.04199937638751892,0.015524074820333638,0.015156218822688045,0.1253890690926538,0.12170990254292198,17.0,7.0,2.0,-10.0,-5.0,-15.0,7.637626158259733,0.27277236279499045,0.2020647796965932,0.015156218822688045
4201,3,134097,1,Public,639.0,30.443147,-84.295064,12,15,0.2422,43729.0,0.5975318884,2,20.0,1,elite,10.911974530041006,10.92037,"Psychology, General.",Florida State University,54829.000000000044,55291.258,-462.25781249995634,54728.00000000003,10.910130740440835,58448.906,10.975908,-3720.906249999971,666,30140.00000000002,10.313608472180487,34205.17,10.440132,-4065.171874999982,591.0,26,high,-0.11884670218456495,-0.11868546709255352,-0.06366083625388577,-0.06358441013599207,-0.00836041411948945,-0.008350309227842814,20.0,17.0,12.0,-3.0,-5.0,-8.0,4.041451884327381,0.14433756729740646,0.2020647796965932,-0.06358441013599207
4201,3,134130,3,Public,390.0,29.64629,-82.347911,12,16,0.242,39127.0,0.6673828964,2,21.0,1,elite,10.952541882355893,10.978826,"Psychology, General.",University of Florida,57098.99999999998,58619.664,-1520.6640625000218,57052.999999999956,10.951735939359013,59660.0,10.996417,-2607.0000000000437,323,26003.0,10.165967194962711,33421.99,10.416969,-7418.98828125,292.0,26,high,-0.2219792616411188,-0.22129961149248734,-0.04369761984579356,-0.043576822445485004,-0.025941193741381683,-0.02588582444721217,26.0,15.0,13.0,-11.0,-2.0,-13.0,7.0,0.25,0.2020647796965932,-0.043576822445485004
4201,3,135081,2,"Private, nonprofit",64.0,26.185869,-80.163959,12,15,0.9697,21659.0,0.7867955286,2,28.0,1,open,10.658035524203411,10.656174,"Psychology, General.",Keiser University-Ft Lauderdale,42532.99999999997,42453.887,79.1132812499709,41667.99999999997,10.637488727104339,42595.867,10.6595125,-927.8671875000291,169,32345.99999999997,10.384245644679723,33427.85,10.417145,-1081.851562500029,143.0,26,high,-0.03236377786581028,-0.03213628964283521,-0.02178303316177859,-0.02165517782850325,0.0018635109141851567,0.0018308580575175806,14.0,12.0,8.0,-2.0,-4.0,-6.0,3.055050463303893,0.10910894511799618,0.2020647796965932,-0.02165517782850325
4201,3,135726,1,"Private, nonprofit",91.0,25.72126,-80.278662,21,16,0.189,54690.0,0.4559891107,2,20.0,1,elite,10.899254677912062,11.024073,"Psychology, General.",University of Miami,54136.00000000001,61332.96,-7196.960937499993,54290.00000000001,10.902095326899497,66031.62,11.097889,-11741.617187499993,87,30416.999999999985,10.322756941620689,36485.707,10.504676,-6068.707031250015,76.0,26,high,-0.16633107934710348,-0.1638856417965117,-0.1778181072585137,-0.17555286394507377,-0.11734246688063693,-0.11597875350661092,23.0,24.0,23.0,1.0,-1.0,0.0,0.5773502691896258,0.020619652471058066,0.2020647796965932,-0.1638856417965117
4201,3,136215,2,"Private, nonprofit",72.0,26.082288,-80.249891,21,16,0.7321,31002.0,0.6566484517,2,24.0,1,open,10.741276056255325,10.863547,"Psychology, General.",Nova Southeastern University,46224.99999999997,52237.055,-6012.054687500029,50563.00000000002,10.8309753625035,55906.797,10.931441,-5343.796874999978,45,24711.00000000001,10.115003767609359,29597.084,10.295431,-4886.083984374989,50.0,26,high,-0.16508666823239979,-0.16113951806673274,-0.09558402866377735,-0.09296744818897633,-0.11509176241781251,-0.11333368038063218,22.0,19.0,22.0,-3.0,3.0,0.0,1.7320508075688772,0.06185895741317419,0.2020647796965932,-0.11333368038063218
4201,3,136330,2,"Private, nonprofit",82.0,26.7044,-80.05247,12,11,0.8199,52817.0,0.5402097902,2,22.0,1,open,10.792016466624613,10.5727625,"Psychology, General.",Palm Beach Atlantic University,48630.99999999996,39056.418,9574.582031249964,51529.99999999996,10.84991944132227,50029.863,10.820375,1500.1367187499636,61,35402.99999999997,10.474551841293858,29408.602,10.289042,5994.398437499971,52.0,26,high,0.20383146831244267,0.19917404182244608,0.02998482546947473,0.02940737558794535,0.24514746946099414,0.24192996737009498,1.0,6.0,1.0,5.0,-5.0,0.0,2.886751345948129,0.10309826235529032,0.2020647796965932,0.19917404182244608
4201,3,136950,1,"Private, nonprofit",58.0,28.592787,-81.349239,21,11,0.4754,43978.0,0.58,2,22.0,1,mid,10.671719014219342,10.801521,"Psychology, General.",Rollins College,43119.00000000001,49095.434,-5976.433593749993,48340.00000000003,10.786014654257475,57995.598,10.9681225,-9655.59765624997,43,28363.99999999998,10.252876014423887,27738.893,10.230591,625.1074218749818,42.0,26,high,0.02253541377379802,0.021876709021869292,-0.16648845854611893,-0.16168638107960942,-0.1217309463687232,-0.11933924585779015,9.0,23.0,24.0,14.0,1.0,15.0,8.386497083606084,0.2995177529859316,0.2020647796965932,-0.11933924585779015
4201,3,137032,2,"Private, nonprofit",327.0,28.336776,-82.257801,31,12,0.784,22361.0,0.7686491935,2,30.0,1,open,10.643184293749053,10.717133,"Psychology, General.",Saint Leo University,41906.0,45122.332,-3216.33203125,48785.999999999985,10.795198665435892,41462.297,10.63254,7323.703124999985,311,36139.00000000002,10.495127893591839,32071.19,10.375713,4067.810546875022,227.0,26,high,0.12683690927087385,0.12631662510402794,0.1766352488160362,0.17612506677007836,-0.07128027046612953,-0.071093723914468,2.0,1.0,19.0,-1.0,18.0,17.0,10.115993936995679,0.3612854977498457,0.2020647796965932,0.12631662510402794
4201,3,137351,1,Public,594.0,28.061458,-82.413232,11,15,0.4319,32495.0,0.6858996244,2,22.0,1,mid,10.748604464955758,10.756307,"Psychology, General.",University of South Florida,46564.99999999998,46925.03,-360.0312500000218,47256.99999999997,10.763356070097183,53934.0,10.895516,-6677.000000000029,670,32438.00000000001,10.387085854047635,31192.824,10.347943,1245.175781250011,584.0,26,high,0.03991866118046265,0.03986375848760797,-0.12379945859754568,-0.123651851905252,-0.00767247757560144,-0.007662393023285554,8.0,22.0,11.0,14.0,-11.0,3.0,7.3711147958319945,0.2632540998511427,0.2020647796965932,-0.007662393023285554
4201,3,137564,2,"Private, nonprofit",25.0,28.029733,-81.918382,12,13,0.5298,39372.0,0.6645474944,2,23.0,1,mid,10.649488059999875,10.589629,"Psychology, General.",Southeastern University,42170.99999999998,39720.758,2450.242187499978,48011.0,10.779185430302025,49037.97,10.80035,-1026.96875,39,26915.00000000002,10.200439030995058,27951.174,10.2382145,-1036.1738281249818,38.0,26,high,-0.03707085199700501,-0.03585557922532476,-0.020942318292904414,-0.020266749291116305,0.06168669286387317,0.058513946107628965,15.0,11.0,3.0,-4.0,-8.0,-12.0,6.110100926607786,0.21821789023599236,0.2020647796965932,-0.020266749291116305
4201,3,137847,1,"Private, nonprofit",35.0,27.948455,-82.46483,11,13,0.4034,75458.0,0.429463171,2,20.0,1,mid,10.833523386201955,10.832189,"Psychology, General.",The University of Tampa,50692.00000000003,50624.383,67.6171875000291,53743.99999999996,10.891987311852073,53677.95,10.890758,66.05078124996362,72,31015.999999999985,10.342258479350765,30650.56,10.330406,365.43945312498545,73.0,26,high,0.011922765737550078,0.011739052113467029,0.001230501206012761,0.0012109580348617904,0.0013356644317120108,0.0012886860202550373,10.0,9.0,9.0,-1.0,0.0,-1.0,0.5773502691896257,0.020619652471058063,0.2020647796965932,0.0012886860202550373
4201,3,138354,2,Public,119.0,30.549076,-87.218511,41,12,0.5824,34583.0,0.6786062378,2,24.0,1,mid,10.596959680295013,10.681315,"Psychology, General.",University of West Florida,40013.0,43534.78,-3521.78125,45101.00000000001,10.716659698193956,47588.28,10.770342,-2487.2812499999927,53,27563.000000000007,10.224229572614233,29840.312,10.303616,-2277.3124999999927,58.0,26,high,-0.07631664380190364,-0.0747801055174566,-0.05226667542232349,-0.05108204037620852,-0.08089580672924594,-0.08020868275658241,18.0,16.0,20.0,-2.0,4.0,2.0,2.0,0.07142857142857142,0.2020647796965932,-0.0747801055174566
4201,3,433660,1,Public,149.0,26.463638,-81.7726,21,16,0.6344,43546.0,0.5981697171,2,21.0,1,mid,10.816352422842092,10.817164,"Psychology, General.",Florida Gulf Coast University,49829.00000000002,49869.477,-40.47656249997817,52722.00000000003,10.872788104723899,53999.62,10.896732,-1277.621093749971,200,30366.999999999996,10.321111771468102,28905.043,10.271771,1461.9570312499964,150.0,26,high,0.05057792278082951,0.05024169390124991,-0.02365981590003869,-0.023545688483218283,-0.0008116500370572377,-0.0008063484645909083,6.0,13.0,10.0,7.0,-3.0,4.0,3.511884584284246,0.12542444943872308,0.2020647796965932,-0.0008063484645909083
4201,3,446048,1,"Private, nonprofit",23.0,26.335983,-81.438945,42,11,0.4139,81806.0,0.443254818,2,19.0,1,mid,10.645162958200558,10.761901,"Psychology, General.",Ave Maria University,41988.99999999996,47188.28,-5199.281250000036,49235.0,10.804360031681902,56174.07,10.936211,-6939.0703125,30,30640.000000000004,10.330061623854528,27837.795,10.23415,2802.2050781250036,29.0,26,high,0.10066189100067781,0.0961770148794902,-0.12352799563744449,-0.1181600381060606,-0.11018161950961154,-0.10396399959427212,3.0,21.0,21.0,18.0,0.0,18.0,10.392304845413264,0.37115374447904514,0.2020647796965932,-0.10396399959427212
4201,3,449898,3,"Private, for-profit",158.0,27.982269,-82.500357,11,6,,20000.0,0.7772579044,1,30.0,1,,10.567308903714245,10.697767,"Psychology, General.",South University-Tampa,38844.00000000003,44256.934,-5412.933593749971,39694.0,10.588955321752204,42699.418,10.661941,-3005.41796875,121,28684.00000000001,10.264094755002466,31279.213,10.350709,-2595.212890624989,90.0,26,high,-0.08296925180629548,-0.08196776082927115,-0.07038545515888636,-0.06977535773274506,-0.12230701845358734,-0.1215609994907198,19.0,18.0,25.0,-1.0,7.0,6.0,3.7859388972001824,0.13521210347143509,0.2020647796965932,-0.08196776082927115
4201,3,484473,3,Public,390.0,29.649413,-82.339848,12,9,0.6126,39127.0,0.6673828964,2,21.0,2,mid,10.952541882355893,10.937979,"Psychology, General.",University of Florida-Online,57098.99999999998,56273.484,825.5156249999782,57052.999999999956,10.951735939359013,58858.418,10.98289,-1805.4179687500437,323,26003.0,10.165967194962711,31470.947,10.35682,-5467.947265625,292.0,26,high,-0.17374587486908963,-0.17321390441020146,-0.030673912603437683,-0.030589117850019464,0.014669708729938197,0.014638397471630397,24.0,14.0,6.0,-10.0,-8.0,-18.0,9.018499505645789,0.3220892680587782,0.2020647796965932,-0.030589117850019464
4201,5,134097,1,Public,25.0,30.443147,-84.295064,12,15,0.2422,43729.0,0.5975318884,2,20.0,1,elite,11.176459228331016,11.006976,"Psychology, General.",Florida State University,71429.00000000001,60293.293,11135.707031250015,69669.00000000001,11.151510734540933,68715.08,11.137724,953.9218750000146,34,59508.00000000004,10.993866036277135,42503.51,10.657342,17004.488281250036,26.0,3,low,0.40007254915241924,0.37992628508052,0.013882278839365207,0.013358660242589544,0.18469230129828287,0.1751929770089987,1.0,2.0,1.0,1.0,-1.0,0.0,0.5773502691896257,0.020619652471058063,0.013746434980705375,0.1751929770089987
4201,5,135081,2,"Private, nonprofit",39.0,26.185869,-80.163959,12,15,0.9697,21659.0,0.7867955286,2,28.0,1,open,10.696525315910868,10.953788,"Psychology, General.",Keiser University-Ft Lauderdale,44201.99999999999,57170.184,-12968.183593750007,49097.99999999996,10.801573579755436,58549.996,10.977636,-9451.996093750036,42,39667.0,10.588274886751593,48255.934,10.784274,-8588.93359375,33.0,3,low,-0.17798709825111372,-0.17113476066613403,-0.16143461527504702,-0.1566508182925388,-0.22683473759506562,-0.2197855472533936,3.0,3.0,3.0,0.0,0.0,0.0,0.0,0.0,0.013746434980705375,-0.17113476066613403
4201,5,138354,2,Public,19.0,30.549076,-87.218511,41,12,0.5824,34583.0,0.6786062378,2,24.0,1,mid,11.057534548092338,11.121166,"Psychology, General.",University of West Florida,63419.99999999999,67586.68,-4166.679687500007,67784.99999999996,11.124096210513489,65033.254,11.082654,2751.7460937499563,26,42585.00000000004,10.659257357575182,49044.887,10.800491,-6459.886718749964,32.0,3,low,-0.13171376571413979,-0.12646284711369532,0.042312908065722674,0.04015428938356166,-0.06164942125823389,-0.05735865778033661,2.0,1.0,2.0,-1.0,1.0,0.0,0.5773502691896257,0.020619652471058063,0.013746434980705375,-0.05735865778033661
4228,3,133553,1,"Private, nonprofit",28.0,29.189903,-81.048367,13,13,0.6481,38662.0,0.6700304341,2,25.0,1,mid,11.312032522590838,10.94145,"Clinical, Counseling and Applied Psychology.",Embry-Riddle Aeronautical University-Daytona Beach,81800.0,56469.168,25330.83203125,82023.0,11.314754974721918,73030.0,11.198626,8993.0,39,41456.000000000015,10.632387902801891,44390.676,10.700785,-2934.6757812499854,35.0,3,low,-0.0661101848440332,-0.06372969287151257,0.12314117485964672,0.11916881805485437,0.4485780992074837,0.4282586714063091,1.0,1.0,1.0,0.0,0.0,0.0,0.0,0.0,0.0,0.11916881805485437
4228,3,133881,1,"Private, nonprofit",67.0,28.065773,-80.623123,13,14,0.577,30032.0,0.7019104084,2,28.0,1,mid,10.793865427624695,11.019316,"Clinical, Counseling and Applied Psychology.",Florida Institute of Technology,48721.00000000003,61041.895,-12320.89453124997,55282.000000000044,10.920202637237164,65685.67,11.092636,-10403.671874999956,88,34506.0,10.448888500941809,42970.418,10.668267,-8464.41796875,60.0,3,low,-0.19698244440874885,-0.19316948105370396,-0.158385711495776,-0.15639473834844975,-0.201843252504923,-0.19849021982206025,3.0,3.0,3.0,0.0,0.0,0.0,0.0,0.0,0.0,-0.19316948105370396
4228,3,480569,3,"Private, nonprofit",67.0,28.065773,-80.623123,13,9,0.4018,30032.0,0.7019104084,2,28.0,2,mid,10.793865427624695,10.997395,"Clinical, Counseling and Applied Psychology.",Florida Institute of Technology-Online,48721.00000000003,59718.344,-10997.34374999997,55282.000000000044,10.920202637237164,54527.824,10.9064665,754.1757812500437,88,34506.0,10.448888500941809,38276.06,10.55258,-3770.05859375,60.0,3,low,-0.09849652059957927,-0.09658993636171538,0.013831026490705124,0.013657164833091607,-0.18415352904022847,-0.1810943591454046,2.0,2.0,2.0,0.0,0.0,0.0,0.0,0.0,0.0,-0.09658993636171538
4228,5,132471,1,"Private, nonprofit",52.0,25.878908,-80.198925,21,13,0.7724,28822.0,0.7126805778,2,26.0,1,open,10.928220048143892,11.098581,"Clinical, Counseling and Applied Psychology.",Barry University,55727.00000000003,66077.35,-10350.35156249997,57962.000000000015,10.967542902395527,71921.98,11.183337,-13959.976562499985,55,45208.99999999999,10.7190514610438,60347.83,11.00788,-15138.828125000007,57.0,4,low,-0.2508595353861379,-0.24570586694229757,-0.1940989003600145,-0.18988420579840307,-0.15663992756595238,-0.15314663783584556,3.0,3.0,2.0,0.0,-1.0,-1.0,0.5773502691896258,0.06415002990995843,0.07589030021024659,-0.18988420579840307
4228,5,133881,1,"Private, nonprofit",119.0,28.065773,-80.623123,13,14,0.577,30032.0,0.7019104084,2,28.0,1,mid,11.295092785974596,11.217123,"Clinical, Counseling and Applied Psychology.",Florida Institute of Technology,80426.00000000006,74393.44,6032.562500000058,77258.00000000004,11.25490574926859,87108.88,11.374914,-9850.882812499956,225,69915.99999999999,11.155049800454977,59554.496,10.994647,10361.503906249985,264.0,4,low,0.17398357111340554,0.17338476231896993,-0.11308700667994756,-0.11261138037859103,0.08108998189524524,0.08040120861074654,1.0,1.0,1.0,0.0,0.0,0.0,0.0,0.0,0.07589030021024659,0.08040120861074654
4228,5,136215,2,"Private, nonprofit",257.0,26.082288,-80.249891,21,16,0.7321,31002.0,0.6566484517,2,24.0,1,open,10.985784127552533,11.208737,"Clinical, Counseling and Applied Psychology.",Nova Southeastern University,59028.99999999996,73772.21,-14743.210937500036,64895.99999999994,11.0805412675108,75826.44,11.236202,-10930.437500000058,346,46761.00000000003,10.752804801157161,62706.82,11.046226,-15945.82031249997,278.0,4,low,-0.25429164216960504,-0.2534673882341921,-0.1441507455760408,-0.1437827591000332,-0.1998477577144939,-0.1991560952323608,4.0,2.0,3.0,-2.0,1.0,-1.0,1.0,0.1111111111111111,0.07589030021024659,-0.1991560952323608
4228,5,136950,1,"Private, nonprofit",28.0,28.592787,-81.349239,21,11,0.4754,43978.0,0.58,2,22.0,1,mid,10.787585616588082,11.093188,"Clinical, Counseling and Applied Psychology.",Rollins College,48415.99999999997,65721.95,-17305.95312500003,53922.999999999956,10.895312382020649,77071.08,11.252483,-23148.078125000044,41,41718.99999999997,10.638711939508168,51706.125,10.853332,-9987.12500000003,47.0,4,low,-0.19315168173983313,-0.18819151821084606,-0.3003471430288889,-0.2911975585826381,-0.2633207368637529,-0.25139298847231767,2.0,4.0,4.0,2.0,0.0,2.0,1.1547005383792515,0.12830005981991682,0.07589030021024659,-0.25139298847231767
4228,6,132842,1,"Private, nonprofit",58.0,25.795181,-80.354942,13,6,0.7571,16091.0,0.4821052632,2,26.0,1,open,11.258832895512002,11.321256,"Clinical, Counseling and Applied Psychology.",Albizu University-Miami,77561.99999999997,82557.945,-4995.945312500029,93577.99999999993,11.446550592103767,72406.13,11.190046,21171.867187499927,113,64380.000000000044,11.0725583048528,59505.383,10.993822,4874.617187500044,88.0,3,low,0.08191892829023288,0.08090383627336534,0.2924043360018376,0.2896590740821988,-0.06051440952883791,-0.05932545677272823,2.0,2.0,3.0,0.0,1.0,1.0,0.5773502691896258,0.06415002990995843,0.08553337321327788,0.08090383627336534
4228,6,133881,1,"Private, nonprofit",22.0,28.065773,-80.623123,13,14,0.577,30032.0,0.7019104084,2,28.0,1,mid,11.462200430145256,11.512297,"Clinical, Counseling and Applied Psychology.",Florida Institute of Technology,95053.99999999994,99937.14,-4883.140625000058,114742.00000000004,11.650441408716866,86848.836,11.371924,27893.164062500044,41,88732.99999999997,11.393387139693978,59747.625,10.997885,28985.37499999997,26.0,3,low,0.48513016207757165,0.4607006920347907,0.32116911828931266,0.3113852264244471,-0.0488621206736678,-0.04596587928721331,1.0,1.0,2.0,0.0,1.0,1.0,0.5773502691896257,0.06415002990995841,0.08553337321327788,0.3113852264244471
4228,6,136215,2,"Private, nonprofit",70.0,26.082288,-80.249891,21,16,0.7321,31002.0,0.6566484517,2,24.0,1,open,11.528680696914735,11.4921255,"Clinical, Counseling and Applied Psychology.",Nova Southeastern University,101588.00000000004,97941.48,3646.5234375000437,99427.99999999997,11.507189043118291,103544.734,11.547759,-4116.734375000029,108,63861.0,11.064464125400788,85566.24,11.357046,-21705.2421875,86.0,3,low,-0.2536659508774224,-0.2504371984786076,-0.03975802728983561,-0.03936450268836844,0.037231656755481575,0.03664393746224015,3.0,3.0,1.0,0.0,-2.0,-2.0,1.1547005383792515,0.12830005981991682,0.08553337321327788,-0.03936450268836844
4301,1,132693,1,Public,34.0,28.170002,-80.670781,13,12,,22005.0,0.8466486121,1,25.0,1,,10.90764263085135,10.723023,Criminal Justice and Corrections.,Eastern Florida State College,54591.999999999985,45388.93,9203.070312499985,56068.000000000015,10.934320518782949,55330.293,10.921076,737.7070312500146,68,51460.99999999996,10.84857951821591,54000.855,10.896755,-2539.8554687500364,53.0,17,high,-0.04703361542521927,-0.045982358058057816,0.013332787369599943,0.013106470460660909,0.20276024078696195,0.19538903968011906,13.0,11.0,7.0,-2.0,-4.0,-6.0,3.055050463303893,0.05764246157177157,0.05024200618224965,0.013106470460660909
4301,1,133021,1,Public,16.0,30.789228,-85.23139,32,6,,21653.0,,1,23.0,1,,10.45547431330706,10.714168,Criminal Justice and Corrections.,Chipola College,34733.999999999985,44988.742,-10254.742187500015,45658.00000000003,10.728934117109558,50849.184,10.836619,-5191.183593749971,45,38365.999999999985,10.554926929696283,41114.65,10.62412,-2748.6484375000146,47.0,17,high,-0.0668532637869528,-0.06513646216326076,-0.10208981200610726,-0.09929513791143271,-0.22794018434125654,-0.2088540025399549,15.0,15.0,17.0,0.0,2.0,2.0,1.1547005383792517,0.021786802610929277,0.05024200618224965,-0.09929513791143271
4301,1,133386,1,Public,147.0,29.20278,-81.049513,13,12,,21285.0,0.8535849057,1,25.0,1,,10.935906618469438,10.738732,Criminal Justice and Corrections.,Daytona State College,56156.99999999998,46107.566,10049.433593749978,55104.99999999999,10.916995735125642,52992.914,10.877913,2112.0859374999927,126,52754.999999999985,10.873413833576192,49369.203,10.807082,3385.7968749999854,118.0,17,high,0.06858115304043579,0.06797782111283798,0.03985600669193229,0.03952648817502299,0.21795627869849474,0.21650997734942484,9.0,10.0,6.0,1.0,-4.0,-3.0,2.081665999466133,0.03927671697105911,0.05024200618224965,0.06797782111283798
4301,1,133702,1,Public,34.0,30.334918,-81.659901,11,15,,25081.0,0.8159581286,1,25.0,1,,11.047312184025786,10.777512,Criminal Justice and Corrections.,Florida State College at Jacksonville,62775.000000000044,47930.703,14844.296875000044,66208.99999999999,11.100571684346141,56887.152,10.948825,9321.847656249985,64,60055.00000000003,11.003016087988591,45981.54,10.735995,14073.46093750003,105.0,17,high,0.30606763549977745,0.3029817688372438,0.16386560536412834,0.16088098668827985,0.3097032988706035,0.29844426065597396,3.0,6.0,4.0,3.0,-2.0,1.0,1.5275252316519465,0.028821230785885783,0.05024200618224965,0.29844426065597396
4301,1,134291,1,Public,21.0,30.487547,-87.290659,21,-2,,15300.0,,1,29.0,1,,10.920709002988724,10.60792,Criminal Justice and Corrections.,George Stone Technical College,55310.00000000004,40453.957,14856.042968750036,53477.00000000001,10.887006933905731,41090.973,10.623544,12386.027343750007,22,45951.00000000001,10.735330890332664,37758.76,10.538973,8192.238281250007,31.0,17,high,0.21696257791160453,0.2079966722209698,0.3014294026906193,0.28292913708997913,0.3672333699586914,0.3443221182179862,5.0,2.0,3.0,-3.0,1.0,-2.0,1.5275252316519468,0.028821230785885787,0.05024200618224965,0.28292913708997913
4301,1,134343,1,Public,20.0,30.185542,-85.727918,13,9,,22880.0,0.8783042394,1,25.0,1,,10.735135010341178,10.766515,Criminal Justice and Corrections.,Gulf Coast State College,45941.99999999999,47406.504,-1464.5039062500073,51476.000000000044,10.848870958613556,54160.996,10.899716,-2684.9960937499563,53,45648.00000000003,10.728715073453282,46929.195,10.756395,-1281.195312499971,38.0,17,high,-0.027300602619936963,-0.026405622406988193,-0.04957434846845064,-0.048450735571523205,-0.030892468028146016,-0.02885927915902052,11.0,13.0,13.0,2.0,0.0,2.0,1.1547005383792517,0.021786802610929277,0.05024200618224965,-0.02885927915902052
4301,1,134495,1,Public,151.0,27.934888,-82.456253,11,5,,22087.0,0.8303442291,1,24.0,1,,11.035099319467346,11.02007,Criminal Justice and Corrections.,Hillsborough Community College,62013.0,61087.957,925.04296875,66994.00000000003,11.112358342124256,58886.992,10.983376,8107.007812500029,238,62248.99999999996,11.038897749940894,51157.81,10.84267,11091.191406249964,225.0,17,high,0.216803489264491,0.21590496086160385,0.1376706045146064,0.13712818998904125,0.015142804141850534,0.015045421716936314,4.0,7.0,11.0,3.0,4.0,7.0,3.511884584284246,0.066261973288382,0.05024200618224965,0.13712818998904125
4301,1,134608,1,Public,48.0,27.42416,-80.358682,21,12,,21577.0,0.9122626988,1,23.0,1,,11.088216373495303,10.716019,Criminal Justice and Corrections.,Indian River State College,65396.00000000001,45072.1,20323.898437500007,69612.99999999997,11.150706610490193,58109.98,10.970093,11503.01953124997,69,60297.99999999996,11.007054214669369,52909.793,10.876344,7388.207031249964,51.0,17,high,0.1396377989158575,0.1363746832060438,0.19795256233885655,0.19464899939076477,0.450919698282041,0.43988743120309004,8.0,4.0,2.0,-4.0,-2.0,-6.0,3.055050463303893,0.05764246157177157,0.05024200618224965,0.19464899939076477
4301,1,135160,1,Public,50.0,30.175298,-82.5679,32,9,,21618.0,0.9306451613,1,26.0,1,,10.650957184950148,10.791831,Criminal Justice and Corrections.,Florida Gateway College,42233.00000000002,48621.98,-6388.980468749978,50714.00000000002,10.833957285583553,45722.715,10.7303505,4991.285156250022,66,44048.0,10.693035227382389,48696.04,10.793353,-4648.0390625,62.0,17,high,-0.09545004382254524,-0.09367147382387209,0.10916423430469809,0.10724578153253855,-0.1314010743115711,-0.12833447530053416,16.0,8.0,16.0,-8.0,8.0,0.0,4.618802153517006,0.0871472104437171,0.05024200618224965,-0.09367147382387209
4301,1,135267,1,Public,46.0,26.647517,-81.836596,13,-2,,19016.0,,1,26.0,1,,10.878103794705911,10.782584,Criminal Justice and Corrections.,Fort Myers Technical College,53003.00000000003,48174.453,4828.546875000029,73378.99999999999,11.203393070124946,61804.566,11.031733,11574.433593749985,28,58949.00000000004,10.984427942293221,49547.07,10.8106785,9401.929687500036,17.0,17,high,0.18975753012641935,0.17454620517453331,0.18727473173534825,0.1784804567235854,0.10023044501348513,0.09765461163190595,6.0,5.0,8.0,-1.0,3.0,2.0,1.5275252316519465,0.028821230785885783,0.05024200618224965,0.17454620517453331
4301,1,135717,1,Public,35.0,25.777717,-80.190856,11,15,,18391.0,0.9677276583,1,22.0,1,,10.819938271611647,10.898609,Criminal Justice and Corrections.,Miami Dade College,50007.999999999956,54101.07,-4093.0703125000437,60899.00000000005,11.016972033201926,69011.73,11.142032,-8112.726562499949,79,34208.999999999985,10.440244046325468,42633.297,10.660391,-8424.296875000015,49.0,17,high,-0.19759900107420475,-0.19276292345766258,-0.11755576865842812,-0.11587995831764449,-0.0756559951375739,-0.07299499856959306,17.0,16.0,14.0,-1.0,-2.0,-3.0,1.5275252316519468,0.028821230785885787,0.05024200618224965,-0.11587995831764449
4301,1,136233,1,Public,41.0,30.540017,-86.47456,22,9,,23721.0,0.9132875858,1,25.0,1,,10.874853418618248,10.833899,Criminal Justice and Corrections.,Northwest Florida State College,52830.99999999998,50711.02,2119.980468749978,52765.999999999985,10.873622322882394,54151.234,10.899536,-1385.2343750000146,49,48087.00000000003,10.780767149293991,41685.83,10.637917,6401.171875000029,77.0,17,high,0.15355750774112825,0.1513340093119708,-0.025580845773656744,-0.024946028981461817,0.04180512417904689,0.040578478063879694,7.0,12.0,10.0,5.0,-2.0,3.0,2.516611478423583,0.047483235441954395,0.05024200618224965,0.040578478063879694
4301,1,136358,1,Public,139.0,26.61256,-80.08653,21,15,,21408.0,0.9218037494,1,23.0,1,,11.288531131754366,10.756253,Criminal Justice and Corrections.,Palm Beach State College,79900.00000000003,46922.527,32977.47265625003,78215.99999999996,11.267229509185507,58123.9,10.970332,20092.101562499956,153,69415.0,11.147858261468903,52569.24,10.869886,16845.76171875,168.0,17,high,0.32044903577684936,0.31858260600017163,0.3456771156550137,0.34339862322628745,0.7028068291091863,0.6978281948046907,2.0,1.0,1.0,-1.0,0.0,-1.0,0.5773502691896257,0.010893401305464637,0.05024200618224965,0.34339862322628745
4301,1,137759,1,Public,110.0,30.443866,-84.339,12,12,,23457.0,0.8177727784,1,22.0,1,,10.823371819920414,10.731372,Criminal Justice and Corrections.,Tallahassee State College,50180.000000000044,45769.44,4410.558593750044,54911.999999999985,10.913487182847634,64033.062,11.067155,-9121.062500000015,116,43235.00000000004,10.674405631394531,43156.008,10.672577,78.99218750003638,189.0,17,high,0.0018303868106436978,0.0018210935994224461,-0.14244301527824027,-0.14114597009735205,0.09636470226066085,0.09546738483406013,10.0,17.0,9.0,7.0,-8.0,-1.0,4.358898943540674,0.08224337629322026,0.05024200618224965,0.0018210935994224461
4301,1,138284,1,Public,16.0,30.77449,-85.553345,43,-2,,15147.0,,1,25.0,1,,10.479482748285214,10.595372,Criminal Justice and Corrections.,Florida Panhandle Technical College,35577.99999999997,39949.53,-4371.531250000029,41153.00000000001,10.625052107457568,43467.117,10.67976,-2314.1171874999927,19,38381.0,10.555317824459362,40099.58,10.599121,-1718.578125,17.0,17,high,-0.042857760738598795,-0.039422201027894885,-0.0532383405487372,-0.04940481871125318,-0.10942634652315299,-0.10026371839933641,12.0,14.0,15.0,2.0,1.0,3.0,1.5275252316519468,0.028821230785885787,0.05024200618224965,-0.04940481871125318
4301,1,138497,1,Public,22.0,28.834861,-82.345563,23,-2,,17183.0,,1,28.0,1,,10.856862100640145,10.611962,Criminal Justice and Corrections.,Withlacoochee Technical College,51888.999999999956,40617.83,11271.171874999956,52651.99999999996,10.871459503545298,41125.156,10.624375,11526.843749999964,29,37788.00000000004,10.539746870889026,40078.55,10.598597,-2290.5507812499636,18.0,17,high,-0.05715153708405931,-0.05284255017704008,0.28028692900102875,0.26763329345895004,0.27749321899519847,0.26104515382254856,14.0,3.0,5.0,-11.0,2.0,-9.0,5.8594652770823155,0.11055594862419463,0.05024200618224965,0.26104515382254856
4301,1,427991,1,Public,28.0,28.298648,-81.349696,21,-2,,17889.0,,1,26.0,1,,10.955095581357913,10.948987,Criminal Justice and Corrections.,Osceola Technical College,57245.000000000015,56896.383,348.61718750001455,59910.99999999996,11.000615406642888,56165.453,10.936057,3745.5468749999636,35,53164.00000000003,10.881136754541224,37932.293,10.543558,15231.70703125003,27.0,17,high,0.4015498626407442,0.3821647459415821,0.06668773537113636,0.0642538864893545,0.006127229364454856,0.005849681720215784,1.0,9.0,12.0,8.0,3.0,11.0,5.686240703077327,0.10728756043542126,0.05024200618224965,0.0642538864893545
4301,2,132709,2,Public,35.0,26.119422,-80.14183,12,15,,20743.0,0.9264472291,1,24.0,1,,10.698469038977342,10.838239,Criminal Justice and Corrections.,Broward College,44288.00000000001,50931.594,-6643.593749999993,44828.99999999997,10.710610530409502,46998.13,10.757863,-2169.128906250029,30,34607.000000000015,10.451811252722203,36959.613,10.517581,-2352.6132812499854,18.0,7,medium,-0.06365362276243001,-0.058854405784866774,-0.04615351625118781,-0.04414789708864946,-0.13044150518066192,-0.12585357534143612,4.0,4.0,6.0,0.0,2.0,2.0,1.1547005383792517,0.021786802610929277,0.03329179378479429,-0.058854405784866774
4301,2,134495,3,Public,52.0,27.934888,-82.456253,11,5,,22087.0,0.8303442291,1,24.0,1,,10.682491276855757,10.688258,Criminal Justice and Corrections.,Hillsborough Community College,43586.000000000015,43838.082,-252.08203124998545,47205.00000000004,10.762255098166618,46006.81,10.736545,1198.1914062500364,134,33013.0,10.404656702268806,38255.37,10.552039,-5242.37109375,84.0,7,medium,-0.13703621070366448,-0.1352434122954912,0.026043784450043555,0.02584339176391404,-0.005750297904691374,-0.00562205820918299,7.0,3.0,4.0,-4.0,1.0,-3.0,2.0816659994661326,0.039276716971059104,0.03329179378479429,-0.00562205820918299
4301,2,135081,2,"Private, nonprofit",200.0,26.185869,-80.163959,12,15,0.9697,21659.0,0.7867955286,2,28.0,1,open,10.66955986311063,10.737663,Criminal Justice and Corrections.,Keiser University-Ft Lauderdale,43025.99999999999,46058.3,-3032.3007812500073,41540.00000000004,10.634412097430104,46013.74,10.736695,-4473.738281249964,128,33292.00000000001,10.413072406865986,31217.674,10.34874,2074.3261718750073,74.0,7,medium,0.06644717294746608,0.06543941401579051,-0.09722614263386102,-0.09643694705846047,-0.0658361409304191,-0.06553109006683747,2.0,7.0,5.0,5.0,-2.0,3.0,2.516611478423583,0.047483235441954395,0.03329179378479429,-0.06553109006683747
4301,2,137032,3,"Private, nonprofit",28.0,28.336776,-82.257801,31,12,0.784,22361.0,0.7686491935,2,30.0,1,open,11.09125475251513,10.778739,Criminal Justice and Corrections.,Saint Leo University,65594.99999999999,47989.566,17605.433593749985,47269.00000000003,10.763609968496873,51393.605,10.847269,-4124.605468749971,52,37236.00000000002,10.525031314236381,39187.26,10.576107,-1951.2617187499782,17.0,7,medium,-0.049793265289989744,-0.04580174232783432,-0.08025522691257664,-0.07839571452430007,0.36685960953915003,0.35024181798319187,3.0,6.0,1.0,3.0,-5.0,-2.0,2.5166114784235836,0.04748323544195441,0.03329179378479429,-0.04580174232783432
4301,2,137209,3,Public,46.0,28.745482,-81.308003,13,12,,24900.0,0.8147863904,1,24.0,1,,10.792961918250924,10.729467,Criminal Justice and Corrections.,Seminole State College of Florida,48676.99999999997,45682.355,2994.644531249971,55297.00000000004,10.920473936490946,48388.008,10.787007,6908.992187500036,32,36588.99999999997,10.507502927768234,39352.797,10.580322,-2763.796875000029,16.0,7,medium,-0.07023126929907772,-0.06422618085348147,0.14278315020266752,0.1370144964345825,0.06555363663982962,0.06386896642293029,5.0,1.0,2.0,-4.0,1.0,-3.0,2.081665999466133,0.03927671697105911,0.03329179378479429,0.06386896642293029
4301,2,138187,1,Public,81.0,28.520783,-81.464275,11,15,,23247.0,0.8727049583,1,22.0,1,,10.485479683729912,10.67157,Criminal Justice and Corrections.,Valencia College,35792.00000000003,43112.57,-7320.570312499971,47004.99999999998,10.75800925801265,50326.32,10.826283,-3321.320312500022,71,33245.999999999985,10.411689738095404,36140.58,10.495172,-2894.5781250000146,39.0,7,medium,-0.08009219207807054,-0.07754346288239085,-0.06599569155615527,-0.06493032677273275,-0.16980129598947746,-0.16754053994968607,6.0,5.0,7.0,-1.0,2.0,1.0,1.0,0.018867924528301886,0.03329179378479429,-0.07754346288239085
4301,2,138309,1,"Private, for-profit",215.0,29.175319,-82.15319,13,12,,25123.0,0.7318019398,1,30.0,1,,10.804989466936844,10.807355,Criminal Justice and Corrections.,Rasmussen University-Florida,49266.0,49382.676,-116.67578125,56502.99999999999,10.94204901307005,50756.207,10.834789,5746.792968749993,149,47447.000000000015,10.767368577592539,38357.4,10.554703,9089.601562500015,83.0,7,medium,0.2369712736725542,0.23382743952172072,0.11322345196542681,0.11245372605740334,-0.002362686496917212,-0.0023526233295192833,1.0,2.0,3.0,1.0,1.0,2.0,1.0,0.018867924528301886,0.03329179378479429,0.11245372605740334
4301,3,132657,2,"Private, nonprofit",30.0,26.385985,-80.122806,13,11,0.7347,41024.0,0.604197901,2,21.0,1,open,10.986224492045947,10.656918,Criminal Justice and Corrections.,Lynn University,59054.99999999997,42485.477,16569.52343749997,68824.0,11.139307800301184,51674.086,10.852712,17149.9140625,21,39496.00000000002,10.5839546799387,38496.363,10.558319,999.6367187500218,24.0,20,high,0.02596704295018184,0.024537617577195626,0.3318861621131119,0.31045158840287085,0.3900044151117075,0.3736613113948498,6.0,1.0,1.0,-5.0,0.0,-5.0,2.886751345948129,0.05446700652732319,0.07156830765884883,0.31045158840287085
4301,3,132903,2,Public,124.0,28.602159,-81.200889,21,15,0.4011,31400.0,0.7045342864,2,23.0,1,mid,10.854624056835881,10.908123,Criminal Justice and Corrections.,University of Central Florida,51772.99999999996,54618.23,-2845.2304687500364,52446.99999999997,10.867558414857822,57193.58,10.954197,-4746.578125000029,197,36563.00000000003,10.506792079094383,38796.52,10.566086,-2233.519531249971,285.0,20,high,-0.057570100571802715,-0.05738880211374494,-0.08299145254780349,-0.08258402080215753,-0.05209305472424531,-0.051671359152486045,12.0,13.0,16.0,1.0,3.0,4.0,2.081665999466133,0.03927671697105911,0.07156830765884883,-0.05738880211374494
4301,3,133465,3,"Private, for-profit",173.0,26.69215,-80.200219,21,6,,20000.0,0.7772579044,1,30.0,1,,10.764286715905591,10.775202,Criminal Justice and Corrections.,South University-West Palm Beach,47300.99999999998,47820.12,-519.1210937500218,46322.00000000002,10.743372289207658,50805.027,10.835751,-4483.027343749978,122,37713.00000000002,10.537760141582941,41784.14,10.640272,-4071.140624999978,76.0,20,high,-0.09743267574980737,-0.09600019827855863,-0.08823983723928606,-0.08748229337693178,-0.01085570429092598,-0.010796139061223207,16.0,15.0,10.0,-1.0,-5.0,-6.0,3.214550253664318,0.06065189157857204,0.07156830765884883,-0.08748229337693178
4301,3,133650,2,Public,133.0,30.428504,-84.290226,12,13,0.2056,28781.0,0.8220073183,2,20.0,1,elite,10.713128048531878,10.813265,Criminal Justice and Corrections.,Florida Agricultural and Mechanical University,44942.00000000002,49675.387,-4733.386718749978,44890.99999999996,10.711992608204175,50317.97,10.8261175,-5426.968750000036,50,33776.0,10.427505770088102,38223.785,10.551213,-4447.78515625,83.0,20,high,-0.11636171399740979,-0.11481797443503539,-0.10785349418541536,-0.10523868594271674,-0.09528635872628967,-0.09457564870481985,19.0,18.0,18.0,-1.0,0.0,-1.0,0.5773502691896258,0.010893401305464638,0.07156830765884883,-0.10523868594271674
4301,3,133669,3,Public,387.0,26.372421,-80.102978,13,15,0.6613,28064.0,0.7219053052,2,23.0,1,mid,10.916124291196926,10.93487,Criminal Justice and Corrections.,Florida Atlantic University,55057.00000000004,56098.805,-1041.8046874999636,53545.000000000044,10.888277700834976,57226.426,10.954771,-3681.4257812499563,386,35647.00000000002,10.481420270828858,39361.727,10.580549,-3714.726562499978,369.0,20,high,-0.09437407570528183,-0.09415372733792862,-0.06433087041504801,-0.064186162001085,-0.018570889224883962,-0.018530895866067487,15.0,10.0,11.0,-5.0,1.0,-4.0,2.6457513110645907,0.049919836057822464,0.07156830765884883,-0.064186162001085
4301,3,133951,2,Public,452.0,25.75732,-80.373928,21,15,0.5466,23924.0,0.8131269705,2,23.0,1,mid,10.91777575929152,10.927546,Criminal Justice and Corrections.,Florida International University,55147.99999999998,55689.42,-541.4218750000218,55830.00000000004,10.930066638304407,57644.516,10.96205,-1814.5156249999636,557,36839.00000000001,10.514312345592575,38577.324,10.56042,-1738.3242187499927,598.0,20,high,-0.04506077738551662,-0.04500046633835745,-0.03147768014574177,-0.031431282319055114,-0.009722167276494498,-0.009704666201542238,9.0,7.0,9.0,-2.0,2.0,0.0,1.1547005383792517,0.021786802610929277,0.07156830765884883,-0.031431282319055114
4301,3,134097,1,Public,603.0,30.443147,-84.295064,12,15,0.2422,43729.0,0.5975318884,2,20.0,1,elite,10.919080485484145,10.992494,Criminal Justice and Corrections.,Florida State University,55219.99999999995,59426.383,-4206.382812500051,57417.00000000003,10.958095705706183,61996.6,11.034835,-4579.601562499971,593,34922.00000000002,10.460872282082073,38853.207,10.567546,-3931.207031249978,515.0,20,high,-0.10118101777513684,-0.10102020676330051,-0.07386859032721631,-0.07376726982928661,-0.07078308679449462,-0.07069164429935819,17.0,11.0,17.0,-6.0,6.0,0.0,3.4641016151377544,0.06536040783278782,0.07156830765884883,-0.07376726982928661
4301,3,134608,3,Public,68.0,27.42416,-80.358682,21,12,,21577.0,0.9122626988,1,23.0,1,,10.790843687312167,10.79353,Criminal Justice and Corrections.,Indian River State College,48574.00000000001,48704.68,-130.67968749999272,48072.99999999996,10.78047596792754,53064.727,10.879268,-4991.726562500036,104,43351.00000000002,10.677085049993375,40184.145,10.601228,3166.855468750022,82.0,20,high,0.07880858248176102,0.07774816184287674,-0.09406863816815765,-0.09309560694793097,-0.002683103314475375,-0.0026392941003023965,4.0,16.0,8.0,12.0,-8.0,4.0,6.110100926607787,0.11528492314354315,0.07156830765884883,-0.0026392941003023965
4301,3,135081,2,"Private, nonprofit",228.0,26.185869,-80.163959,12,15,0.9697,21659.0,0.7867955286,2,28.0,1,open,10.895571977794404,10.855125,Criminal Justice and Corrections.,Keiser University-Ft Lauderdale,53936.99999999996,51798.965,2138.0351562499636,52125.99999999996,10.861419143569357,49634.707,10.812446,2491.2929687499636,119,40390.00000000002,10.60633750855746,40530.297,10.609805,-140.29687499997817,117.0,20,high,-0.0034615308995310234,-0.0034307744091820968,0.05019255915384866,0.0497489438075196,0.041275634806588926,0.041111444214499,8.0,4.0,3.0,-4.0,-1.0,-5.0,2.6457513110645907,0.049919836057822464,0.07156830765884883,0.041111444214499
4301,3,136172,1,Public,163.0,30.27194,-81.509144,11,15,0.5324,37074.0,0.6143506622,2,22.0,1,mid,10.906011025007926,10.876923,Criminal Justice and Corrections.,University of North Florida,54502.999999999956,52940.43,1562.5703124999563,51654.00000000001,10.85232291588601,55847.17,10.930374,-4193.171874999993,172,36684.0,10.510095971678835,38929.535,10.569509,-2245.53515625,161.0,20,high,-0.05768204390926274,-0.0573289805822112,-0.07508297616905946,-0.07465122535320032,0.029515633358542643,0.029342029959555732,11.0,12.0,5.0,1.0,-7.0,-6.0,3.7859388972001824,0.07143280938113551,0.07156830765884883,-0.0573289805822112
4301,3,136516,2,Public,23.0,28.032411,-81.711873,13,12,,23968.0,0.8981884889,1,24.0,1,,10.809707746332515,10.810736,Criminal Justice and Corrections.,Polk State College,49498.99999999996,49549.91,-50.91015625003638,55634.00000000002,10.926549804133506,54313.586,10.90253,1320.4140625000218,60,40807.99999999996,10.616633419602762,40781.117,10.615974,26.88281249996362,61.0,20,high,0.0006591975491099001,0.0006466801487176658,0.024310935094940245,0.02383368628133745,-0.001027452039559648,-0.0009694722577080579,7.0,5.0,7.0,-2.0,2.0,0.0,1.1547005383792517,0.021786802610929277,0.07156830765884883,0.0006466801487176658
4301,3,137032,2,"Private, nonprofit",474.0,28.336776,-82.257801,31,12,0.784,22361.0,0.7686491935,2,30.0,1,open,10.901966381397214,10.94547,Criminal Justice and Corrections.,Saint Leo University,54283.00000000003,56696.613,-2413.613281249971,60388.99999999996,11.008562248131891,52692.863,10.872235,7696.136718749964,469,47852.999999999985,10.775889090840558,40120.043,10.599631,7732.957031249985,328.0,20,high,0.19274548228358782,0.19222973338624702,0.14605652909145522,0.1457941179743041,-0.042570678239226875,-0.042498132056795146,2.0,3.0,15.0,1.0,12.0,13.0,7.234178138070234,0.13649392713340064,0.07156830765884883,0.1457941179743041
4301,3,137564,2,"Private, nonprofit",17.0,28.029733,-81.918382,12,13,0.5298,39372.0,0.6645474944,2,23.0,1,mid,10.675931008412125,10.716194,Criminal Justice and Corrections.,Southeastern University,43300.99999999999,45080.004,-1779.0039062500073,48342.99999999999,10.786076712737268,50796.45,10.835582,-2453.4492187500073,29,41291.00000000003,10.628399837526073,35529.17,10.478109,5761.828125000029,26.0,20,high,0.16217175410875037,0.15400534781519265,-0.048299620475133316,-0.04611911995557175,-0.039463259806935415,-0.036366118071172814,3.0,9.0,13.0,6.0,4.0,10.0,5.033222956847166,0.09496647088390879,0.07156830765884883,-0.036366118071172814
4301,3,138309,3,"Private, for-profit",178.0,29.175319,-82.15319,13,12,,25123.0,0.7318019398,1,30.0,1,,10.71521744892302,10.962367,Criminal Justice and Corrections.,Rasmussen University-Florida,45035.99999999997,57662.777,-12626.77734375003,60482.99999999998,11.01011761279782,59068.664,10.986456,1414.3359374999782,75,39317.00000000001,10.579412274300488,42522.812,10.657796,-3205.8124999999927,54.0,20,high,-0.07539041543877166,-0.0737414298010493,0.023943929661308788,0.02358129779816918,-0.21897622565900618,-0.21781397707428096,13.0,6.0,20.0,-7.0,14.0,7.0,7.0,0.1320754716981132,0.07156830765884883,-0.0737414298010493
4301,3,138354,2,Public,89.0,30.549076,-87.218511,41,12,0.5824,34583.0,0.6786062378,2,24.0,1,mid,10.78810184154973,10.755954,Criminal Justice and Corrections.,University of West Florida,48440.999999999985,46908.48,1532.5195312499854,46630.99999999999,10.750020834993819,52727.7,10.872896,-6096.699218750007,52,36369.00000000002,10.501472042414694,38372.11,10.555086,-2003.1093749999782,42.0,20,high,-0.05220222207291616,-0.05067636361361203,-0.11562611889164354,-0.11294706347358881,0.03267041515597453,0.032280744524880806,10.0,19.0,4.0,9.0,-15.0,-6.0,7.54983443527075,0.1424497063258632,0.07156830765884883,-0.05067636361361203
4301,3,386472,3,"Private, nonprofit",75.0,28.615784,-81.312669,21,6,0.942,18321.0,0.8203449578,2,31.0,1,open,11.065903717556399,10.949797,Criminal Justice and Corrections.,Herzing University-Orlando,63953.000000000044,56942.47,7010.531250000044,69601.00000000001,11.150534214035387,54209.99,10.90062,15391.011718750015,100,67229.00000000003,11.115859981040396,45012.777,10.714702,22216.22265625003,73.0,20,high,0.49355369668907445,0.4859487046684086,0.2839146844839554,0.2808403343589441,0.12311603981869935,0.12132282257174723,1.0,2.0,2.0,1.0,0.0,1.0,0.5773502691896257,0.010893401305464637,0.07156830765884883,0.2808403343589441
4301,3,433660,1,Public,122.0,26.463638,-81.7726,21,16,0.6344,43546.0,0.5981697171,2,21.0,1,mid,10.882114381992654,10.92016,Criminal Justice and Corrections.,Florida Gulf Coast University,53215.999999999985,55279.66,-2063.6601562500146,54214.99999999996,10.900712901906282,56848.055,10.948137,-2633.0546875000364,152,40078.999999999985,10.598607785347687,38994.67,10.57118,1084.3281249999854,91.0,20,high,0.027807084221041042,0.027475736728119128,-0.04631741054244032,-0.046009770007334326,-0.03733127429540997,-0.03702327844171177,5.0,8.0,14.0,3.0,6.0,9.0,4.58257569495584,0.08646369235765736,0.07156830765884883,-0.03702327844171177
4301,3,449038,3,"Private, for-profit",375.0,27.997442,-82.35991,21,6,,18178.0,0.8626386594,1,33.0,5,,10.913796721182786,10.944149,Criminal Justice and Corrections.,Strayer University-Florida,54928.99999999997,56621.78,-1692.781250000029,53915.99999999998,10.89518255885816,67591.195,11.121233,-13675.195312500022,474,43404.99999999997,10.678329920825908,54683.535,10.909318,-11278.53515625003,406.0,20,high,-0.2062510246278575,-0.20581980848691522,-0.2023221404692483,-0.20196305541810183,-0.029896291014335215,-0.02982952003330941,20.0,20.0,12.0,0.0,-8.0,-8.0,4.618802153517007,0.08714721044371711,0.07156830765884883,-0.20196305541810183
4301,3,449898,3,"Private, for-profit",173.0,27.982269,-82.500357,11,6,,20000.0,0.7772579044,1,30.0,1,,10.764286715905591,10.756304,Criminal Justice and Corrections.,South University-Tampa,47300.99999999998,46924.9,376.1015624999782,46322.00000000002,10.743372289207658,51194.508,10.843388,-4872.507812499978,122,37713.00000000002,10.537760141582941,42342.49,10.653546,-4629.488281249978,76.0,20,high,-0.10933434640164964,-0.10772688784784534,-0.09517637771507735,-0.09435928327072053,0.008014968066492753,0.007970989951287451,18.0,17.0,6.0,-1.0,-11.0,-12.0,6.658328118479393,0.1256288324241395,0.07156830765884883,-0.09435928327072053
4301,3,482459,2,"Private, for-profit",251.0,28.53732,-81.379188,11,6,,22648.0,0.7560557866,2,31.0,1,,10.834666896904034,10.962363,Criminal Justice and Corrections.,DeVry University-Florida,50750.000000000015,57662.555,-6912.554687499985,58145.0,10.970695169727144,63723.836,11.062314,-5578.8359375,154,43091.00000000002,10.67106943758126,47154.85,10.761192,-4063.851562499978,107.0,20,high,-0.08618098515512591,-0.08533102118432842,-0.08754708274265995,-0.08697439475597708,-0.11987943865758828,-0.11945299467382267,14.0,14.0,19.0,0.0,5.0,5.0,2.8867513459481287,0.054467006527323183,0.07156830765884883,-0.08697439475597708
4301,5,132903,3,Public,22.0,28.602159,-81.200889,21,15,0.4011,31400.0,0.7045342864,2,23.0,1,mid,10.93885825645874,11.064154,Criminal Justice and Corrections.,University of Central Florida,56323.00000000002,63841.176,-7518.175781249978,60329.00000000003,11.007568195796024,68911.43,11.140577,-8582.42968749997,37,45982.99999999997,10.736027041947786,56225.473,10.937125,-10242.47265625003,67.0,10,medium,-0.18216783554440213,-0.17906611591506616,-0.12454290567500383,-0.12027635025385176,-0.11776374243185615,-0.11078344317442514,9.0,7.0,6.0,-2.0,-1.0,-3.0,1.5275252316519465,0.028821230785885783,0.03677211499696792,-0.12027635025385176
4301,5,133465,3,"Private, for-profit",83.0,26.69215,-80.200219,21,6,,20000.0,0.7772579044,1,30.0,1,,10.655775902199244,10.886297,Criminal Justice and Corrections.,South University-West Palm Beach,42437.00000000004,53439.062,-11002.062499999964,55949.999999999956,10.93221371374007,67795.58,11.124252,-11845.578125000044,61,41897.99999999996,10.64299337207409,41883.004,10.642635,14.99609374996362,57.0,10,medium,0.0003580472351871071,0.00035069149830212984,-0.17472493712140674,-0.17136007197174302,-0.20588052980906923,-0.20321637020723085,3.0,9.0,8.0,6.0,-1.0,5.0,3.2145502536643185,0.060651891578572044,0.03677211499696792,-0.17136007197174302
4301,5,133669,1,Public,24.0,26.372421,-80.102978,13,15,0.6613,28064.0,0.7219053052,2,23.0,1,mid,10.929457461212126,11.109501,Criminal Justice and Corrections.,Florida Atlantic University,55795.999999999985,66802.84,-11006.843750000015,60143.99999999999,11.004496965803959,73281.44,11.202063,-13137.437500000007,30,48277.99999999999,10.784731249332715,55993.08,10.932983,-7715.078125000007,18.0,10,medium,-0.13778628329338713,-0.12739777371043756,-0.17927374173029845,-0.17148333092394988,-0.16476609575471873,-0.15589731946583527,7.0,10.0,7.0,3.0,-3.0,0.0,1.7320508075688772,0.03268020391639391,0.03677211499696792,-0.15589731946583527
4301,5,133951,3,Public,28.0,25.75732,-80.373928,21,15,0.5466,23924.0,0.8131269705,2,23.0,1,mid,11.1054533441588,11.01816,Criminal Justice and Corrections.,Florida International University,66532.99999999994,60971.383,5561.617187499942,63082.99999999997,11.052206598601773,69303.17,11.146246,-6220.171875000029,23,47591.000000000015,10.77039894671221,49800.75,10.815785,-2209.7499999999854,25.0,10,medium,-0.044371821709512115,-0.04203755655938416,-0.08975306189764534,-0.08450744300616456,0.09121684519773973,0.08708495801126989,5.0,6.0,3.0,1.0,-3.0,-2.0,1.5275252316519465,0.028821230785885783,0.03677211499696792,-0.04203755655938416
4301,5,134097,2,Public,59.0,30.443147,-84.295064,12,15,0.2422,43729.0,0.5975318884,2,20.0,1,elite,11.129510456698723,10.997558,Criminal Justice and Corrections.,Florida State University,68153.0,59728.086,8424.9140625,72704.99999999997,11.194165436947586,69255.14,11.145553,3449.859374999971,85,57568.0,10.96072213675026,56702.73,10.945578,865.26953125,77.0,10,medium,0.01525975070507173,0.015038790934226389,0.049813766080992215,0.049161735449774424,0.1410544793167473,0.13833762613306735,2.0,4.0,2.0,2.0,-2.0,0.0,1.1547005383792515,0.021786802610929273,0.03677211499696792,0.049161735449774424
4301,5,135081,2,"Private, nonprofit",38.0,26.185869,-80.163959,12,15,0.9697,21659.0,0.7867955286,2,28.0,1,open,11.021935147705008,10.776956,Criminal Justice and Corrections.,Keiser University-Ft Lauderdale,61201.999999999985,47904.062,13297.937499999985,64691.00000000004,11.077377367258327,56335.02,10.939072,8355.980468750036,35,39520.00000000003,10.584562151861805,48537.89,10.7901,-9017.89062499997,32.0,10,medium,-0.18579074015950753,-0.17838398166312378,0.14832657445187947,0.14291321822739309,0.2775951935182947,0.26870780902046965,8.0,1.0,1.0,-7.0,0.0,-7.0,4.041451884327381,0.07625380913825246,0.03677211499696792,0.14291321822739309
4301,5,136215,3,"Private, nonprofit",65.0,26.082288,-80.249891,21,16,0.7321,31002.0,0.6566484517,2,24.0,1,open,10.911408975919734,11.15303,Criminal Justice and Corrections.,Nova Southeastern University,54798.00000000001,69774.95,-14976.953124999993,61713.00000000003,11.030249884620584,64366.383,11.072347,-2653.382812499971,55,52702.99999999998,10.872427658905435,57901.816,10.966504,-5198.816406250022,55.0,10,medium,-0.08978675849776717,-0.08786419331452253,-0.04122311518155844,-0.04032798986633956,-0.21464655229748666,-0.2109527411357236,6.0,5.0,9.0,-1.0,4.0,3.0,2.0816659994661326,0.039276716971059104,0.03677211499696792,-0.08786419331452253
4301,5,137032,1,"Private, nonprofit",164.0,28.336776,-82.257801,31,12,0.784,22361.0,0.7686491935,2,30.0,1,open,11.08049503863161,11.1606045,Criminal Justice and Corrections.,Saint Leo University,64892.99999999997,70305.445,-5412.445312500029,62657.99999999996,11.045446645707603,58591.836,10.978351,4066.1640624999636,267,54698.000000000015,10.90958242467033,56236.09,10.937314,-1538.0898437499854,238.0,10,medium,-0.027350583015702444,-0.027244397939758313,0.06939813367236601,0.06915889395909308,-0.07698472413398852,-0.0765351401838871,4.0,2.0,5.0,-2.0,3.0,1.0,1.5275252316519465,0.028821230785885783,0.03677211499696792,-0.027244397939758313
4301,5,137351,3,Public,37.0,28.061458,-82.413232,11,15,0.4319,32495.0,0.6858996244,2,22.0,1,mid,10.982713127404047,10.992166,Criminal Justice and Corrections.,University of South Florida,58847.99999999995,59406.895,-558.8945312500509,70885.0,11.168814124551732,66480.62,11.104666,4404.3828125,26,58306.000000000044,10.973460282995074,51898.598,10.857047,6407.402343750044,31.0,10,medium,0.12346002846145147,0.11835808423492479,0.0662506306173122,0.06287081449280127,-0.00940790687107965,-0.00909736782231838,1.0,3.0,4.0,2.0,1.0,3.0,1.5275252316519465,0.028821230785885783,0.03677211499696792,0.06287081449280127
4301,5,449898,3,"Private, for-profit",83.0,27.982269,-82.500357,11,6,,20000.0,0.7772579044,1,30.0,1,,10.655775902199244,10.932637,Criminal Justice and Corrections.,South University-Tampa,42437.00000000004,55973.695,-13536.695312499964,55949.999999999956,10.93221371374007,66753.93,11.108768,-10803.929687500044,61,41897.99999999996,10.64299337207409,53538.785,10.888162,-11640.785156250036,57.0,10,medium,-0.21742714412135136,-0.21296031207620816,-0.16184709631443814,-0.15873023353036791,-0.24184030082210706,-0.2387108103348608,10.0,8.0,10.0,-2.0,2.0,0.0,1.1547005383792517,0.021786802610929277,0.03677211499696792,-0.21296031207620816
4302,1,133386,1,Public,24.0,29.20278,-81.049513,13,12,,21285.0,0.8535849057,1,25.0,1,,10.867482144479293,10.801543,Fire Protection.,Daytona State College,52442.999999999985,49096.508,3346.4921874999854,61737.00000000005,11.03063870601066,52737.906,10.87309,8999.093750000051,34,42695.99999999998,10.66186051801378,41012.516,10.621633,1683.4843749999782,32.0,4,low,0.0410480642151533,0.039411636597045586,0.17063805505172194,0.16420184526393491,0.06816151161464007,0.0644926184770477,2.0,1.0,3.0,-1.0,2.0,1.0,1.0,0.3333333333333333,0.32389594549567735,0.0644926184770477
4302,1,134495,1,Public,28.0,27.934888,-82.456253,11,5,,22087.0,0.8303442291,1,24.0,1,,11.127674664112304,10.932271,Fire Protection.,Hillsborough Community College,68027.99999999997,55953.207,12074.79296874997,69089.99999999999,11.14316528148284,71246.54,11.173902,-2156.5390625000146,63,50331.00000000004,10.82637646843851,53874.164,10.894406,-3543.1640624999636,28.0,4,low,-0.06576740677385733,-0.06271930557820402,-0.030268685200388775,-0.02970719877059753,0.21580162441817088,0.2060263689286847,4.0,4.0,1.0,0.0,-3.0,-3.0,1.7320508075688772,0.5773502691896257,0.32389594549567735,-0.02970719877059753
4302,1,134608,1,Public,44.0,27.42416,-80.358682,21,12,,21577.0,0.9122626988,1,23.0,1,,10.900196306260026,11.073956,Fire Protection.,Indian River State College,54186.999999999985,64470.02,-10283.019531250015,62175.999999999985,11.037724352177166,62497.93,11.042889,-321.92968750001455,27,47205.99999999999,10.762276282138824,49233.984,10.804339,-2027.9843750000073,22.0,4,low,-0.04119074254794166,-0.038694537125022,-0.005151045628386673,-0.004899103973012773,-0.15950079751822652,-0.15518610226830348,3.0,3.0,4.0,0.0,1.0,1.0,0.5773502691896258,0.1924500897298753,0.32389594549567735,-0.038694537125022
4302,1,136358,1,Public,34.0,26.61256,-80.08653,21,15,,21408.0,0.9218037494,1,23.0,1,,11.141470402652047,10.956417,Fire Protection.,Palm Beach State College,68973.00000000004,57320.703,11652.296875000044,66688.99999999996,11.107795300762092,60675.844,11.013301,6013.156249999956,30,46698.000000000015,10.751456616187443,40850.285,10.617669,5847.714843750015,27.0,4,low,0.14314991489980647,0.13623924685086589,0.09910296879884685,0.09479641039480993,0.20328251817828769,0.19589233005668255,1.0,2.0,2.0,1.0,0.0,1.0,0.5773502691896257,0.19245008972987523,0.32389594549567735,0.13623924685086589
4303,3,133553,1,"Private, nonprofit",48.0,29.189903,-81.048367,13,13,0.6481,38662.0,0.6700304341,2,25.0,1,mid,11.171631623069798,11.176284,Homeland Security.,Embry-Riddle Aeronautical University-Daytona Beach,71084.99999999999,71416.48,-331.47656250001455,71014.0,11.170632319684012,85469.6,11.355916,-14455.6015625,74,48675.999999999985,10.79294137445669,53753.15,10.892158,-5077.148437500015,61.0,3,low,-0.09445304293949087,-0.09265948870323054,-0.16913149585621132,-0.1665296361774517,-0.004641457804347481,-0.004527899221015833,2.0,2.0,2.0,0.0,0.0,0.0,0.0,0.0,0.0,-0.09265948870323054
4303,3,135081,2,"Private, nonprofit",19.0,26.185869,-80.163959,12,15,0.9697,21659.0,0.7867955286,2,28.0,1,open,10.942367529494035,10.805316,Homeland Security.,Keiser University-Ft Lauderdale,56521.00000000002,49282.09,7238.910156250022,67744.00000000006,11.123491173934593,58734.55,10.980783,9009.449218750058,22,54837.00000000002,10.912120427584714,46359.816,10.744188,8477.183593750022,28.0,3,low,0.18285628052243905,0.17438149833725008,0.15339266409484775,0.14397817101084984,0.14688723995271208,0.13666397440220127,1.0,1.0,1.0,0.0,0.0,0.0,0.0,0.0,0.0,0.14397817101084984
4303,3,426314,3,"Private, nonprofit",48.0,29.189903,-81.048367,13,12,0.5791,38662.0,0.6700304341,2,25.0,2,mid,11.171631623069798,11.249741,Homeland Security.,Embry-Riddle Aeronautical University-Worldwide,71084.99999999999,76859.984,-5774.984375000015,71014.0,11.170632319684012,89981.055,11.407354,-18967.0546875,74,48675.999999999985,10.79294137445669,58703.473,10.980254,-10027.472656250015,61.0,3,low,-0.17081566392107497,-0.16757207167554475,-0.21078942398899073,-0.2075467133382661,-0.07513642400477023,-0.07329812530073036,3.0,3.0,3.0,0.0,0.0,0.0,0.0,0.0,0.0,-0.16757207167554475
4399,3,133508,1,Public,26.0,26.552403,-81.887102,21,12,,25854.0,0.8308977035,1,23.0,1,,11.014143688692364,10.873067,"Homeland Security, Law Enforcement, Firefighting and Related Protective Services, Other.",Florida SouthWestern State College,60727.000000000044,52736.703,7990.296875000044,55413.999999999956,10.92258754839142,57124.566,10.95299,-1710.5664062500437,16,48872.99999999999,10.796980375734279,40774.62,10.615815,8098.378906249993,16.0,4,low,0.1986132228581598,0.1816309017121595,-0.02994449698025,-0.027353238766057855,0.15151301468468586,0.14405446075128825,1.0,3.0,2.0,2.0,-1.0,1.0,1.0,0.3333333333333333,0.3238959454956774,0.14405446075128825
4399,3,133669,3,Public,47.0,26.372421,-80.102978,13,15,0.6613,28064.0,0.7219053052,2,23.0,1,mid,10.937916812427325,10.955171,"Homeland Security, Law Enforcement, Firefighting and Related Protective Services, Other.",Florida Atlantic University,56270.000000000015,57249.3,-979.3007812499854,56162.00000000002,10.935995650601194,60326.594,11.007528,-4164.593749999978,54,37561.0,10.533721557035943,45538.812,10.72632,-7977.8125,61.0,4,low,-0.17518710001495977,-0.17186049924497415,-0.06903412725834497,-0.0675029292988563,-0.017105899423853245,-0.016677076645229598,4.0,4.0,3.0,0.0,-1.0,-1.0,0.5773502691896258,0.1924500897298753,0.3238959454956774,-0.0675029292988563
4399,3,133702,1,Public,30.0,30.334918,-81.659901,11,15,,25081.0,0.8159581286,1,25.0,1,,10.679135954607817,10.960793,"Homeland Security, Law Enforcement, Firefighting and Related Protective Services, Other.",Florida State College at Jacksonville,43440.00000000001,57572.05,-14132.050781249993,55284.00000000004,10.920238814723918,55307.34,10.920661,-23.33984374996362,36,50091.00000000003,10.821596630217067,46415.816,10.745396,3675.183593750029,40.0,4,low,0.07917955296925806,0.07673189427650569,-0.00042200264586764673,-0.00040708716185117546,-0.24546721177166236,-0.23518092796145704,2.0,2.0,4.0,0.0,2.0,2.0,1.1547005383792515,0.38490017945975047,0.3238959454956774,-0.00040708716185117546
4399,3,137078,3,Public,40.0,27.773264,-82.636587,11,15,,22640.0,0.8076387681,1,26.0,1,,11.030849254490224,10.840191,"Homeland Security, Law Enforcement, Firefighting and Related Protective Services, Other.",St Petersburg College,61750.000000000044,51031.117,10718.882812500044,63161.999999999985,11.05345813347938,55013.438,10.915333,8148.562499999985,73,49270.99999999996,10.805090951658405,47100.562,10.76004,2170.4374999999636,60.0,4,low,0.046080925254341994,0.045188942824695766,0.14811949353282977,0.14580449029681483,0.21004601512282037,0.20370549475067953,3.0,1.0,1.0,-2.0,0.0,-2.0,1.1547005383792517,0.3849001794597506,0.3238959454956774,0.14580449029681483
4400,3,134608,1,Public,87.0,27.42416,-80.358682,21,12,,21577.0,0.9122626988,1,23.0,1,,10.578343463123822,10.518137,"Human Services, General.",Indian River State College,39275.000000000015,36980.164,2294.8359375000146,44549.000000000015,10.704344985957912,44811.125,10.710212,-262.12499999998545,136,36107.00000000002,10.494242031340844,36608.39,10.508033,-501.3906249999782,124.0,4,low,-0.013696057555110788,-0.013582349825134414,-0.005849551869094682,-0.005805314396044719,0.062055861451061255,0.061295787538568444,2.0,2.0,1.0,0.0,-1.0,-1.0,0.5773502691896257,0.19245008972987523,0.3238959454956774,-0.005805314396044719
4400,3,137032,3,"Private, nonprofit",104.0,28.336776,-82.257801,31,12,0.784,22361.0,0.7686491935,2,30.0,1,open,10.581850990103325,10.730906,"Human Services, General.",Saint Leo University,39413.00000000002,45748.098,-6335.097656249978,38043.00000000002,10.54647237790301,44991.23,10.714223,-6948.230468749978,75,36312.000000000015,10.499903544136302,37282.684,10.526284,-970.6835937499854,43.0,4,low,-0.026035775866539528,-0.02529505811335532,-0.15443521762704576,-0.15209628949391804,-0.13847783800436325,-0.13710101021503618,3.0,4.0,3.0,1.0,-1.0,0.0,0.5773502691896258,0.1924500897298753,0.3238959454956774,-0.13710101021503618
4400,3,137351,1,Public,89.0,28.061458,-82.413232,11,15,0.4319,32495.0,0.6858996244,2,22.0,1,mid,10.706430398918958,10.799417,"Human Services, General.",University of South Florida,44642.0,48992.207,-4350.20703125,43976.00000000003,10.691399309540497,48475.86,10.788821,-4499.859374999971,92,33351.00000000003,10.414843035901725,37046.594,10.519932,-3695.593749999971,54.0,4,low,-0.09975529126749935,-0.09757338204694979,-0.09282680973615996,-0.09171890995429464,-0.08879385712252547,-0.08773478400769076,4.0,3.0,2.0,-1.0,-1.0,-2.0,1.0,0.3333333333333333,0.3238959454956774,-0.09171890995429464
4400,3,137564,3,"Private, nonprofit",19.0,28.029733,-81.918382,12,13,0.5298,39372.0,0.6645474944,2,23.0,1,mid,10.431789570603355,10.661443,"Human Services, General.",Southeastern University,33921.00000000001,42678.164,-8757.164062499993,48006.00000000001,10.77908128207818,46498.71,10.74718,1507.2890625000073,16,32372.999999999996,10.385080021031843,31835.965,10.368352,537.0351562499964,17.0,4,low,0.016868819867271165,0.015516583145044944,0.03241571716957895,0.02961061099464465,-0.20519073992207282,-0.19090958504841277,1.0,1.0,4.0,0.0,3.0,3.0,1.7320508075688772,0.5773502691896257,0.3238959454956774,0.015516583145044944
4404,3,132471,2,"Private, nonprofit",89.0,25.878908,-80.198925,21,13,0.7724,28822.0,0.7126805778,2,26.0,1,open,11.19124528445721,10.999153,Public Administration.,Barry University,72492.99999999997,59823.453,12669.54687499997,97701.99999999994,11.489677308650418,63886.184,11.064858,33815.81640624994,70,103107.00000000001,11.543522562947606,48220.28,10.783535,54886.718750000015,40.0,6,medium,1.138249660250582,1.1030632191687983,0.5293134525186781,0.5206265639240637,0.21178227289098786,0.2092562770767962,1.0,1.0,1.0,0.0,0.0,0.0,0.0,0.0,0.055204637171269576,0.5206265639240637
4404,3,132903,1,Public,25.0,28.602159,-81.200889,21,15,0.4011,31400.0,0.7045342864,2,23.0,1,mid,10.893957682584535,10.957217,Public Administration.,University of Central Florida,53850.00000000002,57366.582,-3516.582031249978,55259.0,10.9197865020415,61236.348,11.022496,-5977.34765625,39,38681.00000000003,10.563103802387129,40907.363,10.619065,-2226.363281249971,59.0,6,medium,-0.05442451193793833,-0.053350266961072965,-0.09761110655723326,-0.09446231295673464,-0.06130018395264245,-0.05814731660372963,5.0,6.0,5.0,1.0,-1.0,0.0,0.5773502691896258,0.03849001794597506,0.055204637171269576,-0.05814731660372963
4404,3,133669,3,Public,45.0,26.372421,-80.102978,13,15,0.6613,28064.0,0.7219053052,2,23.0,1,mid,11.001783124388094,10.878064,Public Administration.,Florida Atlantic University,59980.99999999996,53000.9,6980.101562499964,57679.00000000002,10.962648434776643,59919.44,11.000756,-2240.441406249978,40,46046.99999999996,10.737417892981517,48997.766,10.79953,-2950.7656250000364,36.0,6,medium,-0.06022245274577327,-0.058122475463763486,-0.037390892733126936,-0.03621915928659043,0.13169779698604686,0.12822633990079257,6.0,5.0,2.0,-1.0,-3.0,-4.0,2.0816659994661326,0.13877773329774218,0.055204637171269576,-0.03621915928659043
4404,3,133711,1,"Private, nonprofit",36.0,29.892733,-81.314887,23,10,0.8076,53601.0,0.5154411765,2,22.0,1,open,10.809182345196879,10.761624,Public Administration.,Flagler College,49472.999999999956,47175.234,2297.7656249999563,70202.00000000004,11.15913207963656,50696.074,10.833604,19505.925781250044,48,61612.999999999985,11.02862816621706,35665.68,10.481944,25947.320312499985,36.0,6,medium,0.7275150940581661,0.7021463968333824,0.3847620566650456,0.3749839303645975,0.048707031463475506,0.047048125474168694,2.0,2.0,3.0,0.0,1.0,1.0,0.5773502691896258,0.03849001794597506,0.055204637171269576,0.3749839303645975
4404,3,133951,2,Public,84.0,25.75732,-80.373928,21,15,0.5466,23924.0,0.8131269705,2,23.0,1,mid,10.968301732454014,11.009601,Public Administration.,Florida International University,58005.99999999998,60451.742,-2445.742187500022,62424.00000000003,11.041705095796598,59310.547,10.990542,3113.453125000029,115,46280.999999999985,10.742486788680049,40390.69,10.606355,5890.308593749985,100.0,6,medium,0.14583331922955217,0.1442767705432799,0.05249408897816758,0.05201123650213088,-0.040457761827842637,-0.03994149596341431,3.0,3.0,4.0,0.0,1.0,1.0,0.5773502691896258,0.03849001794597506,0.055204637171269576,0.05201123650213088
4404,3,134608,3,Public,18.0,27.42416,-80.358682,21,12,,21577.0,0.9122626988,1,23.0,1,,10.569854317561104,10.745334,Public Administration.,Indian River State College,38942.99999999999,46412.94,-7469.941406250007,56031.999999999985,10.933678235085578,53440.59,10.886326,2591.4101562499854,30,38520.99999999999,10.558958826115072,40605.9,10.611669,-2084.8984375000073,19.0,6,medium,-0.051344718814904496,-0.04769305520466825,0.04849142129281825,0.04638420754913965,-0.16094522734221925,-0.14906769184636473,4.0,4.0,6.0,0.0,2.0,2.0,1.1547005383792517,0.07698003589195011,0.055204637171269576,-0.04769305520466825
4404,5,132471,2,"Private, nonprofit",144.0,25.878908,-80.198925,21,13,0.7724,28822.0,0.7126805778,2,26.0,1,open,11.219962808074522,11.210168,Public Administration.,Barry University,74604.99999999999,73877.82,727.1796874999854,81624.99999999996,11.309890866578732,85108.54,11.351683,-3483.5390625000437,111,66107.00000000004,11.099029920384039,58993.453,10.985182,7113.546875000044,140.0,10,medium,0.1205819713575216,0.11971314796422389,-0.04093054705053607,-0.04053817122827474,0.009843004090050934,0.009776096531076707,1.0,7.0,4.0,6.0,-3.0,3.0,3.0,0.2,0.13551934511368774,0.009776096531076707
4404,5,132903,3,Public,31.0,28.602159,-81.200889,21,15,0.4011,31400.0,0.7045342864,2,23.0,1,mid,11.06624766102799,11.140633,Public Administration.,University of Central Florida,63975.000000000044,68915.24,-4940.242187499956,79042.99999999996,11.277747287167045,79722.516,11.286307,-679.5156250000437,23,59742.0,10.99779056961614,56836.617,10.947936,2905.3828125,56.0,10,medium,0.05111815157674403,0.05004620253861176,-0.008523509571578998,-0.00802535294176529,-0.0716857698048695,-0.06879125121369005,3.0,4.0,7.0,1.0,3.0,4.0,2.0816659994661326,0.13877773329774218,0.13551934511368774,-0.00802535294176529
4404,5,133669,1,Public,63.0,26.372421,-80.102978,13,15,0.6613,28064.0,0.7219053052,2,23.0,1,mid,11.085874039736575,11.161393,Public Administration.,Florida Atlantic University,65243.0,70360.914,-5117.9140625,73083.99999999996,11.199364743531556,74139.46,11.213703,-1055.4609375000437,23,58262.99999999996,10.97272252249356,66044.84,11.098089,-7781.843750000036,16.0,10,medium,-0.11782666606732696,-0.10775195777790517,-0.014236156078741973,-0.013404123748147166,-0.07273802693856242,-0.07143991978880118,8.0,5.0,9.0,-3.0,4.0,1.0,2.0816659994661326,0.13877773329774218,0.13551934511368774,-0.07143991978880118
4404,5,133951,3,Public,66.0,25.75732,-80.373928,21,15,0.5466,23924.0,0.8131269705,2,23.0,1,mid,11.235457714925419,11.185898,Public Administration.,Florida International University,75769.99999999997,72106.38,3663.617187499971,79414.00000000003,11.282429954110393,75108.31,11.2266865,4305.687500000029,119,59096.00000000002,10.986918519208574,55352.35,10.921474,3743.648437500022,119.0,10,medium,0.06763305138487126,0.06704389588771549,0.05732637782269478,0.056819711867016856,0.05080850050440839,0.04994955343999082,2.0,3.0,3.0,1.0,0.0,1.0,0.5773502691896258,0.03849001794597506,0.13551934511368774,0.056819711867016856
4404,5,134097,2,Public,57.0,30.443147,-84.295064,12,15,0.2422,43729.0,0.5975318884,2,20.0,1,elite,11.190748561439063,11.079121,Public Administration.,Florida State University,72456.99999999999,64803.867,7653.132812499985,79920.99999999994,11.288793925756666,75307.84,11.22934,4613.156249999942,46,56061.00000000004,10.934195662590366,56983.1,10.95051,-922.1015624999636,36.0,10,medium,-0.016182017777473686,-0.015617745348165195,0.06125731424888847,0.05962230535833787,0.11809685354666914,0.1157292040186115,5.0,2.0,2.0,-3.0,0.0,-3.0,1.7320508075688772,0.11547005383792515,0.13551934511368774,0.05962230535833787
4404,5,136172,1,Public,17.0,30.27194,-81.509144,11,15,0.5324,37074.0,0.6143506622,2,22.0,1,mid,11.112850802271053,11.1164875,Public Administration.,University of North Florida,67027.00000000001,67271.2,-244.20312499998545,67442.0,11.119023248226517,69124.02,11.143658,-1682.0234375,20,53301.99999999998,10.883729132902106,56492.438,10.941862,-3190.437500000022,20.0,10,medium,-0.05647547957193424,-0.052676585336157,-0.024333413390220816,-0.022676015027625313,-0.003630128697805796,-0.003345230208649865,7.0,6.0,5.0,-1.0,-1.0,-2.0,1.0,0.06666666666666667,0.13551934511368774,-0.022676015027625313
4404,5,136215,2,"Private, nonprofit",39.0,26.082288,-80.249891,21,16,0.7321,31002.0,0.6566484517,2,24.0,1,open,11.08246557362274,11.299626,Public Administration.,Nova Southeastern University,65020.99999999997,80791.445,-15770.44531250003,71298.00000000003,11.174623555518082,86781.195,11.371145,-15483.19531249997,31,66078.00000000003,11.098591141393,67378.04,11.118074,-1300.039062499971,30.0,10,medium,-0.019294700181079063,-0.0184672703373086,-0.17841647901650606,-0.17094482272399902,-0.19519944533112638,-0.18913336365723268,6.0,9.0,10.0,3.0,1.0,4.0,2.081665999466133,0.1387777332977422,0.13551934511368774,-0.17094482272399902
4404,5,137351,1,Public,30.0,28.061458,-82.413232,11,15,0.4319,32495.0,0.6858996244,2,22.0,1,mid,11.171955127042576,11.179563,Public Administration.,University of South Florida,71108.0,71651.016,-543.015625,62465.00000000004,11.04236167886593,72058.67,11.185236,-9593.671874999964,24,56031.00000000005,10.933660387981718,54558.414,10.907027,1472.585937500051,29.0,10,medium,0.026990996032493057,0.025788442887605456,-0.13313695111730733,-0.12571322419598271,-0.00757861727797386,-0.007261035929134975,4.0,8.0,6.0,4.0,-2.0,2.0,2.0,0.13333333333333333,0.13551934511368774,-0.007261035929134975
4404,5,433660,3,Public,24.0,26.463638,-81.7726,21,16,0.6344,43546.0,0.5981697171,2,21.0,1,mid,11.150663514162712,11.025324,Public Administration.,Florida Gulf Coast University,69610.0,61409.75,8200.25,85052.00000000003,11.351018113126592,73411.4,11.203835,11640.60156250003,20,54883.00000000002,10.912958925628738,64034.777,11.067182,-9151.777343749978,31.0,10,medium,-0.1429188594600965,-0.13701278557552837,0.15856667779473574,0.14776637830839973,0.13353335585961512,0.12634572751412235,9.0,1.0,1.0,-8.0,0.0,-8.0,4.618802153517007,0.30792014356780045,0.13551934511368774,0.12634572751412235
4404,5,449038,3,"Private, for-profit",174.0,27.997442,-82.35991,21,6,,18178.0,0.8626386594,1,33.0,5,,11.016298560604051,11.087982,Public Administration.,Strayer University-Florida,60858.00000000003,65380.688,-4522.687499999971,62227.00000000003,11.038544268141527,82073.9,11.315375,-19846.89843749997,185,49511.99999999998,10.809970343419197,59507.543,10.993858,-9995.542968750022,168.0,10,medium,-0.1679710246816797,-0.1669926908841542,-0.2418174208285422,-0.24054009559213718,-0.06917467027247107,-0.06879765233634155,10.0,10.0,8.0,0.0,-2.0,-2.0,1.1547005383792517,0.07698003589195011,0.13551934511368774,-0.1669926908841542
4407,3,132903,1,Public,84.0,28.602159,-81.200889,21,15,0.4011,31400.0,0.7045342864,2,23.0,1,mid,10.778372786351612,10.780925,Social Work.,University of Central Florida,47972.00000000003,48094.582,-122.5820312499709,51153.00000000004,10.842576420686262,53270.434,10.883137,-2117.4335937499636,59,35358.00000000003,10.47327995406597,36440.43,10.503434,-1082.429687499971,53.0,9,medium,-0.029704086828352412,-0.029040165081516738,-0.03974875838064125,-0.038953086309390796,-0.0025487700708225684,-0.0025162462008803434,6.0,6.0,3.0,0.0,-3.0,-3.0,1.7320508075688772,0.12371791482634838,0.1655089731627421,-0.029040165081516738
4407,3,133650,1,Public,69.0,30.428504,-84.290226,12,13,0.2056,28781.0,0.8220073183,2,20.0,1,elite,10.622838398592709,10.669853,Social Work.,Florida Agricultural and Mechanical University,41061.99999999996,43038.625,-1976.6250000000364,47477.00000000003,10.768000662228644,47034.938,10.758646,442.0625000000291,72,31400.999999999975,10.354595018522993,32128.129,10.377487,-727.1289062500255,49.0,9,medium,-0.022632158516662778,-0.02207825452614936,0.009398598648080039,0.009249327423426884,-0.04592676926830345,-0.04518953364024096,5.0,4.0,5.0,-1.0,1.0,0.0,0.5773502691896258,0.04123930494211613,0.1655089731627421,-0.02207825452614936
4407,3,133669,1,Public,157.0,26.372421,-80.102978,13,15,0.6613,28064.0,0.7219053052,2,23.0,1,mid,10.817054578488687,10.794855,Social Work.,Florida Atlantic University,49864.00000000002,48769.242,1094.7578125000218,50966.00000000001,10.83891402271876,53466.23,10.886806,-2500.2304687499927,232,39912.00000000003,10.594432309540874,36341.418,10.500713,3570.582031250029,144.0,9,medium,0.09825103781917299,0.09756601664639981,-0.04676279675656824,-0.046573003178316426,0.02244771014261563,0.022309770426345576,2.0,7.0,2.0,5.0,-5.0,0.0,2.886751345948129,0.20619652471058064,0.1655089731627421,0.022309770426345576
4407,3,133951,1,Public,55.0,25.75732,-80.373928,21,15,0.5466,23924.0,0.8131269705,2,23.0,1,mid,10.62227811307605,10.855124,Social Work.,Florida International University,41039.00000000002,51798.91,-10759.910156249978,55922.99999999995,10.931731023537354,55152.016,10.917849,770.9843749999491,122,41626.000000000015,10.636480251018197,36561.047,10.506739,5064.953125000015,73.0,9,medium,0.13853413832259184,0.1363995154363675,0.013979260164164654,0.013859247445771947,-0.20772464369989643,-0.20338379805330986,1.0,2.0,9.0,1.0,7.0,8.0,4.358898943540674,0.3113499245386196,0.1655089731627421,0.013859247445771947
4407,3,134097,1,Public,152.0,30.443147,-84.295064,12,15,0.2422,43729.0,0.5975318884,2,20.0,1,elite,10.86128484456201,10.870208,Social Work.,Florida State University,52119.0,52586.137,-467.13671875,50723.00000000001,10.834134735626902,55428.418,10.922848,-4705.417968749993,114,32604.00000000003,10.392190259214349,37055.89,10.520183,-4451.890624999971,35.0,9,medium,-0.1201398900394118,-0.11581389935442066,-0.08489179632373527,-0.08410293940722224,-0.008883267490221215,-0.008826578343029572,8.0,9.0,4.0,1.0,-5.0,-4.0,2.6457513110645907,0.18898223650461363,0.1655089731627421,-0.08410293940722224
4407,3,137032,2,"Private, nonprofit",128.0,28.336776,-82.257801,31,12,0.784,22361.0,0.7686491935,2,30.0,1,open,10.691853999677008,10.808045,Social Work.,Saint Leo University,43996.00000000003,49416.78,-5420.781249999971,44711.00000000004,10.707974835338897,47874.098,10.77633,-3163.0976562499636,81,34462.99999999998,10.447641563750562,39860.25,10.593135,-5397.250000000022,39.0,9,medium,-0.1354043188389441,-0.1310954226570349,-0.06607117023827641,-0.06515634554979782,-0.10969515036959172,-0.10883950463232839,9.0,8.0,7.0,-1.0,-1.0,-2.0,1.0,0.07142857142857142,0.1655089731627421,-0.10883950463232839
4407,3,137351,3,Public,67.0,28.061458,-82.413232,11,15,0.4319,32495.0,0.6858996244,2,22.0,1,mid,10.738893555669819,10.841349,Social Work.,University of South Florida,46114.99999999997,51090.23,-4975.230468750029,52450.99999999997,10.867634679419623,50091.883,10.821614,2359.117187499971,121,37457.99999999998,10.530975584289799,37058.65,10.520257,399.3515624999782,43.0,9,medium,0.01077620418816652,0.010469621208076752,0.047095797862708275,0.0466875739619997,-0.09738124927412871,-0.09576354589558157,3.0,1.0,6.0,-2.0,5.0,3.0,2.5166114784235836,0.17975796274454167,0.1655089731627421,0.010469621208076752
4407,3,138354,2,Public,55.0,30.549076,-87.218511,41,12,0.5824,34583.0,0.6786062378,2,24.0,1,mid,10.535424002051176,10.731298,Social Work.,University of West Florida,37624.99999999997,45766.082,-8141.082031250029,45806.00000000002,10.732170365888766,45741.21,10.730755,64.78906250002183,49,36573.000000000015,10.507065542233256,37143.176,10.522535,-570.1757812499854,20.0,9,medium,-0.015350754728350721,-0.014318166885018054,0.0014164264822054773,0.001381276302896723,-0.1778846182570563,-0.1741673430363491,4.0,5.0,8.0,1.0,3.0,4.0,2.0816659994661326,0.1486904285332952,0.1655089731627421,-0.014318166885018054
4407,3,433660,1,Public,40.0,26.463638,-81.7726,21,16,0.6344,43546.0,0.5981697171,2,21.0,1,mid,10.868282693469897,10.77472,Social Work.,Florida Gulf Coast University,52484.999999999956,47797.098,4687.902343749956,53706.99999999997,10.89129862581914,53036.547,10.8787365,670.4531249999709,66,36407.000000000015,10.502516342828386,38466.75,10.557549,-2059.7499999999854,39.0,9,medium,-0.05354624448387206,-0.05184227218527375,0.012641341951996586,0.012419182948490612,0.09807922601210413,0.09511857317491547,7.0,3.0,1.0,-4.0,-2.0,-6.0,3.0550504633038935,0.2182178902359924,0.1655089731627421,0.012419182948490612
4407,5,132471,2,"Private, nonprofit",306.0,25.878908,-80.198925,21,13,0.7724,28822.0,0.7126805778,2,26.0,1,open,10.981148554451305,11.071959,Social Work.,Barry University,58756.0,64341.4,-5585.3984375,64500.00000000002,11.074420502783864,72306.695,11.188672,-7806.695312499978,226,51176.000000000015,10.843025951129974,54122.477,10.899005,-2946.4765624999854,236.0,6,medium,-0.054440904216521376,-0.054227460597997164,-0.10796642383890552,-0.10751466980968839,-0.08680878210823392,-0.08656342974349783,4.0,4.0,4.0,0.0,0.0,0.0,0.0,0.0,0.06586312686919905,-0.08656342974349783
4407,5,132903,3,Public,80.0,28.602159,-81.200889,21,15,0.4011,31400.0,0.7045342864,2,23.0,1,mid,10.939231036425246,11.014673,Social Work.,University of Central Florida,56344.0,60759.16,-4415.16015625,58122.99999999999,10.970316733695517,65462.17,11.089228,-7339.171875000007,115,47606.99999999998,10.770735088230952,54024.5,10.897193,-6417.500000000022,213.0,6,medium,-0.11878869772047908,-0.11826396610471937,-0.11211317413993159,-0.11108193186516206,-0.0726665764453598,-0.0716849521260813,5.0,5.0,3.0,0.0,-2.0,-2.0,1.1547005383792517,0.08247860988423227,0.06586312686919905,-0.11108193186516206
4407,5,136215,3,"Private, nonprofit",27.0,26.082288,-80.249891,21,16,0.7321,31002.0,0.6566484517,2,24.0,1,open,10.924066225065138,11.071494,Social Work.,Nova Southeastern University,55496.00000000004,64311.52,-8815.519531249964,62201.99999999999,11.038142432551167,72164.92,11.186709,-9962.921875000007,51,44651.99999999999,10.706654378134623,54089.3,10.898392,-9437.300781250007,32.0,6,medium,-0.17447629466346212,-0.1675205993645109,-0.1380576825435662,-0.13478628974673537,-0.13707527975553993,-0.13060700643357404,6.0,6.0,5.0,0.0,-1.0,-1.0,0.5773502691896258,0.04123930494211613,0.06586312686919905,-0.13478628974673537
4407,5,137032,3,"Private, nonprofit",62.0,28.336776,-82.257801,31,12,0.784,22361.0,0.7686491935,2,30.0,1,open,10.947749246454157,10.950391,Social Work.,Saint Leo University,56826.000000000015,56976.31,-150.30859374998545,62036.00000000002,11.035470140679344,55142.184,10.91767,6893.816406250022,129,52014.00000000004,10.859268192096696,51030.684,10.840182,983.3164062500364,106.0,6,medium,0.01926912079168127,0.019076982570057445,0.1250189230270415,0.12401330771784513,-0.002638089364857054,-0.0025901244817083196,2.0,1.0,1.0,-1.0,0.0,-1.0,0.5773502691896257,0.041239304942116126,0.06586312686919905,0.019076982570057445
4407,5,137351,3,Public,89.0,28.061458,-82.413232,11,15,0.4319,32495.0,0.6858996244,2,22.0,1,mid,10.970437160695397,10.975035,Social Work.,University of South Florida,58130.000000000044,58397.867,-267.86718749995634,56830.000000000044,10.947819634291168,61493.438,11.026686,-4663.437499999956,172,50498.00000000004,10.829689010518798,50939.996,10.838404,-441.9960937499636,215.0,6,medium,-0.008676798736625612,-0.00863888489750085,-0.07583634432535921,-0.07540026140477113,-0.004586934427586305,-0.0045322245738960544,3.0,3.0,2.0,0.0,-1.0,-1.0,0.5773502691896258,0.04123930494211613,0.06586312686919905,-0.00863888489750085
4407,5,433660,1,Public,24.0,26.463638,-81.7726,21,16,0.6344,43546.0,0.5981697171,2,21.0,1,mid,10.874304347764848,11.063488,Social Work.,Florida Gulf Coast University,52802.0,63798.7,-10996.69921875,61073.00000000001,11.019825148966754,64963.766,11.081585,-3890.7656249999927,34,54803.00000000002,10.911500215963228,52146.016,10.861803,2656.984375000022,37.0,6,medium,0.050952778331278724,0.04923073390843143,-0.05989131922338427,-0.05763230909301105,-0.17236557098202004,-0.16308774181490257,1.0,2.0,6.0,1.0,4.0,5.0,2.6457513110645907,0.18898223650461363,0.06586312686919905,-0.05763230909301105
4501,3,134097,1,Public,227.0,30.443147,-84.295064,12,15,0.2422,43729.0,0.5975318884,2,20.0,1,elite,10.99963012730331,10.836213,"Social Sciences, General.",Florida State University,59852.00000000005,50828.527,9023.472656250051,58459.999999999985,10.976098038665237,54966.137,10.914473,3493.8632812499854,327,33234.99999999998,10.411358816475682,34821.15,10.45798,-1586.1484375000218,295.0,3,low,-0.04555129594151605,-0.04541347177222411,0.06356392298638958,0.06339069419790362,0.1775277216911066,0.17681791214404943,3.0,1.0,1.0,-2.0,0.0,-2.0,1.1547005383792517,0.5773502691896258,0.3849001794597506,0.06339069419790362
4501,3,137351,1,Public,167.0,28.061458,-82.413232,11,15,0.4319,32495.0,0.6858996244,2,22.0,1,mid,10.731012642324293,10.950382,"Social Sciences, General.",University of South Florida,45752.999999999985,56975.816,-11222.816406250015,47969.00000000001,10.778310247916512,50965.27,10.8389,-2996.2695312499927,145,34426.99999999998,10.44659641922227,35596.426,10.4800005,-1169.4257812500218,152.0,3,low,-0.03285233715419831,-0.03263729322431664,-0.05879041862837186,-0.05837785005483743,-0.19697508722347892,-0.19584884740332192,2.0,3.0,3.0,1.0,0.0,1.0,0.5773502691896258,0.2886751345948129,0.3849001794597506,-0.05837785005483743
4501,3,138354,2,Public,61.0,30.549076,-87.218511,41,12,0.5824,34583.0,0.6786062378,2,24.0,1,mid,10.752590924862394,10.693789,"Social Sciences, General.",University of West Florida,46751.00000000002,44081.195,2669.804687500022,47535.00000000001,10.769221560793131,46664.41,10.750737,870.5898437500073,42,37501.00000000001,10.53212287826962,35076.188,10.465278,2424.8125000000073,43.0,3,low,0.06912987621588028,0.0671631314239827,0.01865639875946026,0.01810355311394664,0.06056561462485913,0.05944340524097263,1.0,2.0,2.0,1.0,0.0,1.0,0.5773502691896257,0.28867513459481287,0.3849001794597506,0.05944340524097263
4502,3,133669,1,Public,30.0,26.372421,-80.102978,13,15,0.6613,28064.0,0.7219053052,2,23.0,1,mid,10.476949890150093,10.744278,Anthropology.,Florida Atlantic University,35488.0,46363.97,-10875.96875,33388.999999999985,10.415981783402664,48896.055,10.797452,-15507.054687500015,34,26418.000000000004,10.181800874983809,29781.463,10.301641,-3363.4628906249964,24.0,5,low,-0.11293813547633992,-0.10672115356055717,-0.3171432702823834,-0.3051811049863505,-0.2345780364197144,-0.22474806262876093,4.0,5.0,5.0,1.0,0.0,1.0,0.5773502691896258,0.14433756729740646,0.2918463154205225,-0.22474806262876093
4502,3,134130,3,Public,178.0,29.64629,-82.347911,12,16,0.242,39127.0,0.6673828964,2,21.0,1,elite,10.895386559118505,10.741074,Anthropology.,University of Florida,53927.00000000001,46215.645,7711.355468750007,47348.0,10.765279859073784,53184.395,10.88152,-5836.39453125,140,29036.000000000015,10.276291718404732,30065.75,10.311142,-1029.7499999999854,127.0,5,low,-0.03424993555790178,-0.03397341377702371,-0.10973885446454901,-0.10893655796205488,0.1668559542328953,0.16597034166889874,3.0,4.0,2.0,1.0,-2.0,-1.0,1.0,0.25,0.2918463154205225,-0.03397341377702371
4502,3,136172,1,Public,28.0,30.27194,-81.509144,11,15,0.5324,37074.0,0.6143506622,2,22.0,1,mid,10.559010744499384,10.643433,Anthropology.,University of North Florida,38523.0,41916.41,-3393.41015625,48131.99999999996,10.781702515558052,41945.758,10.644133,6186.242187499964,33,32476.999999999978,10.388287425477728,26926.873,10.20088,5550.126953124978,28.0,5,low,0.2061185100647659,0.19656560068618859,0.14748195074106968,0.14172752279808665,-0.08095660252394064,-0.07728947779600617,1.0,1.0,4.0,0.0,3.0,3.0,1.7320508075688772,0.4330127018922193,0.2918463154205225,0.14172752279808665
4502,3,137351,1,Public,94.0,28.061458,-82.413232,11,15,0.4319,32495.0,0.6858996244,2,22.0,1,mid,10.676969705748347,10.66211,Anthropology.,University of South Florida,43345.99999999996,42706.67,639.3281249999636,44282.999999999985,10.698356135205106,42903.55,10.66671,1379.4492187499854,88,24330.999999999985,10.09950653645368,29307.668,10.2856045,-4976.667968750015,73.0,5,low,-0.16980770950648497,-0.1671912033704608,0.03215233223430173,0.03174816427307681,0.01497021652427613,0.014802707782194625,5.0,2.0,3.0,-3.0,1.0,-2.0,1.5275252316519468,0.3818813079129867,0.2918463154205225,0.014802707782194625
4502,3,484473,3,Public,178.0,29.649413,-82.339848,12,9,0.6126,39127.0,0.6673828964,2,21.0,2,mid,10.895386559118505,10.740557,Anthropology.,University of Florida-Online,53927.00000000001,46191.76,7735.238281250007,47348.0,10.765279859073784,47218.98,10.762551,129.01953125,140,29036.000000000015,10.276291718404732,28183.484,10.246491,852.5156250000146,127.0,5,low,0.030248766038177794,0.030004548274903453,0.00273236588272774,0.002712389661890161,0.16745926099004244,0.16657044628653261,2.0,3.0,1.0,1.0,-2.0,-1.0,1.0,0.25,0.2918463154205225,0.030004548274903453
4504,3,132471,1,"Private, nonprofit",23.0,25.878908,-80.198925,21,13,0.7724,28822.0,0.7126805778,2,26.0,1,open,10.802123349171563,10.910171,Criminology.,Barry University,49125.000000000015,54730.18,-5605.179687499985,51179.99999999999,10.84310410971378,66874.04,11.110566,-15694.039062500007,19,44014.99999999998,10.692285763895006,45940.074,10.735093,-1925.0742187500218,21.0,8,medium,-0.04190402935753903,-0.039231572860349145,-0.23468059178887746,-0.21778199644981455,-0.10241478685991177,-0.0966354543247798,3.0,8.0,7.0,5.0,-1.0,4.0,2.6457513110645907,0.37796447300922725,0.34463088899070776,-0.0966354543247798
4504,3,133711,1,"Private, nonprofit",17.0,29.892733,-81.314887,23,10,0.8076,53601.0,0.5154411765,2,22.0,1,open,10.546761482600346,10.779143,Criminology.,Flagler College,38053.99999999998,48008.977,-9954.976562500022,48912.99999999999,10.797798488802224,50769.04,10.835042,-1856.0390625000073,39,29240.0,10.283292913863715,35099.04,10.465929,-5859.0390625,41.0,8,medium,-0.16692875984630098,-0.16191260722815742,-0.036558483216810586,-0.03537915924377958,-0.20735656694410548,-0.1910828814754211,7.0,3.0,8.0,-4.0,5.0,1.0,2.6457513110645907,0.37796447300922725,0.34463088899070776,-0.16191260722815742
4504,3,134079,1,"Private, nonprofit",29.0,28.032443,-81.948203,12,14,0.6442,66112.0,0.4608177172,2,21.0,1,mid,10.841363635435306,10.808122,Criminology.,Florida Southern College,51091.00000000002,49420.55,1670.4492187500218,49829.00000000002,10.816352422842092,53810.754,10.893229,-3981.753906249978,27,39713.00000000001,10.589433868992689,34427.484,10.44661,5285.515625000007,19.0,8,medium,0.1535260481837052,0.1426071942817714,-0.07399550493544574,-0.07037632713183099,0.03380070016103068,0.03232898729816817,1.0,6.0,1.0,5.0,-5.0,0.0,2.886751345948129,0.4123930494211613,0.34463088899070776,0.03232898729816817
4504,3,134130,3,Public,221.0,29.64629,-82.347911,12,16,0.242,39127.0,0.6673828964,2,21.0,1,elite,11.01912082553854,10.994451,Criminology.,University of Florida,61029.99999999995,59542.793,1487.207031249949,57952.999999999956,10.967387616194118,63397.723,11.057183,-5444.722656250044,216,35096.0,10.46584244284605,38681.51,10.563117,-3585.51171875,180.0,8,medium,-0.09269316423877,-0.09219500883941018,-0.08588199115245793,-0.08550321871420061,0.02497711237748763,0.02487408419289294,5.0,7.0,3.0,2.0,-4.0,-2.0,2.0,0.2857142857142857,0.34463088899070776,-0.08550321871420061
4504,3,135726,1,"Private, nonprofit",16.0,25.72126,-80.278662,21,16,0.189,54690.0,0.4559891107,2,20.0,1,elite,11.127233571961003,11.110401,Criminology.,University of Miami,67998.0,66863.01,1134.9921875,70460.99999999994,11.162814644244133,66673.83,11.107568,3787.171874999942,32,29670.0,10.297891713284868,40619.57,10.612005,-10949.5703125,23.0,8,medium,-0.26956391286912385,-0.25400927782784993,0.056801476403901055,0.05450661142561012,0.01697488977287399,0.015553526386692468,8.0,1.0,4.0,-7.0,3.0,-4.0,3.5118845842842465,0.5016977977548923,0.34463088899070776,0.015553526386692468
4504,3,137351,3,Public,407.0,28.061458,-82.413232,11,15,0.4319,32495.0,0.6858996244,2,22.0,1,mid,10.855743704842892,10.845184,Criminology.,University of South Florida,51831.000000000015,51286.58,544.4218750000146,53882.99999999996,10.89457030826157,57388.688,10.9576025,-3505.6875000000364,430,37107.99999999997,10.521587858773161,36474.645,10.504373,633.3554687499709,399.0,8,medium,0.01736426706523041,0.017327226348778164,-0.061086734210466766,-0.06096542671662625,0.01061528951440479,0.010593721931926906,2.0,4.0,5.0,2.0,1.0,3.0,1.5275252316519465,0.21821789023599236,0.34463088899070776,0.010593721931926906
4504,3,137847,1,"Private, nonprofit",46.0,27.948455,-82.46483,11,13,0.4034,75458.0,0.429463171,2,20.0,1,mid,10.834726008457404,10.937455,Criminology.,The University of Tampa,50752.99999999997,56244.03,-5491.031250000029,60741.99999999999,11.01439066528847,58907.55,10.983725,1834.4492187499927,118,34136.999999999985,10.438137119025118,35715.883,10.483351,-1578.8828125000146,96.0,8,medium,-0.04420674187976197,-0.043711865772104924,0.031141155835219165,0.0308631967448853,-0.09762869282240556,-0.0951197221604669,4.0,2.0,6.0,-2.0,4.0,2.0,2.0,0.2857142857142857,0.34463088899070776,-0.043711865772104924
4504,3,484473,3,Public,221.0,29.649413,-82.339848,12,9,0.6126,39127.0,0.6673828964,2,21.0,2,mid,11.01912082553854,10.991148,Criminology.,University of Florida-Online,61029.99999999995,59346.477,1683.523437499949,57952.999999999956,10.967387616194118,61937.8,11.033886,-3984.8007812500437,216,35096.0,10.46584244284605,40610.043,10.611771,-5514.04296875,180.0,8,medium,-0.1357802791046819,-0.13505056316804231,-0.0643355225885956,-0.06405177832008903,0.028367706644335782,0.02825069258472355,6.0,5.0,2.0,-1.0,-3.0,-4.0,2.0816659994661326,0.2973808570665904,0.34463088899070776,-0.06405177832008903
4506,3,133669,2,Public,82.0,26.372421,-80.102978,13,15,0.6613,28064.0,0.7219053052,2,23.0,1,mid,11.133055001523545,11.099537,Economics.,Florida Atlantic University,68394.99999999999,66140.52,2254.4765624999854,74056.00000000003,11.212576842747048,65565.445,11.090804,8490.55468750003,79,48631.99999999998,10.792037029428558,41893.992,10.642898,6738.007812499978,59.0,7,medium,0.1608347035141333,0.15766010688104432,0.12949739984273867,0.12765135617990822,0.03408616148359289,0.03363878874062588,1.0,2.0,3.0,1.0,1.0,2.0,1.0,0.16666666666666666,0.3253685586573952,0.12765135617990822
4506,3,133951,2,Public,83.0,25.75732,-80.373928,21,15,0.5466,23924.0,0.8131269705,2,23.0,1,mid,11.230589078843199,11.13428,Economics.,Florida International University,75401.99999999994,68478.85,6923.148437499942,70021.99999999999,11.156564757368372,68952.38,11.141171,1069.6171874999854,89,42314.0,10.652873279543263,42857.836,10.665644,-543.8359375,82.0,7,medium,-0.01268929999855992,-0.012518557229337018,0.015512403543885656,0.015319959718765935,0.10109907335670268,0.09979081916059192,4.0,4.0,2.0,0.0,-2.0,-2.0,1.1547005383792515,0.19245008972987523,0.3253685586573952,0.015319959718765935
4506,3,134097,1,Public,268.0,30.443147,-84.295064,12,15,0.2422,43729.0,0.5975318884,2,20.0,1,elite,11.208720979432398,11.248899,Economics.,Florida State University,73771.00000000003,76795.36,-3024.359374999971,73526.99999999994,11.205407964684335,78640.055,11.272636,-5113.054687500058,332,47303.99999999998,10.764350137500665,44361.223,10.700121,2942.777343749978,239.0,7,medium,0.06633670506679269,0.06608041376511503,-0.06501845284592342,-0.0648443463708496,-0.039382059015202975,-0.039252236660492906,3.0,5.0,5.0,2.0,0.0,2.0,1.1547005383792517,0.1924500897298753,0.3253685586573952,-0.039252236660492906
4506,3,134130,1,Public,202.0,29.64629,-82.347911,12,16,0.242,39127.0,0.6673828964,2,21.0,1,elite,11.28573624094727,11.310499,Economics.,University of Florida,79677.00000000006,81674.664,-1997.6640624999418,89075.00000000001,11.397233990474037,79407.55,11.282349,9667.453125000015,197,42348.999999999985,10.65370008705053,46469.9,10.74656,-4120.898437500015,189.0,7,medium,-0.08867887764038143,-0.08822863863298508,0.1217447648926633,0.12114708066662926,-0.024458797418147528,-0.024346774045326477,6.0,3.0,4.0,-3.0,1.0,-2.0,1.5275252316519465,0.25458753860865774,0.3253685586573952,-0.024346774045326477
4506,3,135726,1,"Private, nonprofit",73.0,25.72126,-80.278662,21,16,0.189,54690.0,0.4559891107,2,20.0,1,elite,11.129525129459477,11.475082,Economics.,University of Miami,68154.00000000003,96286.4,-28132.39843749997,92998.0,11.440333266527805,77959.64,11.263947,15038.359375,69,42129.00000000003,10.64849161863629,42943.34,10.667637,-814.3398437499709,47.0,7,medium,-0.01896312319239628,-0.01847614740628168,0.1928992906385656,0.1896800600222127,-0.29217416887558484,-0.28778227929677014,5.0,1.0,7.0,-4.0,6.0,2.0,3.055050463303893,0.5091750772173155,0.3253685586573952,-0.01847614740628168
4506,3,136950,1,"Private, nonprofit",54.0,28.592787,-81.349239,21,11,0.4754,43978.0,0.58,2,22.0,1,mid,11.396256808163024,11.0238495,Economics.,Rollins College,88987.99999999996,61319.273,27668.726562499956,68193.99999999999,11.130111863421801,79228.95,11.280097,-11034.953125000015,37,36115.00000000002,10.494463570484948,40906.113,10.619035,-4791.113281249978,28.0,7,medium,-0.11712462751737562,-0.11169628945922869,-0.13927929992448723,-0.1345079093027061,0.4512239792061701,0.44159182891295534,7.0,7.0,1.0,0.0,-6.0,-6.0,3.4641016151377544,0.5773502691896257,0.3253685586573952,-0.11169628945922869
4506,3,137351,1,Public,94.0,28.061458,-82.413232,11,15,0.4319,32495.0,0.6858996244,2,22.0,1,mid,11.053980463081226,11.189694,Economics.,University of South Florida,63194.999999999956,72380.66,-9185.656250000044,67007.0,11.112552370527638,71895.586,11.18297,-4888.5859375,163,47350.99999999997,10.765343217715396,41442.293,10.632057,5908.707031249971,154.0,7,medium,0.14257674003958937,0.14165759355218163,-0.06799563385921532,-0.06757935247152719,-0.12690761214257495,-0.12548758361886606,2.0,6.0,6.0,4.0,0.0,4.0,2.309401076758503,0.38490017945975047,0.3253685586573952,-0.06757935247152719
4507,3,134097,1,Public,137.0,30.443147,-84.295064,12,15,0.2422,43729.0,0.5975318884,2,20.0,1,elite,10.768105970835613,10.960093,Geography and Cartography.,Florida State University,47481.99999999999,57531.77,-10049.769531250007,52536.99999999997,10.869272962256426,62947.566,11.050057,-10410.56640625003,32,35607.99999999999,10.48032561069569,39369.535,10.580748,-3761.5351562500073,17.0,4,low,-0.09554431215205383,-0.08788529815413197,-0.16538473209690874,-0.1587029404664511,-0.17468208631739013,-0.17342352197797856,4.0,4.0,4.0,0.0,0.0,0.0,0.0,0.0,0.19245008972987526,-0.1587029404664511
4507,3,134130,1,Public,22.0,29.64629,-82.347911,12,16,0.242,39127.0,0.6673828964,2,21.0,1,elite,10.93617369108807,11.026706,Geography and Cartography.,University of Florida,56171.99999999998,61494.668,-5322.667968750022,67276.00000000001,11.116558839847324,65875.5,11.095522,1400.5000000000146,34,43855.999999999985,10.688666818542567,39566.81,10.585746,4289.191406249985,27.0,4,low,0.10840377474688492,0.1031705023201972,0.021259800684625005,0.02045791310326861,-0.08655495093419911,-0.08142451394861693,2.0,2.0,3.0,0.0,1.0,1.0,0.5773502691896258,0.1924500897298753,0.19245008972987526,0.02045791310326861
4507,3,137351,1,Public,16.0,28.061458,-82.413232,11,15,0.4319,32495.0,0.6858996244,2,22.0,1,mid,10.994000462947588,10.905494,Geography and Cartography.,University of South Florida,59515.99999999998,54474.812,5041.187499999978,54944.000000000044,10.914069763697203,57222.492,10.954702,-2278.4921874999563,24,39259.0,10.57793599628853,39978.113,10.596087,-719.11328125,22.0,4,low,-0.017987674310464993,-0.016897600974029377,-0.03981812221729278,-0.03759786057407206,0.09254162187341128,0.08479280731327692,3.0,3.0,1.0,0.0,-2.0,-2.0,1.1547005383792515,0.38490017945975047,0.19245008972987526,-0.016897600974029377
4507,3,484473,3,Public,22.0,29.649413,-82.339848,12,9,0.6126,39127.0,0.6673828964,2,21.0,2,mid,10.93617369108807,10.995936,Geography and Cartography.,University of Florida-Online,56171.99999999998,59631.33,-3459.328125000022,67276.00000000001,11.116558839847324,63309.695,11.055794,3966.3046875000146,34,43855.999999999985,10.688666818542567,38251.65,10.551942,5604.351562499985,27.0,4,low,0.1465126809281704,0.13943967286132242,0.06264924618452396,0.060286211213408686,-0.05801192483502181,-0.0545733401952515,1.0,1.0,2.0,0.0,1.0,1.0,0.5773502691896257,0.19245008972987523,0.19245008972987526,0.060286211213408686
4509,3,133553,0,"Private, nonprofit",27.0,29.189903,-81.048367,13,13,0.6481,38662.0,0.6700304341,2,25.0,1,mid,11.145954844839205,11.300871,International Relations and National Security Studies.,Embry-Riddle Aeronautical University-Daytona Beach,69283.0,80892.06,-11609.0625,75519.99999999994,11.232152800819382,75324.37,11.229559,195.6328124999418,87,46868.00000000004,10.755090418788047,49455.535,10.808829,-2587.5351562499636,79.0,6,medium,-0.052320435883969216,-0.05158515447680457,0.0025972048595239556,0.0025641187974103983,-0.14351299918950639,-0.13674094440568033,2.0,5.0,6.0,3.0,1.0,4.0,2.0816659994661326,0.41633319989322654,0.3409331128211695,-0.05158515447680457
4509,3,133951,2,Public,168.0,25.75732,-80.373928,21,15,0.5466,23924.0,0.8131269705,2,23.0,1,mid,10.857151137475086,10.958865,International Relations and National Security Studies.,Florida International University,51904.00000000004,57461.195,-5557.195312499964,64398.999999999956,11.072853384021574,58274.31,10.972917,6124.691406249956,186,33417.000000000015,10.4168200315133,35104.996,10.466099,-1687.9960937499854,177.0,6,medium,-0.04808421255031878,-0.047820683503125225,0.10510105660707639,0.10454936889422312,-0.0967121425559879,-0.09616301243450857,1.0,3.0,5.0,2.0,2.0,4.0,2.0,0.4,0.3409331128211695,-0.047820683503125225
4509,3,134097,1,Public,325.0,30.443147,-84.295064,12,15,0.2422,43729.0,0.5975318884,2,20.0,1,elite,11.008760940077243,10.955327,International Relations and National Security Studies.,Florida State University,60401.00000000001,57258.25,3142.7500000000073,63984.000000000015,11.0663883310866,63044.777,11.0516,939.2226562500146,361,32098.000000000022,10.376549001881102,35359.484,10.473322,-3261.484374999978,279.0,6,medium,-0.09223789409400793,-0.09194015995261276,0.014897707563132908,0.014861498953178849,0.05488728698484511,0.054742617682567704,5.0,4.0,2.0,-1.0,-2.0,-3.0,1.5275252316519465,0.30550504633038933,0.3409331128211695,0.014861498953178849
4509,3,135726,1,"Private, nonprofit",49.0,25.72126,-80.278662,21,16,0.189,54690.0,0.4559891107,2,20.0,1,elite,11.245124448111596,11.209658,International Relations and National Security Studies.,University of Miami,76505.99999999996,73840.13,2665.8671874999563,84473.99999999999,11.344199073690582,70450.484,11.162665,14023.515624999985,28,31813.00000000001,10.367630290261705,33788.78,10.427884,-1975.781249999989,28.0,6,medium,-0.05847447516326115,-0.05576437716178141,0.1990549213310499,0.1897074578243132,0.03610322850135321,0.035240733934764186,3.0,2.0,3.0,-1.0,1.0,0.0,0.5773502691896258,0.11547005383792516,0.3409331128211695,0.035240733934764186
4509,3,136950,1,"Private, nonprofit",48.0,28.592787,-81.349239,21,11,0.4754,43978.0,0.58,2,22.0,1,mid,11.076619633310386,10.824176,International Relations and National Security Studies.,Rollins College,64642.000000000015,50220.363,14421.636718750015,70501.99999999999,11.1633963571923,58093.97,10.969817,12408.031249999985,25,28113.000000000015,10.243987381791934,31970.416,10.372566,-3857.4160156249854,21.0,6,medium,-0.1206557967134284,-0.11296089546421449,0.21358553249127063,0.2022031886513136,0.28716711263087175,0.2801412401863875,6.0,1.0,1.0,-5.0,0.0,-5.0,2.886751345948129,0.5773502691896258,0.3409331128211695,0.2022031886513136
4509,3,137351,1,Public,137.0,28.061458,-82.413232,11,15,0.4319,32495.0,0.6858996244,2,22.0,1,mid,10.92282211863275,10.902398,International Relations and National Security Studies.,University of South Florida,55427.0,54306.438,1120.5625,58999.00000000001,10.985275773591676,59269.777,10.989855,-270.7773437499927,107,30976.999999999978,10.341000272613067,34089.66,10.436749,-3112.660156250022,75.0,6,medium,-0.09130804302486854,-0.08994472793652866,-0.004568556790411939,-0.0045228434819570805,0.02063406387134122,0.02048539781454576,4.0,6.0,4.0,2.0,-2.0,0.0,1.1547005383792517,0.23094010767585033,0.3409331128211695,-0.0045228434819570805
4510,3,132903,3,Public,95.0,28.602159,-81.200889,21,15,0.4011,31400.0,0.7045342864,2,23.0,1,mid,10.941447093992288,10.954619,Political Science and Government.,University of Central Florida,56469.000000000015,57217.746,-748.7460937499854,64056.00000000002,11.06751297975247,58253.086,10.972552,5802.914062500022,138,35937.000000000015,10.489522684399441,32169.486,10.378774,3767.5136718750146,194.0,12,medium,0.11711451135547567,0.11653771546507308,0.09961556489429581,0.09887494586715025,-0.013085906818545101,-0.012941281905341832,3.0,2.0,8.0,-1.0,6.0,5.0,3.214550253664318,0.29223184124221074,0.304417388653774,0.09887494586715025
4510,3,133650,2,Public,43.0,30.428504,-84.290226,12,13,0.2056,28781.0,0.8220073183,2,20.0,1,elite,10.84857951821591,10.83438,Political Science and Government.,Florida Agricultural and Mechanical University,51460.99999999996,50735.445,725.5546874999636,48732.99999999998,10.794111697661032,51739.08,10.853969,-3006.078125000022,49,30798.00000000002,10.335205031788359,32509.695,10.389294,-1711.6953124999818,36.0,12,medium,-0.052651841121434124,-0.050815853625578424,-0.058100728384402806,-0.05665889497734799,0.014300745426219888,0.013903508930203591,7.0,8.0,7.0,1.0,-1.0,0.0,0.5773502691896258,0.052486388108147805,0.304417388653774,-0.050815853625578424
4510,3,133669,1,Public,120.0,26.372421,-80.102978,13,15,0.6613,28064.0,0.7219053052,2,23.0,1,mid,10.868054030575173,10.958846,Political Science and Government.,Florida Atlantic University,52473.00000000003,57460.098,-4987.097656249971,53871.99999999997,10.894366141400855,59074.07,10.986547,-5202.070312500029,104,31640.999999999996,10.362209026944724,31310.37,10.351705,330.63085937499636,104.0,12,medium,0.010559787969602856,0.010452124405164935,-0.08806013001950329,-0.08714924986396169,-0.08679236304269522,-0.08606232896416151,4.0,11.0,10.0,7.0,-1.0,6.0,3.7859388972001824,0.34417626338183477,0.304417388653774,-0.08606232896416151
4510,3,133951,2,Public,155.0,25.75732,-80.373928,21,15,0.5466,23924.0,0.8131269705,2,23.0,1,mid,10.881606887033216,11.007068,Political Science and Government.,Florida International University,53188.99999999999,60298.81,-7109.808593750007,57995.99999999998,10.968129321633084,60114.965,11.004014,-2118.964843750022,178,26983.00000000001,10.20296231705686,36830.27,10.514075,-9847.269531249989,191.0,12,medium,-0.2673689238927429,-0.2660279897811543,-0.03524854167772711,-0.03505379261995382,-0.11790960318388351,-0.11717413070819817,12.0,6.0,12.0,-6.0,6.0,0.0,3.4641016151377544,0.31491832864888675,0.304417388653774,-0.11717413070819817
4510,3,134097,1,Public,324.0,30.443147,-84.295064,12,15,0.2422,43729.0,0.5975318884,2,20.0,1,elite,11.155750395989815,11.053232,Political Science and Government.,Florida State University,69965.00000000006,63147.73,6817.269531250058,68058.99999999997,11.12813025502894,62947.566,11.050057,5111.433593749971,390,34745.00000000002,10.455790955748428,35610.684,10.480401,-865.6835937499782,306.0,12,medium,-0.024309659528746412,-0.024239162741809487,0.08120144884969631,0.08102095400593279,0.10795747496616255,0.10767190802356305,6.0,3.0,2.0,-3.0,-1.0,-4.0,2.081665999466133,0.18924236358783028,0.304417388653774,0.08102095400593279
4510,3,134130,1,Public,262.0,29.64629,-82.347911,12,16,0.242,39127.0,0.6673828964,2,21.0,1,elite,11.164091131524941,11.063568,Political Science and Government.,University of Florida,70550.99999999997,63803.805,6747.195312499971,70434.0,11.162431380106577,70065.62,11.157187,368.3828125,283,31574.00000000001,10.360089276091673,37062.78,10.520369,-5488.781249999989,263.0,12,medium,-0.1480941544288447,-0.1475821994285632,0.005257683116016583,0.005240741745928018,0.10574910611595291,0.10539121616299188,9.0,5.0,3.0,-4.0,-2.0,-6.0,3.055050463303893,0.2777318603003539,0.304417388653774,0.005240741745928018
4510,3,135726,1,"Private, nonprofit",69.0,25.72126,-80.278662,21,16,0.189,54690.0,0.4559891107,2,20.0,1,elite,11.258910249988931,11.2238655,Political Science and Government.,University of Miami,77567.99999999996,74896.734,2671.2656249999563,62215.99999999999,11.038367480374779,71009.195,11.170565,-8793.195312500007,68,33867.000000000015,10.430196367929657,43176.344,10.673048,-9309.343749999985,81.0,12,medium,-0.2156121371439652,-0.21266911678192996,-0.12383178366974269,-0.12172980561131781,0.03566598259979151,0.03509345739278614,11.0,12.0,5.0,1.0,-7.0,-6.0,3.7859388972001824,0.34417626338183477,0.304417388653774,-0.12172980561131781
4510,3,136172,1,Public,79.0,30.27194,-81.509144,11,15,0.5324,37074.0,0.6143506622,2,22.0,1,mid,10.848909810916531,10.9511175,Political Science and Government.,University of North Florida,51478.00000000003,57017.727,-5539.726562499971,58718.00000000005,10.98050160276284,56543.316,10.942762,2174.683593750051,92,37841.00000000002,10.541148449877937,33762.016,10.427092,4078.984375000022,98.0,12,medium,0.12081578363999178,0.11949547524319008,0.03846048891305698,0.03800145808566648,-0.09715796992410067,-0.09582608876988633,2.0,4.0,11.0,2.0,7.0,9.0,4.725815626252609,0.4296196023866008,0.304417388653774,0.03800145808566648
4510,3,137351,1,Public,177.0,28.061458,-82.413232,11,15,0.4319,32495.0,0.6858996244,2,22.0,1,mid,10.98043347823117,10.954453,Political Science and Government.,University of South Florida,58714.00000000001,57208.25,1505.7500000000073,64819.99999999997,11.079369476695538,57222.492,10.954702,7597.507812499971,174,34965.00000000002,10.462102840137968,38957.426,10.570225,-3992.425781249978,162.0,12,medium,-0.10248176570156006,-0.10185900450914272,0.13277135479533717,0.13201809743450224,0.026320504472694187,0.026179883581371088,8.0,1.0,6.0,-7.0,5.0,-2.0,3.605551275463989,0.32777738867854445,0.304417388653774,0.026179883581371088
4510,3,137546,1,"Private, nonprofit",26.0,29.035475,-81.300746,13,14,0.716,52032.0,0.5486725664,2,20.0,1,open,11.031124520244854,10.942526,Political Science and Government.,Stetson University,61766.99999999997,56529.95,5237.050781249971,52667.000000000015,10.87174435243489,55964.086,10.932466,-3297.0859374999854,34,26839.000000000007,10.197611332567385,32265.041,10.38174,-5426.041015624993,32.0,12,medium,-0.1681709009140054,-0.16146657728560537,-0.058914317678343396,-0.05669215857106095,0.09264205706225775,0.08808155260303528,10.0,9.0,4.0,-1.0,-5.0,-6.0,3.214550253664318,0.29223184124221074,0.304417388653774,-0.05669215857106095
4510,3,137847,1,"Private, nonprofit",21.0,27.948455,-82.46483,11,13,0.4034,75458.0,0.429463171,2,20.0,1,mid,11.02431784977067,11.10793,Political Science and Government.,The University of Tampa,61347.999999999956,66698.0,-5350.000000000044,58753.99999999998,10.981114514795102,61431.54,11.025679,-2677.539062500022,39,40505.0,10.609180702264592,34297.71,10.442834,6207.2890625,33.0,12,medium,0.18098260475200262,0.17401494295541559,-0.043585739562473164,-0.04217972642884636,-0.08021230021889778,-0.07520795052370828,1.0,7.0,9.0,6.0,2.0,8.0,4.163331998932266,0.37848472717566056,0.304417388653774,-0.04217972642884636
4510,3,433660,1,Public,48.0,26.463638,-81.7726,21,16,0.6344,43546.0,0.5981697171,2,21.0,1,mid,11.106459856528481,10.9340105,Political Science and Government.,Florida Gulf Coast University,66600.00000000004,56050.617,10549.382812500044,54824.00000000002,10.91188333326566,58374.04,10.974627,-3550.039062499978,47,35577.99999999997,10.479482748285214,35807.11,10.485902,-229.1093750000291,33.0,12,medium,-0.006398432573839371,-0.006152098876388896,-0.060815374771292036,-0.05923187934766583,0.18821171544303156,0.1836069001731156,5.0,10.0,1.0,5.0,-9.0,-4.0,4.509249752822894,0.4099317957111722,0.304417388653774,-0.006152098876388896
4511,3,132903,3,Public,53.0,28.602159,-81.200889,21,15,0.4011,31400.0,0.7045342864,2,23.0,1,mid,10.751949021382632,10.841714,Sociology.,University of Central Florida,46720.99999999996,51108.9,-4387.898437500036,52197.00000000002,10.862780300954826,49436.957,10.808454,2760.042968750022,60,34926.0,10.46098681649979,33592.53,10.422059,1333.46875,102.0,9,medium,0.039695393600325965,0.03928139145488767,0.05582954806472713,0.054733556262115776,-0.08585390355978627,-0.08398104775463226,3.0,1.0,6.0,-2.0,5.0,3.0,2.5166114784235836,0.31457643480294795,0.21286136367141556,0.03928139145488767
4511,3,133669,1,Public,145.0,26.372421,-80.102978,13,15,0.6613,28064.0,0.7219053052,2,23.0,1,mid,10.80689565857927,10.824014,Sociology.,Florida Atlantic University,49360.00000000004,50212.22,-852.2187499999636,50983.0,10.839247522805225,51900.43,10.857082,-917.4296875,151,29678.999999999978,10.298195003991331,36531.977,10.505943,-6852.976562500022,130.0,9,medium,-0.18758844188941554,-0.18611465527892473,-0.017676726243385208,-0.017558409694023135,-0.01697233803276147,-0.01685789772657468,9.0,3.0,2.0,-6.0,-1.0,-7.0,3.7859388972001824,0.4732423621500228,0.21286136367141556,-0.017558409694023135
4511,3,133951,2,Public,90.0,25.75732,-80.373928,21,15,0.5466,23924.0,0.8131269705,2,23.0,1,mid,10.79427584399786,10.8492,Sociology.,Florida International University,48741.00000000004,51492.953,-2751.9531249999636,47538.000000000015,10.769284670193297,54511.766,10.906172,-6973.765624999985,99,31147.00000000002,10.346473211391473,35732.066,10.483804,-4585.066406249982,92.0,9,medium,-0.1283179750681308,-0.12680832955069857,-0.12793138407906754,-0.1265297413098416,-0.05344329579077649,-0.052814126486079215,8.0,8.0,5.0,0.0,-3.0,-3.0,1.7320508075688772,0.21650635094610965,0.21286136367141556,-0.1265297413098416
4511,3,134097,1,Public,205.0,30.443147,-84.295064,12,15,0.2422,43729.0,0.5975318884,2,20.0,1,elite,10.81376021208472,10.918716,Sociology.,Florida State University,49699.999999999985,55199.902,-5499.902343750015,50611.99999999998,10.831943981309154,55242.188,10.919482,-4630.187500000022,240,33783.00000000002,10.427712996365136,36346.44,10.500852,-2563.441406249978,168.0,9,medium,-0.07052798863024809,-0.07011720400189192,-0.08381615047376648,-0.08348911587939206,-0.09963608829414423,-0.09918751617524141,7.0,6.0,9.0,-1.0,3.0,2.0,1.5275252316519465,0.19094065395649332,0.21286136367141556,-0.08348911587939206
4511,3,134130,3,Public,161.0,29.64629,-82.347911,12,16,0.242,39127.0,0.6673828964,2,21.0,1,elite,10.840168974058017,10.942197,Sociology.,University of Florida,51029.99999999998,56511.35,-5481.351562500022,51038.99999999999,10.840345325350247,59641.34,10.996104,-8602.339843750007,174,33610.999999999985,10.422608673326225,35949.145,10.489861,-2338.1445312500146,174.0,9,medium,-0.06504033855986487,-0.06467670478315457,-0.14423451696904616,-0.1434162251638531,-0.0969955842666017,-0.09641680134724426,6.0,9.0,8.0,3.0,-1.0,2.0,1.5275252316519465,0.19094065395649332,0.21286136367141556,-0.09641680134724426
4511,3,136172,1,Public,71.0,30.27194,-81.509144,11,15,0.5324,37074.0,0.6143506622,2,22.0,1,mid,10.809121704221754,10.796316,Sociology.,University of North Florida,49469.999999999985,48840.547,629.4531249999854,44152.000000000015,10.695393505119338,47735.28,10.773426,-3583.2812499999854,66,35727.99999999998,10.483689974079939,33991.625,10.433869,1736.3749999999782,46.0,9,medium,0.05108243574703999,0.04973769687623463,-0.07506567796748836,-0.07374647338635419,0.012887921312817721,0.012687815572824387,2.0,5.0,1.0,3.0,-4.0,-1.0,2.081665999466133,0.26020824993326663,0.21286136367141556,0.012687815572824387
4511,3,137032,3,"Private, nonprofit",73.0,28.336776,-82.257801,31,12,0.784,22361.0,0.7686491935,2,30.0,1,open,10.814946630748102,10.839376,Sociology.,Saint Leo University,49758.999999999985,50989.574,-1230.5742187500146,50231.000000000044,10.824387644967183,48859.65,10.796707,1371.3515625000437,62,39497.99999999998,10.584005316695931,36788.316,10.512936,2709.683593749978,48.0,9,medium,0.0736560913477853,0.07180998621705142,0.028067159841607153,0.027536747714164072,-0.024133839860492598,-0.02377106597056253,1.0,2.0,3.0,1.0,1.0,2.0,1.0,0.125,0.21286136367141556,0.027536747714164072
4511,3,137351,1,Public,92.0,28.061458,-82.413232,11,15,0.4319,32495.0,0.6858996244,2,22.0,1,mid,10.799003985193806,10.8373995,Sociology.,University of South Florida,48972.00000000002,50888.87,-1916.8710937499782,47378.99999999996,10.765934371538163,51195.832,10.843413,-3816.8320312500364,74,33515.99999999997,10.419778215733176,33467.695,10.418336,48.304687499970896,64.0,9,medium,0.0014433227937846488,0.0014174029109921273,-0.07455356969138108,-0.07340666369433063,-0.03766778575650899,-0.03723557800733125,4.0,4.0,4.0,0.0,0.0,0.0,0.0,0.0,0.21286136367141556,-0.03723557800733125
4511,3,484473,3,Public,161.0,29.649413,-82.339848,12,9,0.6126,39127.0,0.6673828964,2,21.0,2,mid,10.840168974058017,10.931358,Sociology.,University of Florida-Online,51029.99999999998,55902.164,-4872.164062500022,51038.99999999999,10.840345325350247,56008.996,10.933268,-4969.996093750007,174,33610.999999999985,10.422608673326225,35767.965,10.484808,-2156.9648437500146,174.0,9,medium,-0.06030437720380719,-0.05996722169508242,-0.08873567534456496,-0.08823224747245365,-0.08715519594291238,-0.08663513166239463,5.0,7.0,7.0,2.0,0.0,2.0,1.1547005383792517,0.14433756729740646,0.21286136367141556,-0.08663513166239463
4702,1,134608,1,Public,28.0,27.42416,-80.358682,21,12,,21577.0,0.9122626988,1,23.0,1,,10.66043079117615,10.730151,"Heating, Air Conditioning, Ventilation and Refrigeration Maintenance Technology/Technician (HAC, HACR, HVAC, HVACR).",Indian River State College,42635.000000000015,45713.6,-3078.6015624999854,45618.00000000003,10.728057654456492,54413.805,10.904373,-8795.80468749997,18,41238.99999999997,10.627139689534282,42427.293,10.655547,-1188.292968750029,24.0,5,low,-0.028007748918255786,-0.026465987423857303,-0.16164656630821025,-0.1493087126830198,-0.06734541705909776,-0.06429484383207228,4.0,5.0,4.0,1.0,-1.0,0.0,0.5773502691896258,0.14433756729740646,0.18411128850155992,-0.06429484383207228
4702,1,136358,1,Public,23.0,26.61256,-80.08653,21,15,,21408.0,0.9218037494,1,23.0,1,,10.792365976799946,10.8726225,"Heating, Air Conditioning, Ventilation and Refrigeration Maintenance Technology/Technician (HAC, HACR, HVAC, HVACR).",Palm Beach State College,48648.000000000015,52713.266,-4065.2656249999854,47546.99999999999,10.769473974500535,48859.46,10.796703,-1312.4609375000073,32,42881.99999999997,10.666207436448033,40037.18,10.597564,2844.820312499971,28.0,5,low,0.07105446324402695,0.06776132451475728,-0.026861961067865234,-0.0257766974866069,-0.07712035247294519,-0.07276840119878597,2.0,3.0,5.0,1.0,2.0,3.0,1.5275252316519465,0.38188130791298663,0.18411128850155992,-0.0257766974866069
4702,1,137245,1,Public,42.0,26.031736,-80.198024,21,-2,,16902.0,,1,28.0,1,,10.629005113126524,10.55375,"Heating, Air Conditioning, Ventilation and Refrigeration Maintenance Technology/Technician (HAC, HACR, HVAC, HVACR).",Sheridan Technical College,41316.000000000015,38320.875,2995.1250000000146,39280.00000000001,10.578470762468402,44631.66,10.706199,-5351.660156249993,42,30626.000000000025,10.329604600375154,37033.918,10.519589,-6407.9179687499745,43.0,5,low,-0.17302835671227415,-0.1681057004304698,-0.11990726174008502,-0.11635404611829449,0.0781590973588159,0.0759284365169557,5.0,4.0,3.0,-1.0,-1.0,-2.0,1.0,0.25,0.18411128850155992,-0.11635404611829449
4702,1,445744,1,"Private, for-profit",149.0,27.3016,-80.303751,12,1,,16203.0,0.868177137,1,29.0,1,,10.667419331814033,10.359752,"Heating, Air Conditioning, Ventilation and Refrigeration Maintenance Technology/Technician (HAC, HACR, HVAC, HVACR).",Fortis Institute-Port Saint Lucie,42933.99999999996,31563.344,11370.656249999964,45551.00000000002,10.726587856343938,40555.082,10.610416,4995.917968750022,137,36484.99999999999,10.50465649619972,29220.234,10.282617,7264.765624999993,158.0,5,low,0.24862105935794682,0.24706552367211165,0.12318845674878386,0.1222647711933271,0.3602487854285072,0.3578956960985529,1.0,1.0,1.0,0.0,0.0,0.0,0.0,0.0,0.18411128850155992,0.24706552367211165
4702,1,455479,1,"Private, for-profit",105.0,30.510415,-87.183112,13,2,,14377.0,0.9012699713,1,27.0,1,,10.494048144320972,10.224905,"Heating, Air Conditioning, Ventilation and Refrigeration Maintenance Technology/Technician (HAC, HACR, HVAC, HVACR).",Fortis Institute-Pensacola,36100.0,27581.623,8518.376953125,39532.00000000001,10.584865749496075,38092.777,10.54778,1439.2226562500073,176,32004.00000000003,10.373616173970015,31068.871,10.343962,935.1289062500291,197.0,5,low,0.030098580132773,0.02995296904290856,0.037782035246798434,0.03757052129135339,0.3088424832232682,0.3058059434087384,3.0,2.0,2.0,-1.0,0.0,-1.0,0.5773502691896258,0.14433756729740646,0.18411128850155992,0.03757052129135339
4706,1,133386,1,Public,21.0,29.20278,-81.049513,13,12,,21285.0,0.8535849057,1,25.0,1,,10.656741573828192,10.754418,Vehicle Maintenance and Repair Technologies/Technicians.,Daytona State College,42478.000000000015,46836.51,-4358.511718749985,33960.00000000003,10.432938640425284,60035.668,11.002694,-26075.66796874997,20,31485.00000000002,10.357266520922844,32419.045,10.386501,-934.0449218749818,16.0,15,medium,-0.028811611326795373,-0.026348089365647778,-0.4343362679386357,-0.40475273981813625,-0.09305799169935083,-0.08725221464116,11.0,15.0,9.0,4.0,-6.0,-2.0,3.055050463303893,0.16972502573910517,0.12623626832613713,-0.08725221464116
4706,1,134495,1,Public,20.0,27.934888,-82.456253,11,5,,22087.0,0.8303442291,1,24.0,1,,10.604478887119122,10.960719,Vehicle Maintenance and Repair Technologies/Technicians.,Hillsborough Community College,40314.99999999996,57567.83,-17252.828125000036,49182.99999999999,10.803303314316404,63725.965,11.062347,-14542.964843750007,76,36894.000000000015,10.515804215181525,45146.438,10.717667,-8252.437499999985,64.0,15,medium,-0.18279266221171905,-0.17950998393610135,-0.22821097929875167,-0.22480762611082453,-0.2996956579209151,-0.27997117766071444,14.0,13.0,15.0,-1.0,2.0,1.0,1.0,0.05555555555555555,0.12623626832613713,-0.22480762611082453
4706,1,135267,1,Public,36.0,26.647517,-81.836596,13,-2,,19016.0,,1,26.0,1,,10.646543319217491,10.767808,Vehicle Maintenance and Repair Technologies/Technicians.,Fort Myers Technical College,42047.00000000004,47467.848,-5420.847656249964,44254.99999999996,10.697723638402977,46045.434,10.737384,-1790.4335937500364,57,38899.99999999996,10.568749529606537,36688.676,10.510223,2211.3242187499636,33.0,15,medium,0.060272663748743856,0.0579522223054564,-0.03888406415165264,-0.038073950445328034,-0.11420040983333296,-0.11031087400736352,7.0,9.0,10.0,2.0,1.0,3.0,1.5275252316519468,0.0848625128695526,0.12623626832613713,-0.038073950445328034
4706,1,135522,1,Public,16.0,27.995822,-81.892381,41,-2,,16669.0,,1,26.0,1,,10.776327838536336,10.392322,Vehicle Maintenance and Repair Technologies/Technicians.,Traviss Technical College,47873.999999999985,32608.281,15265.718749999985,47717.00000000003,10.77304300751311,46756.402,10.752707,960.5976562500291,18,35210.000000000015,10.469085412149099,29699.58,10.298888,5510.419921875015,27.0,15,medium,0.18553864759635685,0.17658163211587105,0.02054472987865444,0.018976630562962133,0.46815465779877574,0.4289545275729605,5.0,8.0,2.0,3.0,-6.0,-3.0,3.0,0.16666666666666666,0.12623626832613713,0.17658163211587105
4706,1,136358,1,Public,40.0,26.61256,-80.08653,21,15,,21408.0,0.9218037494,1,23.0,1,,10.71681489335218,10.974435,Vehicle Maintenance and Repair Technologies/Technicians.,Palm Beach State College,45108.00000000004,58362.85,-13254.851562499964,43464.000000000015,10.67968828823136,57822.85,10.965139,-14358.851562499985,53,35686.999999999985,10.482541755792337,36257.918,10.498413,-570.9179687500146,41.0,15,medium,-0.015746021854924977,-0.015272859238575031,-0.24832486075128415,-0.24269652624386404,-0.2271111024845234,-0.22025544958770232,10.0,14.0,14.0,4.0,0.0,4.0,2.3094010767585034,0.12830005981991685,0.12623626832613713,-0.22025544958770232
4706,1,136491,1,Public,31.0,27.911922,-82.719064,13,-2,,14935.0,,1,30.0,1,,10.500536743050736,10.628837,Vehicle Maintenance and Repair Technologies/Technicians.,Pinellas Technical College-Clearwater,36334.999999999985,41309.04,-4974.039062500015,54124.000000000015,10.899032989383535,47958.824,10.778098,6165.175781250015,37,40024.99999999996,10.597259537864915,32489.18,10.388662,7535.820312499964,20.0,15,medium,0.23194861750847226,0.21634630172951383,0.12855143723143395,0.12414755867693877,-0.12041042772683147,-0.1155485113021925,3.0,4.0,11.0,1.0,7.0,8.0,4.358898943540674,0.24216105241892633,0.12623626832613713,0.12414755867693877
4706,1,137245,1,Public,55.0,26.031736,-80.198024,21,-2,,16902.0,,1,28.0,1,,10.674821874116294,10.505639,Vehicle Maintenance and Repair Technologies/Technicians.,Sheridan Technical College,43253.00000000004,36520.863,6732.136718750036,54757.99999999998,10.910678755725908,45826.7,10.732622,8931.300781249978,59,31683.999999999993,10.36356710058417,30552.15,10.32719,1131.8496093749927,70.0,15,medium,0.0370464793771866,0.0364470520466924,0.19489295396592157,0.19099167788405763,0.18433673560521638,0.18048462975005403,8.0,3.0,4.0,-5.0,1.0,-4.0,2.6457513110645907,0.1469861839480328,0.12623626832613713,0.18048462975005403
4706,1,137865,1,Public,29.0,30.203363,-85.646585,22,-2,,16344.0,,1,28.0,1,,10.620937025619039,10.64568,Vehicle Maintenance and Repair Technologies/Technicians.,Tom P. Haney Technical College,40984.00000000003,42010.734,-1026.734374999971,51617.000000000044,10.851606354574836,48161.18,10.782309,3455.8203125000437,38,30087.999999999993,10.311881700150172,32163.477,10.378587,-2075.4765625000073,19.0,15,medium,-0.06452898704737174,-0.0599396512939565,0.07175530863080136,0.06937083635682863,-0.02443981021219582,-0.023375678910659184,12.0,6.0,8.0,-6.0,2.0,-4.0,3.055050463303893,0.16972502573910517,0.12623626832613713,-0.023375678910659184
4706,1,138497,1,Public,20.0,28.834861,-82.345563,23,-2,,17183.0,,1,28.0,1,,10.444968464561736,10.662803,Vehicle Maintenance and Repair Technologies/Technicians.,Withlacoochee Technical College,34371.000000000015,42736.246,-8365.246093749985,38167.99999999997,10.549752747195942,45815.945,10.732388,-7647.945312500029,27,32263.00000000003,10.381676341775822,27166.262,10.209731,5096.738281250029,22.0,15,medium,0.1876127946500747,0.17624324784305723,-0.16692758951791037,-0.1587630310447816,-0.19574124679550103,-0.1828585297574592,6.0,12.0,13.0,6.0,1.0,7.0,3.7859388972001824,0.21032993873334346,0.12623626832613713,-0.1587630310447816
4706,1,369400,1,"Private, for-profit",3200.0,28.420257,-81.407041,21,3,,26362.0,0.7443059019,1,25.0,1,,10.76496300563697,10.966123,Vehicle Maintenance and Repair Technologies/Technicians.,Universal Technical Institute-Orlando,47332.999999999985,57879.74,-10546.738281250015,49381.0,10.80732101380793,56597.918,10.9437275,-7216.91796875,2867,35784.00000000001,10.485256145112684,42914.23,10.666959,-7130.230468749993,2558.0,15,medium,-0.1661507241506335,-0.16610811658832197,-0.12751207513913768,-0.12748288043986894,-0.18221814048296422,-0.1821827422834575,13.0,10.0,12.0,-3.0,2.0,-1.0,1.5275252316519468,0.0848625128695526,0.12623626832613713,-0.16610811658832197
4706,1,369419,1,Public,21.0,27.997242,-82.435933,11,-2,,14686.0,,1,27.0,1,,10.69394291556307,10.58403,Vehicle Maintenance and Repair Technologies/Technicians.,Erwin Technical College,44087.99999999997,39498.98,4589.019531249971,40841.99999999998,10.617466242676006,48412.426,10.787512,-7570.425781250022,22,29565.00000000001,10.29434650825493,36878.207,10.515376,-7313.207031249989,31.0,15,medium,-0.19830701164655035,-0.19011204096852413,-0.15637360985497295,-0.14677616086882628,0.11618070838260289,0.10893233262234261,15.0,11.0,6.0,-4.0,-5.0,-9.0,4.509249752822894,0.25051387515682744,0.12623626832613713,-0.14677616086882628
4706,1,378956,1,"Private, for-profit",512.0,27.89484,-82.721372,21,-2,,21490.0,0.8369047619,1,27.0,1,,11.084109843253813,10.707542,Vehicle Maintenance and Repair Technologies/Technicians.,National Aviation Academy of Tampa Bay,65127.99999999997,44691.67,20436.32812499997,68717.99999999996,11.13776645262577,50102.016,10.821816,18615.984374999956,543,48783.00000000004,10.795137170493833,35214.914,10.469225,13568.085937500036,538.0,15,medium,0.38529373984611115,0.38471140367281403,0.3715615857520694,0.37099763863394647,0.45727374402459564,0.45656072884476023,1.0,2.0,1.0,1.0,-1.0,0.0,0.5773502691896257,0.032075014954979206,0.12623626832613713,0.38471140367281403
4706,1,444370,1,"Private, for-profit",88.0,25.884901,-80.323025,21,-2,,8889.0,0.9276315789,1,33.0,1,,10.393446983620734,10.260707,Vehicle Maintenance and Repair Technologies/Technicians.,American Advanced Technicians Institute,32645.00000000001,28586.988,4058.011718750011,47486.00000000002,10.768190209737188,44180.39,10.696036,3305.609375000022,73,28380.000000000007,10.253439950714034,23883.178,10.08093,4496.822265625007,66.0,15,medium,0.18828408495879265,0.1850216474769969,0.07482073671683435,0.0736513413625213,0.1419531039375572,0.14023748691706067,4.0,5.0,5.0,1.0,0.0,1.0,0.5773502691896258,0.03207501495497921,0.12623626832613713,0.14023748691706067
4706,1,457411,1,"Private, for-profit",195.0,28.680653,-81.334196,21,-2,,20566.0,0.8585858586,1,27.0,1,,10.85450815959797,10.628663,Vehicle Maintenance and Repair Technologies/Technicians.,Aviation Institute of Maintenance-Orlando,51766.99999999999,41301.87,10465.128906249993,71513.00000000001,11.177634530336995,48282.08,10.784816,23230.921875000015,237,44096.99999999998,10.694147031910097,32792.152,10.397944,11304.847656249978,258.0,15,medium,0.34474247184950696,0.34352384665402036,0.4811499996925622,0.4792449947510522,0.2533814722944508,0.25217228276201037,2.0,1.0,3.0,-1.0,2.0,1.0,1.0,0.05555555555555555,0.12623626832613713,0.34352384665402036
4706,1,498030,1,"Private, for-profit",3576.0,25.984525,-80.339008,21,-2,,28618.0,0.7365907829,1,22.0,1,,10.904891193783463,10.927067,Vehicle Maintenance and Repair Technologies/Technicians.,Universal Technical Institute-South Florida Miramar,54442.00000000002,55662.77,-1220.7695312499782,58514.999999999985,10.977038410608866,55485.7,10.923881,3029.3007812499854,3298,41147.00000000002,10.62490629943787,40735.484,10.614855,411.5156250000218,2416.0,15,medium,0.010102141445323658,0.010099378772216738,0.05459606392103119,0.05458538306329102,-0.021931526970906792,-0.021927765691321155,9.0,7.0,7.0,-2.0,0.0,-2.0,1.1547005383792517,0.06415002990995843,0.12623626832613713,0.010099378772216738
4706,2,133553,0,"Private, nonprofit",61.0,29.189903,-81.048367,13,13,0.6481,38662.0,0.6700304341,2,25.0,1,mid,11.351429541435136,11.078555,Vehicle Maintenance and Repair Technologies/Technicians.,Embry-Riddle Aeronautical University-Daytona Beach,85086.99999999999,64767.23,20319.769531249985,83748.99999999996,11.335579509317519,83960.15,11.338098,-211.14843750004366,47,76663.00000000004,11.247174472006563,68949.76,11.141133,7713.242187500044,38.0,4,low,0.11186757477053384,0.10820028334535921,-0.002514864985704768,-0.002449383564092595,0.3137353470912148,0.3079222012535411,2.0,4.0,1.0,2.0,-3.0,-1.0,1.5275252316519465,0.08486251286955258,0.053290643172367355,0.10820028334535921
4706,2,426314,3,"Private, nonprofit",61.0,29.189903,-81.048367,13,12,0.5791,38662.0,0.6700304341,2,25.0,2,mid,11.351429541435136,11.243211,Vehicle Maintenance and Repair Technologies/Technicians.,Embry-Riddle Aeronautical University-Worldwide,85086.99999999999,76359.734,8727.265624999985,83748.99999999996,11.335579509317519,82371.48,11.3189945,1377.5234374999563,47,76663.00000000004,11.247174472006563,71290.99,11.174525,5372.007812500044,38.0,4,low,0.07535324797235687,0.07288298506807095,0.016723306355383223,0.01628786911305369,0.11429146128430316,0.11217377534739364,3.0,3.0,3.0,0.0,0.0,0.0,0.0,0.0,0.053290643172367355,0.07288298506807095
4706,2,487311,1,"Private, nonprofit",33.0,30.20813,-81.561491,11,1,,18476.0,0.8154050465,1,27.0,1,,10.830955585000408,10.588578,Vehicle Maintenance and Repair Technologies/Technicians.,Jones Technical Institute,50562.00000000001,39679.035,10882.964843750007,53254.99999999999,10.882846975877266,47462.508,10.767695,5792.492187499993,204,40207.99999999997,10.601821259783373,34054.375,10.435714,6153.624999999971,183.0,4,low,0.18069998348229768,0.1797473888011185,0.1220435340328656,0.12146825188441725,0.2742749363963753,0.2639591806304972,1.0,2.0,2.0,1.0,0.0,1.0,0.5773502691896257,0.032075014954979206,0.053290643172367355,0.1797473888011185
4706,2,498030,1,"Private, for-profit",1252.0,25.984525,-80.339008,21,-2,,28618.0,0.7365907829,1,22.0,1,,10.910222097179828,10.954923,Vehicle Maintenance and Repair Technologies/Technicians.,Universal Technical Institute-South Florida Miramar,54733.00000000003,57235.1,-2502.101562499971,60060.00000000003,11.003099341537322,52185.418,10.862558,7874.582031250029,1926,39457.99999999997,10.582992094054914,38179.375,10.550051,1278.624999999971,2109.0,4,low,0.03348994057655399,0.03347926534568241,0.1508962146468873,0.15084212284375953,-0.04371620726081368,-0.04369169814093177,4.0,1.0,4.0,-3.0,3.0,0.0,1.7320508075688772,0.09622504486493762,0.053290643172367355,0.03347926534568241
4805,1,135276,1,Public,30.0,30.448534,-84.339057,12,-2,,12177.0,,1,26.0,1,,10.666463921439238,10.326441,Precision Metal Working.,Lively Technical College,42892.99999999996,30529.26,12363.740234374964,49469.999999999985,10.809121704221754,42302.49,10.652601,7167.511718749985,26,46499.0,10.74718608596786,30002.795,10.309046,16496.205078125,20.0,5,low,0.5498222789270089,0.5128377911112433,0.16943475454910503,0.16079093772590372,0.4049800201279741,0.38800936488472293,1.0,1.0,2.0,0.0,1.0,1.0,0.5773502691896257,0.14433756729740643,0.17320508075688773,0.38800936488472293
4805,1,136358,1,Public,19.0,26.61256,-80.08653,21,15,,21408.0,0.9218037494,1,23.0,1,,10.832477309387691,10.675709,Precision Metal Working.,Palm Beach State College,50638.99999999999,43291.375,7347.624999999993,46609.99999999998,10.749570389366786,48441.242,10.788107,-1831.2421875000218,43,41517.99999999998,10.63388234712274,32978.66,10.403616,8539.339843749978,46.0,5,low,0.25893531766576733,0.2521188771104701,-0.03780336970740531,-0.03671299556726771,0.169724916337261,0.15791216193590762,3.0,4.0,4.0,1.0,0.0,1.0,0.5773502691896258,0.14433756729740646,0.17320508075688773,0.15791216193590762
4805,1,136491,1,Public,16.0,27.911922,-82.719064,13,-2,,14935.0,,1,30.0,1,,10.814986823674152,10.368671,Precision Metal Working.,Pinellas Technical College-Clearwater,49760.99999999999,31846.14,17914.859374999993,46449.00000000002,10.746110215484947,40963.11,10.620427,5485.890625000022,29,40795.00000000001,10.6163148038629,31091.4,10.3446865,9703.599609375007,23.0,5,low,0.3120991492007847,0.29409010521993384,0.13392271018244747,0.12787673018796153,0.562544126962009,0.5154404558410934,2.0,2.0,1.0,0.0,-1.0,-1.0,0.5773502691896257,0.14433756729740643,0.17320508075688773,0.29409010521993384
4805,1,419226,1,Public,29.0,29.178271,-82.147877,13,-2,,16708.0,,1,28.0,1,,10.459468169808975,10.621011,Precision Metal Working.,Marion Technical College,34872.99999999999,40987.027,-6114.027343750007,35952.000000000015,10.48993999442511,43983.348,10.691566,-8031.347656249985,37,38846.000000000015,10.567360390392079,31577.494,10.3602,7268.505859375015,37.0,5,low,0.23017994483684995,0.22240058317612837,-0.18259973567766247,-0.17634428589564546,-0.14916981640246518,-0.14267482853225968,4.0,5.0,5.0,1.0,0.0,1.0,0.5773502691896258,0.14433756729740646,0.17320508075688773,-0.14267482853225968
4805,1,442329,1,"Private, for-profit",2634.0,30.282647,-81.560428,11,-2,,20300.0,0.747530975,1,25.0,1,,10.662282014331929,10.485017,Precision Metal Working.,Tulsa Welding School-Jacksonville,42714.00000000002,35775.438,6938.562500000022,47366.99999999998,10.765681062689998,44633.445,10.706239,2733.554687499978,3411,31821.000000000025,10.36788172817358,27931.643,10.237515,3889.3574218750255,3486.0,5,low,0.13924556749559092,0.1392203479222955,0.06124453687948713,0.06123299973653288,0.19394766311383396,0.19390077274731832,5.0,3.0,3.0,-2.0,0.0,-2.0,1.1547005383792515,0.28867513459481287,0.17320508075688773,0.1392203479222955
4901,3,133553,1,"Private, nonprofit",688.0,29.189903,-81.048367,13,13,0.6481,38662.0,0.6700304341,2,25.0,1,mid,11.336319542772157,11.334482,Air Transportation.,Embry-Riddle Aeronautical University-Daytona Beach,83811.00000000004,83657.15,153.85156250004366,90495.00000000007,11.413049879542973,85633.51,11.357832,4861.492187500073,1152,54827.00000000004,10.911938052328884,57073.71,10.952099,-2246.7109374999636,1094.0,5,low,-0.03936507545409621,-0.03933866918847478,0.056770910262658146,0.05673446406490572,0.0018390725164985236,0.0018370303261034996,4.0,4.0,3.0,0.0,-1.0,-1.0,0.5773502691896258,0.08247860988423227,0.19794866372215741,0.0018370303261034996
4901,3,133881,1,"Private, nonprofit",39.0,28.065773,-80.623123,13,14,0.577,30032.0,0.7019104084,2,28.0,1,mid,11.264912722976653,11.203636,Air Transportation.,Florida Institute of Technology,78034.99999999996,73396.84,4638.156249999956,83242.99999999994,11.32951932022334,87243.484,11.376458,-4000.484375000058,86,47018.99999999997,10.758307054322177,52330.188,10.865329,-5311.187500000029,69.0,5,low,-0.10149376017427855,-0.09982380903109415,-0.0458542480697437,-0.04526217630751363,0.0631928569816731,0.061229055132711666,5.0,5.0,2.0,0.0,-3.0,-3.0,1.7320508075688772,0.24743582965269675,0.19794866372215741,-0.04526217630751363
4901,3,385619,3,"Private, nonprofit",78.0,26.391218,-80.108331,13,9,0.8145,22435.0,0.7852348993,2,33.0,1,open,11.211239122212184,11.272546,Air Transportation.,Everglades University,73957.00000000001,78632.93,-4675.929687499985,86730.00000000001,11.370555123678502,65352.695,11.087554,21377.304687500015,74,53330.99999999996,10.884273054590794,42012.617,10.645725,11318.382812499964,55.0,5,low,0.26940437350014745,0.26363573369878857,0.3271067028724549,0.32207460795395787,-0.0594652864402088,-0.05863790177199825,1.0,1.0,5.0,0.0,4.0,4.0,2.3094010767585034,0.32991443953692906,0.19794866372215741,0.26363573369878857
4901,3,426314,3,"Private, nonprofit",688.0,29.189903,-81.048367,13,12,0.5791,38662.0,0.6700304341,2,25.0,2,mid,11.336319542772157,11.373528,Air Transportation.,Embry-Riddle Aeronautical University-Worldwide,83811.00000000004,86988.19,-3177.1874999999563,90495.00000000007,11.413049879542973,81567.33,11.309184,8927.671875000073,1152,54827.00000000004,10.911938052328884,53600.91,10.889321,1226.0898437500364,1094.0,5,low,0.02287442209798132,0.02285907783510647,0.1094515669474747,0.10938130044241384,-0.036524355677602274,-0.036483797359384756,2.0,2.0,4.0,0.0,2.0,2.0,1.1547005383792515,0.1649572197684645,0.19794866372215741,0.02285907783510647
4901,3,480569,3,"Private, nonprofit",39.0,28.065773,-80.623123,13,9,0.4018,30032.0,0.7019104084,2,28.0,2,mid,11.264912722976653,11.1354885,Air Transportation.,Florida Institute of Technology-Online,78034.99999999996,68561.64,9473.359374999956,83242.99999999994,11.32951932022334,74992.36,11.225142,8250.640624999942,86,47018.99999999997,10.758307054322177,47832.527,10.775461,-813.5273437500291,69.0,5,low,-0.01700782686859903,-0.016727984641120918,0.11001974992868988,0.10859917081197829,0.13817288047138176,0.13387897493986387,3.0,3.0,1.0,0.0,-2.0,-2.0,1.1547005383792515,0.1649572197684645,0.19794866372215741,0.10859917081197829
4901,5,133553,1,"Private, nonprofit",244.0,29.189903,-81.048367,13,13,0.6481,38662.0,0.6700304341,2,25.0,1,mid,11.565688678497112,11.561169,Air Transportation.,Embry-Riddle Aeronautical University-Daytona Beach,105417.99999999993,104942.586,475.41406249992724,113160.99999999994,11.636566862421349,117221.05,11.671817,-4060.046875000058,375,91764.0,11.426975342832225,83381.56,11.3311825,8382.4375,387.0,3,low,0.1005310676446007,0.10030891781423702,-0.034635818253095245,-0.034555259716915594,0.004530230108709792,0.0045135761760016985,2.0,2.0,2.0,0.0,0.0,0.0,0.0,0.0,0.109971479845643,0.0045135761760016985
4901,5,385619,3,"Private, nonprofit",25.0,26.391218,-80.108331,13,9,0.8145,22435.0,0.7852348993,2,33.0,1,open,11.46709092862643,11.217755,Air Transportation.,Everglades University,95520.00000000007,74440.49,21079.507812500073,69588.99999999996,11.150361787854917,90491.36,11.41301,-20902.359375000044,26,53683.99999999998,10.890870284517696,61212.527,11.022107,-7528.527343750022,20.0,3,low,-0.12298997722267237,-0.1147169015609692,-0.23098735082959454,-0.21920339095453303,0.28317260126928245,0.2686081156335074,3.0,3.0,1.0,0.0,-2.0,-2.0,1.1547005383792515,0.1649572197684645,0.109971479845643,-0.1147169015609692
4901,5,426314,3,"Private, nonprofit",244.0,29.189903,-81.048367,13,12,0.5791,38662.0,0.6700304341,2,25.0,2,mid,11.565688678497112,11.626254,Air Transportation.,Embry-Riddle Aeronautical University-Worldwide,105417.99999999993,111999.99,-6581.992187500073,113160.99999999994,11.636566862421349,115734.69,11.659056,-2573.687500000058,375,91764.0,11.426975342832225,82760.85,11.32371,9003.1484375,387.0,3,low,0.10878511116697405,0.10854472185690256,-0.022237823038145397,-0.022186100672047838,-0.05876779148770932,-0.05855175061972827,1.0,1.0,3.0,0.0,2.0,2.0,1.1547005383792517,0.16495721976846453,0.109971479845643,-0.022186100672047838
5004,3,133650,1,Public,22.0,30.428504,-84.290226,12,13,0.2056,28781.0,0.8220073183,2,20.0,1,elite,10.505067539570582,10.769327,Design and Applied Arts.,Florida Agricultural and Mechanical University,36499.99999999998,47540.016,-11040.015625000022,35817.0,10.486177920013498,53410.12,10.885756,-17593.12109375,16,23504.000000000004,10.064925898413659,36888.09,10.515644,-13384.089843749996,16.0,7,medium,-0.36282957183313413,-0.3318060164954492,-0.3293967647605414,-0.3008922928711978,-0.2322257466653919,-0.21846085457271072,7.0,7.0,7.0,0.0,0.0,0.0,0.0,0.0,0.1689643416102684,-0.3008922928711978
5004,3,133711,1,"Private, nonprofit",48.0,29.892733,-81.314887,23,10,0.8076,53601.0,0.5154411765,2,22.0,1,open,10.793536973205056,10.722465,Design and Applied Arts.,Flagler College,48704.999999999985,45363.566,3341.4335937499854,46921.000000000015,10.756220615413271,48744.83,10.794354,-1823.8281249999854,55,34236.0,10.4410330010015,31762.031,10.366027,2473.96875,55.0,7,medium,0.077890759899054,0.07622291860949333,-0.03741582841000089,-0.036603375128579294,0.07365897036899675,0.07185681926101162,3.0,5.0,2.0,2.0,-3.0,-1.0,1.5275252316519465,0.25458753860865774,0.1689643416102684,0.07185681926101162
5004,3,134097,1,Public,27.0,30.443147,-84.295064,12,15,0.2422,43729.0,0.5975318884,2,20.0,1,elite,10.86936812875028,10.988358,Design and Applied Arts.,Florida State University,52542.0,59181.1,-6639.1015625,73887.99999999999,11.210305712154222,54775.76,10.911003,19112.238281249985,46,49144.00000000003,10.802510042843764,32214.527,10.380173,16929.47265625003,43.0,7,medium,0.5255229255919704,0.5105717997762214,0.34891780016466256,0.3396048925986745,-0.11218279800839082,-0.1068891447629971,1.0,1.0,5.0,0.0,4.0,4.0,2.3094010767585034,0.3849001794597506,0.1689643416102684,0.3396048925986745
5004,3,134130,1,Public,57.0,29.64629,-82.347911,12,16,0.242,39127.0,0.6673828964,2,21.0,1,elite,11.204686881123047,11.007045,Design and Applied Arts.,University of Florida,73473.99999999999,60297.434,13176.566406249985,65655.99999999994,11.092184269309547,58282.484,10.973057,7373.515624999942,50,43143.99999999999,10.672298637017063,33186.48,10.409898,9957.519531249993,58.0,7,medium,0.300047470855684,0.2940063977272852,0.12651340628442354,0.12344620572626931,0.2185261564368765,0.21414506299011876,2.0,2.0,1.0,0.0,-1.0,-1.0,0.5773502691896257,0.09622504486493762,0.1689643416102684,0.21414506299011876
5004,3,134237,2,"Private, for-profit",524.0,28.596546,-81.301286,21,15,,21349.0,0.7669108669,1,25.0,1,,10.707549793667228,10.654926,Design and Applied Arts.,Full Sail University,44691.999999999985,42400.96,2291.0390624999854,44962.00000000003,10.713572967563955,41601.36,10.635888,3360.640625000029,369,25478.99999999999,10.145609862448119,28749.605,10.266379,-3270.605468750011,306.0,7,medium,-0.11376175135012082,-0.1134318480070889,0.08078199067263121,0.08059056549443161,0.05403271557635286,0.05395068095200259,6.0,4.0,3.0,-2.0,-1.0,-3.0,1.5275252316519465,0.25458753860865774,0.1689643416102684,0.05395068095200259
5004,3,136774,1,"Private, nonprofit",175.0,27.360931,-82.547803,13,11,0.6965,51310.0,0.5492424242,2,20.0,1,mid,10.702390170761937,10.905829,Design and Applied Arts.,Ringling College of Art and Design,44462.00000000002,54493.1,-10031.101562499978,47937.000000000015,10.777642927807499,52234.56,10.8635,-4297.558593749985,168,28137.0,10.244840715177048,31698.908,10.3640375,-3561.908203125,184.0,7,medium,-0.11236690488834733,-0.11177829151403125,-0.08227423968820902,-0.0817879787327288,-0.18408020969397318,-0.1830836140656209,5.0,6.0,6.0,1.0,0.0,1.0,0.5773502691896258,0.09622504486493764,0.1689643416102684,-0.11177829151403125
5004,3,137351,1,Public,18.0,28.061458,-82.413232,11,15,0.4319,32495.0,0.6858996244,2,22.0,1,mid,10.91319576509823,10.935487,Design and Applied Arts.,University of South Florida,54895.99999999995,56133.43,-1237.429687500051,54770.00000000001,10.910897877777767,49546.266,10.810662,5223.734375000007,26,38937.99999999999,10.569725916538856,36635.95,10.508785,2302.0507812499927,29.0,7,medium,0.06283584376385751,0.06003626417668978,0.10543144491527977,0.10005279577285132,-0.022044434027796565,-0.020417585242188042,4.0,3.0,4.0,-1.0,1.0,0.0,0.5773502691896258,0.09622504486493764,0.1689643416102684,0.06003626417668978
5005,3,132903,1,Public,20.0,28.602159,-81.200889,21,15,0.4011,31400.0,0.7045342864,2,23.0,1,mid,10.45250451367605,10.6864,Drama/Theatre Arts and Stagecraft.,University of Central Florida,34631.00000000002,43756.715,-9125.714843749978,42953.99999999997,10.66788505462424,44564.586,10.704695,-1610.585937500029,54,23707.99999999999,10.073567822907728,19636.254,9.885133,4071.746093749989,101.0,6,medium,0.20735859870165957,0.20517093041378628,-0.03614048921623124,-0.03533888216272675,-0.2085557582724575,-0.19482965371113684,2.0,5.0,4.0,3.0,-1.0,2.0,1.5275252316519468,0.30550504633038933,0.2522992371993109,-0.03533888216272675
5005,3,133951,1,Public,24.0,25.75732,-80.373928,21,15,0.5466,23924.0,0.8131269705,2,23.0,1,mid,10.316986965672614,10.528494,Drama/Theatre Arts and Stagecraft.,Florida International University,30241.99999999998,37365.16,-7123.160156250018,33896.00000000001,10.431052292306395,28088.443,10.2431135,5807.556640625007,30,20113.0,9.909121651153221,21414.094,9.971805,-1301.09375,35.0,6,medium,-0.060758758469524304,-0.058570960369454764,0.20675964724426907,0.19777482562643398,-0.19063641441554321,-0.18037513035572525,5.0,1.0,3.0,-4.0,2.0,-2.0,2.0,0.4,0.2522992371993109,-0.058570960369454764
5005,3,134097,1,Public,70.0,30.443147,-84.295064,12,15,0.2422,43729.0,0.5975318884,2,20.0,1,elite,10.380901159956876,10.688409,Drama/Theatre Arts and Stagecraft.,Florida State University,32237.99999999998,43844.688,-11606.687500000018,44115.00000000004,10.694555139656206,40391.043,10.606363,3723.9570312500364,76,18430.999999999993,9.821789308551622,19156.262,9.860385,-725.2617187500073,61.0,6,medium,-0.037860294946802,-0.03714137165672437,0.09219759524732281,0.09082263519645943,-0.26472277855783594,-0.2605440044210656,3.0,3.0,5.0,0.0,2.0,2.0,1.1547005383792515,0.2309401076758503,0.2522992371993109,-0.03714137165672437
5005,3,134130,1,Public,48.0,29.64629,-82.347911,12,16,0.242,39127.0,0.6673828964,2,21.0,1,elite,10.47480602473094,10.838654,Drama/Theatre Arts and Stagecraft.,University of Florida,35412.00000000001,50952.727,-15540.726562499993,41707.000000000015,10.638424259406456,52477.125,10.868133,-10770.124999999985,55,16317.999999999987,9.700024071988745,22511.014,10.02176,-6193.013671875013,45.0,6,medium,-0.2751103865043844,-0.2676824105563208,-0.20523466176929445,-0.20077816350367417,-0.3050028450084475,-0.29754060093529455,6.0,6.0,6.0,0.0,0.0,0.0,0.0,0.0,0.2522992371993109,-0.2676824105563208
5005,3,134237,1,"Private, for-profit",192.0,28.596546,-81.301286,21,15,,21349.0,0.7669108669,1,25.0,1,,10.320354083368734,10.34476,Drama/Theatre Arts and Stagecraft.,Full Sail University,30343.999999999978,31093.684,-749.6835937500218,44877.99999999999,10.711702975923748,40530.766,10.609817,4347.234374999993,162,20226.00000000001,9.914724184462116,21203.16,9.9619055,-977.1601562499891,128.0,6,medium,-0.046085590499204625,-0.04571690432954271,0.10725764263181231,0.10659626281707439,-0.02411047862790732,-0.023993320488534246,4.0,2.0,2.0,-2.0,0.0,-2.0,1.1547005383792515,0.2309401076758503,0.2522992371993109,-0.023993320488534246
5005,3,137351,1,Public,34.0,28.061458,-82.413232,11,15,0.4319,32495.0,0.6858996244,2,22.0,1,mid,10.489856546350627,10.42649,Drama/Theatre Arts and Stagecraft.,University of South Florida,35949.00000000001,33741.707,2207.2929687500073,45671.000000000015,10.729218802151282,46504.7,10.747309,-833.6992187499854,31,24731.999999999993,10.115853230678459,18221.945,9.810382,6510.054687499993,31.0,6,medium,0.35726452779079443,0.3425006911254388,-0.017927203761245927,-0.017176455256802135,0.06541734734125085,0.06303914725006432,1.0,4.0,1.0,3.0,-3.0,0.0,1.7320508075688772,0.34641016151377546,0.2522992371993109,0.06303914725006432
5006,3,132903,1,Public,42.0,28.602159,-81.200889,21,15,0.4011,31400.0,0.7045342864,2,23.0,1,mid,10.500316545422477,10.712268,Film/Video and Photographic Arts.,University of Central Florida,36327.00000000003,44903.36,-8576.35937499997,41255.00000000002,10.627527596538444,49070.06,10.801004,-7815.058593749978,73,23676.00000000001,10.072217155810616,28527.727,10.258632,-4851.726562499989,147.0,6,medium,-0.17007056457410227,-0.16891300467259576,-0.15926328228891443,-0.15677410949279302,-0.19099594093565456,-0.18554491628469816,5.0,6.0,4.0,1.0,-2.0,-1.0,1.0,0.2,0.22030637437060266,-0.16891300467259576
5006,3,134097,1,Public,53.0,30.443147,-84.295064,12,15,0.2422,43729.0,0.5975318884,2,20.0,1,elite,10.976183563574418,10.680821,Film/Video and Photographic Arts.,Florida State University,58464.999999999956,43513.28,14951.718749999956,46180.00000000003,10.740302082908487,45871.867,10.733607,308.1328125000291,31,31688.999999999996,10.363724896491272,25348.996,10.140494,6340.003906249996,36.0,6,medium,0.2501086781820593,0.24138730403888004,0.006717250275436679,0.0064359478667944375,0.34361276190818074,0.33611703801932347,1.0,1.0,1.0,0.0,0.0,0.0,0.0,0.0,0.22030637437060266,0.24138730403888004
5006,3,134237,2,"Private, for-profit",691.0,28.596546,-81.301286,21,15,,21349.0,0.7669108669,1,25.0,1,,10.441237443239979,10.300053,Film/Video and Photographic Arts.,Full Sail University,34243.000000000015,29734.186,4508.814453125015,33578.999999999985,10.421656150557377,35163.535,10.467765,-1584.5351562500146,590,24077.999999999985,10.089053839494971,22597.7,10.025603,1480.3007812499854,511.0,6,medium,0.0655067034444699,0.06540165234208264,-0.04506188439840008,-0.04499971493467642,0.15163739548261754,0.15146984818898745,4.0,3.0,2.0,-1.0,-1.0,-2.0,1.0,0.2,0.22030637437060266,0.06540165234208264
5006,3,135726,1,"Private, nonprofit",28.0,25.72126,-80.278662,21,16,0.189,54690.0,0.4559891107,2,20.0,1,elite,10.517618581666662,11.029876,Film/Video and Photographic Arts.,University of Miami,36960.99999999999,61689.918,-24728.917968750007,52032.00000000001,10.859614192907483,54196.707,10.900375,-2164.7070312499927,39,35485.00000000003,10.476865350959084,30870.516,10.337557,4614.484375000029,37.0,6,medium,0.14947869452698942,0.14442678252778293,-0.039941670810402105,-0.038653210082141905,-0.4008583376829392,-0.3827004916680808,3.0,2.0,6.0,-1.0,4.0,3.0,2.081665999466133,0.4163331998932266,0.22030637437060266,-0.038653210082141905
5006,3,136774,1,"Private, nonprofit",38.0,27.360931,-82.547803,13,11,0.6965,51310.0,0.5492424242,2,20.0,1,mid,10.304911171484573,10.653612,Film/Video and Photographic Arts.,Ringling College of Art and Design,29879.000000000015,42345.277,-12466.277343749985,41023.99999999998,10.621912540280341,44175.67,10.69593,-3151.671875000022,44,18550.999999999993,9.828278974938373,25517.297,10.147112,-6966.296875000007,41.0,6,medium,-0.27300293244717,-0.2647992869182831,-0.07134406204206763,-0.06933990952033431,-0.29439593092167954,-0.28497066026214385,6.0,4.0,5.0,-2.0,1.0,-1.0,1.0,0.2,0.22030637437060266,-0.2647992869182831
5006,3,137847,1,"Private, nonprofit",23.0,27.948455,-82.46483,11,13,0.4034,75458.0,0.429463171,2,20.0,1,mid,10.604801295762467,10.638867,Film/Video and Photographic Arts.,The University of Tampa,40328.000000000015,41725.49,-1397.4882812499854,42089.999999999985,10.647565461764616,47959.508,10.778112,-5869.507812500015,28,26640.99999999998,10.190206661487347,21376.041,9.970026,5264.958984374982,32.0,6,medium,0.24630187510056306,0.2364827716053613,-0.12238465489360603,-0.11663756716649591,-0.03349243684891685,-0.031602437016894885,2.0,5.0,3.0,3.0,-2.0,1.0,1.5275252316519468,0.30550504633038933,0.22030637437060266,-0.031602437016894885
5007,3,132903,1,Public,81.0,28.602159,-81.200889,21,15,0.4011,31400.0,0.7045342864,2,23.0,1,mid,10.652967806436234,10.342344,Fine and Studio Arts.,University of Central Florida,42317.99999999998,31018.662,11299.337890624978,46778.99999999998,10.753189663252995,41180.695,10.625725,5598.304687499978,119,23323.999999999996,10.057238152342046,24077.201,10.089021,-753.2011718750036,227.0,9,medium,-0.03128275444052987,-0.0311544327877531,0.1359448801196095,0.13474336268171455,0.36427547554379835,0.35942546555603855,4.0,1.0,1.0,-3.0,0.0,-3.0,1.7320508075688772,0.21650635094610965,0.16125595833759315,0.13474336268171455
5007,3,133669,1,Public,134.0,26.372421,-80.102978,13,15,0.6613,28064.0,0.7219053052,2,23.0,1,mid,10.638016570874843,10.501786,Fine and Studio Arts.,Florida Atlantic University,41690.000000000015,36380.426,5309.574218750015,46605.99999999997,10.749484567190283,43052.996,10.670187,3553.003906249971,118,28726.000000000022,10.265557914991769,24271.271,10.097049,4454.728515625022,125.0,9,medium,0.18353914909207872,0.18202959333029675,0.08252628687009683,0.08178967543061066,0.1459459064793711,0.14486682853066857,2.0,4.0,4.0,2.0,0.0,2.0,1.1547005383792515,0.14433756729740643,0.16125595833759315,0.14486682853066857
5007,3,133951,1,Public,66.0,25.75732,-80.373928,21,15,0.5466,23924.0,0.8131269705,2,23.0,1,mid,10.319397918505832,10.7923355,Fine and Studio Arts.,Florida International University,30315.000000000022,48646.516,-18331.515624999978,40653.0,10.612827912990824,48291.11,10.785003,-7638.109375,140,22334.000000000004,10.013865460005738,27454.814,10.220297,-5120.814453124996,146.0,9,medium,-0.18651790424109488,-0.18523824300367978,-0.15816802458785925,-0.15701166430368807,-0.37683101018604515,-0.37046046417962,8.0,8.0,8.0,0.0,0.0,0.0,0.0,0.0,0.16125595833759315,-0.18523824300367978
5007,3,134097,1,Public,201.0,30.443147,-84.295064,12,15,0.2422,43729.0,0.5975318884,2,20.0,1,elite,10.679205012996713,10.519306,Fine and Studio Arts.,Florida State University,43443.000000000015,37023.426,6419.574218750015,41066.99999999999,10.622960158263622,44672.62,10.707116,-3605.6210937500073,151,26784.999999999978,10.19559730831506,23439.379,10.062173,3345.621093749978,130.0,9,medium,0.14273505740623033,0.14161366093673491,-0.08071210073353985,-0.08017186623994237,0.17339222622670208,0.17259347043636294,3.0,7.0,3.0,4.0,-4.0,0.0,2.309401076758503,0.28867513459481287,0.16125595833759315,0.14161366093673491
5007,3,134130,1,Public,93.0,29.64629,-82.347911,12,16,0.242,39127.0,0.6673828964,2,21.0,1,elite,10.251464780771665,10.870567,Fine and Studio Arts.,University of Florida,28324.0,52605.043,-24281.04296875,39332.000000000015,10.579793715900047,49578.316,10.811309,-10246.316406249985,83,23792.999999999996,10.077146698751429,25487.506,10.145944,-1694.5058593750036,78.0,9,medium,-0.066483784985643,-0.06553547884552183,-0.2066693092659819,-0.2038879792900736,-0.46157253370506973,-0.45634283497743794,6.0,9.0,9.0,3.0,0.0,3.0,1.7320508075688772,0.21650635094610965,0.16125595833759315,-0.2038879792900736
5007,3,136172,1,Public,105.0,30.27194,-81.509144,11,15,0.5324,37074.0,0.6143506622,2,22.0,1,mid,10.709271214599578,10.432886,Fine and Studio Arts.,University of North Florida,44769.00000000003,33958.215,10810.78515625003,43803.999999999985,10.68748041639565,39471.87,10.5833435,4332.128906249985,79,31769.999999999993,10.366277727263562,24375.82,10.101347,7394.179687499993,101.0,9,medium,0.30334075295542906,0.3001404567062488,0.10975230679996666,0.10818773831677589,0.3183555203355971,0.3152254483241778,1.0,2.0,2.0,1.0,0.0,1.0,0.5773502691896257,0.07216878364870322,0.16125595833759315,0.3001404567062488
5007,3,137351,1,Public,82.0,28.061458,-82.413232,11,15,0.4319,32495.0,0.6858996244,2,22.0,1,mid,10.492245967358542,10.621118,Fine and Studio Arts.,University of South Florida,36035.00000000003,40991.402,-4956.402343749971,38820.00000000001,10.566690856723001,40343.19,10.605178,-1523.1914062499927,98,24818.000000000007,10.119324475334565,31317.031,10.351917,-6499.031249999993,106.0,9,medium,-0.20752386131747377,-0.20545457823553562,-0.03775584809123501,-0.03733725623510139,-0.12091321741535097,-0.11932626026377761,9.0,6.0,7.0,-3.0,1.0,-2.0,1.5275252316519465,0.19094065395649332,0.16125595833759315,-0.11932626026377761
5007,3,138354,2,Public,49.0,30.549076,-87.218511,41,12,0.5824,34583.0,0.6786062378,2,24.0,1,mid,10.529399245077244,10.511015,Fine and Studio Arts.,University of West Florida,37399.00000000002,36717.727,681.2734375000218,42114.99999999998,10.648159250749464,38431.656,10.556637,3683.343749999978,22,23842.99999999999,10.079245952188407,26260.55,10.175823,-2417.550781250011,32.0,9,medium,-0.09206017045827307,-0.08839008738989763,0.09584140027792787,0.08995912288610092,0.01855434694030893,0.018111089534062718,7.0,3.0,5.0,-4.0,2.0,-2.0,2.0,0.25,0.16125595833759315,0.018111089534062718
5007,3,433660,1,Public,29.0,26.463638,-81.7726,21,16,0.6344,43546.0,0.5981697171,2,21.0,1,mid,10.698175462651035,10.713691,Fine and Studio Arts.,Florida Gulf Coast University,44275.00000000002,44967.297,-692.2968749999782,43271.000000000015,10.675237943652137,43340.785,10.676849,-69.78515624998545,33,22966.999999999985,10.041813682016414,23890.287,10.081227,-923.2871093750146,40.0,9,medium,-0.0386469658212144,-0.03745228135668445,-0.0016101497930505768,-0.0015473252174671838,-0.015395563511954556,-0.014725226840121857,5.0,5.0,6.0,0.0,1.0,1.0,0.5773502691896258,0.07216878364870323,0.16125595833759315,-0.014725226840121857
5009,3,132903,1,Public,16.0,28.602159,-81.200889,21,15,0.4011,31400.0,0.7045342864,2,23.0,1,mid,10.854199034612414,10.629101,Music.,University of Central Florida,51751.00000000002,41319.953,10431.046875000022,39897.99999999998,10.594081476308356,41672.637,10.6376,-1774.6367187500218,27,21956.99999999998,9.996841274269336,25688.707,10.153807,-3731.707031250018,28.0,8,medium,-0.14526644049116377,-0.13853382273002948,-0.04258517959223707,-0.04050230527605218,0.2524457577055884,0.23130764359700856,5.0,7.0,2.0,2.0,-5.0,-3.0,2.516611478423583,0.3595159254890833,0.2535552777820982,-0.04050230527605218
5009,3,133951,1,Public,31.0,25.75732,-80.373928,21,15,0.5466,23924.0,0.8131269705,2,23.0,1,mid,10.618004758832265,10.724783,Music.,Florida International University,40863.999999999985,45468.86,-4604.859375000015,50676.99999999997,10.833227437734287,44587.625,10.705212,6089.374999999971,41,25483.99999999998,10.145806083236378,24516.33,10.107095,967.6699218749818,44.0,8,medium,0.039470423133941945,0.03837679305163345,0.136570965598638,0.13241055451548495,-0.10127501411508665,-0.09718574490620431,3.0,2.0,4.0,-1.0,2.0,1.0,1.0,0.14285714285714285,0.2535552777820982,0.03837679305163345
5009,3,134097,1,Public,70.0,30.443147,-84.295064,12,15,0.2422,43729.0,0.5975318884,2,20.0,1,elite,10.637296714814964,10.5069475,Music.,Florida State University,41660.00000000003,36568.684,5091.316406250029,44454.00000000004,10.702210225644713,42888.457,10.666358,1565.5429687500364,75,19429.000000000015,9.874522074243114,24335.799,10.099704,-4906.798828124985,55.0,8,medium,-0.20162883753189867,-0.19731144608729542,0.03650266475218095,0.035949830296187965,0.13922613301617978,0.13702838272442147,6.0,4.0,3.0,-2.0,-1.0,-3.0,1.5275252316519465,0.21821789023599236,0.2535552777820982,0.035949830296187965
5009,3,134130,1,Public,35.0,29.64629,-82.347911,12,16,0.242,39127.0,0.6673828964,2,21.0,1,elite,10.60194560541465,10.710315,Music.,University of Florida,40213.00000000003,44815.746,-4602.746093749971,61445.999999999985,11.025914019303492,39512.734,10.584378,21933.265624999985,28,22558.999999999993,10.023889378388423,23058.764,10.045801,-499.7636718750073,18.0,8,medium,-0.021673480806977258,-0.020039390985570754,0.5550935912670556,0.5290268301315053,-0.10270377032486512,-0.09909144086100445,4.0,1.0,5.0,-3.0,4.0,1.0,2.081665999466133,0.29738085706659045,0.2535552777820982,-0.020039390985570754
5009,3,134237,2,"Private, for-profit",448.0,28.596546,-81.301286,21,15,,21349.0,0.7669108669,1,25.0,1,,10.604181186851473,10.380508,Music.,Full Sail University,40302.99999999996,32225.342,8077.658203124964,39466.00000000001,10.583194820729371,40511.098,10.609331,-1045.0976562499927,427,25004.999999999993,10.126831083853004,23015.154,10.043908,1989.8457031249927,304.0,8,medium,0.08645806486707648,0.08620542771971607,-0.025797811382895382,-0.02574616592383162,0.2506616765786572,0.2502058051464012,1.0,6.0,1.0,5.0,-5.0,0.0,2.886751345948129,0.4123930494211613,0.2535552777820982,0.08620542771971607
5009,3,135726,1,"Private, nonprofit",56.0,25.72126,-80.278662,21,16,0.189,54690.0,0.4559891107,2,20.0,1,elite,10.616829440381593,10.795708,Music.,University of Miami,40816.00000000004,48810.836,-7994.835937499964,29089.999999999985,10.278149751489247,65086.555,11.083473,-35996.554687500015,44,15492.000000000007,9.648079040634643,22039.746,10.000603,-6547.746093749993,41.0,8,medium,-0.2970880910287253,-0.2881606946531388,-0.5530566928965626,-0.5375205721038249,-0.1637922355547645,-0.16044028592410534,8.0,8.0,7.0,0.0,-1.0,-1.0,0.5773502691896258,0.08247860988423227,0.2535552777820982,-0.2881606946531388
5009,3,136950,1,"Private, nonprofit",39.0,28.592787,-81.349239,21,11,0.4754,43978.0,0.58,2,22.0,1,mid,10.5138236135709,10.687254,Music.,Rollins College,36820.99999999997,43794.082,-6973.082031250029,45909.99999999999,10.734438237243268,43757.72,10.686423,2152.2812499999927,31,20745.00000000002,9.940060532766969,19305.807,9.868161,1439.1933593750182,41.0,8,medium,0.07454717568477762,0.07230705833872707,0.04918632212745306,0.04712651635584122,-0.15922429944471195,-0.15427619314624538,2.0,3.0,6.0,1.0,3.0,4.0,2.081665999466133,0.29738085706659045,0.2535552777820982,0.04712651635584122
5009,3,137546,1,"Private, nonprofit",36.0,29.035475,-81.300746,13,14,0.716,52032.0,0.5486725664,2,20.0,1,open,10.24060243975606,10.547794,Music.,Stetson University,28018.000000000022,38093.324,-10075.324218749978,41298.0,10.62856935162642,40714.434,10.614338,583.56640625,37,15905.000000000005,9.674388804183245,20666.49,9.936269,-4761.4902343749945,34.0,8,medium,-0.23039665566701353,-0.22182235298441483,0.01433315791821754,0.013842136673075085,-0.26449054855104454,-0.25548230185805126,7.0,5.0,8.0,-2.0,3.0,1.0,1.5275252316519465,0.21821789023599236,0.2535552777820982,-0.22182235298441483
5100,3,132903,1,Public,127.0,28.602159,-81.200889,21,15,0.4011,31400.0,0.7045342864,2,23.0,1,mid,10.984529720010773,11.0297165,"Health Services/Allied Health/Health Sciences, General.",University of Central Florida,58954.999999999956,61680.09,-2725.0898437500437,56147.99999999996,10.935746340654216,56413.94,10.940472,-265.9414062500364,317,27531.000000000015,10.223067921487123,29506.533,10.292367,-1975.5332031249854,619.0,11,medium,-0.06695239964401373,-0.06686627027930242,-0.0047141078893057665,-0.004700790102577215,-0.04418102909145122,-0.043833234591121824,8.0,6.0,7.0,-2.0,1.0,-1.0,1.0,0.07692307692307693,0.17755036193816778,-0.043833234591121824
5100,3,133650,1,Public,202.0,30.428504,-84.290226,12,13,0.2056,28781.0,0.8220073183,2,20.0,1,elite,10.712103982902187,10.874833,"Health Services/Allied Health/Health Sciences, General.",Florida Agricultural and Mechanical University,44895.999999999985,52829.926,-7933.925781250015,46081.0,10.73815599652319,53113.586,10.880188,-7032.5859375,115,27552.999999999985,10.223866701574616,26951.56,10.201797,601.4394531249854,183.0,11,medium,0.02231557063565737,0.02219792981751591,-0.132406536169021,-0.13118863097098538,-0.1501786281908021,-0.14949079729838505,5.0,10.0,11.0,5.0,1.0,6.0,3.214550253664318,0.24727309643571677,0.17755036193816778,-0.13118863097098538
5100,3,133872,1,"Private, nonprofit",43.0,28.576142,-81.367687,11,9,,30567.0,0.6558533145,1,26.0,1,,10.858595069841899,10.920804,"Health Services/Allied Health/Health Sciences, General.",AdventHealth University,51978.999999999985,55315.254,-3336.2539062500146,51966.99999999998,10.85836418072537,64553.195,11.075245,-12586.195312500022,24,29286.999999999993,10.284899010540572,44141.395,10.695153,-14854.394531250007,16.0,11,medium,-0.3365184695452656,-0.3077446314334924,-0.1949740094440042,-0.18410224326098026,-0.060313451907938465,-0.058638105372880965,11.0,11.0,9.0,0.0,-2.0,-2.0,1.1547005383792517,0.08882311833686551,0.17755036193816778,-0.18410224326098026
5100,3,134130,1,Public,162.0,29.64629,-82.347911,12,16,0.242,39127.0,0.6673828964,2,21.0,1,elite,11.304288679856738,11.124044,"Health Services/Allied Health/Health Sciences, General.",University of Florida,81169.00000000004,67781.484,13387.515625000044,74152.00000000006,11.21387231955567,66272.484,11.10153,7879.515625000058,120,23493.00000000001,10.064457783419048,33711.63,10.425598,-10218.628906249989,71.0,11,medium,-0.3031188120475394,-0.29829456695975004,0.11889573326411242,0.11785511751797892,0.19750992101226086,0.19633984487979317,10.0,2.0,1.0,-8.0,-1.0,-9.0,4.932882862316247,0.37945252787048056,0.17755036193816778,0.11785511751797892
5100,3,135081,2,"Private, nonprofit",19.0,26.185869,-80.163959,12,15,0.9697,21659.0,0.7867955286,2,28.0,1,open,10.847899160126937,10.837239,"Health Services/Allied Health/Health Sciences, General.",Keiser University-Ft Lauderdale,51425.999999999985,50880.715,545.2851562499854,54184.00000000004,10.90014094089474,51662.8,10.852493,2521.1992187500364,111,41964.99999999997,10.644591216516927,38544.527,10.559569,3420.472656249971,86.0,11,medium,0.08874081204175412,0.08761128673983042,0.04880105570399226,0.04833323018640431,0.01071693190483872,0.009971039744395243,3.0,4.0,3.0,1.0,-1.0,0.0,0.5773502691896258,0.04441155916843276,0.17755036193816778,0.04833323018640431
5100,3,136172,1,Public,120.0,30.27194,-81.509144,11,15,0.5324,37074.0,0.6143506622,2,22.0,1,mid,10.886146380853784,10.91698,"Health Services/Allied Health/Health Sciences, General.",University of North Florida,53431.00000000003,55104.12,-1673.121093749971,53539.999999999956,10.888184317074343,56419.324,10.940567,-2879.3242187500437,161,36198.99999999999,10.496786773122912,31028.102,10.3426485,5170.898437499993,144.0,11,medium,0.16665210493411065,0.16549018112240302,-0.05103436204918508,-0.05071738959663949,-0.030362903182929796,-0.030107512578622198,1.0,8.0,6.0,7.0,-2.0,5.0,3.605551275463989,0.2773500981126146,0.17755036193816778,-0.030107512578622198
5100,3,137351,3,Public,517.0,28.061458,-82.413232,11,15,0.4319,32495.0,0.6858996244,2,22.0,1,mid,10.943746596190673,10.96172,"Health Services/Allied Health/Health Sciences, General.",University of South Florida,56598.99999999998,57625.5,-1026.5000000000218,56452.000000000015,10.941145998533898,56340.555,10.93917,111.44531250001455,885,34072.99999999999,10.436260560784943,29984.6,10.308439,4088.4003906249927,707.0,11,medium,0.13635000780022793,0.1361994070228963,0.0019780655891330863,0.0019763504238404722,-0.01781329446165364,-0.017785827680908913,2.0,5.0,5.0,3.0,0.0,3.0,1.7320508075688772,0.13323467750529824,0.17755036193816778,0.0019763504238404722
5100,3,137546,1,"Private, nonprofit",36.0,29.035475,-81.300746,13,14,0.716,52032.0,0.5486725664,2,20.0,1,open,10.898478552953948,10.899855,"Health Services/Allied Health/Health Sciences, General.",Stetson University,54094.0,54168.492,-74.4921875,52590.99999999997,10.870300281424473,55298.375,10.920499,-2707.375000000029,37,30105.99999999998,10.312479766420449,32266.271,10.381778,-2160.271484375018,41.0,11,medium,-0.06695138251164637,-0.06493951617427378,-0.04895939528060326,-0.0472821582495685,-0.0013751940379317024,-0.0013283564960524638,7.0,7.0,4.0,0.0,-3.0,-3.0,1.7320508075688772,0.13323467750529824,0.17755036193816778,-0.0472821582495685
5100,3,137847,1,"Private, nonprofit",20.0,27.948455,-82.46483,11,13,0.4034,75458.0,0.429463171,2,20.0,1,mid,10.965608732621822,11.025839,"Health Services/Allied Health/Health Sciences, General.",The University of Tampa,57849.999999999985,61441.383,-3591.3828125000146,72530.99999999996,11.19176933566073,58339.64,10.974037,14191.359374999956,46,26671.99999999999,10.191369604990575,30168.633,10.314558,-3496.632812500011,49.0,11,medium,-0.11590292587111287,-0.11306629439802893,0.2432541445741886,0.2367614882454091,-0.05845218073069414,-0.05460514840134187,9.0,1.0,8.0,-8.0,7.0,-1.0,4.358898943540674,0.335299918733898,0.17755036193816778,-0.05460514840134187
5100,3,138354,3,Public,157.0,30.549076,-87.218511,41,12,0.5824,34583.0,0.6786062378,2,24.0,1,mid,10.841813711270895,10.812096,"Health Services/Allied Health/Health Sciences, General.",University of West Florida,51113.99999999996,49617.34,1496.6601562499636,55704.000000000044,10.927807236622384,52523.79,10.869021,3180.2109375000437,91,39603.000000000015,10.58666015194887,38588.66,10.560714,1014.3398437500146,94.0,11,medium,0.02628595653860056,0.025984373255664047,0.06054801061126403,0.05981608836800006,0.030164054763175477,0.029978698611962184,4.0,3.0,2.0,-1.0,-1.0,-2.0,1.0,0.07692307692307693,0.17755036193816778,0.029978698611962184
5100,3,433660,1,Public,56.0,26.463638,-81.7726,21,16,0.6344,43546.0,0.5981697171,2,21.0,1,mid,10.887866747042812,10.977309,"Health Services/Allied Health/Health Sciences, General.",Florida Gulf Coast University,53522.99999999996,58530.848,-5007.847656250036,54005.99999999997,10.89685043048514,57114.16,10.952807,-3108.160156250029,163,33870.99999999999,10.430314470029058,33869.758,10.430278,1.242187499992724,111.0,11,medium,3.6675417251855324e-05,3.6328881986707276e-05,-0.054420132376049715,-0.054086962627671764,-0.08555911723098532,-0.08380818043944226,6.0,9.0,10.0,3.0,1.0,4.0,2.081665999466133,0.16012815380508716,0.17755036193816778,-0.054086962627671764
5100,5,132903,3,Public,16.0,28.602159,-81.200889,21,15,0.4011,31400.0,0.7045342864,2,23.0,1,mid,11.33384664481812,11.172755,"Health Services/Allied Health/Health Sciences, General.",University of Central Florida,83604.00000000007,71164.914,12439.085937500073,86073.99999999997,11.362962670364041,72829.2,11.195872,13244.79687499997,55,57336.00000000001,10.956683977673755,44982.523,10.714029,12353.476562500007,106.0,3,low,0.27462835827039095,0.2718899559874843,0.18186107092600393,0.1779121105497268,0.17479239736839347,0.16015645468325504,2.0,1.0,1.0,-1.0,0.0,-1.0,0.5773502691896257,0.04441155916843275,0.0296077061122885,0.1779121105497268
5100,5,136172,1,Public,16.0,30.27194,-81.509144,11,15,0.5324,37074.0,0.6143506622,2,22.0,1,mid,10.979052956993057,11.125937,"Health Services/Allied Health/Health Sciences, General.",University of North Florida,58632.99999999998,67909.92,-9276.921875000022,55761.99999999997,10.928847912796902,68882.25,11.140154,-13120.25000000003,20,44345.00000000004,10.699755241810553,50824.848,10.836141,-6479.847656249964,16.0,3,low,-0.12749369560487267,-0.11659241294254664,-0.19047359806045866,-0.17750005322806992,-0.13660628106855735,-0.12516778757426966,3.0,3.0,3.0,0.0,0.0,0.0,0.0,0.0,0.0296077061122885,-0.12516778757426966
5100,5,136215,2,"Private, nonprofit",50.0,26.082288,-80.249891,21,16,0.7321,31002.0,0.6566484517,2,24.0,1,open,11.31371814269949,11.314806,"Health Services/Allied Health/Health Sciences, General.",Nova Southeastern University,81938.00000000001,82027.18,-89.17968749998545,85889.00000000006,11.360811043893564,84848.96,11.348628,1040.0390625000582,47,75170.99999999996,11.227520797262487,54934.434,10.913896,20236.566406249956,37.0,3,low,0.3683767189792653,0.35592673891535964,0.012257534458980047,0.011938375861442344,-0.0010871968028126097,-0.0010618241286714358,1.0,2.0,2.0,1.0,0.0,1.0,0.5773502691896257,0.04441155916843275,0.0296077061122885,0.011938375861442344
5102,3,132903,1,Public,66.0,28.602159,-81.200889,21,15,0.4011,31400.0,0.7045342864,2,23.0,1,mid,10.824228368083894,10.951219,Communication Disorders Sciences and Services.,University of Central Florida,50222.99999999996,57023.492,-6800.492187500036,51149.00000000001,10.842498220846531,55446.71,10.923178,-4297.710937499993,111,26286.00000000002,10.176791757041954,32200.67,10.379743,-5914.669921874982,184.0,5,low,-0.1836815798002062,-0.18271939761147954,-0.07751065599444498,-0.07676760930752226,-0.11925772916781757,-0.11724160833447564,4.0,5.0,5.0,1.0,0.0,1.0,0.5773502691896258,0.04811252243246882,0.08402419807212302,-0.11724160833447564
5102,3,134097,1,Public,98.0,30.443147,-84.295064,12,15,0.2422,43729.0,0.5975318884,2,20.0,1,elite,11.037772601141834,10.947598,Communication Disorders Sciences and Services.,Florida State University,62178.99999999999,56817.43,5361.570312499993,67180.00000000001,11.115130863166284,58829.516,10.982399,8350.484375000015,83,13371.00000000001,9.500843461614666,31658.79,10.362771,-18287.789062499993,22.0,5,low,-0.577652828931539,-0.5426464164478232,0.14194378937655946,0.1400335274335104,0.09436488665518697,0.09335918068270369,5.0,1.0,1.0,-4.0,0.0,-4.0,2.3094010767585034,0.1924500897298753,0.08402419807212302,0.09335918068270369
5102,3,134130,3,Public,72.0,29.64629,-82.347911,12,16,0.242,39127.0,0.6673828964,2,21.0,1,elite,10.989554813701943,10.933714,Communication Disorders Sciences and Services.,University of Florida,59252.00000000003,56034.0,3218.000000000029,65370.00000000006,11.087818716606776,59287.81,10.990159,6082.191406250058,70,26538.999999999996,10.186370628201196,19165.436,9.860864,7373.564453124996,26.0,5,low,0.3847324228604492,0.36535863427038207,0.102587556371433,0.10090392889294772,0.05742941785344664,0.0565521558686372,2.0,3.0,2.0,1.0,-1.0,0.0,0.5773502691896258,0.04811252243246882,0.08402419807212302,0.10090392889294772
5102,3,137351,1,Public,183.0,28.061458,-82.413232,11,15,0.4319,32495.0,0.6858996244,2,22.0,1,mid,10.810071323940141,10.876108,Communication Disorders Sciences and Services.,University of South Florida,49517.000000000015,52897.332,-3380.3320312499854,51378.000000000015,10.846965344254247,55338.582,10.921226,-3960.5820312499854,171,28425.000000000015,10.255024318618737,31278.553,10.350688,-2853.5527343749854,187.0,5,low,-0.09123033148649946,-0.09076136073977532,-0.07156999485482701,-0.0711556377670778,-0.06390363939816467,-0.06357524329810746,3.0,4.0,4.0,1.0,0.0,1.0,0.5773502691896258,0.04811252243246882,0.08402419807212302,-0.0711556377670778
5102,3,484473,3,Public,72.0,29.649413,-82.339848,12,9,0.6126,39127.0,0.6673828964,2,21.0,2,mid,10.989554813701943,11.032453,Communication Disorders Sciences and Services.,University of Florida-Online,59252.00000000003,61849.086,-2597.085937499971,65370.00000000006,11.087818716606776,58659.04,10.979497,6710.960937500058,70,26538.999999999996,10.186370628201196,18717.648,9.837222,7821.351562499996,26.0,5,low,0.41785973214617367,0.39681776731588314,0.11440625425775672,0.11252866285981432,-0.0419906923139396,-0.041349264288726935,1.0,2.0,3.0,1.0,1.0,2.0,1.0,0.08333333333333333,0.08402419807212302,0.11252866285981432
5102,5,132903,1,Public,20.0,28.602159,-81.200889,21,15,0.4011,31400.0,0.7045342864,2,23.0,1,mid,11.166257427370521,11.048759,Communication Disorders Sciences and Services.,University of Central Florida,70703.99999999999,62865.92,7838.078124999985,71169.00000000001,11.172812609330474,68087.22,11.128545,3081.7812500000146,49,56313.999999999985,10.938698451065855,54614.426,10.908053,1699.5742187499854,115.0,5,low,0.031119510906465968,0.03083738219271637,0.045262257830145466,0.04413902517484279,0.12467928396222194,0.11647351250584084,4.0,1.0,1.0,-3.0,0.0,-3.0,1.7320508075688772,0.14433756729740643,0.09281628526632212,0.04413902517484279
5102,5,134097,2,Public,43.0,30.443147,-84.295064,12,15,0.2422,43729.0,0.5975318884,2,20.0,1,elite,11.077856453603484,11.092093,Communication Disorders Sciences and Services.,Florida State University,64722.000000000015,65650.04,-928.0390624999854,59810.99999999996,10.998944869510936,68688.21,11.137333,-8877.210937500036,75,54564.99999999997,10.90714793054719,38773.848,10.565501,15791.15234374997,73.0,5,low,0.4072629697147061,0.40098760057904714,-0.12923922193253057,-0.12728188825743886,-0.014136154003145007,-0.013743489417069625,1.0,4.0,2.0,3.0,-2.0,1.0,1.5275252316519468,0.1272937693043289,0.09281628526632212,-0.013743489417069625
5102,5,134130,1,Public,44.0,29.64629,-82.347911,12,16,0.242,39127.0,0.6673828964,2,21.0,1,elite,11.153274669001355,11.302383,Communication Disorders Sciences and Services.,University of Florida,69791.99999999999,81014.5,-11222.500000000015,71170.00000000004,11.172826660293318,81957.664,11.313958,-10787.664062499956,41,58883.999999999985,10.983324685877903,59908.984,11.000582,-1024.9843750000146,43.0,5,low,-0.01710902606166931,-0.016622274316358095,-0.1316248356501889,-0.12761510032572324,-0.13852458510513568,-0.13477732252933328,5.0,5.0,4.0,0.0,-1.0,-1.0,0.5773502691896258,0.04811252243246882,0.09281628526632212,-0.12761510032572324
5102,5,136215,2,"Private, nonprofit",261.0,26.082288,-80.249891,21,16,0.7321,31002.0,0.6566484517,2,24.0,1,open,11.027231381841842,11.21547,Communication Disorders Sciences and Services.,Nova Southeastern University,61526.99999999998,74270.586,-12743.585937500022,67111.00000000004,11.114103243950224,74163.08,11.214022,-7052.078124999956,377,61782.99999999995,11.03138352469794,58935.086,10.984192,2847.914062499949,380.0,5,low,0.04832289657675447,0.048213837729723756,-0.09508880029377767,-0.09486899144852101,-0.1715832153017343,-0.17099993551390527,3.0,3.0,5.0,0.0,2.0,2.0,1.1547005383792515,0.09622504486493762,0.09281628526632212,-0.09486899144852101
5102,5,137351,3,Public,41.0,28.061458,-82.413232,11,15,0.4319,32495.0,0.6858996244,2,22.0,1,mid,10.980280181064312,11.004842,Communication Disorders Sciences and Services.,University of South Florida,58705.000000000015,60164.746,-1459.7460937499854,65422.00000000002,11.088613872315685,71250.21,11.173953,-5828.210937499978,109,62613.00000000005,11.044728203259861,54494.402,10.905853,8118.597656250051,111.0,5,low,0.14898039628066823,0.14757272419414627,-0.08179920958567306,-0.08099822712235277,-0.024262482409140026,-0.02355057255655787,2.0,2.0,3.0,0.0,1.0,1.0,0.5773502691896258,0.04811252243246882,0.09281628526632212,-0.02355057255655787
5102,6,134130,1,Public,40.0,29.64629,-82.347911,12,16,0.242,39127.0,0.6673828964,2,21.0,1,elite,11.404281787853485,11.404389,Communication Disorders Sciences and Services.,University of Florida,89705.0,89714.65,-9.6484375,87909.00000000004,11.384057467510363,96792.67,11.480327,-8883.671874999956,18,72758.00000000004,11.194894144623701,68546.67,11.13527,4211.328125000044,20.0,3,low,0.06143738287804427,0.05730471996936792,-0.0917804179067658,-0.08477517562012546,-0.00010754584304838039,-0.00010429942769320885,2.0,2.0,2.0,0.0,0.0,0.0,0.0,0.0,0.06415002990995843,-0.00010429942769320885
5102,6,136215,0,"Private, nonprofit",33.0,26.082288,-80.249891,21,16,0.7321,31002.0,0.6566484517,2,24.0,1,open,11.484145259543503,11.767889,Communication Disorders Sciences and Services.,Nova Southeastern University,97163.00000000001,129041.46,-31878.460937499985,96693.99999999993,11.479306631946551,116178.586,11.662884,-19484.585937500073,29,84181.00000000007,11.340724521560253,79437.086,11.282721,4743.914062500073,40.0,3,low,0.05971913504269931,0.05787305162179811,-0.16771236954099353,-0.1601409454734004,-0.24704045278083153,-0.2377490132907277,1.0,3.0,3.0,2.0,0.0,2.0,1.1547005383792515,0.09622504486493762,0.06415002990995843,-0.1601409454734004
5102,6,137351,1,Public,21.0,28.061458,-82.413232,11,15,0.4319,32495.0,0.6858996244,2,22.0,1,mid,11.413580154967189,11.305352,Communication Disorders Sciences and Services.,University of South Florida,90542.99999999994,81255.375,9287.624999999942,90868.99999999996,11.417174187896805,93627.336,11.447078,-2758.3359375000437,24,69946.99999999996,11.155493091396936,86218.516,11.36464,-16271.515625000044,26.0,3,low,-0.1887241447738627,-0.17922065230627762,-0.02946079699780568,-0.0278180606277683,0.11430166927418577,0.10717052452168609,3.0,1.0,1.0,-2.0,0.0,-2.0,1.1547005383792517,0.09622504486493764,0.06415002990995843,-0.0278180606277683
5106,1,132976,1,Public,20.0,27.005558,-82.147238,22,-2,,18431.0,,1,26.0,1,,10.35685354062884,10.610128,Dental Support Services and Allied Professions.,Charlotte Technical College,31472.000000000004,40543.406,-9071.406249999996,35097.00000000002,10.465870935715712,39616.23,10.586994,-4519.230468749978,16,27852.000000000022,10.234660056062438,31860.81,10.369132,-4008.810546874978,20.0,12,medium,-0.12582261650176926,-0.11735899979267772,-0.11407522662497707,-0.1042036843438439,-0.22374553815393833,-0.20901971769580568,11.0,10.0,11.0,-1.0,1.0,0.0,0.5773502691896257,0.03396178054056622,0.15267079161372174,-0.11735899979267772
5106,1,133386,1,Public,26.0,29.20278,-81.049513,13,12,,21285.0,0.8535849057,1,25.0,1,,10.404808146287813,10.69976,Dental Support Services and Allied Professions.,Daytona State College,33017.99999999998,44345.23,-11327.230468750022,33589.00000000001,10.421953911398072,43816.434,10.687764,-10227.433593749993,21,32107.0,10.376829353880446,34131.754,10.4379835,-2024.75390625,19.0,12,medium,-0.059321707047677946,-0.05510271580723476,-0.2334154734859306,-0.21834054195009925,-0.2554328920836774,-0.24285865873524412,5.0,12.0,12.0,7.0,0.0,7.0,4.041451884327381,0.23773246378396357,0.15267079161372174,-0.21834054195009925
5106,1,133845,1,"Private, for-profit",241.0,30.23886,-81.581748,11,2,0.9404,16617.0,0.8801108801,2,27.0,1,open,10.37586336592692,10.31381,Dental Support Services and Allied Professions.,Concorde Career Institute-Jacksonville,32076.000000000015,30146.086,1929.9140625000146,33649.0,10.423738616949274,34877.215,10.459589,-1228.21484375,211,25406.999999999993,10.142780005589708,27150.773,10.209161,-1743.7734375000073,209.0,12,medium,-0.06422555296680975,-0.06393551585394207,-0.03521539346683516,-0.03505578925433968,0.06401872755558334,0.06377997361878768,6.0,6.0,2.0,0.0,-4.0,-4.0,2.309401076758503,0.13584712216226488,0.15267079161372174,-0.03505578925433968
5106,1,133854,1,"Private, for-profit",109.0,25.977088,-80.291516,21,1,0.9959,16501.0,0.8625304136,2,27.0,1,open,10.219283208646708,10.383693,Dental Support Services and Allied Professions.,Concorde Career Institute-Miramar,27426.99999999998,32328.123,-4901.123046875018,32146.999999999978,10.378074412714673,34003.65,10.434223,-1856.6484375000218,93,23606.000000000007,10.069256195989015,25403.566,10.142645,-1797.5664062499927,100.0,12,medium,-0.07076039550918095,-0.07000513600297338,-0.05460144786853129,-0.053957941688636366,-0.15160555531691425,-0.15017870318434956,7.0,8.0,10.0,1.0,2.0,3.0,1.5275252316519468,0.08985442539129099,0.15267079161372174,-0.07000513600297338
5106,1,133863,1,"Private, for-profit",108.0,27.959148,-82.514341,11,1,0.957,15715.0,0.8117942284,2,26.0,1,open,10.425104737380318,10.38193,Dental Support Services and Allied Professions.,Concorde Career Institute-Tampa,33695.000000000015,32271.195,1423.8046875000146,33692.000000000015,10.425015699435255,35922.586,10.489121,-2230.5859374999854,178,27151.999999999993,10.209205987474007,26800.367,10.196171,351.6328124999927,154.0,12,medium,0.013120447568494446,0.013035864253625202,-0.06209424737352918,-0.06175117513298942,0.04411998606536011,0.04370024866014541,3.0,9.0,3.0,6.0,-6.0,0.0,3.4641016151377544,0.2037706832433973,0.15267079161372174,0.013035864253625202
5106,1,408844,1,"Private, for-profit",138.0,25.86178,-80.321846,21,9,,13365.0,0.8321821438,1,29.0,1,,10.174087045006633,10.230019,Dental Support Services and Allied Professions.,Florida National University-Main Campus,26215.0,27723.025,-1508.025390625,28072.99999999998,10.242563539313103,31686.305,10.36364,-3613.304687500018,180,20202.99999999998,9.913586387213542,26392.865,10.180849,-6189.865234375018,127.0,12,medium,-0.23452797486773505,-0.23263447953059735,-0.1140336408153469,-0.11341175289642899,-0.05439613351632841,-0.05400753127297767,12.0,11.0,6.0,-1.0,-5.0,-6.0,3.214550253664318,0.18909119139201871,0.15267079161372174,-0.11341175289642899
5106,1,423120,1,"Private, for-profit",255.0,25.848446,-80.306915,21,-2,,0.0,,1,33.0,1,,10.074621763689507,10.070019,Dental Support Services and Allied Professions.,Compu-Med Vocational Careers Corp,23733.00000000002,23624.006,108.99414062501819,27003.99999999998,10.20374028216176,26904.438,10.200047,99.56249999998181,119,22749.999999999985,10.032320424379096,16695.55,9.722898,6054.449218749985,107.0,12,medium,0.36263848363418216,0.359061944738057,0.0037005977173833055,0.0036678908388001748,0.004613702742617833,0.004597589346118202,1.0,4.0,5.0,3.0,1.0,4.0,2.081665999466133,0.12245094114506665,0.15267079161372174,0.004597589346118202
5106,1,439792,1,"Private, for-profit",70.0,30.148278,-81.759035,21,1,,18895.0,0.875,1,30.0,1,,10.362904085736766,10.451965,Dental Support Services and Allied Professions.,Fortis College-Orange Park,31663.000000000007,34612.332,-2949.3320312499927,38908.000000000015,10.568955163989331,35583.867,10.479648,3324.1328125000146,53,28321.0,10.25135885791871,29813.176,10.302706,-1492.17578125,63.0,12,medium,-0.05005088328055457,-0.049135439765649866,0.09341685081569001,0.0912995385037863,-0.08521043969493781,-0.08386535264379749,4.0,2.0,8.0,-2.0,6.0,4.0,3.055050463303893,0.17970885078258195,0.15267079161372174,-0.049135439765649866
5106,1,441371,1,"Private, nonprofit",147.0,27.965294,-82.78558,12,4,,10150.0,0.9341584543,1,32.0,1,,10.315332267608332,10.171312,Dental Support Services and Allied Professions.,Ultimate Medical Academy,30192.000000000007,26142.361,4049.6386718750073,32299.99999999998,10.382822509210747,29437.336,10.290019,2862.664062499982,52,20029.000000000004,9.904936502301233,22741.922,10.031965,-2712.9218749999964,42.0,12,medium,-0.1192916715619487,-0.11580480454845106,0.09724603029900052,0.09499284125439547,0.15490714939810138,0.15387922572233992,9.0,1.0,1.0,-8.0,0.0,-8.0,4.618802153517007,0.2716942443245298,0.15267079161372174,0.09499284125439547
5106,1,446127,1,"Private, for-profit",170.0,28.452699,-82.595376,22,1,,16605.0,0.8771186441,1,28.0,1,,10.2510410220253,10.316591,Dental Support Services and Allied Professions.,ATA Career Education,28312.00000000001,30230.037,-1918.037109374989,36748.00000000003,10.511839081391358,35686.6,10.482531,1061.398437500029,107,29032.000000000004,10.276153948892906,27644.35,10.227177,1387.6503906250036,98.0,12,medium,0.050196528774705235,0.04964796718420123,0.029742211110832195,0.029444608403234818,-0.06344805672700161,-0.06309273970745687,2.0,3.0,7.0,1.0,4.0,5.0,2.6457513110645907,0.15563243006262298,0.15267079161372174,0.029444608403234818
5106,1,455479,1,"Private, for-profit",159.0,30.510415,-87.183112,13,2,,14377.0,0.9012699713,1,27.0,1,,10.21464198117305,10.339193,Dental Support Services and Allied Professions.,Fortis Institute-Pensacola,27299.99999999999,30921.078,-3621.078125000011,30724.000000000022,10.332799387118573,32311.445,10.383177,-1587.4453124999782,208,22821.0,10.03543644366541,25849.354,10.160041,-3028.353515625,208.0,12,medium,-0.11715393631776785,-0.11662191694514944,-0.049129504952409524,-0.0489030967309268,-0.11710711089573339,-0.11639805021671638,10.0,7.0,9.0,-3.0,2.0,-1.0,1.5275252316519468,0.08985442539129099,0.15267079161372174,-0.11639805021671638
5106,1,460190,1,"Private, for-profit",241.0,28.55984,-81.340421,11,1,0.9005,16617.0,0.8801108801,2,27.0,1,open,10.37586336592692,10.362832,Dental Support Services and Allied Professions.,Concorde Career Institute-Orlando,32076.000000000015,31660.72,415.27929687501455,33649.0,10.423738616949274,34217.246,10.440485,-568.24609375,211,25406.999999999993,10.142780005589708,27698.607,10.229137,-2291.6074218750073,209.0,12,medium,-0.08273366913259358,-0.08236005094756109,-0.016607008413040983,-0.016531741654991966,0.013116545917226241,0.013067628559845468,8.0,5.0,4.0,-3.0,-1.0,-4.0,2.0816659994661326,0.12245094114506662,0.15267079161372174,-0.016531741654991966
5106,2,132693,1,Public,28.0,28.170002,-80.670781,13,12,,22005.0,0.8466486121,1,25.0,1,,10.663311591360353,10.725985,Dental Support Services and Allied Professions.,Eastern Florida State College,42757.999999999985,45523.527,-2765.5273437500146,69083.00000000006,11.143063959227321,58437.535,10.975714,10645.464843750058,16,57020.999999999956,10.951174900018946,56736.047,10.946165,284.95312499995634,19.0,6,medium,0.00502243530691803,0.004665237046447385,0.18216827275972994,0.1664042733355558,-0.06074940816574703,-0.057997617083282625,5.0,3.0,6.0,-2.0,3.0,1.0,1.5275252316519465,0.08985442539129097,0.06605172777779501,0.004665237046447385
5106,2,133386,1,Public,22.0,29.20278,-81.049513,13,12,,21285.0,0.8535849057,1,25.0,1,,10.99272267939164,10.655363,Dental Support Services and Allied Professions.,Daytona State College,59439.99999999998,42419.484,17020.515624999978,63799.99999999996,11.06350846933288,54711.91,10.909837,9088.089843749964,20,63590.99999999997,11.060227229880846,47833.758,10.775487,15757.24218749997,19.0,6,medium,0.32941677401273,0.30598847848344346,0.16610807076184286,0.15479411163577889,0.40124286930349984,0.3774596976344321,1.0,4.0,2.0,3.0,-2.0,1.0,1.5275252316519468,0.08985442539129099,0.06605172777779501,0.30598847848344346
5106,2,136358,1,Public,16.0,26.61256,-80.08653,21,15,,21408.0,0.9218037494,1,23.0,1,,11.204319336656239,10.736748,Dental Support Services and Allied Professions.,Palm Beach State College,73446.99999999996,46016.152,27430.847656249956,67712.99999999996,11.123033464099866,53954.27,10.895892,13758.730468749956,30,63723.00000000004,11.062300843894995,53251.184,10.882775,10471.816406250036,33.0,6,medium,0.19664945827568603,0.1890786372035472,0.25500726056129774,0.24392581997105917,0.5961134571038438,0.5461989154912392,2.0,1.0,1.0,-1.0,0.0,-1.0,0.5773502691896257,0.03396178054056622,0.06605172777779501,0.24392581997105917
5106,2,136473,1,Public,21.0,30.479267,-87.200265,13,12,,20605.0,0.9150442478,1,25.0,1,,10.853599832885793,10.847591,Dental Support Services and Allied Professions.,Pensacola State College,51719.99999999997,51410.176,309.8242187499709,59103.99999999996,10.987053882998966,57909.99,10.966645,1194.0117187499636,31,46690.0,10.751285287964983,47973.824,10.778411,-1283.82421875,38.0,6,medium,-0.026760931396589235,-0.025883642920087387,0.020618407189983128,0.019754957509372305,0.006026515452276824,0.0056505283445096414,6.0,5.0,5.0,-1.0,0.0,-1.0,0.5773502691896258,0.03396178054056623,0.06605172777779501,0.0056505283445096414
5106,2,137078,1,Public,17.0,27.773264,-82.636587,11,15,,22640.0,0.8076387681,1,26.0,1,,11.04493580632355,10.822973,Dental Support Services and Allied Professions.,St Petersburg College,62626.00000000005,50160.004,12465.996093750051,63102.00000000003,11.052507743748084,69579.86,11.15023,-6477.859374999971,45,62093.0,11.036388540150964,59543.99,10.994471,2549.01171875,34.0,6,medium,0.04280888452936678,0.041215734956962805,-0.09309963304305645,-0.09055106205858278,0.24852462366329225,0.2290200011846139,4.0,6.0,3.0,2.0,-3.0,-1.0,1.5275252316519465,0.08985442539129097,0.06605172777779501,0.041215734956962805
5106,2,138187,1,Public,19.0,28.520783,-81.464275,11,15,,23247.0,0.8727049583,1,22.0,1,,10.965712443751848,10.816974,Dental Support Services and Allied Professions.,Valencia College,57855.999999999956,49859.965,7996.035156249956,75094.99999999994,11.22650925763968,62046.703,11.035643,13048.296874999942,22,57534.99999999996,10.960148737257558,53576.84,10.888872,3958.1601562499636,26.0,6,medium,0.07387819378286273,0.07015794453242626,0.21029798873781727,0.19739092455561721,0.1603698514691646,0.1492082040830945,3.0,2.0,4.0,-1.0,2.0,1.0,1.0,0.058823529411764705,0.06605172777779501,0.1492082040830945
5107,1,133845,1,"Private, for-profit",49.0,30.23886,-81.581748,11,2,0.9404,16617.0,0.8801108801,2,27.0,1,open,10.33146403427305,10.330143,Health and Medical Administrative Services.,Concorde Career Institute-Jacksonville,30683.000000000004,30642.492,40.50781250000364,34492.99999999997,10.44851168388203,35871.645,10.487702,-1378.644531250029,37,29199.00000000002,10.281889741094604,29505.266,10.292324,-306.2656249999818,40.0,19,high,-0.01038003280134787,-0.010059157315638344,-0.03843271055078077,-0.0371160936896173,0.001321949019424993,0.0012903680807142344,11.0,14.0,7.0,3.0,-7.0,-4.0,3.511884584284246,0.066261973288382,0.07829224723644124,-0.010059157315638344
5107,1,133863,1,"Private, for-profit",26.0,27.959148,-82.514341,11,1,0.957,15715.0,0.8117942284,2,26.0,1,open,10.549176181936373,10.386091,Health and Medical Administrative Services.,Concorde Career Institute-Tampa,38146.00000000003,32405.754,5740.246093750029,38706.99999999999,10.563775741214291,34588.973,10.45129,4118.027343749993,22,25803.000000000015,10.15824604321959,29120.557,10.2792,-3317.5566406249854,19.0,19,high,-0.1139249047182287,-0.10582250512463263,0.11905607560755038,0.11174899474400819,0.17713663167215885,0.16841670009626947,17.0,4.0,2.0,-13.0,-2.0,-15.0,8.144527815247077,0.1536703361367373,0.07829224723644124,0.11174899474400819
5107,1,137078,1,Public,23.0,27.773264,-82.636587,11,15,,22640.0,0.8076387681,1,26.0,1,,10.581825617442366,10.682169,Health and Medical Administrative Services.,St Petersburg College,39412.00000000003,43571.953,-4159.953124999971,42416.000000000015,10.655280928528807,59159.996,10.988001,-16743.996093749985,32,36407.000000000015,10.502516342828386,41485.55,10.6331005,-5078.550781249985,29.0,19,high,-0.12241734014883347,-0.1169631747224249,-0.28302902635787897,-0.2715942285049156,-0.09547318462098366,-0.09008557118126177,18.0,19.0,16.0,1.0,-3.0,-2.0,1.5275252316519465,0.028821230785885783,0.07829224723644124,-0.1169631747224249
5107,1,137245,2,Public,26.0,26.031736,-80.198024,21,-2,,16902.0,,1,28.0,1,,10.316722397908654,10.416551,Health and Medical Administrative Services.,Sheridan Technical College,30234.000000000025,33408.0,-3173.9999999999745,38953.00000000003,10.570111070155717,34364.305,10.444774,4588.695312500029,36,31192.000000000022,10.347916930662434,28019.123,10.240643,3172.876953125022,37.0,19,high,0.11323969518306876,0.10941254793180254,0.1335308644894295,0.12881127921075727,-0.09500718390804522,-0.09033025099430785,5.0,3.0,17.0,-2.0,14.0,12.0,7.571877794400365,0.14286561876227102,0.07829224723644124,0.10941254793180254
5107,1,138309,2,"Private, for-profit",214.0,29.175319,-82.15319,13,12,,25123.0,0.7318019398,1,30.0,1,,10.561059367582153,10.395797,Health and Medical Administrative Services.,Rasmussen University-Florida,38602.0,32721.799,5880.201171875,40817.999999999985,10.616878439573116,39404.92,10.581646,1413.0781249999854,653,33371.99999999999,10.415472504021965,35156.83,10.467574,-1784.8281250000073,533.0,19,high,-0.05076760959930902,-0.05069005034360416,0.035860447318803,0.035816411691844526,0.17970287033305934,0.1789333132688666,15.0,12.0,1.0,-3.0,-11.0,-14.0,7.371114795831994,0.13907763765720743,0.07829224723644124,0.035816411691844526
5107,1,244279,1,"Private, for-profit",27.0,27.380724,-82.425309,13,1,,16256.0,0.8884615385,1,27.0,1,,10.345091707260165,10.359734,Health and Medical Administrative Services.,Meridian College,31103.999999999985,31562.771,-458.77148437501455,37828.99999999998,10.540831283230636,35696.64,10.482812,2132.359374999978,18,32764.000000000007,10.397085630635493,29170.365,10.280909,3593.6347656250073,24.0,19,high,0.12319471274189564,0.11641313008156502,0.05973557560782313,0.0551761914841878,-0.014535209134030806,-0.013849325394537312,3.0,9.0,9.0,6.0,0.0,6.0,3.4641016151377544,0.06536040783278782,0.07829224723644124,0.0551761914841878
5107,1,366553,0,"Private, for-profit",34.0,26.596097,-81.877644,13,9,,19031.0,0.8379160637,1,29.0,1,,10.507366265337891,10.433406,Health and Medical Administrative Services.,Southern Technical College,36584.000000000015,33975.87,2608.1289062500146,37895.999999999985,10.542600844603587,35367.14,10.473538,2528.8593749999854,20,32981.00000000001,10.403686917060819,29548.52,10.293789,3432.4804687500073,26.0,19,high,0.11616421137850495,0.11031458514672947,0.07150307687617835,0.06663285663068065,0.07676415121347074,0.07397344631888977,4.0,8.0,3.0,4.0,-5.0,-1.0,2.6457513110645907,0.049919836057822464,0.07829224723644124,0.07397344631888977
5107,1,386472,3,"Private, nonprofit",322.0,28.615784,-81.312669,21,6,0.942,18321.0,0.8203449578,2,31.0,1,open,10.39010244758706,10.480948,Health and Medical Administrative Services.,Herzing University-Orlando,32535.99999999997,35630.188,-3094.187500000029,37852.999999999985,10.541465515962448,36243.26,10.498009,1609.7382812499854,197,27870.99999999998,10.235342000707783,29684.148,10.298368,-1813.1484375000182,143.0,19,high,-0.061081369449341075,-0.06065202241048398,0.04441482926513778,0.044196782576418375,-0.08684174058865195,-0.08661037460240335,16.0,11.0,14.0,-5.0,3.0,-2.0,2.516611478423583,0.047483235441954395,0.07829224723644124,-0.06065202241048398
5107,1,431558,1,Public,18.0,26.658582,-81.976156,12,-2,,16369.0,,1,27.0,1,,10.267818117285737,10.50845,Health and Medical Administrative Services.,Cape Coral Technical College,28790.99999999998,36623.652,-7832.652343750018,40599.99999999998,10.611523345589823,36503.633,10.505167,4096.367187499978,31,32181.00000000003,10.37913149526554,28883.139,10.271013,3297.861328125029,24.0,19,high,0.11417946524407081,0.10789415100913867,0.11221806904920577,0.10751864416218668,-0.21386868437458553,-0.198085470842509,6.0,5.0,19.0,-1.0,14.0,13.0,7.810249675906654,0.14736320143220102,0.07829224723644124,0.10751864416218668
5107,1,439792,1,"Private, for-profit",36.0,30.148278,-81.759035,21,1,,18895.0,0.875,1,30.0,1,,10.484836875474242,10.514791,Health and Medical Administrative Services.,Fortis College-Orange Park,35769.000000000015,36856.62,-1087.6210937499854,37326.00000000003,10.527445413743076,38332.35,10.5540495,-1006.3515624999709,24,28967.000000000004,10.273912529999025,29648.445,10.297165,-681.4453124999964,36.0,19,high,-0.022984183666881652,-0.022182717413925367,-0.02625332184119042,-0.024789434539498195,-0.029509517190506103,-0.028504456661502354,12.0,13.0,10.0,1.0,-3.0,-2.0,1.5275252316519468,0.028821230785885787,0.07829224723644124,-0.024789434539498195
5107,1,441371,3,"Private, nonprofit",6833.0,27.965294,-82.78558,12,4,,10150.0,0.9341584543,1,32.0,1,,10.153701375373002,10.205822,Health and Medical Administrative Services.,Ultimate Medical Academy,25686.00000000002,27060.273,-1374.2734374999818,29056.0,10.27698028140102,32785.71,10.397748,-3729.7109375,1387,21309.999999999985,9.966931725092662,20952.418,9.950009,357.58203124998545,1264.0,19,high,0.01706638497682272,0.01705667143706982,-0.1137602580773684,-0.11370111592659853,-0.05078564489283838,-0.050781418544142524,10.0,17.0,11.0,7.0,-6.0,1.0,3.7859388972001824,0.07143280938113551,0.07829224723644124,-0.050781418544142524
5107,1,441423,2,"Private, for-profit",34.0,25.76325,-80.290496,21,-2,,9969.0,0.9317269076,1,35.0,1,,10.204776628394125,10.325155,Health and Medical Administrative Services.,Florida Education Institute,27031.999999999978,30490.035,-3458.035156250022,32013.000000000025,10.373897349284675,36772.883,10.512516,-4759.8828124999745,43,20083.000000000015,9.907628965036679,24096.154,10.0898075,-4013.1542968749854,48.0,19,high,-0.16654750162333773,-0.16237318023821312,-0.12944002342079022,-0.12570654528566017,-0.11341525644456912,-0.10929212727194468,19.0,18.0,18.0,-1.0,0.0,-1.0,0.5773502691896258,0.010893401305464638,0.07829224723644124,-0.12570654528566017
5107,1,446127,3,"Private, for-profit",60.0,28.452699,-82.595376,22,1,,16605.0,0.8771186441,1,28.0,1,,10.343933629539539,10.333659,Health and Medical Administrative Services.,ATA Career Education,31068.00000000002,30750.428,317.5722656250182,42551.000000000015,10.65845863548799,31976.758,10.372765,10574.242187500015,28,29507.000000000015,10.292382802315128,28935.99,10.272841,571.0097656250146,21.0,19,high,0.01973354846334838,0.018475028683459987,0.3306852511284446,0.3151565302283548,0.010327409698760498,0.010132341624031092,9.0,1.0,6.0,-8.0,5.0,-3.0,4.041451884327381,0.07625380913825246,0.07829224723644124,0.018475028683459987
5107,1,447014,3,"Private, for-profit",68.0,29.270088,-81.080155,13,1,,16479.0,0.8815165877,1,31.0,1,,10.306650011581617,10.295494,Health and Medical Administrative Services.,Daytona College,29931.0,29598.947,332.052734375,39843.99999999997,10.592727108265056,34262.047,10.441793,5581.953124999971,44,32099.00000000002,10.376580155984879,29343.494,10.286826,2755.505859375018,32.0,19,high,0.09390517183023955,0.09016153569040361,0.16291942934305412,0.15834279919596903,0.011218396769152409,0.011035224863663057,7.0,2.0,5.0,-5.0,3.0,-2.0,2.516611478423583,0.047483235441954395,0.07829224723644124,0.09016153569040361
5107,1,449083,0,"Private, for-profit",57.0,25.769052,-80.329161,21,1,,8968.0,0.9465049929,1,35.0,1,,10.348814194069423,10.331135,Health and Medical Administrative Services.,CBT Technology Institute-Main Campus,31219.99999999999,30672.902,547.0976562499891,41889.999999999985,10.64280241394108,38876.598,10.568148,3013.4023437499854,60,25176.000000000015,10.133646438744243,24032.95,10.087181,1143.0507812500146,38.0,19,high,0.04756181901962454,0.04600262681031672,0.07751198729875312,0.07599034677633554,0.017836514136115564,0.01747892108424074,8.0,7.0,4.0,-1.0,-3.0,-4.0,2.0816659994661326,0.039276716971059104,0.07829224723644124,0.04600262681031672
5107,1,455479,0,"Private, for-profit",122.0,30.510415,-87.183112,13,2,,14377.0,0.9012699713,1,27.0,1,,10.204184562065404,10.296309,Health and Medical Administrative Services.,Fortis Institute-Pensacola,27016.000000000004,29623.092,-2607.0917968749964,29190.00000000001,10.28158146384816,32663.31,10.394008,-3473.310546874989,43,27458.999999999978,10.220449262052888,23793.79,10.07718,3665.210937499978,25.0,19,high,0.1540406585883584,0.14593705302986765,-0.10633675793182241,-0.10326965434046669,-0.0880087674423648,-0.08728266483877191,2.0,16.0,15.0,14.0,-1.0,13.0,7.810249675906654,0.14736320143220102,0.07829224723644124,-0.08728266483877191
5107,1,456977,3,"Private, for-profit",57.0,25.590468,-80.356565,21,1,,8968.0,0.9465049929,1,35.0,1,,10.348814194069423,10.360787,Health and Medical Administrative Services.,CBT Technology Institute-Cutler Bay,31219.99999999999,31596.049,-376.0488281250109,41889.999999999985,10.64280241394108,37946.332,10.543928,3943.6679687499854,60,25176.000000000015,10.133646438744243,26447.088,10.182901,-1271.0878906249854,38.0,19,high,-0.04806154446499807,-0.0464859700390871,0.10392751440382303,0.10188730974874849,-0.011901767533359225,-0.011663156482877055,14.0,6.0,8.0,-8.0,2.0,-6.0,4.163331998932265,0.07855343394211821,0.07829224723644124,-0.011663156482877055
5107,1,460190,1,"Private, for-profit",49.0,28.55984,-81.340421,11,1,0.9005,16617.0,0.8801108801,2,27.0,1,open,10.33146403427305,10.387148,Health and Medical Administrative Services.,Concorde Career Institute-Orlando,30683.000000000004,32440.014,-1757.0136718749964,34492.99999999997,10.44851168388203,36879.156,10.515402,-2386.156250000029,37,29199.00000000002,10.281889741094604,30661.875,10.330775,-1462.8749999999818,40.0,19,high,-0.04770990032409896,-0.046235055520365734,-0.06470202934754044,-0.06248548563855827,-0.05416192760110643,-0.05286801649644742,13.0,15.0,12.0,2.0,-3.0,-1.0,1.5275252316519468,0.028821230785885787,0.07829224723644124,-0.05286801649644742
5107,1,499495,1,"Private, for-profit",27.0,28.571233,-81.208356,21,-2,,16256.0,0.8884615385,2,27.0,1,,10.345091707260165,10.436885,Health and Medical Administrative Services.,Gwinnett Institute,31103.999999999985,34094.277,-2990.2773437500146,37828.99999999998,10.540831283230636,35998.305,10.491227,1830.6953124999782,18,32764.000000000007,10.397085630635493,27234.459,10.212238,5529.541015625007,24.0,19,high,0.20303472959743482,0.19185813953899938,0.050855042435808545,0.04697347486523908,-0.08770613653432305,-0.08356748174456521,1.0,10.0,13.0,9.0,3.0,12.0,6.244997998398398,0.11783015091317732,0.07829224723644124,0.04697347486523908
5107,2,133465,3,"Private, for-profit",425.0,26.69215,-80.200219,21,6,,20000.0,0.7772579044,1,30.0,1,,10.506710025568086,10.646465,Health and Medical Administrative Services.,South University-West Palm Beach,36560.0,42043.72,-5483.71875,36905.000000000015,10.516102322204153,45134.99,10.717413,-8229.988281249985,195,29070.999999999978,10.277496392686066,34913.223,10.460621,-5842.222656250022,76.0,10,medium,-0.1673355311187286,-0.16487532588858028,-0.1823416510040148,-0.1814357762852711,-0.13042896568229945,-0.1301768840001762,9.0,9.0,8.0,0.0,-1.0,-1.0,0.5773502691896257,0.010893401305464637,0.020001543543222228,-0.16487532588858028
5107,2,135081,2,"Private, nonprofit",415.0,26.185869,-80.163959,12,15,0.9697,21659.0,0.7867955286,2,28.0,1,open,10.387024196064448,10.63603,Health and Medical Administrative Services.,Keiser University-Ft Lauderdale,32436.00000000002,41607.27,-9171.269531249982,36127.0,10.49479578720404,44967.51,10.713696,-8840.51171875,437,28742.000000000015,10.266114746634193,34748.695,10.455897,-6006.695312499985,381.0,10,medium,-0.17286103142811302,-0.1724720886357887,-0.19659775204025337,-0.19621454965720078,-0.22042469103534204,-0.21998679942713745,10.0,10.0,10.0,0.0,0.0,0.0,0.0,0.0,0.020001543543222228,-0.19621454965720078
5107,2,137078,3,Public,54.0,27.773264,-82.636587,11,15,,22640.0,0.8076387681,1,26.0,1,,10.603337221155746,10.615751,Health and Medical Administrative Services.,St Petersburg College,40269.00000000001,40772.02,-503.0195312499927,53013.999999999956,10.878311308595936,43280.48,10.675457,9733.519531249956,40,43894.99999999997,10.689555697360309,38761.387,10.56518,5133.613281249971,29.0,10,medium,0.13244142472247245,0.12654064760325576,0.22489398051571755,0.21784638738185452,-0.012337370996902665,-0.012074008637760359,1.0,1.0,2.0,0.0,1.0,1.0,0.5773502691896257,0.010893401305464637,0.020001543543222228,0.12654064760325576
5107,2,137281,1,Public,23.0,29.647516,-81.681387,32,9,,24832.0,0.8578217822,1,25.0,1,,10.539588077716799,10.672263,Health and Medical Administrative Services.,Saint Johns River State College,37782.00000000003,43142.47,-5360.468749999971,47220.00000000002,10.762572810639504,48953.113,10.798618,-1733.1132812499782,19,33500.99999999998,10.419330568113901,36093.94,10.49388,-2592.941406250022,18.0,10,medium,-0.07183868830132888,-0.0664223516094116,-0.03540353544610603,-0.0328542406172685,-0.12425039422436786,-0.11723886426994735,6.0,5.0,7.0,-1.0,2.0,1.0,1.0,0.018867924528301886,0.020001543543222228,-0.0664223516094116
5107,2,138309,2,"Private, for-profit",580.0,29.175319,-82.15319,13,12,,25123.0,0.7318019398,1,30.0,1,,10.646828673415323,10.741862,Health and Medical Administrative Services.,Rasmussen University-Florida,42059.00000000003,46252.105,-4193.105468749971,47497.99999999997,10.768442883873123,49979.938,10.819377,-2481.937500000029,479,39372.00000000002,10.580810182749103,37081.203,10.520865,2290.796875000022,344.0,10,medium,0.061777846508318274,0.06162140990570294,-0.04965867554356244,-0.04957159960416378,-0.09065761279955183,-0.0905351432756206,2.0,6.0,3.0,4.0,-3.0,1.0,2.081665999466133,0.03927671697105911,0.020001543543222228,-0.04957159960416378
5107,2,244233,2,"Private, for-profit",35.0,26.025173,-80.22004,21,6,1.0,14979.0,0.8729121278,2,29.0,1,open,10.563439828238433,10.360554,Health and Medical Administrative Services.,City College-Hollywood,38694.00000000003,31588.666,7105.333984375029,37580.99999999998,10.534253882512301,36903.47,10.516061,677.5312499999782,74,30431.999999999985,10.323249965345116,29364.465,10.28754,1067.5351562499854,40.0,10,medium,0.03635466070743673,0.03523083772579943,0.01835955461503814,0.018077117658922854,0.22493301809137653,0.21702160290110217,3.0,2.0,1.0,-1.0,-1.0,-2.0,1.0,0.018867924528301886,0.020001543543222228,0.03523083772579943
5107,2,386472,3,"Private, nonprofit",340.0,28.615784,-81.312669,21,6,0.942,18321.0,0.8203449578,2,31.0,1,open,10.452273480088515,10.6338,Health and Medical Administrative Services.,Herzing University-Orlando,34623.00000000001,41514.562,-6891.562499999993,38351.999999999985,10.554561956674165,38276.535,10.552592,75.46484374998545,387,30821.000000000022,10.335951554811068,32968.723,10.403315,-2147.722656249978,292.0,10,medium,-0.0651442483423854,-0.06494479143032499,0.0019715693555314696,0.0019671476684359765,-0.16600349576127638,-0.16558823020843064,5.0,3.0,9.0,-2.0,6.0,4.0,3.055050463303893,0.05764246157177157,0.020001543543222228,-0.06494479143032499
5107,2,441371,3,"Private, nonprofit",3556.0,27.965294,-82.78558,12,4,,10150.0,0.9341584543,1,32.0,1,,10.26534902316216,10.368428,Health and Medical Administrative Services.,Ultimate Medical Academy,28720.000000000007,31838.396,-3118.3964843749927,30765.000000000004,10.33413295917459,32408.348,10.386171,-1643.3476562499964,6973,22568.00000000002,10.024288252681833,26152.012,10.171681,-3584.011718749982,6903.0,10,medium,-0.13704535457134187,-0.1370337815420469,-0.050707542195014506,-0.050703244204701285,-0.09794452072689577,-0.09792761719373903,7.0,7.0,5.0,0.0,-2.0,-2.0,1.1547005383792517,0.021786802610929277,0.020001543543222228,-0.09792761719373903
5107,2,449898,3,"Private, for-profit",425.0,27.982269,-82.500357,11,6,,20000.0,0.7772579044,1,30.0,1,,10.506710025568086,10.630758,Health and Medical Administrative Services.,South University-Tampa,36560.0,41388.5,-4828.5,36905.000000000015,10.516102322204153,42720.35,10.662431,-5815.351562499985,195,29070.999999999978,10.277496392686066,34476.207,10.448025,-5405.207031250022,76.0,10,medium,-0.15678079164423808,-0.15447576460657758,-0.1361260230733848,-0.13544974794816625,-0.1166628411273663,-0.116437365405169,8.0,8.0,6.0,0.0,-2.0,-2.0,1.1547005383792517,0.021786802610929277,0.020001543543222228,-0.13544974794816625
5107,2,496973,3,"Private, nonprofit",340.0,27.976414,-82.335773,21,-2,0.8966,18321.0,0.8203449578,2,31.0,1,open,10.452273480088515,10.555267,Health and Medical Administrative Services.,Herzing University-Tampa,34623.00000000001,38379.062,-3756.0624999999927,38351.999999999985,10.554561956674165,38292.746,10.553016,59.25390624998545,387,30821.000000000022,10.335951554811068,32280.43,10.382216,-1459.4296874999782,292.0,10,medium,-0.04521097462544358,-0.04507254887613356,0.0015473924514297671,0.0015439220763121208,-0.09786748959800654,-0.0976226694694474,4.0,4.0,4.0,0.0,0.0,0.0,0.0,0.0,0.020001543543222228,-0.04507254887613356
5107,3,132471,2,"Private, nonprofit",49.0,25.878908,-80.198925,21,13,0.7724,28822.0,0.7126805778,2,26.0,1,open,11.075799396633869,10.891174,Health and Medical Administrative Services.,Barry University,64588.99999999998,53700.33,10888.671874999978,89971.00000000003,11.407242675165445,59087.26,10.986771,30883.73828125003,27,61949.00000000005,11.034066744876965,44086.53,10.69391,17862.46875000005,21.0,17,high,0.40516838688686924,0.3793285117103559,0.5226801409118232,0.49711544794799245,0.20276732480393905,0.1979232783520093,1.0,1.0,1.0,0.0,0.0,0.0,0.0,0.0,0.047018109328011475,0.3793285117103559
5107,3,132903,3,Public,128.0,28.602159,-81.200889,21,15,0.4011,31400.0,0.7045342864,2,23.0,1,mid,10.968181048000611,10.954846,Health and Medical Administrative Services.,University of Central Florida,57998.999999999956,57230.74,768.2617187499563,56075.0,10.934445359388409,61537.375,11.0274,-5462.375,281,40347.000000000015,10.60527232149166,40431.508,10.607365,-84.50781249998545,404.0,17,high,-0.002090147438771962,-0.0020857525008778307,-0.08876516100987408,-0.0884767777711705,0.013423935140841179,0.01331922556305346,9.0,11.0,5.0,2.0,-6.0,-4.0,3.055050463303893,0.05764246157177157,0.047018109328011475,-0.0020857525008778307
5107,3,133465,3,"Private, for-profit",238.0,26.69215,-80.200219,21,6,,20000.0,0.7772579044,1,30.0,1,,10.720510282751615,10.774811,Health and Medical Administrative Services.,South University-West Palm Beach,45275.00000000004,47801.42,-2526.4218749999636,46885.00000000002,10.755453073853726,51254.79,10.844564,-4369.789062499978,257,39722.00000000001,10.589660469358737,39023.543,10.57192,698.4570312500073,156.0,17,high,0.0178983500244796,0.017784689368475427,-0.08525621005232242,-0.08494898206106588,-0.05285244195468743,-0.0526524398088405,5.0,10.0,13.0,5.0,3.0,8.0,4.041451884327381,0.07625380913825246,0.047018109328011475,-0.0526524398088405
5107,3,133650,1,Public,79.0,30.428504,-84.290226,12,13,0.2056,28781.0,0.8220073183,2,20.0,1,elite,10.744558925664444,10.87551,Health and Medical Administrative Services.,Florida Agricultural and Mechanical University,46377.00000000003,52865.715,-6488.714843749971,44476.99999999997,10.702727480606711,53194.184,10.881704,-8717.18359375003,76,34591.00000000002,10.451348811602948,38889.387,10.568477,-4298.386718749978,61.0,17,high,-0.1105285292832239,-0.1084297201209765,-0.16387475105030555,-0.16143085611535718,-0.12273956500783216,-0.12105700089458336,15.0,13.0,15.0,-2.0,2.0,0.0,1.1547005383792517,0.021786802610929277,0.047018109328011475,-0.12105700089458336
5107,3,133669,1,Public,196.0,26.372421,-80.102978,13,15,0.6613,28064.0,0.7219053052,2,23.0,1,mid,10.858691257908882,10.8827305,Health and Medical Administrative Services.,Florida Atlantic University,51984.00000000003,53248.797,-1264.796874999971,57152.999999999956,10.953487161283544,56934.484,10.9496565,218.51562499995634,231,39479.99999999999,10.583549493547418,39547.34,10.585254,-67.33984375000728,187.0,17,high,-0.0017027654455663611,-0.00169401235687873,0.003838018863237599,0.0038223632768498335,-0.023752590654189703,-0.023639911946823845,8.0,4.0,8.0,-4.0,4.0,0.0,2.309401076758503,0.04357360522185855,0.047018109328011475,-0.00169401235687873
5107,3,133881,0,"Private, nonprofit",24.0,28.065773,-80.623123,13,14,0.577,30032.0,0.7019104084,2,28.0,1,mid,10.654007012953944,11.053231,Health and Medical Administrative Services.,Florida Institute of Technology,42362.0,63147.676,-20785.67578125,51752.99999999997,10.854237680461853,63913.73,11.0652895,-12160.73046875003,46,38294.99999999997,10.553074618343693,50031.055,10.820399,-11736.05468750003,19.0,17,high,-0.23457540043488673,-0.21789227365192307,-0.19026788734692776,-0.1851894784873008,-0.3291597913002167,-0.31144228370883115,16.0,16.0,17.0,0.0,1.0,1.0,0.5773502691896258,0.010893401305464638,0.047018109328011475,-0.21789227365192307
5107,3,133951,3,Public,242.0,25.75732,-80.373928,21,15,0.5466,23924.0,0.8131269705,2,23.0,1,mid,10.924876765740112,10.962192,Health and Medical Administrative Services.,Florida International University,55540.99999999995,57652.66,-2111.660156250051,56867.00000000004,10.94847048701914,58203.492,10.971701,-1336.4921874999636,320,39016.00000000002,10.57172709738989,39737.81,10.590058,-721.8085937499782,279.0,17,high,-0.01816427778212976,-0.018105645419556372,-0.022962405472072237,-0.02289823855587622,-0.03662728051970262,-0.03649133742174842,11.0,7.0,10.0,-4.0,3.0,-1.0,2.0816659994661326,0.039276716971059104,0.047018109328011475,-0.02289823855587622
5107,3,134608,3,Public,18.0,27.42416,-80.358682,21,12,,21577.0,0.9122626988,1,23.0,1,,10.736244489978564,10.69385,Health and Medical Administrative Services.,Indian River State College,45992.999999999985,44083.883,1909.1171874999854,51404.00000000003,10.847471269427032,51527.633,10.849874,-123.6328124999709,51,41430.00000000004,10.631760535071448,40008.703,10.596852,1421.2968750000364,32.0,17,high,0.035524692479020126,0.03410846033728635,-0.002399349742105347,-0.002342495133808381,0.043306466347802164,0.040110508942042426,4.0,5.0,3.0,1.0,-2.0,-1.0,1.0,0.018867924528301886,0.047018109328011475,0.03410846033728635
5107,3,136172,1,Public,104.0,30.27194,-81.509144,11,15,0.5324,37074.0,0.6143506622,2,22.0,1,mid,10.99603146580263,10.94627,Health and Medical Administrative Services.,University of North Florida,59636.99999999997,56742.0,2894.999999999971,55345.00000000001,10.921341599819725,66759.15,11.108847,-11414.148437499993,100,41096.99999999998,10.623690405119499,40699.566,10.613973,397.4335937499782,93.0,17,high,0.009765057194539217,0.009651613305254911,-0.17097504543794373,-0.16912365422416642,0.051020408163264794,0.05051313337623512,7.0,14.0,2.0,7.0,-12.0,-5.0,6.027713773341707,0.11373044855361712,0.047018109328011475,0.009651613305254911
5107,3,137032,3,"Private, nonprofit",172.0,28.336776,-82.257801,31,12,0.784,22361.0,0.7686491935,2,30.0,1,open,10.899605584269837,10.915778,Health and Medical Administrative Services.,Saint Leo University,54154.99999999998,55037.945,-882.9453125000218,56144.99999999996,10.935692909006638,52356.35,10.8658285,3788.6484374999636,130,42266.00000000002,10.651738259322098,40182.574,10.601189,2083.425781250022,91.0,17,high,0.05184898732241632,0.051231158001540496,0.07236272819692742,0.07178588718283287,-0.01604248319021987,-0.015953860817730887,3.0,3.0,7.0,0.0,4.0,4.0,2.309401076758503,0.04357360522185855,0.047018109328011475,0.051231158001540496
5107,3,138309,3,"Private, for-profit",189.0,29.175319,-82.15319,13,12,,25123.0,0.7318019398,1,30.0,1,,10.922479266642203,10.97154,Health and Medical Administrative Services.,Rasmussen University-Florida,55407.99999999996,58194.168,-2786.1679687500364,62100.00000000003,11.03650126792157,55443.273,10.923116,6656.726562500029,252,46360.99999999998,10.744213867540292,43275.195,10.675335,3085.804687499978,220.0,17,high,0.07130654559076355,0.07100319179450348,0.12006373631607471,0.11962108963097906,-0.04787709947577901,-0.047640144249825316,2.0,2.0,12.0,0.0,10.0,10.0,5.773502691896258,0.10893401305464638,0.047018109328011475,0.07100319179450348
5107,3,244233,3,"Private, for-profit",30.0,26.025173,-80.22004,21,6,1.0,14979.0,0.8729121278,2,29.0,1,open,10.583169482142504,10.682596,Health and Medical Administrative Services.,City College-Hollywood,39465.00000000003,43590.574,-4125.574218749971,40533.999999999985,10.609896407079258,49585.27,10.811449,-9051.269531250015,39,34973.00000000001,10.462331614195987,37362.234,10.528416,-2389.2343749999927,26.0,17,high,-0.0639478450624647,-0.06072765368420923,-0.18253948434314057,-0.17665102369137053,-0.09464372270130365,-0.0906776850967963,13.0,15.0,14.0,2.0,-1.0,1.0,1.0,0.018867924528301886,0.047018109328011475,-0.0906776850967963
5107,3,386472,3,"Private, nonprofit",157.0,28.615784,-81.312669,21,6,0.942,18321.0,0.8203449578,2,31.0,1,open,10.84622545442513,10.857273,Health and Medical Administrative Services.,Herzing University-Orlando,51339.99999999997,51910.33,-570.3281250000291,51097.99999999996,10.841500636482598,54955.29,10.914275,-3857.2890625000364,129,39231.00000000002,10.577222529574613,41964.285,10.644574,-2733.285156249978,100.0,17,high,-0.0651336045895421,-0.06443840251095233,-0.07018958735915641,-0.06962500303955484,-0.010986794836408657,-0.010919281697971682,14.0,9.0,6.0,-5.0,-3.0,-8.0,4.041451884327381,0.07625380913825246,0.047018109328011475,-0.06443840251095233
5107,3,449898,3,"Private, for-profit",238.0,27.982269,-82.500357,11,6,,20000.0,0.7772579044,1,30.0,1,,10.720510282751615,10.760111,Health and Medical Administrative Services.,South University-Tampa,45275.00000000004,47103.887,-1828.8867187499636,46885.00000000002,10.755453073853726,47565.14,10.7698555,-680.1406249999782,257,39722.00000000001,10.589660469358737,39336.85,10.579917,385.1484375000073,156.0,17,high,0.009791033654233046,0.009728857235368904,-0.014299140422229713,-0.01424761225570764,-0.03882666264187417,-0.038679736302101496,6.0,6.0,11.0,0.0,5.0,5.0,2.8867513459481287,0.054467006527323183,0.047018109328011475,-0.01424761225570764
5107,3,480569,3,"Private, nonprofit",24.0,28.065773,-80.623123,13,9,0.4018,30032.0,0.7019104084,2,28.0,2,mid,10.654007012953944,11.053043,Health and Medical Administrative Services.,Florida Institute of Technology-Online,42362.0,63135.81,-20773.80859375,51752.99999999997,10.854237680461853,65025.066,11.082528,-13272.06640625003,46,38294.99999999997,10.553074618343693,50439.715,10.828534,-12144.71484375003,19.0,17,high,-0.24077683391691268,-0.22365265789850086,-0.20410692583274873,-0.1986591414750538,-0.3290336982522856,-0.31132297780378015,17.0,17.0,16.0,0.0,-1.0,-1.0,0.5773502691896258,0.010893401305464638,0.047018109328011475,-0.22365265789850086
5107,3,482459,2,"Private, for-profit",90.0,28.53732,-81.379188,11,6,,22648.0,0.7560557866,2,31.0,1,,10.915342977277955,10.94376,Health and Medical Administrative Services.,DeVry University-Florida,55013.99999999998,56599.75,-1585.7500000000218,52470.00000000004,10.867996856680758,60577.086,11.011672,-8107.085937499964,145,43315.99999999996,10.67627736074827,44045.14,10.69297,-729.1406250000364,81.0,17,high,-0.0165543943021532,-0.016328433369908153,-0.13383090011732152,-0.13289172627157542,-0.028016908201891736,-0.027687074901150695,10.0,12.0,9.0,2.0,-3.0,-1.0,1.5275252316519468,0.028821230785885787,0.047018109328011475,-0.027687074901150695
5107,3,496973,3,"Private, nonprofit",157.0,27.976414,-82.335773,21,-2,0.8966,18321.0,0.8203449578,2,31.0,1,open,10.84622545442513,10.828919,Health and Medical Administrative Services.,Herzing University-Tampa,51339.99999999997,50459.15,880.8515624999709,51097.99999999996,10.841500636482598,53935.906,10.895552,-2837.9062500000364,129,39231.00000000002,10.577222529574613,41249.316,10.62739,-2018.3164062499782,100.0,17,high,-0.04892969343715397,-0.04840744344351964,-0.05261627081680928,-0.05219304106754356,0.017456726674470464,0.017349456226430023,12.0,8.0,4.0,-4.0,-4.0,-8.0,4.0,0.07547169811320754,0.047018109328011475,-0.04840744344351964
5107,5,132903,3,Public,21.0,28.602159,-81.200889,21,15,0.4011,31400.0,0.7045342864,2,23.0,1,mid,11.37547784248964,11.208908,Health and Medical Administrative Services.,University of Central Florida,87157.99999999999,73784.8,13373.203124999985,97349.99999999993,11.486068010800345,75314.81,11.229432,22035.187499999927,37,67213.00000000006,11.115621960182695,60938.95,11.017628,6274.050781250058,64.0,8,medium,0.10295633353847898,0.10110739433405642,0.29257441887676383,0.28255148769346156,0.18124605191575904,0.16993832701342246,2.0,1.0,2.0,-1.0,1.0,0.0,0.5773502691896257,0.010893401305464637,0.029196824630119238,0.16993832701342246
5107,5,133465,3,"Private, for-profit",187.0,26.69215,-80.200219,21,6,,20000.0,0.7772579044,1,30.0,1,,11.063320363867863,10.958416,Health and Medical Administrative Services.,South University-West Palm Beach,63788.00000000001,57435.387,6352.613281250007,65166.99999999994,11.084708484815879,70209.63,11.159241,-5042.632812500058,216,47710.00000000001,10.772896298510153,46363.66,10.744271,1346.3398437500073,180.0,8,medium,0.029038687610355014,0.028882626706164077,-0.07182252079236451,-0.07150575599735623,0.11060451829736132,0.11005027924188139,3.0,6.0,5.0,3.0,-1.0,2.0,1.5275252316519465,0.028821230785885783,0.029196824630119238,0.028882626706164077
5107,5,133669,2,Public,55.0,26.372421,-80.102978,13,15,0.6613,28064.0,0.7219053052,2,23.0,1,mid,11.27550548873721,11.235565,Health and Medical Administrative Services.,Florida Atlantic University,78865.99999999997,75778.14,3087.859374999971,86396.00000000004,11.366696657424145,75221.57,11.228193,11174.429687500044,150,70921.00000000001,11.169321860483546,58846.52,10.982688,12074.480468750015,151.0,8,medium,0.2051859747174674,0.20383248809730362,0.14855352847696565,0.14755146936731428,0.04074868226551938,0.03989715238988283,1.0,2.0,7.0,1.0,5.0,6.0,3.214550253664318,0.06065189157857204,0.029196824630119238,0.14755146936731428
5107,5,133881,2,"Private, nonprofit",40.0,28.065773,-80.623123,13,14,0.577,30032.0,0.7019104084,2,28.0,1,mid,11.408087035224053,11.29062,Health and Medical Administrative Services.,Florida Institute of Technology,90046.99999999993,80067.07,9979.929687499927,84169.99999999993,11.340593842205621,87731.66,11.382038,-3561.6562500000728,45,56721.00000000004,10.94589979151604,61807.637,11.031782,-5086.636718749964,36.0,8,medium,-0.08229786784918244,-0.07942811338118203,-0.04059716187108998,-0.03948582828775791,0.12464462167216164,0.12088205677642673,5.0,4.0,4.0,-1.0,0.0,-1.0,0.5773502691896258,0.010893401305464638,0.029196824630119238,-0.03948582828775791
5107,5,134130,1,Public,31.0,29.64629,-82.347911,12,16,0.242,39127.0,0.6673828964,2,21.0,1,elite,11.566200793829088,11.405234,Health and Medical Administrative Services.,University of Florida,105471.99999999991,89790.49,15681.507812499913,107445.00000000004,11.584734367716662,136672.55,11.825343,-29227.546874999956,31,67496.99999999996,11.119838431428493,80088.29,11.290885,-12591.289062500044,29.0,8,medium,-0.15721760584339545,-0.15021295413987656,-0.21385089795488568,-0.2048953327729549,0.17464552683099094,0.16759371270310117,7.0,7.0,3.0,0.0,-4.0,-4.0,2.309401076758503,0.04357360522185855,0.029196824630119238,-0.15021295413987656
5107,5,449038,3,"Private, for-profit",239.0,27.997442,-82.35991,21,6,,18178.0,0.8626386594,1,33.0,5,,10.922280719644574,11.138439,Health and Medical Administrative Services.,Strayer University-Florida,55396.99999999998,68764.24,-13367.242187500022,58849.99999999995,10.982747112688422,76763.58,11.248486,-17913.57812500005,304,46948.00000000002,10.756795885220015,56447.582,10.941068,-9499.582031249978,36.0,8,medium,-0.168290326873362,-0.16242198629434323,-0.23336038473649579,-0.2326683419115187,-0.1943923434952058,-0.19366030968584053,8.0,8.0,8.0,0.0,0.0,0.0,0.0,0.0,0.029196824630119238,-0.19366030968584053
5107,5,449898,3,"Private, for-profit",187.0,27.982269,-82.500357,11,6,,20000.0,0.7772579044,1,30.0,1,,11.063320363867863,10.986271,Health and Medical Administrative Services.,South University-Tampa,63788.00000000001,59057.742,4730.257812500007,65166.99999999994,11.084708484815879,64304.844,11.07139,862.1562499999418,216,47710.00000000001,10.772896298510153,49947.203,10.818722,-2237.2031249999927,180.0,8,medium,-0.04479135937604099,-0.044550639818120144,0.013407329832753723,0.01334819837873029,0.0800954732993704,0.07969411501714985,4.0,3.0,6.0,-1.0,3.0,2.0,1.5275252316519465,0.028821230785885783,0.029196824630119238,0.01334819837873029
5107,5,480569,3,"Private, nonprofit",40.0,28.065773,-80.623123,13,9,0.4018,30032.0,0.7019104084,2,28.0,2,mid,11.408087035224053,11.193367,Health and Medical Administrative Services.,Florida Institute of Technology-Online,90046.99999999993,72646.98,17400.023437499927,84169.99999999993,11.340593842205621,88770.47,11.393809,-4600.468750000073,45,56721.00000000004,10.94589979151604,65801.85,11.094403,-9080.851562499964,36.0,8,medium,-0.138002979351953,-0.1331907688179158,-0.05182431516674933,-0.050405642057016316,0.23951476387362458,0.23228468984017425,6.0,5.0,1.0,-1.0,-4.0,-5.0,2.6457513110645907,0.049919836057822464,0.029196824630119238,-0.050405642057016316
5108,1,133155,1,Public,24.0,26.141141,-81.763568,21,-2,,20976.0,,1,25.0,1,,10.511539700563102,10.548954,Allied Health and Medical Assisting Services.,Lorenzo Walker Technical College,36736.999999999985,38137.523,-1400.5234375000146,41398.00000000002,10.630987849467736,34590.85,10.4513445,6807.148437500022,19,33353.999999999985,10.414932984181524,32811.83,10.398544,542.1718749999854,19.0,27,high,0.016523671675181477,0.015348499389570747,0.1967904266595062,0.18262018036273447,-0.036722978087321285,-0.03474631003661465,12.0,2.0,14.0,-10.0,12.0,2.0,6.429100507328636,0.15307382160306277,0.1510154160349805,0.015348499389570747
5108,1,133845,1,"Private, for-profit",211.0,30.23886,-81.581748,11,2,0.9404,16617.0,0.8801108801,2,27.0,1,open,10.312247227593723,10.333207,Allied Health and Medical Assisting Services.,Concorde Career Institute-Jacksonville,30099.000000000007,30736.531,-637.5312499999927,35960.99999999998,10.490190296875209,34527.996,10.449526,1433.0039062499782,335,28081.99999999999,10.242884080674587,27640.791,10.227048,441.2089843749891,367.0,27,high,0.015962241606095103,0.015924737356105462,0.04150266648429591,0.04139268202869438,-0.020741808658060357,-0.0206515120505022,11.0,7.0,12.0,-4.0,5.0,1.0,2.6457513110645907,0.06299407883487121,0.1510154160349805,0.015924737356105462
5108,1,133854,1,"Private, for-profit",158.0,25.977088,-80.291516,21,1,0.9959,16501.0,0.8625304136,2,27.0,1,open,10.368478639958319,10.429757,Allied Health and Medical Assisting Services.,Concorde Career Institute-Miramar,31839.999999999985,33852.13,-2012.1289062500146,33937.00000000002,10.432261143602751,36891.082,10.515725,-2954.082031249978,189,27952.999999999978,10.238279807349246,22792.033,10.034166,5160.966796874978,177.0,27,high,0.2264373147792432,0.22519630849780736,-0.08007577627426624,-0.07966321145891597,-0.05943877006442931,-0.059076219736915486,3.0,21.0,18.0,18.0,-3.0,15.0,9.643650760992955,0.22961073240459418,0.1510154160349805,-0.059076219736915486
5108,1,133863,1,"Private, for-profit",163.0,27.959148,-82.514341,11,1,0.957,15715.0,0.8117942284,2,26.0,1,open,10.406412044405862,10.47769,Allied Health and Medical Assisting Services.,Concorde Career Institute-Tampa,33071.00000000001,35514.266,-2443.2656249999927,34658.0,10.45328385820019,35525.51,10.478006,-867.51171875,221,25394.999999999993,10.142307583235345,26335.943,10.17869,-940.9433593750073,246.0,27,high,-0.03572848507969063,-0.03559500324532512,-0.024419401066421126,-0.02431453156816437,-0.06879673793057611,-0.06839209313102608,19.0,13.0,19.0,-6.0,6.0,0.0,3.4641016151377544,0.08247860988423225,0.1510154160349805,-0.03559500324532512
5108,1,135717,1,Public,25.0,25.777717,-80.190856,11,15,,18391.0,0.9677276583,1,22.0,1,,10.714039919598678,10.683716,Allied Health and Medical Assisting Services.,Miami Dade College,44983.00000000001,43639.41,1343.5898437500073,37473.99999999999,10.531402638158458,39319.668,10.57948,-1845.6679687500073,28,34526.999999999985,10.4494969056366,32862.906,10.4001,1664.0937499999854,31.0,27,high,0.050637449327841644,0.04854487373504657,-0.04694007004883369,-0.04473580105185966,0.03078845105695315,0.029204901126074295,9.0,16.0,6.0,7.0,-10.0,-3.0,5.131601439446884,0.12218098665349723,0.1510154160349805,0.029204901126074295
5108,1,138309,2,"Private, for-profit",449.0,29.175319,-82.15319,13,12,,25123.0,0.7318019398,1,30.0,1,,10.44088694523715,10.376159,Allied Health and Medical Assisting Services.,Rasmussen University-Florida,34230.99999999999,32085.475,2145.5253906249927,36914.0,10.516346161867236,41633.387,10.636658,-4719.38671875,743,29532.000000000004,10.293229700179056,33206.203,10.410492,-3674.2031249999964,548.0,27,high,-0.11064809521187907,-0.11048436604855016,-0.11335582066939028,-0.11323576929491955,0.06686905575640434,0.06674775523738856,23.0,26.0,4.0,3.0,-22.0,-19.0,11.930353445448853,0.2840560344154489,0.1510154160349805,-0.11048436604855016
5108,1,244279,1,"Private, for-profit",89.0,27.380724,-82.425309,13,1,,16256.0,0.8884615385,1,27.0,1,,10.369451784390096,10.357668,Allied Health and Medical Assisting Services.,Meridian College,31871.00000000001,31497.64,373.3593750000109,34911.0,10.460557244776187,32211.053,10.380065,2699.947265625,73,26939.000000000004,10.201330329750538,27134.102,10.208547,-195.10156249999636,89.0,27,high,-0.00719027169742858,-0.007102341304709214,0.08382052234957442,0.08251046669210811,0.01185356641296084,0.011712185084232754,16.0,3.0,9.0,-13.0,6.0,-7.0,6.506407098647712,0.1549144547297074,0.1510154160349805,0.011712185084232754
5108,1,366553,1,"Private, for-profit",37.0,26.596097,-81.877644,13,9,,19031.0,0.8379160637,1,29.0,1,,10.293229700179056,10.499213,Allied Health and Medical Assisting Services.,Southern Technical College,29532.000000000004,36286.94,-6754.941406249996,32958.000000000015,10.402989302570676,37058.895,10.520264,-4100.894531249985,224,28044.999999999978,10.241565641942437,25473.484,10.145393,2571.515624999978,297.0,27,high,0.10094871934848836,0.10064566356672427,-0.110658846765974,-0.11019101553918227,-0.18615350714255946,-0.18000889561272715,6.0,25.0,26.0,19.0,1.0,20.0,11.269427669584644,0.268319706418682,0.1510154160349805,-0.11019101553918227
5108,1,386472,3,"Private, nonprofit",89.0,28.615784,-81.312669,21,6,0.942,18321.0,0.8203449578,2,31.0,1,open,10.425757440186377,10.454284,Allied Health and Medical Assisting Services.,Herzing University-Orlando,33717.00000000001,34692.67,-975.6718749999927,36188.00000000001,10.496482851145633,37439.49,10.530481,-1251.4882812499927,136,30105.99999999998,10.312479766420449,27930.574,10.237477,2175.425781249982,137.0,27,high,0.07788689785652894,0.07731132963894312,-0.03342696010823279,-0.0331741673678619,-0.02812328432112128,-0.027787848793365655,7.0,15.0,13.0,8.0,-2.0,6.0,4.163331998932265,0.09912695235553012,0.1510154160349805,-0.027787848793365655
5108,1,419226,1,Public,51.0,29.178271,-82.147877,13,-2,,16708.0,,1,28.0,1,,10.467891857203348,10.442788,Allied Health and Medical Assisting Services.,Marion Technical College,35168.00000000001,34296.14,871.8593750000073,32403.00000000001,10.386006290086584,34470.39,10.447856,-2067.390624999989,33,27237.999999999985,10.212368336128902,27770.79,10.23174,-532.7890625000146,27.0,27,high,-0.01918523313474952,-0.018259051811284625,-0.05997583977190537,-0.05763571173214778,0.02542150105264234,0.024841668902630995,17.0,17.0,7.0,0.0,-10.0,-10.0,5.773502691896257,0.13746434980705374,0.1510154160349805,-0.018259051811284625
5108,1,423120,1,"Private, for-profit",98.0,25.848446,-80.306915,21,-2,,0.0,,1,33.0,1,,9.942323576321327,10.042542,Allied Health and Medical Assisting Services.,Compu-Med Vocational Careers Corp,20792.00000000001,22983.744,-2191.744140624989,28753.00000000002,10.266497388607728,28182.678,10.246463,570.3222656250182,75,17304.0,9.758692967632895,20892.498,9.947145,-3588.498046875,57.0,27,high,-0.17176012360148338,-0.16823147667342248,0.02023662446132236,0.01993013989776619,-0.09536062215167823,-0.09434430399948139,24.0,9.0,24.0,-15.0,15.0,0.0,8.660254037844387,0.20619652471058064,0.1510154160349805,-0.09434430399948139
5108,1,427991,1,Public,50.0,28.298648,-81.349696,21,-2,,17889.0,,1,26.0,1,,10.368729864680153,10.492914,Allied Health and Medical Assisting Services.,Osceola Technical College,31848.000000000007,36059.09,-4211.089843749993,31234.000000000007,10.349262524047791,38204.105,10.550698,-6970.105468749993,58,22982.99999999998,10.04251009118493,29529.812,10.293156,-6546.812500000018,50.0,27,high,-0.22170179712451674,-0.21640100394346584,-0.18244388615384188,-0.17871869416878886,-0.11678303201765051,-0.11405758450995318,25.0,27.0,25.0,2.0,-2.0,0.0,1.1547005383792515,0.02749286996141075,0.1510154160349805,-0.17871869416878886
5108,1,428170,1,"Private, for-profit",132.0,26.702216,-80.085966,21,1,0.8704,16491.0,0.8390022676,2,31.0,1,open,10.268581953167608,10.250351,Allied Health and Medical Assisting Services.,Southeastern College-West Palm Beach,28812.999999999993,28292.469,520.5312499999927,33988.00000000001,10.433762800123432,32099.004,10.37658,1888.9960937500073,207,24912.99999999998,10.123145034565505,26346.744,10.1791,-1433.7441406250182,160.0,27,high,-0.054418266369933584,-0.05408275026677977,0.05884905647748778,0.058576331187526726,0.018398226559850586,0.018259784747150787,20.0,5.0,8.0,-15.0,3.0,-12.0,7.937253933193772,0.18898223650461363,0.1510154160349805,0.018259784747150787
5108,1,434469,2,"Private, for-profit",40.0,25.771488,-80.261873,11,-2,,0.0,,1,34.0,1,,10.482709870110469,10.05892,Allied Health and Medical Assisting Services.,New Professions Technical Institute,35692.99999999999,23363.256,12329.744140624993,29616.999999999993,10.29610379977538,29096.377,10.278369,520.6230468749927,38,24192.99999999999,10.093818614103787,20243.023,9.9155655,3949.976562499989,22.0,27,high,0.19512779672935104,0.1833028323264573,0.017893054097894375,0.017298457095843312,0.5277408343613813,0.5118102702441695,4.0,10.0,1.0,6.0,-9.0,-3.0,4.58257569495584,0.10910894511799618,0.1510154160349805,0.1833028323264573
5108,1,439792,1,"Private, for-profit",124.0,30.148278,-81.759035,21,1,,18895.0,0.875,1,30.0,1,,10.350989916435351,10.423701,Allied Health and Medical Assisting Services.,Fortis College-Orange Park,31288.00000000003,33647.742,-2359.742187499971,32165.000000000004,10.3786341838451,36101.203,10.4940815,-3936.2031249999964,93,28212.999999999985,10.24753814360942,26549.867,10.18678,1663.1328124999854,84.0,27,high,0.06264185055068783,0.06182232840120899,-0.10903246385919434,-0.10774746012684827,-0.07013077354047861,-0.06956306184066334,8.0,24.0,20.0,16.0,-4.0,12.0,8.32666399786453,0.19825390471106025,0.1510154160349805,-0.06956306184066334
5108,1,441423,1,"Private, for-profit",271.0,25.76325,-80.290496,21,-2,,9969.0,0.9317269076,1,35.0,1,,10.098848722837886,10.172509,Allied Health and Medical Assisting Services.,Florida Education Institute,24314.999999999993,26173.67,-1858.6699218750073,30373.000000000007,10.321309334853664,30752.688,10.333733,-379.6874999999927,120,20083.999999999993,9.907678757154596,19778.828,9.892367,305.1718749999927,117.0,27,high,0.01542921921720237,0.015292127090707226,-0.01234648191316589,-0.012238421319774765,-0.07101296560332943,-0.07078187913579057,13.0,11.0,21.0,-2.0,10.0,8.0,5.291502622129181,0.12598815766974242,0.1510154160349805,-0.012238421319774765
5108,1,443234,1,"Private, for-profit",38.0,26.243429,-80.199738,21,-2,,12879.0,0.9647058824,1,28.0,1,,10.154207359620441,10.198168,Allied Health and Medical Assisting Services.,Hollywood Institute,25699.000000000004,26853.938,-1154.9374999999964,28345.999999999993,10.25224120572685,30587.953,10.3283615,-2241.9531250000073,44,17923.99999999999,9.793895875906033,26123.42,10.170588,-8199.419921875011,30.0,27,high,-0.31387237759819697,-0.3004123409081935,-0.07329529752573162,-0.07123633212394705,-0.04300812497236192,-0.04163119283490147,27.0,20.0,16.0,-7.0,-4.0,-11.0,5.5677643628300215,0.13256581816261956,0.1510154160349805,-0.07123633212394705
5108,1,443252,1,"Private, for-profit",123.0,25.780018,-80.239586,11,-2,,0.0,0.9904006678,1,36.0,1,,9.993145424466663,10.216595,Allied Health and Medical Assisting Services.,South Florida Institute of Technology,21875.99999999999,27353.363,-5477.363281250011,28401.99999999998,10.254214844204958,29348.727,10.287004,-946.7265625000182,142,16127.999999999995,9.688312170871095,21839.7,9.991485,-5711.6992187500055,64.0,27,high,-0.26152829128005345,-0.25683164082452214,-0.032257841255357474,-0.0320258773326932,-0.20024459972001313,-0.1986081991078615,26.0,14.0,27.0,-12.0,13.0,1.0,7.234178138070235,0.1722423366207199,0.1510154160349805,-0.1986081991078615
5108,1,445744,1,"Private, for-profit",445.0,27.3016,-80.303751,12,1,,16203.0,0.868177137,1,29.0,1,,10.347692488960224,10.386478,Allied Health and Medical Assisting Services.,Fortis Institute-Port Saint Lucie,31185.000000000025,32418.3,-1233.3007812499745,31076.999999999978,10.344223274726211,34167.94,10.439043,-3090.941406250022,343,25555.999999999993,10.148627401722234,28524.271,10.258511,-2968.2714843750073,356.0,27,high,-0.10406125485101221,-0.10380799724611382,-0.09046320261145809,-0.0902299300464125,-0.0380433505621395,-0.03797362382621076,21.0,22.0,15.0,1.0,-7.0,-6.0,3.7859388972001824,0.09014140231429006,0.1510154160349805,-0.0902299300464125
5108,1,446127,1,"Private, for-profit",22.0,28.452699,-82.595376,22,1,,16605.0,0.8771186441,1,28.0,1,,10.38427655992558,10.320061,Allied Health and Medical Assisting Services.,ATA Career Education,32346.999999999993,30335.1,2011.9003906249927,34110.00000000003,10.437345875412692,34746.54,10.455835,-636.5390624999709,103,29280.000000000004,10.284659968075248,26304.541,10.177497,2975.4589843750036,99.0,27,high,0.11311579177935739,0.11189419949614546,-0.018319495399383587,-0.01812785198977393,0.06632252461776057,0.06239133951969704,5.0,12.0,5.0,7.0,-7.0,0.0,4.041451884327381,0.09622504486493763,0.1510154160349805,0.06239133951969704
5108,1,447014,2,"Private, for-profit",77.0,29.270088,-81.080155,13,1,,16479.0,0.8815165877,1,31.0,1,,10.2985992485648,10.309966,Allied Health and Medical Assisting Services.,Daytona College,29690.99999999998,30030.416,-339.4160156250182,31405.999999999996,10.354754236444899,33624.555,10.423012,-2218.5546875000036,84,24093.999999999985,10.089718125826797,27073.516,10.206311,-2979.5156250000146,93.0,27,high,-0.11005277874768118,-0.10877425932900704,-0.06598019536968786,-0.06510455536673024,-0.011302408046842178,-0.011142763400650119,22.0,19.0,11.0,-3.0,-8.0,-11.0,5.686240703077327,0.135386683406603,0.1510154160349805,-0.06510455536673024
5108,1,455479,1,"Private, for-profit",410.0,30.510415,-87.183112,13,2,,14377.0,0.9012699713,1,27.0,1,,10.191069619987575,10.233818,Allied Health and Medical Assisting Services.,Fortis Institute-Pensacola,26663.999999999978,27828.559,-1164.5585937500218,29429.000000000007,10.28973586171716,32790.465,10.397893,-3361.4648437499927,432,23495.999999999993,10.064585472878456,24308.014,10.098561,-812.0136718750073,556.0,27,high,-0.03340518410249736,-0.033356570482121047,-0.10251348554428016,-0.1023109988720045,-0.041847607371643364,-0.04176330177133716,18.0,23.0,17.0,5.0,-6.0,-1.0,3.2145502536643185,0.0765369108015314,0.1510154160349805,-0.04176330177133716
5108,1,455831,1,"Private, for-profit",96.0,26.620478,-80.134959,21,-2,,12293.0,0.9455252918,1,26.0,1,,10.275051108968611,10.35283,Allied Health and Medical Assisting Services.,Medical Institute of Palm Beach,29000.00000000001,31345.625,-2345.624999999989,33314.999999999985,10.413763024996637,27325.67,10.215582,5989.330078124985,107,28406.000000000007,10.254355669441074,19144.281,9.859759,9261.718750000007,121.0,27,high,0.48378513818584895,0.47965210092824784,0.21918328426160016,0.21699012052494102,-0.07483101708771125,-0.07401404567752418,1.0,1.0,22.0,0.0,21.0,21.0,12.12435565298214,0.28867513459481287,0.1510154160349805,0.21699012052494102
5108,1,460190,1,"Private, for-profit",211.0,28.55984,-81.340421,11,1,0.9005,16617.0,0.8801108801,2,27.0,1,open,10.312247227593723,10.321105,Allied Health and Medical Assisting Services.,Concorde Career Institute-Orlando,30099.000000000007,30366.795,-267.7949218749927,35960.99999999998,10.490190296875209,35069.027,10.465074,891.9726562499782,335,28081.99999999999,10.242884080674587,28044.04,10.241531,37.960937499989086,367.0,27,high,0.0013536187642367746,0.0013504383552580496,0.02543477033185939,0.025367366726133045,-0.0088186758781739,-0.008780284987192239,15.0,8.0,10.0,-7.0,2.0,-5.0,3.605551275463989,0.08584645893961879,0.1510154160349805,0.0013504383552580496
5108,1,476939,1,"Private, for-profit",72.0,25.773542,-80.321789,21,-2,0.7358,3335.0,0.9059701493,2,33.0,1,open,10.013507197574677,10.095708,Allied Health and Medical Assisting Services.,FVI School of Nursing and Technology,22325.999999999993,24238.748,-1912.7480468750073,29753.00000000002,10.300685246225866,28533.385,10.25883,1219.6152343750182,374,23970.999999999996,10.08460004537341,16433.951,9.707105,7537.048828124996,416.0,27,high,0.4586267020814734,0.4576944008606893,0.042743447522718164,0.04264372431568109,-0.07891282351613081,-0.07770739217497848,2.0,6.0,23.0,4.0,17.0,21.0,11.150485789118488,0.2654877568837735,0.1510154160349805,0.04264372431568109
5108,1,490975,1,"Private, for-profit",158.0,25.585653,-80.363995,21,1,,16751.0,0.8713751169,1,30.0,1,,10.386808363179929,10.318224,Allied Health and Medical Assisting Services.,Fortis College-Cutler Bay,32429.000000000015,30279.434,2149.5664062500146,34554.00000000003,10.450278596734728,36774.04,10.5125475,-2220.039062499971,166,28652.999999999978,10.263013428702846,28339.268,10.252004,313.7324218749782,194.0,27,high,0.011070590339361745,0.01101606702762036,-0.060369736887668564,-0.06000791964565209,0.07099097146565213,0.07055795779582857,14.0,18.0,3.0,4.0,-15.0,-11.0,7.767453465154029,0.18493936821795307,0.1510154160349805,0.01101606702762036
5108,1,499495,1,"Private, for-profit",89.0,28.571233,-81.208356,21,-2,,16256.0,0.8884615385,2,27.0,1,,10.369451784390096,10.299717,Allied Health and Medical Assisting Services.,Gwinnett Institute,31871.00000000001,29724.205,2146.794921875011,34911.0,10.460557244776187,32947.41,10.402668,1963.58984375,73,26939.000000000004,10.201330329750538,26291.5,10.177001,647.5000000000036,89.0,27,high,0.02462773139607872,0.024326556950303783,0.05959769931651257,0.05866622930209349,0.07222379593440857,0.07136235931025232,10.0,4.0,2.0,-6.0,-2.0,-8.0,4.163331998932266,0.09912695235553015,0.1510154160349805,0.05866622930209349
5108,2,133465,1,"Private, for-profit",513.0,26.69215,-80.200219,21,6,,20000.0,0.7772579044,1,30.0,1,,10.769095330043152,10.82651,Allied Health and Medical Assisting Services.,South University-West Palm Beach,47528.99999999997,50337.74,-2808.738281250029,50680.99999999999,10.833306365889975,45432.582,10.723985,5248.417968749993,567,39760.99999999998,10.590641811359664,37760.67,10.539023,2000.3281249999782,493.0,16,high,0.052973848866400185,0.052885314944249445,0.11552101452521367,0.115354185235674,-0.05579786413042397,-0.05571105519167546,4.0,4.0,8.0,0.0,4.0,4.0,2.309401076758503,0.0549857399228215,0.06593401953454686,0.052885314944249445
5108,2,133702,1,Public,17.0,30.334918,-81.659901,11,15,,25081.0,0.8159581286,1,25.0,1,,10.622180640063812,10.634655,Allied Health and Medical Assisting Services.,Florida State College at Jacksonville,41034.99999999999,41550.09,-515.0898437500073,50801.000000000015,10.835671318412196,49826.883,10.81631,974.1171875000146,42,37407.00000000002,10.529613131664696,40041.113,10.597662,-2634.113281249978,48.0,16,high,-0.06578521587918613,-0.06413638518047907,0.019550032683474213,0.018970705956057054,-0.012396840673197426,-0.011423916164973921,12.0,8.0,5.0,-4.0,-3.0,-7.0,3.511884584284246,0.08361629962581538,0.06593401953454686,-0.011423916164973921
5108,2,133854,1,"Private, for-profit",44.0,25.977088,-80.291516,21,1,0.9959,16501.0,0.8625304136,2,27.0,1,open,10.697881800112357,10.729959,Allied Health and Medical Assisting Services.,Concorde Career Institute-Miramar,44262.00000000001,45704.8,-1442.8007812499927,55359.00000000003,10.921594526544588,39812.305,10.591931,15546.69531250003,36,19181.00000000001,9.861675484721689,31354.68,10.353119,-12173.679687499989,44.0,16,high,-0.38825718549289484,-0.3774995167370632,0.39049975716128976,0.3766977278531563,-0.03156781687235555,-0.030713868104519274,16.0,1.0,7.0,-15.0,6.0,-9.0,7.54983443527075,0.17975796274454167,0.06593401953454686,-0.030713868104519274
5108,2,135081,2,"Private, nonprofit",1538.0,26.185869,-80.163959,12,15,0.9697,21659.0,0.7867955286,2,28.0,1,open,10.563827410119956,10.677867,Allied Health and Medical Assisting Services.,Keiser University-Ft Lauderdale,38709.0,43384.91,-4675.91015625,39852.00000000001,10.592927871164747,48411.09,10.787484,-8559.089843749993,1467,30406.000000000015,10.322395236340782,34920.215,10.460821,-4514.214843749985,1379.0,16,high,-0.12927225287555574,-0.12920560426640543,-0.1768001891999338,-0.176713938901756,-0.1077773386970214,-0.1077294980370548,14.0,15.0,11.0,1.0,-4.0,-3.0,2.081665999466133,0.049563476177765076,0.06593401953454686,-0.12920560426640543
5108,2,136516,1,Public,27.0,28.032411,-81.711873,13,12,,23968.0,0.8981884889,1,24.0,1,,10.586256060517686,10.609902,Allied Health and Medical Assisting Services.,Polk State College,39587.00000000001,40534.24,-947.2382812499927,53931.99999999999,10.895479272753965,48925.305,10.79805,5006.695312499993,60,34428.999999999985,10.446654511472781,33948.76,10.432608,480.23828124998545,58.0,16,high,0.014145973429857043,0.013861162297410417,0.10233345187074862,0.10032454031278233,-0.023368843758146025,-0.022266120722193975,7.0,5.0,6.0,-2.0,1.0,-1.0,1.0,0.023809523809523808,0.06593401953454686,0.013861162297410417
5108,2,137209,2,Public,28.0,28.745482,-81.308003,13,12,,24900.0,0.8147863904,1,24.0,1,,10.502653669625179,10.660914,Allied Health and Medical Assisting Services.,Seminole State College of Florida,36411.99999999998,42655.625,-6243.625000000022,53360.99999999997,10.884835421043586,51028.34,10.840137,2332.660156249971,50,36388.99999999998,10.502021810151676,37542.14,10.533219,-1153.1406250000218,47.0,16,high,-0.03071589967440813,-0.029927110863704212,0.04571303247161542,0.04460476226666463,-0.146372840627702,-0.13974252949026114,9.0,6.0,12.0,-3.0,6.0,3.0,3.0,0.07142857142857142,0.06593401953454686,-0.029927110863704212
5108,2,138309,2,"Private, for-profit",252.0,29.175319,-82.15319,13,12,,25123.0,0.7318019398,1,30.0,1,,10.485060507823594,10.76057,Allied Health and Medical Assisting Services.,Rasmussen University-Florida,35777.00000000003,47125.5,-11348.49999999997,43242.99999999998,10.674590649549964,50880.566,10.837236,-7637.566406250022,234,35349.99999999999,10.473053671324719,37531.688,10.532941,-2181.6875000000073,185.0,16,high,-0.05812921414737899,-0.057826632279498656,-0.15010773160952565,-0.14950454726947723,-0.24081442106714987,-0.239961727799631,11.0,14.0,16.0,3.0,2.0,5.0,2.5166114784235836,0.05991932091484723,0.06593401953454686,-0.14950454726947723
5108,2,244233,2,"Private, for-profit",85.0,26.025173,-80.22004,21,6,1.0,14979.0,0.8729121278,2,29.0,1,open,10.425104737380318,10.52662,Allied Health and Medical Assisting Services.,City College-Hollywood,33695.000000000015,37295.203,-3600.2031249999854,37828.00000000002,10.540804848135403,42236.5,10.65104,-4408.499999999978,91,29672.000000000004,10.297959119169427,29058.555,10.277068,613.4453125000036,81.0,16,high,0.02111066152797637,0.020822509350850157,-0.10437654635208832,-0.10311481181813892,-0.09653260535767588,-0.0953176969379002,5.0,13.0,9.0,8.0,-4.0,4.0,4.0,0.09523809523809523,0.06593401953454686,-0.0953176969379002
5108,2,366553,1,"Private, for-profit",86.0,26.596097,-81.877644,13,9,,19031.0,0.8379160637,1,29.0,1,,10.366214772811087,10.579693,Allied Health and Medical Assisting Services.,Southern Technical College,31768.0,39328.03,-7560.03125,34673.0,10.453716565076885,48826.484,10.796028,-14153.484375,26,20500.999999999993,9.928228944424575,31142.71,10.346335,-10641.710937500007,16.0,16,high,-0.3417079187119179,-0.31249035942664627,-0.2898730997361511,-0.27508504764636166,-0.19223009669470806,-0.1898436124052526,15.0,16.0,14.0,1.0,-2.0,-1.0,1.0,0.023809523809523808,0.06593401953454686,-0.27508504764636166
5108,2,386472,1,"Private, nonprofit",199.0,28.615784,-81.312669,21,6,0.942,18321.0,0.8203449578,2,31.0,1,open,10.54563087050331,10.709649,Allied Health and Medical Assisting Services.,Herzing University-Orlando,38010.99999999998,44785.92,-6774.921875000022,44890.00000000002,10.711970331775978,48157.367,10.782229,-3267.367187499978,157,34038.99999999998,10.435262205052501,34844.07,10.458638,-805.0703125000218,164.0,16,high,-0.02310494455095879,-0.0229665356963807,-0.067847712163718,-0.06741376416709524,-0.15127347146965525,-0.15056844255006105,8.0,11.0,13.0,3.0,2.0,5.0,2.5166114784235836,0.05991932091484723,0.06593401953454686,-0.06741376416709524
5108,2,417327,1,"Private, for-profit",31.0,28.663604,-81.402219,21,1,1.0,14982.0,0.8646864686,2,31.0,1,open,10.619423094726505,10.478277,Allied Health and Medical Assisting Services.,City College-Altamonte Springs,40922.00000000002,35535.137,5386.863281250022,39510.99999999997,10.584334393133231,39330.473,10.579755,180.5273437499709,30,26189.0,10.173094754260378,28728.445,10.265643,-2539.4453125,21.0,16,high,-0.08839480469188721,-0.08275736901473403,0.00459001205827826,0.004390551282846484,0.15159258634307324,0.14547160081624702,13.0,9.0,2.0,-4.0,-7.0,-11.0,5.5677643628300215,0.13256581816261956,0.06593401953454686,0.004390551282846484
5108,2,428170,1,"Private, for-profit",97.0,26.702216,-80.085966,21,1,0.8704,16491.0,0.8390022676,2,31.0,1,open,10.404596118238738,10.654002,Allied Health and Medical Assisting Services.,Southeastern College-West Palm Beach,33011.0,42361.797,-9350.796875,38052.99999999998,10.546735203808643,42512.305,10.657549,-4459.304687500022,30,28666.000000000007,10.263467030483161,28096.775,10.24341,569.2246093750073,31.0,16,high,0.02025942840276751,0.0194222143257879,-0.1048944469202396,-0.10033621756145959,-0.2207365495517593,-0.21835565440613627,6.0,12.0,15.0,6.0,3.0,9.0,4.58257569495584,0.10910894511799618,0.06593401953454686,-0.10033621756145959
5108,2,441371,3,"Private, nonprofit",135.0,27.965294,-82.78558,12,4,,10150.0,0.9341584543,1,32.0,1,,10.320518847015657,10.331675,Allied Health and Medical Assisting Services.,Ultimate Medical Academy,30349.000000000025,30689.46,-340.46093749997453,34529.99999999999,10.449583790384038,33495.6,10.419169,1034.3984374999927,226,28117.999999999975,10.244165219639852,23052.475,10.045528,5065.5253906249745,249.0,16,high,0.2197388990319036,0.21892943587329158,0.030881619951499944,0.030752404814554612,-0.011093741209509459,-0.01101242699081332,2.0,7.0,4.0,5.0,-3.0,2.0,2.516611478423583,0.05991932091484722,0.06593401953454686,0.030752404814554612
5108,2,446127,1,"Private, for-profit",125.0,28.452699,-82.595376,22,1,,16605.0,0.8771186441,1,28.0,1,,10.45791849378284,10.568745,Allied Health and Medical Assisting Services.,ATA Career Education,34819.00000000001,38899.812,-4080.8124999999927,39008.99999999997,10.571547667719429,39975.105,10.596012,-966.1054687500291,35,29013.000000000022,10.275499284385074,30124.645,10.313099,-1111.6445312499782,26.0,16,high,-0.03690149870803642,-0.03504326739675063,-0.024167677794002796,-0.023285649408320702,-0.1049057113064489,-0.10406442884173903,10.0,10.0,10.0,0.0,0.0,0.0,0.0,0.0,0.06593401953454686,-0.03504326739675063
5108,2,449524,1,"Private, for-profit",25.0,29.189031,-82.102824,13,1,,26578.0,0.7625570776,1,31.0,1,,11.012545099065777,10.718203,Allied Health and Medical Assisting Services.,Taylor College,60630.000000000044,45170.637,15459.363281250044,52604.00000000001,10.870547441461856,44123.547,10.694749,8480.453125000007,32,42622.00000000002,10.660125830877272,36595.824,10.507689,6026.175781250022,30.0,16,high,0.16466839891974586,0.15760679411047757,0.19219790170143722,0.18443281773813833,0.34224364330983575,0.3246409423261296,3.0,2.0,1.0,-1.0,-1.0,-2.0,1.0,0.023809523809523808,0.06593401953454686,0.18443281773813833
5108,2,449898,1,"Private, for-profit",513.0,27.982269,-82.500357,11,6,,20000.0,0.7772579044,1,30.0,1,,10.769095330043152,10.688696,Allied Health and Medical Assisting Services.,South University-Tampa,47528.99999999997,43857.277,3671.722656249971,50680.99999999999,10.833306365889975,43968.004,10.691217,6712.996093749993,567,39760.99999999998,10.590641811359664,29710.457,10.299254,10050.542968749978,493.0,16,high,0.3382830145688649,0.3377176502859658,0.1526791188443228,0.152458627801814,0.08371980384170427,0.08358955463885406,1.0,3.0,3.0,2.0,0.0,2.0,1.1547005383792515,0.02749286996141075,0.06593401953454686,0.152458627801814
5109,1,132693,1,Public,79.0,28.170002,-80.670781,13,12,,22005.0,0.8466486121,1,25.0,1,,10.766778271248578,10.838621,"Allied Health Diagnostic, Intervention, and Treatment Professions.",Eastern Florida State College,47419.0,50951.08,-3532.078125,62987.99999999998,11.0506995110403,58597.703,10.978451,4390.296874999978,39,45857.00000000001,10.73328313778719,46166.48,10.740009,-309.4804687499927,35.0,13,medium,-0.006703575096210322,-0.00646219312546912,0.07492267854995346,0.0725057809337792,-0.06932293201597488,-0.06837262493587547,8.0,5.0,12.0,-3.0,7.0,4.0,3.511884584284246,0.06503489970896752,0.055487309139064016,-0.00646219312546912
5109,1,133386,1,Public,55.0,29.20278,-81.049513,13,12,,21285.0,0.8535849057,1,25.0,1,,10.850462666541278,10.75451,"Allied Health Diagnostic, Intervention, and Treatment Professions.",Daytona State College,51557.99999999998,46840.797,4717.203124999978,56695.000000000044,10.945441302405941,57102.293,10.9526,-407.29296874995634,104,44199.99999999997,10.696480068065789,41554.17,10.634753,2645.828124999971,66.0,13,medium,0.06367178084931986,0.06256852666604161,-0.007132690257689878,-0.007058910829815814,0.10070714931661756,0.09860266049475805,4.0,9.0,4.0,5.0,-5.0,0.0,2.8867513459481287,0.05345835825829868,0.055487309139064016,0.06256852666604161
5109,1,133702,1,Public,16.0,30.334918,-81.659901,11,15,,25081.0,0.8159581286,1,25.0,1,,10.704120488830531,10.962472,"Allied Health Diagnostic, Intervention, and Treatment Professions.",Florida State College at Jacksonville,44538.99999999998,57668.824,-13129.824218750022,56695.000000000044,10.945441302405941,64069.1,11.067718,-7374.101562499956,34,37334.99999999999,10.527686503469802,50834.445,10.836329,-13499.445312500007,19.0,13,medium,-0.2655570495460987,-0.24667049146083567,-0.11509606631999439,-0.11075481648354966,-0.22767629471594275,-0.20861220926144705,13.0,12.0,13.0,-1.0,1.0,0.0,0.5773502691896257,0.010691671651659736,0.055487309139064016,-0.20861220926144705
5109,1,133845,1,"Private, for-profit",67.0,30.23886,-81.581748,11,2,0.9404,16617.0,0.8801108801,2,27.0,1,open,10.672901088549523,10.667315,"Allied Health Diagnostic, Intervention, and Treatment Professions.",Concorde Career Institute-Jacksonville,43169.999999999985,42929.504,240.49609374998545,51737.00000000002,10.8539284718402,50578.78,10.831287,1158.2187500000218,57,41913.99999999997,10.643375178979888,39622.727,10.587158,2291.273437499971,32.0,13,medium,0.05782725310146861,0.05552190409503204,0.022899301275671243,0.022422215399145413,0.0056021167697438085,0.005509054057024659,5.0,7.0,9.0,2.0,2.0,4.0,2.0,0.037037037037037035,0.055487309139064016,0.022422215399145413
5109,1,134495,1,Public,89.0,27.934888,-82.456253,11,5,,22087.0,0.8303442291,1,24.0,1,,10.972499371427947,10.933353,"Allied Health Diagnostic, Intervention, and Treatment Professions.",Hillsborough Community College,58250.00000000001,56013.805,2236.1953125000073,61571.99999999997,11.027962500729965,66412.69,11.103643,-4840.687500000029,263,45318.99999999998,10.721481649585172,55058.58,10.916153,-9739.578125000022,204.0,13,medium,-0.1768948355856224,-0.1760731527677296,-0.0728879929757402,-0.07263228030793824,0.03992221783497301,0.03944605260278525,10.0,11.0,7.0,1.0,-4.0,-3.0,2.081665999466133,0.03854937036048395,0.055487309139064016,-0.07263228030793824
5109,1,134608,1,Public,22.0,27.42416,-80.358682,21,12,,21577.0,0.9122626988,1,23.0,1,,10.976371692631506,10.899745,"Allied Health Diagnostic, Intervention, and Treatment Professions.",Indian River State College,58475.999999999985,54162.55,4313.449218749985,65173.99999999997,11.08481589537751,56111.43,10.935095,9062.57031249997,21,41228.99999999997,10.62689717122296,51431.902,10.848014,-10202.90234375003,28.0,13,medium,-0.1983769193594661,-0.18918280703618737,0.1615102370937957,0.1510792415382606,0.07963896006617206,0.07491845983127036,11.0,3.0,5.0,-8.0,2.0,-6.0,4.163331998932266,0.0770987407209679,0.055487309139064016,0.07491845983127036
5109,1,135160,1,Public,27.0,30.175298,-82.5679,32,9,,21618.0,0.9306451613,1,26.0,1,,10.827766295132466,10.806857,"Allied Health Diagnostic, Intervention, and Treatment Professions.",Florida Gateway College,50401.00000000003,49358.1,1042.898437500029,48253.999999999956,10.784234004885391,56030.74,10.933656,-7776.738281250044,25,54208.999999999985,10.900602225303203,37421.035,10.529988,16787.964843749985,23.0,13,medium,0.4486237425996509,0.4227368257912576,-0.1387941426403163,-0.13139756181352885,0.021129225081306106,0.020132184599966494,1.0,13.0,8.0,12.0,-5.0,7.0,6.027713773341708,0.11162432913595756,0.055487309139064016,0.020132184599966494
5109,1,135717,1,Public,87.0,25.777717,-80.190856,11,15,,18391.0,0.9677276583,1,22.0,1,,11.175674925549954,10.765477,"Allied Health Diagnostic, Intervention, and Treatment Professions.",Miami Dade College,71373.00000000003,47357.344,24015.65625000003,66975.00000000001,11.11207469441281,69581.92,11.15026,-2606.9218749999854,119,37101.00000000003,10.521399202410167,47873.87,10.776325,-10772.87109374997,47.0,13,medium,-0.22502611231612696,-0.21924740873287976,-0.037465505475447684,-0.03713437525481199,0.5071157786378174,0.5009045124504959,12.0,10.0,1.0,-2.0,-9.0,-11.0,5.8594652770823155,0.1085086162422651,0.055487309139064016,-0.03713437525481199
5109,1,136358,1,Public,80.0,26.61256,-80.08653,21,15,,21408.0,0.9218037494,1,23.0,1,,11.019726901054444,11.049117,"Allied Health Diagnostic, Intervention, and Treatment Professions.",Palm Beach State College,61067.00000000002,62888.406,-1821.4062499999782,68457.00000000001,11.133961089914534,54607.61,10.907928,13849.390625000015,144,49359.00000000004,10.80687539905476,45938.15,10.735051,3420.8515625000364,113.0,13,medium,0.07446646586451325,0.07377737779259973,0.2536164974718785,0.2518222833112855,-0.028962512466277967,-0.02857126922935896,3.0,2.0,10.0,-1.0,8.0,7.0,4.358898943540674,0.08072035080630878,0.055487309139064016,0.07377737779259973
5109,1,369419,1,Public,29.0,27.997242,-82.435933,11,-2,,14686.0,,1,27.0,1,,10.729656620945079,10.689229,"Allied Health Diagnostic, Intervention, and Treatment Professions.",Erwin Technical College,45690.99999999998,43880.664,1810.3359374999782,54866.99999999997,10.912667353872685,53122.496,10.880356,1744.503906249971,23,45024.00000000003,10.714950959914116,45902.24,10.734269,-878.2382812499709,26.0,13,medium,-0.019132798620164693,-0.018169337332323482,0.03283926838022237,0.030919976904749923,0.041255892001121154,0.0394595733853039,9.0,6.0,6.0,-3.0,0.0,-3.0,1.7320508075688772,0.032075014954979206,0.055487309139064016,0.030919976904749923
5109,1,419226,1,Public,28.0,29.178271,-82.147877,13,-2,,16708.0,,1,28.0,1,,11.004762958623722,10.673536,"Allied Health Diagnostic, Intervention, and Treatment Professions.",Marion Technical College,60160.000000000044,43197.434,16962.566406250044,55030.000000000044,10.915633770053805,48696.094,10.793354,6333.906250000044,20,48966.00000000004,10.798881458697299,41487.453,10.633146,7478.546875000036,16.0,13,medium,0.18026044771819277,0.16484737114142156,0.1300701095762952,0.12121076940986353,0.3926753280246784,0.3748881511848,2.0,4.0,2.0,2.0,-2.0,0.0,1.1547005383792515,0.021383343303319473,0.055487309139064016,0.16484737114142156
5109,1,460190,1,"Private, for-profit",67.0,28.55984,-81.340421,11,1,0.9005,16617.0,0.8801108801,2,27.0,1,open,10.672901088549523,10.721906,"Allied Health Diagnostic, Intervention, and Treatment Professions.",Concorde Career Institute-Orlando,43169.999999999985,45338.223,-2168.2226562500146,51737.00000000002,10.8539284718402,51439.258,10.848157,297.7421875000218,57,41913.99999999997,10.643375178979888,41303.055,10.628692,610.9453124999709,32.0,13,medium,0.014791770660121854,0.014202079952612119,0.005788228682950962,0.005667636263055973,-0.04782328307594385,-0.047028839718707895,7.0,8.0,11.0,1.0,3.0,4.0,2.081665999466133,0.03854937036048395,0.055487309139064016,0.005667636263055973
5109,1,475714,1,"Private, for-profit",85.0,25.66273,-80.393361,21,1,,24826.0,0.7594339623,1,27.0,1,,11.234586278188068,10.923628,"Allied Health Diagnostic, Intervention, and Treatment Professions.",American Medical Academy,75703.99999999997,55471.676,20232.32421874997,73153.99999999994,11.2003220871132,56408.023,10.940367,16745.97656249994,116,52092.0,10.860766665087594,50267.703,10.825118,1824.296875,124.0,13,medium,0.0362916298455799,0.03599032862584722,0.29687224515240207,0.29416901176351146,0.3647325222071028,0.3601421911935185,6.0,1.0,3.0,-5.0,2.0,-3.0,2.5166114784235836,0.0466039162671034,0.055487309139064016,0.29416901176351146
5109,2,132693,1,Public,40.0,28.170002,-80.670781,13,12,,22005.0,0.8466486121,1,25.0,1,,10.803018622594942,10.922049,"Allied Health Diagnostic, Intervention, and Treatment Professions.",Eastern Florida State College,49168.99999999998,55384.14,-6215.140625000022,54621.99999999998,10.90819201098127,69943.51,11.155443,-15321.507812500022,55,48656.999999999985,10.792550962155799,53763.3,10.892346,-5106.300781250015,39.0,33,high,-0.09497744199200733,-0.09195502778339082,-0.21905546764358633,-0.21429886218906688,-0.112218778785105,-0.10883130460423243,27.0,32.0,27.0,5.0,-5.0,0.0,2.886751345948129,0.053458358258298685,0.09778061862857979,-0.10883130460423243
5109,2,132709,1,Public,73.0,26.119422,-80.14183,12,15,,20743.0,0.9264472291,1,24.0,1,,11.113626308252979,11.078447,"Allied Health Diagnostic, Intervention, and Treatment Professions.",Broward College,67078.99999999997,64760.258,2318.742187499971,75878.99999999997,11.236895245258895,66156.8,11.099783,9722.20312499997,66,65396.00000000001,11.088216373495303,49188.504,10.803415,16207.496093750007,60.0,33,high,0.3294976428768887,0.32311960019580477,0.1469569807524024,0.1443743580746697,0.0358050178585362,0.03526680571812915,3.0,6.0,16.0,3.0,10.0,13.0,6.8068592855540455,0.12605294973248232,0.09778061862857979,0.1443743580746697
5109,2,132851,1,Public,26.0,29.166079,-82.175692,13,12,,21993.0,0.8733662504,1,24.0,1,,10.861092957544496,10.964199,"Allied Health Diagnostic, Intervention, and Treatment Professions.",College of Central Florida,52109.00000000002,57768.504,-5659.503906249978,63118.99999999995,11.05277711255522,63101.38,11.052498,17.62109374994907,25,53437.99999999998,10.886277382360488,54136.008,10.899255,-698.0078125000218,22.0,33,high,-0.012893595976222907,-0.012112229528183699,0.00027925053390875665,0.0002643687881398996,-0.09796867710880208,-0.0931459583244106,22.0,19.0,25.0,-3.0,6.0,3.0,3.0,0.05555555555555555,0.09778061862857979,-0.012112229528183699
5109,2,133386,1,Public,78.0,29.20278,-81.049513,13,12,,21285.0,0.8535849057,1,25.0,1,,10.94913848971599,10.876731,"Allied Health Diagnostic, Intervention, and Treatment Professions.",Daytona State College,56904.99999999999,52930.28,3974.7187499999927,78835.99999999994,11.275125024312384,58500.72,10.976794,20335.28124999994,47,54152.000000000015,10.899550186188444,54491.598,10.905802,-339.59765624998545,42.0,33,high,-0.006232110469439223,-0.00604994737174907,0.3476073744820433,0.33855646114341714,0.07509347496618475,0.0740486437110264,21.0,1.0,9.0,-20.0,8.0,-12.0,10.066445913694334,0.1864156650684136,0.09778061862857979,0.0740486437110264
5109,2,133508,1,Public,113.0,26.552403,-81.887102,21,12,,25854.0,0.8308977035,1,23.0,1,,11.135829130912507,10.951527,"Allied Health Diagnostic, Intervention, and Treatment Professions.",Florida SouthWestern State College,68584.99999999996,57041.062,11543.937499999956,78918.00000000001,11.276164617696834,63450.836,11.058021,15467.164062500015,75,61621.99999999998,11.028774228618424,50505.61,10.82984,11116.390624999978,56.0,33,high,0.22010209880771245,0.2154865517695218,0.24376611961007727,0.24007427105493567,0.20237942622474742,0.20055327792485858,6.0,3.0,4.0,-3.0,1.0,-2.0,1.5275252316519465,0.02828750428985086,0.09778061862857979,0.2154865517695218
5109,2,133702,1,Public,70.0,30.334918,-81.659901,11,15,,25081.0,0.8159581286,1,25.0,1,,10.891801227257481,10.90611,"Allied Health Diagnostic, Intervention, and Treatment Professions.",Florida State College at Jacksonville,53734.000000000044,54508.383,-774.3828124999563,70804.99999999999,11.167684898657159,62652.246,11.045355,8152.753906249985,61,52497.00000000001,10.868511304089857,52757.17,10.873455,-260.1718749999927,79.0,33,high,-0.00493149776141204,-0.004862193319425322,0.1301270810634717,0.12762108456799895,-0.01420667377279762,-0.013982414714870236,20.0,7.0,22.0,-13.0,15.0,2.0,8.144527815247077,0.15082458917124217,0.09778061862857979,-0.004862193319425322
5109,2,133845,1,"Private, for-profit",55.0,30.23886,-81.581748,11,2,0.9404,16617.0,0.8801108801,2,27.0,1,open,11.020807097558823,10.960539,"Allied Health Diagnostic, Intervention, and Treatment Professions.",Concorde Career Institute-Jacksonville,61133.000000000044,57557.45,3575.5507812500437,60066.00000000004,11.00319923664754,58111.65,10.970121,1954.3515625000364,33,49930.00000000001,10.818377303494655,49776.016,10.815289,153.98437500000728,64.0,33,high,0.003093545617634141,0.003037990242102284,0.03363097786843842,0.03231876957567074,0.06212142528521342,0.06082326675329338,19.0,15.0,12.0,-4.0,-3.0,-7.0,3.511884584284246,0.06503489970896752,0.09778061862857979,0.03231876957567074
5109,2,133854,1,"Private, for-profit",20.0,25.977088,-80.291516,21,1,0.9959,16501.0,0.8625304136,2,27.0,1,open,11.467635169110421,10.97585,"Allied Health Diagnostic, Intervention, and Treatment Professions.",Concorde Career Institute-Miramar,95572.0,58445.508,37126.4921875,59711.000000000015,10.997271537014264,66584.805,11.106232,-6873.804687499985,20,52180.00000000003,10.86245455869072,39892.883,10.593953,12287.11718750003,36.0,33,high,0.30800273936708317,0.2972625797425974,-0.10323383420227121,-0.09620236742745113,0.6352326051577157,0.593424748921188,4.0,25.0,1.0,21.0,-24.0,-3.0,13.076696830622021,0.24216105241892633,0.09778061862857979,0.2972625797425974
5109,2,133863,1,"Private, for-profit",25.0,27.959148,-82.514341,11,1,0.957,15715.0,0.8117942284,2,26.0,1,open,11.127998008079611,10.864235,"Allied Health Diagnostic, Intervention, and Treatment Professions.",Concorde Career Institute-Tampa,68049.99999999996,52272.98,15777.019531249956,71678.00000000006,11.179939145473837,53027.742,10.878571,18650.25781250006,32,55665.99999999998,10.927124826611164,47114.98,10.760346,8551.019531249978,67.0,33,high,0.18149258359390855,0.17840236128638756,0.35170755991373137,0.3374980461309039,0.3018197812669554,0.286296210663191,8.0,2.0,3.0,-6.0,1.0,-5.0,3.2145502536643185,0.05952870840119108,0.09778061862857979,0.286296210663191
5109,2,133872,1,"Private, nonprofit",68.0,28.576142,-81.367687,11,9,,30567.0,0.6558533145,1,26.0,1,,10.97532798515125,11.161874,"Allied Health Diagnostic, Intervention, and Treatment Professions.",AdventHealth University,58415.000000000044,70394.74,-11979.742187499956,71349.00000000006,11.175338607389808,69804.57,11.153455,1544.4296875000582,73,56725.000000000044,10.945970309648043,62773.12,11.047282,-6048.121093749956,56.0,33,high,-0.09634889883390133,-0.09432845978741024,0.022125051133270783,0.021779252185753013,-0.17017950226440634,-0.16740084285821422,28.0,17.0,30.0,-11.0,13.0,2.0,7.0,0.12962962962962962,0.09778061862857979,-0.09432845978741024
5109,2,134343,1,Public,58.0,30.185542,-85.727918,13,9,,22880.0,0.8783042394,1,25.0,1,,11.021248660042998,10.985602,"Allied Health Diagnostic, Intervention, and Treatment Professions.",Gulf Coast State College,61159.99999999996,59018.277,2141.7226562499636,53082.99999999998,10.879612005311733,60455.312,11.00966,-7372.312500000022,34,58019.00000000005,10.968525822090808,43566.387,10.682041,14452.613281250051,60.0,33,high,0.3317377081223486,0.32531630479194645,-0.12194647906253105,-0.11734684200097098,0.036289142154651025,0.03557615369590936,2.0,29.0,15.0,27.0,-14.0,13.0,13.503086067019394,0.25005714938924806,0.09778061862857979,0.03557615369590936
5109,2,135081,1,"Private, nonprofit",841.0,26.185869,-80.163959,12,15,0.9697,21659.0,0.7867955286,2,28.0,1,open,10.896313308888274,11.037145,"Allied Health Diagnostic, Intervention, and Treatment Professions.",Keiser University-Ft Lauderdale,53977.000000000015,62139.965,-8162.964843749985,61607.999999999985,11.028547011219086,70253.56,11.159866,-8645.562500000015,828,47863.00000000002,10.776098042322785,51421.06,10.847803,-3558.058593749978,843.0,33,high,-0.06919458080122926,-0.06913209221445932,-0.12306226463604625,-0.1229471241443515,-0.13136416900581835,-0.13124825379541333,25.0,30.0,28.0,5.0,-2.0,3.0,2.5166114784235836,0.0466039162671034,0.09778061862857979,-0.1229471241443515
5109,2,135717,1,Public,38.0,25.777717,-80.190856,11,15,,18391.0,0.9677276583,1,22.0,1,,10.929547069355774,11.014228,"Allied Health Diagnostic, Intervention, and Treatment Professions.",Miami Dade College,55801.0,60732.113,-4931.11328125,83387.99999999993,11.331259693102327,68288.484,11.131496,15099.515624999927,187,64691.99999999995,11.077392825239668,47032.96,10.758604,17659.03906249995,164.0,33,high,0.37546092592312563,0.37321174862771017,0.22111364402352687,0.21996022041512384,-0.08119449521563737,-0.07859500244725617,1.0,4.0,23.0,3.0,19.0,22.0,11.930353445448855,0.22093247121201584,0.09778061862857979,0.21996022041512384
5109,2,136358,1,Public,39.0,26.61256,-80.08653,21,15,,21408.0,0.9218037494,1,23.0,1,,11.088568015130239,11.097158,"Allied Health Diagnostic, Intervention, and Treatment Professions.",Palm Beach State College,65419.00000000006,65983.39,-564.3906249999418,62302.999999999956,11.03976485770927,69918.43,11.155085,-7615.429687500044,57,56594.0,10.94365825150499,49757.41,10.814915,6836.58984375,65.0,33,high,0.13739842612952516,0.13497504283976228,-0.10891877465694182,-0.10664955218365467,-0.00855352566235212,-0.008287713507099547,10.0,27.0,20.0,17.0,-7.0,10.0,8.54400374531753,0.15822229157995427,0.09778061862857979,-0.008287713507099547
5109,2,136400,1,Public,36.0,28.2751,-82.646727,21,12,,23149.0,0.8602089269,1,24.0,1,,10.807280511580302,11.014023,"Allied Health Diagnostic, Intervention, and Treatment Professions.",Pasco-Hernando State College,49378.99999999997,60719.656,-11340.65625000003,57323.00000000003,10.956457218325502,64531.035,11.074902,-7208.035156249971,58,42434.00000000001,10.655705206673062,55657.25,10.926968,-13223.249999999993,46.0,33,high,-0.23758360321431607,-0.23132924392944584,-0.1116987374957963,-0.10941804039801022,-0.1867707584395297,-0.18040955923495383,33.0,28.0,31.0,-5.0,3.0,-2.0,2.5166114784235836,0.0466039162671034,0.09778061862857979,-0.18040955923495383
5109,2,136473,1,Public,18.0,30.479267,-87.200265,13,12,,20605.0,0.9150442478,1,25.0,1,,10.943428518789158,10.833685,"Allied Health Diagnostic, Intervention, and Treatment Professions.",Pensacola State College,56581.00000000003,50700.184,5880.816406250029,62671.99999999996,11.045670055905612,57077.25,10.952161,5594.749999999964,26,52273.99999999997,10.8642543945108,42454.98,10.656199,9819.01953124997,16.0,33,high,0.23128074545876884,0.21150520464761083,0.0980206649759749,0.09302008126931184,0.11599201402053659,0.10743196358278632,7.0,8.0,7.0,1.0,-1.0,0.0,0.5773502691896258,0.010691671651659738,0.09778061862857979,0.10743196358278632
5109,2,136516,1,Public,38.0,28.032411,-81.711873,13,12,,23968.0,0.8981884889,1,24.0,1,,10.946234708362843,10.872846,"Allied Health Diagnostic, Intervention, and Treatment Professions.",Polk State College,56740.000000000015,52725.035,4014.9648437500146,69815.00000000001,11.153604165376295,66658.57,11.107339,3156.4296875000146,68,58088.00000000001,10.969714381060083,56904.47,10.949129,1183.5312500000073,56.0,33,high,0.020798564260386093,0.02036241779840025,0.04735219601474279,0.046548417904700566,0.07614911648426057,0.07371115468532657,17.0,13.0,10.0,-4.0,-3.0,-7.0,3.511884584284246,0.06503489970896752,0.09778061862857979,0.046548417904700566
5109,2,137078,1,Public,36.0,27.773264,-82.636587,11,15,,22640.0,0.8076387681,1,26.0,1,,11.142586158837439,10.855611,"Allied Health Diagnostic, Intervention, and Treatment Professions.",St Petersburg College,69050.00000000004,51824.117,17225.882812500044,70197.99999999999,11.159075099579564,64386.95,11.072666,5811.050781249985,55,62187.00000000005,11.037901253667622,56366.3,10.939627,5820.699218750051,57.0,33,high,0.10326558844688777,0.1011440960200835,0.09025199752060563,0.0882922512138562,0.3323912446048369,0.3210703775780381,11.0,10.0,2.0,-1.0,-8.0,-9.0,4.932882862316247,0.09134968263548605,0.09778061862857979,0.1011440960200835
5109,2,137096,1,Public,32.0,29.681037,-82.433143,22,12,,25000.0,0.8128164557,1,22.0,1,,10.970695169727144,10.982116,"Allied Health Diagnostic, Intervention, and Treatment Professions.",Santa Fe College,58145.0,58812.85,-667.8515625,66996.99999999997,11.11240312125122,65437.703,11.088854,1559.296874999971,147,57763.00000000002,10.964103711276094,53230.875,10.882394,4532.125000000022,111.0,33,high,0.0851409074151049,0.08433643594247166,0.023828722594700192,0.023664153498035703,-0.011355537858766784,-0.010913244700288113,12.0,16.0,21.0,4.0,5.0,9.0,4.509249752822894,0.08350462505227582,0.09778061862857979,0.023664153498035703
5109,2,137209,2,Public,112.0,28.745482,-81.308003,13,12,,24900.0,0.8147863904,1,24.0,1,,10.96737036068314,10.882281,"Allied Health Diagnostic, Intervention, and Treatment Professions.",Seminole State College of Florida,57951.999999999956,53224.887,4727.113281249956,71774.99999999999,11.181291504989264,65650.04,11.092093,6124.960937499985,69,65840.99999999997,11.094998023570968,53822.098,10.893439,12018.90234374997,38.0,33,high,0.22330795095561082,0.21598737271484128,0.09329714079330424,0.09174013656034027,0.08881396603489049,0.08800419352037299,5.0,9.0,8.0,4.0,-1.0,3.0,2.0816659994661326,0.03854937036048394,0.09778061862857979,0.09174013656034027
5109,2,137281,1,Public,37.0,29.647516,-81.681387,32,9,,24832.0,0.8578217822,1,25.0,1,,10.96711149228176,10.921169,"Allied Health Diagnostic, Intervention, and Treatment Professions.",Saint Johns River State College,57936.99999999997,55335.465,2601.535156249971,64282.00000000003,11.071034933244212,59985.3,11.001855,4296.699218750029,47,53587.000000000044,10.88906178032853,51424.348,10.847867,2162.6523437500437,41.0,33,high,0.04205502728408845,0.04079128797750393,0.07162920186761948,0.06976413873544397,0.04701388456021632,0.045462035972643484,16.0,12.0,14.0,-4.0,2.0,-2.0,2.0,0.037037037037037035,0.09778061862857979,0.045462035972643484
5109,2,137759,1,Public,23.0,30.443866,-84.339,12,12,,23457.0,0.8177727784,1,22.0,1,,11.001616391027698,10.930354,"Allied Health Diagnostic, Intervention, and Treatment Professions.",Tallahassee State College,59970.999999999985,55846.055,4124.945312499985,64789.00000000003,11.07889111484426,62155.258,11.037391,2633.742187500029,39,40404.99999999997,10.606708818667547,43644.94,10.683843,-3239.941406250029,45.0,33,high,-0.07423406474744554,-0.07222974621015821,0.042373602494660705,0.041006691155662335,0.07386278825929793,0.06969466343659601,26.0,14.0,11.0,-12.0,-3.0,-15.0,7.937253933193772,0.1469861839480328,0.09778061862857979,0.041006691155662335
5109,2,138187,1,Public,54.0,28.520783,-81.464275,11,15,,23247.0,0.8727049583,1,22.0,1,,11.120342030692624,10.948189,"Allied Health Diagnostic, Intervention, and Treatment Professions.",Valencia College,67530.99999999999,56850.977,10680.023437499985,72153.00000000001,11.186544143379171,67311.055,11.11708,4841.945312500015,87,56944.99999999997,10.949841168708451,49811.293,10.815997,7133.707031249971,72.0,33,high,0.1432146528644705,0.14097216690617909,0.07193387973163326,0.07101750657603005,0.18785998206660068,0.18384978831641582,9.0,11.0,5.0,2.0,-6.0,-4.0,3.055050463303893,0.05657500857970172,0.09778061862857979,0.14097216690617909
5109,2,138309,1,"Private, for-profit",48.0,29.175319,-82.15319,13,12,,25123.0,0.7318019398,1,30.0,1,,11.014407128226281,10.87813,"Allied Health Diagnostic, Intervention, and Treatment Professions.",Rasmussen University-Florida,60742.99999999997,53004.39,7738.609374999971,60038.99999999997,11.002749630045734,63398.39,11.057194,-3359.390625000029,83,51036.0,10.840286545041634,50193.164,10.823634,842.8359375,85.0,33,high,0.016791847121861245,0.01657517750609433,-0.05298857891946731,-0.05227546518500458,0.14599940276174,0.1424273600881299,18.0,21.0,6.0,3.0,-15.0,-12.0,7.937253933193772,0.1469861839480328,0.09778061862857979,0.01657517750609433
5109,2,244233,2,"Private, for-profit",49.0,26.025173,-80.22004,21,6,1.0,14979.0,0.8729121278,2,29.0,1,open,10.703536560322721,10.6743,"Allied Health Diagnostic, Intervention, and Treatment Professions.",City College-Hollywood,44513.00000000001,43230.44,1282.5585937500073,51641.99999999998,10.852090573877529,56256.207,10.937672,-4614.207031250022,61,39470.00000000003,10.583296168656894,46163.09,10.739936,-6693.089843749971,75.0,33,high,-0.14498790844383103,-0.14282310240199655,-0.0820212964000018,-0.08044172449496323,0.029667950454111778,0.028959192619129104,29.0,23.0,17.0,-6.0,-6.0,-12.0,6.0,0.1111111111111111,0.09778061862857979,-0.08044172449496323
5109,2,366553,1,"Private, for-profit",156.0,26.596097,-81.877644,13,9,,19031.0,0.8379160637,1,29.0,1,,10.72099608411258,10.944988,"Allied Health Diagnostic, Intervention, and Treatment Professions.",Southern Technical College,45297.00000000001,56669.32,-11372.320312499993,49649.999999999985,10.812753669473318,57143.746,10.953325,-7493.746093750015,102,42481.00000000003,10.65681219612839,45219.516,10.719284,-2738.515624999971,104.0,33,high,-0.06056048118051841,-0.059943029647709326,-0.13113851656585093,-0.12975094058487913,-0.20067860792732164,-0.19943621817608115,24.0,31.0,32.0,7.0,1.0,8.0,4.358898943540674,0.08072035080630878,0.09778061862857979,-0.12975094058487913
5109,2,386472,1,"Private, nonprofit",69.0,28.615784,-81.312669,21,6,0.942,18321.0,0.8203449578,2,31.0,1,open,10.76157697400153,10.865292,"Allied Health Diagnostic, Intervention, and Treatment Professions.",Herzing University-Orlando,47172.99999999998,52328.246,-5155.246093750022,57768.00000000004,10.964190268131018,63394.887,11.057138,-5626.886718749964,102,43768.99999999998,10.686681083225299,52445.8,10.867536,-8676.800781250022,93.0,33,high,-0.16544319377333414,-0.16352118563929477,-0.08875931498566314,-0.08782015312241473,-0.09851746386672333,-0.0969360205057806,30.0,24.0,26.0,-6.0,2.0,-4.0,3.0550504633038935,0.056575008579701734,0.09778061862857979,-0.0969360205057806
5109,2,417327,1,"Private, for-profit",23.0,28.663604,-81.402219,21,1,1.0,14982.0,0.8646864686,2,31.0,1,open,10.744149155884623,10.908915,"Allied Health Diagnostic, Intervention, and Treatment Professions.",City College-Altamonte Springs,46358.000000000015,54661.48,-8303.480468749985,50943.000000000015,10.838462639614411,57032.035,10.951368,-6089.035156249985,20,40001.0,10.596659732783579,41031.92,10.622106,-1030.921875,20.0,33,high,-0.02512487419284452,-0.023434817898160872,-0.10676517398630309,-0.09949318046408573,-0.1519073467740613,-0.14333511713365035,23.0,26.0,29.0,3.0,3.0,6.0,3.0,0.05555555555555555,0.09778061862857979,-0.09949318046408573
5109,2,428170,1,"Private, for-profit",119.0,26.702216,-80.085966,21,1,0.8704,16491.0,0.8390022676,2,31.0,1,open,10.727180422942716,10.81005,"Allied Health Diagnostic, Intervention, and Treatment Professions.",Southeastern College-West Palm Beach,45577.99999999998,49515.945,-3937.945312500022,63030.000000000044,11.051366082507156,53271.293,10.883153,9758.707031250044,81,46287.999999999985,10.742638027215916,43274.453,10.675318,3013.5468749999854,80.0,33,high,0.06963801174552649,0.06867360925518168,0.1831888525209008,0.18065241061536458,-0.07952883233163098,-0.07885331935484714,14.0,5.0,24.0,-9.0,19.0,10.0,9.50438495292217,0.17600712875781796,0.09778061862857979,0.06867360925518168
5109,2,439792,1,"Private, for-profit",22.0,30.148278,-81.759035,21,1,,18895.0,0.875,1,30.0,1,,10.781660962297154,10.765803,"Allied Health Diagnostic, Intervention, and Treatment Professions.",Fortis College-Orange Park,48129.99999999997,47372.793,757.2070312499709,54042.99999999997,10.897535304967018,56949.09,10.949913,-2906.089843750029,24,47332.00000000002,10.76494187850445,43585.38,10.682477,3746.621093750022,22.0,33,high,0.08596050298906013,0.08075119962511978,-0.05102960998539934,-0.048184194897746356,0.015984006510856793,0.015036574419497536,13.0,20.0,19.0,7.0,-1.0,6.0,3.7859388972001824,0.07010997957778116,0.09778061862857979,0.015036574419497536
5109,2,446127,1,"Private, for-profit",57.0,28.452699,-82.595376,22,1,,16605.0,0.8771186441,1,28.0,1,,10.532309522539515,10.804212,"Allied Health Diagnostic, Intervention, and Treatment Professions.",ATA Career Education,37507.999999999985,49227.695,-11719.695312500015,39727.00000000002,10.589786336267235,56757.05,10.946535,-17030.050781249978,44,37568.00000000003,10.53390790318777,45909.855,10.734435,-8341.85546874997,35.0,33,high,-0.1817007564841523,-0.17515808543835368,-0.30005172127223967,-0.29162285702445406,-0.2380711759529422,-0.2332982367046805,32.0,33.0,33.0,1.0,0.0,1.0,0.5773502691896258,0.010691671651659738,0.09778061862857979,-0.2332982367046805
5109,2,454865,1,"Private, for-profit",59.0,26.438379,-80.123788,13,2,,20051.0,0.8068592058,1,30.0,1,,10.95038540551756,10.935108,"Allied Health Diagnostic, Intervention, and Treatment Professions.",Cambridge College of Healthcare & Technology,56976.000000000044,56112.184,863.8164062500437,57200.000000000015,10.95430917736789,60694.996,11.013617,-3494.9960937499854,209,42138.000000000015,10.648705225387076,51029.363,10.840157,-8891.363281249985,259.0,33,high,-0.17424013762909302,-0.1736269799455705,-0.057582936299255795,-0.057319048505661156,0.015394453591470266,0.015097940708975556,31.0,22.0,18.0,-9.0,-4.0,-13.0,6.6583281184793925,0.1233023725644332,0.09778061862857979,-0.057319048505661156
5109,2,460190,1,"Private, for-profit",55.0,28.55984,-81.340421,11,1,0.9005,16617.0,0.8801108801,2,27.0,1,open,11.020807097558823,10.970196,"Allied Health Diagnostic, Intervention, and Treatment Professions.",Concorde Career Institute-Orlando,61133.000000000044,58115.973,3017.0273437500437,60066.00000000004,11.00319923664754,59277.81,10.98999,788.1914062500364,33,49930.00000000001,10.818377303494655,47685.05,10.772373,2244.9492187500073,64.0,33,high,0.04707867941775858,0.0462332179189242,0.013296567888529199,0.012777764459234606,0.051913909478818326,0.050829058572615854,15.0,18.0,13.0,3.0,-5.0,-2.0,2.5166114784235836,0.0466039162671034,0.09778061862857979,0.0462332179189242
5109,3,133872,1,"Private, nonprofit",157.0,28.576142,-81.367687,11,9,,30567.0,0.6558533145,1,26.0,1,,11.329675477317695,10.98685,"Allied Health Diagnostic, Intervention, and Treatment Professions.",AdventHealth University,83255.99999999994,59091.938,24164.06249999994,82600.0,11.32176495950907,73438.3,11.204201,9161.703125,107,77225.00000000004,11.254478517786783,65945.14,11.096579,11279.859375000044,89.0,3,low,0.17104913672325714,0.16895736350531834,0.12475375267204547,0.1235054576330592,0.40892317162556974,0.40641036537887837,1.0,2.0,1.0,1.0,-1.0,0.0,0.5773502691896257,0.010691671651659736,0.007127781101106491,0.16895736350531834
5109,3,134097,1,Public,21.0,30.443147,-84.295064,12,15,0.2422,43729.0,0.5975318884,2,20.0,1,elite,10.872143004616145,11.194146,"Allied Health Diagnostic, Intervention, and Treatment Professions.",Florida State University,52687.99999999998,72703.6,-20015.601562500022,57647.00000000002,10.962093486181855,65189.23,11.08505,-7542.230468749978,20,28126.999999999993,10.244485248089557,61450.527,11.025988,-33323.52734375001,25.0,3,low,-0.5422822030043859,-0.5137544031701864,-0.11569749197094027,-0.10781710007219801,-0.27530412706299723,-0.25812823108953237,3.0,3.0,3.0,0.0,0.0,0.0,0.0,0.0,0.007127781101106491,-0.25812823108953237
5109,3,138187,1,Public,28.0,28.520783,-81.464275,11,15,,23247.0,0.8727049583,1,22.0,1,,11.30722882725974,11.012057,"Allied Health Diagnostic, Intervention, and Treatment Professions.",Valencia College,81408.00000000006,60600.434,20807.56640625006,89531.99999999996,11.402351382259514,62642.207,11.045195,26889.792968749956,62,68564.00000000006,11.135522894626948,63555.848,11.059674,5008.152343750058,55.0,3,low,0.07879923765374504,0.07711194352135828,0.4292599868860876,0.42114784785401793,0.34335672489967195,0.327803553235757,2.0,1.0,2.0,-1.0,1.0,0.0,0.5773502691896257,0.010691671651659736,0.007127781101106491,0.327803553235757
5109,5,132471,1,"Private, nonprofit",165.0,25.878908,-80.198925,21,13,0.7724,28822.0,0.7126805778,2,26.0,1,open,11.721158403548683,11.569161,"Allied Health Diagnostic, Intervention, and Treatment Professions.",Barry University,123149.99999999993,105784.73,17365.273437499927,127659.99999999996,11.757125758810048,132727.06,11.79605,-5067.062500000044,167,114647.00000000009,11.649613121349718,129326.3,11.770094,-14679.296874999913,174.0,6,medium,-0.11350589346255038,-0.1128712938028227,-0.038176558755679865,-0.037949349830204045,0.1641567171536822,0.16320483320762602,6.0,5.0,3.0,-1.0,-2.0,-3.0,1.5275252316519465,0.02828750428985086,0.01786142367553324,-0.037949349830204045
5109,5,133465,1,"Private, for-profit",173.0,26.69215,-80.200219,21,6,,20000.0,0.7772579044,1,30.0,1,,11.711472999028587,11.663199,"Allied Health Diagnostic, Intervention, and Treatment Professions.",South University-West Palm Beach,121962.99999999994,116215.25,5747.749999999942,129131.00000000004,11.76858267194453,116622.164,11.666695,12508.835937500044,210,107028.99999999994,11.580855104759962,95038.74,11.46204,11990.257812499942,254.0,6,medium,0.12616178977668502,0.12570765368026882,0.10725950798508871,0.1067706883239724,0.04945779491073626,0.04918642008000205,2.0,4.0,5.0,2.0,1.0,3.0,1.5275252316519465,0.02828750428985086,0.01786142367553324,0.1067706883239724
5109,5,133951,1,Public,39.0,25.75732,-80.373928,21,15,0.5466,23924.0,0.8131269705,2,23.0,1,mid,10.952664468932817,11.740141,"Allied Health Diagnostic, Intervention, and Treatment Professions.",Florida International University,57105.99999999997,125510.03,-68404.03125000003,107594.99999999994,11.586129457228644,116801.37,11.66823,-9206.367187500058,93,99898.99999999999,11.511914954576534,95347.77,11.465286,4551.226562499985,97.0,6,medium,0.04773290868174591,0.04720498529929415,-0.07882071425346567,-0.07789177154762453,-0.5450084791529365,-0.5280716177704768,5.0,6.0,6.0,1.0,0.0,1.0,0.5773502691896258,0.010691671651659738,0.01786142367553324,-0.07789177154762453
5109,5,135081,0,"Private, nonprofit",66.0,26.185869,-80.163959,12,15,0.9697,21659.0,0.7867955286,2,28.0,1,open,11.75862080235476,11.4760895,"Allied Health Diagnostic, Intervention, and Treatment Professions.",Keiser University-Ft Lauderdale,127851.00000000009,96383.42,31467.578125000087,125514.0,11.740172585117175,105207.33,11.563688,20306.671875,66,110959.99999999991,11.616925054988712,89080.945,11.397301,21879.054687499913,65.0,6,medium,0.2456086945501891,0.2412767380426793,0.19301575505152105,0.18962369525549388,0.32648330504192413,0.32096391608804675,1.0,2.0,1.0,1.0,-1.0,0.0,0.5773502691896257,0.010691671651659736,0.01786142367553324,0.2412767380426793
5109,5,136215,2,"Private, nonprofit",201.0,26.082288,-80.249891,21,16,0.7321,31002.0,0.6566484517,2,24.0,1,open,11.75458454110969,11.612563,"Allied Health Diagnostic, Intervention, and Treatment Professions.",Nova Southeastern University,127335.99999999994,110477.05,16858.95312499994,129748.99999999988,11.77335709386934,114262.586,11.646255,15486.414062499884,415,113185.0000000001,11.636778927137227,107088.25,11.5814085,6096.750000000102,418.0,6,medium,0.056932016351001175,0.05681692338233614,0.13553355138462148,0.13525314706416727,0.1526014099931103,0.15189843003548206,4.0,3.0,4.0,-1.0,1.0,0.0,0.5773502691896258,0.010691671651659738,0.01786142367553324,0.13525314706416727
5109,5,449898,1,"Private, for-profit",173.0,27.982269,-82.500357,11,6,,20000.0,0.7772579044,1,30.0,1,,11.711472999028587,11.529498,"Allied Health Diagnostic, Intervention, and Treatment Professions.",South University-Tampa,121962.99999999994,101671.07,20291.92968749994,129131.00000000004,11.76858267194453,91480.54,11.423882,37650.460937500044,210,107028.99999999994,11.580855104759962,100685.33,11.519755,6343.671874999942,254.0,6,medium,0.0630049282565214,0.06277813366028077,0.4115679829103001,0.4096923214821262,0.19958410612900906,0.19848898850163096,3.0,1.0,2.0,-2.0,1.0,-1.0,1.0,0.018518518518518517,0.01786142367553324,0.19848898850163096
5110,1,134495,1,Public,32.0,27.934888,-82.456253,11,5,,22087.0,0.8303442291,1,24.0,1,,10.863737751910739,10.871317,Clinical/Medical Laboratory Science/Research and Allied Professions.,Hillsborough Community College,52247.00000000004,52644.49,-397.4882812499636,57202.99999999998,10.954361623545012,53947.94,10.895775,3255.058593749978,69,61236.99999999996,11.022506860981878,40984.246,10.620943,20252.753906249964,24.0,3,low,0.49415948410817445,0.4669571528207355,0.060337030642894404,0.05933008647165132,-0.007550425395464127,-0.007256339678208629,1.0,1.0,2.0,0.0,1.0,1.0,0.5773502691896257,0.28867513459481287,0.38490017945975047,0.05933008647165132
5110,1,135717,1,Public,18.0,25.777717,-80.190856,11,15,,18391.0,0.9677276583,1,22.0,1,,10.899660979282453,10.815639,Clinical/Medical Laboratory Science/Research and Allied Professions.,Miami Dade College,54157.999999999956,49793.44,4364.558593749956,44655.999999999985,10.706743955776103,54532.87,10.906559,-9876.871093750015,35,25922.999999999985,10.162885884509508,44783.36,10.709592,-18860.359375000015,24.0,3,low,-0.4211465963745605,-0.3979634548917385,-0.1811177533046119,-0.17450764368103538,0.08765328265103853,0.08118459144963888,3.0,3.0,1.0,0.0,-2.0,-2.0,1.1547005383792515,0.5773502691896257,0.38490017945975047,-0.17450764368103538
5110,1,439792,1,"Private, for-profit",20.0,30.148278,-81.759035,21,1,,18895.0,0.875,1,30.0,1,,10.429871515217972,10.60252,Clinical/Medical Laboratory Science/Research and Allied Professions.,Fortis College-Orange Park,33856.000000000015,40236.105,-6380.105468749985,37792.000000000015,10.53985271899709,36163.85,10.495815,1628.1484375000146,30,31984.0,10.372991056740181,21513.762,9.976448,10470.23828125,30.0,3,low,0.4866763152872898,0.4658057910632421,0.04502143347995373,0.043065009418547205,-0.15856667523911314,-0.1481306039347205,2.0,2.0,3.0,0.0,1.0,1.0,0.5773502691896258,0.2886751345948129,0.38490017945975047,0.043065009418547205
5112,7,132471,1,"Private, nonprofit",90.0,25.878908,-80.198925,21,13,0.7724,28822.0,0.7126805778,2,26.0,1,open,11.787172692695636,11.766426,Medicine.,Barry University,131553.99999999994,128852.82,2701.179687499942,111889.99999999993,11.625271524801766,84494.875,11.344446,27395.124999999927,85,59187.99999999995,10.988474097622424,55203.53,10.918782,3984.468749999949,87.0,6,medium,0.07217778753963223,0.07127139321925878,0.32422232709380217,0.3199784622905236,0.02096329502876935,0.02071650145883217,2.0,1.0,3.0,-1.0,2.0,1.0,1.0,0.2,0.2780414012895652,0.07127139321925878
5112,7,133951,1,Public,66.0,25.75732,-80.373928,21,15,0.5466,23924.0,0.8131269705,2,23.0,1,mid,11.719411039388294,11.710246,Medicine.,Florida International University,122934.9999999999,121813.45,1121.5468749998981,95352.99999999993,11.465341073564552,79209.16,11.279847,16143.843749999927,186,64154.00000000001,11.069041721958007,53614.25,10.88957,10539.750000000007,205.0,6,medium,0.19658486316604273,0.19567690382201194,0.20381284834100133,0.20274301091232808,0.00920708547560024,0.00905143437465066,1.0,2.0,5.0,1.0,3.0,4.0,2.081665999466133,0.4163331998932266,0.2780414012895652,0.19567690382201194
5112,7,134097,1,Public,201.0,30.443147,-84.295064,12,15,0.2422,43729.0,0.5975318884,2,20.0,1,elite,12.18942992048014,11.85291,Medicine.,Florida State University,196699.00000000012,140492.6,56206.40625000012,113354.99999999993,11.63827976612293,97362.69,11.486198,15992.312499999927,183,62072.000000000044,11.036050280573786,65106.6,11.083781,-3034.6015624999563,200.0,6,medium,-0.04660973679584317,-0.04638818235156244,0.1642550438020718,0.16337635953392063,0.4000666850098646,0.39822372129616496,5.0,3.0,1.0,-2.0,-2.0,-4.0,2.0,0.4,0.2780414012895652,0.16337635953392063
5112,7,134130,1,Public,201.0,29.64629,-82.347911,12,16,0.242,39127.0,0.6673828964,2,21.0,1,elite,11.948958574644811,12.168723,Medicine.,University of Florida,154656.00000000006,192667.84,-38011.84374999994,104811.00000000006,11.559914007193033,129644.4,11.772551,-24833.39843749994,242,61828.99999999999,11.032127789043205,83883.24,11.337181,-22054.242187500007,238.0,6,medium,-0.2629159485538633,-0.2618952116303364,-0.19155010734591688,-0.19080988923818007,-0.19729210131880112,-0.19638324737681107,6.0,5.0,6.0,-1.0,1.0,0.0,0.5773502691896258,0.11547005383792516,0.2780414012895652,-0.19638324737681107
5112,7,135726,1,"Private, nonprofit",271.0,25.72126,-80.278662,21,16,0.189,54690.0,0.4559891107,2,20.0,1,elite,11.843307766954037,11.834093,Medicine.,University of Miami,139150.0000000001,137873.67,1276.3281250000873,94677.99999999994,11.458236939619427,126031.18,11.744285,-31353.17968750006,249,66116.00000000003,11.099166054037244,64555.54,11.075281,1560.460937500029,242.0,6,medium,0.024172378701527927,0.024080333341822146,-0.24877319854691263,-0.2478431808776294,0.009257228792435738,0.00922710443017783,3.0,6.0,4.0,3.0,-2.0,1.0,1.5275252316519465,0.30550504633038933,0.2780414012895652,0.00922710443017783
5112,7,137351,1,Public,235.0,28.061458,-82.413232,11,15,0.4319,32495.0,0.6858996244,2,22.0,1,mid,11.99388758007639,11.957439,Medicine.,University of South Florida,161763.00000000012,155973.2,5789.796875000116,97088.99999999997,11.48338336258924,93383.984,11.444475,3705.015624999971,268,62210.00000000004,11.038271037509066,64779.71,11.078748,-2569.7109374999636,262.0,6,medium,-0.03966845329055639,-0.03953071316996486,0.03967506473189045,0.03953888312561585,0.03712045889292957,0.0369779013595114,4.0,4.0,2.0,0.0,-2.0,-2.0,1.1547005383792515,0.2309401076758503,0.2780414012895652,0.0369779013595114
5115,5,133465,1,"Private, for-profit",176.0,26.69215,-80.200219,21,6,,20000.0,0.7772579044,1,30.0,1,,10.76905324958531,10.966016,Mental and Social Health Services and Allied Professions.,South University-West Palm Beach,47526.99999999996,57873.555,-10346.554687500036,55052.0,10.916033472099423,73137.19,11.200092,-18085.1875,152,41584.999999999985,10.635494804302787,49212.527,10.803904,-7627.527343750015,170.0,7,medium,-0.15499157949096293,-0.15410121676237398,-0.24727759048705558,-0.24563517115993339,-0.1787786277060111,-0.17781714580369012,6.0,7.0,5.0,1.0,-2.0,-1.0,1.0,0.16666666666666666,0.07879526373234533,-0.17781714580369012
5115,5,133669,1,Public,79.0,26.372421,-80.102978,13,15,0.6613,28064.0,0.7219053052,2,23.0,1,mid,10.976662367940685,11.0249605,Mental and Social Health Services and Allied Professions.,Florida Atlantic University,58492.99999999996,61387.44,-2894.4414062500364,58963.00000000002,10.984665407522643,61215.035,11.022148,-2252.035156249978,170,47611.99999999996,10.77084010928777,51729.55,10.853785,-4117.550781250036,202.0,7,medium,-0.07959765200092347,-0.07922365194082276,-0.036788922043444215,-0.03657446990408364,-0.04715038353032493,-0.04650402680542551,3.0,2.0,3.0,-1.0,1.0,0.0,0.5773502691896258,0.09622504486493764,0.07879526373234533,-0.04650402680542551
5115,5,134130,1,Public,26.0,29.64629,-82.347911,12,16,0.242,39127.0,0.6673828964,2,21.0,1,elite,10.943569899013834,11.266487,Mental and Social Health Services and Allied Professions.,University of Florida,56588.99999999999,78157.95,-21568.953125000007,59615.99999999999,10.995679273401315,73265.016,11.2018385,-13649.015625000007,39,35991.000000000015,10.491024186183038,58350.273,10.974219,-22359.273437499985,42.0,7,medium,-0.38319055113682365,-0.37198998302382585,-0.1862964951084047,-0.18028683870471754,-0.27596619745791234,-0.26238116800141287,7.0,6.0,7.0,-1.0,1.0,0.0,0.5773502691896258,0.09622504486493764,0.07879526373234533,-0.26238116800141287
5115,5,136172,1,Public,16.0,30.27194,-81.509144,11,15,0.5324,37074.0,0.6143506622,2,22.0,1,mid,11.034050602436064,10.800105,Mental and Social Health Services and Allied Professions.,University of North Florida,61947.999999999956,49025.953,12922.046874999956,59695.999999999956,10.997020295460938,57242.363,10.9550495,2453.6367187499563,45,45840.00000000004,10.732912351388622,42809.14,10.664507,3030.8593750000364,57.0,7,medium,0.07079935104396963,0.0693448463118372,0.04286400103179626,0.04169061349269003,0.26357563803100376,0.24150558241359554,1.0,1.0,1.0,0.0,0.0,0.0,0.0,0.0,0.07879526373234533,0.0693448463118372
5115,5,136215,2,"Private, nonprofit",175.0,26.082288,-80.249891,21,16,0.7321,31002.0,0.6566484517,2,24.0,1,open,10.864273524296834,11.1493635,Mental and Social Health Services and Allied Professions.,Nova Southeastern University,52274.99999999999,69519.57,-17244.570312500007,55344.00000000003,10.92132353117695,66513.09,11.105154,-11169.09374999997,191,44672.00000000002,10.707102186122045,52411.305,10.866878,-7739.304687499978,170.0,7,medium,-0.14766479738760993,-0.14681652400172426,-0.16792323316038762,-0.16706860602981044,-0.2480534651607209,-0.24671052341055785,5.0,5.0,6.0,0.0,1.0,1.0,0.5773502691896258,0.09622504486493764,0.07879526373234533,-0.16706860602981044
5115,5,136330,1,"Private, nonprofit",107.0,26.7044,-80.05247,12,11,0.8199,52817.0,0.5402097902,2,22.0,1,open,10.896183615612689,10.861287,Mental and Social Health Services and Allied Professions.,Palm Beach Atlantic University,53970.00000000001,52119.117,1850.8828125000073,54392.99999999996,10.903990748093918,57859.977,10.965781,-3466.9765625000364,95,43029.0,10.669629585962323,44131.25,10.694923,-1102.25,87.0,7,medium,-0.024976632205070102,-0.024662980618558098,-0.0599201169526059,-0.05923124603560945,0.03551255110176567,0.03517100751385387,2.0,3.0,2.0,1.0,-1.0,0.0,0.5773502691896258,0.09622504486493764,0.07879526373234533,-0.024662980618558098
5115,5,137546,1,"Private, nonprofit",21.0,29.035475,-81.300746,13,14,0.716,52032.0,0.5486725664,2,20.0,1,open,10.778852117797637,10.942564,Mental and Social Health Services and Allied Professions.,Stetson University,47994.99999999999,56532.11,-8537.109375000007,48738.999999999956,10.794234809939585,58207.38,10.971767,-9468.378906250044,34,38619.0,10.561499662327744,44889.145,10.711951,-6270.14453125,42.0,7,medium,-0.13968064209566258,-0.13559781035250432,-0.1626662990872688,-0.15653077189779613,-0.151013458888823,-0.14159190938958865,4.0,4.0,4.0,0.0,0.0,0.0,0.0,0.0,0.07879526373234533,-0.14159190938958865
5122,3,134130,1,Public,127.0,29.64629,-82.347911,12,16,0.242,39127.0,0.6673828964,2,21.0,1,elite,11.101205838074172,11.069739,Public Health.,University of Florida,66250.99999999994,64198.77,2052.230468749942,68605.00000000001,11.136120697355276,67836.2,11.124851,768.7968750000146,219,30056.0,10.310817587253805,37416.29,10.529861,-7360.2890625,161.0,7,medium,-0.1967134968998504,-0.1955094424492027,0.011333135399446997,0.011283947635539306,0.0319668193601589,0.03171517551674653,7.0,3.0,1.0,-4.0,-2.0,-6.0,3.0550504633038935,0.2545875386086578,0.1592821624235238,0.011283947635539306
5122,3,135081,2,"Private, nonprofit",129.0,26.185869,-80.163959,12,15,0.9697,21659.0,0.7867955286,2,28.0,1,open,10.779310393854486,10.850382,Public Health.,Keiser University-Ft Lauderdale,48017.00000000003,51553.832,-3536.832031249971,52247.00000000004,10.863737751910739,51983.207,10.858676,263.7929687500364,130,42637.00000000001,10.660477699891798,41526.836,10.634095,1110.1640625000073,110.0,7,medium,0.02673365397187642,0.026478371347111028,0.005074580500419217,0.005034128374927208,-0.06860463891619299,-0.06807435213603283,2.0,4.0,5.0,2.0,1.0,3.0,1.5275252316519465,0.12729376930432887,0.1592821624235238,0.005034128374927208
5122,3,137078,3,Public,53.0,27.773264,-82.636587,11,15,,22640.0,0.8076387681,1,26.0,1,,11.013352953432145,11.052554,Public Health.,St Petersburg College,60679.00000000001,63104.93,-2425.9296874999927,59200.000000000015,10.988676820872097,54770.69,10.910911,4429.308593750015,122,51564.99999999999,10.85059842675017,41147.676,10.624923,10417.324218749993,131.0,7,medium,0.25316920144240357,0.25119789927555125,0.08087005075208119,0.08017577691259768,-0.03844279202137401,-0.03760418360383804,1.0,2.0,4.0,1.0,2.0,3.0,1.5275252316519465,0.12729376930432887,0.1592821624235238,0.08017577691259768
5122,3,137351,3,Public,319.0,28.061458,-82.413232,11,15,0.4319,32495.0,0.6858996244,2,22.0,1,mid,10.881475272213198,10.963221,Public Health.,University of South Florida,53182.0,57712.008,-4530.0078125,53559.999999999956,10.888557799805108,59250.734,10.989533,-5690.734375000044,273,33575.000000000015,10.421537021391439,36828.965,10.51404,-3253.9648437499854,207.0,7,medium,-0.08835341578442964,-0.08794992785813983,-0.09604495935836312,-0.09572229019338538,-0.07849333239656987,-0.07828192782293752,5.0,7.0,6.0,2.0,-1.0,1.0,1.0,0.08333333333333333,0.1592821624235238,-0.08794992785813983
5122,3,408844,3,"Private, for-profit",35.0,25.86178,-80.321846,21,9,,13365.0,0.8321821438,1,29.0,1,,10.769684270598214,10.76514,Public Health.,Florida National University-Main Campus,47556.99999999996,47341.36,215.64062499996362,51212.00000000003,10.84372915856607,53893.64,10.894768,-2681.640624999971,45,38684.99999999997,10.563207206983554,40079.89,10.59863,-1394.890625000029,33.0,7,medium,-0.03480275527822824,-0.03346288159975862,-0.04975801586052104,-0.048395906995833494,0.004555015484279461,0.004394805040299094,4.0,6.0,3.0,2.0,-3.0,-1.0,1.5275252316519465,0.12729376930432887,0.1592821624235238,-0.03346288159975862
5122,3,433660,1,Public,41.0,26.463638,-81.7726,21,16,0.6344,43546.0,0.5981697171,2,21.0,1,mid,10.963757408916045,10.9539385,Public Health.,Florida Gulf Coast University,57743.000000000015,57178.797,564.2031250000146,58119.00000000002,10.970247911755056,60010.598,11.002276,-1891.5976562499782,81,35724.000000000015,10.483578010803777,35892.207,10.488276,-168.20703124998545,66.0,7,medium,-0.004686449933366702,-0.0046052468411216995,-0.03152106011483743,-0.03108461795865831,0.009867348664810718,0.009577820882167347,3.0,5.0,2.0,2.0,-3.0,-1.0,1.5275252316519465,0.12729376930432887,0.1592821624235238,-0.0046052468411216995
5122,3,484473,3,Public,127.0,29.649413,-82.339848,12,9,0.6126,39127.0,0.6673828964,2,21.0,2,mid,11.101205838074172,11.230176,Public Health.,University of Florida-Online,66250.99999999994,75370.86,-9119.859375000058,68605.00000000001,11.136120697355276,62065.938,11.035953,6539.062500000015,219,30056.0,10.310817587253805,35314.12,10.472038,-5258.12109375,161.0,7,medium,-0.1488957088806211,-0.14798434009410957,0.10535670229745607,0.10489943602329216,-0.12099980616679891,-0.1200472917507443,6.0,1.0,7.0,-5.0,6.0,1.0,3.214550253664318,0.26787918780535985,0.1592821624235238,-0.1200472917507443
5122,5,133650,2,Public,18.0,30.428504,-84.290226,12,13,0.2056,28781.0,0.8220073183,2,20.0,1,elite,11.038319260104576,11.16642,Public Health.,Florida Agricultural and Mechanical University,62213.0,70715.5,-8502.5,47272.00000000004,10.763673433025511,71705.56,11.180324,-24433.562499999964,26,47433.000000000015,10.767073467978255,46108.887,10.738761,1324.1132812500146,20.0,6,medium,0.028717095021762236,0.026785403470431804,-0.34074849493022197,-0.3233650036813545,-0.12023530909065198,-0.11136210933715647,5.0,6.0,4.0,1.0,-2.0,-1.0,1.0,0.08333333333333333,0.05398265758261291,-0.11136210933715647
5122,5,133951,3,Public,43.0,25.75732,-80.373928,21,15,0.5466,23924.0,0.8131269705,2,23.0,1,mid,11.14091931060573,11.346769,Public Health.,Florida International University,68935.00000000003,84691.4,-15756.39843749997,73457.00000000006,11.20445547998815,73357.23,11.203096,99.77343750005821,70,53192.999999999985,10.881682087725098,54544.008,10.906763,-1351.0078125000146,78.0,6,medium,-0.024769133525065247,-0.024415833522480064,0.0013601037304082336,0.001337782231630987,-0.18604484904246532,-0.1808770202522255,6.0,5.0,5.0,-1.0,0.0,-1.0,0.5773502691896258,0.04811252243246882,0.05398265758261291,-0.024415833522480064
5122,5,134130,3,Public,99.0,29.64629,-82.347911,12,16,0.242,39127.0,0.6673828964,2,21.0,1,elite,11.133245055835792,11.416737,Public Health.,University of Florida,68408.00000000003,90829.25,-22421.24999999997,80454.99999999996,11.29545330089325,74960.11,11.224711,5494.890624999956,109,54904.99999999999,10.913359698031813,52376.58,10.866215,2528.4218749999927,117.0,6,medium,0.04827390344145344,0.047844978815790494,0.07330419700311379,0.0725863981810387,-0.2468505464924567,-0.24425073423163265,4.0,4.0,6.0,0.0,2.0,2.0,1.1547005383792517,0.09622504486493764,0.05398265758261291,0.047844978815790494
5122,5,136215,2,"Private, nonprofit",42.0,26.082288,-80.249891,21,16,0.7321,31002.0,0.6566484517,2,24.0,1,open,11.305593745172105,11.333089,Public Health.,Nova Southeastern University,81274.99999999994,83540.67,-2265.671875000058,98337.99999999996,11.496165803154888,81435.98,11.307572,16902.023437499956,91,61029.99999999995,11.01912082553854,54007.707,10.896882,7022.292968749949,83.0,6,medium,0.1300239050083482,0.128298912832483,0.2075498342495849,0.20504091052542933,-0.027120584790006612,-0.0263465632295773,3.0,2.0,3.0,-1.0,1.0,0.0,0.5773502691896258,0.04811252243246882,0.05398265758261291,0.128298912832483
5122,5,137351,1,Public,199.0,28.061458,-82.413232,11,15,0.4319,32495.0,0.6858996244,2,22.0,1,mid,11.243829593994127,11.113531,Public Health.,University of South Florida,76406.99999999997,67072.62,9334.38281249997,79273.00000000006,11.280652870453801,70785.805,11.167414,8487.195312500058,242,58339.00000000003,10.974026102376623,50907.703,10.8377695,7431.296875000029,255.0,6,medium,0.14597588221085214,0.1454528157470256,0.11989967974467067,0.11943634450937073,0.1391683104657436,0.13851969916188325,2.0,3.0,2.0,1.0,-1.0,0.0,0.5773502691896258,0.04811252243246882,0.05398265758261291,0.13851969916188325
5122,5,138354,3,Public,35.0,30.549076,-87.218511,41,12,0.5824,34583.0,0.6786062378,2,24.0,1,mid,11.888350521721733,11.122639,Public Health.,University of West Florida,145560.99999999994,67686.28,77874.71874999994,111362.99999999997,11.620550414860553,69009.69,11.142002,42353.31249999997,32,67269.99999999997,11.116469651019651,47196.34,10.762072,20073.66015624997,37.0,6,medium,0.42532239200553673,0.41094782643615374,0.6137299563919917,0.5889343441611223,1.1505244092575988,1.1100578011739235,1.0,1.0,1.0,0.0,0.0,0.0,0.0,0.0,0.05398265758261291,0.5889343441611223
5123,5,132471,2,"Private, nonprofit",61.0,25.878908,-80.198925,21,13,0.7724,28822.0,0.7126805778,2,26.0,1,open,11.14661856806214,11.130788,Rehabilitation and Therapeutic Professions.,Barry University,69329.00000000006,68240.12,1088.8828125000582,75401.99999999994,11.230589078843199,71210.55,11.173396,4191.453124999942,66,61489.00000000001,11.026613576008314,62222.875,11.038478,-733.8749999999927,68.0,8,medium,-0.011794295908056205,-0.011596910132315683,0.05886000471752369,0.057825598715055194,0.015956637493868726,0.01566097982669556,6.0,3.0,5.0,-3.0,2.0,-1.0,1.5275252316519465,0.13886593015017695,0.12659817111030458,0.01566097982669556
5123,5,133650,1,Public,31.0,30.428504,-84.290226,12,13,0.2056,28781.0,0.8220073183,2,20.0,1,elite,11.22337498145842,10.720738,Rehabilitation and Therapeutic Professions.,Florida Agricultural and Mechanical University,74860.0,45285.33,29574.671875,75716.00000000001,11.23474477772611,52728.0,10.872902,22988.000000000015,42,48749.000000000044,10.79443996339509,47901.273,10.776897,847.7265625000437,38.0,8,medium,0.017697370062742263,0.017117207190593075,0.4359732969200428,0.4230540866335322,0.65307403301497,0.6267042955465169,5.0,1.0,1.0,-4.0,0.0,-4.0,2.3094010767585034,0.20994555243259122,0.12659817111030458,0.4230540866335322
5123,5,133872,1,"Private, nonprofit",39.0,28.576142,-81.367687,11,9,,30567.0,0.6558533145,1,26.0,1,,11.035969725711853,11.17977,Rehabilitation and Therapeutic Professions.,AdventHealth University,62067.0,71665.914,-9598.9140625,68108.00000000001,11.128849959540535,66589.51,11.106302,1518.4921875000146,47,68692.00000000003,11.137388023103753,51215.8,10.843803,17476.19921875003,47.0,8,medium,0.3412267103543567,0.33246395836291565,0.02280377551033599,0.02221001654234782,-0.13393974231778816,-0.12977738716917742,1.0,4.0,6.0,3.0,2.0,5.0,2.5166114784235836,0.22878286167487125,0.12659817111030458,0.02221001654234782
5123,5,133951,1,Public,73.0,25.75732,-80.373928,21,15,0.5466,23924.0,0.8131269705,2,23.0,1,mid,11.250248151508014,11.192215,Rehabilitation and Therapeutic Professions.,Florida International University,76899.00000000004,72563.33,4335.671875000044,65491.99999999997,11.089683276759382,71412.46,11.176228,-5920.460937500029,90,63248.99999999999,11.054834596188103,54957.7,10.914319,8291.300781249993,86.0,8,medium,0.15086695584267176,0.1489466664073179,-0.08290515212298315,-0.0818899665873461,0.059750179423017524,0.05885202955798958,3.0,6.0,4.0,3.0,-2.0,1.0,1.5275252316519465,0.13886593015017695,0.12659817111030458,0.05885202955798958
5123,5,134097,1,Public,24.0,30.443147,-84.295064,12,15,0.2422,43729.0,0.5975318884,2,20.0,1,elite,10.803974052865316,11.051802,Rehabilitation and Therapeutic Professions.,Florida State University,49216.0,63057.457,-13841.45703125,50363.99999999997,10.82703191312159,75124.22,11.226898,-24760.21875000003,32,43422.0,10.678721504094183,56549.094,10.942864,-13127.09375,40.0,8,medium,-0.23213623560501356,-0.22496026335366698,-0.32959036595638513,-0.3162744200355947,-0.21950547457678882,-0.2076902710952134,7.0,8.0,7.0,1.0,-1.0,0.0,0.5773502691896258,0.052486388108147805,0.12659817111030458,-0.22496026335366698
5123,5,134130,1,Public,80.0,29.64629,-82.347911,12,16,0.242,39127.0,0.6673828964,2,21.0,1,elite,11.257452401540464,11.1972885,Rehabilitation and Therapeutic Professions.,University of Florida,77455.00000000003,72932.42,4522.578125000029,80318.00000000007,11.29374903421713,75112.61,11.226744,5205.390625000073,64,74190.00000000001,11.214384649183572,61117.504,11.020554,13072.496093750015,66.0,8,medium,0.21389119741870208,0.21018506017594113,0.06930115553584539,0.06803891674808668,0.06201052986765399,0.061172853907851404,2.0,2.0,3.0,0.0,1.0,1.0,0.5773502691896258,0.052486388108147805,0.12659817111030458,0.06803891674808668
5123,5,136215,2,"Private, nonprofit",84.0,26.082288,-80.249891,21,16,0.7321,31002.0,0.6566484517,2,24.0,1,open,11.221650278341562,11.13801,Rehabilitation and Therapeutic Professions.,Nova Southeastern University,74730.99999999999,68734.74,5996.257812499985,73781.00000000006,11.208856524867436,77238.84,11.254658,-3457.843749999942,84,66668.99999999994,11.107495356249578,62018.426,11.035187,4650.574218749942,81.0,8,medium,0.0749869762117688,0.0739634336561318,-0.04476819670154555,-0.044174066543662474,0.08723765626621433,0.08612445024620201,4.0,5.0,2.0,1.0,-3.0,-2.0,1.5275252316519465,0.13886593015017695,0.12659817111030458,0.0739634336561318
5123,5,137351,2,Public,49.0,28.061458,-82.413232,11,15,0.4319,32495.0,0.6858996244,2,22.0,1,mid,10.856958455534567,11.101872,Rehabilitation and Therapeutic Professions.,University of South Florida,51894.00000000001,66295.18,-14401.179687499993,55073.99999999996,10.916433014447145,65834.99,11.094907,-10760.992187500036,63,40855.000000000015,10.617784491818808,58803.88,10.981963,-17948.878906249985,43.0,8,medium,-0.3052329070819558,-0.29654903169869146,-0.1634539904987368,-0.16042190645039864,-0.21722815678883128,-0.21203864569196376,8.0,7.0,8.0,-1.0,1.0,0.0,0.5773502691896258,0.052486388108147805,0.12659817111030458,-0.21203864569196376
5123,6,132903,0,Public,28.0,28.602159,-81.200889,21,15,0.4011,31400.0,0.7045342864,2,23.0,1,mid,11.312509181587025,11.279304,Rehabilitation and Therapeutic Professions.,University of Central Florida,81839.00000000007,79166.11,2672.8906250000728,84715.99999999997,11.347059764807492,86794.69,11.371301,-2078.687500000029,27,72872.00000000004,11.196459756424646,69891.836,11.154704,2980.1640625000437,53.0,4,low,0.04263965916083564,0.04168661195362378,-0.02394947847470537,-0.02277809082109829,0.033763066621588324,0.032233687020186315,1.0,2.0,3.0,1.0,1.0,2.0,1.0,0.09090909090909091,0.08368694931889087,0.032233687020186315
5123,6,135726,1,"Private, nonprofit",78.0,25.72126,-80.278662,21,16,0.189,54690.0,0.4559891107,2,20.0,1,elite,11.372018367154796,11.286579,Rehabilitation and Therapeutic Professions.,University of Miami,86857.0,79744.19,7112.8125,82300.00000000003,11.318126386665162,89721.08,11.404461,-7421.078124999971,85,73125.00000000006,11.199925584534158,83574.305,11.333491,-10449.304687499942,89.0,4,low,-0.12503011214477766,-0.12350110916335091,-0.08271276137209226,-0.08163010374047441,0.08919537238999393,0.08795433096887818,4.0,3.0,1.0,-1.0,-2.0,-3.0,1.5275252316519465,0.13886593015017695,0.08368694931889087,-0.08163010374047441
5123,6,136215,2,"Private, nonprofit",148.0,26.082288,-80.249891,21,16,0.7321,31002.0,0.6566484517,2,24.0,1,open,11.271668858229091,11.563041,Rehabilitation and Therapeutic Professions.,Nova Southeastern University,78563.99999999997,105139.234,-26575.23437500003,80533.00000000004,11.296422317293274,89516.89,11.402183,-8983.890624999956,217,73032.99999999996,11.198666672779062,79247.61,11.280333,-6214.609375000044,235.0,4,low,-0.07842014950372178,-0.07811116998469297,-0.10035972610615859,-0.09991947359397052,-0.2527622969006429,-0.2510982586745899,3.0,4.0,4.0,1.0,0.0,1.0,0.5773502691896258,0.052486388108147805,0.08368694931889087,-0.09991947359397052
5123,6,433660,0,Public,31.0,26.463638,-81.7726,21,16,0.6344,43546.0,0.5981697171,2,21.0,1,mid,11.252651015317811,11.187569,Rehabilitation and Therapeutic Professions.,Florida Gulf Coast University,77084.0,72226.96,4857.0390625,79335.00000000003,11.28143467216819,79656.17,11.285475,-321.1718749999709,45,72862.00000000003,11.196322520089739,72981.55,11.197962,-119.5468749999709,21.0,4,low,-0.0016380424931897676,-0.001533575276773728,-0.004031977277341021,-0.003921603262286245,0.06724689782673995,0.06453161142487138,2.0,1.0,2.0,-1.0,1.0,0.0,0.5773502691896257,0.05248638810814779,0.08368694931889087,-0.001533575276773728
5131,3,133951,1,Public,56.0,25.75732,-80.373928,21,15,0.5466,23924.0,0.8131269705,2,23.0,1,mid,10.984173452670783,11.0057335,Dietetics and Clinical Nutrition Services.,Florida International University,58934.00000000003,60218.418,-1284.417968749971,52470.00000000004,10.867996856680758,56040.035,10.933822,-3570.0351562499636,94,29421.99999999999,10.289497972810157,36938.75,10.517016,-7516.750000000011,43.0,4,low,-0.20349226760515748,-0.19770291314061217,-0.06370508416520518,-0.06296359904062505,-0.021329321029597826,-0.02089282408879219,3.0,4.0,4.0,1.0,0.0,1.0,0.5773502691896258,0.1924500897298753,0.09622504486493764,-0.06296359904062505
5131,3,134097,1,Public,60.0,30.443147,-84.295064,12,15,0.2422,43729.0,0.5975318884,2,20.0,1,elite,10.972585204654042,10.990742,Dietetics and Clinical Nutrition Services.,Florida State University,58255.000000000015,59322.37,-1067.3710937499854,60379.999999999985,11.00841320326083,62515.984,11.043178,-2135.9843750000146,45,29157.99999999999,10.280484596664767,37272.727,10.526017,-8114.726562500011,22.0,4,low,-0.2177121802155525,-0.204518576719398,-0.03416701178673578,-0.033231701388406136,-0.01799272473554989,-0.01765287125092236,4.0,3.0,3.0,-1.0,0.0,-1.0,0.5773502691896258,0.1924500897298753,0.09622504486493764,-0.033231701388406136
5131,3,135081,2,"Private, nonprofit",88.0,26.185869,-80.163959,12,15,0.9697,21659.0,0.7867955286,2,28.0,1,open,10.869615519257454,10.796637,Dietetics and Clinical Nutrition Services.,Keiser University-Ft Lauderdale,52554.99999999998,48856.2,3698.800781249978,54825.00000000001,10.91190157328609,49243.516,10.804533,5581.484375000007,94,49770.999999999956,10.815187764075905,38969.914,10.570545,10801.085937499956,106.0,4,low,0.27716473585692697,0.27440104258725906,0.11334455520000268,0.11202529940222357,0.07570791097950277,0.074792920203959,1.0,1.0,1.0,0.0,0.0,0.0,0.0,0.0,0.09622504486493764,0.11202529940222357
5131,3,136172,1,Public,91.0,30.27194,-81.509144,11,15,0.5324,37074.0,0.6143506622,2,22.0,1,mid,10.919080485484145,10.913729,Dietetics and Clinical Nutrition Services.,University of North Florida,55219.99999999995,54925.26,294.73828124994907,54951.999999999956,10.914215355893717,56104.953,10.934979,-1152.9531250000437,78,30630.999999999975,10.329767847024877,36203.43,10.496909,-5572.4296875000255,46.0,4,low,-0.1539199389560604,-0.14986801539604896,-0.02054993473448417,-0.020252605052506714,0.005366169810153738,0.005303806049343722,2.0,2.0,2.0,0.0,0.0,0.0,0.0,0.0,0.09622504486493764,-0.020252605052506714
5135,1,134024,1,"Private, for-profit",98.0,29.593428,-82.338273,41,-2,,17131.0,0.6682692308,1,30.0,1,,9.853404052368141,10.193525,Somatic Bodywork and Related Therapeutic Services.,Florida School of Massage,19022.999999999996,26729.559,-7706.558593750004,27443.999999999978,10.21990284381078,25330.629,10.13977,2113.371093749978,104,18231.00000000001,9.810878720803466,23280.299,10.055363,-5049.298828124989,119.0,17,high,-0.2168914954830784,-0.2150021408815385,0.08343144979035762,0.08256844797619642,-0.2883159692562966,-0.28524320456043156,15.0,6.0,19.0,-9.0,13.0,4.0,6.658328118479393,0.36990711769329965,0.23667802123658985,-0.2150021408815385
5135,1,134228,0,"Private, for-profit",40.0,27.411962,-80.325377,21,-2,,11766.0,0.9569230769,1,28.0,1,,10.161650696951378,10.178125,Somatic Bodywork and Related Therapeutic Services.,Fort Pierce Beauty Academy,25891.000000000007,26321.08,-430.0800781249927,31517.000000000025,10.35828236177716,27137.443,10.20867,4379.5566406250255,31,19101.000000000015,9.857495968685136,18928.535,9.848426,172.46484375001455,27.0,17,high,0.009111367695723063,0.008671509679313806,0.16138427568977487,0.15462588741972252,-0.016339757975297714,-0.015846520489894118,8.0,2.0,6.0,-6.0,4.0,-2.0,3.0550504633038935,0.1697250257391052,0.23667802123658985,0.008671509679313806
5135,1,134529,1,"Private, for-profit",63.0,26.007139,-80.209125,21,-2,,13244.0,0.9535315985,1,29.0,1,,10.075337809462788,10.095072,Somatic Bodywork and Related Therapeutic Services.,Hollywood Institute of Beauty Careers,23750.00000000001,24223.336,-473.3359374999891,26087.000000000015,10.169192384934412,26260.428,10.175818,-173.42773437498545,58,16075.0,9.68502054910582,18978.424,9.851058,-2903.423828125,79.0,17,high,-0.15298550893474527,-0.1508355383088353,-0.006604147355451027,-0.0064693019664644625,-0.019540493461398956,-0.01919176728143906,13.0,12.0,8.0,-1.0,-4.0,-5.0,2.6457513110645907,0.1469861839480328,0.23667802123658985,-0.01919176728143906
5135,1,134574,1,"Private, for-profit",266.0,27.793547,-82.680031,11,-2,,18657.0,0.7752234994,1,29.0,1,,10.282814003034598,10.273076,Somatic Bodywork and Related Therapeutic Services.,Cortiva Institute,29226.000000000025,28942.781,283.21875000002547,32076.000000000015,10.37586336592692,30698.33,10.331964,1377.6699218750146,356,23842.99999999999,10.079245952188407,26946.988,10.201627,-3103.988281250011,282.0,17,high,-0.1151886900626219,-0.11482145920079198,0.04487768286968528,0.044766834582299395,0.009785471118122951,0.009752931605299725,12.0,7.0,5.0,-5.0,-2.0,-7.0,3.605551275463989,0.20030840419244383,0.23667802123658985,0.009752931605299725
5135,1,136358,1,Public,22.0,26.61256,-80.08653,21,15,,21408.0,0.9218037494,1,23.0,1,,10.407590630541291,10.699314,Somatic Bodywork and Related Therapeutic Services.,Palm Beach State College,33109.99999999997,44325.44,-11215.44140625003,30027.99999999998,10.309885558692892,40804.496,10.616548,-10776.496093750018,25,24097.000000000015,10.089842630402503,36507.74,10.50528,-12410.738281249985,23.0,17,high,-0.3399481552551836,-0.32033214125810244,-0.26410070275076003,-0.2500263177864774,-0.25302492316903635,-0.23802718577689827,17.0,17.0,16.0,0.0,-1.0,-1.0,0.5773502691896258,0.03207501495497921,0.23667802123658985,-0.2500263177864774
5135,1,137591,1,"Private, for-profit",40.0,28.259612,-82.728584,21,-2,,10523.0,0.85,1,29.0,1,,10.079120121179287,10.098091,Somatic Bodywork and Related Therapeutic Services.,Bene's Career Academy,23840.000000000015,24296.586,-456.58593749998545,25078.000000000022,10.129746246750484,26596.443,10.188533,-1518.4433593749782,28,20131.999999999993,9.91006586789625,18900.63,9.846951,1231.3691406249927,28.0,17,high,0.06514963176555638,0.06213016239277427,-0.057091970488593206,-0.05441097618259325,-0.01879218498740922,-0.0182249177070467,5.0,13.0,7.0,8.0,-6.0,2.0,4.163331998932265,0.23129622216290363,0.23667802123658985,-0.0182249177070467
5135,1,387925,1,"Private, for-profit",246.0,26.275351,-80.150541,13,-2,,17597.0,0.7702589808,1,29.0,1,,10.149566075132833,10.46807,Somatic Bodywork and Related Therapeutic Services.,Cortiva Institute,25579.999999999993,35174.266,-9594.265625000007,30699.00000000001,10.331985359754865,26924.252,10.200783,3774.748046875011,293,22969.000000000004,10.041900759689755,23244.559,10.053826,-275.55859374999636,258.0,17,high,-0.011854757002100638,-0.011812851792418677,0.14019880862230935,0.13976489168771095,-0.27276377927222206,-0.2717705223378509,9.0,4.0,18.0,-5.0,14.0,9.0,7.094598884597588,0.3941443824776438,0.23667802123658985,-0.011812851792418677
5135,1,406149,1,"Private, for-profit",65.0,27.389606,-82.485901,21,-2,,17000.0,0.7696335079,1,33.0,1,,10.173247478478917,10.095429,Somatic Bodywork and Related Therapeutic Services.,Sarasota School of Massage Therapy,26192.99999999999,24232.0,1960.999999999989,29431.999999999996,10.28983779678461,29407.957,10.289021,24.042968749996362,94,21269.999999999993,9.965052908194282,22572.627,10.024493,-1302.6269531250073,93.0,17,high,-0.05770825681167202,-0.05703784096401118,0.0008175667804617438,0.0008080508428563375,0.08092604820072587,0.07953340742955277,10.0,11.0,3.0,1.0,-8.0,-7.0,4.358898943540674,0.24216105241892633,0.23667802123658985,0.0008080508428563375
5135,1,428170,1,"Private, for-profit",31.0,26.702216,-80.085966,21,1,0.8704,16491.0,0.8390022676,2,31.0,1,open,10.111598681016376,10.28507,Somatic Bodywork and Related Therapeutic Services.,Southeastern College-West Palm Beach,24627.000000000015,29292.02,-4665.019531249985,31789.99999999999,10.366907053904848,31353.963,10.353096,436.0371093749891,42,20944.99999999999,9.949655233381135,22887.568,10.038349,-1942.568359375011,37.0,17,high,-0.08487438809021901,-0.08200589943385823,0.013906921778789452,0.013494817532571857,-0.15925906120174269,-0.15282851976071438,11.0,10.0,14.0,-1.0,4.0,3.0,2.081665999466133,0.11564811108145184,0.23667802123658985,-0.08200589943385823
5135,1,430582,1,"Private, for-profit",103.0,25.756567,-80.36778,21,-2,,4823.0,0.9303178484,1,34.0,1,,10.011489576337405,10.09379,Somatic Bodywork and Related Therapeutic Services.,Praxis Institute,22280.999999999985,24192.307,-1911.3066406250146,27609.0,10.225897085506967,24161.596,10.09252,3447.404296875,229,21967.999999999985,9.997342128007752,16564.488,9.715016,5403.511718749985,201.0,17,high,0.32621060349123093,0.3246689762627932,0.14268115149485436,0.14209322910384528,-0.07900472943805398,-0.07821029746509234,1.0,3.0,12.0,2.0,9.0,11.0,5.8594652770823155,0.3255258487267953,0.23667802123658985,0.14209322910384528
5135,1,438285,1,"Private, for-profit",246.0,28.629921,-81.397179,21,-2,,17597.0,0.7702589808,1,29.0,1,,10.149566075132833,10.23438,Somatic Bodywork and Related Therapeutic Services.,Cortiva Institute,25579.999999999993,27844.197,-2264.1972656250073,30699.00000000001,10.331985359754865,25318.865,10.139305,5380.134765625011,293,22969.000000000004,10.041900759689755,20617.51,9.933896,2351.4902343750036,258.0,17,high,0.11405306756762536,0.11364990302275571,0.2124950986476476,0.21183742385904958,-0.08131666515738514,-0.0810205542083324,4.0,1.0,13.0,-3.0,12.0,9.0,6.244997998398398,0.3469443332443555,0.23667802123658985,0.11364990302275571
5135,1,447014,2,"Private, for-profit",23.0,29.270088,-81.080155,13,1,,16479.0,0.8815165877,1,31.0,1,,10.080252030663544,10.159255,Somatic Bodywork and Related Therapeutic Services.,Daytona College,23867.00000000001,25829.049,-1962.048828124989,33160.00000000002,10.409099609249232,31744.045,10.36546,1415.9550781250218,24,24285.999999999985,10.097655331613764,20758.143,9.940694,3527.8574218749854,22.0,17,high,0.1699505342829976,0.15965134036068482,0.04460537658668947,0.04211817726130712,-0.07596287579852856,-0.07167624168030175,3.0,8.0,10.0,5.0,2.0,7.0,3.605551275463989,0.20030840419244383,0.23667802123658985,0.04211817726130712
5135,1,449490,1,"Private, for-profit",56.0,26.63948,-80.115507,21,-2,,15750.0,0.7323076923,1,31.0,1,,9.992139250130691,10.070139,Somatic Bodywork and Related Therapeutic Services.,Palm Beach Academy of Health & Beauty,21854.00000000001,23626.848,-1772.847656249989,32263.00000000003,10.381676341775822,28331.107,10.251716,3931.892578125029,47,23010.99999999998,10.043727641450573,18409.504,9.820622,4601.496093749982,40.0,17,high,0.24995220496885745,0.2422254918930438,0.1387835822855671,0.13516997029599853,-0.07503530229861276,-0.07349973162290671,2.0,5.0,11.0,3.0,6.0,9.0,4.58257569495584,0.2545875386086578,0.23667802123658985,0.13516997029599853
5135,1,451158,1,"Private, for-profit",82.0,28.029221,-82.739008,21,-2,,22934.0,0.7272727273,1,25.0,1,,10.220085016401597,10.448811,Somatic Bodywork and Related Therapeutic Services.,Aveda Institute-Tallahassee,27449.000000000004,34503.312,-7054.312499999996,23337.99999999999,10.057838212366052,42011.457,10.645698,-18673.45703125001,34,13942.999999999998,9.54273286919502,33251.895,10.411867,-19308.89453125,37.0,17,high,-0.5806855459950884,-0.5610601921153173,-0.44448487033810463,-0.4277195721628165,-0.20445319561708739,-0.20176979616843976,19.0,19.0,15.0,0.0,-4.0,-4.0,2.3094010767585034,0.12830005981991685,0.23667802123658985,-0.4277195721628165
5135,1,481483,0,"Private, for-profit",25.0,26.366888,-80.167216,21,-2,,17520.0,0.8044217687,1,30.0,1,,10.522584451585907,10.19146,Somatic Bodywork and Related Therapeutic Services.,Boca Beauty Academy,37145.0,26674.402,10470.59765625,24382.999999999985,10.101641447146731,31127.98,10.345862,-6744.980468750015,20,22426.00000000002,10.017976279020827,21500.326,9.975823,925.6738281250182,28.0,17,high,0.04305394349486243,0.04105853599619783,-0.2166854504268735,-0.20192656292611297,0.3925335428819208,0.3723442691978224,6.0,15.0,2.0,9.0,-13.0,-4.0,6.6583281184793925,0.3699071176932996,0.23667802123658985,0.04105853599619783
5135,1,485379,1,"Private, for-profit",63.0,26.649613,-80.057435,12,-2,,13244.0,0.9535315985,1,29.0,1,,10.075337809462788,10.118012,Somatic Bodywork and Related Therapeutic Services.,Hollywood Institute of Beauty Careers-West Palm Beach,23750.00000000001,24785.459,-1035.458984374989,26087.000000000015,10.169192384934412,25136.21,10.132065,950.7890625000146,58,16075.0,9.68502054910582,19109.297,9.85793,-3034.296875,79.0,17,high,-0.15878642185781627,-0.15655492852773056,0.03782547277567437,0.03705314134278675,-0.04177687348972447,-0.041031309436722486,14.0,9.0,9.0,-5.0,0.0,-5.0,2.8867513459481287,0.16037507477489604,0.23667802123658985,-0.041031309436722486
5135,1,485388,1,"Private, for-profit",63.0,28.633003,-81.321511,21,-2,,13244.0,0.9535315985,1,29.0,1,,10.075337809462788,10.047367,Somatic Bodywork and Related Therapeutic Services.,Hollywood Institute of Beauty Careers-Casselberry,23750.00000000001,23094.9,655.0996093750109,26087.000000000015,10.169192384934412,28127.34,10.244497,-2040.3398437499854,58,16075.0,9.68502054910582,20771.312,9.941328,-4696.3125,79.0,17,high,-0.22609608805413717,-0.22291866326838908,-0.07253938179309753,-0.07105825173523148,0.028365552494044873,0.027859331359801728,16.0,14.0,4.0,-2.0,-10.0,-12.0,6.429100507328636,0.35717225040714645,0.23667802123658985,-0.07105825173523148
5135,1,487311,0,"Private, nonprofit",52.0,30.20813,-81.561491,11,1,,18476.0,0.8154050465,1,27.0,1,,10.166044106207172,10.449837,Somatic Bodywork and Related Therapeutic Services.,Jones Technical Institute,26004.999999999985,34538.734,-8533.734375000015,23495.999999999993,10.064585472878456,34666.113,10.453518,-11170.113281250007,65,19814.99999999999,9.894194505624535,29580.998,10.294888,-9765.998046875011,77.0,17,high,-0.3301443051853591,-0.32536384635418003,-0.32221994980013036,-0.31645587412562115,-0.24707721720043527,-0.24156704927070202,18.0,18.0,17.0,0.0,-1.0,-1.0,0.5773502691896258,0.03207501495497921,0.23667802123658985,-0.31645587412562115
5135,1,489238,1,"Private, for-profit",25.0,26.321755,-80.203872,21,-2,,17520.0,0.8044217687,1,30.0,1,,10.522584451585907,10.145109,Somatic Bodywork and Related Therapeutic Services.,Boca Beauty Academy-Parkland,37145.0,25466.246,11678.75390625,24382.999999999985,10.101641447146731,31327.064,10.352238,-6944.064453125015,20,22426.00000000002,10.017976279020827,22217.117,10.008618,208.8828125000182,28.0,17,high,0.009401886425550376,0.008966140169754439,-0.22166342663595204,-0.20656547903352562,0.458597386644914,0.4350102351321791,7.0,16.0,1.0,9.0,-15.0,-6.0,7.54983443527075,0.41943524640393054,0.23667802123658985,0.008966140169754439
5138,2,132693,2,Public,98.0,28.170002,-80.670781,13,12,,22005.0,0.8466486121,1,25.0,1,,11.170097070710039,11.220407,"Registered Nursing, Nursing Administration, Nursing Research and Clinical Nursing.",Eastern Florida State College,70976.0,74638.11,-3662.109375,77666.99999999993,11.26018573571601,78323.52,11.268603,-656.5234375000728,106,62724.99999999999,11.046515371234623,66632.26,11.106944,-3907.2578125000073,74.0,50,high,-0.05863913276801823,-0.05774979305390578,-0.00838219999160227,-0.008297402614105009,-0.04906487323520847,-0.048541958008996286,40.0,33.0,37.0,-7.0,4.0,-3.0,3.5118845842842465,0.03376812100273314,0.09380379899047242,-0.048541958008996286
5138,2,132709,1,Public,100.0,26.119422,-80.14183,12,15,,20743.0,0.9264472291,1,24.0,1,,11.375064714184477,11.362445,"Registered Nursing, Nursing Administration, Nursing Research and Clinical Nursing.",Broward College,87122.00000000004,86029.445,1092.5546875000437,83358.00000000004,11.330899864376917,82680.78,11.322742,677.2187500000437,103,72990.99999999997,11.198091424858745,67634.66,11.121876,5356.343749999971,69.0,50,high,0.07919525354281624,0.0778921960547351,0.008190763799780178,0.008105078803131742,0.012699776030536564,0.012567584722082109,14.0,27.0,23.0,13.0,-4.0,9.0,6.658328118479393,0.06402238575460956,0.09380379899047242,0.012567584722082109
5138,2,132851,1,Public,65.0,29.166079,-82.175692,13,12,,21993.0,0.8733662504,1,24.0,1,,11.348039029257633,11.222708,"Registered Nursing, Nursing Administration, Nursing Research and Clinical Nursing.",College of Central Florida,84799.0,74810.07,9988.9296875,75665.0,11.234070981121127,79353.8,11.281672,-3688.796875,95,70020.99999999996,11.156550476040493,66636.445,11.107007,3384.5546874999563,82.0,50,high,0.05079134506091466,0.050107914539984366,-0.0464854489673718,-0.04595102955222824,0.13352386444463682,0.13122607798793298,20.0,42.0,5.0,22.0,-37.0,-15.0,18.610033136277146,0.17894262631035718,0.09380379899047242,0.050107914539984366
5138,2,133021,1,Public,63.0,30.789228,-85.23139,32,6,,21653.0,,1,23.0,1,,11.112865721520615,10.990757,"Registered Nursing, Nursing Administration, Nursing Research and Clinical Nursing.",Chipola College,67028.00000000001,59323.273,7704.726562500015,65740.99999999997,11.09347805854152,70118.625,11.157944,-4377.625000000029,44,52223.99999999997,10.863297438323778,56719.06,10.945866,-4495.058593750029,32.0,50,high,-0.07925129057493471,-0.0760918480251536,-0.06243170056457937,-0.0606779084963786,0.12987696254855735,0.1275591348486672,45.0,43.0,6.0,-2.0,-37.0,-39.0,21.96208854670551,0.21117392833370682,0.09380379899047242,-0.0606779084963786
5138,2,133386,1,Public,256.0,29.20278,-81.049513,13,12,,21285.0,0.8535849057,1,25.0,1,,11.170449240431308,11.226613,"Registered Nursing, Nursing Administration, Nursing Research and Clinical Nursing.",Daytona State College,71000.99999999994,75102.79,-4101.789062500058,80355.00000000003,11.29420959698317,78975.555,11.276894,1379.445312500029,274,66333.00000000003,11.102442789900266,67933.96,11.126291,-1600.960937499971,177.0,50,high,-0.023566430035970858,-0.023437272490827867,0.017466737878048273,0.017408305732279642,-0.0546156689212511,-0.05442578876792607,35.0,23.0,39.0,-12.0,16.0,4.0,8.326663997864532,0.08006407690254358,0.09380379899047242,-0.023437272490827867
5138,2,133508,1,Public,231.0,26.552403,-81.887102,21,12,,25854.0,0.8308977035,1,23.0,1,,11.134851763453977,11.218261,"Registered Nursing, Nursing Administration, Nursing Research and Clinical Nursing.",Florida SouthWestern State College,68518.0,74478.125,-5960.125,78773.00000000001,11.274325577537704,77745.14,11.261191,1027.8593750000146,161,63089.00000000004,11.052301706866754,62026.707,11.03532,1062.2929687500364,147.0,50,high,0.017126380225454124,0.01700981207589464,0.013220882575257603,0.013138768183964578,-0.08002517517727521,-0.07971164719961542,29.0,25.0,45.0,-4.0,20.0,16.0,10.583005244258363,0.10175966581017656,0.09380379899047242,0.013138768183964578
5138,2,133702,1,Public,217.0,30.334918,-81.659901,11,15,,25081.0,0.8159581286,1,25.0,1,,11.215597015466642,11.223123,"Registered Nursing, Nursing Administration, Nursing Research and Clinical Nursing.",Florida State College at Jacksonville,74280.0,74841.11,-561.109375,78015.00000000004,11.264656394875283,77837.13,11.262374,177.86718750004366,225,62018.99999999998,11.035196068693427,66382.234,11.103185,-4363.234375000022,174.0,50,high,-0.06572894715100529,-0.06536146343519234,0.0022851199815967483,0.0022755091235776765,-0.007497341764250137,-0.0074657514082667395,43.0,28.0,27.0,-15.0,-1.0,-16.0,8.962886439832502,0.08618160038300483,0.09380379899047242,-0.0074657514082667395
5138,2,133845,1,"Private, for-profit",149.0,30.23886,-81.581748,11,2,0.9404,16617.0,0.8801108801,2,27.0,1,open,11.062222376211869,11.191891,"Registered Nursing, Nursing Administration, Nursing Research and Clinical Nursing.",Concorde Career Institute-Jacksonville,63717.999999999956,72539.805,-8821.804687500044,73531.99999999997,11.205475964602762,79435.26,11.282698,-5903.257812500029,164,62407.99999999999,11.041448751268149,68476.83,11.134251,-6068.828125000007,167.0,50,high,-0.08862601103429843,-0.08810620921084142,-0.07431533521845116,-0.07386359696374907,-0.12161329528669396,-0.12081893605747598,46.0,44.0,47.0,-2.0,3.0,1.0,1.5275252316519465,0.014687742612037948,0.09380379899047242,-0.08810620921084142
5138,2,133854,0,"Private, for-profit",45.0,25.977088,-80.291516,21,1,0.9959,16501.0,0.8625304136,2,27.0,1,open,11.208612529854566,11.2751665,"Registered Nursing, Nursing Administration, Nursing Research and Clinical Nursing.",Concorde Career Institute-Miramar,73762.99999999994,78839.27,-5076.273437500058,87364.99999999999,11.377850023773139,79337.07,11.281461,8027.929687499985,128,37797.00000000001,10.53998501337874,52316.07,10.865059,-14519.070312499993,137.0,50,high,-0.2775260111429072,-0.275475150780469,0.10118762459817149,0.1003662732264638,-0.06438762327666914,-0.06269041287420388,49.0,6.0,41.0,-43.0,35.0,-8.0,22.869193252058544,0.2198960889621014,0.09380379899047242,-0.06269041287420388
5138,2,133960,1,Public,27.0,24.582748,-81.74446,33,6,,26806.0,0.7445783133,1,26.0,1,,11.28983191240606,11.317831,"Registered Nursing, Nursing Administration, Nursing Research and Clinical Nursing.",The College of the Florida Keys,80003.99999999994,82275.7,-2271.703125000058,70379.00000000001,11.16165020219265,76636.01,11.246822,-6257.007812499985,36,63812.99999999997,11.06371221033176,52392.96,10.866528,11420.03906249997,29.0,50,high,0.21796895724452434,0.20825759814141004,-0.08164579537870204,-0.07876006333908575,-0.027610862486932508,-0.026307968153693136,4.0,45.0,30.0,41.0,-15.0,26.0,20.744477176668813,0.1994661266987386,0.09380379899047242,-0.026307968153693136
5138,2,134343,1,Public,113.0,30.185542,-85.727918,13,9,,22880.0,0.8783042394,1,25.0,1,,11.170336559613691,11.165188,"Registered Nursing, Nursing Administration, Nursing Research and Clinical Nursing.",Gulf Coast State College,70993.00000000006,70628.414,364.5859375000582,71133.00000000001,11.172306643135087,79669.92,11.285647,-8536.921874999985,126,62996.99999999999,11.050842385192228,66975.266,11.112079,-3978.2656250000073,75.0,50,high,-0.05939902720617254,-0.058512143780132725,-0.10715363683165385,-0.10626771999198832,0.005162029224915505,0.00511545022689726,41.0,48.0,26.0,7.0,-22.0,-15.0,11.239810200058244,0.10807509807748311,0.09380379899047242,-0.058512143780132725
5138,2,134495,1,Public,87.0,27.934888,-82.456253,11,5,,22087.0,0.8303442291,1,24.0,1,,11.257310373509055,11.29533,"Registered Nursing, Nursing Administration, Nursing Research and Clinical Nursing.",Hillsborough Community College,77443.99999999994,80445.086,-3001.085937500058,81109.0,11.303549208052376,79845.17,11.287845,1263.828125,290,64428.99999999995,11.073319121292078,67140.195,11.114538,-2711.195312500051,130.0,50,high,-0.04038110553418791,-0.04006385180547372,0.01582848524615315,0.01577890770920776,-0.03730601941095177,-0.03684908703631095,38.0,24.0,35.0,-14.0,11.0,-3.0,7.371114795831994,0.07087610380607687,0.09380379899047242,-0.03684908703631095
5138,2,134608,1,Public,151.0,27.42416,-80.358682,21,12,,21577.0,0.9122626988,1,23.0,1,,11.027751343506385,11.279168,"Registered Nursing, Nursing Administration, Nursing Research and Clinical Nursing.",Indian River State College,61558.999999999956,79155.39,-17596.390625000044,68287.00000000003,11.13147469069291,84281.77,11.341921,-15994.77343749997,166,60910.99999999997,11.01716906136117,67794.48,11.124236,-6883.476562500029,68.0,50,high,-0.10153447465818435,-0.09983522434251925,-0.18977737160883376,-0.18863996852025627,-0.22230186075845726,-0.22087225141656713,48.0,49.0,49.0,1.0,0.0,1.0,0.5773502691896258,0.005551444896054095,0.09380379899047242,-0.18863996852025627
5138,2,135081,1,"Private, nonprofit",124.0,26.185869,-80.163959,12,15,0.9697,21659.0,0.7867955286,2,28.0,1,open,11.33091186075401,11.28309,"Registered Nursing, Nursing Administration, Nursing Research and Clinical Nursing.",Keiser University-Ft Lauderdale,83358.99999999999,79466.41,3892.5937499999854,81721.00000000001,11.311066285763198,83713.5,11.3351555,-1992.4999999999854,772,67368.0,11.117925406709828,51108.562,10.841707,16259.4375,744.0,50,high,0.31813529288756653,0.3178038504784036,-0.023801417931396795,-0.023777291561707957,0.048984142277101975,0.048587613488494275,2.0,37.0,15.0,35.0,-22.0,13.0,17.69180601295413,0.1701135193553282,0.09380379899047242,0.048587613488494275
5138,2,135160,1,Public,86.0,30.175298,-82.5679,32,9,,21618.0,0.9306451613,1,26.0,1,,11.193835281358767,11.158611,"Registered Nursing, Nursing Administration, Nursing Research and Clinical Nursing.",Florida Gateway College,72681.00000000001,70165.45,2515.5468750000146,75046.0,11.225856537839764,67930.586,11.126242,7115.4140625,117,63627.99999999994,11.06080890401825,65389.355,11.088115,-1761.3554687500582,98.0,50,high,-0.026936424990330752,-0.026642056266120612,0.10474536564496272,0.10380109532466882,0.03585164440566726,0.03540655600589836,36.0,5.0,17.0,-31.0,12.0,-19.0,15.631165450257807,0.15029966779094045,0.09380379899047242,0.03540655600589836
5138,2,135188,2,Public,79.0,28.828649,-81.797193,22,9,,25118.0,0.911154345,1,23.0,1,,11.216471700131324,11.161947,"Registered Nursing, Nursing Administration, Nursing Research and Clinical Nursing.",Lake-Sumter State College,74345.00000000001,70399.914,3945.0859375000146,80297.00000000004,11.293487539336581,75115.62,11.226784,5181.382812500044,62,59920.000000000015,11.000765618191101,62961.254,11.050275,-3041.2539062499854,29.0,50,high,-0.04830357906750787,-0.046151468013620495,0.0689787690829528,0.06767521090805487,0.05603822092733843,0.0552700260954875,39.0,10.0,13.0,-29.0,3.0,-26.0,15.947831618540915,0.15334453479366264,0.09380379899047242,0.0552700260954875
5138,2,135717,1,Public,169.0,25.777717,-80.190856,11,15,,18391.0,0.9677276583,1,22.0,1,,11.457782665473019,11.2628355,"Registered Nursing, Nursing Administration, Nursing Research and Clinical Nursing.",Miami Dade College,94634.99999999993,77873.07,16761.929687499927,88130.00000000004,11.386568276093707,80407.34,11.294861,7722.656250000044,485,64608.00000000005,11.076093521112565,62220.14,11.038434,2387.859375000051,349.0,50,high,0.03837759527725354,0.03828202333464146,0.09604416574201338,0.0958781513110027,0.21524680637652144,0.21403307172145739,23.0,9.0,1.0,-14.0,-8.0,-22.0,11.135528725660043,0.10707239159288504,0.09380379899047242,0.0958781513110027
5138,2,136145,1,Public,28.0,30.473841,-83.420732,42,6,,17842.0,,1,24.0,1,,11.166045252792483,11.140483,"Registered Nursing, Nursing Administration, Nursing Research and Clinical Nursing.",North Florida College,70688.99999999996,68904.914,1784.0859374999563,70310.0,11.160669315193207,77432.08,11.257156,-7122.078125,53,67262.99999999999,11.11636558733258,63769.25,11.063026,3493.7499999999854,47.0,50,high,0.054787377929017285,0.05338043002463205,-0.09197839316029593,-0.08989368378969591,0.025891998586366517,0.02471915801115055,18.0,46.0,20.0,28.0,-26.0,2.0,15.620499351813308,0.15019710915205103,0.09380379899047242,0.02471915801115055
5138,2,136233,1,Public,41.0,30.540017,-86.47456,22,9,,23721.0,0.9132875858,1,25.0,1,,11.093493269633449,11.111978,"Registered Nursing, Nursing Administration, Nursing Research and Clinical Nursing.",Northwest Florida State College,65742.00000000001,66968.49,-1226.4921874999854,76181.00000000006,11.240867366751376,69163.92,11.144235,7017.078125000058,72,71737.0,11.180761932536953,56680.94,10.945193,15056.05859375,22.0,50,high,0.26562823799694024,0.24953086739487304,0.10145575807112309,0.09984440878146228,-0.018314466212947172,-0.01777708307457266,3.0,7.0,29.0,4.0,22.0,26.0,14.0,0.1346153846153846,0.09380379899047242,0.09984440878146228
5138,2,136358,2,Public,131.0,26.61256,-80.08653,21,15,,21408.0,0.9218037494,1,23.0,1,,11.239698413488032,11.305393,"Registered Nursing, Nursing Administration, Nursing Research and Clinical Nursing.",Palm Beach State College,76092.0,81258.7,-5166.703125,83170.99999999997,11.32865400835664,75647.52,11.23384,7523.476562499971,227,67494.99999999997,11.119808800042927,64902.457,11.080641,2592.542968749971,197.0,50,high,0.03994522067942178,0.0397519734533949,0.09945436705163083,0.09904036038973997,-0.0635833815493225,-0.06310066323678046,22.0,8.0,42.0,-14.0,34.0,20.0,17.08800749063506,0.16430776433302943,0.09380379899047242,0.0397519734533949
5138,2,136400,1,Public,219.0,28.2751,-82.646727,21,12,,23149.0,0.8602089269,1,24.0,1,,11.229514259369093,11.197209,"Registered Nursing, Nursing Administration, Nursing Research and Clinical Nursing.",Pasco-Hernando State College,75320.99999999999,72926.64,2394.3593749999854,78937.99999999997,11.276418013197885,81982.14,11.314257,-3044.140625000029,219,67069.00000000006,11.113477219186896,64583.246,11.07571,2485.753906250058,179.0,50,high,0.038489144733321407,0.038280947145413635,-0.037131753352531216,-0.03697059513346749,0.03283243756300457,0.0326955662787679,24.0,41.0,18.0,17.0,-23.0,-6.0,11.930353445448855,0.11471493697546976,0.09380379899047242,0.0326955662787679
5138,2,136473,1,Public,149.0,30.479267,-87.200265,13,12,,20605.0,0.9150442478,1,25.0,1,,11.039331397809566,11.107763,"Registered Nursing, Nursing Administration, Nursing Research and Clinical Nursing.",Pensacola State College,62276.00000000002,66686.86,-4410.859374999978,75375.99999999997,11.230244200939822,78028.445,11.264829,-2652.445312500029,133,65094.99999999994,11.083603020331497,59240.617,10.989363,5854.382812499942,184.0,50,high,0.098823798441709,0.09830612814082008,-0.033993312334714844,-0.0337294553699504,-0.06614285657383275,-0.06571082166808989,11.0,40.0,43.0,29.0,3.0,32.0,17.672954855748753,0.1699322582283534,0.09380379899047242,-0.0337294553699504
5138,2,136516,1,Public,79.0,28.032411,-81.711873,13,12,,23968.0,0.8981884889,1,24.0,1,,11.235589684572592,11.178349,"Registered Nursing, Nursing Administration, Nursing Research and Clinical Nursing.",Polk State College,75779.99999999999,71564.086,4215.914062499985,79660.00000000003,11.285522856735636,80045.38,11.290349,-385.3828124999709,151,69158.00000000003,11.14414902092911,66837.38,11.110018,2320.617187500029,77.0,50,high,0.034720347952733197,0.034217600543841604,-0.004814553931270461,-0.004782328427519239,0.05891103068349011,0.05810345420156096,25.0,30.0,12.0,5.0,-18.0,-13.0,9.29157324317757,0.08934205041516895,0.09380379899047242,0.034217600543841604
5138,2,137078,1,Public,119.0,27.773264,-82.636587,11,15,,22640.0,0.8076387681,1,26.0,1,,11.292590465978058,11.255541,"Registered Nursing, Nursing Administration, Nursing Research and Clinical Nursing.",St Petersburg College,80225.00000000007,77307.086,2917.9140625000728,81621.00000000006,11.309841860783788,82262.83,11.317675,-641.8281249999418,259,67219.99999999994,11.115726101279096,69812.23,11.153564,-2592.226562500058,208.0,50,high,-0.03713141222016956,-0.03696279107729794,-0.007802164594009231,-0.00777430080921888,0.03774445805471314,0.03742385896542548,37.0,32.0,16.0,-5.0,-16.0,-21.0,10.96965511460289,0.10547745302502778,0.09380379899047242,-0.00777430080921888
5138,2,137096,1,Public,53.0,29.681037,-82.433143,22,12,,25000.0,0.8128164557,1,22.0,1,,11.256638695062765,11.151482,"Registered Nursing, Nursing Administration, Nursing Research and Clinical Nursing.",Santa Fe College,77392.00000000006,69666.98,7725.023437500058,77373.99999999997,11.256406085832298,78141.484,11.266276,-767.4843750000291,162,68611.00000000006,11.136208150713541,59999.777,11.002096,8611.222656250058,99.0,50,high,0.14352091020129534,0.14197095830135692,-0.009821727615473508,-0.009761164170003922,0.11088501064158778,0.1084661149679619,7.0,34.0,8.0,27.0,-26.0,1.0,15.307950004273378,0.1471918269641671,0.09380379899047242,0.1084661149679619
5138,2,137209,2,Public,243.0,28.745482,-81.308003,13,12,,24900.0,0.8147863904,1,24.0,1,,11.257826742414467,11.169441,"Registered Nursing, Nursing Administration, Nursing Research and Clinical Nursing.",Seminole State College of Florida,77484.0,70929.46,6554.5390625,82579.00000000004,11.321510689897156,78388.766,11.269436,4190.234375000044,253,70051.99999999999,11.156993102392555,65490.33,11.089658,4561.671874999985,115.0,50,high,0.06965413070298287,0.06902264808226805,0.053454526826528834,0.05325835713068178,0.09240926091734404,0.092067922092718,15.0,12.0,9.0,-3.0,-3.0,-6.0,3.0,0.028846153846153848,0.09380379899047242,0.06902264808226805
5138,2,137281,1,Public,95.0,29.647516,-81.681387,32,9,,24832.0,0.8578217822,1,25.0,1,,11.095787493300891,11.177915,"Registered Nursing, Nursing Administration, Nursing Research and Clinical Nursing.",Saint Johns River State College,65893.00000000004,71533.03,-5640.031249999956,72063.00000000004,11.185296015408854,73834.99,11.209588,-1771.9921874999563,124,64829.000000000044,11.079508313092495,66080.0,11.098621,-1250.9999999999563,97.0,50,high,-0.018931598062953334,-0.018722215614646064,-0.02399935498063137,-0.023797193658428938,-0.07884513142311379,-0.07797373821768395,34.0,38.0,44.0,4.0,6.0,10.0,5.033222956847167,0.048396374585068916,0.09380379899047242,-0.023797193658428938
5138,2,137315,1,Public,26.0,27.56974,-81.508667,23,9,,20658.0,0.9552590267,1,23.0,1,,11.28151029797175,11.201035,"Registered Nursing, Nursing Administration, Nursing Research and Clinical Nursing.",South Florida State College,79340.99999999994,73206.14,6134.859374999942,82431.99999999993,11.31972899002397,78159.22,11.266503,4272.781249999927,38,65690.99999999999,11.092717208787851,57697.98,10.962977,7993.019531249985,24.0,50,high,0.13853205027824347,0.13090618282697342,0.05466765556686078,0.052851016331804716,0.08380252425033426,0.07967716480067402,8.0,13.0,10.0,5.0,-3.0,2.0,2.516611478423583,0.024198187292534454,0.09380379899047242,0.07967716480067402
5138,2,137759,1,Public,39.0,30.443866,-84.339,12,12,,23457.0,0.8177727784,1,22.0,1,,10.987070802184478,11.213379,"Registered Nursing, Nursing Administration, Nursing Research and Clinical Nursing.",Tallahassee State College,59105.000000000044,74115.42,-15010.421874999956,76269.99999999994,11.242034955158283,73589.66,11.20626,2680.343749999942,55,57119.00000000003,10.952892089857416,63250.133,11.0548525,-6131.132812499971,22.0,50,high,-0.09693470258276339,-0.09106035035484296,0.03642283286246417,0.035631941645156,-0.2025276453302244,-0.1962338301213212,47.0,18.0,48.0,-29.0,30.0,1.0,17.03917055884274,0.163838178450411,0.09380379899047242,-0.09106035035484296
5138,2,138187,1,Public,167.0,28.520783,-81.464275,11,15,,23247.0,0.8727049583,1,22.0,1,,11.325076661050357,11.21248,"Registered Nursing, Nursing Administration, Nursing Research and Clinical Nursing.",Valencia College,82873.99999999999,74048.8,8825.203124999985,81132.99999999997,11.30384506239558,76730.72,11.248057,4402.281249999971,270,70421.99999999999,11.162260993328179,62239.547,11.038746,8182.453124999985,146.0,50,high,0.13146710629872313,0.13056513733971023,0.057373126717908805,0.05717789012236214,0.11918091174253106,0.11849947384853604,9.0,11.0,7.0,2.0,-4.0,-2.0,2.0,0.019230769230769232,0.09380379899047242,0.11849947384853604
5138,2,138309,1,"Private, for-profit",1346.0,29.175319,-82.15319,13,12,,25123.0,0.7318019398,1,30.0,1,,11.23833071206494,11.24891,"Registered Nursing, Nursing Administration, Nursing Research and Clinical Nursing.",Rasmussen University-Florida,75988.0,76796.164,-808.1640625,79954.00000000007,11.289206748280122,80385.266,11.294586,-431.26562499992724,2514,68118.99999999999,11.12901145469236,66773.54,11.109062,1345.4609374999854,2086.0,50,high,0.02014961250205167,0.020143109642845675,-0.005364983515906958,-0.005363559498268296,-0.01052349518189843,-0.010518061096093117,28.0,31.0,28.0,3.0,-3.0,0.0,1.7320508075688772,0.01665433468816228,0.09380379899047242,-0.005363559498268296
5138,2,244279,0,"Private, for-profit",55.0,27.380724,-82.425309,13,1,,16256.0,0.8884615385,1,27.0,1,,11.1524863023844,11.200436,"Registered Nursing, Nursing Administration, Nursing Research and Clinical Nursing.",Meridian College,69737.00000000003,73162.305,-3425.304687499971,85056.99999999996,11.351076898963925,81343.22,11.306433,3713.7812499999563,44,69241.00000000006,11.14534845170463,64153.05,11.069027,5087.949218750058,67.0,50,high,0.07930954423506718,0.07795916331072647,0.045655695792096454,0.04437316469932988,-0.04681788937801456,-0.04583953058692892,13.0,17.0,36.0,4.0,19.0,23.0,12.288205727444508,0.11815582430235104,0.09380379899047242,0.04437316469932988
5138,2,366553,1,"Private, for-profit",42.0,26.596097,-81.877644,13,9,,19031.0,0.8379160637,1,29.0,1,,11.232086591000442,11.225716,"Registered Nursing, Nursing Administration, Nursing Research and Clinical Nursing.",Southern Technical College,75515.00000000001,75035.43,479.57031250001455,85126.0,11.351887790813063,82665.41,11.3225565,2460.59375,144,60182.99999999997,11.005145199390197,64355.324,11.072175,-4172.324218750029,109.0,50,high,-0.06483261904746053,-0.06420688619580996,0.029765700812726604,0.029555122863616293,0.006391251632692459,0.006208845294476041,42.0,21.0,25.0,-21.0,4.0,-17.0,11.150485789118488,0.1072162095107547,0.09380379899047242,0.006208845294476041
5138,2,386472,1,"Private, nonprofit",276.0,28.615784,-81.312669,21,6,0.942,18321.0,0.8203449578,2,31.0,1,open,11.240000633493354,11.214139,"Registered Nursing, Nursing Administration, Nursing Research and Clinical Nursing.",Herzing University-Orlando,76114.99999999997,74171.77,1943.226562499971,86631.99999999994,11.369424541308215,72663.32,11.193592,13968.679687499942,322,73342.00000000003,11.20288871150165,61497.25,11.026748,11844.75000000003,309.0,50,high,0.1926061734467806,0.19205390591640442,0.19223838970508703,0.1917050552232465,0.026199003643042305,0.02611553891971037,5.0,2.0,19.0,-3.0,17.0,14.0,9.073771725877465,0.0872478050565141,0.09380379899047242,0.1917050552232465
5138,2,406024,1,"Private, for-profit",1026.0,27.865391,-82.648151,11,2,,32673.0,0.6627957932,1,30.0,1,,11.270599094239245,11.254023,"Registered Nursing, Nursing Administration, Nursing Research and Clinical Nursing.",Galen College of Nursing-Tampa Bay,78480.0,77189.805,1290.1953125,80987.99999999993,11.302056274531406,79971.83,11.28943,1016.1718749999272,1897,68113.99999999997,11.128938051038293,68801.5,11.138981,-687.5000000000291,1711.0,50,high,-0.009992514698081134,-0.009988480279699383,0.012706623054953793,0.012701989347331803,0.01671458190266586,0.016702827784168685,33.0,26.0,22.0,-7.0,-4.0,-11.0,5.5677643628300215,0.05353619579644252,0.09380379899047242,0.012701989347331803
5138,2,408844,1,"Private, for-profit",82.0,25.86178,-80.321846,21,9,,13365.0,0.8321821438,1,29.0,1,,11.19592442818016,11.292496,"Registered Nursing, Nursing Administration, Nursing Research and Clinical Nursing.",Florida National University-Main Campus,72832.99999999994,80217.41,-7384.406250000058,79440.99999999994,11.282769886756641,82121.58,11.315956,-2680.578125000058,99,55924.00000000003,10.931748905107716,59945.676,11.001194,-4021.675781249971,88.0,50,high,-0.06708867201573668,-0.06625734796393583,-0.03264158076601817,-0.03228395283924989,-0.0920549117106371,-0.09084671294130965,44.0,39.0,46.0,-5.0,7.0,2.0,3.605551275463989,0.03466876226407682,0.09380379899047242,-0.06625734796393583
5138,2,412173,1,"Private, nonprofit",38.0,26.70653,-80.121497,21,2,,19834.0,0.8296703297,1,31.0,1,,11.400752911085663,11.215477,"Registered Nursing, Nursing Administration, Nursing Research and Clinical Nursing.",Academy for Nursing and Health Occupations,89389.00000000001,74271.086,15117.914062500015,84160.00000000007,11.340475027971538,79893.234,11.288446,4266.765625000073,40,73498.00000000001,11.205013473946352,68683.04,11.137258,4814.960937500015,53.0,50,high,0.07010407523054578,0.06853716558756232,0.05340584416663971,0.05173224374481489,0.20355046478278127,0.19703366878819806,16.0,14.0,2.0,-2.0,-12.0,-14.0,7.571877794400365,0.07280651725384966,0.09380379899047242,0.06853716558756232
5138,2,428170,1,"Private, for-profit",72.0,26.702216,-80.085966,21,1,0.8704,16491.0,0.8390022676,2,31.0,1,open,11.224136113044068,11.2549095,"Registered Nursing, Nursing Administration, Nursing Research and Clinical Nursing.",Southeastern College-West Palm Beach,74917.00000000003,77258.29,-2341.289062499971,82415.00000000004,11.319522738165457,80076.914,11.290743,2338.0859375000437,63,67607.99999999994,11.121481598224317,63270.58,11.055176,4337.421874999942,53.0,50,high,0.06855353631241917,0.06702128306244344,0.02919800250637991,0.028656377322603097,-0.030304697281167168,-0.029841778451765687,17.0,22.0,32.0,5.0,10.0,15.0,7.637626158259733,0.07343871306018974,0.09380379899047242,0.028656377322603097
5138,2,445744,1,"Private, for-profit",117.0,27.3016,-80.303751,12,1,,16203.0,0.868177137,1,29.0,1,,11.265770943694516,11.194243,"Registered Nursing, Nursing Administration, Nursing Research and Clinical Nursing.",Fortis Institute-Port Saint Lucie,78102.00000000006,72710.67,5391.328125000058,75311.00000000001,11.229381485456317,83575.81,11.333509,-8264.812499999985,103,66276.00000000001,11.101583119689188,63027.58,11.051328,3248.4218750000146,143.0,50,high,0.05153969058683412,0.05117741296050453,-0.09889000480850826,-0.09785549936582803,0.07414768679718046,0.07350528024571565,19.0,47.0,11.0,28.0,-36.0,-8.0,18.903262505010435,0.1817621394712542,0.09380379899047242,0.05117741296050453
5138,2,446127,0,"Private, for-profit",51.0,28.452699,-82.595376,22,1,,16605.0,0.8771186441,1,28.0,1,,11.228026183627813,11.175311,"Registered Nursing, Nursing Administration, Nursing Research and Clinical Nursing.",ATA Career Education,75209.0,71347.03,3861.96875,82629.00000000007,11.32211598747992,80046.91,11.290368,2582.0937500000728,91,64478.00000000005,11.074079359329735,63509.133,11.058939,968.8671875000509,138.0,50,high,0.015255556871804058,0.01514377464221859,0.03225725853708522,0.03186732326437096,0.05412935454129354,0.05289473271635051,31.0,19.0,14.0,-12.0,-5.0,-17.0,8.736894948054106,0.08400860526975101,0.09380379899047242,0.03186732326437096
5138,2,449506,1,"Private, nonprofit",296.0,25.771518,-80.261299,11,1,0.8037,16564.0,0.9024390244,2,32.0,1,open,10.87132654629086,11.354681,"Registered Nursing, Nursing Administration, Nursing Research and Clinical Nursing.",SABER College,52644.999999999985,85364.11,-32719.109375000015,36980.00000000001,10.518132504941116,86219.914,11.364656,-49239.91406249999,309,25870.999999999993,10.16087792924552,65250.008,11.085981,-39379.00781250001,161.0,50,high,-0.6035096260165679,-0.5998156321490097,-0.5710967657286975,-0.5694348677225345,-0.38328882729001135,-0.3821629607675829,50.0,50.0,50.0,0.0,0.0,0.0,0.0,0.0,0.09380379899047242,-0.5694348677225345
5138,2,449524,1,"Private, for-profit",90.0,29.189031,-82.102824,13,1,,26578.0,0.7625570776,1,31.0,1,,11.176725191363722,11.2419405,"Registered Nursing, Nursing Administration, Nursing Research and Clinical Nursing.",Taylor College,71448.00000000003,76262.8,-4814.796874999971,82593.0,11.321680210155233,78673.805,11.273066,3919.1953125,57,65498.99999999997,11.089790154331226,63794.434,11.063421,1704.566406249971,51.0,50,high,0.02671967302202004,0.026095276293654407,0.04981575923609421,0.048777893718983355,-0.06313428135728823,-0.06239102345531238,26.0,15.0,40.0,-11.0,25.0,14.0,12.529964086141668,0.12048042390520834,0.09380379899047242,0.026095276293654407
5138,2,451103,1,"Private, for-profit",203.0,25.810667,-80.267007,21,6,,15992.0,0.6964285714,1,34.0,1,,11.289094177219521,11.339514,"Registered Nursing, Nursing Administration, Nursing Research and Clinical Nursing.",Miami Regional University,79945.00000000004,84079.14,-4134.140624999956,88290.00000000003,11.388382129895628,74426.72,11.21757,13863.28125000003,360,58436.999999999956,10.975704529844705,53947.633,10.895769,4489.367187499956,167.0,50,high,0.08321713026970373,0.08272905215863642,0.18626753245117406,0.18581335778798383,-0.049169634635522375,-0.04894572530492153,12.0,3.0,38.0,-9.0,35.0,26.0,18.175074506954115,0.17476033179763573,0.09380379899047242,0.08272905215863642
5138,2,455479,1,"Private, for-profit",158.0,30.510415,-87.183112,13,2,,14377.0,0.9012699713,1,27.0,1,,11.166172562941396,11.038248,"Registered Nursing, Nursing Administration, Nursing Research and Clinical Nursing.",Fortis Institute-Pensacola,70698.00000000003,62208.574,8489.42578125003,80641.00000000001,11.297762484021957,66657.05,11.107316,13983.953125000015,147,64979.0,11.081819419754105,55621.113,10.926318,9357.88671875,124.0,50,high,0.16824342712148777,0.16684663259835938,0.20978956885419348,0.2083406922012903,0.13646713315431155,0.1356347437262272,6.0,1.0,4.0,-5.0,3.0,-2.0,2.5166114784235836,0.024198187292534458,0.09380379899047242,0.16684663259835938
5138,2,490975,1,"Private, for-profit",207.0,25.585653,-80.363995,21,1,,16751.0,0.8713751169,1,30.0,1,,11.226455990357765,11.098347,"Registered Nursing, Nursing Administration, Nursing Research and Clinical Nursing.",Fortis College-Cutler Bay,75091.00000000003,66061.84,9029.15625000003,85166.00000000001,11.3523575721385,76605.98,11.24643,8560.023437500015,232,66396.00000000004,11.10339209268611,41444.188,10.632103,24951.812500000044,229.0,50,high,0.6020581897039251,0.5996136197752224,0.11174093486708842,0.11128741811153532,0.13667732744743488,0.13606891077883115,1.0,4.0,3.0,3.0,-1.0,2.0,1.5275252316519468,0.01468774261203795,0.09380379899047242,0.13606891077883115
5138,2,496973,1,"Private, nonprofit",276.0,27.976414,-82.335773,21,-2,0.8966,18321.0,0.8203449578,2,31.0,1,open,11.240000633493354,11.2178545,"Registered Nursing, Nursing Administration, Nursing Research and Clinical Nursing.",Herzing University-Tampa,76114.99999999997,74447.875,1667.124999999971,86631.99999999994,11.369424541308215,82863.69,11.324952,3768.312499999942,322,73342.00000000003,11.20288871150165,66680.76,11.107672,6661.242187500029,309.0,50,high,0.09989751775513431,0.09961107753136555,0.0454760416014547,0.04534987564094661,0.02239318449317688,0.02232184433941724,10.0,16.0,21.0,6.0,5.0,11.0,5.507570547286102,0.05295740910852021,0.09380379899047242,0.04534987564094661
5138,2,496991,1,"Private, for-profit",1026.0,25.997073,-80.337924,21,-2,,32673.0,0.6627957932,1,30.0,1,,11.270599094239245,11.304966,"Registered Nursing, Nursing Administration, Nursing Research and Clinical Nursing.",Galen Health Institutes-Miami Campus,78480.0,81223.99,-2743.9921875,80987.99999999993,11.302056274531406,82256.945,11.317603,-1268.9453125000728,1897,68113.99999999997,11.128938051038293,66722.36,11.108295,1391.640624999971,1711.0,50,high,0.020857185477787532,0.02084876451319297,-0.015426603889547065,-0.015420978290069116,-0.033783025354942944,-0.03375926827351982,27.0,36.0,33.0,9.0,-3.0,6.0,4.58257569495584,0.04406322783611384,0.09380379899047242,-0.015420978290069116
5138,2,498076,1,"Private, for-profit",1026.0,27.342303,-82.449266,21,-2,,32673.0,0.6627957932,1,30.0,1,,11.270599094239245,11.305579,"Registered Nursing, Nursing Administration, Nursing Research and Clinical Nursing.",Galen Health Institutes-Sarasota,78480.0,81273.82,-2793.8203125,80987.99999999993,11.302056274531406,81949.62,11.31386,-961.6171875000728,1897,68113.99999999997,11.128938051038293,67903.9,11.125849,210.1015624999709,1711.0,50,high,0.0030941016250098253,0.0030928523998800046,-0.011734248682332476,-0.011729969569202064,-0.034375402826613624,-0.0343512291703077,32.0,35.0,34.0,3.0,-1.0,2.0,1.5275252316519465,0.014687742612037948,0.09380379899047242,-0.011729969569202064
5138,2,498085,1,"Private, for-profit",1026.0,29.630471,-82.417064,22,-2,,32673.0,0.6627957932,1,30.0,1,,11.270599094239245,11.259183,"Registered Nursing, Nursing Administration, Nursing Research and Clinical Nursing.",Galen Health Institutes-Gainesville,78480.0,77589.16,890.84375,80987.99999999993,11.302056274531406,78520.375,11.271113,2467.6249999999272,1897,68113.99999999997,11.128938051038293,67083.94,11.1137,1030.062499999971,1711.0,50,high,0.01535483065525143,0.015348631233692797,0.03142655648295015,0.03141509620167179,0.01148154965275834,0.011473475535443553,30.0,20.0,24.0,-10.0,4.0,-6.0,5.033222956847166,0.04839637458506891,0.09380379899047242,0.015348631233692797
5138,2,499495,1,"Private, for-profit",55.0,28.571233,-81.208356,21,-2,,16256.0,0.8884615385,2,27.0,1,,11.1524863023844,11.182788,"Registered Nursing, Nursing Administration, Nursing Research and Clinical Nursing.",Gwinnett Institute,69737.00000000003,71882.484,-2145.484374999971,85056.99999999996,11.351076898963925,85288.92,11.3538,-231.92187500004366,44,69241.00000000006,11.14534845170463,66361.086,11.102866,2879.914062500058,67.0,50,high,0.04339763314320098,0.04265871405693793,-0.0027192496973985655,-0.002642862245068609,-0.02984710939882524,-0.029223390938707124,21.0,29.0,31.0,8.0,2.0,10.0,5.291502622129181,0.05087983290508828,0.09380379899047242,-0.002642862245068609
5138,3,132471,1,"Private, nonprofit",127.0,25.878908,-80.198925,21,13,0.7724,28822.0,0.7126805778,2,26.0,1,open,11.428815329850847,11.407127,"Registered Nursing, Nursing Administration, Nursing Research and Clinical Nursing.",Barry University,91933.00000000003,89960.625,1972.375000000029,93607.99999999999,11.446871128898794,83828.78,11.336532,9779.218749999985,164,81867.99999999996,11.31286347309934,85213.555,11.352916,-3345.5546875000437,180.0,41,high,-0.03926082769072423,-0.039049830542681144,0.11665705506126496,0.11594793554646828,0.02192486990836301,0.02175227661817997,25.0,5.0,15.0,-20.0,10.0,-10.0,10.0,0.09615384615384616,0.07420917775019863,0.02175227661817997
5138,3,132851,1,Public,17.0,29.166079,-82.175692,13,12,,21993.0,0.8733662504,1,24.0,1,,11.627842174413471,11.441875,"Registered Nursing, Nursing Administration, Nursing Research and Clinical Nursing.",College of Central Florida,112177.99999999999,93141.52,19036.476562499985,93193.00000000007,11.442427890556852,87766.31,11.382433,5426.687500000073,48,78006.00000000007,11.264541025790225,78856.57,11.275386,-850.5703124999272,61.0,41,high,-0.01078629604520219,-0.010581476736439168,0.061831098349951444,0.06025975762524069,0.2043822761313742,0.18834201791262994,18.0,12.0,3.0,-6.0,-9.0,-15.0,7.54983443527075,0.07259456187760337,0.07420917775019863,0.06025975762524069
5138,3,132903,2,Public,182.0,28.602159,-81.200889,21,15,0.4011,31400.0,0.7045342864,2,23.0,1,mid,11.325052527737938,11.345233,"Registered Nursing, Nursing Administration, Nursing Research and Clinical Nursing.",University of Central Florida,82872.00000000001,84561.38,-1689.3828124999854,83737.00000000001,11.335436213758243,80828.125,11.30008,2908.8750000000146,398,73764.99999999997,11.208639643351667,72063.62,11.185305,1701.382812499971,841.0,41,high,0.023609456184709655,0.02358807687408308,0.035988401314517866,0.035910260794604985,-0.019978183377699663,-0.01987485891739394,11.0,14.0,28.0,3.0,14.0,17.0,9.073771725877467,0.08724780505651411,0.07420917775019863,0.02358807687408308
5138,3,133386,3,Public,71.0,29.20278,-81.049513,13,12,,21285.0,0.8535849057,1,25.0,1,,11.430934193411902,11.441911,"Registered Nursing, Nursing Administration, Nursing Research and Clinical Nursing.",Daytona State College,92127.99999999999,93144.82,-1016.8203125000146,91166.00000000003,11.420437299535067,90489.375,11.412988,676.6250000000291,116,77838.00000000001,11.262385022799068,79573.86,11.284441,-1735.8593749999854,140.0,41,high,-0.021814442439188095,-0.02165726390172068,0.007477397208236095,0.007409310177112912,-0.010916552408266954,-0.01074705534626521,20.0,21.0,26.0,1.0,5.0,6.0,3.2145502536643185,0.0309091370544646,0.07420917775019863,-0.01074705534626521
5138,3,133465,2,"Private, for-profit",1664.0,26.69215,-80.200219,21,6,,20000.0,0.7772579044,1,30.0,1,,11.416238337608577,11.42415,"Registered Nursing, Nursing Administration, Nursing Research and Clinical Nursing.",South University-West Palm Beach,90783.99999999996,91505.15,-721.1484375000437,91363.00000000007,11.422595861478557,93236.17,11.442891,-1873.1718749999272,1140,77634.99999999997,11.25977363541527,78421.3,11.269851,-786.2968750000291,1002.0,41,high,-0.010026573218412223,-0.010019139298951452,-0.020090613303077844,-0.020077560778668804,-0.007880960249931769,-0.00787776053571332,17.0,29.0,24.0,12.0,-5.0,7.0,6.027713773341707,0.0579587862821318,0.07420917775019863,-0.010019139298951452
5138,3,133508,3,Public,80.0,26.552403,-81.887102,21,12,,25854.0,0.8308977035,1,23.0,1,,11.418460927509608,11.427671,"Registered Nursing, Nursing Administration, Nursing Research and Clinical Nursing.",Florida SouthWestern State College,90986.00000000007,91827.9,-841.8984374999272,89818.00000000007,11.405540679638088,89571.2,11.402789,246.79687500007276,88,70922.99999999996,11.169350060477907,77660.516,11.260102,-6737.515625000044,76.0,41,high,-0.08675599911715168,-0.08548049258636402,0.002755314949333196,0.0027206795139473766,-0.009168220680482425,-0.00904437077830297,40.0,22.0,25.0,-18.0,3.0,-15.0,9.643650760992955,0.0927274111633938,0.07420917775019863,-0.00904437077830297
5138,3,133650,2,Public,74.0,30.428504,-84.290226,12,13,0.2056,28781.0,0.8220073183,2,20.0,1,elite,11.423799125751149,11.212826,"Registered Nursing, Nursing Administration, Nursing Research and Clinical Nursing.",Florida Agricultural and Mechanical University,91472.99999999996,74074.44,17398.562499999956,73658.00000000004,11.207188037852,70495.38,11.163302,3162.6171875000437,116,64772.00000000005,11.078628690193362,67301.1,11.116932,-2529.101562499949,146.0,41,high,-0.037578902927038534,-0.037321081751018045,0.04486275641500963,0.04445424904175733,0.23487944137274017,0.23140437413424983,23.0,13.0,1.0,-10.0,-12.0,-22.0,11.015141094572204,0.10591481821704042,0.07420917775019863,0.04445424904175733
5138,3,133669,2,Public,184.0,26.372421,-80.102978,13,15,0.6613,28064.0,0.7219053052,2,23.0,1,mid,11.399487973744076,11.42723,"Registered Nursing, Nursing Administration, Nursing Research and Clinical Nursing.",Florida Atlantic University,89276.00000000003,91787.36,-2511.359374999971,91952.99999999999,11.429032855927643,84419.73,11.343556,7533.273437499985,236,77882.99999999999,11.262962979545462,73457.41,11.204461,4425.593749999985,272.0,41,high,0.06024707345285535,0.06004678160469296,0.08923593743131517,0.08888088702470999,-0.027360623424623615,-0.02722090975952272,7.0,7.0,29.0,0.0,22.0,22.0,12.701705922171765,0.12213178771319005,0.07420917775019863,0.06004678160469296
5138,3,133702,1,Public,52.0,30.334918,-81.659901,11,15,,25081.0,0.8159581286,1,25.0,1,,11.48238377985753,11.431928,"Registered Nursing, Nursing Administration, Nursing Research and Clinical Nursing.",Florida State College at Jacksonville,96992.00000000004,92219.57,4772.429687500044,90705.0,11.415367761375423,89229.734,11.39897,1475.265625,95,77442.00000000003,11.257284548063243,76369.57,11.24334,1072.429687500029,128.0,41,high,0.014042630894893176,0.01393028940722788,0.016533340991468127,0.016343265631988835,0.05175072570093248,0.05059661205043603,13.0,17.0,11.0,4.0,-6.0,-2.0,3.055050463303893,0.029375485224075897,0.07420917775019863,0.016343265631988835
5138,3,133872,2,"Private, nonprofit",137.0,28.576142,-81.367687,11,9,,30567.0,0.6558533145,1,26.0,1,,11.32978357179237,11.526826,"Registered Nursing, Nursing Administration, Nursing Research and Clinical Nursing.",AdventHealth University,83264.99999999994,101399.75,-18134.75000000006,87330.00000000006,11.37744932540778,105550.33,11.566943,-18220.32812499994,240,71026.0,11.170801286172727,88301.77,11.388515,-17275.7734375,231.0,41,high,-0.19564469392823455,-0.1948583002030506,-0.17262218364136367,-0.17194864488435707,-0.1788441293001221,-0.17755557791975177,41.0,41.0,41.0,0.0,0.0,0.0,0.0,0.0,0.07420917775019863,-0.17755557791975177
5138,3,133951,2,Public,189.0,25.75732,-80.373928,21,15,0.5466,23924.0,0.8131269705,2,23.0,1,mid,11.448482939224952,11.427284,"Registered Nursing, Nursing Administration, Nursing Research and Clinical Nursing.",Florida International University,93759.00000000001,91792.36,1966.6406250000146,98635.00000000001,11.49918144717797,90685.05,11.415148,7949.953125000015,269,78671.0,11.273029878568291,70182.72,11.158857,8488.28125,264.0,41,high,0.12094546066584233,0.12052919604366966,0.08766553471553261,0.08736592760200364,0.021424883709173257,0.02131884683108487,4.0,8.0,16.0,4.0,8.0,12.0,6.110100926607786,0.05875097044815179,0.07420917775019863,0.08736592760200364
5138,3,134079,1,"Private, nonprofit",55.0,28.032443,-81.948203,12,14,0.6442,66112.0,0.4608177172,2,21.0,1,mid,11.29810964167221,11.382428,"Registered Nursing, Nursing Administration, Nursing Research and Clinical Nursing.",Florida Southern College,80668.99999999999,87765.89,-7096.890625000015,93335.00000000006,11.443950450466698,87175.03,11.375673,6159.968750000058,84,75018.99999999997,11.22549669376831,72706.99,11.194193,2312.007812499971,77.0,41,high,0.03179897480200616,0.03133852860460971,0.07066207676294992,0.06972430231776956,-0.08086160323175111,-0.079171829057091,9.0,9.0,37.0,0.0,28.0,28.0,16.165807537309522,0.15544045708951465,0.07420917775019863,0.03133852860460971
5138,3,134097,1,Public,92.0,30.443147,-84.295064,12,15,0.2422,43729.0,0.5975318884,2,20.0,1,elite,11.28667709870254,11.351909,"Registered Nursing, Nursing Administration, Nursing Research and Clinical Nursing.",Florida State University,79752.00000000004,85127.78,-5375.781249999956,78811.00000000004,11.274807860012277,84311.35,11.342272,-5500.351562499956,104,69997.00000000004,11.156207662970246,74773.55,11.222219,-4776.546874999956,135.0,41,high,-0.06388016985452058,-0.06339993286246437,-0.06523856468393281,-0.06456374721621558,-0.0631495520153705,-0.06242496135547407,34.0,37.0,33.0,3.0,-4.0,-1.0,2.0816659994661326,0.02001601922563589,0.07420917775019863,-0.06339993286246437
5138,3,134130,3,Public,133.0,29.64629,-82.347911,12,16,0.242,39127.0,0.6673828964,2,21.0,1,elite,11.257749304074707,11.337091,"Registered Nursing, Nursing Administration, Nursing Research and Clinical Nursing.",University of Florida,77478.00000000004,83875.72,-6397.718749999956,79839.00000000003,11.287767385856807,80644.03,11.2978,-805.0312499999709,266,73711.00000000001,11.207907320771541,75679.99,11.234269,-1968.9921874999854,373.0,41,high,-0.02601734131554525,-0.02595734759867715,-0.009982527380164554,-0.009947963871801607,-0.07627617200001588,-0.07570725279096639,22.0,26.0,35.0,4.0,9.0,13.0,6.6583281184793925,0.06402238575460954,0.07420917775019863,-0.02595734759867715
5138,3,134608,3,Public,54.0,27.42416,-80.358682,21,12,,21577.0,0.9122626988,1,23.0,1,,11.441246847236334,11.376315,"Registered Nursing, Nursing Administration, Nursing Research and Clinical Nursing.",Indian River State College,93082.99999999993,87231.0,5851.999999999927,99713.99999999991,11.510061367355577,86730.234,11.370558,12983.765624999913,92,81648.00000000004,11.310172603303753,76699.55,11.247651,4948.453125000044,109.0,41,high,0.06451737104868058,0.06389468081712081,0.14970287718653374,0.1479161543049548,0.06708624227625416,0.06565417129157662,6.0,4.0,9.0,-2.0,5.0,3.0,2.516611478423583,0.024198187292534454,0.07420917775019863,0.06565417129157662
5138,3,134945,2,"Private, nonprofit",376.0,30.353227,-81.60458,11,14,0.5694,46900.0,0.5307591623,2,26.0,1,mid,11.439881541900057,11.298926,"Registered Nursing, Nursing Administration, Nursing Research and Clinical Nursing.",Jacksonville University,92956.00000000007,80734.91,12221.093750000073,89190.99999999997,11.398535416616683,90539.44,11.413541,-1348.437500000029,347,78924.00000000006,11.276240643089352,71501.66,11.177476,7422.343750000058,399.0,41,high,0.10380659888560355,0.10358516306105943,-0.014893371742010537,-0.014855478861659544,0.1513731088280055,0.1510360685688178,5.0,27.0,5.0,22.0,-22.0,0.0,12.701705922171765,0.12213178771319005,0.07420917775019863,0.10358516306105943
5138,3,135081,2,"Private, nonprofit",77.0,26.185869,-80.163959,12,15,0.9697,21659.0,0.7867955286,2,28.0,1,open,11.503672790698104,11.317019,"Registered Nursing, Nursing Administration, Nursing Research and Clinical Nursing.",Keiser University-Ft Lauderdale,99079.00000000007,82208.95,16870.046875000073,89772.99999999994,11.405039540929112,93971.38,11.450746,-4198.382812500058,187,77344.99999999996,11.256031212670765,75579.664,11.232943,1765.3359374999563,361.0,41,high,0.02335728743171081,0.02330135176751447,-0.04467724840100568,-0.04444419271015594,0.20520936265115677,0.2023108143099566,12.0,33.0,2.0,21.0,-31.0,-10.0,15.821925715074425,0.15213390110648486,0.07420917775019863,0.02330135176751447
5138,3,135391,3,Public,35.0,27.43804,-82.590887,21,12,,23855.0,0.8640541848,1,24.0,1,,11.426800967314106,11.433862,"Registered Nursing, Nursing Administration, Nursing Research and Clinical Nursing.",State College of Florida-Manatee-Sarasota,91748.0,92398.1,-650.1015625,84645.99999999997,11.346233133048466,90354.336,11.411494,-5708.335937500029,39,76214.0,11.241300451833114,79268.4,11.280595,-3054.3984375,51.0,41,high,-0.03853235965033749,-0.03763191901687424,-0.06317722197027274,-0.06113921585341109,-0.0070358757540084065,-0.006788407708678875,24.0,36.0,23.0,12.0,-13.0,-1.0,7.234178138070235,0.06955940517375227,0.07420917775019863,-0.03763191901687424
5138,3,135726,1,"Private, nonprofit",135.0,25.72126,-80.278662,21,16,0.189,54690.0,0.4559891107,2,20.0,1,elite,11.360682963412271,11.442291,"Registered Nursing, Nursing Administration, Nursing Research and Clinical Nursing.",University of Miami,85877.99999999999,93180.26,-7302.257812500015,92554.99999999993,11.435558341393785,84623.82,11.345971,7931.179687499927,229,75036.0,11.225723277355298,81248.4,11.305266,-6212.3984375,315.0,41,high,-0.07646179564116408,-0.07624738579636493,0.09372277992427615,0.09333659211819383,-0.07836700588652404,-0.07779259625005659,37.0,6.0,36.0,-31.0,30.0,-1.0,17.61628034896508,0.16938731104774116,0.07420917775019863,-0.07624738579636493
5138,3,136172,2,Public,134.0,30.27194,-81.509144,11,15,0.5324,37074.0,0.6143506622,2,22.0,1,mid,11.237527631351666,11.3595295,"Registered Nursing, Nursing Administration, Nursing Research and Clinical Nursing.",University of North Florida,75926.99999999996,85779.0,-9852.000000000044,79454.00000000004,11.28293351682718,86646.484,11.369592,-7192.484374999956,224,76508.00000000003,11.245150589510425,77991.31,11.264353,-1483.312499999971,306.0,41,high,-0.019018945219058482,-0.018963791236861094,-0.08300953497283722,-0.08265859644675731,-0.11485328576924472,-0.1140040968402826,19.0,38.0,39.0,19.0,1.0,20.0,11.269427669584644,0.10835988143831389,0.07420917775019863,-0.08265859644675731
5138,3,136215,3,"Private, nonprofit",394.0,26.082288,-80.249891,21,16,0.7321,31002.0,0.6566484517,2,24.0,1,open,11.381916602375647,11.230693,"Registered Nursing, Nursing Administration, Nursing Research and Clinical Nursing.",Nova Southeastern University,87720.99999999999,75409.83,12311.171874999985,88003.99999999999,11.385137546972771,87905.02,11.384012,98.97656249998545,469,77223.99999999997,11.25446556852845,75104.445,11.226635,2119.554687499971,607.0,41,high,0.028221427888599333,0.028184297779447944,0.0011259488778858839,0.0011239259522095107,0.1632568616201177,0.16291248867302632,10.0,23.0,4.0,13.0,-19.0,-6.0,9.71253485622231,0.09338975823290684,0.07420917775019863,0.028184297779447944
5138,3,136233,3,Public,22.0,30.540017,-86.47456,22,9,,23721.0,0.9132875858,1,25.0,1,,11.376464069791743,11.337897,"Registered Nursing, Nursing Administration, Nursing Research and Clinical Nursing.",Northwest Florida State College,87243.99999999994,83943.34,3300.656249999942,84993.00000000007,11.350324179140088,83955.11,11.3380375,1037.8906250000728,48,68744.99999999997,11.138159285611334,74847.89,11.223213,-6102.890625000029,49.0,41,high,-0.08153724272039269,-0.07954168387499863,0.012362447416561093,0.012048275137543944,0.039320047338475744,0.03698940047237658,39.0,18.0,13.0,-21.0,-5.0,-26.0,13.796134724383252,0.1326551415806082,0.07420917775019863,0.012048275137543944
5138,3,136330,2,"Private, nonprofit",61.0,26.7044,-80.05247,12,11,0.8199,52817.0,0.5402097902,2,22.0,1,open,11.178012012813008,11.238481,"Registered Nursing, Nursing Administration, Nursing Research and Clinical Nursing.",Palm Beach Atlantic University,71539.99999999997,75999.39,-4459.390625000029,76008.00000000007,11.238593876886586,84028.72,11.338914,-8020.718749999927,53,70586.00000000001,11.164587103533947,75662.1,11.234033,-5076.101562499985,85.0,41,high,-0.06708909027998539,-0.06622342211926281,-0.09545211291228842,-0.09328867096255758,-0.058676662909098544,-0.05758945357192609,35.0,39.0,32.0,4.0,-7.0,-3.0,3.511884584284246,0.03376812100273314,0.07420917775019863,-0.06622342211926281
5138,3,136516,1,Public,34.0,28.032411,-81.711873,13,12,,23968.0,0.8981884889,1,24.0,1,,11.455952916209236,11.450111,"Registered Nursing, Nursing Administration, Nursing Research and Clinical Nursing.",Polk State College,94461.99999999994,93911.8,550.2031249999418,94269.00000000006,11.453907676505356,88101.49,11.386245,6167.507812500058,112,81003.99999999999,11.302253815151339,78412.695,11.269741,2591.3046874999854,111.0,41,high,0.033047004406273714,0.03273475295032886,0.07000457834895918,0.0693404781981065,0.005858722155346278,0.005645732571843325,8.0,10.0,18.0,2.0,8.0,10.0,5.291502622129181,0.05087983290508828,0.07420917775019863,0.03273475295032886
5138,3,137078,3,Public,156.0,27.773264,-82.636587,11,15,,22640.0,0.8076387681,1,26.0,1,,11.384023340729367,11.38471,"Registered Nursing, Nursing Administration, Nursing Research and Clinical Nursing.",St Petersburg College,87905.99999999994,87966.414,-60.41406250005821,91608.00000000007,11.425273883093176,93754.125,11.448431,-2146.1249999999272,308,80787.00000000007,11.299571340475719,80926.55,11.301297,-139.54687499992724,284.0,41,high,-0.001724364629266498,-0.0017189121089284775,-0.022890992796316185,-0.02282412904838252,-0.0006867855549634444,-0.0006825337049850171,14.0,30.0,20.0,16.0,-10.0,6.0,8.082903768654761,0.07772022854475732,0.07420917775019863,-0.0017189121089284775
5138,3,137351,1,Public,423.0,28.061458,-82.413232,11,15,0.4319,32495.0,0.6858996244,2,22.0,1,mid,11.351147437407406,11.357619,"Registered Nursing, Nursing Administration, Nursing Research and Clinical Nursing.",University of South Florida,85062.99999999996,85615.305,-552.3046875000437,84694.00000000004,11.346800039878342,85236.875,11.353189,-542.8749999999563,571,72878.99999999997,11.196555810654193,77124.53,11.253177,-4245.531250000029,588.0,41,high,-0.05504774137606223,-0.0549726221494471,-0.0063690157575574695,-0.006359891981973168,-0.006451004169359467,-0.0064384681561379725,32.0,24.0,22.0,-8.0,-2.0,-10.0,5.291502622129181,0.05087983290508828,0.07420917775019863,-0.0064384681561379725
5138,3,137847,1,"Private, nonprofit",27.0,27.948455,-82.46483,11,13,0.4034,75458.0,0.429463171,2,20.0,1,mid,11.451922021409896,11.329183,"Registered Nursing, Nursing Administration, Nursing Research and Clinical Nursing.",The University of Tampa,94081.99999999994,83214.98,10867.023437499942,89222.99999999993,11.39889413286477,84035.45,11.338994,5187.546874999927,54,71478.00000000003,11.177144989027417,76046.37,11.239099,-4568.367187499971,65.0,41,high,-0.06007344409018514,-0.059013890610078897,0.06173045639777321,0.06036125608151733,0.13058975543108015,0.12442751937594804,33.0,11.0,7.0,-22.0,-4.0,-26.0,14.0,0.1346153846153846,0.07420917775019863,0.06036125608151733
5138,3,138309,1,"Private, for-profit",107.0,29.175319,-82.15319,13,12,,25123.0,0.7318019398,1,30.0,1,,11.461158374148345,11.440541,"Registered Nursing, Nursing Administration, Nursing Research and Clinical Nursing.",Rasmussen University-Florida,94955.0,93017.336,1937.6640625,87330.00000000006,11.37744932540778,90516.91,11.413292,-3186.906249999942,689,74861.0,11.223388339637967,76745.56,11.248251,-1884.5625,917.0,41,high,-0.02455598002816124,-0.024535836079721134,-0.03520785654337299,-0.035167202486610386,0.02083121434268931,0.020630869183965752,21.0,32.0,17.0,11.0,-15.0,-4.0,7.767453465154029,0.07468705254955797,0.07420917775019863,-0.024535836079721134
5138,3,138354,2,Public,161.0,30.549076,-87.218511,41,12,0.5824,34583.0,0.6786062378,2,24.0,1,mid,11.282618819846302,11.238121,"Registered Nursing, Nursing Administration, Nursing Research and Clinical Nursing.",University of West Florida,79428.99999999996,75972.07,3456.9296874999563,89345.99999999993,11.40027175181826,77327.51,11.255805,12018.492187499927,493,73787.00000000003,11.208937843310503,65046.156,11.082852,8740.84375000003,505.0,41,high,0.13437909715072563,0.13416064708052677,0.15542324494204296,0.15515960754144983,0.045502638973512,0.045231119909807306,2.0,2.0,12.0,0.0,10.0,10.0,5.773502691896258,0.055514448960540946,0.07420917775019863,0.13416064708052677
5138,3,386472,1,"Private, nonprofit",193.0,28.615784,-81.312669,21,6,0.942,18321.0,0.8203449578,2,31.0,1,open,11.30866500065752,11.417777,"Registered Nursing, Nursing Administration, Nursing Research and Clinical Nursing.",Herzing University-Orlando,81524.99999999999,90923.8,-9398.796875000015,91010.00000000006,11.418724669571402,96087.06,11.47301,-5077.062499999942,440,75774.00000000004,11.235510504874226,82286.68,11.317965,-6512.679687499956,543.0,41,high,-0.07914622041177442,-0.0790278643082323,-0.05283814873620413,-0.05273596782165905,-0.10337004390524156,-0.10287077793509611,38.0,35.0,38.0,-3.0,3.0,0.0,1.7320508075688772,0.01665433468816228,0.07420917775019863,-0.0790278643082323
5138,3,406024,1,"Private, for-profit",39.0,27.865391,-82.648151,11,2,,32673.0,0.6627957932,1,30.0,1,,11.397525836740476,11.397036,"Registered Nursing, Nursing Administration, Nursing Research and Clinical Nursing.",Galen College of Nursing-Tampa Bay,89100.99999999999,89057.336,43.66406249998545,91861.99999999993,11.42804272990491,90835.055,11.4168005,1026.9453124999272,463,76233.99999999994,11.241562836385416,79590.945,11.284656,-3356.945312500058,607.0,41,high,-0.042177477592703495,-0.04212198591620402,0.011305605705120441,0.011284989907469232,0.0004902915862049665,0.00047505512484670285,26.0,19.0,19.0,-7.0,0.0,-7.0,4.041451884327381,0.03886011427237866,0.07420917775019863,0.00047505512484670285
5138,3,408844,2,"Private, for-profit",81.0,25.86178,-80.321846,21,9,,13365.0,0.8321821438,1,29.0,1,,11.426103161014257,11.319243,"Registered Nursing, Nursing Administration, Nursing Research and Clinical Nursing.",Florida National University-Main Campus,91684.00000000004,82391.99,9292.007812500044,86825.99999999994,11.371661394966047,87507.89,11.379484,-681.8906250000582,188,70042.00000000003,11.156850341103464,73833.164,11.209563,-3791.164062499971,184.0,41,high,-0.05134771224609498,-0.0510787366949875,-0.0077923330128271875,-0.007751936632690703,0.11277804512062484,0.11127650389164553,30.0,25.0,8.0,-5.0,-17.0,-22.0,11.532562594670797,0.11089002494875766,0.07420917775019863,-0.007751936632690703
5138,3,433660,1,Public,61.0,26.463638,-81.7726,21,16,0.6344,43546.0,0.5981697171,2,21.0,1,mid,11.287917677046268,11.265651,"Registered Nursing, Nursing Administration, Nursing Research and Clinical Nursing.",Florida Gulf Coast University,79851.0,78092.61,1758.390625,86452.00000000007,11.36734462560381,89321.86,11.400002,-2869.8593749999272,85,70964.0,11.16992798518054,74142.71,11.213747,-3178.7109375,89.0,41,high,-0.04287287175376625,-0.042348576065237,-0.032129418208273024,-0.031708864484209294,0.02251673543851281,0.022099526896007284,27.0,31.0,14.0,4.0,-17.0,-13.0,8.888194417315589,0.08546340785880374,0.07420917775019863,-0.031708864484209294
5138,3,449898,2,"Private, for-profit",1664.0,27.982269,-82.500357,11,6,,20000.0,0.7772579044,1,30.0,1,,11.416238337608577,11.492144,"Registered Nursing, Nursing Administration, Nursing Research and Clinical Nursing.",South University-Tampa,90783.99999999996,97943.26,-7159.257812500044,91363.00000000007,11.422595861478557,89047.39,11.396924,2315.6093750000728,1140,77634.99999999997,11.25977363541527,81216.87,11.304878,-3581.867187500029,1002.0,41,high,-0.04410250372291275,-0.04406980516742897,0.026004236157257672,0.025987341654234757,-0.07309597385667463,-0.07306629647987749,28.0,16.0,34.0,-12.0,18.0,6.0,9.16515138991168,0.08812645567222768,0.07420917775019863,-0.04406980516742897
5138,3,457129,1,"Private, for-profit",5494.0,30.243517,-81.586421,11,6,0.9091,46046.0,0.4500821918,2,33.0,1,open,11.437857031721382,11.38012,"Registered Nursing, Nursing Administration, Nursing Research and Clinical Nursing.",Chamberlain University-Florida,92768.00000000001,87563.57,5204.429687500015,96132.00000000003,11.473477526003117,81913.445,11.313418,14218.55468750003,9437,83188.00000000001,11.328858385637812,64529.562,11.074879,18658.437500000015,10218.0,41,high,0.2891455757196558,0.28912977756307096,0.17358023012285964,0.17356971658322323,0.059436015102242404,0.05942970853236954,1.0,1.0,10.0,0.0,9.0,9.0,5.196152422706632,0.049963004064486845,0.07420917775019863,0.17356971658322323
5138,3,484473,3,Public,133.0,29.649413,-82.339848,12,9,0.6126,39127.0,0.6673828964,2,21.0,2,mid,11.257749304074707,11.428061,"Registered Nursing, Nursing Administration, Nursing Research and Clinical Nursing.",University of Florida-Online,77478.00000000004,91863.63,-14385.632812499956,79839.00000000003,11.287767385856807,95012.914,11.461768,-15173.91406249997,266,73711.00000000001,11.207907320771541,77427.5,11.257097,-3716.4999999999854,373.0,41,high,-0.04799974169384244,-0.04788905848151891,-0.15970370146229268,-0.15915074327736914,-0.15659769129598894,-0.15542967994545773,29.0,40.0,40.0,11.0,0.0,11.0,6.3508529610858835,0.061065893856595034,0.07420917775019863,-0.15542967994545773
5138,3,485272,1,"Private, for-profit",1779.0,25.81071,-80.347651,13,6,,29657.0,0.5829834254,1,27.0,1,,11.611657057787395,11.488321,"Registered Nursing, Nursing Administration, Nursing Research and Clinical Nursing.",West Coast University-Miami,110377.00000000003,97569.6,12807.39843750003,111454.9999999999,11.621376200975032,96747.45,11.479859,14707.546874999898,2655,95858.99999999994,11.470633640779385,84615.516,11.345873,11243.484374999942,3430.0,41,high,0.13287733688025896,0.1328528296241928,0.15201999019030918,0.1519820435473097,0.13126422812433045,0.13121481584966307,3.0,3.0,6.0,0.0,3.0,3.0,1.7320508075688772,0.01665433468816228,0.07420917775019863,0.1328528296241928
5138,3,496973,1,"Private, nonprofit",193.0,27.976414,-82.335773,21,-2,0.8966,18321.0,0.8203449578,2,31.0,1,open,11.30866500065752,11.348619,"Registered Nursing, Nursing Administration, Nursing Research and Clinical Nursing.",Herzing University-Tampa,81524.99999999999,84848.234,-3323.2343750000146,91010.00000000006,11.418724669571402,92595.164,11.435992,-1585.1640624999418,440,75774.00000000004,11.235510504874226,79944.68,11.28909,-4170.679687499956,543.0,41,high,-0.052169571556268,-0.05209155662162252,-0.01711929644003855,-0.017086190333779137,-0.039166806468976856,-0.03897763509117268,31.0,28.0,31.0,-3.0,3.0,0.0,1.7320508075688772,0.01665433468816228,0.07420917775019863,-0.03897763509117268
5138,3,496991,1,"Private, for-profit",39.0,25.997073,-80.337924,21,-2,,32673.0,0.6627957932,1,30.0,1,,11.397525836740476,11.403134,"Registered Nursing, Nursing Administration, Nursing Research and Clinical Nursing.",Galen Health Institutes-Miami Campus,89100.99999999999,89602.13,-501.13281250001455,91861.99999999993,11.42804272990491,96376.055,11.476013,-4514.054687500073,463,76233.99999999994,11.241562836385416,82428.766,11.31969,-6194.765625000058,607.0,41,high,-0.07515295877633808,-0.07505408222149365,-0.04683792776262657,-0.046752518695094794,-0.0055928670085195085,-0.005419061247917304,36.0,34.0,21.0,-2.0,-13.0,-15.0,8.144527815247077,0.07831276745429881,0.07420917775019863,-0.046752518695094794
5138,3,498076,1,"Private, for-profit",39.0,27.342303,-82.449266,21,-2,,32673.0,0.6627957932,1,30.0,1,,11.397525836740476,11.429424,"Registered Nursing, Nursing Administration, Nursing Research and Clinical Nursing.",Galen Health Institutes-Sarasota,89100.99999999999,91989.0,-2888.0000000000146,91861.99999999993,11.42804272990491,89513.22,11.402142,2348.7812499999272,463,76233.99999999994,11.241562836385416,76673.22,11.247308,-439.2187500000582,607.0,41,high,-0.005728450652791438,-0.005720913897427886,0.026239490466316486,0.026191642695924194,-0.031395058104773554,-0.03041941503213504,15.0,15.0,30.0,0.0,15.0,15.0,8.660254037844387,0.08327167344081142,0.07420917775019863,-0.005720913897427886
5138,3,498085,1,"Private, for-profit",39.0,29.630471,-82.417064,22,-2,,32673.0,0.6627957932,1,30.0,1,,11.397525836740476,11.410609,"Registered Nursing, Nursing Administration, Nursing Research and Clinical Nursing.",Galen Health Institutes-Gainesville,89100.99999999999,90274.41,-1173.4062500000146,91861.99999999993,11.42804272990491,91055.61,11.419226,806.3906249999272,463,76233.99999999994,11.241562836385416,76843.63,11.249528,-609.6328125000582,607.0,41,high,-0.007933419987932825,-0.007922982218757623,0.008856023594097519,0.008839874614982887,-0.01299821620261296,-0.012594279393436969,16.0,20.0,27.0,4.0,7.0,11.0,5.5677643628300215,0.05353619579644252,0.07420917775019863,-0.007922982218757623
5138,5,132471,1,"Private, nonprofit",247.0,25.878908,-80.198925,21,13,0.7724,28822.0,0.7126805778,2,26.0,1,open,11.839938821385191,11.680153,"Registered Nursing, Nursing Administration, Nursing Research and Clinical Nursing.",Barry University,138682.00000000012,118202.31,20479.687500000116,145767.00000000003,11.88976473548995,122434.805,11.715334,23332.19531250003,212,149750.00000000006,11.916722515977696,114995.9,11.652652,34754.10156250006,246.0,14,medium,0.3022203577233568,0.30109126065580594,0.1905683222352715,0.18970936228666346,0.17325961791145258,0.17263166926095358,2.0,2.0,3.0,0.0,1.0,1.0,0.5773502691896258,0.005551444896054095,0.024923772841012163,0.18970936228666346
5138,5,132903,3,Public,20.0,28.602159,-81.200889,21,15,0.4011,31400.0,0.7045342864,2,23.0,1,mid,11.662904598842928,11.854753,"Registered Nursing, Nursing Administration, Nursing Research and Clinical Nursing.",University of Central Florida,116180.99999999996,140751.69,-24570.687500000044,115125.99999999999,11.653782459730524,135584.89,11.817353,-20458.890625000015,63,103062.99999999991,11.543095730715292,100496.625,11.5178795,2566.3749999999127,94.0,14,medium,0.025536927235117725,0.025243937693711156,-0.15089358800004574,-0.14809450038049335,-0.17456762285709748,-0.1630784486228028,5.0,14.0,13.0,9.0,-1.0,8.0,4.932882862316248,0.04743156598381008,0.024923772841012163,-0.14809450038049335
5138,5,133465,3,"Private, for-profit",1252.0,26.69215,-80.200219,21,6,,20000.0,0.7772579044,1,30.0,1,,11.681232610378604,11.733946,"Registered Nursing, Nursing Administration, Nursing Research and Clinical Nursing.",South University-West Palm Beach,118329.99999999996,124734.89,-6404.890625000044,119307.00000000001,11.689455281972373,120122.586,11.696268,-815.5859374999854,2573,102397.0,11.536612694283383,104294.77,11.554976,-1897.7734375,2334.0,14,medium,-0.018196246800778235,-0.01819107317365761,-0.006789613552977758,-0.006787857852013721,-0.051348027748351135,-0.05131923991320624,6.0,9.0,8.0,3.0,-1.0,2.0,1.5275252316519465,0.014687742612037948,0.024923772841012163,-0.01819107317365761
5138,5,133669,2,Public,149.0,26.372421,-80.102978,13,15,0.6613,28064.0,0.7219053052,2,23.0,1,mid,11.598938009959884,11.725832,"Registered Nursing, Nursing Administration, Nursing Research and Clinical Nursing.",Florida Atlantic University,108981.99999999993,123726.89,-14744.890625000073,109032.99999999997,11.59940586768463,111432.664,11.621176,-2399.664062500029,183,95703.00000000007,11.469004924912092,108215.7,11.591882,-12512.703124999927,161.0,14,medium,-0.11562742525959009,-0.11491968675564991,-0.021534655773410506,-0.021419455881765487,-0.11917288594675757,-0.11839446709377624,10.0,11.0,12.0,1.0,1.0,2.0,1.0,0.009615384615384616,0.024923772841012163,-0.11491968675564991
5138,5,133872,3,"Private, nonprofit",35.0,28.576142,-81.367687,11,9,,30567.0,0.6558533145,1,26.0,1,,12.206497555243255,11.56845,"Registered Nursing, Nursing Administration, Nursing Research and Clinical Nursing.",AdventHealth University,200085.00000000012,105709.484,94375.51562500012,214531.0000000001,12.276209529052412,112288.01,11.628822,102242.99218750009,44,212539.9999999999,12.266885484926686,105775.445,11.569074,106764.55468749991,21.0,14,medium,1.0093510301193034,0.9449790172187748,0.910542400558275,0.8849640160930344,0.8927819124555267,0.8613807049150068,1.0,1.0,1.0,0.0,0.0,0.0,0.0,0.0,0.024923772841012163,0.8849640160930344
5138,5,133951,1,Public,60.0,25.75732,-80.373928,21,15,0.5466,23924.0,0.8131269705,2,23.0,1,mid,12.069869114493098,11.749601,"Registered Nursing, Nursing Administration, Nursing Research and Clinical Nursing.",Florida International University,174533.00000000015,126703.04,47829.960937500146,125542.99999999997,11.74040360835197,113363.016,11.6383505,12179.98437499997,196,114378.99999999994,11.647272774643888,100319.195,11.516112,14059.804687499942,175.0,14,medium,0.1401506924343128,0.1393723424372385,0.10744231094990307,0.10691170687757262,0.3774965564472894,0.370366256727313,4.0,3.0,2.0,-1.0,-1.0,-2.0,1.0,0.009615384615384616,0.024923772841012163,0.1393723424372385
5138,5,134079,1,"Private, nonprofit",37.0,28.032443,-81.948203,12,14,0.6442,66112.0,0.4608177172,2,21.0,1,mid,11.75613827469805,11.655458,"Registered Nursing, Nursing Administration, Nursing Research and Clinical Nursing.",Florida Southern College,127534.00000000006,115319.12,12214.882812500058,115729.99999999993,11.659015170842123,116835.79,11.668525,-1105.7890625000728,106,99583.00000000001,11.508746746273811,107188.68,11.582346,-7605.679687499985,83.0,14,medium,-0.07095599749594579,-0.07001464336184746,-0.009464472071212215,-0.00936872603653887,0.1059224446944005,0.10242612445349951,7.0,10.0,4.0,3.0,-6.0,-3.0,3.0,0.028846153846153848,0.024923772841012163,-0.00936872603653887
5138,5,134945,2,"Private, nonprofit",46.0,30.353227,-81.60458,11,14,0.5694,46900.0,0.5307591623,2,26.0,1,mid,11.612426849393021,11.633058,"Registered Nursing, Nursing Administration, Nursing Research and Clinical Nursing.",Jacksonville University,110461.99999999996,112764.586,-2302.5859375000437,114294.99999999994,11.646538104294148,113708.52,11.641394,586.4765624999418,180,98284.99999999999,11.495626700391899,129839.9,11.774057,-31554.898437500015,236.0,14,medium,-0.2430292908207206,-0.2420764585342869,0.005157718566474036,0.005129590701374449,-0.020419406663509203,-0.019894646055005162,14.0,6.0,6.0,-8.0,0.0,-8.0,4.618802153517006,0.04441155916843275,0.024923772841012163,-0.019894646055005162
5138,5,135081,1,"Private, nonprofit",39.0,26.185869,-80.163959,12,15,0.9697,21659.0,0.7867955286,2,28.0,1,open,11.520347850785866,11.7523155,"Registered Nursing, Nursing Administration, Nursing Research and Clinical Nursing.",Keiser University-Ft Lauderdale,100744.99999999993,127047.4,-26302.398437500073,124555.00000000003,11.73250266440483,119586.4,11.691794,4968.601562500029,174,123824.9999999999,11.726624557456438,107991.57,11.589808,15833.429687499898,176.0,14,medium,0.14661727430837426,0.14580840242775117,0.04154821641440094,0.041312499155268106,-0.20702823324980824,-0.20059455630177753,3.0,4.0,14.0,1.0,10.0,11.0,6.082762530298219,0.05848810125286749,0.024923772841012163,0.041312499155268106
5138,5,135726,1,"Private, nonprofit",84.0,25.72126,-80.278662,21,16,0.189,54690.0,0.4559891107,2,20.0,1,elite,11.698815646641208,11.799702,"Registered Nursing, Nursing Administration, Nursing Research and Clinical Nursing.",University of Miami,120428.99999999996,133212.6,-12783.593750000044,120981.99999999994,11.703397053182384,121699.55,11.709311,-717.5468750000582,236,107331.99999999996,11.583682113421029,119166.08,11.688273,-11834.078125000044,237.0,14,medium,-0.09930743976139429,-0.09891999962231887,-0.00589605214994814,-0.0058725930394881234,-0.09596385289209973,-0.094739295249044,9.0,8.0,11.0,-1.0,3.0,2.0,1.5275252316519468,0.01468774261203795,0.024923772841012163,-0.094739295249044
5138,5,136215,2,"Private, nonprofit",120.0,26.082288,-80.249891,21,16,0.7321,31002.0,0.6566484517,2,24.0,1,open,11.646135555982916,11.628527,"Registered Nursing, Nursing Administration, Nursing Research and Clinical Nursing.",Nova Southeastern University,114248.99999999999,112254.81,1994.1874999999854,113591.99999999996,11.640368360254193,121617.64,11.708637,-8025.640625000044,255,102338.00000000006,11.536036339467321,128748.9,11.765619,-26410.89843749994,298.0,14,medium,-0.20513494684632874,-0.2045215116941989,-0.06599076074618632,-0.06575078986788258,0.017764828568040104,0.01761540378227181,12.0,12.0,5.0,0.0,-7.0,-7.0,4.041451884327381,0.03886011427237866,0.024923772841012163,-0.06575078986788258
5138,5,137351,1,Public,366.0,28.061458,-82.413232,11,15,0.4319,32495.0,0.6858996244,2,22.0,1,mid,11.69417978580376,11.768082,"Registered Nursing, Nursing Administration, Nursing Research and Clinical Nursing.",University of South Florida,119871.99999999994,129066.32,-9194.320312500058,116241.99999999999,11.663429503877289,115936.96,11.660802,305.03906249998545,361,108040.00000000006,11.590256807906552,128859.58,11.766479,-20819.57812499994,372.0,14,medium,-0.16156795193605203,-0.1611942321368339,0.002631076923470745,0.002624682138388721,-0.07123717705934779,-0.07107354102148784,11.0,7.0,9.0,-4.0,2.0,-2.0,2.0,0.019230769230769232,0.024923772841012163,-0.07107354102148784
5138,5,137847,1,"Private, nonprofit",20.0,27.948455,-82.46483,11,13,0.4034,75458.0,0.429463171,2,20.0,1,mid,11.689999946577194,11.730751,"Registered Nursing, Nursing Administration, Nursing Research and Clinical Nursing.",The University of Tampa,119372.0000000001,124337.016,-4965.015624999898,114519.99999999991,11.64850475921205,126834.695,11.75064,-12314.695312500087,74,96209.00000000004,11.474278187371349,124441.89,11.731594,-28232.890624999956,96.0,14,medium,-0.22687609841993234,-0.22433631476403995,-0.09709248153400524,-0.09559884481344545,-0.03993191890638881,-0.03730379825998009,13.0,13.0,7.0,0.0,-6.0,-6.0,3.4641016151377544,0.03330866937632456,0.024923772841012163,-0.09559884481344545
5138,5,449898,3,"Private, for-profit",1252.0,27.982269,-82.500357,11,6,,20000.0,0.7772579044,1,30.0,1,,11.681232610378604,11.770575,"Registered Nursing, Nursing Administration, Nursing Research and Clinical Nursing.",South University-Tampa,118329.99999999996,129388.48,-11058.476562500044,119307.00000000001,11.689455281972373,117882.93,11.677447,1424.0703125000146,2573,102397.0,11.536612694283383,113064.05,11.63571,-10667.046875,2334.0,14,medium,-0.09434517134163034,-0.0943183467583799,0.012080377678728655,0.01207725385870989,-0.08546724450502623,-0.08541932802112236,8.0,5.0,10.0,-3.0,5.0,2.0,2.516611478423583,0.024198187292534454,0.024923772841012163,-0.08541932802112236
5139,1,132976,1,Public,47.0,27.005558,-82.147238,22,-2,,18431.0,,1,26.0,1,,10.7937217420905,10.705984,"Practical Nursing, Vocational Nursing and Nursing Assistants.",Charlotte Technical College,48713.99999999996,44622.086,4091.9140624999636,56414.00000000002,10.940472633633293,50790.88,10.835472,5623.121093750022,40,40680.000000000015,10.613491850162497,41769.76,10.639928,-1089.7617187499854,50.0,35,high,-0.02608972792537629,-0.025465933920654556,0.11071123821521578,0.10724183560827273,0.09170154143469021,0.0894027023717608,26.0,10.0,14.0,-16.0,4.0,-12.0,8.32666399786453,0.24490188229013324,0.22613196423438403,0.0894027023717608
5139,1,133155,1,Public,20.0,26.141141,-81.763568,21,-2,,20976.0,,1,25.0,1,,10.640149099927033,10.793323,"Practical Nursing, Vocational Nursing and Nursing Assistants.",Lorenzo Walker Technical College,41779.000000000015,48694.56,-6915.558593749985,39809.99999999997,10.591873415994362,50022.566,10.82023,-10212.56640625003,16,42721.0,10.662445881599808,43013.72,10.669274,-292.71875,19.0,35,high,-0.006805241641656477,-0.00632124924993093,-0.20415918534267835,-0.18649219409647658,-0.1420191247947282,-0.13267213110446993,23.0,33.0,31.0,10.0,-2.0,8.0,5.291502622129181,0.15563243006262298,0.22613196423438403,-0.13267213110446993
5139,1,133386,1,Public,60.0,29.20278,-81.049513,13,12,,21285.0,0.8535849057,1,25.0,1,,10.714128838127134,10.756044,"Practical Nursing, Vocational Nursing and Nursing Assistants.",Daytona State College,44987.0,46912.727,-1925.7265625,55001.00000000004,10.915106645867503,47324.02,10.764773,7676.980468750036,47,45711.99999999997,10.730116124470554,42103.266,10.647881,3608.734374999971,41.0,35,high,0.08571150768070548,0.08313590594465071,0.16222164864251673,0.15799776217952016,-0.04104912895937586,-0.0402737772701342,9.0,6.0,25.0,-3.0,19.0,16.0,10.214368964029708,0.30042261658910907,0.22613196423438403,0.08313590594465071
5139,1,133845,1,"Private, for-profit",64.0,30.23886,-81.581748,11,2,0.9404,16617.0,0.8801108801,2,27.0,1,open,10.385450631617017,10.60419,"Practical Nursing, Vocational Nursing and Nursing Assistants.",Concorde Career Institute-Jacksonville,32384.999999999985,40303.348,-7918.347656250015,51435.00000000002,10.84807415356513,47211.64,10.762396,4223.359375000022,60,46512.99999999999,10.74748712239554,40963.617,10.62044,5549.382812499993,44.0,35,high,0.13547101534269246,0.1317174407443943,0.08945589094320998,0.08769977923233985,-0.19646873316296556,-0.19302616390576555,6.0,13.0,32.0,7.0,19.0,26.0,13.45362404707371,0.39569482491393265,0.22613196423438403,0.08769977923233985
5139,1,135160,1,Public,54.0,30.175298,-82.5679,32,9,,21618.0,0.9306451613,1,26.0,1,,10.647565461764616,10.768226,"Practical Nursing, Vocational Nursing and Nursing Assistants.",Florida Gateway College,42089.999999999985,47487.684,-5397.683593750015,47143.999999999985,10.760962026517749,49339.082,10.806472,-2195.0820312500146,16,44489.0,10.702997246586362,37625.293,10.535432,6863.70703125,17.0,35,high,0.1824226867004254,0.16779933676460154,-0.044489721755660364,-0.04063978709078641,-0.11366491656923902,-0.11123854383659579,4.0,25.0,29.0,21.0,4.0,25.0,13.428824718989125,0.39496543291144487,0.22613196423438403,-0.04063978709078641
5139,1,135276,1,Public,55.0,30.448534,-84.339057,12,-2,,12177.0,,1,26.0,1,,10.761937284720434,10.376896,"Practical Nursing, Vocational Nursing and Nursing Assistants.",Lively Technical College,47190.000000000015,32109.137,15080.863281250015,54385.0,10.90384365952795,44027.836,10.692577,10357.1640625,28,38712.00000000004,10.563904908473155,39322.67,10.579556,-610.6718749999636,49.0,35,high,-0.01552976554953296,-0.015149686950167772,0.23524127048176022,0.22419452430536396,0.46967513992500476,0.45986028478726354,25.0,3.0,2.0,-22.0,-1.0,-23.0,13.0,0.38235294117647056,0.22613196423438403,0.22419452430536396
5139,1,136303,1,Public,19.0,28.550422,-81.383783,11,-2,,14956.0,,1,26.0,1,,10.644710356327636,10.696216,"Practical Nursing, Vocational Nursing and Nursing Assistants.",Orange Technical College,41969.99999999996,44188.316,-2218.3164062500364,47836.00000000001,10.775533773088698,45375.902,10.722736,2460.0976562500073,22,43001.99999999997,10.669001905221974,41059.52,10.622778,1942.480468749971,22.0,35,high,0.04730889428142402,0.04444192196791994,0.054215950078816605,0.05088843966577763,-0.050201423965912345,-0.04670743436965795,14.0,18.0,26.0,4.0,8.0,12.0,6.110100926607786,0.17970885078258195,0.22613196423438403,0.04444192196791994
5139,1,136358,1,Public,32.0,26.61256,-80.08653,21,15,,21408.0,0.9218037494,1,23.0,1,,10.83856078370965,10.889316,"Practical Nursing, Vocational Nursing and Nursing Assistants.",Palm Beach State College,50947.99999999996,53600.605,-2652.6054687500364,57893.00000000005,10.96635175815215,52603.64,10.870541,5289.359375000051,56,44421.99999999998,10.701490121198454,43509.25,10.680729,912.7499999999782,58.0,35,high,0.02097829771830078,0.02055592645063383,0.10055120353183827,0.09841290788567467,-0.049488348975769446,-0.047560799752771665,18.0,12.0,27.0,-6.0,15.0,9.0,7.54983443527075,0.22205395397855146,0.22613196423438403,0.02055592645063383
5139,1,137245,1,Public,81.0,26.031736,-80.198024,21,-2,,16902.0,,1,28.0,1,,10.746433098184468,10.753437,"Practical Nursing, Vocational Nursing and Nursing Assistants.",Sheridan Technical College,46464.000000000015,46790.57,-326.57031249998545,58084.99999999995,10.969662733947574,53660.336,10.8904295,4424.664062499949,73,39156.00000000002,10.575308946381321,41422.496,10.631579,-2266.496093749978,85.0,35,high,-0.05471655036481388,-0.05401052833771951,0.08245688337943885,0.08116814043749246,-0.006979404403898512,-0.006886479726449419,30.0,14.0,21.0,-16.0,7.0,-9.0,8.020806277010644,0.2359060669709013,0.22613196423438403,-0.006886479726449419
5139,1,137865,1,Public,31.0,30.203363,-85.646585,22,-2,,16344.0,,1,28.0,1,,10.729196906179045,10.626196,"Practical Nursing, Vocational Nursing and Nursing Assistants.",Tom P. Haney Technical College,45670.0,41200.098,4469.90234375,49097.99999999996,10.801573579755436,52407.703,10.866809,-3309.7031250000364,32,38229.00000000002,10.55134966888039,39522.266,10.5846195,-1293.2656249999782,31.0,35,high,-0.03272245668481912,-0.031370212148337344,-0.06315298949671411,-0.060601513847739055,0.1084925181742117,0.10411182153506089,27.0,26.0,13.0,-1.0,-13.0,-14.0,7.810249675906654,0.2297132257619604,0.22613196423438403,-0.031370212148337344
5139,1,138284,1,Public,55.0,30.77449,-85.553345,43,-2,,15147.0,,1,25.0,1,,10.387332447970344,10.68815,"Practical Nursing, Vocational Nursing and Nursing Assistants.",Florida Panhandle Technical College,32445.999999999996,43833.36,-11387.359375000004,39399.999999999985,10.581521095286025,43408.83,10.678418,-4008.8281250000146,60,37663.00000000001,10.53643345915528,39858.312,10.593086,-2195.3124999999927,52.0,35,high,-0.0550779087800065,-0.053819411681941105,-0.092350526336629,-0.09053758993753003,-0.25978751200836986,-0.2543587026458741,29.0,28.0,34.0,-1.0,6.0,5.0,3.2145502536643185,0.09454559569600937,0.22613196423438403,-0.09053758993753003
5139,1,138309,1,"Private, for-profit",281.0,29.175319,-82.15319,13,12,,25123.0,0.7318019398,1,30.0,1,,10.895646135639412,10.961814,"Practical Nursing, Vocational Nursing and Nursing Assistants.",Rasmussen University-Florida,53941.000000000015,57630.883,-3689.8828124999854,58033.99999999999,10.968784324672963,55643.13,10.926714,2390.8710937499927,398,45271.00000000002,10.720421929870149,45653.0,10.728825,-381.9999999999782,288.0,35,high,-0.008367467636299437,-0.008341435161416194,0.04296794843759124,0.042874653439540056,-0.06402613724493665,-0.06382636998778426,24.0,20.0,28.0,-4.0,8.0,4.0,4.0,0.11764705882352941,0.22613196423438403,-0.008341435161416194
5139,1,138479,1,Public,57.0,26.085022,-80.232201,21,-2,,16334.0,,1,26.0,1,,10.8652295473142,10.651881,"Practical Nursing, Vocational Nursing and Nursing Assistants.",William T McFatter Technical College,52325.0,42272.043,10052.95703125,56485.99999999996,10.94174809881949,54889.08,10.91307,1596.9218749999636,33,39101.0,10.573903321093981,42254.508,10.651466,-3153.5078125,31.0,35,high,-0.07463127547227302,-0.07154716306958575,0.02909361806666276,0.027958447776847365,0.2378157364828982,0.23304791837988748,31.0,23.0,8.0,-8.0,-15.0,-23.0,11.67618659209133,0.34341725270856854,0.22613196423438403,0.027958447776847365
5139,1,244279,0,"Private, for-profit",237.0,27.380724,-82.425309,13,1,,16256.0,0.8884615385,1,27.0,1,,10.695370855832223,10.692345,"Practical Nursing, Vocational Nursing and Nursing Assistants.",Meridian College,44151.00000000004,44017.594,133.40625000003638,63036.00000000001,11.051461270741962,52943.863,10.876987,10092.136718750007,40,54071.999999999985,10.89807177078019,42004.523,10.645533,12067.476562499985,69.0,35,high,0.2872899291538352,0.2825629376147298,0.19061957502304377,0.18464605272141685,0.0030307483584342087,0.003019223221221984,2.0,5.0,20.0,3.0,15.0,18.0,9.643650760992955,0.2836367870880281,0.22613196423438403,0.18464605272141685
5139,1,369419,1,Public,35.0,27.997242,-82.435933,11,-2,,14686.0,,1,27.0,1,,10.913250412395481,10.548881,"Practical Nursing, Vocational Nursing and Nursing Assistants.",Erwin Technical College,54899.00000000004,38134.727,16764.273437500036,53120.99999999999,10.880327609274326,48158.742,10.782258,4962.257812499993,109,42515.00000000003,10.657612233819894,42661.848,10.66106,-146.8476562499709,110.0,35,high,-0.0034421307167285236,-0.003409261429010637,0.10303960583480495,0.10203063621616001,0.4396064938350779,0.42414451531995734,22.0,11.0,3.0,-11.0,-8.0,-19.0,9.539392014169456,0.2805703533579252,0.22613196423438403,0.10203063621616001
5139,1,386472,1,"Private, nonprofit",51.0,28.615784,-81.312669,21,6,0.942,18321.0,0.8203449578,2,31.0,1,open,11.114624632046082,10.896128,"Practical Nursing, Vocational Nursing and Nursing Assistants.",Herzing University-Orlando,67146.0,53966.984,13179.015625,71753.00000000004,11.180984944594467,62598.375,11.044495,9154.625000000044,79,47310.00000000003,10.764476968625194,44570.066,10.704818,2739.933593750029,115.0,35,high,0.06147474784479594,0.060917419306128914,0.14624381223953567,0.14415904093802062,0.24420515205042898,0.23863514270817854,13.0,8.0,7.0,-5.0,-1.0,-6.0,3.214550253664318,0.09454559569600936,0.22613196423438403,0.14415904093802062
5139,1,406024,1,"Private, for-profit",371.0,27.865391,-82.648151,11,2,,32673.0,0.6627957932,1,30.0,1,,10.943640581631241,10.976044,"Practical Nursing, Vocational Nursing and Nursing Assistants.",Galen College of Nursing-Tampa Bay,56593.00000000001,58456.82,-1863.8203124999927,64239.99999999997,11.070381348620643,59735.945,10.997689,4504.054687499971,565,46830.00000000004,10.754279302177588,46799.453,10.753627,30.54687500003638,375.0,35,high,0.0006527186315285897,0.0006512227963179848,0.07539940422701369,0.07529007326640691,-0.03188371010493443,-0.031811611764464634,21.0,15.0,23.0,-6.0,8.0,2.0,4.163331998932266,0.12245094114506665,0.22613196423438403,0.0006512227963179848
5139,1,412173,1,"Private, nonprofit",30.0,26.70653,-80.121497,21,2,,19834.0,0.8296703297,1,31.0,1,,10.798942723822146,10.939576,"Practical Nursing, Vocational Nursing and Nursing Assistants.",Academy for Nursing and Health Occupations,48969.000000000044,56363.45,-7394.449218749956,42050.99999999998,10.646638446331167,59162.027,10.988035,-17111.027343750022,76,45479.99999999999,10.725027947864472,43811.586,10.687654,1668.4140624999927,68.0,35,high,0.038081571958615945,0.0374442502667517,-0.28922314045003167,-0.2849099014459418,-0.13119227657717764,-0.12569467475557422,15.0,35.0,30.0,20.0,-5.0,15.0,10.408329997330664,0.3061273528626666,0.22613196423438403,-0.12569467475557422
5139,1,419217,1,"Private, for-profit",29.0,25.740254,-80.213971,11,-2,1.0,23406.0,,2,27.0,1,open,10.927035001141991,10.953187,"Practical Nursing, Vocational Nursing and Nursing Assistants.",HCA Florida Mercy Hospital School of Practical Nursing,55661.00000000003,57135.844,-1474.843749999971,68692.99999999996,11.13740258073377,68824.734,11.139318,-131.73437500004366,38,31784.000000000004,10.366718297494435,41750.84,10.639475,-9966.839843749996,52.0,35,high,-0.2387219007102682,-0.2332672488190986,-0.0019140556980906424,-0.0018504504704074947,-0.025812933759291355,-0.024689015424440842,34.0,24.0,22.0,-10.0,-2.0,-12.0,6.429100507328636,0.18909119139201871,0.22613196423438403,-0.024689015424440842
5139,1,419226,1,Public,46.0,29.178271,-82.147877,13,-2,,16708.0,,1,28.0,1,,10.775951780869729,10.654789,"Practical Nursing, Vocational Nursing and Nursing Assistants.",Marion Technical College,47855.999999999985,42395.14,5460.859374999985,54908.00000000002,10.91341433637155,51362.055,10.846655,3545.945312500022,40,42436.000000000015,10.655752337579163,39127.03,10.574569,3308.9687500000146,57.0,35,high,0.08456989054082692,0.08283248328816493,0.06903822937136118,0.06687475060605176,0.12880861566902718,0.1254983486934526,10.0,16.0,12.0,6.0,-4.0,2.0,3.055050463303893,0.08985442539129097,0.22613196423438403,0.08283248328816493
5139,1,428170,1,"Private, for-profit",71.0,26.702216,-80.085966,21,1,0.8704,16491.0,0.8390022676,2,31.0,1,open,10.804644341825567,10.717784,"Practical Nursing, Vocational Nursing and Nursing Assistants.",Southeastern College-West Palm Beach,49249.00000000001,45151.73,4097.269531250007,58032.99999999998,10.968767093246287,54808.996,10.91161,3224.003906249978,52,42964.99999999997,10.668141109747323,41883.402,10.642645,1081.597656249971,44.0,35,high,0.0258240160952772,0.025108494988448027,0.05882253162848241,0.05745961446431933,0.09074446291899646,0.0893355089486891,17.0,17.0,15.0,0.0,-2.0,-2.0,1.1547005383792515,0.03396178054056622,0.22613196423438403,0.05745961446431933
5139,1,433068,1,Public,25.0,30.46866,-86.614844,13,-2,,18421.0,,1,28.0,1,,10.828004357307494,10.752141,"Practical Nursing, Vocational Nursing and Nursing Assistants.",Okaloosa Technical College,50412.999999999956,46729.97,3683.0312499999563,45837.00000000004,10.732846904220825,50942.18,10.838447,-5105.179687499964,40,40895.000000000015,10.618763085169075,37123.094,10.521995,3771.9062500000146,37.0,35,high,0.10160538546171181,0.09817144146305491,-0.10021517961770006,-0.09707469622119941,0.0788151875235302,0.07476146671359994,8.0,30.0,16.0,22.0,-14.0,8.0,11.135528725660043,0.3275155507547072,0.22613196423438403,0.07476146671359994
5139,1,441371,1,"Private, nonprofit",241.0,27.965294,-82.78558,12,4,,10150.0,0.9341584543,1,32.0,1,,10.203481027702058,10.2446165,"Practical Nursing, Vocational Nursing and Nursing Assistants.",Ultimate Medical Academy,26996.99999999998,28130.69,-1133.6894531250182,31655.000000000015,10.362651392978227,35137.184,10.467015,-3482.1835937499854,47,27734.000000000015,10.23041437631381,26995.139,10.203412,738.8613281250146,39.0,35,high,0.027370162350556858,0.026499176926592448,-0.0991025243801662,-0.09652211779028728,-0.04030080581615742,-0.040150506420776735,16.0,29.0,24.0,13.0,-5.0,8.0,6.557438524302,0.19286583895005882,0.22613196423438403,-0.040150506420776735
5139,1,443252,1,"Private, for-profit",69.0,25.780018,-80.239586,11,-2,,0.0,0.9904006678,1,36.0,1,,9.563107691083898,10.365909,"Practical Nursing, Vocational Nursing and Nursing Assistants.",South Florida Institute of Technology,14230.000000000002,31758.275,-17528.275390625,28156.999999999993,10.24555127050591,31976.91,10.372769,-3819.9101562500073,61,18258.000000000007,9.812358619125026,29264.352,10.284125,-11006.351562499993,38.0,35,high,-0.37610098891115634,-0.3637714829353382,-0.11945838849296678,-0.11715785043069996,-0.5519278101543046,-0.5430680350765682,35.0,31.0,35.0,-4.0,4.0,0.0,2.309401076758503,0.06792356108113244,0.22613196423438403,-0.3637714829353382
5139,1,445744,1,"Private, for-profit",103.0,27.3016,-80.303751,12,1,,16203.0,0.868177137,1,29.0,1,,10.850094081612228,10.615452,"Practical Nursing, Vocational Nursing and Nursing Assistants.",Fortis Institute-Port Saint Lucie,51538.99999999999,40759.81,10779.191406249993,53269.999999999985,10.883128599911045,51178.3,10.843071,2091.6992187499854,48,45996.00000000002,10.736309715168556,42657.945,10.660969,3338.054687500022,37.0,35,high,0.07825165190321241,0.07560699100047627,0.04087082194640416,0.03983215388630754,0.26445637941250894,0.26179713857017806,11.0,22.0,6.0,11.0,-16.0,-5.0,8.18535277187245,0.24074566976095443,0.22613196423438403,0.07560699100047627
5139,1,446109,1,"Private, for-profit",104.0,28.66306,-81.375722,21,1,,19139.0,0.8965517241,1,31.0,1,,10.795567555695225,10.789276,"Practical Nursing, Vocational Nursing and Nursing Assistants.",Cambridge College of Healthcare & Technology,48804.000000000015,48497.918,306.08203125001455,58533.00000000005,10.97734597673801,56095.758,10.934815,2437.242187500051,89,44281.0,10.698310970126737,39534.14,10.58492,4746.859375,103.0,35,high,0.12006987631339211,0.11883179767822685,0.043447887728810614,0.04290888178532482,0.006311240648459194,0.006248490596644727,7.0,19.0,19.0,12.0,0.0,12.0,6.928203230275509,0.2037706832433973,0.22613196423438403,0.04290888178532482
5139,1,446127,1,"Private, for-profit",56.0,28.452699,-82.595376,22,1,,16605.0,0.8771186441,1,28.0,1,,10.860824253846284,10.564295,"Practical Nursing, Vocational Nursing and Nursing Assistants.",ATA Career Education,52094.99999999997,38727.094,13367.90624999997,56505.00000000001,10.942084408794251,48917.785,10.797896,7587.214843750007,89,41552.99999999997,10.634724999843208,43539.01,10.681413,-1986.011718750029,155.0,35,high,-0.04561453373308326,-0.04532268404228518,0.15510135668480124,0.15317719978176308,0.34518227306948307,0.338118241073055,28.0,7.0,4.0,-21.0,-3.0,-24.0,13.076696830622021,0.3846087303124124,0.22613196423438403,0.15317719978176308
5139,1,457378,1,Public,30.0,30.73209,-86.128061,32,-2,,18374.0,,1,29.0,1,,10.804299097561824,10.780175,"Practical Nursing, Vocational Nursing and Nursing Assistants.",Emerald Coast Technical College,49232.00000000004,48058.543,1173.4570312500364,48618.0,10.79174911168878,43474.535,10.679931,5143.46484375,52,34922.00000000002,10.460872282082073,41906.176,10.643188,-6984.175781249978,41.0,35,high,-0.16666220792150865,-0.16165406509830185,0.11830982954191664,0.1155685925888677,0.02441724111388635,0.023394038584526607,33.0,9.0,18.0,-24.0,9.0,-15.0,12.12435565298214,0.3565986956759453,0.22613196423438403,0.023394038584526607
5139,1,457387,1,Public,31.0,26.426526,-81.425148,32,-2,,22074.0,,1,22.0,1,,10.785393857548453,10.662353,"Practical Nursing, Vocational Nursing and Nursing Assistants.",Immokalee Technical College,48310.000000000015,42717.016,5592.984375000015,43468.00000000004,10.679780314182743,50107.266,10.821921,-6639.265624999964,21,40949.0,10.620082668958622,40476.992,10.608489,472.0078125,22.0,35,high,0.011661138513295073,0.010954460376565075,-0.13250105632759648,-0.12394359300807815,0.13093106559922546,0.12564434824135243,20.0,32.0,11.0,12.0,-21.0,-9.0,10.535653752852738,0.30987216920155114,0.22613196423438403,0.010954460376565075
5139,1,460190,1,"Private, for-profit",64.0,28.55984,-81.340421,11,1,0.9005,16617.0,0.8801108801,2,27.0,1,open,10.385450631617017,10.646712,"Practical Nursing, Vocational Nursing and Nursing Assistants.",Concorde Career Institute-Orlando,32384.999999999985,42054.105,-9669.105468750015,51435.00000000002,10.84807415356513,55542.348,10.924901,-4107.347656249978,60,46512.99999999999,10.74748712239554,45759.707,10.731159,753.2929687499927,44.0,35,high,0.016461927263554322,0.016005807023669796,-0.07394983880894332,-0.07249812694759943,-0.22992060729802072,-0.22589188679100555,19.0,27.0,33.0,8.0,6.0,14.0,7.023769168568492,0.2065814461343674,0.22613196423438403,-0.07249812694759943
5139,1,476939,1,"Private, for-profit",80.0,25.773542,-80.321789,21,-2,0.7358,3335.0,0.9059701493,2,33.0,1,open,10.15385709010393,10.014212,"Practical Nursing, Vocational Nursing and Nursing Assistants.",FVI School of Nursing and Technology,25690.00000000002,22341.734,3348.265625000018,26869.99999999999,10.198765701609537,34488.934,10.448394,-7618.933593750011,107,24312.00000000001,10.09872533459663,26471.994,10.183843,-2159.994140624989,102.0,35,high,-0.08159544495026062,-0.08074444723481983,-0.2209095150199337,-0.21869907849391457,0.1498659669298847,0.14784148628187754,32.0,34.0,10.0,2.0,-24.0,-22.0,13.316656236958787,0.39166635991055254,0.22613196423438403,-0.08074444723481983
5139,1,490975,1,"Private, for-profit",137.0,25.585653,-80.363995,21,1,,16751.0,0.8713751169,1,30.0,1,,11.007750512713052,10.545064,"Practical Nursing, Vocational Nursing and Nursing Assistants.",Fortis College-Cutler Bay,60340.00000000001,37989.457,22350.542968750007,67954.99999999999,11.126601000389448,49926.77,10.818313,18028.230468749985,90,47880.00000000001,10.77645315967191,40834.55,10.617284,7045.449218750007,60.0,35,high,0.1725364693367722,0.1691967035167034,0.36109347025678906,0.35667182867444336,0.588335415016975,0.5840965260240425,3.0,1.0,1.0,-2.0,0.0,-2.0,1.1547005383792517,0.03396178054056623,0.22613196423438403,0.35667182867444336
5139,1,496973,1,"Private, nonprofit",51.0,27.976414,-82.335773,21,-2,0.8966,18321.0,0.8203449578,2,31.0,1,open,11.114624632046082,10.8608465,"Practical Nursing, Vocational Nursing and Nursing Assistants.",Herzing University-Tampa,67146.0,52096.156,15049.84375,71753.00000000004,11.180984944594467,59621.664,10.995774,12131.335937500044,79,47310.00000000003,10.764476968625194,43974.5,10.691365,3335.500000000029,115.0,35,high,0.07585077715494273,0.07516311589124386,0.20347194477468872,0.20057136071144688,0.2888858762972556,0.28229675638594576,12.0,4.0,5.0,-8.0,1.0,-7.0,4.358898943540674,0.12820291010413748,0.22613196423438403,0.20057136071144688
5139,1,498085,1,"Private, for-profit",371.0,29.630471,-82.417064,22,-2,,32673.0,0.6627957932,1,30.0,1,,10.943640581631241,10.87437,"Practical Nursing, Vocational Nursing and Nursing Assistants.",Galen Health Institutes-Gainesville,56593.00000000001,52805.45,3787.5507812500073,64239.99999999997,11.070381348620643,61723.223,11.030416,2516.777343749971,565,46830.00000000004,10.754279302177588,41190.395,10.62596,5639.605468750036,375.0,35,high,0.13691554870811992,0.13660177936135365,0.040775209644617054,0.04071608460397393,0.07172651378383,0.07156431927778042,5.0,21.0,17.0,16.0,-4.0,12.0,8.326663997864532,0.2449018822901333,0.22613196423438403,0.07156431927778042
5139,1,499495,1,"Private, for-profit",237.0,28.571233,-81.208356,21,-2,,16256.0,0.8884615385,2,27.0,1,,10.695370855832223,10.531977,"Practical Nursing, Vocational Nursing and Nursing Assistants.",Gwinnett Institute,44151.00000000004,37495.52,6655.480468750036,63036.00000000001,11.051461270741962,50197.95,10.8237295,12838.050781250007,40,54071.999999999985,10.89807177078019,41809.01,10.640867,12262.988281249985,69.0,35,high,0.29330969035439863,0.2884836512769882,0.2557485112649726,0.24773401728939579,0.17750068680080935,0.1768256984716231,1.0,2.0,9.0,1.0,7.0,8.0,4.358898943540674,0.12820291010413748,0.22613196423438403,0.24773401728939579
5201,3,132903,1,Public,78.0,28.602159,-81.200889,21,15,0.4011,31400.0,0.7045342864,2,23.0,1,mid,11.108454862177677,11.222232,"Business/Commerce, General.",University of Central Florida,66732.99999999996,74774.48,-8041.476562500044,66912.0,11.11113360222836,75062.336,11.226074,-8150.3359375,328,45050.00000000001,10.715528263036484,48855.316,10.796618,-3805.3164062499927,563.0,8,medium,-0.07788950489251531,-0.07777777332049042,-0.10858089927132439,-0.10828603158457556,-0.1075430672627792,-0.10604674074436535,7.0,7.0,6.0,0.0,-1.0,-1.0,0.5773502691896258,0.08247860988423227,0.12307101378061328,-0.10604674074436535
5201,3,134097,1,Public,87.0,30.443147,-84.295064,12,15,0.2422,43729.0,0.5975318884,2,20.0,1,elite,11.019186364927737,11.348827,"Business/Commerce, General.",Florida State University,61034.000000000015,84865.875,-23831.874999999985,74715.99999999999,11.221449538279193,75983.734,11.238275,-1267.7343750000146,56,47342.0,10.765153129746336,47435.45,10.767125,-93.44921875,29.0,8,medium,-0.0019700291720450695,-0.0018822567618120008,-0.01668428625452136,-0.016329482578341648,-0.2808181144659144,-0.27737859210702676,5.0,4.0,7.0,-1.0,3.0,2.0,1.5275252316519465,0.21821789023599236,0.12307101378061328,-0.016329482578341648
5201,3,136950,0,"Private, nonprofit",17.0,28.592787,-81.349239,21,11,0.4754,43978.0,0.58,2,22.0,1,mid,11.436864818357265,11.085428,"Business/Commerce, General.",Rollins College,92676.00000000003,65213.918,27462.08203125003,80654.00000000003,11.297923679347642,66340.65,11.102558,14313.35156250003,73,51000.999999999985,10.839600519357369,38637.97,10.561991,12363.031249999985,27.0,8,medium,0.31997104532054327,0.3045242063822842,0.21575537622284083,0.2123832718344823,0.4211076850866351,0.3880584592215437,1.0,1.0,1.0,0.0,0.0,0.0,0.0,0.0,0.12307101378061328,0.3045242063822842
5201,3,137351,1,Public,326.0,28.061458,-82.413232,11,15,0.4319,32495.0,0.6858996244,2,22.0,1,mid,10.995863770605029,11.08679,"Business/Commerce, General.",University of South Florida,59627.00000000001,65302.79,-5675.789062499993,64837.999999999985,11.07964713021658,68987.7,11.141684,-4149.703125000015,229,45356.99999999999,10.72231979864831,48566.273,10.790685,-3209.2734375000073,208.0,8,medium,-0.06608029009328924,-0.0657802063267266,-0.06015134490680312,-0.0599034893060492,-0.08691495637449433,-0.08668668399126388,6.0,6.0,4.0,0.0,-2.0,-2.0,1.1547005383792517,0.16495721976846453,0.12307101378061328,-0.0657802063267266
5201,3,138293,2,"Private, nonprofit",17.0,27.838778,-81.532315,41,8,0.694,39516.0,0.6643274854,2,21.0,1,mid,10.4048990016915,11.011658,"Business/Commerce, General.",Webber International University,33020.99999999997,60576.223,-27555.22265625003,50253.00000000001,10.824825525631796,57915.516,10.966741,-7662.515624999993,25,29923.000000000015,10.306382694441655,39891.094,10.593908,-9968.093749999985,37.0,8,medium,-0.2498826884133751,-0.2414374356903419,-0.1323050575015923,-0.1252542912877807,-0.4548851256806947,-0.4191849905520782,8.0,8.0,8.0,0.0,0.0,0.0,0.0,0.0,0.12307101378061328,-0.2414374356903419
5201,3,138354,2,Public,17.0,30.549076,-87.218511,41,12,0.5824,34583.0,0.6786062378,2,24.0,1,mid,10.883579033460945,10.973751,"Business/Commerce, General.",University of West Florida,53294.000000000015,58322.953,-5028.953124999985,67651.0,11.122117415455683,56452.375,10.941153,11198.625,23,43325.0,10.676485114583807,42147.617,10.648933,1177.3828125,19.0,8,medium,0.02793474201073422,0.025948008356009744,0.19837296482211775,0.1867790542654323,-0.0862259686031628,-0.07945881233239578,3.0,2.0,3.0,-1.0,1.0,0.0,0.5773502691896258,0.08247860988423227,0.12307101378061328,0.025948008356009744
5201,3,449038,3,"Private, for-profit",869.0,27.997442,-82.35991,21,6,,18178.0,0.8626386594,1,33.0,5,,11.074792526597678,10.958656,"Business/Commerce, General.",Strayer University-Florida,64523.99999999996,57449.2,7074.800781249964,64016.000000000044,11.066888331097017,65376.824,11.087923,-1360.8242187499563,2957,55431.000000000015,10.922894283023263,55136.87,10.917574,294.12890625001455,2487.0,8,medium,0.005334522986440471,0.0053331109565357485,-0.02081508600351489,-0.020810482960224367,0.1231488145606897,0.12304414074318142,4.0,5.0,2.0,1.0,-3.0,-2.0,1.5275252316519465,0.21821789023599236,0.12307101378061328,0.0053331109565357485
5201,3,482459,2,"Private, for-profit",181.0,28.53732,-81.379188,11,6,,22648.0,0.7560557866,2,31.0,1,,11.02492078461494,11.117443,"Business/Commerce, General.",DeVry University-Florida,61384.99999999998,67335.516,-5950.515625000022,68126.00000000003,11.129114210756894,67052.72,11.1132345,1073.281250000029,130,57020.00000000001,10.951157362466663,51780.984,10.854778,5239.015625000007,123.0,8,medium,0.10117643934805956,0.10032846867567662,0.016006528445202367,0.01587893206609216,-0.08837113029829897,-0.08791114099741226,2.0,3.0,5.0,1.0,2.0,3.0,1.5275252316519465,0.21821789023599236,0.12307101378061328,0.01587893206609216
5202,2,132709,2,Public,87.0,26.119422,-80.14183,12,15,,20743.0,0.9264472291,1,24.0,1,,10.824327919108855,10.755088,"Business Administration, Management and Operations.",Broward College,50228.00000000003,46867.88,3360.121093750029,49180.00000000004,10.803242315770184,49616.297,10.812075,-436.2968749999636,59,50374.0,10.827230447935323,36611.64,10.5081215,13762.359375,28.0,17,high,0.375901192627857,0.3584794189727655,-0.00879341874503736,-0.008617396197635125,0.07169347476704231,0.07081535723564096,1.0,12.0,5.0,11.0,-7.0,4.0,5.5677643628300215,0.05353619579644252,0.03585417946295295,0.07081535723564096
5202,2,132851,1,Public,43.0,29.166079,-82.175692,13,12,,21993.0,0.8733662504,1,24.0,1,,10.552264785360133,10.585674,"Business Administration, Management and Operations.",College of Central Florida,38264.00000000002,39563.973,-1299.9726562499782,32334.999999999996,10.383905513880693,39764.61,10.590733,-7429.609375000004,41,32664.99999999999,10.39405944727485,38544.49,10.559568,-5879.488281250011,22.0,17,high,-0.1525377179312585,-0.14329376030518207,-0.18683974246886473,-0.18114797532104074,-0.03285748545892342,-0.0319447923088392,13.0,14.0,11.0,1.0,-3.0,-2.0,1.5275252316519468,0.01468774261203795,0.03585417946295295,-0.14329376030518207
5202,2,133386,2,Public,35.0,29.20278,-81.049513,13,12,,21285.0,0.8535849057,1,25.0,1,,10.532176208758672,10.5283165,"Business Administration, Management and Operations.",Daytona State College,37502.99999999998,37358.527,144.47265624997817,52330.999999999956,10.865344208681089,45707.63,10.7300205,6623.371093749956,42,37108.99999999997,10.52161480677699,37579.863,10.534224,-470.8632812500291,24.0,17,high,-0.012529669885333522,-0.011839940674210098,0.14490734374638028,0.1406132999158415,0.0038671935571932582,0.003731175403381438,7.0,6.0,9.0,-1.0,3.0,2.0,1.5275252316519465,0.014687742612037948,0.03585417946295295,0.003731175403381438
5202,2,133553,0,"Private, nonprofit",31.0,29.189903,-81.048367,13,13,0.6481,38662.0,0.6700304341,2,25.0,1,mid,11.245790840406107,10.997105,"Business Administration, Management and Operations.",Embry-Riddle Aeronautical University-Daytona Beach,76556.99999999996,59701.03,16855.968749999956,85869.00000000003,11.360578158088066,73291.71,11.202203,12577.28906250003,64,74402.00000000004,11.217238102180307,65098.22,11.0836525,9303.781250000044,44.0,17,high,0.14291913709236542,0.13895919303168533,0.17160588696347118,0.1684802881901435,0.28233965807751366,0.2709393844729035,2.0,4.0,2.0,2.0,-2.0,0.0,1.1547005383792515,0.011102889792108188,0.03585417946295295,0.1684802881901435
5202,2,133702,2,Public,98.0,30.334918,-81.659901,11,15,,25081.0,0.8159581286,1,25.0,1,,10.683339813181595,10.677074,"Business Administration, Management and Operations.",Florida State College at Jacksonville,43622.999999999985,43350.54,272.46093749998545,62248.00000000005,11.038881685296767,49716.0,10.814082,12532.000000000051,65,41507.00000000003,10.633617366693608,43000.918,10.668977,-1493.917968749971,20.0,17,high,-0.03474153667685987,-0.032404603472854746,0.25207176764019734,0.2475625473234955,0.006285064578024483,0.006218080690186423,8.0,1.0,8.0,-7.0,7.0,0.0,4.041451884327381,0.03886011427237866,0.03585417946295295,0.006218080690186423
5202,2,135081,2,"Private, nonprofit",39.0,26.185869,-80.163959,12,15,0.9697,21659.0,0.7867955286,2,28.0,1,open,10.888912479243952,10.611046,"Business Administration, Management and Operations.",Keiser University-Ft Lauderdale,53578.999999999956,40580.62,12998.378906249956,45827.99999999997,10.732650537013516,45870.293,10.733573,-42.292968750029104,24,34610.999999999985,10.451926829595399,42290.668,10.652322,-7679.667968750015,22.0,17,high,-0.18159249634989874,-0.17058778640512046,-0.0009220121785322362,-0.0008706007065545734,0.3203100040342136,0.31035594580346043,16.0,11.0,1.0,-5.0,-10.0,-15.0,7.637626158259733,0.07343871306018974,0.03585417946295295,-0.0008706007065545734
5202,2,135717,1,Public,26.0,25.777717,-80.190856,11,15,,18391.0,0.9677276583,1,22.0,1,,10.50613546228876,10.64642,"Business Administration, Management and Operations.",Miami Dade College,36539.0,42041.793,-5502.79296875,48022.99999999996,10.779435341793006,45269.484,10.720388,2753.5156249999636,33,28667.000000000022,10.263501914406909,36606.473,10.50798,-7939.472656249978,27.0,17,high,-0.2168871262414417,-0.20641673976169886,0.06082498316505209,0.0584517233797177,-0.13088863676295323,-0.12444536217959792,17.0,8.0,16.0,-9.0,8.0,-1.0,4.932882862316248,0.04743156598381008,0.03585417946295295,-0.12444536217959792
5202,2,136516,2,Public,18.0,28.032411,-81.711873,13,12,,23968.0,0.8981884889,1,24.0,1,,10.71274971165176,10.624454,"Business Administration, Management and Operations.",Polk State College,44925.00000000002,41128.375,3796.625000000022,54430.999999999956,10.90468912348068,45391.137,10.723072,9039.863281249956,28,38867.99999999999,10.56792656895933,37620.023,10.535292,1247.9765624999927,24.0,17,high,0.03317320002666446,0.0313470924520656,0.19915481159377538,0.18980265731838417,0.0923115732143568,0.08549910660296521,5.0,3.0,4.0,-2.0,1.0,-1.0,1.0,0.009615384615384616,0.03585417946295295,0.08549910660296521
5202,2,137032,3,"Private, nonprofit",39.0,28.336776,-82.257801,31,12,0.784,22361.0,0.7686491935,2,30.0,1,open,10.791831382359332,10.8908,"Business Administration, Management and Operations.",Saint Leo University,48621.99999999996,53680.254,-5058.253906250036,53605.99999999997,10.889416281092553,52365.984,10.866013,1240.015624999971,106,45820.00000000004,10.732475956007487,48165.816,10.782405,-2345.8164062499636,34.0,17,high,-0.048702930444786775,-0.04689043162203177,0.02367979213605628,0.023440238764050176,-0.09422932155060286,-0.09130102039876348,9.0,10.0,14.0,1.0,4.0,5.0,2.6457513110645907,0.02543991645254414,0.03585417946295295,-0.04689043162203177
5202,2,137078,1,Public,31.0,27.773264,-82.636587,11,15,,22640.0,0.8076387681,1,26.0,1,,10.65351116273777,10.767734,"Business Administration, Management and Operations.",St Petersburg College,42340.999999999985,47464.32,-5123.320312500015,55764.99999999996,10.928901711428637,50038.883,10.820556,5726.117187499964,31,47668.99999999999,10.772036570424822,43045.89,10.670022,4623.109374999993,21.0,17,high,0.10739955214946822,0.10055007644659071,0.11443335393710162,0.10964115820647222,-0.1079404546145109,-0.10358204912521336,3.0,7.0,15.0,4.0,8.0,12.0,6.110100926607786,0.05875097044815179,0.03585417946295295,0.10055007644659071
5202,2,137209,3,Public,49.0,28.745482,-81.308003,13,12,,24900.0,0.8147863904,1,24.0,1,,10.490079059076491,10.761281,"Business Administration, Management and Operations.",Seminole State College of Florida,35957.00000000001,47159.04,-11202.039062499993,40824.99999999998,10.617049917838665,51684.734,10.852918,-10859.734375000022,51,39151.00000000001,10.575181243876902,38353.12,10.554591,797.8789062500073,23.0,17,high,0.020803493522722174,0.019603070417547275,-0.21011493057518538,-0.2051360807370146,-0.23753747500354916,-0.23186278079873146,6.0,15.0,17.0,9.0,2.0,11.0,5.8594652770823155,0.05634101227963765,0.03585417946295295,-0.2051360807370146
5202,2,138187,1,Public,202.0,28.520783,-81.464275,11,15,,23247.0,0.8727049583,1,22.0,1,,10.698017347384676,10.639739,"Business Administration, Management and Operations.",Valencia College,44267.99999999999,41761.87,2506.1289062499927,46965.00000000003,10.757157922428616,50303.57,10.825831,-3338.570312499971,229,31120.000000000004,10.345605978292328,36961.375,10.517629,-5841.374999999996,136.0,17,high,-0.15803998092603416,-0.1568620653019344,-0.06636845638907593,-0.06609498297539064,0.060009976579451084,0.05973512578182542,14.0,13.0,6.0,-1.0,-7.0,-8.0,4.358898943540674,0.04191248984173725,0.03585417946295295,-0.06609498297539064
5202,2,138309,1,"Private, for-profit",295.0,29.175319,-82.15319,13,12,,25123.0,0.7318019398,1,30.0,1,,10.832516803858471,10.781521,"Business Administration, Management and Operations.",Rasmussen University-Florida,50641.00000000003,48123.25,2517.750000000029,57337.00000000001,10.956701418570916,50084.953,10.821476,7252.046875000007,345,43735.999999999985,10.685926840574835,45909.984,10.734438,-2173.9843750000146,194.0,17,high,-0.04735319352850498,-0.047119976251597445,0.14479492187804674,0.14442405083610468,0.05231878561817893,0.052164500797303386,10.0,5.0,7.0,-5.0,2.0,-3.0,2.516611478423583,0.024198187292534454,0.03585417946295295,0.052164500797303386
5202,2,244233,3,"Private, for-profit",49.0,26.025173,-80.22004,21,6,1.0,14979.0,0.8729121278,2,29.0,1,open,10.53342865719228,10.435706,"Business Administration, Management and Operations.",City College-Hollywood,37549.99999999997,34054.117,3495.882812499971,39172.00000000003,10.575717484840686,37740.832,10.538498,1431.167968750029,62,28076.999999999993,10.242706014825366,30966.229,10.340652,-2889.2285156250073,40.0,17,high,-0.09330256392596066,-0.09041832395382886,0.03792094375569144,0.037204315191717935,0.10265668592293385,0.1002042505727477,11.0,9.0,3.0,-2.0,-6.0,-8.0,4.163331998932266,0.04003203845127179,0.03585417946295295,0.037204315191717935
5202,2,386472,3,"Private, nonprofit",77.0,28.615784,-81.312669,21,6,0.942,18321.0,0.8203449578,2,31.0,1,open,10.588300096306016,10.674781,"Business Administration, Management and Operations.",Herzing University-Orlando,39668.00000000001,43251.227,-3583.2265624999927,32080.999999999975,10.376019233564437,46982.89,10.757539,-14901.890625000025,46,30535.99999999999,10.326661594425065,36799.02,10.5132265,-6263.019531250011,40.0,17,high,-0.170195282674078,-0.1649340763716833,-0.31717696435371306,-0.308711246211237,-0.0828468195537083,-0.0816766219160921,15.0,17.0,13.0,2.0,-4.0,-2.0,2.0,0.019230769230769232,0.03585417946295295,-0.1649340763716833
5202,2,426314,3,"Private, nonprofit",31.0,29.189903,-81.048367,13,12,0.5791,38662.0,0.6700304341,2,25.0,2,mid,11.245790840406107,11.285498,"Business Administration, Management and Operations.",Embry-Riddle Aeronautical University-Worldwide,76556.99999999996,79657.99,-3100.9921875000437,85869.00000000003,11.360578158088066,70805.45,11.167691,15063.54687500003,64,74402.00000000004,11.217238102180307,71449.516,11.176746,2952.4843750000437,44.0,17,high,0.04132266466991943,0.040177713448828804,0.2127455755195413,0.20887066585507089,-0.03892882688030711,-0.037356963825134884,4.0,2.0,12.0,-2.0,10.0,8.0,5.291502622129181,0.05087983290508828,0.03585417946295295,0.040177713448828804
5202,2,496973,3,"Private, nonprofit",77.0,27.976414,-82.335773,21,-2,0.8966,18321.0,0.8203449578,2,31.0,1,open,10.588300096306016,10.596783,"Business Administration, Management and Operations.",Herzing University-Tampa,39668.00000000001,40005.92,-337.9218749999927,32080.999999999975,10.376019233564437,46890.94,10.75558,-14809.941406250025,46,30535.99999999999,10.326661594425065,35129.312,10.466791,-4593.312500000011,40.0,17,high,-0.13075440915617154,-0.12671242919815054,-0.3158380054249889,-0.3074080252148625,-0.008446796353195967,-0.008327486750350836,12.0,16.0,10.0,4.0,-6.0,-2.0,3.055050463303893,0.029375485224075897,0.03585417946295295,-0.12671242919815054
5202,3,132471,2,"Private, nonprofit",173.0,25.878908,-80.198925,21,13,0.7724,28822.0,0.7126805778,2,26.0,1,open,11.077841002787295,11.036546,"Business Administration, Management and Operations.",Barry University,64721.000000000044,62102.76,2618.2382812500437,64210.00000000001,11.069914240788094,76263.45,11.241949,-12053.453124999993,197,54266.00000000001,10.901653158794721,60680.875,11.013384,-6414.874999999993,138.0,55,high,-0.10571493901496959,-0.10494033264150932,-0.15805018827620773,-0.15727426904438135,0.042159772106552675,0.04192844151367327,46.0,54.0,24.0,8.0,-30.0,-22.0,15.534906930308058,0.14937410509911594,0.10448261138972102,-0.10494033264150932
5202,3,132657,3,"Private, nonprofit",33.0,26.385985,-80.122806,13,11,0.7347,41024.0,0.604197901,2,21.0,1,open,10.92329109411032,10.865676,"Business Administration, Management and Operations.",Lynn University,55452.99999999998,52348.36,3104.640624999978,72801.99999999996,11.195498706334886,54493.1,10.905829,18308.898437499956,22,63132.00000000004,11.052983051518808,41373.46,10.630395,21758.539062500036,22.0,55,high,0.5259057030633513,0.49403522472945893,0.3359856185924902,0.3153644611125869,0.05930731472900106,0.05707670706972051,1.0,1.0,22.0,0.0,21.0,21.0,12.12435565298214,0.11658034281713597,0.10448261138972102,0.3153644611125869
5202,3,132693,3,Public,94.0,28.170002,-80.670781,13,12,,22005.0,0.8466486121,1,25.0,1,,10.827528176270343,10.792435,"Business Administration, Management and Operations.",Eastern Florida State College,50389.00000000003,48651.344,1737.656250000029,54132.999999999956,10.899199260387178,55460.414,10.923425,-1327.4140625000437,286,42853.999999999985,10.66555426856067,46743.473,10.75243,-3889.4726562500146,318.0,55,high,-0.08320889388884459,-0.08297811279833801,-0.023934441978816477,-0.0238582577568628,0.03571651091343246,0.03531686219726677,44.0,38.0,25.0,-6.0,-13.0,-19.0,9.71253485622231,0.09338975823290684,0.10448261138972102,-0.0238582577568628
5202,3,132709,2,Public,138.0,26.119422,-80.14183,12,15,,20743.0,0.9264472291,1,24.0,1,,10.926136302397198,10.906123,"Business Administration, Management and Operations.",Broward College,55610.99999999997,54509.113,1101.886718749971,61029.000000000015,11.019104440020062,53104.77,10.880022,7924.230468750015,129,48879.99999999999,10.797123593845477,49582.855,10.8114,-702.8554687500073,106.0,55,high,-0.014175372961183885,-0.014034026037208392,0.14921880913327243,0.14801853708444015,0.020214724702355358,0.020070312096895176,37.0,8.0,26.0,-29.0,18.0,-11.0,14.6401275039985,0.14077045676921635,0.10448261138972102,0.020070312096895176
5202,3,132851,1,Public,136.0,29.166079,-82.175692,13,12,,21993.0,0.8733662504,1,24.0,1,,10.751392371543819,10.826208,"Business Administration, Management and Operations.",College of Central Florida,46695.00000000003,50322.527,-3627.527343749971,51258.00000000004,10.844626982379674,47745.75,10.773645,3512.2500000000364,181,40202.0,10.601672024613341,41196.957,10.62612,-994.95703125,179.0,55,high,-0.024151226278564072,-0.024020586143766304,0.07356152118251438,0.07316293155843356,-0.07208555561946564,-0.07156172336894366,40.0,14.0,46.0,-26.0,32.0,6.0,17.009801096230763,0.16355577977144964,0.10448261138972102,-0.024020586143766304
5202,3,132903,1,Public,115.0,28.602159,-81.200889,21,15,0.4011,31400.0,0.7045342864,2,23.0,1,mid,11.094982835350951,11.077198,"Business Administration, Management and Operations.",University of Central Florida,65839.99999999997,64679.4,1160.601562499971,69111.00000000003,11.143469186666763,62369.492,11.040832,6741.507812500029,106,45374.99999999996,10.722716571567151,43344.176,10.676928,2030.8242187499636,153.0,55,high,0.046853451061087334,0.04654909694286228,0.1080898300764288,0.10699635412336297,0.01794391399019373,0.017785285443774147,22.0,11.0,27.0,-11.0,16.0,5.0,8.18535277187245,0.07870531511415818,0.10448261138972102,0.04654909694286228
5202,3,133021,1,Public,21.0,30.789228,-85.23139,32,6,,21653.0,,1,23.0,1,,10.553988158374601,10.784438,"Business Administration, Management and Operations.",Chipola College,38330.00000000001,48263.848,-9933.847656249993,52491.00000000001,10.86839700531273,57249.625,10.955176,-4758.624999999993,22,40729.99999999997,10.614720200642457,46838.742,10.754466,-6108.742187500029,22.0,55,high,-0.13042071375542377,-0.1225170715096345,-0.08312063179453127,-0.07801909308806951,-0.2058237819537704,-0.19298268180239447,48.0,47.0,54.0,-1.0,7.0,6.0,3.7859388972001824,0.03640325862692483,0.10448261138972102,-0.1225170715096345
5202,3,133386,3,Public,362.0,29.20278,-81.049513,13,12,,21285.0,0.8535849057,1,25.0,1,,10.774236837439904,10.852259,"Business Administration, Management and Operations.",Daytona State College,47773.99999999996,51650.68,-3876.6796875000364,52531.99999999998,10.86917778670505,52929.875,10.876723,-397.8750000000218,323,39584.0,10.586180275192214,45413.344,10.723561,-5829.34375,307.0,55,high,-0.12836191455292256,-0.1279910765867689,-0.00751702134191743,-0.007496241339725732,-0.07505573423147485,-0.07488112102180618,49.0,29.0,47.0,-20.0,18.0,-2.0,11.015141094572202,0.10591481821704041,0.10448261138972102,-0.07488112102180618
5202,3,133465,3,"Private, for-profit",356.0,26.69215,-80.200219,21,6,,20000.0,0.7772579044,1,30.0,1,,10.905331932762941,10.8339615,"Business Administration, Management and Operations.",South University-West Palm Beach,54466.00000000001,50714.21,3751.7890625000073,53445.00000000002,10.886408366708046,55290.523,10.920357,-1845.5234374999782,280,43772.99999999998,10.686772467932132,39534.934,10.58494,4238.066406249978,177.0,55,high,0.10719801504662109,0.10661050847704352,-0.03337865736767973,-0.03326976619657507,0.07397904834058638,0.07380357933450417,15.0,39.0,17.0,24.0,-22.0,2.0,13.316656236958787,0.1280447715092191,0.10448261138972102,0.07380357933450417
5202,3,133492,1,"Private, nonprofit",47.0,27.715798,-82.687043,11,11,0.758,77695.0,0.4113924051,2,21.0,1,open,11.220525614617934,10.944167,"Business Administration, Management and Operations.",Eckerd College,74647.00000000001,56622.81,18024.191406250015,61685.0,11.029796068505565,67627.36,11.121768,-5942.359375,20,33153.00000000001,10.408888489256892,37118.918,10.521882,-3965.9179687499927,21.0,55,high,-0.10684357696226099,-0.10002955893550934,-0.08786916168128145,-0.08188421405565473,0.318320335106788,0.31034045593115356,45.0,49.0,1.0,4.0,-48.0,-44.0,26.633312473917574,0.2560895430184382,0.10448261138972102,-0.08188421405565473
5202,3,133508,1,Public,122.0,26.552403,-81.887102,21,12,,25854.0,0.8308977035,1,23.0,1,,10.960756877669855,10.87672,"Business Administration, Management and Operations.",Florida SouthWestern State College,57569.99999999998,52929.723,4640.277343749978,57132.000000000015,10.95311965898252,55069.453,10.91635,2062.5468750000146,118,44480.99999999998,10.702817410686135,42120.055,10.648279,2360.945312499978,145.0,55,high,0.056052759903007385,0.05566509582928076,0.037453556517409385,0.037119254330476,0.08766865025698466,0.08694535373716056,21.0,21.0,14.0,0.0,-7.0,-7.0,4.041451884327381,0.03886011427237866,0.10448261138972102,0.05566509582928076
5202,3,133553,1,"Private, nonprofit",224.0,29.189903,-81.048367,13,13,0.6481,38662.0,0.6700304341,2,25.0,1,mid,11.359541158070872,11.186723,"Business Administration, Management and Operations.",Embry-Riddle Aeronautical University-Daytona Beach,85780.00000000006,72165.89,13614.109375000058,83748.99999999996,11.335579509317519,81995.664,11.314422,1753.3359374999563,455,66998.99999999999,11.112432972888584,58498.543,10.976757,8500.457031249985,426.0,55,high,0.14531057697951452,0.14502317752311056,0.021383276268895166,0.021343492406567178,0.1886501955022475,0.18788414714190038,9.0,22.0,7.0,13.0,-15.0,-2.0,8.144527815247079,0.07831276745429884,0.10448261138972102,0.14502317752311056
5202,3,133650,1,Public,146.0,30.428504,-84.290226,12,13,0.2056,28781.0,0.8220073183,2,20.0,1,elite,10.975704529844705,10.972168,"Business Administration, Management and Operations.",Florida Agricultural and Mechanical University,58436.999999999956,58230.695,206.30468749995634,53901.999999999956,10.894922861960078,58043.184,10.968943,-4141.183593750044,98,40874.00000000002,10.618249443068482,39249.164,10.577685,1624.8359375000218,128.0,55,high,0.04139797563363766,0.04106679052994702,-0.07134659640199267,-0.07055559035321955,0.0035428855244266726,0.003519187697124395,24.0,46.0,31.0,22.0,-15.0,7.0,11.239810200058244,0.10807509807748311,0.10448261138972102,0.003519187697124395
5202,3,133669,2,Public,252.0,26.372421,-80.102978,13,15,0.6613,28064.0,0.7219053052,2,23.0,1,mid,11.025507075203857,11.039796,"Business Administration, Management and Operations.",Florida Atlantic University,61421.00000000002,62304.93,-883.9296874999782,62057.999999999985,11.035824710605858,62768.684,11.047212,-710.6835937500146,292,46661.999999999956,10.750685407922997,48684.062,10.793107,-2022.0625000000437,284.0,55,high,-0.04153438304373312,-0.04140304941253389,-0.011322263795584502,-0.011287082054690398,-0.014187154883786308,-0.01413691997093913,41.0,33.0,34.0,-8.0,1.0,-7.0,4.358898943540674,0.04191248984173725,0.10448261138972102,-0.01413691997093913
5202,3,133702,1,Public,247.0,30.334918,-81.659901,11,15,,25081.0,0.8159581286,1,25.0,1,,11.041192341010333,10.851764,"Business Administration, Management and Operations.",Florida State College at Jacksonville,62391.99999999996,51625.125,10766.874999999964,55860.000000000044,10.930603839499168,59166.598,10.988112,-3306.5976562499563,293,47897.99999999999,10.776829028873854,46437.336,10.745859,1460.6640624999927,359.0,55,high,0.031454518934202,0.03137870650932062,-0.05588622275461647,-0.055713254248662226,0.20855881704886842,0.2078029327332142,26.0,43.0,5.0,17.0,-38.0,-21.0,19.03505538035898,0.18302937865729788,0.10448261138972102,0.03137870650932062
5202,3,133711,1,"Private, nonprofit",152.0,29.892733,-81.314887,23,10,0.8076,53601.0,0.5154411765,2,22.0,1,open,10.88410428296653,11.019022,"Business Administration, Management and Operations.",Flagler College,53322.00000000004,61023.97,-7701.968749999964,58703.00000000004,10.980246111835637,58258.914,10.972652,444.0859375000364,189,39780.99999999999,10.591144690352435,38809.137,10.566411,971.8632812499927,138.0,55,high,0.025042125731708248,0.02485863425569247,0.00762262641942866,0.007583353275819732,-0.1262121901896124,-0.12540675891841466,28.0,27.0,50.0,-1.0,23.0,22.0,13.0,0.125,0.10448261138972102,0.007583353275819732
5202,3,133809,1,"Private, nonprofit",24.0,28.034936,-82.383289,21,8,0.6966,66397.0,0.486013986,2,19.0,1,mid,11.077315532943354,10.825472,"Business Administration, Management and Operations.",Florida College,64687.000000000015,50285.492,14401.507812500015,61596.99999999996,11.028368447036963,53037.35,10.878752,8559.648437499964,32,40887.99999999996,10.618591900448115,32539.225,10.390202,8348.775390624964,20.0,55,high,0.25657573254586913,0.23931684286849475,0.1613890623368165,0.15486870176727086,0.28639488619900494,0.27097926222403146,3.0,7.0,3.0,4.0,-4.0,0.0,2.309401076758503,0.022205779584216375,0.10448261138972102,0.23931684286849475
5202,3,133881,1,"Private, nonprofit",60.0,28.065773,-80.623123,13,14,0.577,30032.0,0.7019104084,2,28.0,1,mid,11.101779249890095,11.1569395,"Business Administration, Management and Operations.",Florida Institute of Technology,66288.99999999994,70048.24,-3759.242187500058,72717.00000000006,11.194330473874974,75617.16,11.2334385,-2900.156249999942,98,63708.00000000004,11.062065422371672,56885.04,10.948788,6822.960937500036,58.0,55,high,0.11994297709813648,0.11752807823622867,-0.03835315150455611,-0.037927937459884896,-0.05366647427693609,-0.05265280133085615,13.0,40.0,44.0,27.0,4.0,31.0,16.862186493255653,0.16213640858899667,0.10448261138972102,-0.037927937459884896
5202,3,133951,2,Public,240.0,25.75732,-80.373928,21,15,0.5466,23924.0,0.8131269705,2,23.0,1,mid,11.109428418956762,11.036733,"Business Administration, Management and Operations.",Florida International University,66797.99999999999,62114.375,4683.624999999985,61256.00000000004,11.02281708279296,62708.863,11.046258,-1452.8632812499636,295,43772.00000000004,10.686749622538334,44757.188,10.709007,-985.1874999999636,362.0,55,high,-0.02201182770923583,-0.021959282527873894,-0.023168388091071822,-0.023097245069464895,0.07540323797832604,0.07512066325768701,39.0,37.0,16.0,-2.0,-21.0,-23.0,12.741009902410928,0.12250971060010508,0.10448261138972102,-0.021959282527873894
5202,3,134079,2,"Private, nonprofit",118.0,28.032443,-81.948203,12,14,0.6442,66112.0,0.4608177172,2,21.0,1,mid,10.95820019891422,10.992606,"Business Administration, Management and Operations.",Florida Southern College,57423.00000000003,59433.074,-2010.074218749971,65104.00000000004,11.083741270241472,62445.734,11.042053,2658.2656250000364,118,43580.99999999996,10.682376554540992,43362.28,10.677345,218.71874999996362,98.0,55,high,0.005043986240921391,0.004988864160125349,0.0425692107172058,0.04218924732889112,-0.03382080171979108,-0.03353068259095239,31.0,20.0,38.0,-11.0,18.0,7.0,9.073771725877467,0.08724780505651411,0.10448261138972102,0.004988864160125349
5202,3,134097,1,Public,177.0,30.443147,-84.295064,12,15,0.2422,43729.0,0.5975318884,2,20.0,1,elite,11.12652741957929,11.121263,"Business Administration, Management and Operations.",Florida State University,67950.0,67593.19,356.8125,77319.99999999996,11.255707933322267,72636.375,11.193221,4683.624999999956,245,49324.99999999997,10.806186330890815,46069.895,10.737915,3255.105468749971,207.0,55,high,0.07065580466093703,0.07033313729318595,0.06448043421770368,0.06423480083400843,0.005278823402136495,0.005250620566863495,19.0,17.0,30.0,-2.0,13.0,11.0,7.0,0.0673076923076923,0.10448261138972102,0.06423480083400843
5202,3,134130,3,Public,340.0,29.64629,-82.347911,12,16,0.242,39127.0,0.6673828964,2,21.0,1,elite,11.209574609103825,11.256498,"Business Administration, Management and Operations.",University of Florida,73833.99999999994,77381.13,-3547.132812500058,82615.00000000006,11.321946541085092,73738.516,11.208281,8876.484375000058,422,52032.00000000001,10.859614192907483,50459.684,10.82893,1572.3164062500073,425.0,55,high,0.03115985464571475,0.031098058393544223,0.12037785544994903,0.12013356900154695,-0.04583976330632189,-0.04572509298227587,27.0,10.0,42.0,-17.0,32.0,15.0,16.010413278030438,0.15394628151952344,0.10448261138972102,0.031098058393544223
5202,3,134608,1,Public,165.0,27.42416,-80.358682,21,12,,21577.0,0.9122626988,1,23.0,1,,10.767031302351667,10.687839,"Business Administration, Management and Operations.",Indian River State College,47430.99999999996,43819.69,3611.3085937499636,50328.000000000044,10.826316861249866,49591.32,10.811571,736.6796875000437,240,40367.99999999996,10.605792670880838,40882.168,10.618449,-514.1679687500364,187.0,55,high,-0.012576827362557245,-0.01251217601224935,0.014855012588046702,0.014797051169051693,0.08241291706666111,0.08193503511297917,36.0,24.0,15.0,-12.0,-9.0,-21.0,10.535653752852738,0.10130436300819941,0.10448261138972102,0.014797051169051693
5202,3,135081,2,"Private, nonprofit",273.0,26.185869,-80.163959,12,15,0.9697,21659.0,0.7867955286,2,28.0,1,open,10.819338187581879,10.863015,"Business Administration, Management and Operations.",Keiser University-Ft Lauderdale,49978.0,52209.266,-2231.265625,52190.0,10.862646184637459,55642.23,10.926698,-3452.23046875,335,43108.99999999996,10.671487070998001,43284.402,10.675548,-175.40234375003638,269.0,55,high,-0.004052322181950224,-0.004038675631807798,-0.062043351599444865,-0.06187893314570669,-0.04273696628920932,-0.04259907634732053,33.0,45.0,40.0,12.0,-5.0,7.0,6.027713773341708,0.05795878628213181,0.10448261138972102,-0.04259907634732053
5202,3,135717,1,Public,43.0,25.777717,-80.190856,11,15,,18391.0,0.9677276583,1,22.0,1,,10.770461981854321,10.757521,"Business Administration, Management and Operations.",Miami Dade College,47594.0,46982.04,611.9609375,57224.99999999998,10.954746144820767,56572.61,10.94328,652.3906249999782,321,45071.99999999999,10.716016490116154,40255.984,10.603014,4816.015624999993,354.0,55,high,0.11963477479862254,0.11934171135407409,0.01153191680934336,0.01149980788964682,0.013025423112988158,0.012663611663142584,12.0,25.0,29.0,13.0,4.0,17.0,8.888194417315589,0.08546340785880374,0.10448261138972102,0.012663611663142584
5202,3,135726,1,"Private, nonprofit",33.0,25.72126,-80.278662,21,16,0.189,54690.0,0.4559891107,2,20.0,1,elite,11.30384506239558,11.366411,"Business Administration, Management and Operations.",University of Miami,81132.99999999997,86371.34,-5238.343750000029,66065.00000000001,11.098394384848318,76802.39,11.248991,-10737.390624999985,50,48792.99999999996,10.79534213892941,48765.895,10.794786,27.10546874996362,35.0,55,high,0.0005558283921685059,0.0005358141533824892,-0.1398054219096775,-0.13641596872279305,-0.06064909404631127,-0.05836802071958426,32.0,53.0,45.0,21.0,-8.0,13.0,10.598742063723098,0.10191098138195286,0.10448261138972102,-0.05836802071958426
5202,3,136172,1,Public,209.0,30.27194,-81.509144,11,15,0.5324,37074.0,0.6143506622,2,22.0,1,mid,11.066747731360799,11.005273,"Business Administration, Management and Operations.",University of North Florida,64006.99999999995,60190.688,3816.312499999949,65768.00000000003,11.09388867683197,60339.137,11.007736,5428.863281250029,218,44752.0,10.708891415441741,43371.008,10.6775465,1380.9921875,257.0,55,high,0.03184136724399526,0.03172830278038884,0.08997250501867132,0.08957992414846203,0.0634037034383425,0.06312460593250266,25.0,12.0,20.0,-13.0,8.0,-5.0,6.557438524302,0.06305229350290385,0.10448261138972102,0.06312460593250266
5202,3,136215,2,"Private, nonprofit",96.0,26.082288,-80.249891,21,16,0.7321,31002.0,0.6566484517,2,24.0,1,open,11.019530376267122,11.140117,"Business Administration, Management and Operations.",Nova Southeastern University,61054.999999999985,68879.695,-7824.695312500015,67851.00000000006,11.125069403547922,68007.4,11.127372,-156.3984374999418,62,49155.99999999997,10.802754193404487,50066.24,10.821102,-910.2382812500291,41.0,55,high,-0.018180680484455668,-0.01763435720202247,-0.002299726810512752,-0.0022562666600384708,-0.1135994472246166,-0.11235921951948218,38.0,28.0,49.0,-10.0,21.0,11.0,10.503967504392488,0.10099968754223546,0.10448261138972102,-0.01763435720202247
5202,3,136233,1,Public,58.0,30.540017,-86.47456,22,9,,23721.0,0.9132875858,1,25.0,1,,11.012693529415108,10.860353,"Business Administration, Management and Operations.",Northwest Florida State College,60639.000000000015,52070.48,8568.519531250015,51534.999999999956,10.850016467470892,54638.29,10.90849,-3103.2890625000437,54,35809.00000000001,10.485954537441994,43637.28,10.683667,-7828.281249999993,47.0,55,high,-0.17939433955913542,-0.17478746659601777,-0.05679696629867442,-0.055537192294778916,0.164556183352147,0.1613230769027122,52.0,42.0,9.0,-10.0,-33.0,-43.0,22.50185177565023,0.21636395938125222,0.10448261138972102,-0.055537192294778916
5202,3,136330,2,"Private, nonprofit",25.0,26.7044,-80.05247,12,11,0.8199,52817.0,0.5402097902,2,22.0,1,open,10.937330182245267,10.934689,"Business Administration, Management and Operations.",Palm Beach Atlantic University,56236.99999999999,56088.645,148.35546874999272,59081.000000000044,10.98666466270383,59920.125,11.000768,-839.1249999999563,29,46970.00000000003,10.757264379021041,44102.64,10.694275,2867.359375000029,31.0,55,high,0.06501559395005113,0.06232884635796519,-0.014004059570969793,-0.013371842198036357,0.0026450178996095352,0.002508976047281466,20.0,35.0,32.0,15.0,-3.0,12.0,7.937253933193772,0.07631974935763243,0.10448261138972102,0.002508976047281466
5202,3,136358,2,Public,178.0,26.61256,-80.08653,21,15,,21408.0,0.9218037494,1,23.0,1,,10.885547298181182,10.906572,"Business Administration, Management and Operations.",Palm Beach State College,53399.00000000004,54533.6,-1134.6015624999636,54096.0,10.898515524947667,57391.645,10.957654,-3295.64453125,292,43449.999999999985,10.679366130693538,42563.625,10.658755,886.3749999999854,319.0,55,high,0.020824706542264326,0.02076715863122301,-0.05742376888077336,-0.05724533564565353,-0.0208055497893279,-0.020695121268038418,30.0,44.0,35.0,14.0,-9.0,5.0,7.094598884597588,0.0682172969672845,0.10448261138972102,-0.020695121268038418
5202,3,136473,1,Public,57.0,30.479267,-87.200265,13,12,,20605.0,0.9150442478,1,25.0,1,,10.748153380734983,10.801748,"Business Administration, Management and Operations.",Pensacola State College,46544.00000000002,49106.58,-2562.578124999978,53197.00000000004,10.881757282762262,49799.332,10.815757,3397.6679687500364,137,43704.00000000001,10.685194910075554,39016.21,10.5717325,4687.789062500007,173.0,55,high,0.12014977748632148,0.11947350302391285,0.0682271795657407,0.06771560192350312,-0.05218400920701453,-0.05113780483271832,11.0,15.0,43.0,4.0,28.0,32.0,17.435595774162696,0.167649959366949,0.10448261138972102,0.06771560192350312
5202,3,136516,2,Public,148.0,28.032411,-81.711873,13,12,,23968.0,0.8981884889,1,24.0,1,,10.884310555528323,10.887884,"Business Administration, Management and Operations.",Polk State College,53333.00000000001,53523.93,-190.92968749999272,52404.0,10.866738203273561,58617.934,10.978796,-6213.93359375,329,45921.000000000044,10.734677807759818,42319.08,10.652993,3601.9218750000437,282.0,55,high,0.08511342955914268,0.08484208106066325,-0.10600738055379944,-0.10572051463236051,-0.003567183661863724,-0.0035436994237258413,17.0,52.0,33.0,35.0,-19.0,16.0,17.52141546793523,0.16847514873014646,0.10448261138972102,-0.0035436994237258413
5202,3,137032,1,"Private, nonprofit",446.0,28.336776,-82.257801,31,12,0.784,22361.0,0.7686491935,2,30.0,1,open,11.018809454767185,10.958658,"Business Administration, Management and Operations.",Saint Leo University,61010.99999999999,57449.31,3561.6914062499927,67504.99999999997,11.119956948191346,58106.938,10.97004,9398.06249999997,525,54166.99999999997,10.899827145911038,47133.098,10.760731,7033.902343749971,400.0,55,high,0.14923488362783754,0.1489174612589186,0.16173735709268744,0.16148216911737187,0.061997115255752175,0.0618837793651236,8.0,6.0,21.0,-2.0,15.0,13.0,8.144527815247079,0.07831276745429884,0.10448261138972102,0.1489174612589186
5202,3,137078,3,Public,185.0,27.773264,-82.636587,11,15,,22640.0,0.8076387681,1,26.0,1,,10.964467199730683,10.8999195,"Business Administration, Management and Operations.",St Petersburg College,57783.99999999999,54172.004,3611.9960937499927,62039.999999999985,11.035534617290475,59146.91,10.98778,2893.0898437499854,409,46632.00000000004,10.750042279725387,47212.676,10.762418,-580.6757812499636,379.0,55,high,-0.012299149998199694,-0.012271307648775017,0.048913626022174805,0.04881071310796794,0.0666764349349326,0.06633810466789448,35.0,19.0,19.0,-16.0,0.0,-16.0,9.237604307034012,0.0888231183368655,0.10448261138972102,0.04881071310796794
5202,3,137096,1,Public,20.0,29.681037,-82.433143,22,12,,25000.0,0.8128164557,1,22.0,1,,10.90888745948206,11.0118885,"Business Administration, Management and Operations.",Santa Fe College,54660.00000000003,60590.207,-5930.207031249971,57645.00000000002,10.962058791667054,56723.492,10.945944,921.5078125000218,87,45590.0,10.727443673207487,42447.973,10.656034,3142.02734375,73.0,55,high,0.07402066923654058,0.07288011127357821,0.016245611420643315,0.016038656891598335,-0.09787401829129595,-0.09143243633723702,18.0,23.0,48.0,5.0,25.0,30.0,16.072751268321593,0.154545685272323,0.10448261138972102,0.016038656891598335
5202,3,137315,1,Public,25.0,27.56974,-81.508667,23,9,,20658.0,0.9552590267,1,23.0,1,,10.59685970778737,10.773938,"Business Administration, Management and Operations.",South Florida State College,40009.00000000003,47759.73,-7750.730468749971,44874.00000000002,10.711613841419723,49677.895,10.813315,-4803.894531249978,38,31068.00000000002,10.343933629539539,39651.836,10.587893,-8583.835937499982,26.0,55,high,-0.21648016376921342,-0.20557897458524615,-0.09670084806488884,-0.09348742043869367,-0.16228589216644354,-0.15393900219632445,54.0,50.0,52.0,-4.0,2.0,-2.0,2.0,0.019230769230769232,0.10448261138972102,-0.15393900219632445
5202,3,137351,1,Public,106.0,28.061458,-82.413232,11,15,0.4319,32495.0,0.6858996244,2,22.0,1,mid,10.915197549173719,11.087931,"Business Administration, Management and Operations.",University of South Florida,55006.00000000004,65377.316,-10371.316406249964,60599.999999999956,11.012050172057405,77571.32,11.258953,-16971.320312500044,144,45965.99999999997,10.735657271744875,49739.477,10.814554,-3773.476562500029,99.0,55,high,-0.0758648225370542,-0.07504552153300624,-0.21878344011846412,-0.21723565300572978,-0.1586378422418464,-0.15709529906891295,43.0,55.0,53.0,12.0,-2.0,10.0,6.429100507328637,0.0618182741089292,0.10448261138972102,-0.15709529906891295
5202,3,137476,1,"Private, nonprofit",60.0,25.922071,-80.253273,21,13,0.9791,26170.0,0.7702970297,2,24.0,1,open,11.051016981438853,10.936737,"Business Administration, Management and Operations.",St. Thomas University,63008.00000000003,56203.656,6804.343750000029,63851.99999999996,11.064323184384369,64506.734,11.074525,-654.7343750000364,49,33839.000000000015,10.429369262456103,43345.62,10.676961,-9506.621093749985,37.0,55,high,-0.21932137212173305,-0.21190899623090562,-0.01014986080668475,-0.009897980859651882,0.12106585592463176,0.11877911761177873,55.0,31.0,11.0,-24.0,-20.0,-44.0,22.03028218914441,0.21182963643408084,0.10448261138972102,-0.009897980859651882
5202,3,137546,1,"Private, nonprofit",60.0,29.035475,-81.300746,13,14,0.716,52032.0,0.5486725664,2,20.0,1,open,10.967318592363615,11.012546,"Business Administration, Management and Operations.",Stetson University,57949.00000000002,60630.03,-2681.031249999978,59628.999999999985,10.995897311894359,66052.9,11.098211,-6423.898437500015,70,35009.00000000001,10.463360450273136,43539.97,10.681435,-8530.968749999993,60.0,55,high,-0.19593419552006436,-0.19214152298134837,-0.09725384637857157,-0.09565775369498615,-0.04421952611149245,-0.04338429074506259,53.0,51.0,41.0,-2.0,-10.0,-12.0,6.429100507328637,0.0618182741089292,0.10448261138972102,-0.09565775369498615
5202,3,137564,2,"Private, nonprofit",39.0,28.029733,-81.918382,12,13,0.5298,39372.0,0.6645474944,2,23.0,1,mid,10.638376304675711,10.791452,"Business Administration, Management and Operations.",Southeastern University,41704.99999999996,48603.58,-6898.578125000036,55826.99999999996,10.930012902309336,58595.8,10.978418,-2768.8007812500364,128,34939.00000000002,10.461358962786202,41480.094,10.632969,-6541.093749999978,149.0,55,high,-0.15769235695133832,-0.15663584346273715,-0.04725254616088499,-0.046868991909462976,-0.14193560209205353,-0.1375247649953439,50.0,41.0,51.0,-9.0,10.0,1.0,5.507570547286102,0.05295740910852021,0.10448261138972102,-0.1375247649953439
5202,3,137847,1,"Private, nonprofit",29.0,27.948455,-82.46483,11,13,0.4034,75458.0,0.429463171,2,20.0,1,mid,11.218930172684068,11.043856,"Business Administration, Management and Operations.",The University of Tampa,74528.00000000004,62558.395,11969.605468750044,67521.0,11.120193939586706,73596.39,11.206351,-6075.390625,90,46542.999999999956,10.748131895457767,40373.29,10.605924,6169.710937499956,95.0,55,high,0.15281665380169834,0.15108489084856438,-0.08255011656694272,-0.0815392784928554,0.19133492089172505,0.1830040264768282,7.0,48.0,8.0,41.0,-40.0,1.0,23.388031127053,0.22488491468320193,0.10448261138972102,0.15108489084856438
5202,3,138275,1,"Private, nonprofit",61.0,27.825751,-81.599972,41,8,0.4281,29095.0,0.7985915493,2,25.0,1,mid,10.993193631733241,10.725024,"Business Administration, Management and Operations.",Warner University,59468.00000000001,45479.83,13988.171875000007,55458.00000000003,10.923381256492833,56055.8,10.934103,-597.8007812499709,84,37841.00000000002,10.541148449877937,42556.363,10.658585,-4715.363281249978,50.0,55,high,-0.11080277819057745,-0.10815353213713101,-0.01066438750171112,-0.010522857694907461,0.30756870576893824,0.3018698205195832,47.0,32.0,2.0,-15.0,-30.0,-45.0,22.9128784747792,0.22031613918056922,0.10448261138972102,-0.010522857694907461
5202,3,138309,3,"Private, for-profit",338.0,29.175319,-82.15319,13,12,,25123.0,0.7318019398,1,30.0,1,,11.036694485968736,10.965914,"Business Administration, Management and Operations.",Rasmussen University-Florida,62111.999999999956,57867.652,4244.347656249956,76175.99999999994,11.2408017314343,58324.24,10.973773,17851.76171874994,414,59692.99999999996,10.996970039574707,49685.004,10.813458,10007.996093749964,313.0,55,high,0.20142890826040638,0.20085988831341764,0.306077923086891,0.3054429147160803,0.07334577236756291,0.07316103676353743,5.0,2.0,18.0,-3.0,16.0,13.0,8.504900548115382,0.08177788988572482,0.10448261138972102,0.20085988831341764
5202,3,138354,2,Public,36.0,30.549076,-87.218511,41,12,0.5824,34583.0,0.6786062378,2,24.0,1,mid,11.073225991189258,10.876493,"Business Administration, Management and Operations.",University of West Florida,64422.99999999996,52917.72,11505.281249999964,72805.00000000001,11.195539913145005,56538.25,10.942673,16266.750000000015,32,51851.99999999996,10.856148785719933,46456.336,10.746268,5395.664062499964,51.0,55,high,0.11614484770729695,0.1134307253127154,0.2877123009643916,0.2760882917817476,0.21741831510830129,0.21001329504690375,14.0,3.0,4.0,-11.0,1.0,-10.0,6.082762530298219,0.05848810125286749,0.10448261138972102,0.21001329504690375
5202,3,244233,1,"Private, for-profit",36.0,26.025173,-80.22004,21,6,1.0,14979.0,0.8729121278,2,29.0,1,open,10.407651033428568,10.69878,"Business Administration, Management and Operations.",City College-Hollywood,33111.999999999985,44301.777,-11189.777343750015,49518.99999999998,10.810111713293512,49921.535,10.818208,-402.5351562500218,39,38802.00000000001,10.566227070674648,40822.01,10.616977,-2020.0117187499927,32.0,55,high,-0.04948339471036355,-0.047510683078523165,-0.008063356925826146,-0.007803244653953779,-0.25258077699513887,-0.24397816354998955,42.0,30.0,55.0,-12.0,25.0,13.0,12.503332889007368,0.12022435470199391,0.10448261138972102,-0.047510683078523165
5202,3,386472,3,"Private, nonprofit",160.0,28.615784,-81.312669,21,6,0.942,18321.0,0.8203449578,2,31.0,1,open,11.0964246872418,10.910136,"Business Administration, Management and Operations.",Herzing University-Orlando,65935.00000000004,54728.305,11206.695312500044,66378.99999999997,11.103136020381942,55241.24,10.919465,11137.76171874997,140,52469.00000000003,10.867977797989518,43403.656,10.678299,9065.34375000003,130.0,55,high,0.2088612926474375,0.2072203761098661,0.20162042099860664,0.20014638193206222,0.2047696411663134,0.20353884101801153,4.0,4.0,6.0,0.0,2.0,2.0,1.1547005383792517,0.01110288979210819,0.10448261138972102,0.20353884101801153
5202,3,408844,3,"Private, for-profit",32.0,25.86178,-80.321846,21,9,,13365.0,0.8321821438,1,29.0,1,,10.949683108979107,10.993584,"Business Administration, Management and Operations.",Florida National University-Main Campus,56935.99999999999,59491.2,-2555.1992187500073,57467.999999999985,10.95898355013061,53813.93,10.893288,3654.0703124999854,24,47873.999999999985,10.776327838536336,39871.617,10.59342,8002.382812499985,24.0,55,high,0.20070374308792227,0.18965546842016026,0.0679019416295993,0.06411572399538505,-0.04295087764754082,-0.04127796003056544,6.0,18.0,39.0,12.0,21.0,33.0,16.703293088490067,0.16060858738932757,0.10448261138972102,0.06411572399538505
5202,3,426314,3,"Private, nonprofit",224.0,29.189903,-81.048367,13,12,0.5791,38662.0,0.6700304341,2,25.0,2,mid,11.359541158070872,11.249625,"Business Administration, Management and Operations.",Embry-Riddle Aeronautical University-Worldwide,85780.00000000006,76851.11,8928.890625000058,83748.99999999996,11.335579509317519,82963.31,11.326154,785.6874999999563,455,66998.99999999999,11.112432972888584,64270.504,11.070856,2728.4960937499854,426.0,55,high,0.04245331727490396,0.042369351877745896,0.009470300501802606,0.009452680885115689,0.11618427759358624,0.11571249024604745,23.0,26.0,12.0,3.0,-14.0,-11.0,7.371114795831994,0.07087610380607687,0.10448261138972102,0.042369351877745896
5202,3,433660,1,Public,154.0,26.463638,-81.7726,21,16,0.6344,43546.0,0.5981697171,2,21.0,1,mid,10.993597128712489,11.023336,"Business Administration, Management and Operations.",Florida Gulf Coast University,59492.00000000002,61287.824,-1795.8242187499782,66349.00000000001,11.102683968056724,62266.74,11.039183,4082.2617187500146,188,38659.99999999998,10.562560752762321,46061.242,10.737727,-7401.242187500022,178.0,55,high,-0.16068264414954392,-0.1598077759592143,0.06556087297059016,0.06522099761589983,-0.02930148429385058,-0.02911732714955977,51.0,16.0,36.0,-35.0,20.0,-15.0,17.55942292142123,0.16884060501366568,0.10448261138972102,-0.02911732714955977
5202,3,449898,3,"Private, for-profit",356.0,27.982269,-82.500357,11,6,,20000.0,0.7772579044,1,30.0,1,,10.905331932762941,10.86409,"Business Administration, Management and Operations.",South University-Tampa,54466.00000000001,52265.402,2200.5976562500073,53445.00000000002,10.886408366708046,54094.098,10.89848,-649.0976562499782,280,43772.99999999998,10.686772467932132,42712.33,10.662243,1060.6718749999782,177.0,55,high,0.024832921115792682,0.024696822473565166,-0.011999417392536574,-0.011960271701382676,0.04210428998090664,0.042004423896110116,29.0,34.0,23.0,5.0,-11.0,-6.0,5.507570547286102,0.05295740910852021,0.10448261138972102,0.024696822473565166
5202,3,480569,3,"Private, nonprofit",60.0,28.065773,-80.623123,13,9,0.4018,30032.0,0.7019104084,2,28.0,2,mid,11.101779249890095,11.0888605,"Business Administration, Management and Operations.",Florida Institute of Technology-Online,66288.99999999994,65438.137,850.8632812499418,72717.00000000006,11.194330473874974,67154.92,11.114758,5562.078125000058,98,63708.00000000004,11.062065422371672,56114.05,10.935142,7593.949218750036,58.0,55,high,0.1353306188561152,0.13260590945366707,0.08282457889465095,0.0819063186524437,0.013002559729151698,0.012756962394785834,10.0,13.0,28.0,3.0,15.0,18.0,9.643650760992955,0.0927274111633938,0.10448261138972102,0.0819063186524437
5202,3,482459,2,"Private, for-profit",5572.0,28.53732,-81.379188,11,6,,22648.0,0.7560557866,2,31.0,1,,11.040422715523396,11.074105,"Business Administration, Management and Operations.",DeVry University-Florida,62343.99999999998,64479.67,-2135.671875000022,68230.99999999994,11.130654286011607,69627.38,11.150913,-1396.3828125000582,3338,55101.99999999999,10.916941292122916,55657.035,10.926964,-555.0351562500073,2236.0,55,high,-0.009972416868627966,-0.009969440990675787,-0.020055081149041403,-0.020051210402052638,-0.03312163063019653,-0.033118171020217475,34.0,36.0,37.0,2.0,1.0,3.0,1.5275252316519465,0.014687742612037948,0.10448261138972102,-0.020051210402052638
5202,3,484473,3,Public,340.0,29.649413,-82.339848,12,9,0.6126,39127.0,0.6673828964,2,21.0,2,mid,11.209574609103825,11.102354,"Business Administration, Management and Operations.",University of Florida-Online,73833.99999999994,66327.11,7506.890624999942,82615.00000000006,11.321946541085092,72410.34,11.1901045,10204.656250000058,422,52032.00000000001,10.859614192907483,47861.594,10.776069,4170.406250000007,425.0,55,high,0.08713471331071183,0.08696190766775304,0.1409281564141181,0.14064216661407078,0.11317982489720015,0.11289670024165369,16.0,9.0,13.0,-7.0,4.0,-3.0,3.511884584284246,0.03376812100273314,0.10448261138972102,0.11289670024165369
5202,3,496973,3,"Private, nonprofit",160.0,27.976414,-82.335773,21,-2,0.8966,18321.0,0.8203449578,2,31.0,1,open,11.0964246872418,10.974368,"Business Administration, Management and Operations.",Herzing University-Tampa,65935.00000000004,58358.957,7576.042968750044,66378.99999999997,11.103136020381942,56519.973,10.942349,9859.02734374997,140,52469.00000000003,10.867977797989518,41126.965,10.624419,11342.03515625003,130.0,55,high,0.27578099184660987,0.2736143213997654,0.17443439691154478,0.17315911381113647,0.12981799802716198,0.12903770652343116,2.0,5.0,10.0,3.0,5.0,8.0,4.041451884327381,0.03886011427237866,0.10448261138972102,0.17315911381113647
5202,5,132471,2,"Private, nonprofit",101.0,25.878908,-80.198925,21,13,0.7724,28822.0,0.7126805778,2,26.0,1,open,11.233806623178936,11.262198,"Business Administration, Management and Operations.",Barry University,75645.00000000001,77823.484,-2178.4843749999854,84090.00000000004,11.339642932826944,76388.14,11.243583,7701.859375000044,92,61860.0,11.03262904623906,64048.277,11.067392,-2188.27734375,124.0,33,high,-0.034166060891933386,-0.033882406620576545,0.10082532853901421,0.09962196541781713,-0.027992634774649094,-0.027704629656728427,22.0,13.0,21.0,-9.0,8.0,-1.0,4.932882862316248,0.04743156598381008,0.06148115325303839,-0.027704629656728427
5202,5,132657,2,"Private, nonprofit",146.0,26.385985,-80.122806,13,11,0.7347,41024.0,0.604197901,2,21.0,1,open,11.089668007602317,11.424527,"Business Administration, Management and Operations.",Lynn University,65491.00000000001,91539.625,-26048.624999999993,77698.99999999994,11.260597666260049,79559.15,11.284256,-1860.1484375000582,247,58347.00000000003,10.974163222511216,59524.68,10.994146,-1177.679687499971,246.0,33,high,-0.01978472952198481,-0.019710813653928003,-0.023380698185342594,-0.023292468592101562,-0.2845611941276796,-0.282657807188171,21.0,23.0,33.0,2.0,10.0,12.0,6.429100507328636,0.06181827410892919,0.06148115325303839,-0.023292468592101562
5202,5,133465,3,"Private, for-profit",287.0,26.69215,-80.200219,21,6,,20000.0,0.7772579044,1,30.0,1,,11.00379839783982,11.100524,"Business Administration, Management and Operations.",South University-West Palm Beach,60102.000000000015,66205.836,-6103.835937499985,74209.00000000004,11.214640715600513,65994.28,11.097323,8214.718750000044,181,59169.00000000004,10.988153035071614,49276.586,10.805204,9892.414062500036,205.0,33,high,0.20075282965112656,0.19982561987217015,0.12447622118772668,0.12380175266923156,-0.09219483223899118,-0.09191414352368545,5.0,9.0,23.0,4.0,14.0,18.0,9.451631252505218,0.0908810697356271,0.06148115325303839,0.12380175266923156
5202,5,133553,1,"Private, nonprofit",176.0,29.189903,-81.048367,13,13,0.6481,38662.0,0.6700304341,2,25.0,1,mid,11.57101511174483,11.504522,"Business Administration, Management and Operations.",Embry-Riddle Aeronautical University-Daytona Beach,105980.99999999997,99163.2,6817.796874999971,110335.99999999994,11.61128553458331,113845.14,11.642594,-3509.140625000058,435,86536.00000000003,11.368315791310126,95732.17,11.46931,-9196.17187499997,397.0,33,high,-0.09606145661259678,-0.09585534940655553,-0.030823806846169973,-0.030763407229949438,0.06875329416704913,0.06838353493511637,30.0,25.0,17.0,-5.0,-8.0,-13.0,6.557438524302,0.06305229350290385,0.06148115325303839,-0.030763407229949438
5202,5,133650,2,Public,40.0,30.428504,-84.290226,12,13,0.2056,28781.0,0.8220073183,2,20.0,1,elite,11.322841861282342,11.130442,"Business Administration, Management and Operations.",Florida Agricultural and Mechanical University,82688.99999999997,68216.49,14472.50781249997,90640.99999999994,11.414661928297692,75133.31,11.227019,15507.687499999942,62,55709.999999999956,10.92791494301486,58033.777,10.9687805,-2323.7773437500437,73.0,33,high,-0.04004180754917386,-0.039424817687792386,0.20640228660223042,0.20250170397956285,0.2121555557667903,0.2057513560840892,23.0,6.0,8.0,-17.0,2.0,-15.0,9.291573243177568,0.08934205041516893,0.06148115325303839,0.20250170397956285
5202,5,133669,2,Public,213.0,26.372421,-80.102978,13,15,0.6613,28064.0,0.7219053052,2,23.0,1,mid,11.449868512434344,11.216274,"Business Administration, Management and Operations.",Florida Atlantic University,93889.00000000003,74330.32,19558.67968750003,95852.00000000006,11.47056061419246,82241.57,11.317416,13610.429687500058,335,77205.00000000007,11.254219500754965,67604.34,11.121428,9600.656250000073,407.0,33,high,0.14201241691662858,0.14171634897554072,0.16549330996214442,0.1650547431628577,0.26313191716746687,0.2619989228905975,8.0,7.0,6.0,-1.0,-1.0,-2.0,1.0,0.009615384615384616,0.06148115325303839,0.1650547431628577
5202,5,133881,2,"Private, nonprofit",380.0,28.065773,-80.623123,13,14,0.577,30032.0,0.7019104084,2,28.0,1,mid,11.5477808948927,11.364145,"Business Administration, Management and Operations.",Florida Institute of Technology,103546.99999999991,86175.85,17371.148437499913,107776.00000000004,11.587810278161944,110958.23,11.616909,-3182.2265624999563,584,85330.0,11.35428137153063,85636.125,11.357862,-306.125,477.0,33,high,-0.0035747180293363343,-0.00356851223830745,-0.028679500935493842,-0.028639465986487384,0.20157791449152426,0.20113454865114097,17.0,24.0,9.0,7.0,-15.0,-8.0,7.505553499465135,0.07216878364870322,0.06148115325303839,-0.00356851223830745
5202,5,133951,2,Public,661.0,25.75732,-80.373928,21,15,0.5466,23924.0,0.8131269705,2,23.0,1,mid,11.473352689850405,11.284923,"Business Administration, Management and Operations.",Florida International University,96119.99999999994,79612.195,16507.80468749994,99549.00000000009,11.508405264238474,80702.81,11.298529,18846.187500000087,825,76204.99999999999,11.24118235631995,58392.582,10.974944,17812.417968749985,804.0,33,high,0.3050459039337788,0.3047550903801493,0.23352578325569617,0.2333063814453217,0.20735271301968522,0.20711164134728716,2.0,4.0,7.0,2.0,3.0,5.0,2.516611478423583,0.024198187292534454,0.06148115325303839,0.2333063814453217
5202,5,134079,2,"Private, nonprofit",32.0,28.032443,-81.948203,12,14,0.6442,66112.0,0.4608177172,2,21.0,1,mid,11.298642542088215,11.390952,"Business Administration, Management and Operations.",Florida Southern College,80712.0,88517.195,-7805.1953125,96708.00000000003,11.479451408112512,85946.46,11.36148,10761.53906250003,40,70995.99999999996,11.170378816408236,64748.34,11.078263,6247.660156249956,26.0,33,high,0.09649143393215552,0.091632460446492,0.12521212560835737,0.12128830286001048,-0.08817716472991079,-0.08474270330860725,11.0,10.0,22.0,-1.0,12.0,11.0,6.658328118479393,0.06402238575460956,0.06148115325303839,0.091632460446492
5202,5,134130,3,Public,736.0,29.64629,-82.347911,12,16,0.242,39127.0,0.6673828964,2,21.0,1,elite,11.77679628631847,11.443362,"Business Administration, Management and Operations.",University of Florida,130195.99999999993,93280.11,36915.89062499993,137403.9999999999,11.83068077042815,103192.414,11.544351,34211.58593749991,799,95217.00000000001,11.463913776266049,79385.28,11.282068,15831.718750000015,784.0,33,high,0.19942889287175025,0.19923321015239537,0.3315319856436265,0.33120888775969004,0.3957530803977997,0.395346300699061,6.0,2.0,1.0,-4.0,-1.0,-5.0,2.6457513110645907,0.02543991645254414,0.06148115325303839,0.33120888775969004
5202,5,135081,2,"Private, nonprofit",215.0,26.185869,-80.163959,12,15,0.9697,21659.0,0.7867955286,2,28.0,1,open,10.872901902732556,11.062368,"Business Administration, Management and Operations.",Keiser University-Ft Lauderdale,52728.00000000001,63727.305,-10999.304687499993,63874.99999999996,11.064683327506005,76507.49,11.245144,-12632.492187500036,213,51176.000000000015,10.843025951129974,50326.223,10.826282,849.7773437500146,210.0,33,high,0.016885379011144223,0.016809548605432805,-0.16511444600145928,-0.16437428018048114,-0.17259955903419036,-0.17186442203754015,14.0,33.0,26.0,19.0,-7.0,12.0,9.60902353693305,0.09239445708589471,0.06148115325303839,-0.16437428018048114
5202,5,135726,2,"Private, nonprofit",179.0,25.72126,-80.278662,21,16,0.189,54690.0,0.4559891107,2,20.0,1,elite,11.701452726485687,11.459336,"Business Administration, Management and Operations.",University of Miami,120747.00000000004,94782.14,25964.859375000044,128051.99999999988,11.760191710404564,90133.67,11.409049,37918.32812499988,195,93230.00000000004,11.44282483729074,74972.555,11.224877,18257.445312500044,172.0,33,high,0.24352171789530958,0.24214173610711118,0.42068993014714995,0.4185999393521123,0.27394252971905847,0.27249800804504604,3.0,1.0,5.0,-2.0,4.0,2.0,2.0,0.019230769230769232,0.06148115325303839,0.27249800804504604
5202,5,136172,1,Public,95.0,30.27194,-81.509144,11,15,0.5324,37074.0,0.6143506622,2,22.0,1,mid,11.466001558258505,11.292126,"Business Administration, Management and Operations.",University of North Florida,95415.99999999997,80187.73,15228.27343749997,99022.99999999996,11.503107425366187,88296.805,11.388459,10726.195312499956,136,66423.00000000006,11.103798661029073,66029.34,11.097855,393.6562500000582,152.0,33,high,0.00596183798964469,0.00592281315361572,0.12147886155633944,0.12056017274316196,0.18990778377574696,0.1878089306258629,15.0,11.0,10.0,-4.0,-1.0,-5.0,2.6457513110645907,0.02543991645254414,0.06148115325303839,0.12056017274316196
5202,5,136215,2,"Private, nonprofit",608.0,26.082288,-80.249891,21,16,0.7321,31002.0,0.6566484517,2,24.0,1,open,11.324255801516095,11.275507,"Business Administration, Management and Operations.",Nova Southeastern University,82806.00000000001,78866.12,3939.8828125000146,86083.00000000001,11.363067226089434,87005.19,11.373723,-922.1874999999854,856,68273.99999999999,11.131284299585063,68793.766,11.138868,-519.7656250000146,617.0,33,high,-0.007555417562592752,-0.0075456618906047995,-0.010599224327859594,-0.010589677275854505,0.049956596736379866,0.049892668557570796,19.0,22.0,19.0,3.0,-3.0,0.0,1.7320508075688772,0.01665433468816228,0.06148115325303839,-0.0075456618906047995
5202,5,136330,3,"Private, nonprofit",77.0,26.7044,-80.05247,12,11,0.8199,52817.0,0.5402097902,2,22.0,1,open,11.255604461854432,11.175274,"Business Administration, Management and Operations.",Palm Beach Atlantic University,77311.99999999999,71344.38,5967.617187499985,72924.99999999997,11.197186794735922,82737.96,11.323434,-9812.96093750003,42,57693.99999999997,10.962908460954075,65614.555,11.091553,-7920.554687500029,51.0,33,high,-0.12071338021301768,-0.11789249840009845,-0.11860288586169908,-0.115088322850939,0.08364522828914879,0.08246375326006362,32.0,32.0,15.0,0.0,-17.0,-17.0,9.814954576223638,0.0943745632329196,0.06148115325303839,-0.115088322850939
5202,5,136950,1,"Private, nonprofit",129.0,28.592787,-81.349239,21,11,0.4754,43978.0,0.58,2,22.0,1,mid,11.463850760322995,11.354003,"Business Administration, Management and Operations.",Rollins College,95211.00000000007,85306.24,9904.757812500073,105299.0,11.56455920140081,91580.57,11.424974,13718.4296875,207,75913.00000000004,11.237343226714685,66936.695,11.111503,8976.304687500044,171.0,33,high,0.13410140201265322,0.13333629557251747,0.14979629020313653,0.149102086436312,0.11610824200566446,0.11521077112357943,9.0,8.0,13.0,-1.0,5.0,4.0,2.6457513110645907,0.02543991645254414,0.06148115325303839,0.13333629557251747
5202,5,137032,1,"Private, nonprofit",768.0,28.336776,-82.257801,31,12,0.784,22361.0,0.7686491935,2,30.0,1,open,11.271948845504227,11.169827,"Business Administration, Management and Operations.",Saint Leo University,78586.00000000001,70956.87,7629.132812500015,82550.99999999997,11.321171563145283,77412.73,11.2569065,5138.273437499971,929,64606.000000000044,11.076062564714649,61706.863,11.03015,2899.1367187500437,739.0,33,high,0.04698240300331331,0.046933075987710106,0.06637504794966148,0.06632059629118565,0.10751789241681724,0.10741263501995542,12.0,15.0,14.0,3.0,-1.0,2.0,1.5275252316519468,0.01468774261203795,0.06148115325303839,0.06632059629118565
5202,5,137351,1,Public,231.0,28.061458,-82.413232,11,15,0.4319,32495.0,0.6858996244,2,22.0,1,mid,11.489656838030873,11.436022,"Business Administration, Management and Operations.",University of South Florida,97699.99999999991,92597.91,5102.093749999913,112593.99999999997,11.63154370729995,91568.695,11.424845,21025.30468749997,322,83988.00000000007,11.33842921047754,73428.2,11.204063,10559.796875000073,312.0,33,high,0.14381118460741404,0.1434034206150163,0.22961236496540774,0.22897534240253217,0.05509945048028462,0.054883578172089345,7.0,5.0,18.0,-2.0,13.0,11.0,7.0,0.0673076923076923,0.06148115325303839,0.1434034206150163
5202,5,137476,2,"Private, nonprofit",79.0,25.922071,-80.253273,21,13,0.9791,26170.0,0.7702970297,2,24.0,1,open,10.978063263375997,11.2995405,"Business Administration, Management and Operations.",St. Thomas University,58575.000000000044,80784.51,-22209.507812499956,79954.99999999996,11.289219255393542,74270.02,11.215463,5684.976562499956,87,56047.999999999985,10.933963745437268,61134.465,11.020831,-5086.464843750015,93.0,33,high,-0.08320126555045852,-0.08223468901440929,0.07654469864660808,0.07556958779056672,-0.2749228585268848,-0.27115410363811204,27.0,14.0,32.0,-13.0,18.0,5.0,9.291573243177568,0.08934205041516893,0.06148115325303839,-0.08223468901440929
5202,5,137546,2,"Private, nonprofit",55.0,29.035475,-81.300746,13,14,0.716,52032.0,0.5486725664,2,20.0,1,open,11.547355876774736,11.295694,"Business Administration, Management and Operations.",Stetson University,103503.00000000004,80474.39,23028.609375000044,83957.99999999994,11.338071952783768,82240.24,11.3174,1717.7578124999418,44,63879.99999999998,11.064761602328948,68306.266,11.131757,-4426.265625000022,37.0,33,high,-0.0648002871259297,-0.06261024024921977,0.020887071424031265,0.020300324949721837,0.2861607176661991,0.2801807844075338,25.0,19.0,4.0,-6.0,-15.0,-21.0,10.816653826391969,0.10400628679223047,0.06148115325303839,0.020300324949721837
5202,5,137564,2,"Private, nonprofit",41.0,28.029733,-81.918382,12,13,0.5298,39372.0,0.6645474944,2,23.0,1,mid,10.96306444421219,11.136726,"Business Administration, Management and Operations.",Southeastern University,57703.00000000004,68646.57,-10943.570312499964,76931.99999999993,11.250677193775257,82204.016,11.316959,-5272.015625000073,90,58693.00000000005,10.980075748279397,62993.453,11.050786,-4300.453124999949,87.0,33,high,-0.0682682550592427,-0.06741095587126845,-0.06413331009339086,-0.0633479884687136,-0.15941903962108397,-0.15474136554463908,26.0,29.0,25.0,3.0,-4.0,-1.0,2.081665999466133,0.020016019225635895,0.06148115325303839,-0.06741095587126845
5202,5,137847,1,"Private, nonprofit",30.0,27.948455,-82.46483,11,13,0.4034,75458.0,0.429463171,2,20.0,1,mid,11.538505488572998,11.269877,"Business Administration, Management and Operations.",The University of Tampa,102590.99999999999,78423.38,24167.617187499985,107129.99999999996,11.581798329256603,105740.555,11.568744,1389.4453124999563,103,83816.99999999993,11.336391129857876,61481.184,11.026486,22335.816406249927,64.0,33,high,0.36329515960262876,0.35677093092936113,0.013140136408459829,0.01300267516899043,0.30816851200211015,0.2952547352376147,1.0,20.0,3.0,19.0,-17.0,2.0,10.44030650891055,0.10038756258567837,0.06148115325303839,0.2952547352376147
5202,5,138275,3,"Private, nonprofit",41.0,27.825751,-81.599972,41,8,0.4281,29095.0,0.7985915493,2,25.0,1,mid,10.898607948952096,11.200562,"Business Administration, Management and Operations.",Warner University,54101.000000000015,73171.52,-19070.523437499985,73819.00000000003,11.209371430027863,76630.6,11.246752,-2811.601562499971,51,53769.999999999956,10.892470969803723,58954.09,10.984514,-5184.089843750044,59.0,33,high,-0.08793435463917408,-0.0861986837915834,-0.03669032351529729,-0.03582091546896521,-0.2606276669063644,-0.25298032889711586,28.0,26.0,31.0,-2.0,5.0,3.0,2.5166114784235836,0.024198187292534458,0.06148115325303839,-0.0861986837915834
5202,5,138354,2,Public,56.0,30.549076,-87.218511,41,12,0.5824,34583.0,0.6786062378,2,24.0,1,mid,11.131738249321588,11.380992,"Business Administration, Management and Operations.",University of West Florida,68305.00000000001,87639.93,-19334.929687499985,87186.00000000004,11.375799046548751,92870.38,11.43896,-5684.382812499956,113,74044.00000000001,11.212414790079576,74604.805,11.21996,-560.8046874999854,129.0,33,high,-0.007517004968366977,-0.007457412734315346,-0.06120770304109116,-0.060633049536820936,-0.22061781378012343,-0.2161029489764749,18.0,28.0,29.0,10.0,1.0,11.0,6.082762530298219,0.05848810125286749,0.06148115325303839,-0.060633049536820936
5202,5,385619,3,"Private, nonprofit",26.0,26.391218,-80.108331,13,9,0.8145,22435.0,0.7852348993,2,33.0,1,open,11.042425712675803,11.290065,"Business Administration, Management and Operations.",Everglades University,62468.99999999996,80022.63,-17553.632812500036,81771.00000000007,11.31167793650524,64949.83,11.08137,16821.171875000073,44,58030.00000000003,10.968715397184654,51652.453,10.852293,6377.546875000029,44.0,33,high,0.1234703579240706,0.1200492925546689,0.25898716533362764,0.25171186076526847,-0.21935835145076676,-0.2085599649330038,10.0,3.0,28.0,-7.0,25.0,18.0,12.897028081435403,0.12400988539841734,0.06148115325303839,0.1200492925546689
5202,5,386472,3,"Private, nonprofit",178.0,28.615784,-81.312669,21,6,0.942,18321.0,0.8203449578,2,31.0,1,open,10.903273486897342,11.164384,"Business Administration, Management and Operations.",Herzing University-Orlando,54353.99999999998,70571.664,-16217.664062500022,70853.99999999997,11.168376700829336,63905.074,11.065154,6948.925781249971,218,54064.999999999956,10.897942305379637,57066.848,10.951979,-3001.8476562500437,190.0,33,high,-0.05260230378120911,-0.0523368692524023,0.10873824756800186,0.1082637853326065,-0.2298041895134747,-0.22858446991504724,24.0,12.0,30.0,-12.0,18.0,6.0,9.16515138991168,0.08812645567222768,0.06148115325303839,-0.0523368692524023
5202,5,408844,3,"Private, for-profit",22.0,25.86178,-80.321846,21,9,,13365.0,0.8321821438,1,29.0,1,,11.243934290961937,10.93251,"Business Administration, Management and Operations.",Florida National University-Main Campus,76415.0,55966.598,20448.40234375,68395.99999999996,11.133069622368483,71276.44,11.174321,-2880.4375000000437,25,49748.999999999985,10.814745641882208,54936.84,10.913939,-5187.839843750015,18.0,33,high,-0.0944328042622244,-0.08731296570809162,-0.04041219793006691,-0.03825856174130857,0.3653679730425144,0.34371124119745167,29.0,27.0,2.0,-2.0,-25.0,-27.0,15.044378795195676,0.14465748841534304,0.06148115325303839,-0.03825856174130857
5202,5,426314,3,"Private, nonprofit",176.0,29.189903,-81.048367,13,12,0.5791,38662.0,0.6700304341,2,25.0,2,mid,11.57101511174483,11.599099,"Business Administration, Management and Operations.",Embry-Riddle Aeronautical University-Worldwide,105980.99999999997,108999.57,-3018.570312500029,110335.99999999994,11.61128553458331,120263.7,11.697442,-9927.703125000058,435,86536.00000000003,11.368315791310126,98928.945,11.502157,-12392.94531249997,397.0,33,high,-0.1252711759268506,-0.125002397032815,-0.08254945479835571,-0.08238769815960183,-0.027693414789121067,-0.02754447798680377,33.0,31.0,20.0,-2.0,-11.0,-13.0,7.0,0.0673076923076923,0.06148115325303839,-0.08238769815960183
5202,5,449038,3,"Private, for-profit",2289.0,27.997442,-82.35991,21,6,,18178.0,0.8626386594,1,33.0,5,,11.193505016731235,11.081317,"Business Administration, Management and Operations.",Strayer University-Florida,72657.00000000001,64946.355,7710.644531250015,76080.00000000004,11.239540697219272,72642.81,11.19331,3437.1875000000437,3047,64744.99999999996,11.07821175650294,53880.33,10.894521,10864.671874999964,2702.0,33,high,0.20164450093537667,0.20159588196610795,0.04731627784923723,0.04730616090134187,0.11872328286319495,0.1186896621391155,4.0,17.0,11.0,13.0,-6.0,7.0,6.506407098647712,0.06256160671776646,0.06148115325303839,0.1186896621391155
5202,5,449898,3,"Private, for-profit",287.0,27.982269,-82.500357,11,6,,20000.0,0.7772579044,1,30.0,1,,11.00379839783982,11.136049,"Business Administration, Management and Operations.",South University-Tampa,60102.000000000015,68600.1,-8498.101562499985,74209.00000000004,11.214640715600513,72463.88,11.190844,1745.1171875000437,181,59169.00000000004,10.988153035071614,56766.086,10.946694,2402.9140625000364,205.0,33,high,0.04233009943905006,0.0421345909512629,0.024082579069293418,0.0239520887533807,-0.1238788481203276,-0.12350169688648932,13.0,18.0,24.0,5.0,6.0,11.0,5.507570547286102,0.05295740910852021,0.06148115325303839,0.0239520887533807
5202,5,480569,3,"Private, nonprofit",380.0,28.065773,-80.623123,13,9,0.4018,30032.0,0.7019104084,2,28.0,2,mid,11.5477808948927,11.437516,"Business Administration, Management and Operations.",Florida Institute of Technology-Online,103546.99999999991,92736.38,10810.617187499913,107776.00000000004,11.587810278161944,115120.336,11.653733,-7344.335937499956,584,85330.0,11.35428137153063,95502.38,11.466907,-10172.3828125,477.0,33,high,-0.10651443988022223,-0.10632952841307133,-0.06379703357960378,-0.06370797655619646,0.11657363442088818,0.11631723347774951,31.0,30.0,12.0,-1.0,-18.0,-19.0,10.692676621563626,0.10281419828426563,0.06148115325303839,-0.06370797655619646
5202,5,482459,1,"Private, for-profit",2500.0,28.53732,-81.379188,11,6,,22648.0,0.7560557866,2,31.0,1,,11.371718979745255,11.295459,"Business Administration, Management and Operations.",DeVry University-Florida,86831.00000000003,80455.44,6375.562500000029,87023.99999999996,11.373939221662742,87445.234,11.378768,-421.23437500004366,2421,71066.99999999999,11.171378373026236,71934.266,11.183508,-867.2656250000146,1921.0,33,high,-0.012056363090173891,-0.01205209269090257,-0.004817122145200308,-0.004815788098314491,0.07924340104421194,0.0792230827181792,20.0,21.0,16.0,1.0,-5.0,-4.0,2.6457513110645907,0.02543991645254414,0.06148115325303839,-0.004815788098314491
5202,5,496973,3,"Private, nonprofit",178.0,27.976414,-82.335773,21,-2,0.8966,18321.0,0.8203449578,2,31.0,1,open,10.903273486897342,11.102808,"Business Administration, Management and Operations.",Herzing University-Tampa,54353.99999999998,66357.23,-12003.226562500022,70853.99999999997,11.168376700829336,66892.85,11.110847,3961.148437499971,218,54064.999999999956,10.897942305379637,53803.67,10.893097,261.32812499995634,190.0,33,high,0.00485706859574733,0.004832559522542915,0.05921631900830167,0.058957937916855496,-0.18088800850039327,-0.17992791874069156,16.0,16.0,27.0,0.0,11.0,11.0,6.350852961085883,0.06106589385659503,0.06148115325303839,0.004832559522542915
5203,2,132709,2,Public,43.0,26.119422,-80.14183,12,15,,20743.0,0.9264472291,1,24.0,1,,10.630166216304866,10.890134,Accounting and Related Services.,Broward College,41364.00000000003,53644.48,-12280.48046874997,48604.99999999999,10.79148168525517,41381.75,10.630595,7223.249999999993,18,36970.0,10.517862051930678,39986.92,10.596308,-3016.921875,17.0,5,low,-0.07544771474110872,-0.06939968225965927,0.17455158372954244,0.1612287403231812,-0.228923467268992,-0.22256458503708354,5.0,1.0,4.0,-4.0,3.0,-1.0,2.081665999466133,0.049563476177765076,0.028421034978163152,-0.06939968225965927
5203,2,135081,2,"Private, nonprofit",66.0,26.185869,-80.163959,12,15,0.9697,21659.0,0.7867955286,2,28.0,1,open,10.78936031318875,10.608178,Accounting and Related Services.,Keiser University-Ft Lauderdale,48501.999999999985,40464.414,8037.585937499985,49543.000000000044,10.810596258335398,47250.83,10.763226,2292.1718750000437,77,48117.00000000001,10.781390824005488,35876.367,10.487834,12240.632812500007,36.0,5,low,0.3411893057211454,0.3292919193110679,0.048510723853055084,0.04779820767437498,0.19863344431691005,0.19527543114593768,1.0,2.0,1.0,1.0,-1.0,0.0,0.5773502691896257,0.013746434980705375,0.028421034978163152,0.19527543114593768
5203,2,138187,1,Public,32.0,28.520783,-81.464275,11,15,,23247.0,0.8727049583,1,22.0,1,,10.639766059056678,10.779954,Accounting and Related Services.,Valencia College,41763.00000000003,48047.91,-6284.910156249971,48119.00000000001,10.781432388492796,58297.543,10.973315,-10178.542968749993,31,37209.0,10.52430594648344,38647.074,10.562226,-1438.07421875,23.0,5,low,-0.0372104291934292,-0.035063277374506145,-0.17459643152038382,-0.16728474969923396,-0.13080506802089162,-0.1257102686904211,3.0,4.0,3.0,1.0,-1.0,0.0,0.5773502691896258,0.013746434980705376,0.028421034978163152,-0.1257102686904211
5203,2,138309,1,"Private, for-profit",136.0,29.175319,-82.15319,13,12,,25123.0,0.7318019398,1,30.0,1,,10.862799458960477,10.783951,Accounting and Related Services.,Rasmussen University-Florida,52197.99999999997,48240.332,3957.667968749971,53756.000000000044,10.892210567666956,51753.785,10.854253,2002.2148437500437,166,43765.000000000015,10.686589690166539,46040.906,10.737286,-2275.9062499999854,80.0,5,low,-0.04943226437902676,-0.048747687124800675,0.03868731219765185,0.038455445416015366,0.08204064528797606,0.08144447126273387,4.0,3.0,2.0,-1.0,-1.0,-2.0,1.0,0.023809523809523808,0.028421034978163152,0.038455445416015366
5203,2,408844,3,"Private, for-profit",19.0,25.86178,-80.321846,21,9,,13365.0,0.8321821438,1,29.0,1,,10.431170293368542,10.751278,Accounting and Related Services.,Florida National University-Main Campus,33900.0,46689.652,-12789.65234375,33133.99999999998,10.408315224498482,50760.52,10.834874,-17626.519531250022,39,41019.0,10.621790652977191,36513.273,10.505431,4505.7265625,21.0,5,low,0.12339968834107631,0.11552979363370769,-0.3472486037184569,-0.3360468642880198,-0.27392905497746883,-0.2548637537849575,2.0,5.0,5.0,3.0,0.0,3.0,1.7320508075688772,0.041239304942116126,0.028421034978163152,-0.2548637537849575
5203,3,132903,1,Public,135.0,28.602159,-81.200889,21,15,0.4011,31400.0,0.7045342864,2,23.0,1,mid,11.244287562323809,11.207018,Accounting and Related Services.,University of Central Florida,76442.00000000003,73645.47,2796.531250000029,79562.99999999993,11.28430443964765,76982.85,11.251338,2580.1484374999272,180,55203.00000000005,10.918772578614485,49694.008,10.81364,5508.992187500051,186.0,21,high,0.11085827909646528,0.11028483876952627,0.033515885487889266,0.033333105001992956,0.037972889540471955,0.037694558201539025,6.0,11.0,12.0,5.0,1.0,6.0,3.214550253664318,0.07653691080153138,0.09684180308263352,0.037694558201539025
5203,3,133669,2,Public,362.0,26.372421,-80.102978,13,15,0.6613,28064.0,0.7219053052,2,23.0,1,mid,11.141325407871603,11.159841,Accounting and Related Services.,Florida Atlantic University,68962.99999999994,70251.76,-1288.7578125000582,77465.00000000001,11.257581500430392,71910.53,11.183178,5554.468750000015,297,56600.00000000004,10.943764264191275,50216.004,10.824089,6383.996093750036,253.0,21,high,0.1271307072874325,0.12667098139307123,0.07724138110855654,0.0770060473913023,-0.018344847910278874,-0.01830216958853175,4.0,6.0,15.0,2.0,9.0,11.0,5.859465277082315,0.1395110780257694,0.09684180308263352,0.0770060473913023
5203,3,133711,1,"Private, nonprofit",47.0,29.892733,-81.314887,23,10,0.8076,53601.0,0.5154411765,2,22.0,1,open,11.084324781459907,11.040661,Accounting and Related Services.,Flagler College,65142.0,62358.848,2783.15234375,63113.0,11.052682049496653,61560.56,11.027777,1552.44140625,69,49896.0,10.817696118205959,43507.758,10.680695,6388.2421875,33.0,21,high,0.14682995651098862,0.1411771398771578,0.025218117601805083,0.024797261019068182,0.04463123435333486,0.04351238702151248,3.0,12.0,11.0,9.0,-1.0,8.0,4.932882862316248,0.11744959195991067,0.09684180308263352,0.04351238702151248
5203,3,133881,1,"Private, nonprofit",32.0,28.065773,-80.623123,13,14,0.577,30032.0,0.7019104084,2,28.0,1,mid,10.79820729448214,11.051491,Accounting and Related Services.,Florida Institute of Technology,48932.99999999998,63037.863,-14104.863281250022,67417.00000000001,11.118652490616178,73191.69,11.200837,-5774.687499999985,45,48887.99999999996,10.79728724657475,54301.105,10.9023,-5413.105468750036,39.0,21,high,-0.09968683734929208,-0.09651455867661632,-0.07889813307009741,-0.07673832334690979,-0.2237522426532718,-0.21503719213337072,17.0,19.0,21.0,2.0,2.0,4.0,2.0,0.047619047619047616,0.09684180308263352,-0.09651455867661632
5203,3,133951,1,Public,222.0,25.75732,-80.373928,21,15,0.5466,23924.0,0.8131269705,2,23.0,1,mid,11.291180934569725,11.091939,Accounting and Related Services.,Florida International University,80111.99999999996,65639.89,14472.109374999956,81922.99999999994,11.313535060696548,72595.234,11.192655,9327.765624999942,319,54963.00000000004,10.914415510559355,49267.805,10.805026,5695.195312500036,163.0,21,high,0.11559669339082598,0.11489925996563131,0.1284900545511868,0.12812969348132358,0.22047735359095835,0.2195726718115177,5.0,3.0,1.0,-2.0,-2.0,-4.0,2.0,0.047619047619047616,0.09684180308263352,0.12812969348132358
5203,3,134097,1,Public,224.0,30.443147,-84.295064,12,15,0.2422,43729.0,0.5975318884,2,20.0,1,elite,11.401054916065448,11.204176,Accounting and Related Services.,Florida State University,89416.00000000003,73436.48,15979.52343750003,91056.0,11.419229980842905,85795.125,11.359717,5260.875,223,55625.999999999956,10.926405996835037,50649.88,10.832692,4976.121093749956,77.0,21,high,0.09824546871988518,0.09682288347098436,0.06131904347712064,0.06105845301272613,0.21759654310076063,0.21671295284199754,8.0,8.0,2.0,0.0,-6.0,-6.0,3.4641016151377544,0.08247860988423225,0.09684180308263352,0.09682288347098436
5203,3,134130,1,Public,118.0,29.64629,-82.347911,12,16,0.242,39127.0,0.6673828964,2,21.0,1,elite,11.391469442147516,11.254779,Accounting and Related Services.,University of Florida,88563.00000000001,77248.195,11314.804687500015,94941.00000000001,11.461010925018028,81685.89,11.3106365,13255.109375000015,59,65143.99999999994,11.084355483146966,47432.008,10.767053,17711.99218749994,16.0,21,high,0.37341856278814767,0.3414896012422439,0.16226926429499297,0.15902103398838882,0.14647338545226954,0.14521691816513843,1.0,2.0,5.0,1.0,3.0,4.0,2.081665999466133,0.049563476177765076,0.09684180308263352,0.15902103398838882
5203,3,134608,1,Public,34.0,27.42416,-80.358682,21,12,,21577.0,0.9122626988,1,23.0,1,,10.89812725082126,10.850729,Accounting and Related Services.,Indian River State College,54074.99999999999,51571.734,2503.2656249999927,61675.000000000015,11.029633941397558,58748.28,10.981017,2926.7187500000146,60,43623.99999999998,10.683362736605897,43873.3,10.689061,-249.30078125002183,41.0,21,high,-0.00568228915560793,-0.005511538293676195,0.0498179468016354,0.048839968952804895,0.04853948883699905,0.046774871018179204,15.0,9.0,9.0,-6.0,0.0,-6.0,3.4641016151377544,0.08247860988423225,0.09684180308263352,0.046774871018179204
5203,3,135081,2,"Private, nonprofit",67.0,26.185869,-80.163959,12,15,0.9697,21659.0,0.7867955286,2,28.0,1,open,10.923345192515333,10.967184,Accounting and Related Services.,Keiser University-Ft Lauderdale,55456.000000000015,57941.207,-2485.2070312499854,59333.99999999996,10.990937776498045,58886.883,10.983374,447.1171874999636,94,42923.00000000002,10.66716309178561,49307.47,10.805831,-6384.468749999978,79.0,21,high,-0.1294827926043147,-0.12766311567805882,0.0075928146667843905,0.007504439316482453,-0.04289187537825393,-0.042179352872855576,20.0,13.0,17.0,-7.0,4.0,-3.0,3.5118845842842465,0.08361629962581539,0.09684180308263352,-0.042179352872855576
5203,3,136172,1,Public,79.0,30.27194,-81.509144,11,15,0.5324,37074.0,0.6143506622,2,22.0,1,mid,11.255682066459011,11.085274,Accounting and Related Services.,University of North Florida,77318.0,65203.844,12114.15625,73868.00000000001,11.210034995565763,74648.86,11.220551,-780.8593749999854,103,58514.00000000001,10.977021320827701,52646.45,10.871354,5867.550781250007,77.0,21,high,0.1114519757423694,0.10983816150016755,-0.010460432772017629,-0.010351004375726239,0.18578898962532403,0.18324211823499137,7.0,15.0,3.0,8.0,-12.0,-4.0,6.110100926607786,0.14547859349066158,0.09684180308263352,0.10983816150016755
5203,3,137032,3,"Private, nonprofit",184.0,28.336776,-82.257801,31,12,0.784,22361.0,0.7686491935,2,30.0,1,open,11.026499728027773,11.050557,Accounting and Related Services.,Saint Leo University,61481.99999999998,62979.03,-1497.0312500000218,66056.00000000006,11.098258146097265,61166.016,11.021347,4889.984375000058,135,49810.99999999999,10.815991122155705,49314.715,10.805978,496.2851562499927,123.0,21,high,0.010063632281407999,0.00997928789167391,0.07994609956253887,0.07933627337261794,-0.023770312440301658,-0.023648932257544598,13.0,5.0,16.0,-8.0,11.0,3.0,5.686240703077327,0.135386683406603,0.09684180308263352,0.00997928789167391
5203,3,137351,3,Public,285.0,28.061458,-82.413232,11,15,0.4319,32495.0,0.6858996244,2,22.0,1,mid,11.146315618630737,11.132861,Accounting and Related Services.,University of South Florida,69308.0,68381.74,926.2578125,78918.00000000001,11.276164617696834,74021.12,11.212106,4896.882812500015,405,54370.99999999997,10.903586202466688,51783.555,10.854828,2587.445312499971,218.0,21,high,0.049966544941043856,0.04975170535031301,0.06615521351962186,0.06601443618032886,0.013545396517687984,0.013503821313043054,10.0,7.0,13.0,-3.0,6.0,3.0,3.0,0.07142857142857142,0.09684180308263352,0.04975170535031301
5203,3,137847,1,"Private, nonprofit",29.0,27.948455,-82.46483,11,13,0.4034,75458.0,0.429463171,2,20.0,1,mid,11.377781344026769,11.2203,Accounting and Related Services.,The University of Tampa,87358.99999999996,74630.14,12728.859374999956,84874.99999999997,11.348934864860997,77746.93,11.261214,7128.070312499971,79,52689.999999999956,10.87218096320333,49501.31,10.809754,3188.6914062499563,29.0,21,high,0.06441630528233264,0.06154631002887649,0.09168298145214097,0.0903759993265951,0.17055923073975793,0.16313292854590472,9.0,4.0,4.0,-5.0,0.0,-5.0,2.8867513459481287,0.06873217490352687,0.09684180308263352,0.0903759993265951
5203,3,138309,3,"Private, for-profit",174.0,29.175319,-82.15319,13,12,,25123.0,0.7318019398,1,30.0,1,,11.016430005512392,10.9521265,Accounting and Related Services.,Rasmussen University-Florida,60865.999999999956,57075.29,3790.7109374999563,62579.00000000005,11.044185037549019,63499.08,11.058781,-920.0781249999491,157,53285.00000000004,10.883410144655057,46199.426,10.740723,7085.574218750036,125.0,21,high,0.1533693135559644,0.15210789585786447,-0.014489629647673708,-0.014396955251487122,0.06641597440442146,0.06605399199818293,2.0,16.0,8.0,14.0,-8.0,6.0,7.023769168568493,0.16723259925163078,0.09684180308263352,0.06605399199818293
5203,3,138354,2,Public,41.0,30.549076,-87.218511,41,12,0.5824,34583.0,0.6786062378,2,24.0,1,mid,10.969886518839585,10.903428,Accounting and Related Services.,University of West Florida,58097.999999999956,54362.402,3735.5976562499563,50907.999999999985,10.837775361111937,62020.785,11.035225,-11112.785156250015,30,44369.999999999985,10.700318844372955,51783.11,10.854819,-7413.109375000015,32.0,21,high,-0.14315689931472012,-0.13744978721965592,-0.17917840169635693,-0.17139213392860134,0.0687165668770235,0.0667002851062454,21.0,21.0,7.0,0.0,-14.0,-14.0,8.082903768654761,0.19245008972987526,0.09684180308263352,-0.13744978721965592
5203,3,386472,3,"Private, nonprofit",44.0,28.615784,-81.312669,21,6,0.942,18321.0,0.8203449578,2,31.0,1,open,11.05109633329295,11.05426,Accounting and Related Services.,Herzing University-Orlando,63013.00000000001,63212.688,-199.68749999999272,54344.999999999985,10.903107891997287,59905.215,11.000519,-5560.214843750015,20,49537.999999999956,10.810495330811365,48378.914,10.786819,1159.0859374999563,16.0,21,high,0.02395849431433187,0.02190993561936938,-0.09281687509597705,-0.08649492862926692,-0.0031589781719056436,-0.0030735238774757096,12.0,20.0,14.0,8.0,-6.0,2.0,4.163331998932265,0.09912695235553012,0.09684180308263352,-0.0030735238774757096
5203,3,408844,3,"Private, for-profit",22.0,25.86178,-80.321846,21,9,,13365.0,0.8321821438,1,29.0,1,,10.875742652327716,10.773349,Accounting and Related Services.,Florida National University-Main Campus,52878.00000000003,47731.594,5146.406250000029,63660.999999999956,11.061327409163853,50229.508,10.824358,13431.492187499956,27,40526.00000000002,10.609699022425275,45722.89,10.730354,-5196.890624999978,32.0,21,high,-0.11366058781415853,-0.10912937961845552,0.2674024248383622,0.25432356387982075,0.10781970275191217,0.10142882406961228,18.0,1.0,6.0,-17.0,5.0,-12.0,8.736894948054106,0.20802130828700252,0.09684180308263352,0.10142882406961228
5203,3,433660,1,Public,57.0,26.463638,-81.7726,21,16,0.6344,43546.0,0.5981697171,2,21.0,1,mid,11.131181766279958,11.21496,Accounting and Related Services.,Florida Gulf Coast University,68266.99999999994,74232.7,-5965.703125000058,72207.0,11.187292273089875,74467.9,11.218123,-2260.8984375,86,51301.000000000015,10.84546552414626,53604.9,10.889396,-2303.8984374999854,51.0,21,high,-0.04297925198358857,-0.04197489447127774,-0.03036071226580329,-0.029968693616049546,-0.08036489140041751,-0.0787537062461796,16.0,17.0,19.0,1.0,2.0,3.0,1.5275252316519465,0.036369648372665396,0.09684180308263352,-0.04197489447127774
5203,3,449038,3,"Private, for-profit",269.0,27.997442,-82.35991,21,6,,18178.0,0.8626386594,1,33.0,5,,10.994218867753363,11.05159,Accounting and Related Services.,Strayer University-Florida,59529.000000000044,63044.11,-3515.1093749999563,66107.99999999997,11.099045047260717,63148.637,11.0532465,2959.363281249971,325,52373.000000000044,10.866146470337812,51120.062,10.841932,1252.9375000000437,223.0,21,high,0.024509702037239168,0.024407062547014212,0.04686345477940114,0.04673482863602659,-0.05575634916327115,-0.05557334247717648,11.0,10.0,18.0,-1.0,8.0,7.0,4.358898943540674,0.10378330817953986,0.09684180308263352,0.024407062547014212
5203,3,480569,3,"Private, nonprofit",32.0,28.065773,-80.623123,13,9,0.4018,30032.0,0.7019104084,2,28.0,2,mid,10.79820729448214,10.999796,Accounting and Related Services.,Florida Institute of Technology-Online,48932.99999999998,59861.926,-10928.925781250022,67417.00000000001,11.118652490616178,69639.74,11.151091,-2222.7421874999854,45,48887.99999999996,10.79728724657475,56045.86,10.933926,-7157.859375000036,39.0,21,high,-0.12771432992234383,-0.12365014797234235,-0.03191772567904418,-0.031043988727595815,-0.1825688973185889,-0.1754579198167468,19.0,18.0,20.0,-1.0,2.0,1.0,1.0,0.023809523809523808,0.09684180308263352,-0.12365014797234235
5203,3,482459,2,"Private, for-profit",72.0,28.53732,-81.379188,11,6,,22648.0,0.7560557866,2,31.0,1,,11.085965999397002,11.040588,Accounting and Related Services.,DeVry University-Florida,65248.99999999999,62354.332,2894.6679687499927,66595.99999999999,11.106399794664743,66226.18,11.100831,369.82031249998545,63,54264.00000000004,10.901616302625916,54357.477,10.9033375,-93.47656249996362,46.0,21,high,-0.0017196633915204775,-0.001674393463149598,0.005584201206306151,0.005480613846042332,0.046422884737170746,0.04571375284053484,14.0,14.0,10.0,0.0,-4.0,-4.0,2.3094010767585034,0.054985739922821505,0.09684180308263352,0.005480613846042332
5203,5,132903,1,Public,24.0,28.602159,-81.200889,21,15,0.4011,31400.0,0.7045342864,2,23.0,1,mid,11.52003016670016,11.41425,Accounting and Related Services.,University of Central Florida,100712.99999999996,90603.7,10109.296874999956,105203.00000000004,11.563647095989408,95272.15,11.464493,9930.851562500044,51,67669.00000000004,11.12238345151992,69320.03,11.146489,-1651.0312499999563,70.0,17,high,-0.023817520278454237,-0.02343214296758628,0.10423667068886176,0.10176669518750159,0.11157708268339564,0.10557128288124216,8.0,7.0,6.0,-1.0,-1.0,-2.0,1.0,0.023809523809523808,0.08912525010298433,0.10176669518750159
5203,5,133669,2,Public,127.0,26.372421,-80.102978,13,15,0.6613,28064.0,0.7219053052,2,23.0,1,mid,11.507701845595003,11.261401,Accounting and Related Services.,Florida Atlantic University,99478.99999999997,77761.46,21717.53906249997,99288.00000000001,11.505779996809357,87873.85,11.383657,11414.148437500015,295,71729.00000000001,11.180650407855032,74689.875,11.2211,-2960.8749999999854,297.0,17,high,-0.03964225405384579,-0.039523244973089594,0.12989243369379044,0.129493573825744,0.27928409266841353,0.27708555919246164,11.0,5.0,1.0,-6.0,-4.0,-10.0,5.033222956847167,0.11983864182969446,0.08912525010298433,0.129493573825744
5203,5,133881,0,"Private, nonprofit",33.0,28.065773,-80.623123,13,14,0.577,30032.0,0.7019104084,2,28.0,1,mid,11.258046118484,11.155092,Accounting and Related Services.,Florida Institute of Technology,77501.00000000006,69918.97,7582.031250000058,85593.00000000004,11.357358783085084,96343.99,11.47568,-10750.992187499956,33,59951.000000000015,11.00128284088368,73438.78,11.204207,-13487.781249999985,30.0,17,high,-0.18366019997097904,-0.17578415478019335,-0.1115896481285195,-0.10723566049741083,0.10844026142762665,0.10436171430708797,16.0,15.0,7.0,-1.0,-8.0,-9.0,4.932882862316248,0.11744959195991067,0.08912525010298433,-0.10723566049741083
5203,5,133951,3,Public,55.0,25.75732,-80.373928,21,15,0.5466,23924.0,0.8131269705,2,23.0,1,mid,11.52153826806845,11.343157,Accounting and Related Services.,Florida International University,100864.99999999996,84386.01,16478.992187499956,107539.99999999993,11.585618150363668,90528.39,11.413419,17011.609374999927,177,70524.00000000001,11.163708356400651,66825.586,11.109841,3698.4140625000146,170.0,17,high,0.055344281843769126,0.05502635176036684,0.18791463382429843,0.18686956135278981,0.19528109712353217,0.1912002856935027,5.0,3.0,3.0,-2.0,0.0,-2.0,1.1547005383792515,0.02749286996141075,0.08912525010298433,0.18686956135278981
5203,5,134097,0,Public,34.0,30.443147,-84.295064,12,15,0.2422,43729.0,0.5975318884,2,20.0,1,elite,11.59115422073502,11.436643,Accounting and Related Services.,Florida State University,108137.00000000006,92655.41,15481.593750000058,112610.99999999999,11.631694680857663,100990.945,11.522786,11620.054687499985,102,70901.00000000006,11.16903981679311,66534.4,11.105474,4366.601562500058,114.0,17,high,0.06562923337470143,0.06502813982276154,0.11506036161503017,0.11384290851032941,0.16708786218289404,0.16101350445929757,3.0,6.0,4.0,3.0,-2.0,1.0,1.5275252316519465,0.036369648372665396,0.08912525010298433,0.11384290851032941
5203,5,134130,1,Public,134.0,29.64629,-82.347911,12,16,0.242,39127.0,0.6673828964,2,21.0,1,elite,11.612191446626857,11.641365,Accounting and Related Services.,University of Florida,110436.00000000003,113705.27,-3269.273437499971,107577.00000000001,11.5859621492142,108803.07,11.597295,-1226.0703124999854,95,65973.0,11.097000846398958,80364.19,11.294324,-14391.1875,89.0,17,high,-0.17907463445704594,-0.17688471680212392,-0.011268710606957262,-0.011139160008527651,-0.02875217075395348,-0.028539586282169706,17.0,13.0,15.0,-4.0,2.0,-2.0,2.0,0.047619047619047616,0.08912525010298433,-0.028539586282169706
5203,5,135726,0,"Private, nonprofit",28.0,25.72126,-80.278662,21,16,0.189,54690.0,0.4559891107,2,20.0,1,elite,11.605194662033567,11.40975,Accounting and Related Services.,University of Miami,109666.00000000004,90196.87,19469.132812500044,105675.00000000001,11.56812362543499,118864.5,11.6857395,-13189.499999999985,63,72391.99999999999,11.189851075030969,76039.484,11.239008,-3647.4843750000146,33.0,17,high,-0.047968294432559594,-0.04612155975315121,-0.11096248249056687,-0.10890411993791785,0.21585154140695242,0.20607402480696757,13.0,16.0,2.0,3.0,-14.0,-11.0,7.371114795831994,0.1755027332340951,0.08912525010298433,-0.04612155975315121
5203,5,136172,1,Public,17.0,30.27194,-81.509144,11,15,0.5324,37074.0,0.6143506622,2,22.0,1,mid,11.31733628117537,11.355963,Accounting and Related Services.,University of North Florida,82235.00000000006,85473.6,-3238.601562499942,110978.99999999999,11.61709627320675,88647.71,11.392426,22331.289062499985,33,71474.00000000001,11.177089026186728,69498.88,11.149066,1975.1171875000146,36.0,17,high,0.0284194091699093,0.02742841476659452,0.25191049860547887,0.2420814937338849,-0.037890079548500266,-0.03491640359483763,6.0,1.0,16.0,-5.0,15.0,10.0,7.637626158259733,0.181848241863327,0.08912525010298433,0.02742841476659452
5203,5,136215,2,"Private, nonprofit",165.0,26.082288,-80.249891,21,16,0.7321,31002.0,0.6566484517,2,24.0,1,open,11.370082280440288,11.302458,Accounting and Related Services.,Nova Southeastern University,86689.00000000003,81020.52,5668.476562500029,96451.00000000003,11.476790386346483,88875.84,11.394996,7575.156250000029,122,77211.00000000001,11.254297212909185,70613.47,11.164976,6597.531250000015,122.0,17,high,0.09343162666824825,0.09264106462003589,0.08523301642354342,0.08450128628348769,0.0699634650826805,0.06955777288575189,2.0,10.0,10.0,8.0,0.0,8.0,4.618802153517007,0.10997147984564301,0.08912525010298433,0.08450128628348769
5203,5,137032,3,"Private, nonprofit",32.0,28.336776,-82.257801,31,12,0.784,22361.0,0.7686491935,2,30.0,1,open,11.352087474843115,11.268291,Accounting and Related Services.,Saint Leo University,85143.00000000001,78299.11,6843.890625000015,88964.99999999993,11.395998312940936,73850.34,11.209796,15114.656249999927,62,65176.999999999956,11.084861924943842,67872.83,11.125391,-2695.8281250000437,60.0,17,high,-0.03971881236531344,-0.03894998052088478,0.20466602432029882,0.20079825351670935,0.08740700474921609,0.08400254071725967,10.0,2.0,9.0,-8.0,7.0,-1.0,4.358898943540674,0.10378330817953986,0.08912525010298433,0.08400254071725967
5203,5,137351,1,Public,61.0,28.061458,-82.413232,11,15,0.4319,32495.0,0.6858996244,2,22.0,1,mid,11.497385340288496,11.403607,Accounting and Related Services.,University of South Florida,98457.99999999999,89644.52,8813.476562499985,94391.00000000006,11.455201008605492,93079.984,11.441215,1311.0156250000582,108,67361.99999999996,11.117836339686834,70200.586,11.159112,-2838.5859375000437,99.0,17,high,-0.040435359614052986,-0.03999867855921162,0.014084828589122314,0.01394541708067746,0.09831583932335504,0.09649416281339585,12.0,11.0,8.0,-1.0,-3.0,-4.0,2.081665999466133,0.049563476177765076,0.08912525010298433,0.01394541708067746
5203,5,137546,3,"Private, nonprofit",22.0,29.035475,-81.300746,13,14,0.716,52032.0,0.5486725664,2,20.0,1,open,11.340439380948357,11.358655,Accounting and Related Services.,Stetson University,84157.00000000006,85704.02,-1547.0234374999418,90653.00000000006,11.414794309954202,82635.46,11.322194,8017.539062500058,20,69746.99999999994,11.152629688005934,65850.82,11.095147,3896.179687499942,21.0,17,high,0.05916676009517162,0.05539336181204044,0.0970229847034313,0.09041455154188313,-0.018050767927227065,-0.016980831125317154,4.0,8.0,14.0,4.0,6.0,10.0,5.033222956847166,0.11983864182969443,0.08912525010298433,0.05539336181204044
5203,5,138354,2,Public,19.0,30.549076,-87.218511,41,12,0.5824,34583.0,0.6786062378,2,24.0,1,mid,11.271248730274856,11.268055,Accounting and Related Services.,University of West Florida,78531.00000000004,78280.59,250.40625000004366,90113.00000000004,11.408819717317222,78581.5,11.271892,11531.500000000044,25,76054.99999999994,11.239212041745843,66420.92,11.103767,9634.078124999942,22.0,17,high,0.14504583575534635,0.13625589463294477,0.14674573531938234,0.13892540031368245,0.0031988292117424524,0.0029761925790921127,1.0,4.0,13.0,3.0,9.0,12.0,6.244997998398398,0.1486904285332952,0.08912525010298433,0.13625589463294477
5203,5,433660,3,Public,18.0,26.463638,-81.7726,21,16,0.6344,43546.0,0.5981697171,2,21.0,1,mid,11.442696115073106,11.305821,Accounting and Related Services.,Florida Gulf Coast University,93217.99999999996,81293.5,11924.499999999956,90903.99999999996,11.417559283597845,91823.695,11.427626,-919.6953125000437,21,68716.99999999999,11.13775190029194,74978.055,11.224951,-6261.054687500015,28.0,17,high,-0.08350516312533551,-0.0796349757475547,-0.010015882168214647,-0.009369015293016284,0.14668454427475697,0.13585942749380323,14.0,12.0,5.0,-2.0,-7.0,-9.0,4.725815626252608,0.11251941967268114,0.08912525010298433,-0.009369015293016284
5203,5,449038,3,"Private, for-profit",238.0,27.997442,-82.35991,21,6,,18178.0,0.8626386594,1,33.0,5,,11.144698336466869,11.100596,Accounting and Related Services.,Strayer University-Florida,69196.00000000004,66210.63,2985.3671875000437,77492.99999999994,11.257942888681463,71234.38,11.173731,6258.617187499942,238,61182.99999999997,11.021624652135246,62856.63,11.048612,-1673.628906250029,200.0,17,high,-0.0266261321259565,-0.026499567628663786,0.0878594990283498,0.08751333748827465,0.04508893905234556,0.04491831525085381,9.0,9.0,11.0,0.0,2.0,2.0,1.1547005383792517,0.027492869961410753,0.08912525010298433,0.04491831525085381
5203,5,480569,3,"Private, nonprofit",33.0,28.065773,-80.623123,13,9,0.4018,30032.0,0.7019104084,2,28.0,2,mid,11.258046118484,11.382828,Accounting and Related Services.,Florida Institute of Technology-Online,77501.00000000006,87800.97,-10299.968749999942,85593.00000000004,11.357358783085084,96543.67,11.477751,-10950.671874999956,33,59951.000000000015,11.00128284088368,72136.65,11.186317,-12185.648437499985,30.0,17,high,-0.1689245161986943,-0.16168039295575568,-0.11342713263670298,-0.10900145031925772,-0.11731042261421451,-0.11289825982464301,15.0,17.0,17.0,2.0,0.0,2.0,1.1547005383792515,0.02749286996141075,0.08912525010298433,-0.11289825982464301
5203,5,482459,1,"Private, for-profit",775.0,28.53732,-81.379188,11,6,,22648.0,0.7560557866,2,31.0,1,,11.309020656509048,11.2943945,Accounting and Related Services.,DeVry University-Florida,81554.00000000001,80369.86,1184.1406250000146,80445.00000000006,11.295329000085136,84977.73,11.350144,-4532.726562499942,818,68141.0,11.129334366775014,69333.85,11.146688,-1192.8515625,567.0,17,high,-0.017204461249707457,-0.01717998169409505,-0.05334017213517922,-0.053289567432099456,0.01473364062359372,0.014719365762931548,7.0,14.0,12.0,7.0,-2.0,5.0,3.605551275463989,0.08584645893961879,0.08912525010298433,-0.01717998169409505
5208,3,132903,1,Public,172.0,28.602159,-81.200889,21,15,0.4011,31400.0,0.7045342864,2,23.0,1,mid,11.250586200190243,11.200241,Finance and Financial Management Services.,University of Central Florida,76925.00000000006,73148.07,3776.929687500058,82006.99999999996,11.314559888456591,81308.39,11.306005,698.6093749999563,240,56415.0,10.940490359572546,49709.65,10.813954,6705.3515625,377.0,14,medium,0.13489034369113767,0.134583110618865,0.008592094489017644,0.008558569779040395,0.051634030417541076,0.05134879213974375,5.0,9.0,6.0,4.0,-3.0,1.0,2.0816659994661326,0.1301041249666333,0.2093668893182621,0.05134879213974375
5208,3,133669,2,Public,141.0,26.372421,-80.102978,13,15,0.6613,28064.0,0.7219053052,2,23.0,1,mid,11.13156255128749,11.207167,Finance and Financial Management Services.,Florida Atlantic University,68292.99999999999,73656.43,-5363.429687500015,70078.00000000003,11.157364186390248,72230.61,11.187619,-2152.609374999971,278,49550.99999999998,10.8107577211892,49380.04,10.8073015,170.96093749997817,286.0,14,medium,0.0034621466638289616,0.0034512879648026925,-0.029801899688043035,-0.029703864952984896,-0.0728168567259543,-0.07230956367409806,10.0,11.0,13.0,1.0,2.0,3.0,1.5275252316519468,0.09547032697824667,0.2093668893182621,-0.029703864952984896
5208,3,133951,2,Public,322.0,25.75732,-80.373928,21,15,0.5466,23924.0,0.8131269705,2,23.0,1,mid,11.249012001112806,11.164477,Finance and Financial Management Services.,Florida International University,76803.99999999993,70578.26,6225.742187499927,71355.00000000001,11.175422697534492,70423.27,11.162279,931.7265625000146,441,51632.99999999997,10.85191628193809,48322.062,10.785644,3310.937499999971,500.0,14,medium,0.06851813289219538,0.06840546454197699,0.01323037849592313,0.013204859872903313,0.08821048266789742,0.08797547004399582,7.0,8.0,4.0,1.0,-4.0,-3.0,2.0816659994661326,0.1301041249666333,0.2093668893182621,0.06840546454197699
5208,3,134097,1,Public,466.0,30.443147,-84.295064,12,15,0.2422,43729.0,0.5975318884,2,20.0,1,elite,11.39634670388405,11.364106,Finance and Financial Management Services.,Florida State University,88996.00000000006,86172.49,2823.507812500058,87089.00000000004,11.374685863246308,84545.91,11.34505,2543.0937500000437,585,56515.999999999956,10.942279062885698,48407.992,10.78742,8108.007812499956,419.0,14,medium,0.16749316478764473,0.16715549567168195,0.030079442787923794,0.030037536054393656,0.03276576713548538,0.03270882340630662,4.0,7.0,7.0,3.0,0.0,3.0,1.7320508075688772,0.10825317547305482,0.2093668893182621,0.03270882340630662
5208,3,134130,1,Public,361.0,29.64629,-82.347911,12,16,0.242,39127.0,0.6673828964,2,21.0,1,elite,11.531423319852347,11.369298,Finance and Financial Management Services.,University of Florida,101866.99999999996,86621.04,15245.960937499956,106153.00000000001,11.57263672862559,106467.79,11.575598,-314.78906249998545,233,70663.00000000004,11.165677376847421,54594.02,10.90768,16068.980468750044,192.0,14,medium,0.29433591090599304,0.2928686828894322,-0.0029566600872607037,-0.0029447199115960653,0.17600759702847113,0.17559681207001146,1.0,10.0,1.0,9.0,-9.0,0.0,5.196152422706632,0.3247595264191645,0.2093668893182621,0.17559681207001146
5208,3,135726,1,"Private, nonprofit",65.0,25.72126,-80.278662,21,16,0.189,54690.0,0.4559891107,2,20.0,1,elite,11.625771891151848,11.528572,Finance and Financial Management Services.,University of Miami,111945.99999999997,101576.96,10369.03906249997,110239.99999999999,11.610415086247485,92932.125,11.439625,17307.874999999985,122,70351.99999999996,11.16126649142059,59174.9,10.988253,11177.101562499956,105.0,14,medium,0.1888824798627261,0.18697810945520718,0.18624210949658135,0.18464321072959408,0.10208061913645959,0.10032393342998083,3.0,2.0,3.0,-1.0,1.0,0.0,0.5773502691896258,0.036084391824351615,0.2093668893182621,0.18464321072959408
5208,3,136172,1,Public,115.0,30.27194,-81.509144,11,15,0.5324,37074.0,0.6143506622,2,22.0,1,mid,11.187070663371383,11.257452,Finance and Financial Management Services.,University of North Florida,72191.00000000004,77454.97,-5263.968749999956,75475.00000000004,11.23155675457504,72295.74,11.18852,3179.2578125000437,142,51117.99999999999,10.841891964655394,49124.613,10.802115,1993.3867187499927,151.0,14,medium,0.0405781661290112,0.04031049673785508,0.04397572687274715,0.04365950043878759,-0.06796166643602133,-0.06736086884164531,8.0,6.0,12.0,-2.0,6.0,4.0,3.055050463303893,0.19094065395649332,0.2093668893182621,0.04031049673785508
5208,3,136215,2,"Private, nonprofit",20.0,26.082288,-80.249891,21,16,0.7321,31002.0,0.6566484517,2,24.0,1,open,11.383590967334076,11.298273,Finance and Financial Management Services.,Nova Southeastern University,87867.99999999996,80682.18,7185.820312499956,66301.99999999999,11.10197534163149,75024.62,11.225572,-8722.617187500015,31,37143.00000000003,10.522530607088802,50315.09,10.82606,-13172.08984374997,19.0,14,medium,-0.26179203663662287,-0.2431732482646027,-0.11626340146062494,-0.11139456770771143,0.08906328932029643,0.08320158580315605,14.0,14.0,5.0,0.0,-9.0,-9.0,5.196152422706632,0.3247595264191645,0.2093668893182621,-0.11139456770771143
5208,3,137351,1,Public,337.0,28.061458,-82.413232,11,15,0.4319,32495.0,0.6858996244,2,22.0,1,mid,11.19201747461982,11.168381,Finance and Financial Management Services.,University of South Florida,72549.00000000003,70854.28,1694.718750000029,73933.0,11.210914556653854,80617.34,11.297469,-6684.34375,463,49906.000000000015,10.817896514992265,52513.973,10.8688345,-2607.9726562499854,422.0,14,medium,-0.04966245218813388,-0.04956315297625441,-0.08291446280751466,-0.08276326809648522,0.02391836767097301,0.023857917552608274,12.0,12.0,8.0,0.0,-4.0,-4.0,2.3094010767585034,0.14433756729740646,0.2093668893182621,-0.04956315297625441
5208,3,137546,1,"Private, nonprofit",48.0,29.035475,-81.300746,13,14,0.716,52032.0,0.5486725664,2,20.0,1,open,11.285095951665305,11.26852,Finance and Financial Management Services.,Stetson University,79626.00000000004,78317.02,1308.9765625000437,85032.99999999997,11.35079469542275,67372.58,11.117993,17660.42187499997,61,55161.0,10.918011460821951,42529.094,10.657944,12631.90625,69.0,14,medium,0.297017997238655,0.2921309426731002,0.2621307120269857,0.25708258030584924,0.016713819104024776,0.01630489636907355,2.0,1.0,9.0,-1.0,8.0,7.0,4.358898943540674,0.2724311839712921,0.2093668893182621,0.25708258030584924
5208,3,137847,1,"Private, nonprofit",43.0,27.948455,-82.46483,11,13,0.4034,75458.0,0.429463171,2,20.0,1,mid,11.35373041701733,11.377802,Finance and Financial Management Services.,The University of Tampa,85283.00000000001,87360.8,-2077.7968749999854,90485.00000000001,11.412939370094302,79564.45,11.284323,10920.546875000015,110,51845.000000000015,10.856013776992379,47846.35,10.77575,3998.6484375000146,122.0,14,medium,0.08357269273241705,0.08286555103428782,0.1372540933303878,0.13592434740073417,-0.023784087935610255,-0.02312342952439465,6.0,3.0,11.0,-3.0,8.0,5.0,4.041451884327381,0.2525907427704613,0.2093668893182621,0.08286555103428782
5208,3,138309,3,"Private, for-profit",32.0,29.175319,-82.15319,13,12,,25123.0,0.7318019398,1,30.0,1,,11.069337840469915,11.215303,Finance and Financial Management Services.,Rasmussen University-Florida,64173.00000000001,74258.195,-10085.195312499993,70838.00000000006,11.168150858861294,65538.94,11.0904,5299.062500000058,45,47744.00000000001,10.773608683563433,49369.3,10.807084,-1625.3007812499927,39.0,14,medium,-0.032921284189369494,-0.031873648508591465,0.08085365283805612,0.07864031142223682,-0.13581255604258316,-0.13052271727666678,11.0,4.0,14.0,-7.0,10.0,3.0,5.131601439446884,0.32072508996543025,0.2093668893182621,-0.031873648508591465
5208,3,138354,2,Public,19.0,30.549076,-87.218511,41,12,0.5824,34583.0,0.6786062378,2,24.0,1,mid,11.023649307900758,11.024279,Finance and Financial Management Services.,University of West Florida,61307.00000000002,61345.598,-38.59765624997817,66462.99999999999,11.104400680823604,61593.39,11.02831,4869.609374999985,19,39986.00000000002,10.596284671831778,46803.066,10.753704,-6817.066406249978,19.0,14,medium,-0.14565426861304195,-0.13529525984551463,0.07906058305261524,0.073367684504454,-0.0006291838000545712,-0.0005853929774473239,13.0,5.0,10.0,-8.0,5.0,-3.0,4.041451884327381,0.2525907427704613,0.2093668893182621,-0.0005853929774473239
5208,3,433660,1,Public,48.0,26.463638,-81.7726,21,16,0.6344,43546.0,0.5981697171,2,21.0,1,mid,11.351312007761603,11.235898,Finance and Financial Management Services.,Florida Gulf Coast University,85076.99999999994,75803.375,9273.624999999942,75767.00000000004,11.235418120634911,83143.03,11.328318,-7376.031249999956,104,55882.00000000003,10.93099760371109,54433.42,10.904734,1448.578125000029,69.0,14,medium,0.026611924716519193,0.026174059235662264,-0.088714966715866,-0.08779731303237588,0.12233789062821994,0.11934475396014334,9.0,13.0,2.0,4.0,-11.0,-7.0,5.5677643628300215,0.34798527267687634,0.2093668893182621,0.026174059235662264
5208,5,133951,3,Public,29.0,25.75732,-80.373928,21,15,0.5466,23924.0,0.8131269705,2,23.0,1,mid,11.429000230032468,11.363575,Finance and Financial Management Services.,Florida International University,91950.00000000007,86126.72,5823.281250000073,109647.00000000007,11.605021393690627,88379.195,11.389392,21267.804687500073,80,74347.99999999994,11.216512051728243,66601.26,11.106479,7746.742187499942,89.0,3,low,0.1163152535243261,0.11489282522786767,0.24064266043947607,0.23726211423365637,0.06761294676630268,0.0646690182980182,2.0,2.0,3.0,0.0,1.0,1.0,0.5773502691896258,0.036084391824351615,0.02405626121623441,0.11489282522786767
5208,5,134097,1,Public,40.0,30.443147,-84.295064,12,15,0.2422,43729.0,0.5975318884,2,20.0,1,elite,11.552261556082602,11.309857,Finance and Financial Management Services.,Florida State University,104012.00000000003,81622.266,22389.73437500003,101222.99999999991,11.52508128274024,122438.3,11.715363,-21215.296875000087,34,62034.00000000005,11.035437900814749,81938.68,11.313726,-19904.67968749995,35.0,3,low,-0.2429216551134698,-0.2341745452496372,-0.17327337456073288,-0.16673776450017141,0.2743091508616774,0.2660287616417909,3.0,3.0,2.0,0.0,-1.0,-1.0,0.5773502691896258,0.036084391824351615,0.02405626121623441,-0.16673776450017141
5208,5,134130,1,Public,49.0,29.64629,-82.347911,12,16,0.242,39127.0,0.6673828964,2,21.0,1,elite,11.864441122650637,11.513232,Finance and Financial Management Services.,University of Florida,142122.0000000001,100030.68,42091.32031250009,173874.9999999999,12.066091929225744,116800.03,11.668219,57074.96874999991,32,116366.99999999991,11.664504268929651,82156.67,11.316383,34210.32812499991,25.0,3,low,0.416403529308616,0.39449781957195634,0.4886554236260096,0.46891301041552774,0.42078410787565496,0.4107317102975226,1.0,1.0,1.0,0.0,0.0,0.0,0.0,0.0,0.02405626121623441,0.4107317102975226
5209,3,132903,2,Public,258.0,28.602159,-81.200889,21,15,0.4011,31400.0,0.7045342864,2,23.0,1,mid,10.813337587580296,10.799626,Hospitality Administration/Management.,University of Central Florida,49679.0,49002.49,676.51171875,54921.0,10.913651068019124,50725.434,10.834183,4195.56640625,469,33623.99999999998,10.422995376684952,36083.72,10.493597,-2459.718750000022,666.0,8,medium,-0.0681669970615216,-0.06808636850758483,0.08271129705566373,0.08256269456595372,0.01380566053844364,0.013758094993002276,7.0,2.0,2.0,-5.0,0.0,-5.0,2.886751345948129,0.4123930494211613,0.2740454082137359,0.013758094993002276
5209,3,133669,2,Public,57.0,26.372421,-80.102978,13,15,0.6613,28064.0,0.7219053052,2,23.0,1,mid,10.887324777062158,10.9186735,Hospitality Administration/Management.,Florida Atlantic University,53493.99999999998,55197.527,-1703.5273437500218,54634.99999999998,10.908429982004845,58724.414,10.980611,-4089.414062500022,65,36826.99999999998,10.51398655078612,36211.2,10.497124,615.8007812499782,62.0,8,medium,0.017005810206117647,0.016688932155312745,-0.0696373753197041,-0.06839165759997273,-0.03086238506919118,-0.030243644524889313,4.0,6.0,6.0,2.0,0.0,2.0,1.1547005383792517,0.16495721976846453,0.2740454082137359,-0.030243644524889313
5209,3,133951,3,Public,282.0,25.75732,-80.373928,21,15,0.5466,23924.0,0.8131269705,2,23.0,1,mid,10.806693044861628,10.835016,Hospitality Administration/Management.,Florida International University,49350.00000000003,50767.734,-1417.734374999971,56666.99999999997,10.944947309699929,58230.977,10.972173,-1563.976562500029,454,33364.00000000001,10.415232753361503,34165.69,10.438977,-801.6914062499927,421.0,8,medium,-0.02346480850387057,-0.023417762364840677,-0.026858154453607598,-0.02680805758461091,-0.027925894122588977,-0.027839121358781627,6.0,5.0,5.0,-1.0,0.0,-1.0,0.5773502691896258,0.08247860988423227,0.2740454082137359,-0.02680805758461091
5209,3,134097,1,Public,229.0,30.443147,-84.295064,12,15,0.2422,43729.0,0.5975318884,2,20.0,1,elite,10.878745062174133,10.917912,Hospitality Administration/Management.,Florida State University,53037.00000000001,55155.49,-2118.4882812499927,62673.00000000004,11.04568601186716,61304.305,11.023605,1368.6953125000364,192,37329.99999999998,10.527552571908629,37033.42,10.519576,296.5781249999782,216.0,8,medium,0.008008391069046416,0.007973586345308257,0.02232625130448816,0.022213313283225518,-0.038409383132415646,-0.038257370207408326,5.0,4.0,7.0,-1.0,3.0,2.0,1.5275252316519465,0.21821789023599236,0.2740454082137359,0.007973586345308257
5209,3,137032,2,"Private, nonprofit",22.0,28.336776,-82.257801,31,12,0.784,22361.0,0.7686491935,2,30.0,1,open,11.037804765825014,10.811485,Hospitality Administration/Management.,Saint Leo University,62180.999999999956,49587.062,12593.937499999956,46330.00000000003,10.743544978410695,50603.387,10.831774,-4273.386718749971,16,28129.999999999996,10.244591901483902,40003.82,10.59673,-11873.820312500004,20.0,8,medium,-0.29681715945488807,-0.27685137953270567,-0.08444863073100518,-0.07714083697499968,0.25397627657415595,0.23892214889303606,8.0,7.0,1.0,-1.0,-6.0,-7.0,3.7859388972001824,0.5408484138857403,0.2740454082137359,-0.07714083697499968
5209,3,137351,1,Public,35.0,28.061458,-82.413232,11,15,0.4319,32495.0,0.6858996244,2,22.0,1,mid,10.840188570181905,10.838629,Hospitality Administration/Management.,University of South Florida,51031.000000000015,50951.465,79.53515625001455,57695.000000000015,10.962925793628768,52689.445,10.87217,5005.554687500015,47,34702.99999999998,10.454581417529315,33636.066,10.423354,1066.9335937499782,41.0,8,medium,0.03171992767714743,0.030766754608518937,0.09500108907604121,0.09252747462645257,0.001560998422595318,0.0015060944928063265,2.0,1.0,3.0,-1.0,2.0,1.0,1.0,0.14285714285714285,0.2740454082137359,0.030766754608518937
5209,3,138354,2,Public,56.0,30.549076,-87.218511,41,12,0.5824,34583.0,0.6786062378,2,24.0,1,mid,10.62699418560542,10.725406,Hospitality Administration/Management.,University of West Florida,41233.00000000004,45497.184,-4264.183593749964,38420.00000000002,10.556333436322548,52175.76,10.862373,-13755.761718749978,26,34655.99999999998,10.453226149800717,33998.17,10.434062,657.8281249999782,21.0,8,medium,0.019348926389883375,0.018114936130782206,-0.26364275797063597,-0.25019286268364915,-0.09372412217480071,-0.09180609147179686,3.0,8.0,8.0,5.0,0.0,5.0,2.8867513459481287,0.41239304942116123,0.2740454082137359,-0.09180609147179686
5209,3,433660,1,Public,170.0,26.463638,-81.7726,21,16,0.6344,43546.0,0.5981697171,2,21.0,1,mid,10.83303009008603,10.854148,Hospitality Administration/Management.,Florida Gulf Coast University,50666.999999999956,51748.35,-1081.3515625000437,60011.00000000002,11.00228315773407,57820.316,10.9650955,2190.683593750022,213,39107.99999999997,10.574082328625561,35928.58,10.489288,3179.421874999971,203.0,8,medium,0.08849283887434582,0.08807942774122664,0.0378877828747617,0.03771794163678612,-0.020896347996593127,-0.020779325845363718,1.0,3.0,4.0,2.0,1.0,3.0,1.5275252316519465,0.21821789023599236,0.2740454082137359,0.03771794163678612
5210,3,133951,2,Public,77.0,25.75732,-80.373928,21,15,0.5466,23924.0,0.8131269705,2,23.0,1,mid,11.113924419719064,10.985662,Human Resources Management and Services.,Florida International University,67099.00000000004,59021.82,8077.179687500044,67696.0,11.122782372959849,62260.383,11.039081,5435.6171875,107,47062.00000000004,10.759221160315827,44588.645,10.705235,2473.3554687500364,115.0,3,low,0.055470523823988024,0.054967629431318554,0.0873045898845436,0.08643101386699406,0.13685073833260628,0.13491774426517522,3.0,2.0,2.0,-1.0,0.0,-1.0,0.5773502691896258,0.08247860988423227,0.13009765750327987,0.08643101386699406
5210,3,137032,3,"Private, nonprofit",114.0,28.336776,-82.257801,31,12,0.784,22361.0,0.7686491935,2,30.0,1,open,11.006921531483451,10.959648,Human Resources Management and Services.,Saint Leo University,60290.0,57506.203,2783.796875,62121.999999999985,11.036855472494512,52906.816,10.876287,9215.183593749985,92,53257.999999999985,10.882903307029347,45407.11,10.723424,7850.890624999985,77.0,3,low,0.17290003114187413,0.17039645477299128,0.1741776243535488,0.1720987922513189,0.048408636350915406,0.0479763015185634,2.0,1.0,3.0,-1.0,2.0,1.0,1.0,0.14285714285714285,0.13009765750327987,0.17039645477299128
5210,3,138309,3,"Private, for-profit",154.0,29.175319,-82.15319,13,12,,25123.0,0.7318019398,1,30.0,1,,11.07680525390243,10.939996,Human Resources Management and Services.,Rasmussen University-Florida,64654.0,56387.105,8266.89453125,64536.00000000002,11.07497848661681,61423.39,11.025546,3112.609375000022,188,56464.99999999999,10.94137625615777,46097.85,10.738522,10367.148437499993,136.0,3,low,0.22489439499027614,0.2232181949548212,0.05067465900739702,0.05041195555450559,0.14660966301651274,0.14568823471630116,1.0,3.0,1.0,2.0,-2.0,0.0,1.1547005383792517,0.16495721976846453,0.13009765750327987,0.14568823471630116
5210,5,133951,3,Public,55.0,25.75732,-80.373928,21,15,0.5466,23924.0,0.8131269705,2,23.0,1,mid,11.11159679001446,11.183592,Human Resources Management and Services.,Florida International University,66942.99999999994,71940.3,-4997.296875000058,86476.00000000007,11.367622197774356,77221.9,11.254438,9254.101562500073,141,60869.00000000001,11.01647929289894,62200.38,11.038116,-1331.3789062499927,179.0,5,low,-0.02140467517499662,-0.02128889183472599,0.11983778888821199,0.11896890689081122,-0.06946450170595099,-0.06801289406589546,2.0,2.0,4.0,0.0,2.0,2.0,1.1547005383792515,0.1649572197684645,0.20860079781566299,-0.02128889183472599
5210,5,136215,2,"Private, nonprofit",119.0,26.082288,-80.249891,21,16,0.7321,31002.0,0.6566484517,2,24.0,1,open,11.276329332076138,11.242392,Human Resources Management and Services.,Nova Southeastern University,78931.0,76297.2,2633.796875,67513.00000000004,11.120075450909642,89244.88,11.399139,-21731.882812499956,67,59280.00000000001,10.990027259969969,69046.55,11.142536,-9766.546874999993,47.0,5,low,-0.14144873736670835,-0.1378163130358001,-0.24350844695664836,-0.2393031939604516,0.0345202283586329,0.03422701567671448,5.0,5.0,2.0,0.0,-3.0,-3.0,1.7320508075688772,0.24743582965269675,0.20860079781566299,-0.1378163130358001
5210,5,136950,1,"Private, nonprofit",28.0,28.592787,-81.349239,21,11,0.4754,43978.0,0.58,2,22.0,1,mid,10.975156781589796,11.05407,Human Resources Management and Services.,Rollins College,58404.99999999995,63200.688,-4795.687500000051,96438.99999999991,11.476665963099911,82069.984,11.315328,14369.015624999913,29,69823.00000000001,11.153718747366996,54219.453,10.900795,15603.546875000015,29.0,5,low,0.28778502872441164,0.2749630939233585,0.1750824705819851,0.1671783211432397,-0.07588030589066062,-0.07244312427211895,1.0,1.0,5.0,0.0,4.0,4.0,2.3094010767585034,0.32991443953692906,0.20860079781566299,0.1671783211432397
5210,5,449038,3,"Private, for-profit",333.0,27.997442,-82.35991,21,6,,18178.0,0.8626386594,1,33.0,5,,11.042281630837069,10.985569,Human Resources Management and Services.,Strayer University-Florida,62459.999999999956,59016.305,3443.6953124999563,63742.00000000003,11.062598964950041,81541.27,11.308865,-17799.27343749997,454,52378.00000000001,10.866241934820323,58967.41,10.98474,-6589.410156249993,421.0,5,low,-0.11174664342201192,-0.11152259522141873,-0.21828544842561,-0.2178782939603786,0.05835159166157266,0.05820206320248357,3.0,4.0,1.0,1.0,-3.0,-2.0,1.5275252316519465,0.21821789023599236,0.20860079781566299,-0.11152259522141873
5210,5,482459,1,"Private, for-profit",341.0,28.53732,-81.379188,11,6,,22648.0,0.7560557866,2,31.0,1,,11.15293073090682,11.207962,Human Resources Management and Services.,DeVry University-Florida,69767.99999999996,73715.04,-3947.0390625000437,75225.0,11.228238901498246,73598.07,11.206374,1626.9296875,335,58380.00000000003,10.974728644408106,65789.17,11.094211,-7409.171874999971,299.0,5,low,-0.1126199291439245,-0.11228445639930754,0.022105602505500473,0.022047021386182964,-0.05354455634424217,-0.053411066815695366,4.0,3.0,3.0,-1.0,0.0,-1.0,0.5773502691896258,0.08247860988423227,0.20860079781566299,-0.053411066815695366
5211,3,133669,1,Public,72.0,26.372421,-80.102978,13,15,0.6613,28064.0,0.7219053052,2,23.0,1,mid,11.02186978822786,11.052342,International Business.,Florida Atlantic University,61197.99999999996,63091.57,-1893.5703125000364,50229.99999999999,10.82436773674409,60637.895,11.012675,-10407.894531250007,67,47047.00000000003,10.75890238102528,43179.31,10.673117,3867.691406250029,56.0,6,medium,0.08957279614268439,0.08769445215515156,-0.1716401041247607,-0.16867597671497653,-0.030013047751402587,-0.029554584008869702,3.0,6.0,5.0,3.0,-1.0,2.0,1.5275252316519465,0.30550504633038933,0.19046889106532172,-0.029554584008869702
5211,3,133951,2,Public,163.0,25.75732,-80.373928,21,15,0.5466,23924.0,0.8131269705,2,23.0,1,mid,11.074001810493316,11.077377,International Business.,Florida International University,64473.000000000015,64690.996,-217.99609374998545,65054.00000000003,11.082972973210794,64649.242,11.076732,404.7578125000291,205,45661.00000000003,10.72899982085141,43383.38,10.677832,2277.621093750029,233.0,6,medium,0.05249985481010805,0.052290936600070496,0.006260828415066704,0.006231483980091903,-0.003369805798539045,-0.0033499854635509474,4.0,4.0,4.0,0.0,0.0,0.0,0.0,0.0,0.19046889106532172,0.006231483980091903
5211,3,136172,1,Public,39.0,30.27194,-81.509144,11,15,0.5324,37074.0,0.6143506622,2,22.0,1,mid,11.053964638919313,11.008806,International Business.,University of North Florida,63193.99999999995,60403.74,2790.261718749949,68526.99999999997,11.134983107173381,61864.54,11.032702,6662.460937499971,39,49378.99999999997,10.807280511580302,43002.316,10.669009,6376.683593749971,52.0,6,medium,0.1482869790898794,0.1448987107805125,0.10769434377857523,0.1042202794793344,0.04619352705883897,0.04475800193493918,2.0,2.0,3.0,0.0,1.0,1.0,0.5773502691896258,0.11547005383792516,0.19046889106532172,0.1042202794793344
5211,3,136950,1,"Private, nonprofit",58.0,28.592787,-81.349239,21,11,0.4754,43978.0,0.58,2,22.0,1,mid,11.1786827411373,11.059814,International Business.,Rollins College,71588.00000000003,63564.76,8023.238281250029,69695.00000000006,11.151883858163988,70160.9,11.158546,-465.8984374999418,46,36200.99999999997,10.49684202174171,37940.4,10.543772,-1739.398437500029,40.0,6,medium,-0.04584555010315392,-0.04442833751447504,-0.006640428613025368,-0.006463190026050261,0.12622147970521497,0.12374155174517694,6.0,5.0,2.0,-1.0,-3.0,-4.0,2.0816659994661326,0.41633319989322654,0.19046889106532172,-0.006463190026050261
5211,3,137351,1,Public,51.0,28.061458,-82.413232,11,15,0.4319,32495.0,0.6858996244,2,22.0,1,mid,10.926855325994174,11.067816,International Business.,University of South Florida,55650.999999999985,64075.4,-8424.398437500015,66141.00000000001,11.09954410586509,64777.49,11.078713,1363.5117187500146,48,44096.00000000003,10.694124354373331,42667.508,10.661193,1428.492187500029,53.0,6,medium,0.033479625615291594,0.03273131607625899,0.021049160054337678,0.02051422855066075,-0.13147633324070992,-0.1284775250735327,5.0,3.0,6.0,-2.0,3.0,1.0,1.5275252316519465,0.30550504633038933,0.19046889106532172,0.02051422855066075
5211,3,137847,1,"Private, nonprofit",25.0,27.948455,-82.46483,11,13,0.4034,75458.0,0.429463171,2,20.0,1,mid,11.31782257381154,11.050584,International Business.,The University of Tampa,82274.99999999996,62980.72,19294.281249999956,75090.0,11.22644267309393,62344.875,11.040437,12745.125,52,48149.000000000015,10.782055648578622,40243.55,10.602705,7905.449218750015,53.0,6,medium,0.19644015165861725,0.19204948011932696,0.20442939375530064,0.19969276780781012,0.3063521921143518,0.2905955049153149,1.0,1.0,1.0,0.0,0.0,0.0,0.0,0.0,0.19046889106532172,0.19969276780781012
5212,3,133669,1,Public,76.0,26.372421,-80.102978,13,15,0.6613,28064.0,0.7219053052,2,23.0,1,mid,11.218809405409168,11.160863,Management Information Systems and Services.,Florida Atlantic University,74518.99999999996,70323.61,4195.390624999956,70317.99999999999,11.1607830905439,66488.61,11.104786,3829.3906249999854,137,45206.99999999997,10.719007221086263,48362.035,10.78647,-3155.035156250029,120.0,6,medium,-0.06523784919424121,-0.06467508575649318,0.05759468668387961,0.05716283307060279,0.05965835175819936,0.05880273620845101,5.0,3.0,4.0,-2.0,1.0,-1.0,1.0,0.1,0.1215236166858213,0.05716283307060279
5212,3,133951,1,Public,57.0,25.75732,-80.373928,21,15,0.5466,23924.0,0.8131269705,2,23.0,1,mid,11.257620226847623,11.23445,Management Information Systems and Services.,Florida International University,77468.00000000001,75693.72,1774.2812500000146,85736.99999999999,11.359039750036672,64102.54,11.068239,21634.460937499985,60,49506.000000000044,10.809849153332399,48037.33,10.779734,1468.6718750000437,44.0,6,medium,0.030573554615243158,0.029726435268767774,0.3374977224600476,0.33087229291533105,0.023440270597089863,0.022970331356965978,3.0,2.0,5.0,-1.0,3.0,2.0,1.5275252316519465,0.15275252316519466,0.1215236166858213,0.029726435268767774
5212,3,134097,1,Public,45.0,30.443147,-84.295064,12,15,0.2422,43729.0,0.5975318884,2,20.0,1,elite,11.46408179936962,11.206887,Management Information Systems and Services.,Florida State University,95232.99999999993,73635.85,21597.148437499927,103648.00000000006,11.548755821971056,77058.07,11.252315,26589.92968750006,108,66251.99999999994,11.101220932072044,47132.734,10.760723,19119.26562499994,120.0,6,medium,0.40564728269067124,0.4021480339855147,0.3450635290978311,0.3416480933474816,0.293296648021635,0.2855655640539669,1.0,1.0,1.0,0.0,0.0,0.0,0.0,0.0,0.1215236166858213,0.3416480933474816
5212,3,137209,3,Public,96.0,28.745482,-81.308003,13,12,,24900.0,0.8147863904,1,24.0,1,,11.087788121064543,10.98802,Management Information Systems and Services.,Seminole State College of Florida,65367.99999999998,59161.13,6206.871093749978,65553.00000000001,11.090614254734977,64033.617,11.067163,1519.3828125000146,195,48894.99999999997,10.797430420746375,48632.883,10.792055,262.1171874999709,170.0,6,medium,0.005389711083148036,0.005358749414894455,0.02372789292928798,0.02361001257548321,0.10491468314584952,0.10376927179137696,4.0,5.0,2.0,1.0,-3.0,-2.0,1.5275252316519465,0.15275252316519466,0.1215236166858213,0.02361001257548321
5212,3,137351,1,Public,148.0,28.061458,-82.413232,11,15,0.4319,32495.0,0.6858996244,2,22.0,1,mid,11.323289220960934,11.259101,Management Information Systems and Services.,University of South Florida,82726.00000000006,77582.79,5143.210937500058,83227.00000000006,11.329327093395094,83457.62,11.332094,-230.6171874999418,201,55972.0,10.932606844675604,52838.996,10.875005,3133.00390625,178.0,6,medium,0.05929340331696014,0.05897056874616408,-0.002763285069376302,-0.002750033040506985,0.06629319465889186,0.0658567592751648,2.0,6.0,3.0,4.0,-3.0,1.0,2.081665999466133,0.2081665999466133,0.1215236166858213,0.05897056874616408
5212,3,433660,1,Public,42.0,26.463638,-81.7726,21,16,0.6344,43546.0,0.5981697171,2,21.0,1,mid,11.116172297464086,11.209817,Management Information Systems and Services.,Florida Gulf Coast University,67250.00000000003,73851.89,-6601.890624999971,74739.00000000003,11.221757323233616,71306.086,11.174737,3432.914062500029,55,44867.999999999985,10.711480124765114,50380.63,10.827362,-5512.628906250015,65.0,6,medium,-0.10941961277434832,-0.10748970958230077,0.04814335294618455,0.047097960481499446,-0.08939365761836203,-0.0868423623974808,6.0,4.0,6.0,-2.0,2.0,0.0,1.1547005383792517,0.11547005383792516,0.1215236166858213,-0.0868423623974808
5212,5,133881,2,"Private, nonprofit",127.0,28.065773,-80.623123,13,14,0.577,30032.0,0.7019104084,2,28.0,1,mid,11.37179959286566,11.536592,Management Information Systems and Services.,Florida Institute of Technology,86838.00000000003,102394.836,-15556.83593749997,107902.00000000006,11.58897868675563,109789.414,11.606319,-1887.4140624999418,175,91603.00000000006,11.42521930121762,83162.77,11.328555,8440.226562500058,129.0,5,low,0.1014904411388253,0.1006858597732682,-0.017191220835056926,-0.01709433847008427,-0.15192988782164354,-0.15073389079516744,3.0,4.0,5.0,1.0,1.0,2.0,1.0,0.1,0.09364451540062396,-0.01709433847008427
5212,5,133951,1,Public,27.0,25.75732,-80.373928,21,15,0.5466,23924.0,0.8131269705,2,23.0,1,mid,11.493314419321113,11.498299,Management Information Systems and Services.,Florida International University,98057.99999999999,98547.96,-489.96093750001455,82442.00000000003,11.319850294778053,100435.79,11.517274,-17993.78906249997,35,88691.99999999999,11.392924972572887,67158.71,11.114814,21533.289062499985,17.0,5,low,0.3206328525653141,0.29493031255347973,-0.17915714338942118,-0.17261858857608287,-0.004971801880413865,-0.004737193761995042,2.0,5.0,3.0,3.0,-2.0,1.0,1.5275252316519468,0.15275252316519466,0.09364451540062396,-0.004737193761995042
5212,5,134237,3,"Private, for-profit",35.0,28.596546,-81.301286,21,15,,21349.0,0.7669108669,1,25.0,1,,11.351159193330922,11.177899,Management Information Systems and Services.,Full Sail University,85063.99999999999,71531.94,13532.062499999985,85000.99999999996,11.350418300109132,64961.164,11.081545,20039.835937499956,59,63066.99999999998,11.0519529323301,47415.914,10.766713,15651.085937499978,38.0,5,low,0.3300808651894789,0.31926001089808465,0.30848948331990117,0.3023142849954254,0.18917511496176076,0.18252138803972046,1.0,1.0,1.0,0.0,0.0,0.0,0.0,0.0,0.09364451540062396,0.3023142849954254
5212,5,480569,3,"Private, nonprofit",127.0,28.065773,-80.623123,13,9,0.4018,30032.0,0.7019104084,2,28.0,2,mid,11.37179959286566,11.458503,Management Information Systems and Services.,Florida Institute of Technology-Online,86838.00000000003,94703.164,-7865.164062499971,107902.00000000006,11.58897868675563,106387.6,11.574844,1514.3984375000582,175,91603.00000000006,11.42521930121762,95355.87,11.465371,-3752.867187499942,129.0,5,low,-0.039356437083421514,-0.03904443276521457,0.014234726746898112,0.014154505917603272,-0.08305069994608946,-0.08239692213050333,5.0,3.0,4.0,-2.0,1.0,-1.0,1.0,0.1,0.09364451540062396,-0.03904443276521457
5212,5,482459,1,"Private, for-profit",413.0,28.53732,-81.379188,11,6,,22648.0,0.7560557866,2,31.0,1,,11.42599408478077,11.360032,Management Information Systems and Services.,DeVry University-Florida,91674.00000000007,85822.12,5851.882812500073,93641.99999999997,11.447234279770608,85734.586,11.359012,7907.414062499971,306,77162.00000000006,11.253662386849633,79834.35,11.287709,-2672.351562499942,234.0,5,low,-0.03347370536864491,-0.03334116162305657,0.09223132037127267,0.09195987433429763,0.06818618561594283,0.0680499704121188,4.0,2.0,2.0,-2.0,0.0,-2.0,1.1547005383792515,0.11547005383792515,0.09364451540062396,0.0680499704121188
5213,3,134097,1,Public,58.0,30.443147,-84.295064,12,15,0.2422,43729.0,0.5975318884,2,20.0,1,elite,11.50569941987849,11.296586,Management Sciences and Quantitative Methods.,Florida State University,99280.00000000004,80546.19,18733.812500000044,94887.00000000004,11.46044198891317,66102.12,11.098956,28784.882812500044,72,62578.00000000005,11.04416905761981,50007.305,10.819924,12570.695312500051,43.0,3,low,0.2513771816148745,0.244225501475899,0.4354608299587612,0.42854471684335516,0.23258472041274508,0.22801502789625525,1.0,2.0,1.0,1.0,-1.0,0.0,0.5773502691896257,0.28867513459481287,0.19245008972987523,0.244225501475899
5213,3,134130,1,Public,67.0,29.64629,-82.347911,12,16,0.242,39127.0,0.6673828964,2,21.0,1,elite,11.516120355866748,11.371101,Management Sciences and Quantitative Methods.,University of Florida,100320.00000000009,86777.39,13542.609375000087,109220.00000000007,11.601119475706145,71219.77,11.173526,38000.22656250007,83,60290.0,11.006921531483451,56018.664,10.93344,4271.3359375,68.0,3,low,0.076248443424757,0.07497237249422162,0.5335628678438264,0.5263822448300063,0.1560614957129,0.15346899242548379,2.0,1.0,2.0,-1.0,1.0,0.0,0.5773502691896257,0.28867513459481287,0.19245008972987523,0.15346899242548379
5213,3,134945,1,"Private, nonprofit",32.0,30.353227,-81.60458,11,14,0.5694,46900.0,0.5307591623,2,26.0,1,mid,11.069665027366662,11.432881,Management Sciences and Quantitative Methods.,Jacksonville University,64194.00000000005,92307.56,-28113.56249999995,61659.99999999997,11.02939070144014,72243.91,11.187803,-10583.90625000003,24,48374.999999999985,10.786738430332083,56939.42,10.949743,-8564.421875000015,28.0,3,low,-0.15041287025712385,-0.1434417325437447,-0.14650240829135716,-0.1383334224212124,-0.30456402204315547,-0.2927013885911929,3.0,3.0,3.0,0.0,0.0,0.0,0.0,0.0,0.19245008972987523,-0.1434417325437447
5214,3,132903,1,Public,136.0,28.602159,-81.200889,21,15,0.4011,31400.0,0.7045342864,2,23.0,1,mid,11.184407509012852,11.063641,Marketing.,University of Central Florida,71998.99999999997,63808.43,8190.570312499971,72440.00000000001,11.19051391199735,65586.27,11.091122,6853.726562500015,142,46605.99999999997,10.749484567190283,41489.434,10.633194,5116.566406249971,218.0,14,medium,0.12332215610243313,0.12279191168436593,0.10449940518470267,0.10374795713364311,0.12836188498311368,0.12742910317247044,5.0,4.0,3.0,-1.0,-1.0,-2.0,1.0,0.07692307692307693,0.18742162529061515,0.12279191168436593
5214,3,133669,2,Public,192.0,26.372421,-80.102978,13,15,0.6613,28064.0,0.7219053052,2,23.0,1,mid,10.992369319524597,11.01697,Marketing.,Florida Atlantic University,59419.00000000004,60898.85,-1479.8515624999636,62905.999999999956,11.049396827646396,62028.957,11.0353565,877.0429687499563,257,41994.99999999999,10.645305842559727,43054.676,10.670226,-1059.6757812500073,280.0,14,medium,-0.024612327511974633,-0.024533210693761485,0.01413925061335635,0.01408829862333535,-0.024300155496055683,-0.024182075674898627,11.0,11.0,12.0,0.0,1.0,1.0,0.5773502691896257,0.04441155916843275,0.18742162529061515,-0.024182075674898627
5214,3,133951,2,Public,151.0,25.75732,-80.373928,21,15,0.5466,23924.0,0.8131269705,2,23.0,1,mid,11.043849405398701,11.029851,Marketing.,Florida International University,62558.00000000004,61688.383,869.6171875000364,64422.99999999996,11.073225991189258,61104.508,11.020341,3318.4921874999636,343,40838.99999999999,10.617392786180583,41396.99,10.630963,-557.9882812500073,389.0,14,medium,-0.013478958359459637,-0.013449349950516457,0.05430846767774975,0.05416842537111932,0.014096936049421362,0.014006279536697981,10.0,8.0,7.0,-2.0,-1.0,-3.0,1.5275252316519468,0.1175019408963036,0.18742162529061515,0.014006279536697981
5214,3,134097,1,Public,372.0,30.443147,-84.295064,12,15,0.2422,43729.0,0.5975318884,2,20.0,1,elite,11.268009096810378,11.135237,Marketing.,Florida State University,78277.0,68544.38,9732.6171875,84980.99999999994,11.350182981074266,71767.96,11.181193,13213.039062499942,486,49808.00000000003,10.81593089268139,44458.125,10.702303,5349.875000000029,395.0,14,medium,0.1203351468376147,0.1200754477086269,0.18410776744802151,0.1837902873292709,0.14199000396754793,0.14166992127111283,6.0,2.0,2.0,-4.0,0.0,-4.0,2.3094010767585034,0.17764623667373103,0.18742162529061515,0.14166992127111283
5214,3,134130,1,Public,189.0,29.64629,-82.347911,12,16,0.242,39127.0,0.6673828964,2,21.0,1,elite,11.29766327398182,11.196403,Marketing.,University of Florida,80633.00000000006,72867.836,7765.164062500058,92626.00000000007,11.436325158761433,76833.67,11.249398,15792.328125000073,184,56453.99999999997,10.94118142623482,46053.25,10.737554,10400.74999999997,165.0,14,medium,0.22584182440978587,0.22449849081287088,0.20553915672144976,0.20444658222172993,0.10656504289712093,0.10603762699066596,1.0,1.0,4.0,0.0,3.0,3.0,1.7320508075688772,0.13323467750529824,0.18742162529061515,0.20444658222172993
5214,3,134237,3,"Private, for-profit",93.0,28.596546,-81.301286,21,15,,21349.0,0.7669108669,1,25.0,1,,10.624468747775484,10.764115,Marketing.,Full Sail University,41129.00000000001,47292.89,-6163.890624999993,57954.00000000005,10.967404871407352,49640.438,10.812561,8313.562500000051,62,37474.99999999998,10.531429322970798,35209.707,10.469077,2265.292968749978,41.0,14,medium,0.06433717175605698,0.06240386156525915,0.1674756089730283,0.16431066123511984,-0.1303344021382705,-0.12885769023005134,7.0,3.0,14.0,-4.0,11.0,7.0,5.5677643628300215,0.42828956637154014,0.18742162529061515,0.06240386156525915
5214,3,135726,1,"Private, nonprofit",48.0,25.72126,-80.278662,21,16,0.189,54690.0,0.4559891107,2,20.0,1,elite,11.32424372502359,11.30109,Marketing.,University of Miami,82804.99999999994,80909.8,1895.2031249999418,85934.99999999996,11.361346475510787,85311.21,11.354061,623.7890624999563,78,53621.99999999998,10.889714710609447,44168.516,10.695767,9453.484374999978,58.0,14,medium,0.21403219558615127,0.20972293031662465,0.007311923669175808,0.00720613005146902,0.023423654467059143,0.02285056792187117,2.0,12.0,5.0,10.0,-7.0,3.0,5.131601439446884,0.3947385722651449,0.18742162529061515,0.02285056792187117
5214,3,136172,1,Public,78.0,30.27194,-81.509144,11,15,0.5324,37074.0,0.6143506622,2,22.0,1,mid,11.06377489151959,11.072267,Marketing.,University of North Florida,63817.0,64361.223,-544.22265625,62294.000000000044,11.039620391951418,62656.67,11.045425,-362.67187499995634,122,43720.00000000003,10.685560942290476,42294.344,10.652409,1425.656250000029,126.0,14,medium,0.03370796479139197,0.03343329459529913,-0.005788240328555695,-0.005738547966557811,-0.008455753849746847,-0.008338102670172065,8.0,13.0,9.0,5.0,-4.0,1.0,2.6457513110645907,0.20351933162035313,0.18742162529061515,-0.005738547966557811
5214,3,137032,3,"Private, nonprofit",54.0,28.336776,-82.257801,31,12,0.784,22361.0,0.7686491935,2,30.0,1,open,10.938041204903517,10.966294,Marketing.,Saint Leo University,56276.999999999956,57889.67,-1612.6718750000437,46324.000000000015,10.743415464304269,56680.78,10.94519,-10356.781249999985,50,28343.99999999999,10.252170646545308,45075.195,10.716087,-16731.19531250001,29.0,14,medium,-0.3711840890872459,-0.35464640395970387,-0.18272121557957505,-0.17829130865609594,-0.027857678628447808,-0.027263008664672052,14.0,14.0,13.0,0.0,-1.0,-1.0,0.5773502691896257,0.04441155916843275,0.18742162529061515,-0.17829130865609594
5214,3,137351,1,Public,322.0,28.061458,-82.413232,11,15,0.4319,32495.0,0.6858996244,2,22.0,1,mid,11.051778499434786,11.070355,Marketing.,University of South Florida,63056.000000000044,64238.336,-1182.3359374999563,65269.000000000015,11.086272470537482,63085.676,11.052249,2183.3242187500146,408,40575.00000000001,10.610907392382792,43196.98,10.673526,-2621.9804687499927,395.0,14,medium,-0.060698234929795904,-0.06056724012772335,0.03460887422876638,0.03453585200403411,-0.01840545711909937,-0.018356420829524205,12.0,10.0,11.0,-2.0,1.0,-1.0,1.0,0.07692307692307693,0.18742162529061515,-0.018356420829524205
5214,3,137546,1,"Private, nonprofit",26.0,29.035475,-81.300746,13,14,0.716,52032.0,0.5486725664,2,20.0,1,open,10.920799398469011,10.930933,Marketing.,Stetson University,55315.0,55878.39,-563.390625,63706.99999999998,11.062049725632669,60746.54,11.014465,2960.460937499978,35,44286.00000000004,10.698423878998108,37347.02,10.528008,6938.980468750036,38.0,14,medium,0.18579743593578776,0.17970654369087766,0.04873464370462428,0.04695601443457299,-0.010082441865244754,-0.009586111985011204,3.0,9.0,10.0,6.0,1.0,7.0,3.7859388972001824,0.29122606901539866,0.18742162529061515,0.04695601443457299
5214,3,137847,1,"Private, nonprofit",44.0,27.948455,-82.46483,11,13,0.4034,75458.0,0.429463171,2,20.0,1,mid,11.251534726472515,11.090944,Marketing.,The University of Tampa,76997.99999999996,65574.64,11423.359374999956,69875.99999999999,11.15447752162512,65824.7,11.09475,4051.2968749999854,100,43825.00000000001,10.687959709789435,43477.19,10.679992,347.8085937500073,107.0,14,medium,0.007999794432443688,0.007920896088114898,0.06154675498204133,0.060880300289086656,0.1742039188644041,0.16949148586759522,9.0,6.0,1.0,-3.0,-5.0,-8.0,4.041451884327381,0.3108809141790293,0.18742162529061515,0.060880300289086656
5214,3,138309,3,"Private, for-profit",38.0,29.175319,-82.15319,13,12,,25123.0,0.7318019398,1,30.0,1,,11.020054356564353,11.017325,Marketing.,Rasmussen University-Florida,61087.000000000044,60920.52,166.48046875004366,62985.00000000005,11.050651881786404,59527.24,10.994189,3457.761718750051,52,41376.99999999998,10.630480449879682,45339.777,10.72194,-3962.777343750022,57.0,14,medium,-0.08740178218577606,-0.08560619643659216,0.05808705087934817,0.05674117479296865,0.002732748670415479,0.0026452580050978104,13.0,7.0,8.0,-6.0,1.0,-5.0,3.214550253664318,0.24727309643571677,0.18742162529061515,0.0026452580050978104
5214,3,433660,1,Public,93.0,26.463638,-81.7726,21,16,0.6344,43546.0,0.5981697171,2,21.0,1,mid,11.053537291867439,11.032374,Marketing.,Florida Gulf Coast University,63166.999999999956,61844.246,1322.7539062499563,67033.99999999997,11.112955232344024,61279.23,11.023196,5754.769531249971,144,46909.99999999997,10.755986151322503,41724.13,10.638835,5185.871093749971,129.0,14,medium,0.12428949937821618,0.12330417490812795,0.09391060375969762,0.0932462316199705,0.021388471681662788,0.02114613650144374,4.0,5.0,6.0,1.0,1.0,2.0,1.0,0.07692307692307693,0.18742162529061515,0.0932462316199705
5401,3,132903,3,Public,36.0,28.602159,-81.200889,21,15,0.4011,31400.0,0.7045342864,2,23.0,1,mid,10.83860003865087,10.805331,History.,University of Central Florida,50949.999999999985,49282.836,1667.1640624999854,48896.00000000004,10.797450872526193,53392.86,10.885432,-4496.859374999964,74,34334.99999999999,10.443920521054777,27107.748,10.207575,7227.251953124993,119.0,8,medium,0.2666120380279304,0.2642895648495696,-0.08422211186362341,-0.08292646840107021,0.033828492837024764,0.03267633291903335,1.0,7.0,2.0,6.0,-5.0,1.0,3.2145502536643185,0.45922146480918835,0.33930276253524755,0.03267633291903335
5401,3,133669,1,Public,39.0,26.372421,-80.102978,13,15,0.6613,28064.0,0.7219053052,2,23.0,1,mid,10.885434930213425,10.766262,History.,Florida Atlantic University,53392.999999999985,47394.523,5998.476562499985,46959.99999999999,10.757051454501978,49931.1,10.818399,-2971.1015625000073,33,24639.00000000002,10.112085832408303,33290.227,10.413019,-8651.226562499982,35.0,8,medium,-0.2598728652764777,-0.2505153771507668,-0.059504025938242236,-0.05718230705767107,0.12656476165247832,0.12263159381012895,8.0,6.0,1.0,-2.0,-5.0,-7.0,3.605551275463989,0.5150787536377127,0.33930276253524755,-0.05718230705767107
5401,3,133951,2,Public,37.0,25.75732,-80.373928,21,15,0.5466,23924.0,0.8131269705,2,23.0,1,mid,10.804441271400046,10.833227,History.,Florida International University,49239.000000000044,50676.984,-1437.9843749999563,56676.000000000015,10.945106119684118,50805.8,10.835766,5870.199218750015,56,31835.00000000002,10.368321592451126,31456.484,10.35636,378.5156250000182,40.0,8,medium,0.012032992005325394,0.011661018984802159,0.11554190916160946,0.11308482508273544,-0.028375492202912998,-0.027438865333878716,3.0,1.0,5.0,-2.0,4.0,2.0,2.0,0.2857142857142857,0.33930276253524755,0.011661018984802159
5401,3,134097,1,Public,119.0,30.443147,-84.295064,12,15,0.2422,43729.0,0.5975318884,2,20.0,1,elite,10.81444408281958,10.873309,History.,Florida State University,49733.99999999996,52749.477,-3015.4765625000364,56833.999999999956,10.947890017174078,54684.008,10.909327,2149.9921874999563,82,27943.99999999999,10.237957786486668,31843.193,10.368579,-3899.193359375011,82.0,8,medium,-0.12244982201909231,-0.1208021801708608,0.039316653506301674,0.03878000435004192,-0.05716599972185812,-0.05668043526038196,5.0,3.0,6.0,-2.0,3.0,1.0,1.5275252316519465,0.21821789023599236,0.33930276253524755,-0.05668043526038196
5401,3,134130,1,Public,136.0,29.64629,-82.347911,12,16,0.242,39127.0,0.6673828964,2,21.0,1,elite,10.959018351501788,10.943651,History.,University of Florida,57470.00000000005,56593.6,876.3984375000509,54448.0,10.905001396740687,61596.56,11.028361,-7148.55859375,91,27360.000000000004,10.216837371736487,32228.475,10.380606,-4868.474609374996,91.0,8,medium,-0.15106127945499465,-0.149261242607294,-0.11605451273499134,-0.11465161149274805,0.015485821953426786,0.0153732893816052,7.0,8.0,4.0,1.0,-4.0,-3.0,2.0816659994661326,0.2973808570665904,0.33930276253524755,-0.11465161149274805
5401,3,136172,1,Public,48.0,30.27194,-81.509144,11,15,0.5324,37074.0,0.6143506622,2,22.0,1,mid,10.684920297963433,10.793209,History.,University of North Florida,43691.999999999985,48689.035,-4997.035156250015,49611.00000000003,10.811967862318307,47549.906,10.769535,2061.093750000029,43,25689.000000000004,10.153818163694302,30080.605,10.311636,-4391.605468749996,37.0,8,medium,-0.14599458356356315,-0.1410604236094785,0.04334590565044551,0.04209566645304317,-0.10263163236268334,-0.10012063188235919,6.0,2.0,8.0,-4.0,6.0,2.0,3.055050463303893,0.4364357804719847,0.33930276253524755,-0.10012063188235919
5401,3,137351,1,Public,118.0,28.061458,-82.413232,11,15,0.4319,32495.0,0.6858996244,2,22.0,1,mid,10.740605198506104,10.817989,History.,University of South Florida,46193.99999999999,49910.633,-3716.6328125000073,47935.99999999997,10.77762206687689,49853.215,10.816838,-1917.214843750029,140,33473.99999999999,10.418524297073583,29404.059,10.288888,4069.9414062499927,116.0,8,medium,0.13841427343350085,0.13717203900204786,-0.03845719578484489,-0.038176036720223155,-0.07446575214668857,-0.07382697547545217,2.0,4.0,7.0,2.0,3.0,5.0,2.516611478423583,0.3595159254890833,0.33930276253524755,-0.038176036720223155
5401,3,138354,2,Public,32.0,30.549076,-87.218511,41,12,0.5824,34583.0,0.6786062378,2,24.0,1,mid,10.644734182586557,10.617224,History.,University of West Florida,41970.99999999998,40832.098,1138.9023437499782,42219.00000000003,10.650625635664678,44056.19,10.693221,-1837.191406249971,24,27340.000000000022,10.216106110277941,31302.967,10.351468,-3962.966796874978,28.0,8,medium,-0.12660035780604043,-0.12073285107393493,-0.041701094615939474,-0.03937583828288521,0.02789233003256327,0.026805936160175473,4.0,5.0,3.0,1.0,-2.0,-1.0,1.0,0.14285714285714285,0.33930276253524755,-0.03937583828288521
