code,title,unit_id,distance,school_type,credential_level,school_city,location_lat,location_lon,locale,carnegie_size_setting,median_family_income,students_with_pell_grant,age_entry,title_iv_eligibility_type,actual,pred,school_name,4_yr_working_count,error,school_count,confidence,pct_error,score
1205,Culinary Arts and Related Services.,132374,1,Public,1,Coconut Creek,26.24278,-80.192271,21,-2,16748.0,,26.0,1,22265.0,28716.123,Atlantic Technical College,28,-6451.123046875,6,medium,-0.22465160204058382,-0.214742110025278
4603,Electrical and Power Transmission Installers.,132374,2,Public,1,Coconut Creek,26.24278,-80.192271,21,-2,16748.0,,26.0,1,41177.000000000015,38297.2,Atlantic Technical College,27,2879.8007812500146,5,low,0.07519611982069141,0.07174035071461282
4702,"Heating, Air Conditioning, Ventilation and Refrigeration Maintenance Technology/Technician (HAC, HACR, HVAC, HVACR).",132374,1,Public,1,Coconut Creek,26.24278,-80.192271,21,-2,16748.0,,26.0,1,47325.00000000001,40012.48,Atlantic Technical College,48,7312.519531250007,13,medium,0.18275596627809992,0.17840787963707178
4706,Vehicle Maintenance and Repair Technologies/Technicians.,132374,1,Public,1,Coconut Creek,26.24278,-80.192271,21,-2,16748.0,,26.0,1,42838.99999999996,49987.184,Atlantic Technical College,28,-7148.183593750036,24,high,-0.14300032688066444,-0.13669251253819617
5108,Allied Health and Medical Assisting Services.,132374,1,Public,1,Coconut Creek,26.24278,-80.192271,21,-2,16748.0,,26.0,1,33080.999999999985,34389.223,Atlantic Technical College,29,-1308.2226562500146,33,high,-0.038041646632342656,-0.036428860556167016
5139,"Practical Nursing, Vocational Nursing and Nursing Assistants.",132374,1,Public,1,Coconut Creek,26.24278,-80.192271,21,-2,16748.0,,26.0,1,55723.99999999997,56143.92,Atlantic Technical College,46,-419.9218750000291,47,high,-0.007479382646886548,-0.007292450809561382
3906,Theological and Ministerial Studies.,132408,3,"Private, nonprofit",3,Graceville,30.962708,-85.503931,42,7,33739.0,0.7795698925,26.0,1,42321.99999999996,46065.812,Baptist University of Florida,30,-3743.8125000000364,4,low,-0.08127095337784472,-0.07795525543619257
1101,"Computer and Information Sciences, General.",132471,2,"Private, nonprofit",3,Miami,25.878908,-80.198925,21,13,28822.0,0.7126805778,26.0,1,65950.99999999996,101501.53,Barry University,32,-35550.531250000044,19,high,-0.3502462555213919,-0.33696719287443844
1304,Educational Administration and Supervision.,132471,2,"Private, nonprofit",5,Miami,25.878908,-80.198925,21,13,28822.0,0.7126805778,26.0,1,79566.99999999994,73753.15,Barry University,91,5813.851562499942,20,high,0.07882852035024274,0.07793852918968462
1313,"Teacher Education and Professional Development, Specific Subject Areas.",132471,2,"Private, nonprofit",5,Miami,25.878908,-80.198925,21,13,28822.0,0.7126805778,26.0,1,69283.99999999999,66111.26,Barry University,20,3172.7421874999854,8,medium,0.047990951805792124,0.04491138497818779
2201,Law.,132471,1,"Private, nonprofit",7,Miami,25.878908,-80.198925,21,13,28822.0,0.7126805778,26.0,1,82024.00000000001,96618.18,Barry University,302,-14594.179687499985,8,medium,-0.15105003773309664,-0.15062924493908536
2401,"Liberal Arts and Sciences, General Studies and Humanities.",132471,1,"Private, nonprofit",3,Miami,25.878908,-80.198925,21,13,28822.0,0.7126805778,26.0,1,51734.00000000003,59662.39,Barry University,44,-7928.390624999971,12,medium,-0.13288757862273426,-0.12939124627310178
2601,"Biology, General.",132471,1,"Private, nonprofit",3,Miami,25.878908,-80.198925,21,13,28822.0,0.7126805778,26.0,1,60470.99999999997,57249.188,Barry University,41,3221.812499999971,24,high,0.05627699956440379,0.05467068215602745
3105,"Sports, Kinesiology, and Physical Education/Fitness.",132471,1,"Private, nonprofit",3,Miami,25.878908,-80.198925,21,13,28822.0,0.7126805778,26.0,1,47018.99999999997,56074.516,Barry University,26,-9055.51562500003,18,high,-0.161490750728175,-0.15374742475448885
3105,"Sports, Kinesiology, and Physical Education/Fitness.",132471,2,"Private, nonprofit",5,Miami,25.878908,-80.198925,21,13,28822.0,0.7126805778,26.0,1,56461.99999999997,64088.297,Barry University,29,-7626.296875000029,6,medium,-0.11899671620037927,-0.1139518176749976
4201,"Psychology, General.",132471,1,"Private, nonprofit",3,Miami,25.878908,-80.198925,21,13,28822.0,0.7126805778,26.0,1,44015.99999999998,57618.03,Barry University,29,-13602.031250000022,29,high,-0.2360724751420593,-0.22606411760283185
4228,"Clinical, Counseling and Applied Psychology.",132471,1,"Private, nonprofit",5,Miami,25.878908,-80.198925,21,13,28822.0,0.7126805778,26.0,1,57962.000000000015,63994.97,Barry University,55,-6032.968749999985,9,medium,-0.09427254779306359,-0.09235732445475962
4404,Public Administration.,132471,2,"Private, nonprofit",3,Miami,25.878908,-80.198925,21,13,28822.0,0.7126805778,26.0,1,97701.99999999994,62052.438,Barry University,70,35649.56249999994,7,medium,0.5745070449488779,0.565693876673758
4404,Public Administration.,132471,2,"Private, nonprofit",5,Miami,25.878908,-80.198925,21,13,28822.0,0.7126805778,26.0,1,81624.99999999996,82871.42,Barry University,111,-1246.4218750000437,10,medium,-0.015040430667161684,-0.014905831765020954
4407,Social Work.,132471,2,"Private, nonprofit",5,Miami,25.878908,-80.198925,21,13,28822.0,0.7126805778,26.0,1,64500.00000000002,71976.945,Barry University,226,-7476.945312499978,9,medium,-0.10387972537647387,-0.10347442107312314
5107,Health and Medical Administrative Services.,132471,2,"Private, nonprofit",3,Miami,25.878908,-80.198925,21,13,28822.0,0.7126805778,26.0,1,89971.00000000003,61874.57,Barry University,27,28096.42968750003,18,high,0.45408686550222305,0.43321850999371386
5109,"Allied Health Diagnostic, Intervention, and Treatment Professions.",132471,1,"Private, nonprofit",3,Miami,25.878908,-80.198925,21,13,28822.0,0.7126805778,26.0,1,134968.0,70520.055,Barry University,30,64447.9453125,7,medium,0.91389528266948,0.8766101201152178
5109,"Allied Health Diagnostic, Intervention, and Treatment Professions.",132471,1,"Private, nonprofit",5,Miami,25.878908,-80.198925,21,13,28822.0,0.7126805778,26.0,1,127659.99999999996,130557.58,Barry University,167,-2897.5781250000437,9,medium,-0.02219387159760125,-0.02207065603058953
5112,Medicine.,132471,1,"Private, nonprofit",7,Miami,25.878908,-80.198925,21,13,28822.0,0.7126805778,26.0,1,111889.99999999993,85815.33,Barry University,85,26074.671874999927,7,medium,0.30384632261755307,0.3001310378426144
5123,Rehabilitation and Therapeutic Professions.,132471,2,"Private, nonprofit",5,Miami,25.878908,-80.198925,21,13,28822.0,0.7126805778,26.0,1,75401.99999999994,73448.09,Barry University,66,1953.9062499999418,9,medium,0.02660254542004287,0.026165456234904346
5138,"Registered Nursing, Nursing Administration, Nursing Research and Clinical Nursing.",132471,1,"Private, nonprofit",3,Miami,25.878908,-80.198925,21,13,28822.0,0.7126805778,26.0,1,93607.99999999999,81663.61,Barry University,164,11944.390624999985,57,high,0.1462633199342346,0.14543392866455662
5138,"Registered Nursing, Nursing Administration, Nursing Research and Clinical Nursing.",132471,1,"Private, nonprofit",5,Miami,25.878908,-80.198925,21,13,28822.0,0.7126805778,26.0,1,145767.00000000003,124537.22,Barry University,212,21229.78125000003,18,high,0.17046937022591915,0.1697528362353544
5138,"Registered Nursing, Nursing Administration, Nursing Research and Clinical Nursing.",132471,2,"Private, nonprofit",6,Miami,25.878908,-80.198925,21,13,28822.0,0.7126805778,26.0,1,138165.99999999988,133617.97,Barry University,29,4548.031249999884,8,medium,0.03403757213604464,0.032594539899864695
5202,"Business Administration, Management and Operations.",132471,2,"Private, nonprofit",3,Miami,25.878908,-80.198925,21,13,28822.0,0.7126805778,26.0,1,64210.00000000001,74567.17,Barry University,197,-10357.171874999993,58,high,-0.13889720656647866,-0.1382612586500262
5202,"Business Administration, Management and Operations.",132471,2,"Private, nonprofit",5,Miami,25.878908,-80.198925,21,13,28822.0,0.7126805778,26.0,1,84090.00000000004,80272.195,Barry University,92,3817.8046875000437,35,high,0.04756073597635288,0.04703058424009285
0901,Communication and Media Studies.,132602,1,"Private, nonprofit",3,Daytona Beach,29.207195,-81.032946,13,11,22913.0,0.866638796,20.0,1,30852.000000000004,49103.438,Bethune-Cookman University,27,-18251.437499999996,15,medium,-0.3716936823414857,-0.3546118495631028
1313,"Teacher Education and Professional Development, Specific Subject Areas.",132602,1,"Private, nonprofit",3,Daytona Beach,29.207195,-81.032946,13,11,22913.0,0.866638796,20.0,1,33933.000000000015,43410.32,Bethune-Cookman University,39,-9477.320312499985,11,medium,-0.2183195204337387,-0.21171889836477567
2401,"Liberal Arts and Sciences, General Studies and Humanities.",132602,1,"Private, nonprofit",3,Daytona Beach,29.207195,-81.032946,13,11,22913.0,0.866638796,20.0,1,42126.999999999985,45931.36,Bethune-Cookman University,113,-3804.3593750000146,12,medium,-0.08282705817478354,-0.08210114987121503
4201,"Psychology, General.",132602,1,"Private, nonprofit",3,Daytona Beach,29.207195,-81.032946,13,11,22913.0,0.866638796,20.0,1,37792.99999999997,39269.383,Bethune-Cookman University,47,-1476.382812500029,29,high,-0.03759628256826271,-0.03667973145243857
4301,Criminal Justice and Corrections.,132602,1,"Private, nonprofit",3,Daytona Beach,29.207195,-81.032946,13,11,22913.0,0.866638796,20.0,1,46540.00000000003,45314.71,Bethune-Cookman University,31,1225.289062500029,23,high,0.027039542725760746,0.02597668652049354
5138,"Registered Nursing, Nursing Administration, Nursing Research and Clinical Nursing.",132602,1,"Private, nonprofit",3,Daytona Beach,29.207195,-81.032946,13,11,22913.0,0.866638796,20.0,1,76641.00000000003,85812.055,Bethune-Cookman University,22,-9171.05468749997,57,high,-0.10687373377665892,-0.10069964754248857
5210,Human Resources Management and Services.,132602,3,"Private, nonprofit",5,Daytona Beach,29.207195,-81.032946,13,11,22913.0,0.866638796,20.0,1,49834.999999999985,76962.59,Bethune-Cookman University,24,-27127.593750000015,7,medium,-0.35247764437512885,-0.33399240831003246
0901,Communication and Media Studies.,132657,0,"Private, nonprofit",5,Boca Raton,26.385985,-80.122806,13,11,41024.0,0.604197901,21.0,1,74355.99999999997,71602.375,Lynn University,23,2753.624999999971,3,low,0.03845717408116659,0.036342428522931534
1003,Graphic Communications.,132657,1,"Private, nonprofit",3,Boca Raton,26.385985,-80.122806,13,11,41024.0,0.604197901,21.0,1,36590.0,48661.27,Lynn University,31,-12071.26953125,4,low,-0.24806729556239582,-0.23831639603401156
1304,Educational Administration and Supervision.,132657,3,"Private, nonprofit",5,Boca Raton,26.385985,-80.122806,13,11,41024.0,0.604197901,21.0,1,68722.00000000003,69386.9,Lynn University,21,-664.8984374999709,20,high,-0.00958247814029151,-0.008999699891544859
1304,Educational Administration and Supervision.,132657,3,"Private, nonprofit",6,Boca Raton,26.385985,-80.122806,13,11,41024.0,0.604197901,21.0,1,83158.00000000006,89148.086,Lynn University,22,-5990.085937499942,5,low,-0.06719253559408415,-0.06331082870137485
2601,"Biology, General.",132657,1,"Private, nonprofit",3,Boca Raton,26.385985,-80.122806,13,11,41024.0,0.604197901,21.0,1,38783.000000000015,47377.355,Lynn University,23,-8594.355468749985,24,high,-0.18140217797548458,-0.1714269403431467
3105,"Sports, Kinesiology, and Physical Education/Fitness.",132657,1,"Private, nonprofit",3,Boca Raton,26.385985,-80.122806,13,11,41024.0,0.604197901,21.0,1,41208.999999999985,49922.867,Lynn University,20,-8713.867187500015,18,high,-0.1745466091675489,-0.1633459989017128
4201,"Psychology, General.",132657,2,"Private, nonprofit",3,Boca Raton,26.385985,-80.122806,13,11,41024.0,0.604197901,21.0,1,47373.0,49902.97,Lynn University,25,-2529.96875,29,high,-0.050697760341162065,-0.04815756615250354
4301,Criminal Justice and Corrections.,132657,2,"Private, nonprofit",3,Boca Raton,26.385985,-80.122806,13,11,41024.0,0.604197901,21.0,1,68824.0,49385.688,Lynn University,21,19438.3125,23,high,0.3936021443459707,0.3696644149792441
5202,"Business Administration, Management and Operations.",132657,3,"Private, nonprofit",3,Boca Raton,26.385985,-80.122806,13,11,41024.0,0.604197901,21.0,1,72801.99999999996,58893.453,Lynn University,22,13908.546874999956,58,high,0.23616456731581667,0.2225213609587667
5202,"Business Administration, Management and Operations.",132657,2,"Private, nonprofit",5,Boca Raton,26.385985,-80.122806,13,11,41024.0,0.604197901,21.0,1,77698.99999999994,81150.29,Lynn University,247,-3451.289062500058,35,high,-0.04252959665789925,-0.04237995754190527
5211,International Business.,132657,2,"Private, nonprofit",3,Boca Raton,26.385985,-80.122806,13,11,41024.0,0.604197901,21.0,1,74456.00000000004,51274.79,Lynn University,23,23181.210937500044,7,medium,0.4520976363109742,0.42723695709779685
5139,"Practical Nursing, Vocational Nursing and Nursing Assistants.",132675,1,Public,1,Starke,29.952308,-82.117224,32,-2,17719.0,,29.0,1,52814.999999999985,48095.035,North Florida Technical College,24,4719.964843749985,47,high,0.09813829698670302,0.09299156040418362
1104,Information Science/Studies.,132693,1,Public,3,Melbourne,28.170002,-80.670781,13,12,22005.0,0.8466486121,25.0,1,70868.99999999997,68314.086,Eastern Florida State College,43,2554.914062499971,5,low,0.03739952057380144,0.036389059141081474
2401,"Liberal Arts and Sciences, General Studies and Humanities.",132693,1,Public,2,Melbourne,28.170002,-80.670781,13,12,22005.0,0.8466486121,25.0,1,42427.999999999985,42475.96,Eastern Florida State College,1032,-47.96093750001455,36,high,-0.001129131311957492,-0.0011283658112496882
4301,Criminal Justice and Corrections.,132693,1,Public,1,Melbourne,28.170002,-80.670781,13,12,22005.0,0.8466486121,25.0,1,56068.000000000015,57619.953,Eastern Florida State College,68,-1551.9531249999854,19,high,-0.02693430037392078,-0.02650690363018543
4302,Fire Protection.,132693,1,Public,1,Melbourne,28.170002,-80.670781,13,12,22005.0,0.8466486121,25.0,1,55413.999999999956,64780.95,Eastern Florida State College,23,-9366.949218750044,6,medium,-0.144594195233541,-0.13664301474712945
4706,Vehicle Maintenance and Repair Technologies/Technicians.,132693,1,Public,1,Melbourne,28.170002,-80.670781,13,12,22005.0,0.8466486121,25.0,1,68047.00000000004,49801.227,Eastern Florida State College,28,18245.773437500044,24,high,0.36637196906389036,0.35021112236129426
5109,"Allied Health Diagnostic, Intervention, and Treatment Professions.",132693,1,Public,1,Melbourne,28.170002,-80.670781,13,12,22005.0,0.8466486121,25.0,1,62987.99999999998,58725.195,Eastern Florida State College,39,4262.804687499978,22,high,0.07258902528660667,0.07039438542426459
5109,"Allied Health Diagnostic, Intervention, and Treatment Professions.",132693,1,Public,2,Melbourne,28.170002,-80.670781,13,12,22005.0,0.8466486121,25.0,1,54621.99999999998,68198.74,Eastern Florida State College,55,-13576.742187500022,39,high,-0.19907613765329052,-0.19503174430805148
5110,Clinical/Medical Laboratory Science/Research and Allied Professions.,132693,1,Public,2,Melbourne,28.170002,-80.670781,13,12,22005.0,0.8466486121,25.0,1,67936.00000000004,54964.46,Eastern Florida State College,20,12971.539062500044,4,low,0.23599865879245063,0.22085468657207413
5122,Public Health.,132693,1,Public,3,Melbourne,28.170002,-80.670781,13,12,22005.0,0.8466486121,25.0,1,53408.0,52823.777,Eastern Florida State College,49,584.22265625,12,medium,0.011059842472986723,0.010802919891359392
5138,"Registered Nursing, Nursing Administration, Nursing Research and Clinical Nursing.",132693,2,Public,2,Melbourne,28.170002,-80.670781,13,12,22005.0,0.8466486121,25.0,1,77666.99999999993,79641.13,Eastern Florida State College,106,-1974.1328125000728,58,high,-0.024787854501615334,-0.02455373629188972
5202,"Business Administration, Management and Operations.",132693,1,Public,2,Melbourne,28.170002,-80.670781,13,12,22005.0,0.8466486121,25.0,1,42612.99999999999,44597.535,Eastern Florida State College,28,-1984.5351562500073,26,high,-0.04449876320063599,-0.04253590099701802
5202,"Business Administration, Management and Operations.",132693,3,Public,3,Melbourne,28.170002,-80.670781,13,12,22005.0,0.8466486121,25.0,1,54132.999999999956,55600.38,Eastern Florida State College,286,-1467.3789062500437,58,high,-0.026391527092364774,-0.02631321214007369
1101,"Computer and Information Sciences, General.",132709,2,Public,3,Fort Lauderdale,26.119422,-80.14183,12,15,20743.0,0.9264472291,24.0,1,68626.00000000001,62711.965,Broward College,32,5914.035156250015,19,high,0.09430473388906135,0.09072931102735816
1310,Special Education and Teaching.,132709,1,Public,3,Fort Lauderdale,26.119422,-80.14183,12,15,20743.0,0.9264472291,24.0,1,59330.00000000001,50256.965,Broward College,21,9073.035156250007,6,medium,0.1805328910024366,0.16955340944043962
2203,Legal Support Services.,132709,1,Public,2,Fort Lauderdale,26.119422,-80.14183,12,15,20743.0,0.9264472291,24.0,1,48911.00000000002,46853.086,Broward College,21,2057.914062500022,10,medium,0.04392270052916452,0.04125145055396433
2401,"Liberal Arts and Sciences, General Studies and Humanities.",132709,2,Public,2,Fort Lauderdale,26.119422,-80.14183,12,15,20743.0,0.9264472291,24.0,1,44116.99999999997,41435.02,Broward College,1403,2681.980468749971,36,high,0.06472738517058596,0.06469644024375473
4301,Criminal Justice and Corrections.,132709,2,Public,2,Fort Lauderdale,26.119422,-80.14183,12,15,20743.0,0.9264472291,24.0,1,44828.99999999997,46949.61,Broward College,30,-2120.609375000029,10,medium,-0.04516777462538855,-0.04332501665184624
4901,Air Transportation.,132709,2,Public,2,Fort Lauderdale,26.119422,-80.14183,12,15,20743.0,0.9264472291,24.0,1,75637.00000000001,66084.16,Broward College,24,9552.843750000015,5,low,0.1445557345676183,0.13697469525721606
5109,"Allied Health Diagnostic, Intervention, and Treatment Professions.",132709,1,Public,1,Fort Lauderdale,26.119422,-80.14183,12,15,20743.0,0.9264472291,24.0,1,79695.00000000001,60577.957,Broward College,35,19117.042968750015,22,high,0.3155775451273178,0.3047758955620932
5109,"Allied Health Diagnostic, Intervention, and Treatment Professions.",132709,1,Public,2,Fort Lauderdale,26.119422,-80.14183,12,15,20743.0,0.9264472291,24.0,1,75878.99999999997,65190.664,Broward College,66,10688.33593749997,39,high,0.16395500937454455,0.16126117085964414
5138,"Registered Nursing, Nursing Administration, Nursing Research and Clinical Nursing.",132709,1,Public,2,Fort Lauderdale,26.119422,-80.14183,12,15,20743.0,0.9264472291,24.0,1,83358.00000000004,82768.98,Broward College,103,589.0234375000437,58,high,0.007116476027165371,0.007046966154127185
5202,"Business Administration, Management and Operations.",132709,2,Public,2,Fort Lauderdale,26.119422,-80.14183,12,15,20743.0,0.9264472291,24.0,1,49180.00000000004,47105.37,Broward College,59,2074.6289062500364,26,high,0.04404230044427568,0.043217699076271036
5202,"Business Administration, Management and Operations.",132709,2,Public,3,Fort Lauderdale,26.119422,-80.14183,12,15,20743.0,0.9264472291,24.0,1,61029.000000000015,53674.98,Broward College,129,7354.019531250015,58,high,0.13701019482497218,0.13598170171307505
4228,"Clinical, Counseling and Applied Psychology.",132842,2,"Private, nonprofit",5,Miami,25.795181,-80.354942,13,6,16091.0,0.4821052632,26.0,1,51234.99999999997,69820.95,Albizu University-Miami,49,-18585.95312500003,9,medium,-0.26619449166965276,-0.26001073487729465
4228,"Clinical, Counseling and Applied Psychology.",132842,1,"Private, nonprofit",6,Miami,25.795181,-80.354942,13,6,16091.0,0.4821052632,26.0,1,93577.99999999993,76086.336,Albizu University-Miami,113,17491.664062499927,3,low,0.22989231702349547,0.22787750754539224
1105,Computer Systems Analysis.,132851,0,Public,99,Ocala,29.166079,-82.175692,13,12,21993.0,0.8733662504,24.0,1,46212.99999999997,44196.992,College of Central Florida,20,2016.007812499971,1,low,0.045614140526742626,0.042687093057371846
2401,"Liberal Arts and Sciences, General Studies and Humanities.",132851,3,Public,2,Ocala,29.166079,-82.175692,13,12,21993.0,0.8733662504,24.0,1,42065.99999999996,39389.63,College of Central Florida,690,2676.3710937499636,36,high,0.06794608550692136,0.06787310109888622
4301,Criminal Justice and Corrections.,132851,0,Public,99,Ocala,29.166079,-82.175692,13,12,21993.0,0.8733662504,24.0,1,52149.999999999985,37126.637,College of Central Florida,57,15023.363281249985,4,low,0.40465187824737064,0.3967654370757497
5107,Health and Medical Administrative Services.,132851,0,Public,99,Ocala,29.166079,-82.175692,13,12,21993.0,0.8733662504,24.0,1,46953.000000000015,38567.03,College of Central Florida,44,8385.968750000015,1,low,0.2174387936587682,0.21171788056656327
5109,"Allied Health Diagnostic, Intervention, and Treatment Professions.",132851,1,Public,2,Ocala,29.166079,-82.175692,13,12,21993.0,0.8733662504,24.0,1,63118.99999999995,57121.734,College of Central Florida,25,5997.265624999949,39,high,0.1049909581811424,0.09973042162018325
5109,"Allied Health Diagnostic, Intervention, and Treatment Professions.",132851,0,Public,99,Ocala,29.166079,-82.175692,13,12,21993.0,0.8733662504,24.0,1,50312.0,52229.23,College of Central Florida,44,-1917.23046875,4,low,-0.03670799763931282,-0.03574219360430269
5138,"Registered Nursing, Nursing Administration, Nursing Research and Clinical Nursing.",132851,1,Public,2,Ocala,29.166079,-82.175692,13,12,21993.0,0.8733662504,24.0,1,75665.0,78340.41,College of Central Florida,95,-2675.40625,58,high,-0.034151038755942116,-0.03378438408688256
5138,"Registered Nursing, Nursing Administration, Nursing Research and Clinical Nursing.",132851,1,Public,3,Ocala,29.166079,-82.175692,13,12,21993.0,0.8733662504,24.0,1,93193.00000000007,87762.71,College of Central Florida,48,5430.289062500073,57,high,0.06187467324667352,0.06040256568356146
5202,"Business Administration, Management and Operations.",132851,1,Public,2,Ocala,29.166079,-82.175692,13,12,21993.0,0.8733662504,24.0,1,32334.999999999996,40900.223,College of Central Florida,41,-8565.222656250004,26,high,-0.2094175068003241,-0.2034400917036439
5202,"Business Administration, Management and Operations.",132851,1,Public,3,Ocala,29.166079,-82.175692,13,12,21993.0,0.8733662504,24.0,1,51258.00000000004,47060.152,College of Central Florida,181,4197.847656250036,58,high,0.08920174387849272,0.08875092399240346
5202,"Business Administration, Management and Operations.",132851,0,Public,99,Ocala,29.166079,-82.175692,13,12,21993.0,0.8733662504,24.0,1,40768.000000000015,40082.22,College of Central Florida,131,685.7812500000146,1,low,0.01710936348801835,0.016983218516596708
5207,Entrepreneurial and Small Business Operations.,132851,0,Public,99,Ocala,29.166079,-82.175692,13,12,21993.0,0.8733662504,24.0,1,30038.999999999978,43508.67,College of Central Florida,33,-13469.671875000022,1,low,-0.3095859122911925,-0.29825279480012784
5212,Management Information Systems and Services.,132851,0,Public,99,Ocala,29.166079,-82.175692,13,12,21993.0,0.8733662504,24.0,1,33676.000000000015,46918.055,College of Central Florida,22,-13242.054687499985,1,low,-0.2822379311269263,-0.2659330705802459
0402,Architecture.,132903,1,Public,3,Orlando,28.602159,-81.200889,21,15,31400.0,0.7045342864,23.0,1,64825.999999999985,62525.94,University of Central Florida,24,2300.0585937499854,4,low,0.036785669148198946,0.03485649210997152
0901,Communication and Media Studies.,132903,2,Public,3,Orlando,28.602159,-81.200889,21,15,31400.0,0.7045342864,23.0,1,58782.99999999997,58465.184,University of Central Florida,178,317.8164062499709,15,medium,0.005435994325414996,0.005407980166907741
0904,Journalism.,132903,1,Public,3,Orlando,28.602159,-81.200889,21,15,31400.0,0.7045342864,23.0,1,60886.999999999985,57357.06,University of Central Florida,32,3529.9414062499854,6,medium,0.06154327806891114,0.05920995677826844
0907,"Radio, Television, and Digital Communication.",132903,1,Public,3,Orlando,28.602159,-81.200889,21,15,31400.0,0.7045342864,23.0,1,48753.00000000001,60039.273,University of Central Florida,54,-11286.273437499993,7,medium,-0.18798151262188137,-0.18408021995423773
0909,"Public Relations, Advertising, and Applied Communication.",132903,1,Public,3,Orlando,28.602159,-81.200889,21,15,31400.0,0.7045342864,23.0,1,62139.999999999956,58946.383,University of Central Florida,72,3193.6171874999563,11,medium,0.05417834030051335,0.05337410639431016
1101,"Computer and Information Sciences, General.",132903,1,Public,3,Orlando,28.602159,-81.200889,21,15,31400.0,0.7045342864,23.0,1,98525.99999999993,103044.414,University of Central Florida,302,-4518.414062500073,19,high,-0.04384918972666969,-0.043727035350959974
1101,"Computer and Information Sciences, General.",132903,1,Public,5,Orlando,28.602159,-81.200889,21,15,31400.0,0.7045342864,23.0,1,123587.00000000009,90698.28,University of Central Florida,36,32888.71875000009,5,low,0.36261678056881685,0.3505988797861612
1301,"Education, General.",132903,1,Public,6,Orlando,28.602159,-81.200889,21,15,31400.0,0.7045342864,23.0,1,81029.99999999999,101705.11,University of Central Florida,24,-20675.109375000015,2,low,-0.20328486446800023,-0.1926238515835835
1304,Educational Administration and Supervision.,132903,1,Public,5,Orlando,28.602159,-81.200889,21,15,31400.0,0.7045342864,23.0,1,63413.000000000015,70159.29,University of Central Florida,79,-6746.289062499985,20,high,-0.0961567477756251,-0.09487596732685329
1305,Educational/Instructional Media Design.,132903,3,Public,5,Orlando,28.602159,-81.200889,21,15,31400.0,0.7045342864,23.0,1,78410.0,76381.73,University of Central Florida,23,2028.2734375,4,low,0.02655443296166326,0.025094214666928263
1310,Special Education and Teaching.,132903,2,Public,5,Orlando,28.602159,-81.200889,21,15,31400.0,0.7045342864,23.0,1,60920.00000000004,62839.668,University of Central Florida,30,-1919.6679687499636,8,medium,-0.03054866505190017,-0.029302338515506676
1311,Student Counseling and Personnel Services.,132903,1,Public,5,Orlando,28.602159,-81.200889,21,15,31400.0,0.7045342864,23.0,1,57137.00000000004,60337.47,University of Central Florida,34,-3200.4687499999636,9,medium,-0.053042807666670036,-0.051166089038367536
1312,"Teacher Education and Professional Development, Specific Levels and Methods.",132903,1,Public,3,Orlando,28.602159,-81.200889,21,15,31400.0,0.7045342864,23.0,1,51784.0,53843.14,University of Central Florida,288,-2059.140625,24,high,-0.03824332312524721,-0.03813075307638191
1312,"Teacher Education and Professional Development, Specific Levels and Methods.",132903,2,Public,5,Orlando,28.602159,-81.200889,21,15,31400.0,0.7045342864,23.0,1,56186.00000000001,66062.11,University of Central Florida,25,-9876.109374999993,7,medium,-0.14949733619522337,-0.14200682256962024
1313,"Teacher Education and Professional Development, Specific Subject Areas.",132903,1,Public,3,Orlando,28.602159,-81.200889,21,15,31400.0,0.7045342864,23.0,1,53197.00000000004,48359.965,University of Central Florida,290,4837.035156250036,11,medium,0.10002147792866253,0.09972941786061444
1313,"Teacher Education and Professional Development, Specific Subject Areas.",132903,3,Public,5,Orlando,28.602159,-81.200889,21,15,31400.0,0.7045342864,23.0,1,53076.99999999999,65709.984,University of Central Florida,44,-12632.984375000007,8,medium,-0.19225365057013083,-0.18719536999349692
1402,"Aerospace, Aeronautical, and Astronautical/Space Engineering.",132903,1,Public,3,Orlando,28.602159,-81.200889,21,15,31400.0,0.7045342864,23.0,1,96971.99999999997,73571.125,University of Central Florida,64,23400.87499999997,5,low,0.3180714580618411,0.3126545512328269
1408,Civil Engineering.,132903,1,Public,3,Orlando,28.602159,-81.200889,21,15,31400.0,0.7045342864,23.0,1,86803.0,78955.83,University of Central Florida,59,7847.171875,8,medium,0.09938686049339693,0.09752604622398259
1409,Computer Engineering.,132903,1,Public,3,Orlando,28.602159,-81.200889,21,15,31400.0,0.7045342864,23.0,1,106680.00000000009,111226.16,University of Central Florida,65,-4546.156249999913,13,medium,-0.04087308600129668,-0.04018946533548743
1410,"Electrical, Electronics, and Communications Engineering.",132903,1,Public,3,Orlando,28.602159,-81.200889,21,15,31400.0,0.7045342864,23.0,1,99442.00000000006,101780.22,University of Central Florida,86,-2338.218749999942,10,medium,-0.02297321403624849,-0.022696123596828818
1419,Mechanical Engineering.,132903,1,Public,3,Orlando,28.602159,-81.200889,21,15,31400.0,0.7045342864,23.0,1,89663.00000000004,90978.01,University of Central Florida,209,-1315.0078124999563,12,medium,-0.01445412846597065,-0.01439235629569636
1419,Mechanical Engineering.,132903,3,Public,5,Orlando,28.602159,-81.200889,21,15,31400.0,0.7045342864,23.0,1,104337.00000000004,96757.98,University of Central Florida,27,7579.023437500044,2,low,0.0783297016613864,0.0747299233252802
1435,Industrial Engineering.,132903,1,Public,3,Orlando,28.602159,-81.200889,21,15,31400.0,0.7045342864,23.0,1,91630.00000000007,84652.96,University of Central Florida,40,6977.039062500073,4,low,0.08241931510997329,0.07999898004634262
1435,Industrial Engineering.,132903,3,Public,5,Orlando,28.602159,-81.200889,21,15,31400.0,0.7045342864,23.0,1,118190.99999999996,107756.81,University of Central Florida,20,10434.187499999956,2,low,0.09683088482224692,0.09061727226476109
2203,Legal Support Services.,132903,0,Public,3,Orlando,28.602159,-81.200889,21,15,31400.0,0.7045342864,23.0,1,61853.00000000005,60543.3,University of Central Florida,24,1309.699218750051,4,low,0.021632438302003832,0.020497952938016904
2301,"English Language and Literature, General.",132903,3,Public,3,Orlando,28.602159,-81.200889,21,15,31400.0,0.7045342864,23.0,1,46532.00000000003,46212.164,University of Central Florida,169,319.8359375000291,11,medium,0.006921033541460307,0.0068831397744142766
2401,"Liberal Arts and Sciences, General Studies and Humanities.",132903,1,Public,3,Orlando,28.602159,-81.200889,21,15,31400.0,0.7045342864,23.0,1,52861.99999999996,57251.21,University of Central Florida,231,-4389.210937500036,12,medium,-0.07666581834036053,-0.07637421606000863
2601,"Biology, General.",132903,1,Public,3,Orlando,28.602159,-81.200889,21,15,31400.0,0.7045342864,23.0,1,51313.0,54168.176,University of Central Florida,174,-2855.17578125,24,high,-0.052709468983784806,-0.0524305321885013
2701,Mathematics.,132903,1,Public,3,Orlando,28.602159,-81.200889,21,15,31400.0,0.7045342864,23.0,1,69005.0,65529.13,University of Central Florida,21,3475.87109375,6,medium,0.05304314511372179,0.04981721641711337
3000,"Multi-/Interdisciplinary Studies, General.",132903,3,Public,3,Orlando,28.602159,-81.200889,21,15,31400.0,0.7045342864,23.0,1,51959.00000000003,54783.234,University of Central Florida,344,-2824.234374999971,7,medium,-0.051552895830641085,-0.05142939849017377
4201,"Psychology, General.",132903,3,Public,3,Orlando,28.602159,-81.200889,21,15,31400.0,0.7045342864,23.0,1,49760.000000000015,48946.16,University of Central Florida,597,813.8398437500146,29,high,0.01662724596070473,0.01660615720210046
4301,Criminal Justice and Corrections.,132903,2,Public,3,Orlando,28.602159,-81.200889,21,15,31400.0,0.7045342864,23.0,1,52446.99999999997,57337.92,University of Central Florida,197,-4890.921875000029,23,high,-0.08529995010392115,-0.08490939994900408
4301,Criminal Justice and Corrections.,132903,3,Public,5,Orlando,28.602159,-81.200889,21,15,31400.0,0.7045342864,23.0,1,60329.00000000003,69179.75,University of Central Florida,37,-8850.74999999997,10,medium,-0.12793845019676958,-0.12382937489340935
4404,Public Administration.,132903,1,Public,3,Orlando,28.602159,-81.200889,21,15,31400.0,0.7045342864,23.0,1,55259.0,61158.84,University of Central Florida,39,-5899.83984375,7,medium,-0.09646749118889511,-0.09355091529126633
4404,Public Administration.,132903,3,Public,5,Orlando,28.602159,-81.200889,21,15,31400.0,0.7045342864,23.0,1,79042.99999999996,78431.62,University of Central Florida,23,611.3828124999563,10,medium,0.007795106545340941,0.007366456564249332
4407,Social Work.,132903,1,Public,3,Orlando,28.602159,-81.200889,21,15,31400.0,0.7045342864,23.0,1,51153.00000000004,53091.605,University of Central Florida,59,-1938.6054687499636,12,medium,-0.03651435008668248,-0.03583069408484908
4407,Social Work.,132903,3,Public,5,Orlando,28.602159,-81.200889,21,15,31400.0,0.7045342864,23.0,1,58122.99999999999,67572.766,University of Central Florida,115,-9449.765625000007,9,medium,-0.139845772739896,-0.13864503949653842
4501,"Social Sciences, General.",132903,3,Public,3,Orlando,28.602159,-81.200889,21,15,31400.0,0.7045342864,23.0,1,46387.99999999999,56002.37,University of Central Florida,22,-9614.371093750007,5,low,-0.17167792909438068,-0.1617601101759592
4502,Anthropology.,132903,3,Public,3,Orlando,28.602159,-81.200889,21,15,31400.0,0.7045342864,23.0,1,39319.000000000015,48810.934,University of Central Florida,31,-9491.933593749985,7,medium,-0.1944632666269137,-0.18681940623595986
4510,Political Science and Government.,132903,3,Public,3,Orlando,28.602159,-81.200889,21,15,31400.0,0.7045342864,23.0,1,64056.00000000002,57629.184,University of Central Florida,138,6426.816406250022,14,medium,0.11152017095288198,0.11074649436092307
4511,Sociology.,132903,3,Public,3,Orlando,28.602159,-81.200889,21,15,31400.0,0.7045342864,23.0,1,52197.00000000002,48729.68,University of Central Florida,60,3467.320312500022,12,medium,0.07115417820793615,0.06984777343191556
5001,"Visual and Performing Arts, General.",132903,1,Public,3,Orlando,28.602159,-81.200889,21,15,31400.0,0.7045342864,23.0,1,52921.99999999996,50836.434,University of Central Florida,120,2085.5664062499636,5,low,0.041025033795965775,0.04068989281547057
5001,"Visual and Performing Arts, General.",132903,1,Public,5,Orlando,28.602159,-81.200889,21,15,31400.0,0.7045342864,23.0,1,84762.00000000007,59950.48,University of Central Florida,42,24811.519531250073,1,low,0.41386690043599256,0.40237740059206145
5005,Drama/Theatre Arts and Stagecraft.,132903,1,Public,3,Orlando,28.602159,-81.200889,21,15,31400.0,0.7045342864,23.0,1,42953.99999999997,42594.49,University of Central Florida,54,359.5117187499709,11,medium,0.008440334260529835,0.008265166959746908
5006,Film/Video and Photographic Arts.,132903,1,Public,3,Orlando,28.602159,-81.200889,21,15,31400.0,0.7045342864,23.0,1,41255.00000000002,48768.87,University of Central Florida,73,-7513.871093749978,7,medium,-0.1540710482985308,-0.15182052195986592
5007,Fine and Studio Arts.,132903,1,Public,3,Orlando,28.602159,-81.200889,21,15,31400.0,0.7045342864,23.0,1,46778.99999999998,41085.957,University of Central Florida,119,5693.042968749978,12,medium,0.1385642049038762,0.13742111545491031
5009,Music.,132903,1,Public,3,Orlando,28.602159,-81.200889,21,15,31400.0,0.7045342864,23.0,1,39897.99999999998,39534.14,University of Central Florida,27,363.8593749999782,10,medium,0.009203674830100804,0.008780703868087103
5010,"Arts, Entertainment, and Media Management.",132903,1,Public,3,Orlando,28.602159,-81.200889,21,15,31400.0,0.7045342864,23.0,1,59649.00000000002,51040.46,University of Central Florida,51,8608.539062500022,3,low,0.16866107602439834,0.16492061713493256
5100,"Health Services/Allied Health/Health Sciences, General.",132903,1,Public,3,Orlando,28.602159,-81.200889,21,15,31400.0,0.7045342864,23.0,1,56147.99999999996,57589.957,University of Central Florida,317,-1441.9570312500364,15,medium,-0.02503834184956221,-0.024972403159037166
5100,"Health Services/Allied Health/Health Sciences, General.",132903,3,Public,5,Orlando,28.602159,-81.200889,21,15,31400.0,0.7045342864,23.0,1,86073.99999999997,74525.516,University of Central Florida,55,11548.48437499997,4,low,0.15496014053911447,0.15181199948835133
5102,Communication Disorders Sciences and Services.,132903,1,Public,3,Orlando,28.602159,-81.200889,21,15,31400.0,0.7045342864,23.0,1,51149.00000000001,55002.473,University of Central Florida,111,-3853.4726562499927,5,low,-0.07005998949052916,-0.06943301291797628
5102,Communication Disorders Sciences and Services.,132903,1,Public,5,Orlando,28.602159,-81.200889,21,15,31400.0,0.7045342864,23.0,1,71169.00000000001,68998.04,University of Central Florida,49,2170.9609375000146,8,medium,0.031464096182987296,0.030733178284323887
5107,Health and Medical Administrative Services.,132903,3,Public,3,Orlando,28.602159,-81.200889,21,15,31400.0,0.7045342864,23.0,1,56075.0,61962.734,University of Central Florida,281,-5887.734375,18,high,-0.09502057057984702,-0.09473277101054606
5107,Health and Medical Administrative Services.,132903,3,Public,5,Orlando,28.602159,-81.200889,21,15,31400.0,0.7045342864,23.0,1,97349.99999999993,74222.72,University of Central Florida,37,23127.281249999927,12,medium,0.31159302218365487,0.30158540375319054
5123,Rehabilitation and Therapeutic Professions.,132903,0,Public,6,Orlando,28.602159,-81.200889,21,15,31400.0,0.7045342864,23.0,1,84715.99999999997,87674.875,University of Central Florida,27,-2958.875000000029,8,medium,-0.03374826596559196,-0.03219730542154106
5138,"Registered Nursing, Nursing Administration, Nursing Research and Clinical Nursing.",132903,2,Public,3,Orlando,28.602159,-81.200889,21,15,31400.0,0.7045342864,23.0,1,83737.00000000001,88508.92,University of Central Florida,398,-4771.921874999985,57,high,-0.05391458594128294,-0.053805478474485635
5138,"Registered Nursing, Nursing Administration, Nursing Research and Clinical Nursing.",132903,3,Public,5,Orlando,28.602159,-81.200889,21,15,31400.0,0.7045342864,23.0,1,115125.99999999999,127097.086,University of Central Florida,63,-11971.085937500015,18,high,-0.09418851619766323,-0.09255473019975842
5201,"Business/Commerce, General.",132903,1,Public,3,Orlando,28.602159,-81.200889,21,15,31400.0,0.7045342864,23.0,1,66912.0,75008.31,University of Central Florida,328,-8096.3125,9,medium,-0.10793887010856297,-0.10766563113714848
5201,"Business/Commerce, General.",132903,1,Public,5,Orlando,28.602159,-81.200889,21,15,31400.0,0.7045342864,23.0,1,108978.00000000006,86554.234,University of Central Florida,148,22423.76562500006,3,low,0.2590718500015622,0.25741562907896937
5202,"Business Administration, Management and Operations.",132903,1,Public,3,Orlando,28.602159,-81.200889,21,15,31400.0,0.7045342864,23.0,1,69111.00000000003,64917.5,University of Central Florida,106,4193.500000000029,58,high,0.06459737358955642,0.06398725941219677
5202,"Business Administration, Management and Operations.",132903,1,Public,5,Orlando,28.602159,-81.200889,21,15,31400.0,0.7045342864,23.0,1,94282.99999999993,94263.9,University of Central Florida,71,19.10156249992724,35,high,0.000202639216248755,0.00019958168784035653
5203,Accounting and Related Services.,132903,1,Public,3,Orlando,28.602159,-81.200889,21,15,31400.0,0.7045342864,23.0,1,79562.99999999993,76753.04,University of Central Florida,180,2809.9609374999272,24,high,0.036610419233195135,0.03642419270727961
5203,Accounting and Related Services.,132903,1,Public,5,Orlando,28.602159,-81.200889,21,15,31400.0,0.7045342864,23.0,1,105203.00000000004,96408.33,University of Central Florida,51,8794.671875000044,19,high,0.09122315515727178,0.089200065599941
5208,Finance and Financial Management Services.,132903,1,Public,3,Orlando,28.602159,-81.200889,21,15,31400.0,0.7045342864,23.0,1,82006.99999999996,82047.055,University of Central Florida,240,-40.054687500043656,15,medium,-0.00048819165602718523,-0.0004864155619486373
5209,Hospitality Administration/Management.,132903,2,Public,3,Orlando,28.602159,-81.200889,21,15,31400.0,0.7045342864,23.0,1,54921.0,48389.715,University of Central Florida,469,6531.28515625,7,medium,0.13497259029815462,0.13474659398842903
5209,Hospitality Administration/Management.,132903,1,Public,5,Orlando,28.602159,-81.200889,21,15,31400.0,0.7045342864,23.0,1,61130.00000000005,73129.1,University of Central Florida,32,-11999.101562499949,2,low,-0.16408107451237974,-0.1578601861137706
5214,Marketing.,132903,1,Public,3,Orlando,28.602159,-81.200889,21,15,31400.0,0.7045342864,23.0,1,72440.00000000001,63420.344,University of Central Florida,142,9019.656250000015,17,high,0.1422202359160189,0.14126598388313585
5215,Real Estate.,132903,1,Public,3,Orlando,28.602159,-81.200889,21,15,31400.0,0.7045342864,23.0,1,72063.00000000004,78504.73,University of Central Florida,34,-6441.726562499956,2,low,-0.08205527035842233,-0.07915205574354414
5401,History.,132903,3,Public,3,Orlando,28.602159,-81.200889,21,15,31400.0,0.7045342864,23.0,1,48896.00000000004,51269.457,University of Central Florida,74,-2373.4570312499636,9,medium,-0.04629378130147317,-0.04562822280735751
5139,"Practical Nursing, Vocational Nursing and Nursing Assistants.",132976,1,Public,1,Port Charlotte,27.005558,-82.147238,22,-2,18431.0,,26.0,1,56414.00000000002,52701.406,Charlotte Technical College,40,3712.593750000022,47,high,0.0704458194604631,0.06837709944381591
2401,"Liberal Arts and Sciences, General Studies and Humanities.",133021,1,Public,2,Marianna,30.789228,-85.23139,32,6,21653.0,,23.0,1,43985.00000000004,42477.945,Chipola College,130,1507.0546875000364,36,high,0.03547852129882927,0.03521458889019674
4301,Criminal Justice and Corrections.,133021,1,Public,1,Marianna,30.789228,-85.23139,32,6,21653.0,,23.0,1,45658.00000000003,52332.64,Chipola College,45,-6674.640624999971,19,high,-0.12754259187546912,-0.12427288873083946
5138,"Registered Nursing, Nursing Administration, Nursing Research and Clinical Nursing.",133021,1,Public,2,Marianna,30.789228,-85.23139,32,6,21653.0,,23.0,1,65740.99999999997,71162.27,Chipola College,44,-5421.273437500029,58,high,-0.07618184714491162,-0.07417746826023276
5138,"Registered Nursing, Nursing Administration, Nursing Research and Clinical Nursing.",133021,3,Public,3,Marianna,30.789228,-85.23139,32,6,21653.0,,23.0,1,84823.99999999996,83849.016,Chipola College,23,974.9843749999563,57,high,0.01162785713979521,0.010988445643093064
5202,"Business Administration, Management and Operations.",133021,1,Public,3,Marianna,30.789228,-85.23139,32,6,21653.0,,23.0,1,52491.00000000001,61111.79,Chipola College,22,-8620.789062499993,58,high,-0.1410658924366193,-0.13291652819316568
1101,"Computer and Information Sciences, General.",133386,3,Public,3,Daytona Beach,29.20278,-81.049513,13,12,21285.0,0.8535849057,25.0,1,69566.99999999996,74287.664,Daytona State College,27,-4720.664062500044,19,high,-0.06354573295679933,-0.06062537774034838
1204,Cosmetology and Related Personal Grooming Services.,133386,1,Public,1,Daytona Beach,29.20278,-81.049513,13,12,21285.0,0.8535849057,25.0,1,30232.0,23168.12,Daytona State College,56,7063.880859375,80,high,0.3048966045322417,0.29883076852041573
1204,Cosmetology and Related Personal Grooming Services.,133386,0,Public,99,Daytona Beach,29.20278,-81.049513,13,12,21285.0,0.8535849057,25.0,1,20816.00000000002,51368.375,Daytona State College,37,-30552.37499999998,1,low,-0.5947701285080554,-0.5756675425186986
1205,Culinary Arts and Related Services.,133386,1,Public,2,Daytona Beach,29.20278,-81.049513,13,12,21285.0,0.8535849057,25.0,1,33702.99999999999,38390.152,Daytona State College,30,-4687.152343750007,6,medium,-0.12209256951576244,-0.11711142847325078
1312,"Teacher Education and Professional Development, Specific Levels and Methods.",133386,2,Public,3,Daytona Beach,29.20278,-81.049513,13,12,21285.0,0.8535849057,25.0,1,50619.00000000004,52648.56,Daytona State College,48,-2029.5585937499636,24,high,-0.03854917680483082,-0.03763202392549523
2401,"Liberal Arts and Sciences, General Studies and Humanities.",133386,3,Public,2,Daytona Beach,29.20278,-81.049513,13,12,21285.0,0.8535849057,25.0,1,42773.99999999997,43020.074,Daytona State College,1125,-246.0742187500291,36,high,-0.005719985918638405,-0.005716471052355255
2401,"Liberal Arts and Sciences, General Studies and Humanities.",133386,0,Public,99,Daytona Beach,29.20278,-81.049513,13,12,21285.0,0.8535849057,25.0,1,52394.99999999999,35529.746,Daytona State College,20,16865.253906249993,1,low,0.47467983198497277,0.4442197512966525
4301,Criminal Justice and Corrections.,133386,1,Public,1,Daytona Beach,29.20278,-81.049513,13,12,21285.0,0.8535849057,25.0,1,55104.99999999999,53026.477,Daytona State College,126,2078.5234374999927,19,high,0.03919784176212666,0.03889538709477683
4302,Fire Protection.,133386,1,Public,1,Daytona Beach,29.20278,-81.049513,13,12,21285.0,0.8535849057,25.0,1,61737.00000000005,54193.86,Daytona State College,34,7543.140625000051,6,medium,0.1391881056634943,0.1342634623003762
4702,"Heating, Air Conditioning, Ventilation and Refrigeration Maintenance Technology/Technician (HAC, HACR, HVAC, HVACR).",133386,1,Public,1,Daytona Beach,29.20278,-81.049513,13,12,21285.0,0.8535849057,25.0,1,47479.000000000044,49011.742,Daytona State College,21,-1532.7421874999563,13,medium,-0.0312729586644008,-0.029371028932160217
4706,Vehicle Maintenance and Repair Technologies/Technicians.,133386,1,Public,1,Daytona Beach,29.20278,-81.049513,13,12,21285.0,0.8535849057,25.0,1,33960.00000000003,60123.73,Daytona State College,20,-26163.73046874997,24,high,-0.4351647887575584,-0.40724037805984264
5006,Film/Video and Photographic Arts.,133386,1,Public,2,Daytona Beach,29.20278,-81.049513,13,12,21285.0,0.8535849057,25.0,1,34180.0,33947.08,Daytona State College,26,232.921875,4,low,0.0068613232085051505,0.006532329368457293
5106,Dental Support Services and Allied Professions.,133386,1,Public,1,Daytona Beach,29.20278,-81.049513,13,12,21285.0,0.8535849057,25.0,1,33589.00000000001,43766.69,Daytona State College,21,-10177.691406249993,17,high,-0.23254422665352747,-0.21840156802376678
5106,Dental Support Services and Allied Professions.,133386,1,Public,2,Daytona Beach,29.20278,-81.049513,13,12,21285.0,0.8535849057,25.0,1,63799.99999999996,55871.195,Daytona State College,20,7928.804687499964,10,medium,0.14191220794816362,0.1328057386745847
5108,Allied Health and Medical Assisting Services.,133386,1,Public,2,Daytona Beach,29.20278,-81.049513,13,12,21285.0,0.8535849057,25.0,1,44934.0,43260.793,Daytona State College,65,1673.20703125,22,high,0.03867721593681057,0.03803032218111197
5109,"Allied Health Diagnostic, Intervention, and Treatment Professions.",133386,1,Public,1,Daytona Beach,29.20278,-81.049513,13,12,21285.0,0.8535849057,25.0,1,56695.000000000044,54413.805,Daytona State College,104,2281.1953125000437,22,high,0.041923098845982415,0.04151821870466205
5109,"Allied Health Diagnostic, Intervention, and Treatment Professions.",133386,1,Public,2,Daytona Beach,29.20278,-81.049513,13,12,21285.0,0.8535849057,25.0,1,78835.99999999994,58684.105,Daytona State College,47,20151.89453124994,39,high,0.34339612694584004,0.33502455183730556
5110,Clinical/Medical Laboratory Science/Research and Allied Professions.,133386,1,Public,1,Daytona Beach,29.20278,-81.049513,13,12,21285.0,0.8535849057,25.0,1,33429.00000000001,47458.75,Daytona State College,25,-14029.749999999993,8,medium,-0.295619880422472,-0.2808079459849777
5138,"Registered Nursing, Nursing Administration, Nursing Research and Clinical Nursing.",133386,1,Public,2,Daytona Beach,29.20278,-81.049513,13,12,21285.0,0.8535849057,25.0,1,80355.00000000003,81983.7,Daytona State College,274,-1628.703124999971,58,high,-0.01986618148385781,-0.01980422181131812
5138,"Registered Nursing, Nursing Administration, Nursing Research and Clinical Nursing.",133386,3,Public,3,Daytona Beach,29.20278,-81.049513,13,12,21285.0,0.8535849057,25.0,1,91166.00000000003,90835.74,Daytona State College,116,330.2578125000291,57,high,0.0036357694069182847,0.003604866779164885
5139,"Practical Nursing, Vocational Nursing and Nursing Assistants.",133386,1,Public,1,Daytona Beach,29.20278,-81.049513,13,12,21285.0,0.8535849057,25.0,1,55001.00000000004,45965.01,Daytona State College,47,9035.988281250036,47,high,0.19658405259503253,0.19179157524219692
5202,"Business Administration, Management and Operations.",133386,2,Public,1,Daytona Beach,29.20278,-81.049513,13,12,21285.0,0.8535849057,25.0,1,45981.99999999998,46466.664,Daytona State College,41,-484.6640625000218,5,low,-0.01043036060966469,-0.010132646268945916
5202,"Business Administration, Management and Operations.",133386,2,Public,2,Daytona Beach,29.20278,-81.049513,13,12,21285.0,0.8535849057,25.0,1,52330.999999999956,44338.89,Daytona State College,42,7992.109374999956,26,high,0.18025054895021872,0.17524655212938012
5202,"Business Administration, Management and Operations.",133386,3,Public,3,Daytona Beach,29.20278,-81.049513,13,12,21285.0,0.8535849057,25.0,1,52531.99999999998,52168.098,Daytona State College,323,363.9023437499782,58,high,0.006975572430258646,0.006957597149818083
5207,Entrepreneurial and Small Business Operations.,133386,2,Public,1,Daytona Beach,29.20278,-81.049513,13,12,21285.0,0.8535849057,25.0,1,50464.00000000003,38252.266,Daytona State College,28,12211.73437500003,4,low,0.31924212005416425,0.30516019403676353
4201,"Psychology, General.",133465,3,"Private, for-profit",3,Royal Palm Beach,26.69215,-80.200219,21,6,20000.0,0.7772579044,30.0,1,39694.0,38465.395,South University-West Palm Beach,121,1228.60546875,29,high,0.03194053989883967,0.031682132089074874
4301,Criminal Justice and Corrections.,133465,3,"Private, for-profit",3,Royal Palm Beach,26.69215,-80.200219,21,6,20000.0,0.7772579044,30.0,1,46322.00000000002,49205.586,South University-West Palm Beach,122,-2883.585937499978,23,high,-0.05860281678512383,-0.058133245580178836
4301,Criminal Justice and Corrections.,133465,3,"Private, for-profit",5,Royal Palm Beach,26.69215,-80.200219,21,6,20000.0,0.7772579044,30.0,1,55949.999999999956,62430.258,South University-West Palm Beach,61,-6480.257812500044,10,medium,-0.10379995277230049,-0.10193049498286841
5107,Health and Medical Administrative Services.,133465,3,"Private, for-profit",2,Royal Palm Beach,26.69215,-80.200219,21,6,20000.0,0.7772579044,30.0,1,36905.000000000015,42967.02,South University-West Palm Beach,195,-6062.019531249985,15,medium,-0.14108540916693246,-0.1404317122269654
5107,Health and Medical Administrative Services.,133465,3,"Private, for-profit",3,Royal Palm Beach,26.69215,-80.200219,21,6,20000.0,0.7772579044,30.0,1,46885.00000000002,50685.203,South University-West Palm Beach,257,-3800.203124999978,18,high,-0.07497657877838441,-0.07472467150900863
5107,Health and Medical Administrative Services.,133465,3,"Private, for-profit",5,Royal Palm Beach,26.69215,-80.200219,21,6,20000.0,0.7772579044,30.0,1,65166.99999999994,67394.75,South University-West Palm Beach,216,-2227.750000000058,12,medium,-0.03305524540116342,-0.03291929653893553
5108,Allied Health and Medical Assisting Services.,133465,1,"Private, for-profit",2,Royal Palm Beach,26.69215,-80.200219,21,6,20000.0,0.7772579044,30.0,1,50680.99999999999,45276.695,South University-West Palm Beach,567,5404.304687499993,22,high,0.11936173013952216,0.1192010980153056
5108,Allied Health and Medical Assisting Services.,133465,1,"Private, for-profit",5,Royal Palm Beach,26.69215,-80.200219,21,6,20000.0,0.7772579044,30.0,1,220550.00000000015,70903.83,South University-West Palm Beach,43,149646.17187500015,2,low,2.110551374055308,2.0535284301101138
5109,"Allied Health Diagnostic, Intervention, and Treatment Professions.",133465,1,"Private, for-profit",5,Royal Palm Beach,26.69215,-80.200219,21,6,20000.0,0.7772579044,30.0,1,129131.00000000004,119814.71,South University-West Palm Beach,210,9316.289062500044,9,medium,0.07775580301954559,0.07742534316943755
5115,Mental and Social Health Services and Allied Professions.,133465,1,"Private, for-profit",5,Royal Palm Beach,26.69215,-80.200219,21,6,20000.0,0.7772579044,30.0,1,55052.0,76224.18,South University-West Palm Beach,152,-21172.1796875,12,medium,-0.27776198805025676,-0.27604075711871745
5122,Public Health.,133465,3,"Private, for-profit",3,Royal Palm Beach,26.69215,-80.200219,21,6,20000.0,0.7772579044,30.0,1,45992.999999999985,50178.184,South University-West Palm Beach,73,-4185.183593750015,12,medium,-0.0834064386952282,-0.08218811514144707
5138,"Registered Nursing, Nursing Administration, Nursing Research and Clinical Nursing.",133465,2,"Private, for-profit",3,Royal Palm Beach,26.69215,-80.200219,21,6,20000.0,0.7772579044,30.0,1,91363.00000000007,92444.375,South University-West Palm Beach,1140,-1081.3749999999272,57,high,-0.011697574893009198,-0.011690494431580321
5138,"Registered Nursing, Nursing Administration, Nursing Research and Clinical Nursing.",133465,3,"Private, for-profit",5,Royal Palm Beach,26.69215,-80.200219,21,6,20000.0,0.7772579044,30.0,1,119307.00000000001,120650.71,South University-West Palm Beach,2573,-1343.7109374999854,18,high,-0.011137198670930836,-0.011134515820433403
5202,"Business Administration, Management and Operations.",133465,3,"Private, for-profit",3,Royal Palm Beach,26.69215,-80.200219,21,6,20000.0,0.7772579044,30.0,1,53445.00000000002,53767.504,South University-West Palm Beach,280,-322.5039062499782,58,high,-0.00599811936243687,-0.0059798768230168555
5202,"Business Administration, Management and Operations.",133465,3,"Private, for-profit",5,Royal Palm Beach,26.69215,-80.200219,21,6,20000.0,0.7772579044,30.0,1,74209.00000000004,69060.11,South University-West Palm Beach,181,5148.890625000044,35,high,0.07455665320541702,0.07417984866725634
0301,Natural Resources Conservation and Research.,133492,1,"Private, nonprofit",3,Saint Petersburg,27.715798,-82.687043,11,11,77695.0,0.4113924051,21.0,1,39931.99999999999,53006.31,Eckerd College,77,-13074.308593750007,9,medium,-0.24665570836018574,-0.2432704107745946
0901,Communication and Media Studies.,133492,1,"Private, nonprofit",3,Saint Petersburg,27.715798,-82.687043,11,11,77695.0,0.4113924051,21.0,1,60969.00000000002,53399.223,Eckerd College,22,7569.777343750022,15,medium,0.14175819360666356,0.13356883518528775
2401,"Liberal Arts and Sciences, General Studies and Humanities.",133492,1,"Private, nonprofit",3,Saint Petersburg,27.715798,-82.687043,11,11,77695.0,0.4113924051,21.0,1,45768.00000000001,58282.484,Eckerd College,95,-12514.484374999993,12,medium,-0.21472118955121314,-0.21241588553813165
2601,"Biology, General.",133492,1,"Private, nonprofit",3,Saint Petersburg,27.715798,-82.687043,11,11,77695.0,0.4113924051,21.0,1,47814.00000000001,55312.043,Eckerd College,50,-7498.042968749993,24,high,-0.13555895906767013,-0.1324827776898528
2613,"Ecology, Evolution, Systematics, and Population Biology.",133492,1,"Private, nonprofit",3,Saint Petersburg,27.715798,-82.687043,11,11,77695.0,0.4113924051,21.0,1,48630.99999999996,46355.88,Eckerd College,52,2275.1210937499636,4,low,0.04907945113825071,0.04801524773791932
4201,"Psychology, General.",133492,1,"Private, nonprofit",3,Saint Petersburg,27.715798,-82.687043,11,11,77695.0,0.4113924051,21.0,1,53220.00000000002,50516.98,Eckerd College,35,2703.019531250022,29,high,0.05350714761984082,0.05167569456892402
5201,"Business/Commerce, General.",133492,1,"Private, nonprofit",3,Saint Petersburg,27.715798,-82.687043,11,11,77695.0,0.4113924051,21.0,1,63660.00000000002,58679.85,Eckerd College,23,4980.148437500022,9,medium,0.0848698199618937,0.08020286043923552
5202,"Business Administration, Management and Operations.",133492,1,"Private, nonprofit",3,Saint Petersburg,27.715798,-82.687043,11,11,77695.0,0.4113924051,21.0,1,61685.0,63961.777,Eckerd College,20,-2276.77734375,58,high,-0.03559590490292206,-0.03331172499373412
1312,"Teacher Education and Professional Development, Specific Levels and Methods.",133508,1,Public,3,Fort Myers,26.552403,-81.887102,21,12,25854.0,0.8308977035,23.0,1,57918.00000000004,53589.105,Florida SouthWestern State College,65,4328.894531250036,24,high,0.08077937658008477,0.07942830533482617
2401,"Liberal Arts and Sciences, General Studies and Humanities.",133508,1,Public,2,Fort Myers,26.552403,-81.887102,21,12,25854.0,0.8308977035,23.0,1,47775.99999999998,44206.27,Florida SouthWestern State College,1206,3569.730468749978,36,high,0.08075167858772811,0.08070583198410304
5106,Dental Support Services and Allied Professions.,133508,1,Public,2,Fort Myers,26.552403,-81.887102,21,12,25854.0,0.8308977035,23.0,1,69687.00000000003,62680.934,Florida SouthWestern State College,22,7006.066406250029,10,medium,0.11177348524605596,0.1053163407988987
5109,"Allied Health Diagnostic, Intervention, and Treatment Professions.",133508,1,Public,2,Fort Myers,26.552403,-81.887102,21,12,25854.0,0.8308977035,23.0,1,78918.00000000001,66835.27,Florida SouthWestern State College,75,12082.726562500015,39,high,0.18078367815460492,0.1782250040860728
5138,"Registered Nursing, Nursing Administration, Nursing Research and Clinical Nursing.",133508,1,Public,2,Fort Myers,26.552403,-81.887102,21,12,25854.0,0.8308977035,23.0,1,78773.00000000001,79131.46,Florida SouthWestern State College,161,-358.46093749998545,58,high,-0.004529942114718529,-0.004503695141606955
5138,"Registered Nursing, Nursing Administration, Nursing Research and Clinical Nursing.",133508,3,Public,3,Fort Myers,26.552403,-81.887102,21,12,25854.0,0.8308977035,23.0,1,89818.00000000007,86177.586,Florida SouthWestern State College,88,3640.4140625000728,57,high,0.042243165933428105,0.04174716458214359
5202,"Business Administration, Management and Operations.",133508,1,Public,2,Fort Myers,26.552403,-81.887102,21,12,25854.0,0.8308977035,23.0,1,50236.00000000002,49186.582,Florida SouthWestern State College,26,1049.4179687500218,26,high,0.021335452178467877,0.0203124377936258
5202,"Business Administration, Management and Operations.",133508,1,Public,3,Fort Myers,26.552403,-81.887102,21,12,25854.0,0.8308977035,23.0,1,57132.000000000015,56508.39,Florida SouthWestern State College,118,623.6093750000146,58,high,0.011035695196814226,0.010943752890906577
1402,"Aerospace, Aeronautical, and Astronautical/Space Engineering.",133553,1,"Private, nonprofit",3,Daytona Beach,29.189903,-81.048367,13,13,38662.0,0.6700304341,25.0,1,95551.99999999996,90137.36,Embry-Riddle Aeronautical University-Daytona Beach,286,5414.640624999956,5,low,0.06007099234484266,0.05989273600965221
1409,Computer Engineering.,133553,1,"Private, nonprofit",3,Daytona Beach,29.189903,-81.048367,13,13,38662.0,0.6700304341,25.0,1,105527.00000000007,134786.08,Embry-Riddle Aeronautical University-Daytona Beach,31,-29259.078124999927,13,medium,-0.21707789507656117,-0.20854511069671824
1410,"Electrical, Electronics, and Communications Engineering.",133553,1,"Private, nonprofit",3,Daytona Beach,29.189903,-81.048367,13,13,38662.0,0.6700304341,25.0,1,99449.99999999997,105660.7,Embry-Riddle Aeronautical University-Daytona Beach,25,-6210.703125000029,10,medium,-0.058779687635170934,-0.05583455120434528
1419,Mechanical Engineering.,133553,1,"Private, nonprofit",3,Daytona Beach,29.189903,-81.048367,13,13,38662.0,0.6700304341,25.0,1,96331.00000000003,103872.99,Embry-Riddle Aeronautical University-Daytona Beach,100,-7541.992187499971,12,medium,-0.07260782642985776,-0.07187368279871632
1427,Systems Engineering.,133553,1,"Private, nonprofit",5,Daytona Beach,29.189903,-81.048367,13,13,38662.0,0.6700304341,25.0,1,125092.99999999997,147143.17,Embry-Riddle Aeronautical University-Daytona Beach,88,-22050.17187500003,4,low,-0.14985521648080233,-0.1480956800391292
4228,"Clinical, Counseling and Applied Psychology.",133553,1,"Private, nonprofit",3,Daytona Beach,29.189903,-81.048367,13,13,38662.0,0.6700304341,25.0,1,82023.0,78629.03,Embry-Riddle Aeronautical University-Daytona Beach,39,3393.96875,3,low,0.043164321066209245,0.041859300930330474
4228,"Clinical, Counseling and Applied Psychology.",133553,1,"Private, nonprofit",5,Daytona Beach,29.189903,-81.048367,13,13,38662.0,0.6700304341,25.0,1,109267.99999999996,102201.56,Embry-Riddle Aeronautical University-Daytona Beach,32,7066.437499999956,9,medium,0.06914216698007877,0.06652074518783778
4303,Homeland Security.,133553,1,"Private, nonprofit",3,Daytona Beach,29.189903,-81.048367,13,13,38662.0,0.6700304341,25.0,1,71014.0,85555.15,Embry-Riddle Aeronautical University-Daytona Beach,74,-14541.1484375,3,low,-0.16996228401289776,-0.16751876268835036
4304,Security Science and Technology.,133553,0,"Private, nonprofit",3,Daytona Beach,29.189903,-81.048367,13,13,38662.0,0.6700304341,25.0,1,98996.00000000004,97068.52,Embry-Riddle Aeronautical University-Daytona Beach,31,1927.4765625000437,4,low,0.019856864967572087,0.019076341703477457
4509,International Relations and National Security Studies.,133553,0,"Private, nonprofit",3,Daytona Beach,29.189903,-81.048367,13,13,38662.0,0.6700304341,25.0,1,75519.99999999994,76395.055,Embry-Riddle Aeronautical University-Daytona Beach,87,-875.0546875000582,6,medium,-0.011454336816427954,-0.011318035619683416
4509,International Relations and National Security Studies.,133553,0,"Private, nonprofit",5,Daytona Beach,29.189903,-81.048367,13,13,38662.0,0.6700304341,25.0,1,81885.99999999997,98051.86,Embry-Riddle Aeronautical University-Daytona Beach,21,-16165.85937500003,2,low,-0.16487050299753717,-0.1548435619912349
4706,Vehicle Maintenance and Repair Technologies/Technicians.,133553,0,"Private, nonprofit",2,Daytona Beach,29.189903,-81.048367,13,13,38662.0,0.6700304341,25.0,1,83748.99999999996,81429.445,Embry-Riddle Aeronautical University-Daytona Beach,47,2319.5546874999563,5,low,0.028485453616910347,0.027791013302234782
4706,Vehicle Maintenance and Repair Technologies/Technicians.,133553,0,"Private, nonprofit",3,Daytona Beach,29.189903,-81.048367,13,13,38662.0,0.6700304341,25.0,1,87796.99999999994,81171.96,Embry-Riddle Aeronautical University-Daytona Beach,85,6625.039062499942,2,low,0.08161733418761467,0.08061935719560744
4901,Air Transportation.,133553,1,"Private, nonprofit",2,Daytona Beach,29.189903,-81.048367,13,13,38662.0,0.6700304341,25.0,1,83343.00000000007,92948.53,Embry-Riddle Aeronautical University-Daytona Beach,208,-9605.531249999927,5,low,-0.10334247481721157,-0.1028983484373017
4901,Air Transportation.,133553,1,"Private, nonprofit",3,Daytona Beach,29.189903,-81.048367,13,13,38662.0,0.6700304341,25.0,1,90495.00000000007,87786.57,Embry-Riddle Aeronautical University-Daytona Beach,1152,2708.4296875000728,5,low,0.030852437654856388,0.030833984130295238
4901,Air Transportation.,133553,1,"Private, nonprofit",5,Daytona Beach,29.189903,-81.048367,13,13,38662.0,0.6700304341,25.0,1,113160.99999999994,114795.61,Embry-Riddle Aeronautical University-Daytona Beach,375,-1634.6093750000582,3,low,-0.014239302216344528,-0.014208433006851168
5202,"Business Administration, Management and Operations.",133553,0,"Private, nonprofit",2,Daytona Beach,29.189903,-81.048367,13,13,38662.0,0.6700304341,25.0,1,85869.00000000003,71319.21,Embry-Riddle Aeronautical University-Daytona Beach,64,14549.78906250003,26,high,0.20400939482141237,0.2005350186836569
5202,"Business Administration, Management and Operations.",133553,1,"Private, nonprofit",3,Daytona Beach,29.189903,-81.048367,13,13,38662.0,0.6700304341,25.0,1,83748.99999999996,84449.04,Embry-Riddle Aeronautical University-Daytona Beach,455,-700.0390625000437,58,high,-0.008289485235965217,-0.008275111765306866
5202,"Business Administration, Management and Operations.",133553,1,"Private, nonprofit",5,Daytona Beach,29.189903,-81.048367,13,13,38662.0,0.6700304341,25.0,1,110335.99999999994,110952.19,Embry-Riddle Aeronautical University-Daytona Beach,435,-616.1875000000582,35,high,-0.005553630927736852,-0.005543488617030263
5212,Management Information Systems and Services.,133553,0,"Private, nonprofit",5,Daytona Beach,29.189903,-81.048367,13,13,38662.0,0.6700304341,25.0,1,103031.99999999997,98943.01,Embry-Riddle Aeronautical University-Daytona Beach,41,4088.992187499971,9,medium,0.04132674231259206,0.04014715089652466
0402,Architecture.,133650,1,Public,5,Tallahassee,30.428504,-84.290226,12,13,28781.0,0.8220073183,20.0,1,73496.00000000006,72506.055,Florida Agricultural and Mechanical University,22,989.9453125000582,4,low,0.013653277878195242,0.012864529211705984
0904,Journalism.,133650,1,Public,3,Tallahassee,30.428504,-84.290226,12,13,28781.0,0.8220073183,20.0,1,50832.00000000004,49973.5,Florida Agricultural and Mechanical University,64,858.5000000000364,6,medium,0.0171791049256113,0.016886536672694366
0909,"Public Relations, Advertising, and Applied Communication.",133650,1,Public,3,Tallahassee,30.428504,-84.290226,12,13,28781.0,0.8220073183,20.0,1,41861.00000000003,51661.324,Florida Agricultural and Mechanical University,48,-9800.32421874997,11,medium,-0.189703310299449,-0.18518993409581425
1101,"Computer and Information Sciences, General.",133650,2,Public,3,Tallahassee,30.428504,-84.290226,12,13,28781.0,0.8220073183,20.0,1,83041.00000000004,79166.7,Florida Agricultural and Mechanical University,49,3874.2968750000437,19,high,0.04893846430465515,0.04780161297781762
1510,Construction Engineering Technology/Technician.,133650,1,Public,3,Tallahassee,30.428504,-84.290226,12,13,28781.0,0.8220073183,20.0,1,98272.00000000003,76074.15,Florida Agricultural and Mechanical University,22,22197.85156250003,5,low,0.2917923107708139,0.2749354945494245
2201,Law.,133650,1,Public,7,Tallahassee,30.428504,-84.290226,12,13,28781.0,0.8220073183,20.0,1,81143.99999999996,62993.566,Florida Agricultural and Mechanical University,211,18150.433593749956,8,medium,0.28813154468341284,0.2869137523611839
2601,"Biology, General.",133650,1,Public,3,Tallahassee,30.428504,-84.290226,12,13,28781.0,0.8220073183,20.0,1,45172.99999999996,50035.875,Florida Agricultural and Mechanical University,51,-4862.875000000036,24,high,-0.097187767776621,-0.09503239880533083
3000,"Multi-/Interdisciplinary Studies, General.",133650,1,Public,3,Tallahassee,30.428504,-84.290226,12,13,28781.0,0.8220073183,20.0,1,47139.00000000004,47177.344,Florida Agricultural and Mechanical University,205,-38.34374999996362,7,medium,-0.0008127577127519737,-0.00080920516062986
4201,"Psychology, General.",133650,2,Public,3,Tallahassee,30.428504,-84.290226,12,13,28781.0,0.8220073183,20.0,1,39472.000000000015,44798.523,Florida Agricultural and Mechanical University,66,-5326.523437499985,29,high,-0.11889953125198884,-0.11694597010181673
4301,Criminal Justice and Corrections.,133650,2,Public,3,Tallahassee,30.428504,-84.290226,12,13,28781.0,0.8220073183,20.0,1,44890.99999999996,52378.17,Florida Agricultural and Mechanical University,50,-7487.171875000036,23,high,-0.14294450544910386,-0.13970072703159378
4407,Social Work.,133650,1,Public,3,Tallahassee,30.428504,-84.290226,12,13,28781.0,0.8220073183,20.0,1,47477.00000000003,49020.387,Florida Agricultural and Mechanical University,72,-1543.386718749971,12,medium,-0.031484588801900144,-0.031017225392520963
4407,Social Work.,133650,1,Public,5,Tallahassee,30.428504,-84.290226,12,13,28781.0,0.8220073183,20.0,1,61026.00000000001,56598.184,Florida Agricultural and Mechanical University,26,4427.816406250007,9,medium,0.0782324824773875,0.07448131028441922
4501,"Social Sciences, General.",133650,2,Public,5,Tallahassee,30.428504,-84.290226,12,13,28781.0,0.8220073183,20.0,1,57721.99999999996,55137.87,Florida Agricultural and Mechanical University,53,2584.1289062499636,1,low,0.04686667901733479,0.045872680441351676
4510,Political Science and Government.,133650,2,Public,3,Tallahassee,30.428504,-84.290226,12,13,28781.0,0.8220073183,20.0,1,48732.99999999998,54426.57,Florida Agricultural and Mechanical University,49,-5693.570312500022,14,medium,-0.10461012479399966,-0.10218000850689365
5100,"Health Services/Allied Health/Health Sciences, General.",133650,1,Public,3,Tallahassee,30.428504,-84.290226,12,13,28781.0,0.8220073183,20.0,1,46081.0,53901.61,Florida Agricultural and Mechanical University,115,-7820.609375,15,medium,-0.14509046141073595,-0.14384469661644367
5107,Health and Medical Administrative Services.,133650,1,Public,3,Tallahassee,30.428504,-84.290226,12,13,28781.0,0.8220073183,20.0,1,44476.99999999997,57303.535,Florida Agricultural and Mechanical University,76,-12826.53515625003,18,high,-0.22383497145989012,-0.22071561394135328
5122,Public Health.,133650,2,Public,5,Tallahassee,30.428504,-84.290226,12,13,28781.0,0.8220073183,20.0,1,47272.00000000004,74552.664,Florida Agricultural and Mechanical University,26,-27280.664062499964,11,medium,-0.36592473797622665,-0.34837899919422677
5123,Rehabilitation and Therapeutic Professions.,133650,1,Public,5,Tallahassee,30.428504,-84.290226,12,13,28781.0,0.8220073183,20.0,1,75716.00000000001,55665.53,Florida Agricultural and Mechanical University,42,20050.468750000015,9,medium,0.3601954081773003,0.35019590089204
5138,"Registered Nursing, Nursing Administration, Nursing Research and Clinical Nursing.",133650,2,Public,3,Tallahassee,30.428504,-84.290226,12,13,28781.0,0.8220073183,20.0,1,73658.00000000004,70264.96,Florida Agricultural and Mechanical University,116,3393.0390625000437,57,high,0.048289204423213425,0.04787876494210694
5202,"Business Administration, Management and Operations.",133650,1,Public,3,Tallahassee,30.428504,-84.290226,12,13,28781.0,0.8220073183,20.0,1,53901.999999999956,56145.848,Florida Agricultural and Mechanical University,98,-2243.8476562500437,58,high,-0.0399646233856488,-0.039550875191269985
5202,"Business Administration, Management and Operations.",133650,2,Public,5,Tallahassee,30.428504,-84.290226,12,13,28781.0,0.8220073183,20.0,1,90640.99999999994,71375.69,Florida Agricultural and Mechanical University,62,19265.31249999994,35,high,0.26991421273525307,0.26514420668253097
0402,Architecture.,133669,0,Public,3,Boca Raton,26.372421,-80.102978,13,15,28064.0,0.7219053052,23.0,1,64729.99999999994,57435.777,Florida Atlantic University,49,7294.222656249942,4,low,0.12699789214298288,0.12404770307923275
0901,Communication and Media Studies.,133669,1,Public,3,Boca Raton,26.372421,-80.102978,13,15,28064.0,0.7219053052,23.0,1,54717.0,53272.816,Florida Atlantic University,197,1444.18359375,15,medium,0.027109202988948176,0.02698508212587483
0907,"Radio, Television, and Digital Communication.",133669,1,Public,3,Boca Raton,26.372421,-80.102978,13,15,28064.0,0.7219053052,23.0,1,47504.99999999999,44074.473,Florida Atlantic University,164,3430.5273437499927,7,medium,0.07783479045808901,0.07739342555735942
1101,"Computer and Information Sciences, General.",133669,2,Public,3,Boca Raton,26.372421,-80.102978,13,15,28064.0,0.7219053052,23.0,1,89475.99999999997,79680.19,Florida Atlantic University,152,9795.81249999997,19,high,0.1229391246098658,0.122177297459001
1301,"Education, General.",133669,1,Public,3,Boca Raton,26.372421,-80.102978,13,15,28064.0,0.7219053052,23.0,1,50946.00000000004,55095.98,Florida Atlantic University,92,-4149.980468749964,3,low,-0.07532274466199579,-0.07448313436071108
1303,Curriculum and Instruction.,133669,2,Public,5,Boca Raton,26.372421,-80.102978,13,15,28064.0,0.7219053052,23.0,1,62089.99999999995,67228.75,Florida Atlantic University,21,-5138.750000000051,7,medium,-0.07643679229496385,-0.07178813050817939
1304,Educational Administration and Supervision.,133669,2,Public,5,Boca Raton,26.372421,-80.102978,13,15,28064.0,0.7219053052,23.0,1,75592.00000000006,67331.27,Florida Atlantic University,105,8260.726562500058,20,high,0.12268781118729391,0.12151612027630988
1311,Student Counseling and Personnel Services.,133669,1,Public,5,Boca Raton,26.372421,-80.102978,13,15,28064.0,0.7219053052,23.0,1,65702.99999999994,60911.05,Florida Atlantic University,47,4791.949218749942,9,medium,0.0786712617380265,0.07675335316293375
1312,"Teacher Education and Professional Development, Specific Levels and Methods.",133669,1,Public,3,Boca Raton,26.372421,-80.102978,13,15,28064.0,0.7219053052,23.0,1,56073.00000000004,53029.26,Florida Atlantic University,144,3043.7382812500364,24,high,0.05739733465257421,0.0570184608228393
1313,"Teacher Education and Professional Development, Specific Subject Areas.",133669,1,Public,3,Boca Raton,26.372421,-80.102978,13,15,28064.0,0.7219053052,23.0,1,56414.00000000002,48265.227,Florida Atlantic University,44,8148.773437500022,11,medium,0.16883321633118092,0.1643911379814275
1408,Civil Engineering.,133669,1,Public,3,Boca Raton,26.372421,-80.102978,13,15,28064.0,0.7219053052,23.0,1,84777.99999999999,73677.99,Florida Atlantic University,70,11100.007812499985,8,medium,0.15065567726454931,0.14834455880741573
1409,Computer Engineering.,133669,1,Public,3,Boca Raton,26.372421,-80.102978,13,15,28064.0,0.7219053052,23.0,1,90664.00000000006,108065.65,Florida Atlantic University,43,-17401.64843749994,13,medium,-0.16102849230173474,-0.1566778193908652
1410,"Electrical, Electronics, and Communications Engineering.",133669,1,Public,3,Boca Raton,26.372421,-80.102978,13,15,28064.0,0.7219053052,23.0,1,93560.99999999994,90328.66,Florida Atlantic University,62,3232.343749999942,10,medium,0.03578425589608992,0.035151865643324946
1419,Mechanical Engineering.,133669,1,Public,3,Boca Raton,26.372421,-80.102978,13,15,28064.0,0.7219053052,23.0,1,89583.00000000003,80715.586,Florida Atlantic University,90,8867.41406250003,12,medium,0.10985999741569465,0.10860352286808696
2301,"English Language and Literature, General.",133669,1,Public,3,Boca Raton,26.372421,-80.102978,13,15,28064.0,0.7219053052,23.0,1,47641.99999999999,46707.2,Florida Atlantic University,119,934.8007812499927,11,medium,0.020014062005129372,0.019848955416996578
2401,"Liberal Arts and Sciences, General Studies and Humanities.",133669,1,Public,2,Boca Raton,26.372421,-80.102978,13,15,28064.0,0.7219053052,23.0,1,48520.00000000003,47087.09,Florida Atlantic University,85,1432.910156250029,36,high,0.030431062123500996,0.030058965924282015
2401,"Liberal Arts and Sciences, General Studies and Humanities.",133669,2,Public,3,Boca Raton,26.372421,-80.102978,13,15,28064.0,0.7219053052,23.0,1,48428.00000000001,56945.29,Florida Atlantic University,117,-8517.289062499993,12,medium,-0.14956968702278228,-0.14831110252504626
2601,"Biology, General.",133669,1,Public,3,Boca Raton,26.372421,-80.102978,13,15,28064.0,0.7219053052,23.0,1,47707.00000000004,50685.54,Florida Atlantic University,258,-2978.5390624999636,24,high,-0.058765066281077666,-0.05856851585126453
2601,"Biology, General.",133669,1,Public,5,Boca Raton,26.372421,-80.102978,13,15,28064.0,0.7219053052,23.0,1,61445.000000000015,60218.816,Florida Atlantic University,36,1226.1835937500146,1,low,0.020362133746998575,0.019687288797157233
2701,Mathematics.,133669,1,Public,3,Boca Raton,26.372421,-80.102978,13,15,28064.0,0.7219053052,23.0,1,71453.00000000004,59893.727,Florida Atlantic University,25,11559.273437500044,6,medium,0.1929963971341434,0.18332637772632066
3000,"Multi-/Interdisciplinary Studies, General.",133669,1,Public,3,Boca Raton,26.372421,-80.102978,13,15,28064.0,0.7219053052,23.0,1,51082.00000000003,51910.383,Florida Atlantic University,519,-828.3828124999709,7,medium,-0.015957940735904123,-0.015934164438135504
3105,"Sports, Kinesiology, and Physical Education/Fitness.",133669,1,Public,3,Boca Raton,26.372421,-80.102978,13,15,28064.0,0.7219053052,23.0,1,50395.00000000004,50188.188,Florida Atlantic University,165,206.81250000003638,18,high,0.004120740562707836,0.004097539024993082
4201,"Psychology, General.",133669,1,Public,3,Boca Raton,26.372421,-80.102978,13,15,28064.0,0.7219053052,23.0,1,48753.99999999999,46979.21,Florida Atlantic University,375,1774.7890624999927,29,high,0.037778179477325174,0.03769628062309447
4301,Criminal Justice and Corrections.,133669,3,Public,3,Boca Raton,26.372421,-80.102978,13,15,28064.0,0.7219053052,23.0,1,53545.000000000044,58946.727,Florida Atlantic University,386,-5401.726562499956,23,high,-0.0916374305666086,-0.09144530288617908
4301,Criminal Justice and Corrections.,133669,1,Public,5,Boca Raton,26.372421,-80.102978,13,15,28064.0,0.7219053052,23.0,1,60143.99999999999,72692.92,Florida Atlantic University,30,-12548.921875000007,10,medium,-0.1726292127392906,-0.16558627425316802
4399,"Homeland Security, Law Enforcement, Firefighting and Related Protective Services, Other.",133669,3,Public,3,Boca Raton,26.372421,-80.102978,13,15,28064.0,0.7219053052,23.0,1,56162.00000000002,60044.656,Florida Atlantic University,54,-3882.656249999978,4,low,-0.06466281085587826,-0.0633208249002237
4404,Public Administration.,133669,3,Public,3,Boca Raton,26.372421,-80.102978,13,15,28064.0,0.7219053052,23.0,1,57679.00000000002,58586.47,Florida Atlantic University,40,-907.4687499999782,7,medium,-0.015489391481714422,-0.015034528234337605
4404,Public Administration.,133669,1,Public,5,Boca Raton,26.372421,-80.102978,13,15,28064.0,0.7219053052,23.0,1,73083.99999999996,72207.74,Florida Atlantic University,23,876.2578124999563,10,medium,0.012135233507573192,0.011467921574977152
4407,Social Work.,133669,1,Public,3,Boca Raton,26.372421,-80.102978,13,15,28064.0,0.7219053052,23.0,1,50966.00000000001,51081.22,Florida Atlantic University,232,-115.21874999999272,12,medium,-0.002255599079651809,-0.0022470628151230816
4502,Anthropology.,133669,1,Public,3,Boca Raton,26.372421,-80.102978,13,15,28064.0,0.7219053052,23.0,1,33388.999999999985,48122.98,Florida Atlantic University,34,-14733.980468750015,7,medium,-0.3061734814683379,-0.2953406937363092
4506,Economics.,133669,2,Public,3,Boca Raton,26.372421,-80.102978,13,15,28064.0,0.7219053052,23.0,1,74056.00000000003,65817.79,Florida Atlantic University,79,8238.21093750003,8,medium,0.12516693518339086,0.12349974731437463
4507,Geography and Cartography.,133669,1,Public,1,Boca Raton,26.372421,-80.102978,13,15,28064.0,0.7219053052,23.0,1,59553.99999999999,50462.324,Florida Atlantic University,24,9091.675781249993,1,low,0.18016759873838412,0.17071894107992527
4510,Political Science and Government.,133669,1,Public,3,Boca Raton,26.372421,-80.102978,13,15,28064.0,0.7219053052,23.0,1,53871.99999999997,56868.066,Florida Atlantic University,104,-2996.066406250029,14,medium,-0.05268451339363195,-0.05217570288545424
4511,Sociology.,133669,1,Public,3,Boca Raton,26.372421,-80.102978,13,15,28064.0,0.7219053052,23.0,1,50983.0,51738.63,Florida Atlantic University,151,-755.62890625,12,medium,-0.014604733875325413,-0.01451353090006519
5005,Drama/Theatre Arts and Stagecraft.,133669,1,Public,3,Boca Raton,26.372421,-80.102978,13,15,28064.0,0.7219053052,23.0,1,20673.000000000004,42878.11,Florida Atlantic University,20,-22205.109374999996,11,medium,-0.5178658690568723,-0.48463455166292235
5007,Fine and Studio Arts.,133669,1,Public,3,Boca Raton,26.372421,-80.102978,13,15,28064.0,0.7219053052,23.0,1,46605.99999999997,42174.07,Florida Atlantic University,118,4431.929687499971,12,medium,0.10508660071604206,0.10421108682973805
5010,"Arts, Entertainment, and Media Management.",133669,1,Public,3,Boca Raton,26.372421,-80.102978,13,15,28064.0,0.7219053052,23.0,1,37373.999999999985,49290.17,Florida Atlantic University,24,-11916.171875000015,3,low,-0.24175553506324662,-0.22907697741000804
5100,"Health Services/Allied Health/Health Sciences, General.",133669,1,Public,3,Boca Raton,26.372421,-80.102978,13,15,28064.0,0.7219053052,23.0,1,51640.00000000002,58509.527,Florida Atlantic University,41,-6869.527343749978,15,medium,-0.11740869659381692,-0.11405749388768129
5102,Communication Disorders Sciences and Services.,133669,1,Public,5,Boca Raton,26.372421,-80.102978,13,15,28064.0,0.7219053052,23.0,1,64384.99999999995,68081.836,Florida Atlantic University,37,-3696.835937500051,8,medium,-0.05429988610903198,-0.052555904369041125
5107,Health and Medical Administrative Services.,133669,1,Public,3,Boca Raton,26.372421,-80.102978,13,15,28064.0,0.7219053052,23.0,1,57152.999999999956,59645.777,Florida Atlantic University,231,-2492.7773437500437,18,high,-0.041793022989434644,-0.04163406113302539
5107,Health and Medical Administrative Services.,133669,2,Public,5,Boca Raton,26.372421,-80.102978,13,15,28064.0,0.7219053052,23.0,1,86396.00000000004,77255.71,Florida Atlantic University,150,9140.289062500044,12,medium,0.11831214743327588,0.1175675592775339
5112,Medicine.,133669,1,Public,7,Boca Raton,26.372421,-80.102978,13,15,28064.0,0.7219053052,23.0,1,89536.99999999994,90714.37,Florida Atlantic University,88,-1177.3671875000582,7,medium,-0.012978839229143559,-0.012826447199485917
5115,Mental and Social Health Services and Allied Professions.,133669,1,Public,5,Boca Raton,26.372421,-80.102978,13,15,28064.0,0.7219053052,23.0,1,58963.00000000002,57235.863,Florida Atlantic University,170,1727.1367187500218,12,medium,0.030175778257472665,0.03001169494576337
5138,"Registered Nursing, Nursing Administration, Nursing Research and Clinical Nursing.",133669,2,Public,3,Boca Raton,26.372421,-80.102978,13,15,28064.0,0.7219053052,23.0,1,91952.99999999999,89091.05,Florida Atlantic University,236,2861.9531249999854,57,high,0.0321239139665232,0.032004736040939015
5138,"Registered Nursing, Nursing Administration, Nursing Research and Clinical Nursing.",133669,2,Public,5,Boca Raton,26.372421,-80.102978,13,15,28064.0,0.7219053052,23.0,1,109032.99999999997,108502.15,Florida Atlantic University,183,530.8515624999709,18,high,0.004892544250455602,0.004868132614526608
5138,"Registered Nursing, Nursing Administration, Nursing Research and Clinical Nursing.",133669,1,Public,6,Boca Raton,26.372421,-80.102978,13,15,28064.0,0.7219053052,23.0,1,115208.0000000001,126031.9,Florida Atlantic University,39,-10823.898437499898,8,medium,-0.08588221372280237,-0.08328567066470154
5202,"Business Administration, Management and Operations.",133669,2,Public,3,Boca Raton,26.372421,-80.102978,13,15,28064.0,0.7219053052,23.0,1,62057.999999999985,63781.418,Florida Atlantic University,292,-1723.4179687500146,58,high,-0.02702069072209105,-0.026942417840425024
5202,"Business Administration, Management and Operations.",133669,2,Public,5,Boca Raton,26.372421,-80.102978,13,15,28064.0,0.7219053052,23.0,1,95852.00000000006,81353.46,Florida Atlantic University,335,14498.539062500058,35,high,0.1782166228138542,0.17777638452651975
5203,Accounting and Related Services.,133669,2,Public,3,Boca Raton,26.372421,-80.102978,13,15,28064.0,0.7219053052,23.0,1,77465.00000000001,69844.66,Florida Atlantic University,297,7620.343750000015,24,high,0.10910417717175055,0.1087942924161703
5203,Accounting and Related Services.,133669,2,Public,5,Boca Raton,26.372421,-80.102978,13,15,28064.0,0.7219053052,23.0,1,99288.00000000001,95180.055,Florida Atlantic University,295,4107.945312500015,19,high,0.043159728432468646,0.043036178554946215
5208,Finance and Financial Management Services.,133669,2,Public,3,Boca Raton,26.372421,-80.102978,13,15,28064.0,0.7219053052,23.0,1,70078.00000000003,66493.81,Florida Atlantic University,278,3584.187500000029,15,medium,0.0539025717618467,0.053737263473996454
5208,Finance and Financial Management Services.,133669,1,Public,5,Boca Raton,26.372421,-80.102978,13,15,28064.0,0.7219053052,23.0,1,99142.99999999999,82457.15,Florida Atlantic University,24,16685.851562499985,6,medium,0.20235785348734622,0.19174545649981198
5209,Hospitality Administration/Management.,133669,2,Public,3,Boca Raton,26.372421,-80.102978,13,15,28064.0,0.7219053052,23.0,1,54634.99999999998,58255.25,Florida Atlantic University,65,-3620.250000000022,7,medium,-0.06214461357560086,-0.06110521708599734
5211,International Business.,133669,1,Public,3,Boca Raton,26.372421,-80.102978,13,15,28064.0,0.7219053052,23.0,1,50229.99999999999,61734.645,Florida Atlantic University,67,-11504.644531250007,7,medium,-0.18635637442483968,-0.18334770268379358
5212,Management Information Systems and Services.,133669,1,Public,3,Boca Raton,26.372421,-80.102978,13,15,28064.0,0.7219053052,23.0,1,70317.99999999999,69024.89,Florida Atlantic University,137,1293.1093749999854,7,medium,0.018733957609947106,0.018602880248625164
5212,Management Information Systems and Services.,133669,3,Public,5,Boca Raton,26.372421,-80.102978,13,15,28064.0,0.7219053052,23.0,1,93773.99999999996,80925.39,Florida Atlantic University,23,12848.609374999956,9,medium,0.15877105165348043,0.150040291157354
5214,Marketing.,133669,2,Public,3,Boca Raton,26.372421,-80.102978,13,15,28064.0,0.7219053052,23.0,1,62905.999999999956,62695.227,Florida Atlantic University,257,210.77343749995634,17,high,0.0033618737670536884,0.0033505785005258867
5401,History.,133669,1,Public,3,Boca Raton,26.372421,-80.102978,13,15,28064.0,0.7219053052,23.0,1,46959.99999999999,49214.22,Florida Atlantic University,33,-2254.2187500000073,9,medium,-0.04580421689615884,-0.0441274462452317
1101,"Computer and Information Sciences, General.",133702,1,Public,1,Jacksonville,30.334918,-81.659901,11,15,25081.0,0.8159581286,25.0,1,65250.00000000005,57618.742,Florida State College at Jacksonville,27,7631.257812500051,2,low,0.1324440194766279,0.12635732309011757
1101,"Computer and Information Sciences, General.",133702,1,Public,2,Jacksonville,30.334918,-81.659901,11,15,25081.0,0.8159581286,25.0,1,64039.000000000044,54421.746,Florida State College at Jacksonville,31,9617.253906250044,8,medium,0.17671711395813752,0.16977081005602393
1109,Computer Systems Networking and Telecommunications.,133702,1,Public,3,Jacksonville,30.334918,-81.659901,11,15,25081.0,0.8159581286,25.0,1,66518.99999999994,58514.387,Florida State College at Jacksonville,45,8004.613281249942,3,low,0.13679735412291336,0.13329039435068737
1110,Computer/Information Technology Administration and Management.,133702,1,Public,2,Jacksonville,30.334918,-81.659901,11,15,25081.0,0.8159581286,25.0,1,60139.0,56580.273,Florida State College at Jacksonville,37,3558.7265625,8,medium,0.06289694881787836,0.06087685010129423
1110,Computer/Information Technology Administration and Management.,133702,1,Public,3,Jacksonville,30.334918,-81.659901,11,15,25081.0,0.8159581286,25.0,1,72741.99999999996,63804.414,Florida State College at Jacksonville,43,8937.585937499956,9,medium,0.14007786246175838,0.13629323433220394
1204,Cosmetology and Related Personal Grooming Services.,133702,1,Public,1,Jacksonville,30.334918,-81.659901,11,15,25081.0,0.8159581286,25.0,1,37819.0,29719.271,Florida State College at Jacksonville,33,8099.728515625,80,high,0.27254128755758555,0.2625642753279369
1205,Culinary Arts and Related Services.,133702,1,Public,2,Jacksonville,30.334918,-81.659901,11,15,25081.0,0.8159581286,25.0,1,36337.00000000002,47245.65,Florida State College at Jacksonville,23,-10908.648437499978,6,medium,-0.23089213077328669,-0.21819545922499012
1312,"Teacher Education and Professional Development, Specific Levels and Methods.",133702,1,Public,3,Jacksonville,30.334918,-81.659901,11,15,25081.0,0.8159581286,25.0,1,48274.99999999998,51428.516,Florida State College at Jacksonville,23,-3153.515625000022,24,high,-0.061318425909750764,-0.05794654870013242
2401,"Liberal Arts and Sciences, General Studies and Humanities.",133702,1,Public,2,Jacksonville,30.334918,-81.659901,11,15,25081.0,0.8159581286,25.0,1,45208.99999999999,46011.062,Florida State College at Jacksonville,1353,-802.0625000000073,36,high,-0.01743194911006472,-0.017423264750011838
4301,Criminal Justice and Corrections.,133702,1,Public,1,Jacksonville,30.334918,-81.659901,11,15,25081.0,0.8159581286,25.0,1,66208.99999999999,54169.11,Florida State College at Jacksonville,64,12039.890624999985,19,high,0.22226488055490548,0.21847960489180654
4399,"Homeland Security, Law Enforcement, Firefighting and Related Protective Services, Other.",133702,1,Public,3,Jacksonville,30.334918,-81.659901,11,15,25081.0,0.8159581286,25.0,1,55284.00000000004,55168.375,Florida State College at Jacksonville,36,115.62500000003638,4,low,0.002095856548249543,0.0020263953500886875
4400,"Human Services, General.",133702,1,Public,3,Jacksonville,30.334918,-81.659901,11,15,25081.0,0.8159581286,25.0,1,46466.99999999996,46025.766,Florida State College at Jacksonville,53,441.2343749999636,5,low,0.009586681916276403,0.009383357328894028
5108,Allied Health and Medical Assisting Services.,133702,1,Public,2,Jacksonville,30.334918,-81.659901,11,15,25081.0,0.8159581286,25.0,1,50801.000000000015,50797.414,Florida State College at Jacksonville,42,3.585937500014552,22,high,7.059291434801179e-05,6.86331604330945e-05
5109,"Allied Health Diagnostic, Intervention, and Treatment Professions.",133702,1,Public,1,Jacksonville,30.334918,-81.659901,11,15,25081.0,0.8159581286,25.0,1,56695.000000000044,63310.184,Florida State College at Jacksonville,34,-6615.183593749956,22,high,-0.104488460121967,-0.1007915321466261
5109,"Allied Health Diagnostic, Intervention, and Treatment Professions.",133702,1,Public,2,Jacksonville,30.334918,-81.659901,11,15,25081.0,0.8159581286,25.0,1,70804.99999999999,64235.52,Florida State College at Jacksonville,61,6569.480468749985,39,high,0.10227177294882768,0.1004298379818858
5138,"Registered Nursing, Nursing Administration, Nursing Research and Clinical Nursing.",133702,1,Public,2,Jacksonville,30.334918,-81.659901,11,15,25081.0,0.8159581286,25.0,1,78015.00000000004,77887.41,Florida State College at Jacksonville,225,127.59375000004366,58,high,0.0016381820392182293,0.0016317573146800927
5138,"Registered Nursing, Nursing Administration, Nursing Research and Clinical Nursing.",133702,1,Public,3,Jacksonville,30.334918,-81.659901,11,15,25081.0,0.8159581286,25.0,1,90705.0,85775.65,Florida State College at Jacksonville,95,4929.3515625,57,high,0.05746796033948665,0.056850968975610906
5202,"Business Administration, Management and Operations.",133702,2,Public,1,Jacksonville,30.334918,-81.659901,11,15,25081.0,0.8159581286,25.0,1,48635.99999999996,53338.2,Florida State College at Jacksonville,123,-4702.199218750036,5,low,-0.08815819220790398,-0.08745851221998413
5202,"Business Administration, Management and Operations.",133702,2,Public,2,Jacksonville,30.334918,-81.659901,11,15,25081.0,0.8159581286,25.0,1,62248.00000000005,49468.273,Florida State College at Jacksonville,65,12779.726562500051,26,high,0.25834187600354436,0.2540209924452451
5202,"Business Administration, Management and Operations.",133702,1,Public,3,Jacksonville,30.334918,-81.659901,11,15,25081.0,0.8159581286,25.0,1,55860.000000000044,57238.215,Florida State College at Jacksonville,293,-1378.2148437499563,58,high,-0.024078578402772242,-0.02400910433944286
5203,Accounting and Related Services.,133702,1,Public,1,Jacksonville,30.334918,-81.659901,11,15,25081.0,0.8159581286,25.0,1,55427.999999999985,65199.438,Florida State College at Jacksonville,20,-9771.437500000015,5,low,-0.14986996628613575,-0.1402528497409861
5207,Entrepreneurial and Small Business Operations.,133702,1,Public,1,Jacksonville,30.334918,-81.659901,11,15,25081.0,0.8159581286,25.0,1,60511.00000000005,51092.324,Florida State College at Jacksonville,29,9418.675781250051,4,low,0.18434619926320672,0.17653079142240025
5208,Finance and Financial Management Services.,133702,1,Public,3,Jacksonville,30.334918,-81.659901,11,15,25081.0,0.8159581286,25.0,1,55025.000000000015,62839.004,Florida State College at Jacksonville,27,-7814.003906249985,15,medium,-0.12434958259217092,-0.11863488019927503
0301,Natural Resources Conservation and Research.,133711,1,"Private, nonprofit",3,Saint Augustine,29.892733,-81.314887,23,10,53601.0,0.5154411765,22.0,1,48084.99999999998,45453.25,Flagler College,33,2631.749999999978,9,medium,0.057900150154278913,0.05578057953301781
0904,Journalism.,133711,1,"Private, nonprofit",3,Saint Augustine,29.892733,-81.314887,23,10,53601.0,0.5154411765,22.0,1,46970.99999999998,53480.203,Flagler College,38,-6509.203125000022,6,medium,-0.12171238597927486,-0.11792109324068759
0909,"Public Relations, Advertising, and Applied Communication.",133711,1,"Private, nonprofit",3,Saint Augustine,29.892733,-81.314887,23,10,53601.0,0.5154411765,22.0,1,53353.00000000002,51874.3,Flagler College,84,1478.6992187500218,11,medium,0.02850542940300216,0.02815202340473537
1301,"Education, General.",133711,1,"Private, nonprofit",3,Saint Augustine,29.892733,-81.314887,23,10,53601.0,0.5154411765,22.0,1,49104.000000000015,52801.973,Flagler College,54,-3697.9726562499854,3,low,-0.07003474435177695,-0.06858127145005885
1312,"Teacher Education and Professional Development, Specific Levels and Methods.",133711,1,"Private, nonprofit",3,Saint Augustine,29.892733,-81.314887,23,10,53601.0,0.5154411765,22.0,1,49796.99999999999,44567.52,Flagler College,46,5229.480468749993,24,high,0.11733837834710924,0.11440574611143785
2301,"English Language and Literature, General.",133711,1,"Private, nonprofit",3,Saint Augustine,29.892733,-81.314887,23,10,53601.0,0.5154411765,22.0,1,53263.00000000003,45249.543,Flagler College,33,8013.457031250029,11,medium,0.17709476174785324,0.17061179316867342
4201,"Psychology, General.",133711,1,"Private, nonprofit",3,Saint Augustine,29.892733,-81.314887,23,10,53601.0,0.5154411765,22.0,1,47077.99999999997,47794.176,Flagler College,59,-716.1757812500291,29,high,-0.014984582735099493,-0.014704027285050386
4404,Public Administration.,133711,1,"Private, nonprofit",3,Saint Augustine,29.892733,-81.314887,23,10,53601.0,0.5154411765,22.0,1,70202.00000000004,50706.812,Flagler College,48,19495.187500000044,7,medium,0.38446880288521473,0.37532161223660165
4504,Criminology.,133711,1,"Private, nonprofit",3,Saint Augustine,29.892733,-81.314887,23,10,53601.0,0.5154411765,22.0,1,48912.99999999999,53112.625,Flagler College,39,-4199.625000000007,7,medium,-0.07907018340742916,-0.0766795937040479
4510,Political Science and Government.,133711,1,"Private, nonprofit",3,Saint Augustine,29.892733,-81.314887,23,10,53601.0,0.5154411765,22.0,1,65513.00000000003,49985.082,Flagler College,27,15527.91796875003,14,medium,0.3106510450266378,0.2963745333298377
5004,Design and Applied Arts.,133711,1,"Private, nonprofit",3,Saint Augustine,29.892733,-81.314887,23,10,53601.0,0.5154411765,22.0,1,46921.000000000015,49648.25,Flagler College,55,-2727.2499999999854,7,medium,-0.05493144269938992,-0.05381546584793667
5005,Drama/Theatre Arts and Stagecraft.,133711,1,"Private, nonprofit",3,Saint Augustine,29.892733,-81.314887,23,10,53601.0,0.5154411765,22.0,1,36505.99999999999,38186.695,Flagler College,20,-1680.6953125000073,11,medium,-0.044012588644973684,-0.041188312341045544
5007,Fine and Studio Arts.,133711,1,"Private, nonprofit",3,Saint Augustine,29.892733,-81.314887,23,10,53601.0,0.5154411765,22.0,1,35458.00000000002,37841.168,Flagler College,28,-2383.167968749978,12,medium,-0.06297818214062648,-0.060200183731568734
5202,"Business Administration, Management and Operations.",133711,1,"Private, nonprofit",3,Saint Augustine,29.892733,-81.314887,23,10,53601.0,0.5154411765,22.0,1,58703.00000000004,56924.492,Flagler College,189,1778.5078125000364,58,high,0.031243279371591434,0.031093146044523935
5203,Accounting and Related Services.,133711,1,"Private, nonprofit",3,Saint Augustine,29.892733,-81.314887,23,10,53601.0,0.5154411765,22.0,1,63113.0,66969.266,Flagler College,69,-3856.265625,24,high,-0.05758261777265831,-0.056684320719818354
2401,"Liberal Arts and Sciences, General Studies and Humanities.",133809,1,"Private, nonprofit",2,Temple Terrace,28.034936,-82.383289,21,8,66397.0,0.486013986,19.0,1,47244.00000000002,39431.99,Florida College,29,7812.011718750022,36,high,0.19811356361314023,0.1897144845726141
2401,"Liberal Arts and Sciences, General Studies and Humanities.",133809,1,"Private, nonprofit",3,Temple Terrace,28.034936,-82.383289,21,8,66397.0,0.486013986,19.0,1,39764.00000000003,45204.94,Florida College,25,-5440.941406249971,12,medium,-0.12036165155824559,-0.11433097158800315
5202,"Business Administration, Management and Operations.",133809,1,"Private, nonprofit",3,Temple Terrace,28.034936,-82.383289,21,8,66397.0,0.486013986,19.0,1,61596.99999999996,52733.883,Florida College,32,8863.117187499964,58,high,0.16807253163992425,0.16170031311739874
5106,Dental Support Services and Allied Professions.,133845,1,"Private, for-profit",1,Jacksonville,30.23886,-81.581748,11,2,16617.0,0.8801108801,27.0,1,33649.0,34873.555,Concorde Career Institute-Jacksonville,211,-1224.5546875,17,high,-0.035114134434334754,-0.03496572401518806
5107,Health and Medical Administrative Services.,133845,1,"Private, for-profit",1,Jacksonville,30.23886,-81.581748,11,2,16617.0,0.8801108801,27.0,1,34492.99999999997,34443.906,Concorde Career Institute-Jacksonville,37,49.093749999970896,25,high,0.001425324690052276,0.0013795466891920523
5108,Allied Health and Medical Assisting Services.,133845,1,"Private, for-profit",1,Jacksonville,30.23886,-81.581748,11,2,16617.0,0.8801108801,27.0,1,35960.99999999998,33699.93,Concorde Career Institute-Jacksonville,335,2261.070312499978,33,high,0.06709421454189728,0.06692847555731991
5109,"Allied Health Diagnostic, Intervention, and Treatment Professions.",133845,1,"Private, for-profit",1,Jacksonville,30.23886,-81.581748,11,2,16617.0,0.8801108801,27.0,1,51737.00000000002,47835.582,Concorde Career Institute-Jacksonville,57,3901.417968750022,22,high,0.08155891081666584,0.07996937277976611
5109,"Allied Health Diagnostic, Intervention, and Treatment Professions.",133845,1,"Private, for-profit",2,Jacksonville,30.23886,-81.581748,11,2,16617.0,0.8801108801,27.0,1,60066.00000000004,57541.477,Concorde Career Institute-Jacksonville,33,2524.5234375000364,39,high,0.04387310837875297,0.04226703047851911
5138,"Registered Nursing, Nursing Administration, Nursing Research and Clinical Nursing.",133845,1,"Private, for-profit",2,Jacksonville,30.23886,-81.581748,11,2,16617.0,0.8801108801,27.0,1,73531.99999999997,78685.586,Concorde Career Institute-Jacksonville,164,-5153.585937500029,58,high,-0.06549593392611354,-0.06512453694276768
5139,"Practical Nursing, Vocational Nursing and Nursing Assistants.",133845,1,"Private, for-profit",1,Jacksonville,30.23886,-81.581748,11,2,16617.0,0.8801108801,27.0,1,51435.00000000002,47039.918,Concorde Career Institute-Jacksonville,60,4395.082031250022,47,high,0.09343302924485974,0.09171758036022991
5106,Dental Support Services and Allied Professions.,133854,1,"Private, for-profit",1,Miramar,25.977088,-80.291516,21,1,16501.0,0.8625304136,27.0,1,32146.999999999978,34655.367,Concorde Career Institute-Miramar,93,-2508.367187500022,17,high,-0.07238033791212509,-0.07158366266073266
5108,Allied Health and Medical Assisting Services.,133854,1,"Private, for-profit",1,Miramar,25.977088,-80.291516,21,1,16501.0,0.8625304136,27.0,1,33937.00000000002,35817.117,Concorde Career Institute-Miramar,189,-1880.1171874999782,33,high,-0.05249214161088682,-0.05223990112834303
5108,Allied Health and Medical Assisting Services.,133854,1,"Private, for-profit",2,Miramar,25.977088,-80.291516,21,1,16501.0,0.8625304136,27.0,1,55359.00000000003,39188.008,Concorde Career Institute-Miramar,36,16170.99218750003,22,high,0.41265155056802566,0.39897538978816244
5109,"Allied Health Diagnostic, Intervention, and Treatment Professions.",133854,1,"Private, for-profit",2,Miramar,25.977088,-80.291516,21,1,16501.0,0.8625304136,27.0,1,59711.000000000015,61153.01,Concorde Career Institute-Miramar,20,-1442.0117187499854,39,high,-0.023580387592061196,-0.022067240286618505
5138,"Registered Nursing, Nursing Administration, Nursing Research and Clinical Nursing.",133854,0,"Private, for-profit",2,Miramar,25.977088,-80.291516,21,1,16501.0,0.8625304136,27.0,1,87364.99999999999,82658.39,Concorde Career Institute-Miramar,128,4706.609374999985,58,high,0.056940491333211045,0.05650914943446861
5106,Dental Support Services and Allied Professions.,133863,1,"Private, for-profit",1,Tampa,27.959148,-82.514341,11,1,15715.0,0.8117942284,26.0,1,33692.000000000015,36701.973,Concorde Career Institute-Tampa,178,-3009.9726562499854,17,high,-0.08201119554094091,-0.08158855443910754
5107,Health and Medical Administrative Services.,133863,1,"Private, for-profit",1,Tampa,27.959148,-82.514341,11,1,15715.0,0.8117942284,26.0,1,38706.99999999999,36664.996,Concorde Career Institute-Tampa,22,2042.0039062499927,25,high,0.055693553083402,0.05247614140259699
5108,Allied Health and Medical Assisting Services.,133863,1,"Private, for-profit",1,Tampa,27.959148,-82.514341,11,1,15715.0,0.8117942284,26.0,1,34658.0,34827.656,Concorde Career Institute-Tampa,221,-169.65625,33,high,-0.004871308272430764,-0.004851800505282514
5109,"Allied Health Diagnostic, Intervention, and Treatment Professions.",133863,1,"Private, for-profit",2,Tampa,27.959148,-82.514341,11,1,15715.0,0.8117942284,26.0,1,71678.00000000006,51030.043,Concorde Career Institute-Tampa,32,20647.95703125006,39,high,0.4046235478166174,0.3892828515059862
5138,"Registered Nursing, Nursing Administration, Nursing Research and Clinical Nursing.",133863,0,"Private, for-profit",2,Tampa,27.959148,-82.514341,11,1,15715.0,0.8117942284,26.0,1,76188.99999999994,82412.805,Concorde Career Institute-Tampa,62,-6223.804687500058,58,high,-0.07551987474640645,-0.07418526455307621
5100,"Health Services/Allied Health/Health Sciences, General.",133872,1,"Private, nonprofit",3,Orlando,28.576142,-81.367687,11,9,30567.0,0.6558533145,26.0,1,51966.99999999998,64144.668,AdventHealth University,24,-12177.667968750022,15,medium,-0.18984692499589736,-0.1798906475389165
5109,"Allied Health Diagnostic, Intervention, and Treatment Professions.",133872,1,"Private, nonprofit",2,Orlando,28.576142,-81.367687,11,9,30567.0,0.6558533145,26.0,1,71349.00000000006,69651.96,AdventHealth University,73,1697.0390625000582,39,high,0.02436455542181853,0.024008660694598803
5109,"Allied Health Diagnostic, Intervention, and Treatment Professions.",133872,1,"Private, nonprofit",3,Orlando,28.576142,-81.367687,11,9,30567.0,0.6558533145,26.0,1,82600.0,73177.24,AdventHealth University,107,9422.7578125,7,medium,0.12876623292739472,0.1275633369430961
5109,"Allied Health Diagnostic, Intervention, and Treatment Professions.",133872,1,"Private, nonprofit",5,Orlando,28.576142,-81.367687,11,9,30567.0,0.6558533145,26.0,1,112012.00000000004,119497.7,AdventHealth University,36,-7485.703124999956,9,medium,-0.06264307119919763,-0.060566944955917176
5123,Rehabilitation and Therapeutic Professions.,133872,1,"Private, nonprofit",5,Orlando,28.576142,-81.367687,11,9,30567.0,0.6558533145,26.0,1,68108.00000000001,73906.42,AdventHealth University,47,-5798.421874999985,9,medium,-0.07845626574652767,-0.07654359850920678
5123,Rehabilitation and Therapeutic Professions.,133872,0,"Private, nonprofit",6,Orlando,28.576142,-81.367687,11,9,30567.0,0.6558533145,26.0,1,75301.00000000004,87071.34,AdventHealth University,20,-11770.343749999956,8,medium,-0.13518045367250872,-0.12650595931042527
5138,"Registered Nursing, Nursing Administration, Nursing Research and Clinical Nursing.",133872,2,"Private, nonprofit",3,Orlando,28.576142,-81.367687,11,9,30567.0,0.6558533145,26.0,1,87330.00000000006,105376.02,AdventHealth University,240,-18046.02343749994,57,high,-0.17125360066565135,-0.1706305615327266
5138,"Registered Nursing, Nursing Administration, Nursing Research and Clinical Nursing.",133872,3,"Private, nonprofit",5,Orlando,28.576142,-81.367687,11,9,30567.0,0.6558533145,26.0,1,214531.0000000001,111307.336,AdventHealth University,44,103223.66406250009,18,high,0.9273752102059206,0.902975548617569
1104,Information Science/Studies.,133881,0,"Private, nonprofit",2,Melbourne,28.065773,-80.623123,13,14,30032.0,0.7019104084,28.0,1,51538.99999999999,61946.78,Florida Institute of Technology,32,-10407.781250000007,2,low,-0.1680116551656993,-0.16164174468359452
1104,Information Science/Studies.,133881,0,"Private, nonprofit",3,Melbourne,28.065773,-80.623123,13,14,30032.0,0.7019104084,28.0,1,85906.00000000007,82832.79,Florida Institute of Technology,72,3073.2109375000728,5,low,0.0371013818595585,0.036550641672743175
1107,Computer Science.,133881,1,"Private, nonprofit",3,Melbourne,28.065773,-80.623123,13,14,30032.0,0.7019104084,28.0,1,91606.00000000006,90454.086,Florida Institute of Technology,29,1151.9140625000582,5,low,0.012734793023014822,0.012194897968812953
1402,"Aerospace, Aeronautical, and Astronautical/Space Engineering.",133881,1,"Private, nonprofit",3,Melbourne,28.065773,-80.623123,13,14,30032.0,0.7019104084,28.0,1,97015.0,90494.984,Florida Institute of Technology,57,6520.015625,5,low,0.07204836455887835,0.07064418180538143
1402,"Aerospace, Aeronautical, and Astronautical/Space Engineering.",133881,1,"Private, nonprofit",5,Melbourne,28.065773,-80.623123,13,14,30032.0,0.7019104084,28.0,1,130016.0,134826.97,Florida Institute of Technology,24,-4810.96875,2,low,-0.03568254033004803,-0.03381121546184938
1405,Biomedical/Medical Engineering.,133881,1,"Private, nonprofit",3,Melbourne,28.065773,-80.623123,13,14,30032.0,0.7019104084,28.0,1,88120.00000000001,80103.414,Florida Institute of Technology,26,8016.585937500015,5,low,0.10007795586896137,0.0952793142651587
1409,Computer Engineering.,133881,1,"Private, nonprofit",3,Melbourne,28.065773,-80.623123,13,14,30032.0,0.7019104084,28.0,1,106430.99999999993,97273.69,Florida Institute of Technology,31,9157.312499999927,13,medium,0.09413966649511388,0.09043927371440341
1419,Mechanical Engineering.,133881,1,"Private, nonprofit",3,Melbourne,28.065773,-80.623123,13,14,30032.0,0.7019104084,28.0,1,92752.99999999993,84553.875,Florida Institute of Technology,58,8199.124999999927,12,medium,0.09696924002595891,0.09511721363973837
1427,Systems Engineering.,133881,1,"Private, nonprofit",5,Melbourne,28.065773,-80.623123,13,14,30032.0,0.7019104084,28.0,1,149290.99999999997,121936.89,Florida Institute of Technology,29,27354.10937499997,4,low,0.2243300549554256,0.21481952055094924
4201,"Psychology, General.",133881,1,"Private, nonprofit",3,Melbourne,28.065773,-80.623123,13,14,30032.0,0.7019104084,28.0,1,61516.00000000005,55759.68,Florida Institute of Technology,22,5756.320312500051,29,high,0.10323445803062031,0.09727061243736294
4228,"Clinical, Counseling and Applied Psychology.",133881,1,"Private, nonprofit",3,Melbourne,28.065773,-80.623123,13,14,30032.0,0.7019104084,28.0,1,55282.000000000044,63791.695,Florida Institute of Technology,88,-8509.695312499956,3,low,-0.13339816837933258,-0.1318318636217938
4228,"Clinical, Counseling and Applied Psychology.",133881,1,"Private, nonprofit",5,Melbourne,28.065773,-80.623123,13,14,30032.0,0.7019104084,28.0,1,77258.00000000004,85886.73,Florida Institute of Technology,225,-8628.726562499956,9,medium,-0.10046635735058326,-0.1000723421215825
4228,"Clinical, Counseling and Applied Psychology.",133881,1,"Private, nonprofit",6,Melbourne,28.065773,-80.623123,13,14,30032.0,0.7019104084,28.0,1,114742.00000000004,83412.34,Florida Institute of Technology,41,31329.656250000044,3,low,0.3755997594780454,0.36487899545541674
4901,Air Transportation.,133881,1,"Private, nonprofit",3,Melbourne,28.065773,-80.623123,13,14,30032.0,0.7019104084,28.0,1,83242.99999999994,84468.86,Florida Institute of Technology,86,-1225.8593750000582,5,low,-0.014512559824655004,-0.014337517204472522
5107,Health and Medical Administrative Services.,133881,0,"Private, nonprofit",2,Melbourne,28.065773,-80.623123,13,14,30032.0,0.7019104084,28.0,1,50488.000000000044,49708.277,Florida Institute of Technology,23,779.7226562500437,15,medium,0.015685972194489677,0.014823406475155123
5107,Health and Medical Administrative Services.,133881,0,"Private, nonprofit",3,Melbourne,28.065773,-80.623123,13,14,30032.0,0.7019104084,28.0,1,51752.99999999997,64482.992,Florida Institute of Technology,46,-12729.99218750003,18,high,-0.1974162760698895,-0.19248226093175527
5107,Health and Medical Administrative Services.,133881,2,"Private, nonprofit",5,Melbourne,28.065773,-80.623123,13,14,30032.0,0.7019104084,28.0,1,84169.99999999993,81487.87,Florida Institute of Technology,45,2682.1328124999272,12,medium,0.032914505006352145,0.03207070326968775
5202,"Business Administration, Management and Operations.",133881,0,"Private, nonprofit",2,Melbourne,28.065773,-80.623123,13,14,30032.0,0.7019104084,28.0,1,56183.999999999956,55468.66,Florida Institute of Technology,25,715.3398437499563,26,high,0.012896288493987619,0.012250124307103535
5202,"Business Administration, Management and Operations.",133881,1,"Private, nonprofit",3,Melbourne,28.065773,-80.623123,13,14,30032.0,0.7019104084,28.0,1,72717.00000000006,74007.21,Florida Institute of Technology,98,-1290.2109374999418,58,high,-0.017433584121816736,-0.017253096647123226
5202,"Business Administration, Management and Operations.",133881,2,"Private, nonprofit",5,Melbourne,28.065773,-80.623123,13,14,30032.0,0.7019104084,28.0,1,107776.00000000004,105753.45,Florida Institute of Technology,584,2022.5468750000437,35,high,0.019125114265625014,0.0191002358699613
5203,Accounting and Related Services.,133881,1,"Private, nonprofit",3,Melbourne,28.065773,-80.623123,13,14,30032.0,0.7019104084,28.0,1,67417.00000000001,72449.51,Florida Institute of Technology,45,-5032.507812499985,24,high,-0.06946227744602713,-0.06768153092317011
5203,Accounting and Related Services.,133881,0,"Private, nonprofit",5,Melbourne,28.065773,-80.623123,13,14,30032.0,0.7019104084,28.0,1,85593.00000000004,95062.76,Florida Institute of Technology,33,-9469.757812499956,19,high,-0.09961585409901456,-0.09596918242031426
5210,Human Resources Management and Services.,133881,2,"Private, nonprofit",5,Melbourne,28.065773,-80.623123,13,14,30032.0,0.7019104084,28.0,1,75661.0,102162.0,Florida Institute of Technology,22,-26501.0,7,medium,-0.2594017345001077,-0.24441611903125984
5212,Management Information Systems and Services.,133881,2,"Private, nonprofit",5,Melbourne,28.065773,-80.623123,13,14,30032.0,0.7019104084,28.0,1,107902.00000000006,108636.664,Florida Institute of Technology,175,-734.6640624999418,9,medium,-0.006762579363420811,-0.006727030554969875
5214,Marketing.,133881,1,"Private, nonprofit",3,Melbourne,28.065773,-80.623123,13,14,30032.0,0.7019104084,28.0,1,62018.99999999998,65419.914,Florida Institute of Technology,26,-3400.914062500022,17,high,-0.05198591455272934,-0.04949324001498105
0301,Natural Resources Conservation and Research.,133951,2,Public,3,Miami,25.75732,-80.373928,21,15,23924.0,0.8131269705,23.0,1,49747.999999999985,56425.94,Florida International University,24,-6677.941406250015,9,medium,-0.11834878142609659,-0.11214213201842636
0402,Architecture.,133951,0,Public,5,Miami,25.75732,-80.373928,21,15,23924.0,0.8131269705,23.0,1,68932.00000000003,77981.73,Florida International University,119,-9049.72656249997,4,low,-0.11604932285318008,-0.11509197058023823
0901,Communication and Media Studies.,133951,2,Public,3,Miami,25.75732,-80.373928,21,15,23924.0,0.8131269705,23.0,1,57375.99999999998,57796.996,Florida International University,836,-420.9960937500218,15,medium,-0.007284047999088781,-0.007277767423264325
0901,Communication and Media Studies.,133951,3,Public,5,Miami,25.75732,-80.373928,21,15,23924.0,0.8131269705,23.0,1,71217.99999999996,71956.766,Florida International University,98,-738.7656250000437,3,low,-0.010266798661436413,-0.010160507921067631
0909,"Public Relations, Advertising, and Applied Communication.",133951,3,Public,3,Miami,25.75732,-80.373928,21,15,23924.0,0.8131269705,23.0,1,65343.000000000015,58959.71,Florida International University,31,6383.289062500015,11,medium,0.10826527065688286,0.10400963601469738
1101,"Computer and Information Sciences, General.",133951,2,Public,3,Miami,25.75732,-80.373928,21,15,23924.0,0.8131269705,23.0,1,90396.99999999993,79927.375,Florida International University,501,10469.624999999927,19,high,0.13098922615686961,0.13078596395019787
1101,"Computer and Information Sciences, General.",133951,1,Public,5,Miami,25.75732,-80.373928,21,15,23924.0,0.8131269705,23.0,1,113980.00000000001,91504.97,Florida International University,37,22475.031250000015,5,low,0.24561541910804724,0.23772684259935015
1105,Computer Systems Analysis.,133951,1,Public,5,Miami,25.75732,-80.373928,21,15,23924.0,0.8131269705,23.0,1,106494.00000000004,90446.84,Florida International University,41,16047.156250000044,3,low,0.17742085389242832,0.17235672097094495
1110,Computer/Information Technology Administration and Management.,133951,1,Public,5,Miami,25.75732,-80.373928,21,15,23924.0,0.8131269705,23.0,1,98455.99999999997,92731.79,Florida International University,26,5724.210937499971,3,low,0.0617286800499657,0.058768849289398996
1303,Curriculum and Instruction.,133951,3,Public,5,Miami,25.75732,-80.373928,21,15,23924.0,0.8131269705,23.0,1,66188.99999999996,64737.96,Florida International University,79,1451.0390624999563,7,medium,0.02241403716593474,0.022115488585161595
1304,Educational Administration and Supervision.,133951,1,Public,5,Miami,25.75732,-80.373928,21,15,23924.0,0.8131269705,23.0,1,63621.00000000001,74869.305,Florida International University,73,-11248.304687499993,20,high,-0.15023920329499177,-0.14804464897833478
1310,Special Education and Teaching.,133951,3,Public,5,Miami,25.75732,-80.373928,21,15,23924.0,0.8131269705,23.0,1,66851.00000000004,67995.27,Florida International University,47,-1144.2734374999563,8,medium,-0.016828720286738038,-0.016418456789843196
1311,Student Counseling and Personnel Services.,133951,1,Public,5,Miami,25.75732,-80.373928,21,15,23924.0,0.8131269705,23.0,1,58182.00000000001,66228.26,Florida International University,59,-8046.257812499993,9,medium,-0.12149282010829722,-0.11921811727367122
1312,"Teacher Education and Professional Development, Specific Levels and Methods.",133951,1,Public,3,Miami,25.75732,-80.373928,21,15,23924.0,0.8131269705,23.0,1,53853.99999999998,58286.203,Florida International University,299,-4432.203125000022,24,high,-0.07604206291315226,-0.07582775851431806
1312,"Teacher Education and Professional Development, Specific Levels and Methods.",133951,1,Public,5,Miami,25.75732,-80.373928,21,15,23924.0,0.8131269705,23.0,1,57447.999999999956,67857.74,Florida International University,30,-10409.742187500044,7,medium,-0.15340537206110597,-0.14714672914822421
1313,"Teacher Education and Professional Development, Specific Subject Areas.",133951,1,Public,3,Miami,25.75732,-80.373928,21,15,23924.0,0.8131269705,23.0,1,42574.00000000003,51079.758,Florida International University,103,-8505.75781249997,11,medium,-0.16651914920431518,-0.16489268058762413
1313,"Teacher Education and Professional Development, Specific Subject Areas.",133951,1,Public,5,Miami,25.75732,-80.373928,21,15,23924.0,0.8131269705,23.0,1,56346.0,63333.73,Florida International University,22,-6987.73046875,8,medium,-0.1103318945060069,-0.1039580306295654
1405,Biomedical/Medical Engineering.,133951,1,Public,3,Miami,25.75732,-80.373928,21,15,23924.0,0.8131269705,23.0,1,88656.00000000004,73698.8,Florida International University,81,14957.203125000044,5,low,0.20295043825978393,0.20032502998953147
1408,Civil Engineering.,133951,1,Public,3,Miami,25.75732,-80.373928,21,15,23924.0,0.8131269705,23.0,1,84522.99999999996,77424.91,Florida International University,141,7098.093749999956,8,medium,0.09167713716153135,0.09105691119146635
1409,Computer Engineering.,133951,3,Public,3,Miami,25.75732,-80.373928,21,15,23924.0,0.8131269705,23.0,1,101223.99999999996,72630.34,Florida International University,111,28593.656249999956,13,medium,0.3936874696397118,0.390164305817298
1409,Computer Engineering.,133951,3,Public,5,Miami,25.75732,-80.373928,21,15,23924.0,0.8131269705,23.0,1,118204.9999999999,82750.91,Florida International University,22,35454.0937499999,1,low,0.4284435706708638,0.4036924231407727
1410,"Electrical, Electronics, and Communications Engineering.",133951,3,Public,3,Miami,25.75732,-80.373928,21,15,23924.0,0.8131269705,23.0,1,98696.99999999997,82653.74,Florida International University,107,16043.25781249997,10,medium,0.19410201387017473,0.19228877038451367
1419,Mechanical Engineering.,133951,1,Public,3,Miami,25.75732,-80.373928,21,15,23924.0,0.8131269705,23.0,1,93494.0,86269.59,Florida International University,145,7224.40625,12,medium,0.08374220783901629,0.08319388670871304
1435,Industrial Engineering.,133951,0,Public,5,Miami,25.75732,-80.373928,21,15,23924.0,0.8131269705,23.0,1,109743.99999999997,100168.52,Florida International University,57,9575.47656249997,2,low,0.09559366788983942,0.09373060020445523
1510,Construction Engineering Technology/Technician.,133951,1,Public,3,Miami,25.75732,-80.373928,21,15,23924.0,0.8131269705,23.0,1,99471.00000000006,86256.84,Florida International University,56,13214.156250000058,5,low,0.1531954529694933,0.1501476706011197
1510,Construction Engineering Technology/Technician.,133951,3,Public,5,Miami,25.75732,-80.373928,21,15,23924.0,0.8131269705,23.0,1,101174.00000000001,100523.375,Florida International University,26,650.6250000000146,1,low,0.00647237520626436,0.006162031048347424
2201,Law.,133951,0,Public,6,Miami,25.75732,-80.373928,21,15,23924.0,0.8131269705,23.0,1,105414.00000000004,99099.2,Florida International University,214,6314.796875000044,2,low,0.06372197430321207,0.06345704517349167
2301,"English Language and Literature, General.",133951,2,Public,3,Miami,25.75732,-80.373928,21,15,23924.0,0.8131269705,23.0,1,47659.00000000001,50066.855,Florida International University,131,-2407.8554687499927,11,medium,-0.048092804035853476,-0.04773822244110638
2401,"Liberal Arts and Sciences, General Studies and Humanities.",133951,1,Public,3,Miami,25.75732,-80.373928,21,15,23924.0,0.8131269705,23.0,1,49959.99999999997,54096.63,Florida International University,281,-4136.628906250029,12,medium,-0.07646740637792511,-0.07623580087938062
2601,"Biology, General.",133951,2,Public,3,Miami,25.75732,-80.373928,21,15,23924.0,0.8131269705,23.0,1,46718.00000000001,54258.35,Florida International University,151,-7540.351562499993,24,high,-0.13897126148062736,-0.1381034200922873
3103,"Parks, Recreation, and Leisure Facilities Management.",133951,3,Public,3,Miami,25.75732,-80.373928,21,15,23924.0,0.8131269705,23.0,1,48814.00000000002,57030.945,Florida International University,192,-8216.945312499978,4,low,-0.14407871494107943,-0.14339897179777195
3801,Philosophy.,133951,1,Public,3,Miami,25.75732,-80.373928,21,15,23924.0,0.8131269705,23.0,1,43085.00000000003,52356.5,Florida International University,27,-9271.49999999997,4,low,-0.17708402968112785,-0.1689458236086444
4005,Chemistry.,133951,1,Public,3,Miami,25.75732,-80.373928,21,15,23924.0,0.8131269705,23.0,1,57788.00000000004,59731.273,Florida International University,24,-1943.2734374999636,4,low,-0.032533601339226656,-0.03082741852054184
4201,"Psychology, General.",133951,2,Public,3,Miami,25.75732,-80.373928,21,15,23924.0,0.8131269705,23.0,1,49469.999999999985,48027.895,Florida International University,1075,1442.1054687499854,29,high,0.030026414499841544,0.030006983181938056
4201,"Psychology, General.",133951,3,Public,5,Miami,25.75732,-80.373928,21,15,23924.0,0.8131269705,23.0,1,59992.000000000015,69498.484,Florida International University,40,-9506.484374999985,4,low,-0.13678693083010107,-0.13277003012554214
4301,Criminal Justice and Corrections.,133951,2,Public,3,Miami,25.75732,-80.373928,21,15,23924.0,0.8131269705,23.0,1,55830.00000000004,58779.434,Florida International University,557,-2949.4335937499636,23,high,-0.05017798596248427,-0.05010906244417245
4301,Criminal Justice and Corrections.,133951,3,Public,5,Miami,25.75732,-80.373928,21,15,23924.0,0.8131269705,23.0,1,63082.99999999997,64543.84,Florida International University,23,-1460.839843750029,10,medium,-0.02263329617956542,-0.02138869972370169
4303,Homeland Security.,133951,3,Public,5,Miami,25.75732,-80.373928,21,15,23924.0,0.8131269705,23.0,1,96372.99999999993,91918.586,Florida International University,43,4454.414062499927,2,low,0.04846042850929739,0.04715112311525899
4404,Public Administration.,133951,2,Public,3,Miami,25.75732,-80.373928,21,15,23924.0,0.8131269705,23.0,1,62424.00000000003,61829.09,Florida International University,115,594.9101562500291,7,medium,0.009621848837714464,0.009539234443759963
4404,Public Administration.,133951,3,Public,5,Miami,25.75732,-80.373928,21,15,23924.0,0.8131269705,23.0,1,79414.00000000003,76412.62,Florida International University,119,3001.382812500029,10,medium,0.03927862862143939,0.03895459842923958
4407,Social Work.,133951,1,Public,3,Miami,25.75732,-80.373928,21,15,23924.0,0.8131269705,23.0,1,55922.99999999995,56258.992,Florida International University,122,-335.99218750005093,12,medium,-0.005972239715568597,-0.0059243855004761274
4506,Economics.,133951,2,Public,3,Miami,25.75732,-80.373928,21,15,23924.0,0.8131269705,23.0,1,70021.99999999999,70397.89,Florida International University,89,-375.89062500001455,8,medium,-0.005339515455119711,-0.0052776440199026175
4509,International Relations and National Security Studies.,133951,2,Public,3,Miami,25.75732,-80.373928,21,15,23924.0,0.8131269705,23.0,1,64398.999999999956,58019.445,Florida International University,186,6379.554687499956,6,medium,0.10995545809062592,0.10941713674888492
4510,Political Science and Government.,133951,2,Public,3,Miami,25.75732,-80.373928,21,15,23924.0,0.8131269705,23.0,1,57995.99999999998,56631.613,Florida International University,178,1364.3867187499782,14,medium,0.024092315929161584,0.023968157234938725
4511,Sociology.,133951,2,Public,3,Miami,25.75732,-80.373928,21,15,23924.0,0.8131269705,23.0,1,47538.000000000015,53963.277,Florida International University,99,-6425.277343749985,12,medium,-0.1190675892944845,-0.11784945076400788
5005,Drama/Theatre Arts and Stagecraft.,133951,1,Public,3,Miami,25.75732,-80.373928,21,15,23924.0,0.8131269705,23.0,1,33896.00000000001,26588.785,Florida International University,30,7307.214843750007,11,medium,0.27482319334294075,0.2636109378123705
5007,Fine and Studio Arts.,133951,1,Public,3,Miami,25.75732,-80.373928,21,15,23924.0,0.8131269705,23.0,1,40653.0,50331.215,Florida International University,140,-9678.21484375,12,medium,-0.19229050746729226,-0.1909787316273925
5009,Music.,133951,1,Public,3,Miami,25.75732,-80.373928,21,15,23924.0,0.8131269705,23.0,1,50676.99999999997,42277.562,Florida International University,41,8399.43749999997,10,medium,0.1986736463342694,0.19300289382147556
5102,Communication Disorders Sciences and Services.,133951,1,Public,5,Miami,25.75732,-80.373928,21,15,23924.0,0.8131269705,23.0,1,62173.00000000005,68136.52,Florida International University,65,-5963.523437499949,8,medium,-0.08752315405364271,-0.08605929011036281
5107,Health and Medical Administrative Services.,133951,3,Public,3,Miami,25.75732,-80.373928,21,15,23924.0,0.8131269705,23.0,1,56867.00000000004,57327.477,Florida International University,320,-460.4765624999636,18,high,-0.008032388482998015,-0.008011464826678147
5107,Health and Medical Administrative Services.,133951,3,Public,5,Miami,25.75732,-80.373928,21,15,23924.0,0.8131269705,23.0,1,67431.00000000001,74467.33,Florida International University,32,-7036.328124999985,12,medium,-0.09448879531690577,-0.09090639404160727
5109,"Allied Health Diagnostic, Intervention, and Treatment Professions.",133951,1,Public,5,Miami,25.75732,-80.373928,21,15,23924.0,0.8131269705,23.0,1,107594.99999999994,113005.19,Florida International University,93,-5410.187500000058,9,medium,-0.04787556765922855,-0.04734861129233817
5112,Medicine.,133951,1,Public,7,Miami,25.75732,-80.373928,21,15,23924.0,0.8131269705,23.0,1,95352.99999999993,83324.25,Florida International University,186,12028.749999999927,7,medium,0.14436073532014904,0.14365397218094947
5112,Medicine.,133951,0,Public,8,Miami,25.75732,-80.373928,21,15,23924.0,0.8131269705,23.0,1,71640.0,76041.58,Florida International University,49,-4401.578125,1,low,-0.057883834522273074,-0.05653918027097834
5115,Mental and Social Health Services and Allied Professions.,133951,1,Public,5,Miami,25.75732,-80.373928,21,15,23924.0,0.8131269705,23.0,1,62347.00000000004,61435.406,Florida International University,131,911.5937500000364,12,medium,0.014838247285131875,0.014728846939464954
5122,Public Health.,133951,3,Public,5,Miami,25.75732,-80.373928,21,15,23924.0,0.8131269705,23.0,1,73457.00000000006,72660.91,Florida International University,70,796.0937500000582,11,medium,0.010956287102461762,0.010788213268113718
5123,Rehabilitation and Therapeutic Professions.,133951,1,Public,5,Miami,25.75732,-80.373928,21,15,23924.0,0.8131269705,23.0,1,65491.99999999997,68884.23,Florida International University,90,-3392.226562500029,9,medium,-0.04924533135930903,-0.04868210992387288
5123,Rehabilitation and Therapeutic Professions.,133951,0,Public,6,Miami,25.75732,-80.373928,21,15,23924.0,0.8131269705,23.0,1,90274.00000000004,87005.85,Florida International University,39,3268.1484375000437,8,medium,0.037562398146892384,0.036426745257590605
5131,Dietetics and Clinical Nutrition Services.,133951,1,Public,3,Miami,25.75732,-80.373928,21,15,23924.0,0.8131269705,23.0,1,52470.00000000004,56872.51,Florida International University,94,-4402.511718749964,4,low,-0.0774101861461927,-0.07656873972987335
5131,Dietetics and Clinical Nutrition Services.,133951,1,Public,5,Miami,25.75732,-80.373928,21,15,23924.0,0.8131269705,23.0,1,59871.00000000002,70763.125,Florida International University,35,-10892.124999999978,2,low,-0.15392374206198467,-0.1486552102947742
5138,"Registered Nursing, Nursing Administration, Nursing Research and Clinical Nursing.",133951,2,Public,3,Miami,25.75732,-80.373928,21,15,23924.0,0.8131269705,23.0,1,98635.00000000001,83775.79,Florida International University,269,14859.210937500015,57,high,0.1773687971642316,0.17680364897585785
5138,"Registered Nursing, Nursing Administration, Nursing Research and Clinical Nursing.",133951,1,Public,5,Miami,25.75732,-80.373928,21,15,23924.0,0.8131269705,23.0,1,125542.99999999997,116276.234,Florida International University,196,9266.76562499997,18,high,0.079696127715264,0.07932906374318291
5202,"Business Administration, Management and Operations.",133951,2,Public,3,Miami,25.75732,-80.373928,21,15,23924.0,0.8131269705,23.0,1,61256.00000000004,62038.477,Florida International University,295,-782.4765624999636,58,high,-0.012612762367104001,-0.012576656828392992
5202,"Business Administration, Management and Operations.",133951,2,Public,5,Miami,25.75732,-80.373928,21,15,23924.0,0.8131269705,23.0,1,99549.00000000009,79277.09,Florida International University,825,20271.906250000087,35,high,0.2557095030996906,0.25548565622978053
5203,Accounting and Related Services.,133951,1,Public,3,Miami,25.75732,-80.373928,21,15,23924.0,0.8131269705,23.0,1,81922.99999999994,74092.59,Florida International University,319,7830.406249999942,24,high,0.10568406170825868,0.10540776356074885
5203,Accounting and Related Services.,133951,3,Public,5,Miami,25.75732,-80.373928,21,15,23924.0,0.8131269705,23.0,1,107539.99999999993,92151.8,Florida International University,177,15388.203124999927,19,high,0.16698755365425344,0.16612131477230452
5208,Finance and Financial Management Services.,133951,2,Public,3,Miami,25.75732,-80.373928,21,15,23924.0,0.8131269705,23.0,1,71355.00000000001,70985.36,Florida International University,441,369.64062500001455,15,medium,0.0052072797581721696,0.005197919138797324
5208,Finance and Financial Management Services.,133951,3,Public,5,Miami,25.75732,-80.373928,21,15,23924.0,0.8131269705,23.0,1,109647.00000000007,90299.03,Florida International University,80,19347.968750000073,6,medium,0.2142655184908207,0.211453204350594
5209,Hospitality Administration/Management.,133951,3,Public,3,Miami,25.75732,-80.373928,21,15,23924.0,0.8131269705,23.0,1,56666.99999999997,59020.02,Florida International University,454,-2353.019531250029,7,medium,-0.0398681591422407,-0.03979885447292448
5209,Hospitality Administration/Management.,133951,3,Public,5,Miami,25.75732,-80.373928,21,15,23924.0,0.8131269705,23.0,1,71049.99999999996,74215.5,Florida International University,78,-3165.5000000000437,2,low,-0.04265281511274658,-0.04207617260155721
5210,Human Resources Management and Services.,133951,2,Public,3,Miami,25.75732,-80.373928,21,15,23924.0,0.8131269705,23.0,1,67696.0,62298.637,Florida International University,107,5397.36328125,5,low,0.0866369404777931,0.0858276038572878
5210,Human Resources Management and Services.,133951,3,Public,5,Miami,25.75732,-80.373928,21,15,23924.0,0.8131269705,23.0,1,86476.00000000007,78662.18,Florida International University,141,7813.820312500073,7,medium,0.09933389010502777,0.09866186368428376
5211,International Business.,133951,2,Public,3,Miami,25.75732,-80.373928,21,15,23924.0,0.8131269705,23.0,1,65054.00000000003,64570.688,Florida International University,205,483.3125000000291,7,medium,0.0074850140011290586,0.00745229711397246
5211,International Business.,133951,3,Public,5,Miami,25.75732,-80.373928,21,15,23924.0,0.8131269705,23.0,1,85495.00000000001,83667.6,Florida International University,67,1827.3984375000146,1,low,0.02184117153322414,0.021488551904375035
5212,Management Information Systems and Services.,133951,1,Public,3,Miami,25.75732,-80.373928,21,15,23924.0,0.8131269705,23.0,1,85736.99999999999,64427.79,Florida International University,60,21309.210937499985,7,medium,0.3307456494716648,0.3246730939731653
5212,Management Information Systems and Services.,133951,1,Public,5,Miami,25.75732,-80.373928,21,15,23924.0,0.8131269705,23.0,1,82442.00000000003,101132.81,Florida International University,35,-18690.81249999997,9,medium,-0.18481452298184597,-0.1784886555599144
5214,Marketing.,133951,2,Public,3,Miami,25.75732,-80.373928,21,15,23924.0,0.8131269705,23.0,1,64422.99999999996,62007.48,Florida International University,343,2415.5195312499636,17,high,0.03895529237746269,0.0388616580468055
5214,Marketing.,133951,3,Public,5,Miami,25.75732,-80.373928,21,15,23924.0,0.8131269705,23.0,1,76368.00000000004,80865.055,Florida International University,156,-4497.054687499956,2,low,-0.055611842530480654,-0.055277527635125376
5215,Real Estate.,133951,1,Public,5,Miami,25.75732,-80.373928,21,15,23924.0,0.8131269705,23.0,1,83465.0,87577.84,Florida International University,65,-4112.84375,2,low,-0.046962149030987076,-0.04617668605940284
5401,History.,133951,2,Public,3,Miami,25.75732,-80.373928,21,15,23924.0,0.8131269705,23.0,1,56676.000000000015,51129.08,Florida International University,56,5546.921875000015,9,medium,0.10848859550017585,0.10633024404701036
2401,"Liberal Arts and Sciences, General Studies and Humanities.",133960,3,Public,2,Key West,24.582748,-81.74446,33,6,26806.0,0.7445783133,26.0,1,42831.0,50143.266,The College of the Florida Keys,48,-7312.265625,36,high,-0.1458274712238589,-0.14235797858601792
5138,"Registered Nursing, Nursing Administration, Nursing Research and Clinical Nursing.",133960,1,Public,2,Key West,24.582748,-81.74446,33,6,26806.0,0.7445783133,26.0,1,70379.00000000001,77125.71,The College of the Florida Keys,36,-6746.710937499985,58,high,-0.08747680709183071,-0.08457763737672809
1310,Special Education and Teaching.,133979,1,"Private, nonprofit",5,Miami Gardens,25.918278,-80.270753,21,8,20624.0,0.9066366704,20.0,1,82236.99999999997,43353.848,Florida Memorial University,26,38883.15234374997,8,medium,0.8968789264577415,0.8538744456736892
4201,"Psychology, General.",133979,1,"Private, nonprofit",3,Miami Gardens,25.918278,-80.270753,21,8,20624.0,0.9066366704,20.0,1,29041.999999999996,39813.52,Florida Memorial University,26,-10771.519531250004,29,high,-0.2705492922522295,-0.25757671424133544
4301,Criminal Justice and Corrections.,133979,1,"Private, nonprofit",3,Miami Gardens,25.918278,-80.270753,21,8,20624.0,0.9066366704,20.0,1,45656.0,40482.863,Florida Memorial University,24,5173.13671875,23,high,0.12778584071018476,0.12108427688337191
4407,Social Work.,133979,1,"Private, nonprofit",3,Miami Gardens,25.918278,-80.270753,21,8,20624.0,0.9066366704,20.0,1,45821.00000000001,43418.066,Florida Memorial University,23,2402.9335937500073,12,medium,0.05534409504252144,0.05230074404333745
5135,Somatic Bodywork and Related Therapeutic Services.,134024,1,"Private, for-profit",1,Gainesville,29.593428,-82.338273,41,-2,17131.0,0.6682692308,30.0,1,27443.999999999978,27238.146,Florida School of Massage,104,205.85351562497817,25,high,0.007557544921166527,0.007484556522409116
0909,"Public Relations, Advertising, and Applied Communication.",134079,1,"Private, nonprofit",3,Lakeland,28.032443,-81.948203,12,14,66112.0,0.4608177172,21.0,1,52795.99999999999,54870.242,Florida Southern College,56,-2074.2421875000073,11,medium,-0.03780267964577238,-0.037050605492993154
1304,Educational Administration and Supervision.,134079,1,"Private, nonprofit",5,Lakeland,28.032443,-81.948203,12,14,66112.0,0.4608177172,21.0,1,62792.99999999995,66323.51,Florida Southern College,30,-3530.507812500051,20,high,-0.053231620717061286,-0.05105987339644374
1312,"Teacher Education and Professional Development, Specific Levels and Methods.",134079,2,"Private, nonprofit",3,Lakeland,28.032443,-81.948203,12,14,66112.0,0.4608177172,21.0,1,49314.99999999999,50005.59,Florida Southern College,45,-690.5898437500073,24,high,-0.013810252931879402,-0.01345621098576946
2601,"Biology, General.",134079,1,"Private, nonprofit",3,Lakeland,28.032443,-81.948203,12,14,66112.0,0.4608177172,21.0,1,58782.00000000004,49351.18,Florida Southern College,30,9430.820312500036,24,high,0.19109614749267562,0.18329979373325422
2613,"Ecology, Evolution, Systematics, and Population Biology.",134079,1,"Private, nonprofit",3,Lakeland,28.032443,-81.948203,12,14,66112.0,0.4608177172,21.0,1,43549.0,45384.594,Florida Southern College,20,-1835.59375,4,low,-0.040445305297020534,-0.03784994063267559
4201,"Psychology, General.",134079,1,"Private, nonprofit",3,Lakeland,28.032443,-81.948203,12,14,66112.0,0.4608177172,21.0,1,53343.999999999985,52380.82,Florida Southern College,51,963.1796874999854,29,high,0.01838802221411823,0.01798022426350784
4504,Criminology.,134079,1,"Private, nonprofit",3,Lakeland,28.032443,-81.948203,12,14,66112.0,0.4608177172,21.0,1,49829.00000000002,55655.555,Florida Southern College,27,-5826.554687499978,7,medium,-0.1046895448300796,-0.09987835383224745
4510,Political Science and Government.,134079,1,"Private, nonprofit",3,Lakeland,28.032443,-81.948203,12,14,66112.0,0.4608177172,21.0,1,57127.999999999985,57425.805,Florida Southern College,21,-297.80468750001455,14,medium,-0.00518590360414816,-0.0048705121389814605
5005,Drama/Theatre Arts and Stagecraft.,134079,1,"Private, nonprofit",3,Lakeland,28.032443,-81.948203,12,14,66112.0,0.4608177172,21.0,1,51925.0,37968.883,Florida Southern College,22,13956.1171875,11,medium,0.3675672327895149,0.3463329059638018
5138,"Registered Nursing, Nursing Administration, Nursing Research and Clinical Nursing.",134079,1,"Private, nonprofit",3,Lakeland,28.032443,-81.948203,12,14,66112.0,0.4608177172,21.0,1,93335.00000000006,73542.93,Florida Southern College,84,19792.07031250006,57,high,0.26912267972734966,0.2657861374868998
5138,"Registered Nursing, Nursing Administration, Nursing Research and Clinical Nursing.",134079,1,"Private, nonprofit",5,Lakeland,28.032443,-81.948203,12,14,66112.0,0.4608177172,21.0,1,115729.99999999993,111100.75,Florida Southern College,106,4629.249999999927,18,high,0.041667135460381026,0.0412735945366297
5202,"Business Administration, Management and Operations.",134079,2,"Private, nonprofit",3,Lakeland,28.032443,-81.948203,12,14,66112.0,0.4608177172,21.0,1,65104.00000000004,64524.574,Florida Southern College,118,579.4257812500364,58,high,0.008979924133798667,0.00890510918856753
5202,"Business Administration, Management and Operations.",134079,2,"Private, nonprofit",5,Lakeland,28.032443,-81.948203,12,14,66112.0,0.4608177172,21.0,1,96708.00000000003,87199.73,Florida Southern College,40,9508.27343750003,35,high,0.1090401749217071,0.10583808863458757
5203,Accounting and Related Services.,134079,2,"Private, nonprofit",3,Lakeland,28.032443,-81.948203,12,14,66112.0,0.4608177172,21.0,1,72480.0,68591.984,Florida Southern College,43,3888.015625,24,high,0.05668323580994226,0.05515176634752781
0301,Natural Resources Conservation and Research.,134097,1,Public,3,Tallahassee,30.443147,-84.295064,12,15,43729.0,0.5975318884,20.0,1,54287.99999999996,56207.086,Florida State University,188,-1919.0859375000364,9,medium,-0.03414313169755824,-0.033978045497850565
0901,Communication and Media Studies.,134097,0,Public,4,Tallahassee,30.443147,-84.295064,12,15,43729.0,0.5975318884,20.0,1,68613.00000000004,78320.09,Florida State University,24,-9707.093749999956,1,low,-0.12394129380111929,-0.11744135228514377
0907,"Radio, Television, and Digital Communication.",134097,1,Public,3,Tallahassee,30.443147,-84.295064,12,15,43729.0,0.5975318884,20.0,1,60876.00000000002,62481.0,Florida State University,212,-1604.9999999999782,7,medium,-0.025687809093964217,-0.025579835512935727
0909,"Public Relations, Advertising, and Applied Communication.",134097,1,Public,3,Tallahassee,30.443147,-84.295064,12,15,43729.0,0.5975318884,20.0,1,65941.0,62529.28,Florida State University,121,3411.71875,11,medium,0.05456193773217248,0.054120516551736955
0909,"Public Relations, Advertising, and Applied Communication.",134097,2,Public,5,Tallahassee,30.443147,-84.295064,12,15,43729.0,0.5975318884,20.0,1,77547.00000000006,70211.44,Florida State University,51,7335.562500000058,2,low,0.10447816995628466,0.1021611190469713
1101,"Computer and Information Sciences, General.",134097,1,Public,3,Tallahassee,30.443147,-84.295064,12,15,43729.0,0.5975318884,20.0,1,93727.00000000004,104403.04,Florida State University,409,-10676.039062499956,19,high,-0.10225793385294882,-0.10205741076735365
1101,"Computer and Information Sciences, General.",134097,2,Public,5,Tallahassee,30.443147,-84.295064,12,15,43729.0,0.5975318884,20.0,1,126240.00000000001,92161.28,Florida State University,76,34078.718750000015,5,low,0.3697726234681662,0.3646194831628712
1104,Information Science/Studies.,134097,2,Public,5,Tallahassee,30.443147,-84.295064,12,15,43729.0,0.5975318884,20.0,1,55517.999999999956,84251.31,Florida State University,129,-28733.312500000044,5,low,-0.3410429066016039,-0.33848280309434875
1303,Curriculum and Instruction.,134097,2,Public,5,Tallahassee,30.443147,-84.295064,12,15,43729.0,0.5975318884,20.0,1,56672.00000000004,63526.273,Florida State University,72,-6854.273437499964,7,medium,-0.10789667119768179,-0.106295031855053
1304,Educational Administration and Supervision.,134097,0,Public,1,Tallahassee,30.443147,-84.295064,12,15,43729.0,0.5975318884,20.0,1,64341.99999999999,68997.91,Florida State University,22,-4655.906250000007,1,low,-0.06747894976885632,-0.06358069675437095
1304,Educational Administration and Supervision.,134097,2,Public,5,Tallahassee,30.443147,-84.295064,12,15,43729.0,0.5975318884,20.0,1,66020.00000000004,73775.8,Florida State University,55,-7755.796874999956,20,high,-0.10512657542880599,-0.1029908437078475
1304,Educational Administration and Supervision.,134097,2,Public,6,Tallahassee,30.443147,-84.295064,12,15,43729.0,0.5975318884,20.0,1,102524.00000000007,87333.055,Florida State University,36,15190.945312500073,5,low,0.1739426768805598,0.16817784208901773
1304,Educational Administration and Supervision.,134097,3,Public,8,Tallahassee,30.443147,-84.295064,12,15,43729.0,0.5975318884,20.0,1,74682.00000000004,69959.59,Florida State University,21,4722.406250000044,1,low,0.06750191070113302,0.0633966422382652
1305,Educational/Instructional Media Design.,134097,2,Public,5,Tallahassee,30.443147,-84.295064,12,15,43729.0,0.5975318884,20.0,1,77040.99999999999,71273.93,Florida State University,31,5767.070312499985,4,low,0.08091416227203496,0.07773363069511235
1310,Special Education and Teaching.,134097,1,Public,3,Tallahassee,30.443147,-84.295064,12,15,43729.0,0.5975318884,20.0,1,57573.00000000004,55688.945,Florida State University,40,1884.0546875000364,6,medium,0.03383175380549251,0.032838246641664535
1311,Student Counseling and Personnel Services.,134097,2,Public,5,Tallahassee,30.443147,-84.295064,12,15,43729.0,0.5975318884,20.0,1,59114.00000000003,57865.22,Florida State University,37,1248.781250000029,9,medium,0.02158086112825814,0.0208877357750044
1311,Student Counseling and Personnel Services.,134097,2,Public,8,Tallahassee,30.443147,-84.295064,12,15,43729.0,0.5975318884,20.0,1,58256.00000000003,61758.438,Florida State University,37,-3502.437499999971,1,low,-0.056711886533722146,-0.05489043714142234
1312,"Teacher Education and Professional Development, Specific Levels and Methods.",134097,1,Public,3,Tallahassee,30.443147,-84.295064,12,15,43729.0,0.5975318884,20.0,1,51862.99999999998,56931.934,Florida State University,96,-5068.933593750022,24,high,-0.08903498043682273,-0.08809071292019569
1313,"Teacher Education and Professional Development, Specific Subject Areas.",134097,1,Public,3,Tallahassee,30.443147,-84.295064,12,15,43729.0,0.5975318884,20.0,1,57287.000000000015,60325.44,Florida State University,85,-3038.4414062499854,11,medium,-0.05036749562739525,-0.04975162643390237
1313,"Teacher Education and Professional Development, Specific Subject Areas.",134097,2,Public,5,Tallahassee,30.443147,-84.295064,12,15,43729.0,0.5975318884,20.0,1,66410.99999999994,67618.4,Florida State University,48,-1207.3984375000582,8,medium,-0.017856063813993794,-0.017431236575178356
1313,"Teacher Education and Professional Development, Specific Subject Areas.",134097,1,Public,6,Tallahassee,30.443147,-84.295064,12,15,43729.0,0.5975318884,20.0,1,70860.00000000004,66065.125,Florida State University,24,4794.875000000044,2,low,0.07257800541511189,0.06877174540219502
1408,Civil Engineering.,134097,1,Public,3,Tallahassee,30.443147,-84.295064,12,15,43729.0,0.5975318884,20.0,1,84340.00000000004,77827.414,Florida State University,103,6512.585937500044,8,medium,0.08367984489719847,0.08286250561685017
1409,Computer Engineering.,134097,1,Public,3,Tallahassee,30.443147,-84.295064,12,15,43729.0,0.5975318884,20.0,1,114802.00000000009,104718.94,Florida State University,22,10083.062500000087,13,medium,0.0962869060813388,0.09072441995532791
1410,"Electrical, Electronics, and Communications Engineering.",134097,1,Public,3,Tallahassee,30.443147,-84.295064,12,15,43729.0,0.5975318884,20.0,1,93740.00000000004,95170.35,Florida State University,45,-1430.3515624999563,10,medium,-0.0150293819347785,-0.014644086194340931
1419,Mechanical Engineering.,134097,1,Public,3,Tallahassee,30.443147,-84.295064,12,15,43729.0,0.5975318884,20.0,1,89622.00000000007,95910.914,Florida State University,129,-6288.914062499927,12,medium,-0.06557036937841901,-0.06507815291718118
1435,Industrial Engineering.,134097,1,Public,3,Tallahassee,30.443147,-84.295064,12,15,43729.0,0.5975318884,20.0,1,96504.00000000004,85153.68,Florida State University,33,11350.320312500044,4,low,0.13329218836054826,0.12841271558301973
1907,"Human Development, Family Studies, and Related Services.",134097,1,Public,3,Tallahassee,30.443147,-84.295064,12,15,43729.0,0.5975318884,20.0,1,62662.999999999985,49928.055,Florida State University,185,12734.945312499985,2,low,0.25506592219961477,0.25380929045782924
2201,Law.,134097,1,Public,7,Tallahassee,30.443147,-84.295064,12,15,43729.0,0.5975318884,20.0,1,98060.00000000007,99050.36,Florida State University,294,-990.3593749999272,8,medium,-0.009998543985594976,-0.009969808962817382
2202,Legal Research and Advanced Professional Studies.,134097,0,Public,4,Tallahassee,30.443147,-84.295064,12,15,43729.0,0.5975318884,20.0,1,143941.99999999997,97947.93,Florida State University,20,45994.07031249997,1,low,0.4695767481685698,0.4394441310342768
2301,"English Language and Literature, General.",134097,1,Public,3,Tallahassee,30.443147,-84.295064,12,15,43729.0,0.5975318884,20.0,1,52601.99999999999,57532.92,Florida State University,468,-4930.921875000007,11,medium,-0.08570609164807011,-0.08556223289782
2301,"English Language and Literature, General.",134097,1,Public,6,Tallahassee,30.443147,-84.295064,12,15,43729.0,0.5975318884,20.0,1,60363.000000000015,79500.21,Florida State University,23,-19137.210937499985,1,low,-0.24071899573379651,-0.22748194857228526
2401,"Liberal Arts and Sciences, General Studies and Humanities.",134097,0,Public,1,Tallahassee,30.443147,-84.295064,12,15,43729.0,0.5975318884,20.0,1,58691.00000000001,70104.31,Florida State University,38,-11413.312499999993,1,low,-0.16280471333343427,-0.1577334108320279
2401,"Liberal Arts and Sciences, General Studies and Humanities.",134097,1,Public,3,Tallahassee,30.443147,-84.295064,12,15,43729.0,0.5975318884,20.0,1,51587.000000000044,57988.414,Florida State University,107,-6401.414062499956,12,medium,-0.11039125946090718,-0.10936001703276169
2601,"Biology, General.",134097,1,Public,3,Tallahassee,30.443147,-84.295064,12,15,43729.0,0.5975318884,20.0,1,51256.00000000004,56263.93,Florida State University,195,-5007.929687499964,24,high,-0.08900781931363322,-0.08859541565359479
2609,"Physiology, Pathology and Related Sciences.",134097,1,Public,3,Tallahassee,30.443147,-84.295064,12,15,43729.0,0.5975318884,20.0,1,61342.0,54527.773,Florida State University,137,6814.2265625,4,low,0.12496799581062117,0.12409362236099565
2609,"Physiology, Pathology and Related Sciences.",134097,1,Public,5,Tallahassee,30.443147,-84.295064,12,15,43729.0,0.5975318884,20.0,1,78502.00000000003,67266.45,Florida State University,24,11235.54687500003,3,low,0.16703046396873672,0.15827076642253246
2701,Mathematics.,134097,1,Public,3,Tallahassee,30.443147,-84.295064,12,15,43729.0,0.5975318884,20.0,1,68130.99999999997,64937.812,Florida State University,52,3193.187499999971,6,medium,0.049173006867146485,0.048106774871904144
3103,"Parks, Recreation, and Leisure Facilities Management.",134097,1,Public,3,Tallahassee,30.443147,-84.295064,12,15,43729.0,0.5975318884,20.0,1,48259.999999999956,61887.438,Florida State University,25,-13627.437500000044,4,low,-0.22019715228959097,-0.2091642482156996
3105,"Sports, Kinesiology, and Physical Education/Fitness.",134097,1,Public,3,Tallahassee,30.443147,-84.295064,12,15,43729.0,0.5975318884,20.0,1,60908.999999999985,58243.145,Florida State University,138,2665.8554687499854,18,high,0.0457711459469644,0.04545360640318749
3105,"Sports, Kinesiology, and Physical Education/Fitness.",134097,1,Public,5,Tallahassee,30.443147,-84.295064,12,15,43729.0,0.5975318884,20.0,1,60831.99999999995,76645.734,Florida State University,54,-15813.734375000051,6,medium,-0.20632243273486217,-0.20204049999173124
3801,Philosophy.,134097,1,Public,3,Tallahassee,30.443147,-84.295064,12,15,43729.0,0.5975318884,20.0,1,47153.00000000002,55127.62,Florida State University,42,-7974.621093749978,4,low,-0.14465745003196023,-0.14064156534097677
4005,Chemistry.,134097,1,Public,3,Tallahassee,30.443147,-84.295064,12,15,43729.0,0.5975318884,20.0,1,66724.0,62924.047,Florida State University,32,3799.953125,4,low,0.06038952218932597,0.058099943826302854
4005,Chemistry.,134097,1,Public,5,Tallahassee,30.443147,-84.295064,12,15,43729.0,0.5975318884,20.0,1,94513.00000000003,75371.72,Florida State University,20,19141.28125000003,1,low,0.25395840200340436,0.237661957757706
4005,Chemistry.,134097,1,Public,6,Tallahassee,30.443147,-84.295064,12,15,43729.0,0.5975318884,20.0,1,94387.0,97578.72,Florida State University,21,-3191.71875,2,low,-0.03270916846302616,-0.03071989265819123
4201,"Psychology, General.",134097,1,Public,3,Tallahassee,30.443147,-84.295064,12,15,43729.0,0.5975318884,20.0,1,54728.00000000003,58320.01,Florida State University,666,-3592.011718749971,29,high,-0.06159140941316258,-0.061522509555089366
4201,"Psychology, General.",134097,1,Public,5,Tallahassee,30.443147,-84.295064,12,15,43729.0,0.5975318884,20.0,1,69669.00000000001,69244.17,Florida State University,34,424.82812500001455,4,low,0.006135218510041782,0.005918147065806436
4201,"Psychology, General.",134097,1,Public,6,Tallahassee,30.443147,-84.295064,12,15,43729.0,0.5975318884,20.0,1,99239.00000000009,90866.32,Florida State University,24,8372.679687500087,3,low,0.09214282760329079,0.08731051569036967
4301,Criminal Justice and Corrections.,134097,1,Public,3,Tallahassee,30.443147,-84.295064,12,15,43729.0,0.5975318884,20.0,1,57417.00000000003,61257.61,Florida State University,593,-3840.609374999971,23,high,-0.06269603750758468,-0.06261590190008132
4301,Criminal Justice and Corrections.,134097,2,Public,5,Tallahassee,30.443147,-84.295064,12,15,43729.0,0.5975318884,20.0,1,72704.99999999997,74550.96,Florida State University,85,-1845.960937500029,10,medium,-0.02476106161861006,-0.024458295422690908
4304,Security Science and Technology.,134097,1,Public,3,Tallahassee,30.443147,-84.295064,12,15,43729.0,0.5975318884,20.0,1,93840.99999999993,68367.59,Florida State University,49,25473.406249999927,4,low,0.3725947463230696,0.3639392881318778
4399,"Homeland Security, Law Enforcement, Firefighting and Related Protective Services, Other.",134097,0,Public,1,Tallahassee,30.443147,-84.295064,12,15,43729.0,0.5975318884,20.0,1,62145.000000000015,75788.625,Florida State University,25,-13643.624999999985,1,low,-0.18002206795544826,-0.1710021229367047
4404,Public Administration.,134097,0,Public,1,Tallahassee,30.443147,-84.295064,12,15,43729.0,0.5975318884,20.0,1,67522.00000000003,69521.49,Florida State University,160,-1999.492187499971,1,low,-0.0287607777765662,-0.028592917803019962
4404,Public Administration.,134097,2,Public,5,Tallahassee,30.443147,-84.295064,12,15,43729.0,0.5975318884,20.0,1,79920.99999999994,75715.66,Florida State University,46,4205.343749999942,10,medium,0.055541270567802045,0.05415313036361884
4407,Social Work.,134097,1,Public,3,Tallahassee,30.443147,-84.295064,12,15,43729.0,0.5975318884,20.0,1,50723.00000000001,53665.97,Florida State University,114,-2942.9687499999927,12,medium,-0.0548386401764152,-0.05436295407658019
4407,Social Work.,134097,0,Public,4,Tallahassee,30.443147,-84.295064,12,15,43729.0,0.5975318884,20.0,1,57834.99999999998,63442.78,Florida State University,27,-5607.781250000022,1,low,-0.08839116349427102,-0.08432899309529
4407,Social Work.,134097,0,Public,5,Tallahassee,30.443147,-84.295064,12,15,43729.0,0.5975318884,20.0,1,60003.000000000015,63863.34,Florida State University,76,-3860.3398437499854,9,medium,-0.060446883191433626,-0.059604497221424
4501,"Social Sciences, General.",134097,1,Public,3,Tallahassee,30.443147,-84.295064,12,15,43729.0,0.5975318884,20.0,1,58459.999999999985,55696.918,Florida State University,327,2763.0820312499854,5,low,0.0496092446767032,0.049483217559695224
4502,Anthropology.,134097,1,Public,3,Tallahassee,30.443147,-84.295064,12,15,43729.0,0.5975318884,20.0,1,42791.0,52234.81,Florida State University,40,-9443.80859375,7,medium,-0.1807953134699525,-0.17548605755163352
4506,Economics.,134097,1,Public,3,Tallahassee,30.443147,-84.295064,12,15,43729.0,0.5975318884,20.0,1,73526.99999999994,77814.945,Florida State University,332,-4287.945312500058,8,medium,-0.05510439280372087,-0.05496684563487486
4506,Economics.,134097,1,Public,5,Tallahassee,30.443147,-84.295064,12,15,43729.0,0.5975318884,20.0,1,101636.0,91787.89,Florida State University,38,9848.109375,1,low,0.10729203283725641,0.10394992840202313
4507,Geography and Cartography.,134097,1,Public,3,Tallahassee,30.443147,-84.295064,12,15,43729.0,0.5975318884,20.0,1,52536.99999999997,61966.336,Florida State University,32,-9429.33593750003,4,low,-0.1521686863494813,-0.14639943832160066
4507,Geography and Cartography.,134097,1,Public,5,Tallahassee,30.443147,-84.295064,12,15,43729.0,0.5975318884,20.0,1,69640.99999999997,73541.39,Florida State University,35,-3900.390625000029,1,low,-0.053036672163146614,-0.051221322637625445
4509,International Relations and National Security Studies.,134097,1,Public,3,Tallahassee,30.443147,-84.295064,12,15,43729.0,0.5975318884,20.0,1,63984.000000000015,62308.67,Florida State University,361,1675.3281250000146,6,medium,0.0268875595416471,0.026826647187589973
4509,International Relations and National Security Studies.,134097,1,Public,5,Tallahassee,30.443147,-84.295064,12,15,43729.0,0.5975318884,20.0,1,71828.99999999999,78069.305,Florida State University,33,-6240.304687500015,2,low,-0.07993288415311293,-0.07700675369451887
4510,Political Science and Government.,134097,1,Public,3,Tallahassee,30.443147,-84.295064,12,15,43729.0,0.5975318884,20.0,1,68058.99999999997,61966.336,Florida State University,390,6092.664062499971,14,medium,0.09832216106250184,0.09811846045741471
4510,Political Science and Government.,134097,1,Public,5,Tallahassee,30.443147,-84.295064,12,15,43729.0,0.5975318884,20.0,1,76607.99999999994,73541.39,Florida State University,33,3066.609374999942,1,low,0.04169909419631595,0.0401726011776242
4511,Sociology.,134097,1,Public,3,Tallahassee,30.443147,-84.295064,12,15,43729.0,0.5975318884,20.0,1,50611.99999999998,56522.613,Florida State University,240,-5910.613281250022,12,medium,-0.1045707715572083,-0.10419033177324442
5004,Design and Applied Arts.,134097,1,Public,3,Tallahassee,30.443147,-84.295064,12,15,43729.0,0.5975318884,20.0,1,73887.99999999999,55606.688,Florida State University,46,18281.312499999985,7,medium,0.3287610415563773,0.32054433324761716
5005,Drama/Theatre Arts and Stagecraft.,134097,1,Public,3,Tallahassee,30.443147,-84.295064,12,15,43729.0,0.5975318884,20.0,1,44115.00000000004,42496.984,Florida State University,76,1618.0156250000364,11,medium,0.03807365743231131,0.03754306407241286
5005,Drama/Theatre Arts and Stagecraft.,134097,1,Public,5,Tallahassee,30.443147,-84.295064,12,15,43729.0,0.5975318884,20.0,1,58723.99999999999,68053.92,Florida State University,40,-9329.921875000007,1,low,-0.13709602059580064,-0.13307004312571977
5006,Film/Video and Photographic Arts.,134097,1,Public,3,Tallahassee,30.443147,-84.295064,12,15,43729.0,0.5975318884,20.0,1,46180.00000000003,44048.88,Florida State University,31,2131.121093750029,7,medium,0.04838082481703408,0.04647909665564249
5006,Film/Video and Photographic Arts.,134097,1,Public,5,Tallahassee,30.443147,-84.295064,12,15,43729.0,0.5975318884,20.0,1,44277.0,64637.527,Florida State University,28,-20360.52734375,2,low,-0.3149954551242394,-0.30110085157341593
5007,Fine and Studio Arts.,134097,1,Public,3,Tallahassee,30.443147,-84.295064,12,15,43729.0,0.5975318884,20.0,1,41066.99999999999,44932.656,Florida State University,151,-3865.6562500000073,12,medium,-0.08603222183197788,-0.0854949717412672
5007,Fine and Studio Arts.,134097,1,Public,5,Tallahassee,30.443147,-84.295064,12,15,43729.0,0.5975318884,20.0,1,44914.0,55175.266,Florida State University,27,-10261.265625,2,low,-0.1859758264643606,-0.17742898233057428
5009,Music.,134097,1,Public,3,Tallahassee,30.443147,-84.295064,12,15,43729.0,0.5975318884,20.0,1,44454.00000000004,47990.164,Florida State University,75,-3536.1640624999636,10,medium,-0.07368518386173133,-0.07264230006211753
5009,Music.,134097,1,Public,5,Tallahassee,30.443147,-84.295064,12,15,43729.0,0.5975318884,20.0,1,50069.000000000044,65006.957,Florida State University,45,-14937.957031249956,4,low,-0.22979012883296498,-0.2238991907878639
5009,Music.,134097,1,Public,6,Tallahassee,30.443147,-84.295064,12,15,43729.0,0.5975318884,20.0,1,60076.00000000001,65414.49,Florida State University,38,-5338.488281249993,1,low,-0.08161018180402374,-0.07906805688239851
5102,Communication Disorders Sciences and Services.,134097,0,Public,1,Tallahassee,30.443147,-84.295064,12,15,43729.0,0.5975318884,20.0,1,61572.99999999997,62893.92,Florida State University,55,-1320.921875000029,1,low,-0.02100237726668288,-0.02057569692290654
5102,Communication Disorders Sciences and Services.,134097,1,Public,3,Tallahassee,30.443147,-84.295064,12,15,43729.0,0.5975318884,20.0,1,67180.00000000001,58466.305,Florida State University,83,8713.695312500015,5,low,0.14903790070322315,0.1471641027230776
5102,Communication Disorders Sciences and Services.,134097,2,Public,5,Tallahassee,30.443147,-84.295064,12,15,43729.0,0.5975318884,20.0,1,59810.99999999996,69729.055,Florida State University,75,-9918.054687500036,8,medium,-0.14223704497284687,-0.14022393050216206
5109,"Allied Health Diagnostic, Intervention, and Treatment Professions.",134097,1,Public,3,Tallahassee,30.443147,-84.295064,12,15,43729.0,0.5975318884,20.0,1,57647.00000000002,65322.348,Florida State University,20,-7675.347656249978,7,medium,-0.1174995683964155,-0.10995965181889608
5112,Medicine.,134097,1,Public,7,Tallahassee,30.443147,-84.295064,12,15,43729.0,0.5975318884,20.0,1,113354.99999999993,99944.766,Florida State University,183,13410.234374999927,7,medium,0.13417645527646838,0.13350697399867573
5115,Mental and Social Health Services and Allied Professions.,134097,2,Public,5,Tallahassee,30.443147,-84.295064,12,15,43729.0,0.5975318884,20.0,1,61023.99999999995,57934.297,Florida State University,264,3089.703124999949,12,medium,0.05333115773660538,0.05315748445454478
5122,Public Health.,134097,1,Public,5,Tallahassee,30.443147,-84.295064,12,15,43729.0,0.5975318884,20.0,1,71263.99999999994,83865.96,Florida State University,44,-12601.960937500058,11,medium,-0.1502631198239236,-0.14630962911965995
5123,Rehabilitation and Therapeutic Professions.,134097,1,Public,5,Tallahassee,30.443147,-84.295064,12,15,43729.0,0.5975318884,20.0,1,50363.99999999997,75186.29,Florida State University,32,-24822.28906250003,9,medium,-0.3301438250512143,-0.31762691597296105
5131,Dietetics and Clinical Nutrition Services.,134097,1,Public,3,Tallahassee,30.443147,-84.295064,12,15,43729.0,0.5975318884,20.0,1,60379.999999999985,60932.96,Florida State University,45,-552.9609375000146,4,low,-0.009074906733437691,-0.008842260911777476
5138,"Registered Nursing, Nursing Administration, Nursing Research and Clinical Nursing.",134097,1,Public,3,Tallahassee,30.443147,-84.295064,12,15,43729.0,0.5975318884,20.0,1,78811.00000000004,90451.41,Florida State University,104,-11640.406249999956,57,high,-0.12869237453121363,-0.12744950393668827
5138,"Registered Nursing, Nursing Administration, Nursing Research and Clinical Nursing.",134097,1,Public,5,Tallahassee,30.443147,-84.295064,12,15,43729.0,0.5975318884,20.0,1,162328.99999999985,114196.47,Florida State University,48,48132.531249999854,18,high,0.4214887883737636,0.4114608270032312
5138,"Registered Nursing, Nursing Administration, Nursing Research and Clinical Nursing.",134097,0,Public,6,Tallahassee,30.443147,-84.295064,12,15,43729.0,0.5975318884,20.0,1,117559.99999999994,140473.69,Florida State University,36,-22913.68750000006,8,medium,-0.16311729198395292,-0.15771123375376414
5201,"Business/Commerce, General.",134097,1,Public,3,Tallahassee,30.443147,-84.295064,12,15,43729.0,0.5975318884,20.0,1,74715.99999999999,73079.33,Florida State University,56,1636.6718749999854,9,medium,0.02239582542686363,0.021950266498461487
5201,"Business/Commerce, General.",134097,2,Public,5,Tallahassee,30.443147,-84.295064,12,15,43729.0,0.5975318884,20.0,1,107889.00000000007,87182.61,Florida State University,164,20706.390625000073,3,low,0.23750597479751187,0.23615918886319842
5202,"Business Administration, Management and Operations.",134097,1,Public,3,Tallahassee,30.443147,-84.295064,12,15,43729.0,0.5975318884,20.0,1,77319.99999999996,67954.37,Florida State University,245,9365.632812499956,58,high,0.13782238287435242,0.13733285235210604
5203,Accounting and Related Services.,134097,1,Public,3,Tallahassee,30.443147,-84.295064,12,15,43729.0,0.5975318884,20.0,1,91056.0,83051.02,Florida State University,223,8004.9765625,24,high,0.09638624825044018,0.09600428492296825
5203,Accounting and Related Services.,134097,0,Public,5,Tallahassee,30.443147,-84.295064,12,15,43729.0,0.5975318884,20.0,1,112610.99999999999,98933.01,Florida State University,102,13677.992187499985,19,high,0.1382550929152262,0.13688919292155283
5207,Entrepreneurial and Small Business Operations.,134097,1,Public,3,Tallahassee,30.443147,-84.295064,12,15,43729.0,0.5975318884,20.0,1,58824.000000000015,63471.105,Florida State University,23,-4647.105468749985,2,low,-0.07321607894537126,-0.06918995426407448
5208,Finance and Financial Management Services.,134097,1,Public,3,Tallahassee,30.443147,-84.295064,12,15,43729.0,0.5975318884,20.0,1,87089.00000000004,83813.19,Florida State University,585,3275.8125000000437,15,medium,0.039084690580465556,0.03903394817643507
5208,Finance and Financial Management Services.,134097,1,Public,5,Tallahassee,30.443147,-84.295064,12,15,43729.0,0.5975318884,20.0,1,101222.99999999991,121246.83,Florida State University,34,-20023.828125000087,6,medium,-0.16514929449829752,-0.15930611290459912
5209,Hospitality Administration/Management.,134097,1,Public,3,Tallahassee,30.443147,-84.295064,12,15,43729.0,0.5975318884,20.0,1,62673.00000000004,58406.168,Florida State University,192,4266.832031250036,7,medium,0.07305447660139232,0.0727098158402381
5212,Management Information Systems and Services.,134097,1,Public,3,Tallahassee,30.443147,-84.295064,12,15,43729.0,0.5975318884,20.0,1,103648.00000000006,69972.8,Florida State University,108,33675.20312500006,7,medium,0.4812613562547418,0.47681421128995694
5212,Management Information Systems and Services.,134097,3,Public,5,Tallahassee,30.443147,-84.295064,12,15,43729.0,0.5975318884,20.0,1,107902.99999999994,85927.27,Florida State University,20,21975.72656249994,9,medium,0.255747979464101,0.23933669850072942
5213,Management Sciences and Quantitative Methods.,134097,1,Public,3,Tallahassee,30.443147,-84.295064,12,15,43729.0,0.5975318884,20.0,1,94887.00000000004,63254.54,Florida State University,72,31632.460937500044,3,low,0.5000820716793922,0.49265875535596676
5214,Marketing.,134097,1,Public,3,Tallahassee,30.443147,-84.295064,12,15,43729.0,0.5975318884,20.0,1,84980.99999999994,70301.95,Florida State University,486,14679.046874999942,17,high,0.20879998666466554,0.2084644333075271
5215,Real Estate.,134097,1,Public,3,Tallahassee,30.443147,-84.295064,12,15,43729.0,0.5975318884,20.0,1,80900.0,81513.75,Florida State University,133,-613.75,2,low,-0.0075294045483124015,-0.007474866048911142
5401,History.,134097,1,Public,3,Tallahassee,30.443147,-84.295064,12,15,43729.0,0.5975318884,20.0,1,56833.999999999956,52522.086,Florida State University,82,4311.914062499956,9,medium,0.08209715942415213,0.08105025485782492
0301,Natural Resources Conservation and Research.,134130,1,Public,3,Gainesville,29.64629,-82.347911,12,16,39127.0,0.6673828964,21.0,1,62682.99999999996,59009.156,University of Florida,29,3673.8437499999636,9,medium,0.06225887613839528,0.05961939395391539
0402,Architecture.,134130,1,Public,3,Gainesville,29.64629,-82.347911,12,16,39127.0,0.6673828964,21.0,1,67399.00000000003,70341.26,University of Florida,86,-2942.257812499971,4,low,-0.04182833665475224,-0.041323825959576045
0402,Architecture.,134130,3,Public,5,Gainesville,29.64629,-82.347911,12,16,39127.0,0.6673828964,21.0,1,88820.00000000004,84295.83,University of Florida,56,4524.171875000044,4,low,0.05367017532933269,0.05260242161402604
0901,Communication and Media Studies.,134130,3,Public,5,Gainesville,29.64629,-82.347911,12,16,39127.0,0.6673828964,21.0,1,86822.99999999999,82112.02,University of Florida,98,4710.976562499985,3,low,0.05737255477677724,0.056778584686862275
0904,Journalism.,134130,3,Public,3,Gainesville,29.64629,-82.347911,12,16,39127.0,0.6673828964,21.0,1,58149.99999999997,65153.617,University of Florida,101,-7003.617187500029,6,medium,-0.10749391192425925,-0.10641960919722976
0907,"Radio, Television, and Digital Communication.",134130,3,Public,3,Gainesville,29.64629,-82.347911,12,16,39127.0,0.6673828964,21.0,1,62227.00000000003,63741.16,University of Florida,255,-1514.160156249971,7,medium,-0.023754825807033936,-0.023674285956052653
0909,"Public Relations, Advertising, and Applied Communication.",134130,3,Public,3,Gainesville,29.64629,-82.347911,12,16,39127.0,0.6673828964,21.0,1,69600.00000000004,66690.93,University of Florida,407,2909.0703125000437,11,medium,0.04362017932770393,0.04353415639018273
1101,"Computer and Information Sciences, General.",134130,3,Public,3,Gainesville,29.64629,-82.347911,12,16,39127.0,0.6673828964,21.0,1,126268.00000000001,97762.96,University of Florida,201,28505.039062500015,19,high,0.2915729923597888,0.29026892585807285
1105,Computer Systems Analysis.,134130,1,Public,5,Gainesville,29.64629,-82.347911,12,16,39127.0,0.6673828964,21.0,1,116724.9999999999,96555.19,University of Florida,84,20169.812499999898,3,low,0.2088941363197073,0.20630429844235293
1303,Curriculum and Instruction.,134130,3,Public,5,Gainesville,29.64629,-82.347911,12,16,39127.0,0.6673828964,21.0,1,66003.00000000006,68284.25,University of Florida,37,-2281.249999999942,7,medium,-0.03340814316624905,-0.032335153960858294
1303,Curriculum and Instruction.,134130,1,Public,6,Gainesville,29.64629,-82.347911,12,16,39127.0,0.6673828964,21.0,1,91306.00000000007,92335.39,University of Florida,42,-1029.3906249999272,2,low,-0.01114838652906741,-0.010838892377322329
1304,Educational Administration and Supervision.,134130,3,Public,6,Gainesville,29.64629,-82.347911,12,16,39127.0,0.6673828964,21.0,1,86490.0,97431.06,University of Florida,23,-10941.0625,5,low,-0.1122954242647205,-0.1061203410624881
1310,Special Education and Teaching.,134130,3,Public,5,Gainesville,29.64629,-82.347911,12,16,39127.0,0.6673828964,21.0,1,51699.99999999998,77835.66,University of Florida,47,-26135.656250000022,8,medium,-0.3357799947886997,-0.3275940916123361
1311,Student Counseling and Personnel Services.,134130,1,Public,5,Gainesville,29.64629,-82.347911,12,16,39127.0,0.6673828964,21.0,1,60270.00000000001,76492.164,University of Florida,40,-16222.164062499993,9,medium,-0.21207615526794657,-0.20584830256048237
1312,"Teacher Education and Professional Development, Specific Levels and Methods.",134130,1,Public,3,Gainesville,29.64629,-82.347911,12,16,39127.0,0.6673828964,21.0,1,53078.999999999985,59417.035,University of Florida,81,-6338.035156250015,24,high,-0.10667033687532161,-0.1052904276372612
1312,"Teacher Education and Professional Development, Specific Levels and Methods.",134130,1,Public,5,Gainesville,29.64629,-82.347911,12,16,39127.0,0.6673828964,21.0,1,55853.00000000002,75360.22,University of Florida,91,-19507.218749999978,7,medium,-0.25885300060915734,-0.2559304938641048
1313,"Teacher Education and Professional Development, Specific Subject Areas.",134130,1,Public,3,Gainesville,29.64629,-82.347911,12,16,39127.0,0.6673828964,21.0,1,55284.00000000004,62087.96,University of Florida,83,-6803.960937499964,11,medium,-0.10958583330428709,-0.10820805146403535
1313,"Teacher Education and Professional Development, Specific Subject Areas.",134130,1,Public,5,Gainesville,29.64629,-82.347911,12,16,39127.0,0.6673828964,21.0,1,62447.00000000003,70060.41,University of Florida,158,-7613.406249999971,8,medium,-0.1086691707557715,-0.10802554575819458
1402,"Aerospace, Aeronautical, and Astronautical/Space Engineering.",134130,1,Public,3,Gainesville,29.64629,-82.347911,12,16,39127.0,0.6673828964,21.0,1,94374.99999999996,83157.94,University of Florida,76,11217.062499999956,5,low,0.13488865690061103,0.13300885258172399
1402,"Aerospace, Aeronautical, and Astronautical/Space Engineering.",134130,3,Public,5,Gainesville,29.64629,-82.347911,12,16,39127.0,0.6673828964,21.0,1,108542.00000000003,103295.695,University of Florida,23,5246.304687500029,2,low,0.05078918992343686,0.04799631144593208
1405,Biomedical/Medical Engineering.,134130,1,Public,3,Gainesville,29.64629,-82.347911,12,16,39127.0,0.6673828964,21.0,1,88078.00000000006,74512.73,University of Florida,40,13565.273437500058,5,low,0.1820531077482682,0.17670691529886326
1408,Civil Engineering.,134130,1,Public,3,Gainesville,29.64629,-82.347911,12,16,39127.0,0.6673828964,21.0,1,86453.0,83482.13,University of Florida,141,2970.8671875,8,medium,0.035586862570611805,0.03534610574679718
1408,Civil Engineering.,134130,3,Public,5,Gainesville,29.64629,-82.347911,12,16,39127.0,0.6673828964,21.0,1,91116.0,96689.164,University of Florida,41,-5573.1640625,2,low,-0.05764000668055729,-0.055994784887168164
1409,Computer Engineering.,134130,1,Public,3,Gainesville,29.64629,-82.347911,12,16,39127.0,0.6673828964,21.0,1,128139.99999999999,100029.055,University of Florida,95,28110.945312499985,13,medium,0.2810278013755221,0.27801061187665366
1410,"Electrical, Electronics, and Communications Engineering.",134130,1,Public,3,Gainesville,29.64629,-82.347911,12,16,39127.0,0.6673828964,21.0,1,107542.99999999997,96127.4,University of Florida,128,11415.60156249997,10,medium,0.11875492053311058,0.1178553151431957
1410,"Electrical, Electronics, and Communications Engineering.",134130,3,Public,5,Gainesville,29.64629,-82.347911,12,16,39127.0,0.6673828964,21.0,1,121478.00000000003,102078.14,University of Florida,42,19399.85937500003,1,low,0.19004910606932432,0.1847730881702789
1419,Mechanical Engineering.,134130,1,Public,3,Gainesville,29.64629,-82.347911,12,16,39127.0,0.6673828964,21.0,1,97113.00000000004,93653.24,University of Florida,287,3459.7578125000437,12,medium,0.03694221077336948,0.036833030674699875
1419,Mechanical Engineering.,134130,3,Public,5,Gainesville,29.64629,-82.347911,12,16,39127.0,0.6673828964,21.0,1,109892.99999999991,100152.95,University of Florida,58,9740.046874999913,2,low,0.09725171920635678,0.09539429771860182
1419,Mechanical Engineering.,134130,1,Public,6,Gainesville,29.64629,-82.347911,12,16,39127.0,0.6673828964,21.0,1,106068.00000000003,126277.45,University of Florida,21,-20209.45312499997,1,low,-0.1600400754439905,-0.15030690689081982
1427,Systems Engineering.,134130,1,Public,3,Gainesville,29.64629,-82.347911,12,16,39127.0,0.6673828964,21.0,1,122299.00000000001,90786.375,University of Florida,103,31512.625000000015,1,low,0.3471074266375325,0.34371706980023187
1427,Systems Engineering.,134130,3,Public,5,Gainesville,29.64629,-82.347911,12,16,39127.0,0.6673828964,21.0,1,137191.00000000006,132982.34,University of Florida,50,4208.656250000058,4,low,0.03164823337684675,0.030930053576527738
1510,Construction Engineering Technology/Technician.,134130,1,Public,3,Gainesville,29.64629,-82.347911,12,16,39127.0,0.6673828964,21.0,1,109138.99999999996,91689.72,University of Florida,74,17449.281249999956,5,low,0.190307937333486,0.18757190971532509
1907,"Human Development, Family Studies, and Related Services.",134130,1,Public,3,Gainesville,29.64629,-82.347911,12,16,39127.0,0.6673828964,21.0,1,51496.99999999999,54048.668,University of Florida,95,-2551.6679687500073,2,low,-0.047210561603948084,-0.046703696411216584
2201,Law.,134130,1,Public,7,Gainesville,29.64629,-82.347911,12,16,39127.0,0.6673828964,21.0,1,114495.99999999991,113382.05,University of Florida,536,1113.9531249999127,8,medium,0.00982477522414117,0.009810670052801238
2202,Legal Research and Advanced Professional Studies.,134130,1,Public,5,Gainesville,29.64629,-82.347911,12,16,39127.0,0.6673828964,21.0,1,142291.00000000006,114920.15,University of Florida,72,27370.85156250006,3,low,0.23817278288137486,0.23463729939359151
2301,"English Language and Literature, General.",134130,1,Public,3,Gainesville,29.64629,-82.347911,12,16,39127.0,0.6673828964,21.0,1,49045.99999999996,57293.43,University of Florida,157,-8247.429687500036,11,medium,-0.14395070660780185,-0.1430917703526193
2601,"Biology, General.",134130,3,Public,3,Gainesville,29.64629,-82.347911,12,16,39127.0,0.6673828964,21.0,1,53645.000000000044,59584.32,University of Florida,198,-5939.320312499956,24,high,-0.0996792491942543,-0.09922554847622855
2609,"Physiology, Pathology and Related Sciences.",134130,1,Public,3,Gainesville,29.64629,-82.347911,12,16,39127.0,0.6673828964,21.0,1,73679.00000000004,51713.723,University of Florida,124,21965.277343750044,4,low,0.4247475566544883,0.4214082588386613
2609,"Physiology, Pathology and Related Sciences.",134130,3,Public,5,Gainesville,29.64629,-82.347911,12,16,39127.0,0.6673828964,21.0,1,60313.0,82903.44,University of Florida,29,-22590.4375,3,low,-0.2724909627541078,-0.2609386334119839
2701,Mathematics.,134130,1,Public,3,Gainesville,29.64629,-82.347911,12,16,39127.0,0.6673828964,21.0,1,93021.99999999993,73193.99,University of Florida,59,19828.007812499927,6,medium,0.2708966572243635,0.26582467524608955
3103,"Parks, Recreation, and Leisure Facilities Management.",134130,3,Public,3,Gainesville,29.64629,-82.347911,12,16,39127.0,0.6673828964,21.0,1,64496.99999999995,57517.285,University of Florida,64,6979.714843749949,4,low,0.1213498659540177,0.11928322054800812
3105,"Sports, Kinesiology, and Physical Education/Fitness.",134130,3,Public,3,Gainesville,29.64629,-82.347911,12,16,39127.0,0.6673828964,21.0,1,60496.99999999995,60111.695,University of Florida,133,385.30468749994907,18,high,0.00640981235842514,0.006363383514652825
3105,"Sports, Kinesiology, and Physical Education/Fitness.",134130,3,Public,5,Gainesville,29.64629,-82.347911,12,16,39127.0,0.6673828964,21.0,1,68985.99999999994,77664.14,University of Florida,80,-8678.140625000058,6,medium,-0.11173935042817656,-0.1102727301458171
3801,Philosophy.,134130,1,Public,3,Gainesville,29.64629,-82.347911,12,16,39127.0,0.6673828964,21.0,1,52655.99999999997,56530.918,University of Florida,44,-3874.917968750029,4,low,-0.0685451096140357,-0.06674165675082237
4005,Chemistry.,134130,1,Public,3,Gainesville,29.64629,-82.347911,12,16,39127.0,0.6673828964,21.0,1,56179.00000000002,66230.086,University of Florida,42,-10051.085937499978,4,low,-0.1517601222348554,-0.14754705784411656
4005,Chemistry.,134130,1,Public,6,Gainesville,29.64629,-82.347911,12,16,39127.0,0.6673828964,21.0,1,100760.99999999994,101318.45,University of Florida,30,-557.4531250000582,2,low,-0.005501990089725407,-0.005277519519893674
4201,"Psychology, General.",134130,3,Public,3,Gainesville,29.64629,-82.347911,12,16,39127.0,0.6673828964,21.0,1,57052.999999999956,56461.2,University of Florida,323,591.8007812499563,29,high,0.010481548203698574,0.01045453841055307
4201,"Psychology, General.",134130,1,Public,6,Gainesville,29.64629,-82.347911,12,16,39127.0,0.6673828964,21.0,1,103154.00000000003,107306.0,University of Florida,35,-4151.999999999971,3,low,-0.03869308333177987,-0.037368688953278384
4302,Fire Protection.,134130,3,Public,3,Gainesville,29.64629,-82.347911,12,16,39127.0,0.6673828964,21.0,1,97838.99999999997,87269.28,University of Florida,30,10569.71874999997,2,low,0.12111614302999626,0.11617483830236056
4502,Anthropology.,134130,3,Public,3,Gainesville,29.64629,-82.347911,12,16,39127.0,0.6673828964,21.0,1,47348.0,52328.047,University of Florida,140,-4980.046875,7,medium,-0.09516974495333674,-0.0945205118020828
4504,Criminology.,134130,3,Public,3,Gainesville,29.64629,-82.347911,12,16,39127.0,0.6673828964,21.0,1,57952.999999999956,64282.336,University of Florida,216,-6329.335937500044,7,medium,-0.09846151116309601,-0.09805656089715757
4506,Economics.,134130,1,Public,3,Gainesville,29.64629,-82.347911,12,16,39127.0,0.6673828964,21.0,1,89075.00000000001,80061.03,University of Florida,197,9013.968750000015,8,medium,0.11258871649870254,0.11207322334053642
4507,Geography and Cartography.,134130,1,Public,3,Gainesville,29.64629,-82.347911,12,16,39127.0,0.6673828964,21.0,1,67276.00000000001,67646.98,University of Florida,34,-370.97656249998545,4,low,-0.0054840080274280245,-0.005289977196942751
4510,Political Science and Government.,134130,1,Public,3,Gainesville,29.64629,-82.347911,12,16,39127.0,0.6673828964,21.0,1,70434.0,69682.19,University of Florida,283,751.8125,14,medium,0.010789163299444352,0.010756752909437917
4511,Sociology.,134130,3,Public,3,Gainesville,29.64629,-82.347911,12,16,39127.0,0.6673828964,21.0,1,51038.99999999999,58131.27,University of Florida,174,-7092.269531250007,12,medium,-0.12200438057588558,-0.12135873736254082
5001,"Visual and Performing Arts, General.",134130,3,Public,3,Gainesville,29.64629,-82.347911,12,16,39127.0,0.6673828964,21.0,1,47545.99999999998,53902.324,University of Florida,55,-6356.324218750022,5,low,-0.11792300816110199,-0.1155273065211197
5004,Design and Applied Arts.,134130,1,Public,3,Gainesville,29.64629,-82.347911,12,16,39127.0,0.6673828964,21.0,1,65655.99999999994,61704.8,University of Florida,50,3951.199218749942,7,medium,0.06403390285234625,0.06258080893027637
5005,Drama/Theatre Arts and Stagecraft.,134130,1,Public,3,Gainesville,29.64629,-82.347911,12,16,39127.0,0.6673828964,21.0,1,41707.000000000015,54287.332,University of Florida,55,-12580.332031249985,11,medium,-0.23173605260262622,-0.2270281465720687
5007,Fine and Studio Arts.,134130,1,Public,3,Gainesville,29.64629,-82.347911,12,16,39127.0,0.6673828964,21.0,1,39332.000000000015,54456.164,University of Florida,83,-15124.164062499985,12,medium,-0.2777309845978464,-0.2742391764369171
5009,Music.,134130,1,Public,3,Gainesville,29.64629,-82.347911,12,16,39127.0,0.6673828964,21.0,1,61445.999999999985,39553.223,University of Florida,28,21892.777343749985,10,medium,0.5535017344608354,0.529086502304571
5009,Music.,134130,1,Public,5,Gainesville,29.64629,-82.347911,12,16,39127.0,0.6673828964,21.0,1,59912.99999999999,74241.914,University of Florida,21,-14328.914062500007,4,low,-0.19300302589770676,-0.18126514726247847
5100,"Health Services/Allied Health/Health Sciences, General.",134130,1,Public,3,Gainesville,29.64629,-82.347911,12,16,39127.0,0.6673828964,21.0,1,74152.00000000006,66305.23,University of Florida,120,7846.773437500058,15,medium,0.11834321130180601,0.11737644403312096
5102,Communication Disorders Sciences and Services.,134130,3,Public,3,Gainesville,29.64629,-82.347911,12,16,39127.0,0.6673828964,21.0,1,65370.00000000006,58447.344,University of Florida,70,6922.656250000058,5,low,0.11844261528138408,0.11662565810288159
5102,Communication Disorders Sciences and Services.,134130,1,Public,5,Gainesville,29.64629,-82.347911,12,16,39127.0,0.6673828964,21.0,1,71170.00000000004,84758.305,University of Florida,41,-13588.304687499956,8,medium,-0.16031826896018525,-0.15574229603510428
5107,Health and Medical Administrative Services.,134130,1,Public,5,Gainesville,29.64629,-82.347911,12,16,39127.0,0.6673828964,21.0,1,107445.00000000004,118012.74,University of Florida,31,-10567.742187499956,12,medium,-0.08954746743118473,-0.08602758240981109
5109,"Allied Health Diagnostic, Intervention, and Treatment Professions.",134130,1,Public,5,Gainesville,29.64629,-82.347911,12,16,39127.0,0.6673828964,21.0,1,128417.0,93583.414,University of Florida,56,34833.5859375,9,medium,0.3722196533056196,0.3648144433302758
5109,"Allied Health Diagnostic, Intervention, and Treatment Professions.",134130,1,Public,7,Gainesville,29.64629,-82.347911,12,16,39127.0,0.6673828964,21.0,1,130026.00000000001,117826.18,University of Florida,50,12199.820312500015,1,low,0.10354082891303548,0.10119122124463305
5112,Medicine.,134130,1,Public,7,Gainesville,29.64629,-82.347911,12,16,39127.0,0.6673828964,21.0,1,104811.00000000006,130241.586,University of Florida,242,-25430.58593749994,7,medium,-0.1952570352583353,-0.19455349336771657
5115,Mental and Social Health Services and Allied Professions.,134130,1,Public,5,Gainesville,29.64629,-82.347911,12,16,39127.0,0.6673828964,21.0,1,59615.99999999999,69749.336,University of Florida,39,-10133.335937500007,12,medium,-0.14528218514625205,-0.14088975704088447
5122,Public Health.,134130,1,Public,3,Gainesville,29.64629,-82.347911,12,16,39127.0,0.6673828964,21.0,1,68605.00000000001,68307.31,University of Florida,219,297.68750000001455,12,medium,0.00435806195712962,0.004340423825806816
5122,Public Health.,134130,3,Public,5,Gainesville,29.64629,-82.347911,12,16,39127.0,0.6673828964,21.0,1,80454.99999999996,83117.18,University of Florida,109,-2662.1796875000437,11,medium,-0.03202923508123326,-0.031736439412383854
5123,Rehabilitation and Therapeutic Professions.,134130,1,Public,5,Gainesville,29.64629,-82.347911,12,16,39127.0,0.6673828964,21.0,1,80318.00000000007,78127.695,University of Florida,64,2190.3046875000728,9,medium,0.02803493279481951,0.027557484677240583
5123,Rehabilitation and Therapeutic Professions.,134130,1,Public,6,Gainesville,29.64629,-82.347911,12,16,39127.0,0.6673828964,21.0,1,85608.00000000006,84928.945,University of Florida,68,679.0546875000582,8,medium,0.007995562466971006,0.007868687912396543
5123,Rehabilitation and Therapeutic Professions.,134130,1,Public,7,Gainesville,29.64629,-82.347911,12,16,39127.0,0.6673828964,21.0,1,79728.99999999994,111135.92,University of Florida,56,-31406.92187500006,2,low,-0.2825991933582461,-0.2769769583497085
5138,"Registered Nursing, Nursing Administration, Nursing Research and Clinical Nursing.",134130,3,Public,3,Gainesville,29.64629,-82.347911,12,16,39127.0,0.6673828964,21.0,1,79839.00000000003,87956.59,University of Florida,266,-8117.593749999971,57,high,-0.09229090627443688,-0.09199298428720636
5138,"Registered Nursing, Nursing Administration, Nursing Research and Clinical Nursing.",134130,1,Public,6,Gainesville,29.64629,-82.347911,12,16,39127.0,0.6673828964,21.0,1,120248.00000000001,131825.6,University of Florida,77,-11577.593749999985,8,medium,-0.08782508328357129,-0.08661970253495284
5138,"Registered Nursing, Nursing Administration, Nursing Research and Clinical Nursing.",134130,3,Public,7,Gainesville,29.64629,-82.347911,12,16,39127.0,0.6673828964,21.0,1,136765.00000000006,118845.8,University of Florida,47,17919.20312500006,1,low,0.15077691930365172,0.14710116350579136
5202,"Business Administration, Management and Operations.",134130,3,Public,3,Gainesville,29.64629,-82.347911,12,16,39127.0,0.6673828964,21.0,1,82615.00000000006,73496.09,University of Florida,422,9118.906250000058,58,high,0.12407334573478687,0.12383867945041296
5202,"Business Administration, Management and Operations.",134130,3,Public,5,Gainesville,29.64629,-82.347911,12,16,39127.0,0.6673828964,21.0,1,137403.9999999999,94219.5,University of Florida,799,43184.49999999991,35,high,0.45833930343506296,0.4579231067309708
5203,Accounting and Related Services.,134130,1,Public,3,Gainesville,29.64629,-82.347911,12,16,39127.0,0.6673828964,21.0,1,94941.00000000001,85219.73,University of Florida,59,9721.273437500015,24,high,0.11407304188391698,0.11193725911505495
5203,Accounting and Related Services.,134130,1,Public,5,Gainesville,29.64629,-82.347911,12,16,39127.0,0.6673828964,21.0,1,107577.00000000001,108491.6,University of Florida,95,-914.6015624999854,19,high,-0.008430160024627348,-0.00833965157608386
5207,Entrepreneurial and Small Business Operations.,134130,1,Public,5,Gainesville,29.64629,-82.347911,12,16,39127.0,0.6673828964,21.0,1,73019.00000000006,85828.09,University of Florida,22,-12809.093749999942,3,low,-0.1492412704319201,-0.1406196153181446
5208,Finance and Financial Management Services.,134130,1,Public,3,Gainesville,29.64629,-82.347911,12,16,39127.0,0.6673828964,21.0,1,106153.00000000001,115136.586,University of Florida,233,-8983.585937499985,15,medium,-0.07802546744243899,-0.07773165603938863
5208,Finance and Financial Management Services.,134130,1,Public,5,Gainesville,29.64629,-82.347911,12,16,39127.0,0.6673828964,21.0,1,173874.9999999999,114741.42,University of Florida,32,59133.57812499991,6,medium,0.5153638255365215,0.495824577315051
5213,Management Sciences and Quantitative Methods.,134130,1,Public,3,Gainesville,29.64629,-82.347911,12,16,39127.0,0.6673828964,21.0,1,109220.00000000007,69705.65,University of Florida,83,39514.35156250007,3,low,0.5668744563495414,0.5597473550800526
5214,Marketing.,134130,1,Public,3,Gainesville,29.64629,-82.347911,12,16,39127.0,0.6673828964,21.0,1,92626.00000000007,72764.23,University of Florida,184,19861.773437500073,17,high,0.2729606892810168,0.2716073664436573
5215,Real Estate.,134130,1,Public,5,Gainesville,29.64629,-82.347911,12,16,39127.0,0.6673828964,21.0,1,148764.0,102455.195,University of Florida,20,46308.8046875,2,low,0.4519907901815313,0.4229866593724875
5401,History.,134130,1,Public,3,Gainesville,29.64629,-82.347911,12,16,39127.0,0.6673828964,21.0,1,54448.0,61205.227,University of Florida,91,-6757.2265625,9,medium,-0.1104027701882588,-0.10915629887137866
1204,Cosmetology and Related Personal Grooming Services.,134228,1,"Private, for-profit",1,Fort Pierce,27.411962,-80.325377,21,-2,11766.0,0.9569230769,28.0,1,22754.00000000001,19805.65,Fort Pierce Beauty Academy,94,2948.349609375011,80,high,0.14886406410418168,0.1472459161640303
5135,Somatic Bodywork and Related Therapeutic Services.,134228,0,"Private, for-profit",1,Fort Pierce,27.411962,-80.325377,21,-2,11766.0,0.9569230769,28.0,1,31517.000000000025,25428.703,Fort Pierce Beauty Academy,31,6088.2968750000255,25,high,0.23942616519103452,0.23001492669645074
0901,Communication and Media Studies.,134237,2,"Private, for-profit",1,Winter Park,28.596546,-81.301286,21,15,21349.0,0.7669108669,25.0,1,37679.0,37244.23,Full Sail University,466,434.76953125,1,low,0.011673473334743646,0.011653782265055389
0901,Communication and Media Studies.,134237,2,"Private, for-profit",2,Winter Park,28.596546,-81.301286,21,15,21349.0,0.7669108669,25.0,1,37309.000000000015,36319.49,Full Sail University,20,989.5117187500146,1,low,0.02724464923865273,0.025496367221563326
0901,Communication and Media Studies.,134237,2,"Private, for-profit",3,Winter Park,28.596546,-81.301286,21,15,21349.0,0.7669108669,25.0,1,44933.0,46194.887,Full Sail University,135,-1261.88671875,15,medium,-0.027316588661268737,-0.02712214632594594
0904,Journalism.,134237,3,"Private, for-profit",5,Winter Park,28.596546,-81.301286,21,15,21349.0,0.7669108669,25.0,1,53226.99999999997,56903.547,Full Sail University,60,-3676.546875000029,2,low,-0.06461015309074315,-0.06342389790934673
0909,"Public Relations, Advertising, and Applied Communication.",134237,2,"Private, for-profit",3,Winter Park,28.596546,-81.301286,21,15,21349.0,0.7669108669,25.0,1,42718.999999999985,47755.68,Full Sail University,52,-5036.679687500015,11,medium,-0.10546765788820633,-0.10318077330521755
0909,"Public Relations, Advertising, and Applied Communication.",134237,2,"Private, for-profit",5,Winter Park,28.596546,-81.301286,21,15,21349.0,0.7669108669,25.0,1,53819.99999999998,55110.64,Full Sail University,124,-1290.6406250000218,2,low,-0.02341908223825917,-0.023234965134012922
1003,Graphic Communications.,134237,0,"Private, for-profit",3,Winter Park,28.596546,-81.301286,21,15,21349.0,0.7669108669,25.0,1,34818.00000000002,36280.85,Full Sail University,106,-1462.8515624999782,4,low,-0.040320210234866316,-0.039939390852723654
1102,Computer Programming.,134237,2,"Private, for-profit",2,Winter Park,28.596546,-81.301286,21,15,21349.0,0.7669108669,25.0,1,59102.0,52939.62,Full Sail University,22,6162.37890625,6,medium,0.11640391032147988,0.10967926662351254
1102,Computer Programming.,134237,2,"Private, for-profit",3,Winter Park,28.596546,-81.301286,21,15,21349.0,0.7669108669,25.0,1,83694.00000000007,59885.332,Full Sail University,64,23808.667968750073,2,low,0.3975709436882805,0.39080012315315427
1107,Computer Science.,134237,2,"Private, for-profit",3,Winter Park,28.596546,-81.301286,21,15,21349.0,0.7669108669,25.0,1,77511.99999999994,53434.625,Full Sail University,82,24077.37499999994,5,low,0.45059500277207787,0.4448490065734867
1108,Computer Software and Media Applications.,134237,0,"Private, for-profit",3,Winter Park,28.596546,-81.301286,21,15,21349.0,0.7669108669,25.0,1,66676.00000000003,44970.0,Full Sail University,20,21706.00000000003,3,low,0.482677340449189,0.4517040617340916
1110,Computer/Information Technology Administration and Management.,134237,2,"Private, for-profit",3,Winter Park,28.596546,-81.301286,21,15,21349.0,0.7669108669,25.0,1,62380.99999999996,54990.887,Full Sail University,27,7390.113281249964,9,medium,0.1343879635737932,0.1282119298388805
1305,Educational/Instructional Media Design.,134237,3,"Private, for-profit",5,Winter Park,28.596546,-81.301286,21,15,21349.0,0.7669108669,25.0,1,69640.99999999997,58739.254,Full Sail University,60,10901.74609374997,4,low,0.18559558334107473,0.18218801174666252
1409,Computer Engineering.,134237,2,"Private, for-profit",3,Winter Park,28.596546,-81.301286,21,15,21349.0,0.7669108669,25.0,1,93409.99999999999,56358.34,Full Sail University,27,37051.660156249985,13,medium,0.6574299430922453,0.62721660107185
1512,Computer Engineering Technologies/Technicians.,134237,2,"Private, for-profit",3,Winter Park,28.596546,-81.301286,21,15,21349.0,0.7669108669,25.0,1,59181.00000000002,51829.055,Full Sail University,28,7351.945312500022,2,low,0.14184988240337607,0.135592814729341
5001,"Visual and Performing Arts, General.",134237,2,"Private, for-profit",2,Winter Park,28.596546,-81.301286,21,15,21349.0,0.7669108669,25.0,1,38049.000000000015,30612.26,Full Sail University,73,7436.740234375015,1,low,0.24293339633573377,0.23938485160242648
5001,"Visual and Performing Arts, General.",134237,2,"Private, for-profit",3,Winter Park,28.596546,-81.301286,21,15,21349.0,0.7669108669,25.0,1,36870.00000000001,46629.047,Full Sail University,326,-9759.046874999993,5,low,-0.2092911506675525,-0.20875757792712
5004,Design and Applied Arts.,134237,2,"Private, for-profit",2,Winter Park,28.596546,-81.301286,21,15,21349.0,0.7669108669,25.0,1,38715.99999999997,33931.8,Full Sail University,91,4784.199218749971,5,low,0.1409945569818864,0.13940269773039787
5004,Design and Applied Arts.,134237,2,"Private, for-profit",3,Winter Park,28.596546,-81.301286,21,15,21349.0,0.7669108669,25.0,1,44962.00000000003,43384.707,Full Sail University,369,1577.292968750029,7,medium,0.036355966806780673,0.03627566682171338
5004,Design and Applied Arts.,134237,2,"Private, for-profit",5,Winter Park,28.596546,-81.301286,21,15,21349.0,0.7669108669,25.0,1,60023.000000000044,49162.9,Full Sail University,135,10860.101562500044,1,low,0.22090035184370416,0.21932796003377739
5005,Drama/Theatre Arts and Stagecraft.,134237,1,"Private, for-profit",3,Winter Park,28.596546,-81.301286,21,15,21349.0,0.7669108669,25.0,1,44877.99999999999,44650.99,Full Sail University,162,227.01171874999272,11,medium,0.005084136488090238,0.0050548906859874026
5006,Film/Video and Photographic Arts.,134237,2,"Private, for-profit",2,Winter Park,28.596546,-81.301286,21,15,21349.0,0.7669108669,25.0,1,24816.000000000015,28794.248,Full Sail University,67,-3978.2480468749854,4,low,-0.13816120637700555,-0.1359306321955842
5006,Film/Video and Photographic Arts.,134237,2,"Private, for-profit",3,Winter Park,28.596546,-81.301286,21,15,21349.0,0.7669108669,25.0,1,33578.999999999985,35910.492,Full Sail University,590,-2331.4921875000146,7,medium,-0.06492509696961431,-0.06484162720138531
5006,Film/Video and Photographic Arts.,134237,2,"Private, for-profit",5,Winter Park,28.596546,-81.301286,21,15,21349.0,0.7669108669,25.0,1,39171.00000000002,37348.23,Full Sail University,110,1822.7695312500218,2,low,0.04880470930945896,0.048363301122922885
5007,Fine and Studio Arts.,134237,2,"Private, for-profit",2,Winter Park,28.596546,-81.301286,21,15,21349.0,0.7669108669,25.0,1,32702.999999999993,32865.348,Full Sail University,37,-162.34765625000728,1,low,-0.0049397821057016456,-0.004781128185607247
5007,Fine and Studio Arts.,134237,2,"Private, for-profit",3,Winter Park,28.596546,-81.301286,21,15,21349.0,0.7669108669,25.0,1,38124.0,37814.15,Full Sail University,290,309.8515625,12,medium,0.008194064267032987,0.008170137816264814
5009,Music.,134237,2,"Private, for-profit",2,Winter Park,28.596546,-81.301286,21,15,21349.0,0.7669108669,25.0,1,34986.99999999999,31075.51,Full Sail University,77,3911.4902343749927,3,low,0.12587050908821426,0.1241429628929678
5009,Music.,134237,2,"Private, for-profit",3,Winter Park,28.596546,-81.301286,21,15,21349.0,0.7669108669,25.0,1,39466.00000000001,40871.523,Full Sail University,427,-1405.5234374999927,10,medium,-0.03438881938544067,-0.034324656622085274
5010,"Arts, Entertainment, and Media Management.",134237,2,"Private, for-profit",2,Winter Park,28.596546,-81.301286,21,15,21349.0,0.7669108669,25.0,1,30931.000000000007,33380.195,Full Sail University,46,-2449.1953124999927,1,low,-0.07337270766605831,-0.0715389072441414
5010,"Arts, Entertainment, and Media Management.",134237,2,"Private, for-profit",3,Winter Park,28.596546,-81.301286,21,15,21349.0,0.7669108669,25.0,1,38846.999999999985,40334.188,Full Sail University,287,-1487.1875000000146,3,low,-0.036871636499434,-0.03676266497805391
5010,"Arts, Entertainment, and Media Management.",134237,2,"Private, for-profit",5,Winter Park,28.596546,-81.301286,21,15,21349.0,0.7669108669,25.0,1,46710.00000000003,45105.51,Full Sail University,270,1604.488281250029,2,low,0.03557188955652744,0.035459034748776964
5207,Entrepreneurial and Small Business Operations.,134237,3,"Private, for-profit",5,Winter Park,28.596546,-81.301286,21,15,21349.0,0.7669108669,25.0,1,42689.00000000001,57694.84,Full Sail University,52,-15005.839843749993,3,low,-0.260089808454084,-0.25445020874118796
5212,Management Information Systems and Services.,134237,3,"Private, for-profit",5,Winter Park,28.596546,-81.301286,21,15,21349.0,0.7669108669,25.0,1,85000.99999999996,69288.37,Full Sail University,59,15712.632812499956,9,medium,0.22677158447074217,0.22252575360149068
5214,Marketing.,134237,3,"Private, for-profit",3,Winter Park,28.596546,-81.301286,21,15,21349.0,0.7669108669,25.0,1,57954.00000000005,50691.195,Full Sail University,62,7262.804687500051,17,high,0.14327546712454634,0.14074345949714134
5214,Marketing.,134237,3,"Private, for-profit",5,Winter Park,28.596546,-81.301286,21,15,21349.0,0.7669108669,25.0,1,59772.0,60361.35,Full Sail University,129,-589.3515625,2,low,-0.009763723761052091,-0.009690430509790484
4301,Criminal Justice and Corrections.,134291,1,Public,1,Pensacola,30.487547,-87.290659,21,-2,15300.0,,29.0,1,53477.00000000001,40347.42,George Stone Technical College,22,13129.578125000007,19,high,0.32541306271505127,0.30661397860026945
4706,Vehicle Maintenance and Repair Technologies/Technicians.,134291,1,Public,1,Pensacola,30.487547,-87.290659,21,-2,15300.0,,29.0,1,45098.00000000003,47300.742,George Stone Technical College,45,-2202.742187499971,24,high,-0.04656887155741252,-0.04537502420388063
2401,"Liberal Arts and Sciences, General Studies and Humanities.",134343,2,Public,2,Panama City,30.185542,-85.727918,13,9,22880.0,0.8783042394,25.0,1,45814.0,44175.0,Gulf Coast State College,269,1639.0,36,high,0.03710243350311262,0.03698421443970472
4301,Criminal Justice and Corrections.,134343,1,Public,1,Panama City,30.185542,-85.727918,13,9,22880.0,0.8783042394,25.0,1,51476.000000000044,53718.715,Gulf Coast State College,53,-2242.7148437499563,19,high,-0.041749227439138725,-0.04086376524098405
5109,"Allied Health Diagnostic, Intervention, and Treatment Professions.",134343,1,Public,1,Panama City,30.185542,-85.727918,13,9,22880.0,0.8783042394,25.0,1,54452.00000000003,54402.7,Gulf Coast State College,22,49.300781250029104,22,high,0.0009062193964272546,0.0008538671813141187
5109,"Allied Health Diagnostic, Intervention, and Treatment Professions.",134343,1,Public,2,Panama City,30.185542,-85.727918,13,9,22880.0,0.8783042394,25.0,1,53082.99999999998,58780.11,Gulf Coast State College,34,-5697.109375000022,39,high,-0.09692240173719517,-0.09349317004978
5138,"Registered Nursing, Nursing Administration, Nursing Research and Clinical Nursing.",134343,1,Public,2,Panama City,30.185542,-85.727918,13,9,22880.0,0.8783042394,25.0,1,71133.00000000001,78395.86,Gulf Coast State College,126,-7262.859374999985,58,high,-0.09264340531377695,-0.09192855906008839
5138,"Registered Nursing, Nursing Administration, Nursing Research and Clinical Nursing.",134343,1,Public,3,Panama City,30.185542,-85.727918,13,9,22880.0,0.8783042394,25.0,1,95756.99999999993,85788.9,Gulf Coast State College,22,9968.101562499927,57,high,0.11619337401519397,0.10948089298118997
0183,Veterinary/Animal Health Technologies/Technicians.,134495,1,Public,2,Tampa,27.934888,-82.456253,11,5,22087.0,0.8303442291,24.0,1,46457.00000000002,42022.113,Hillsborough Community College,25,4434.886718750022,4,low,0.10553697499856202,0.10024908044906085
1101,"Computer and Information Sciences, General.",134495,1,Public,2,Tampa,27.934888,-82.456253,11,5,22087.0,0.8303442291,24.0,1,52633.0,50633.89,Hillsborough Community College,20,1999.109375,8,medium,0.039481646587374006,0.036948119650427526
1102,Computer Programming.,134495,1,Public,1,Tampa,27.934888,-82.456253,11,5,22087.0,0.8303442291,24.0,1,66521.00000000001,60852.293,Hillsborough Community College,28,5668.707031250015,2,low,0.09315519193600666,0.08904607086903392
1102,Computer Programming.,134495,1,Public,2,Tampa,27.934888,-82.456253,11,5,22087.0,0.8303442291,24.0,1,53358.00000000003,61682.09,Hillsborough Community College,20,-8324.08984374997,6,medium,-0.13495148858989928,-0.12629168685729186
1110,Computer/Information Technology Administration and Management.,134495,1,Public,2,Tampa,27.934888,-82.456253,11,5,22087.0,0.8303442291,24.0,1,53404.00000000001,56882.383,Hillsborough Community College,25,-3478.3828124999927,8,medium,-0.06115044132320723,-0.058086519078164825
1205,Culinary Arts and Related Services.,134495,1,Public,1,Tampa,27.934888,-82.456253,11,5,22087.0,0.8303442291,24.0,1,40090.00000000001,43567.215,Hillsborough Community College,25,-3477.2148437499927,6,medium,-0.07981264940209556,-0.07581366351340263
1205,Culinary Arts and Related Services.,134495,1,Public,2,Tampa,27.934888,-82.456253,11,5,22087.0,0.8303442291,24.0,1,34106.000000000015,41220.773,Hillsborough Community College,20,-7114.773437499985,6,medium,-0.1726016482511564,-0.16152584561871225
1907,"Human Development, Family Studies, and Related Services.",134495,1,Public,2,Tampa,27.934888,-82.456253,11,5,22087.0,0.8303442291,24.0,1,34315.999999999985,35509.05,Hillsborough Community College,23,-1193.0507812500146,1,low,-0.03359849827019275,-0.03175092946988783
2203,Legal Support Services.,134495,3,Public,2,Tampa,27.934888,-82.456253,11,5,22087.0,0.8303442291,24.0,1,56823.00000000004,43663.387,Hillsborough Community College,33,13159.613281250036,10,medium,0.3013878278846156,0.29035482047638317
2401,"Liberal Arts and Sciences, General Studies and Humanities.",134495,2,Public,2,Tampa,27.934888,-82.456253,11,5,22087.0,0.8303442291,24.0,1,44585.000000000015,43989.14,Hillsborough Community College,2630,595.8593750000146,36,high,0.013545601631084708,0.013542418105327666
4301,Criminal Justice and Corrections.,134495,1,Public,1,Tampa,27.934888,-82.456253,11,5,22087.0,0.8303442291,24.0,1,66994.00000000003,58119.684,Hillsborough Community College,238,8874.31640625003,19,high,0.15269037712387587,0.15212943879804264
4301,Criminal Justice and Corrections.,134495,3,Public,2,Tampa,27.934888,-82.456253,11,5,22087.0,0.8303442291,24.0,1,47205.00000000004,46191.81,Hillsborough Community College,134,1013.1914062500364,10,medium,0.021934438964295644,0.0217769443218155
4302,Fire Protection.,134495,1,Public,1,Tampa,27.934888,-82.456253,11,5,22087.0,0.8303442291,24.0,1,69089.99999999999,70580.27,Hillsborough Community College,63,-1490.2734375000146,6,medium,-0.02111458860838328,-0.020748336748682015
4603,Electrical and Power Transmission Installers.,134495,1,Public,1,Tampa,27.934888,-82.456253,11,5,22087.0,0.8303442291,24.0,1,64638.99999999999,53208.29,Hillsborough Community College,38,11430.710937499993,5,low,0.21482951507937323,0.2081376605569145
4706,Vehicle Maintenance and Repair Technologies/Technicians.,134495,1,Public,1,Tampa,27.934888,-82.456253,11,5,22087.0,0.8303442291,24.0,1,49182.99999999999,61652.867,Hillsborough Community College,76,-12469.867187500007,24,high,-0.2022593231483685,-0.19944064322430627
4805,Precision Metal Working.,134495,1,Public,1,Tampa,27.934888,-82.456253,11,5,22087.0,0.8303442291,24.0,1,43944.99999999997,58116.574,Hillsborough Community College,53,-14171.57421875003,15,medium,-0.24384737760709047,-0.23867560202621324
5109,"Allied Health Diagnostic, Intervention, and Treatment Professions.",134495,1,Public,1,Tampa,27.934888,-82.456253,11,5,22087.0,0.8303442291,24.0,1,61571.99999999997,65232.895,Hillsborough Community College,263,-3660.894531250029,22,high,-0.056120375426484674,-0.05593681134304847
5109,"Allied Health Diagnostic, Intervention, and Treatment Professions.",134495,1,Public,2,Tampa,27.934888,-82.456253,11,5,22087.0,0.8303442291,24.0,1,73151.00000000004,65359.42,Hillsborough Community College,139,7791.578125000044,39,high,0.11921124608325712,0.11839116286008984
5110,Clinical/Medical Laboratory Science/Research and Allied Professions.,134495,1,Public,1,Tampa,27.934888,-82.456253,11,5,22087.0,0.8303442291,24.0,1,57202.99999999998,51442.887,Hillsborough Community College,69,5760.113281249978,8,medium,0.11197103523256445,0.11022427110749526
5115,Mental and Social Health Services and Allied Professions.,134495,1,Public,2,Tampa,27.934888,-82.456253,11,5,22087.0,0.8303442291,24.0,1,40306.999999999985,37204.117,Hillsborough Community College,37,3102.8828124999854,4,low,0.0834015976474374,0.08072293892813298
5138,"Registered Nursing, Nursing Administration, Nursing Research and Clinical Nursing.",134495,1,Public,2,Tampa,27.934888,-82.456253,11,5,22087.0,0.8303442291,24.0,1,81109.0,81167.93,Hillsborough Community College,290,-58.9296875,58,high,-0.0007260218133797649,-0.0007239018489020222
5139,"Practical Nursing, Vocational Nursing and Nursing Assistants.",134495,0,Public,99,Tampa,27.934888,-82.456253,11,5,22087.0,0.8303442291,24.0,1,51791.0,54664.87,Hillsborough Community College,43,-2873.87109375,4,low,-0.0525725394800863,-0.051152132941453085
5202,"Business Administration, Management and Operations.",134495,2,Public,1,Tampa,27.934888,-82.456253,11,5,22087.0,0.8303442291,24.0,1,49748.999999999985,52978.867,Hillsborough Community College,134,-3229.8671875000146,5,low,-0.060965199124946176,-0.06052745406770794
5202,"Business Administration, Management and Operations.",134495,1,Public,2,Tampa,27.934888,-82.456253,11,5,22087.0,0.8303442291,24.0,1,40345.00000000001,46674.69,Hillsborough Community College,57,-6329.691406249993,26,high,-0.13561292459669935,-0.13296990374486103
5203,Accounting and Related Services.,134495,2,Public,1,Tampa,27.934888,-82.456253,11,5,22087.0,0.8303442291,24.0,1,52753.99999999998,53206.46,Hillsborough Community College,54,-452.4609375000218,5,low,-0.008503872077331245,-0.008327386138266564
5207,Entrepreneurial and Small Business Operations.,134495,1,Public,1,Tampa,27.934888,-82.456253,11,5,22087.0,0.8303442291,24.0,1,49388.000000000015,56901.207,Hillsborough Community College,42,-7513.207031249985,4,low,-0.13203950185316368,-0.12837390831491144
5209,Hospitality Administration/Management.,134495,1,Public,2,Tampa,27.934888,-82.456253,11,5,22087.0,0.8303442291,24.0,1,45137.999999999985,46024.535,Hillsborough Community College,20,-886.5351562500146,2,low,-0.01926222944436682,-0.018026177218050773
1204,Cosmetology and Related Personal Grooming Services.,134529,1,"Private, for-profit",1,Hollywood,26.007139,-80.209125,21,-2,13244.0,0.9535315985,29.0,1,21754.00000000002,20373.424,Hollywood Institute of Beauty Careers,530,1380.5761718750182,80,high,0.0677635817878175,0.06766502680260332
5135,Somatic Bodywork and Related Therapeutic Services.,134529,1,"Private, for-profit",1,Hollywood,26.007139,-80.209125,21,-2,13244.0,0.9535315985,29.0,1,26087.000000000015,26371.43,Hollywood Institute of Beauty Careers,58,-284.42968749998545,25,high,-0.010785523988288147,-0.010579530056499293
5135,Somatic Bodywork and Related Therapeutic Services.,134574,1,"Private, for-profit",1,St. Petersburg,27.793547,-82.680031,11,-2,18657.0,0.7752234994,29.0,1,32076.000000000015,30423.115,Cortiva Institute,356,1652.8847656250146,25,high,0.05432989859491524,0.054204814194015974
1003,Graphic Communications.,134608,1,Public,3,Fort Pierce,27.42416,-80.358682,21,12,21577.0,0.9122626988,23.0,1,34740.99999999998,32918.8,Indian River State College,44,1822.1992187499782,4,low,0.055354362112360805,0.05389796378715566
1101,"Computer and Information Sciences, General.",134608,3,Public,2,Fort Pierce,27.42416,-80.358682,21,12,21577.0,0.9122626988,23.0,1,53479.999999999985,50538.324,Indian River State College,30,2941.6757812499854,8,medium,0.05820683267053416,0.05583210631069311
1101,"Computer and Information Sciences, General.",134608,3,Public,3,Fort Pierce,27.42416,-80.358682,21,12,21577.0,0.9122626988,23.0,1,71760.99999999999,70648.086,Indian River State College,59,1112.9140624999854,19,high,0.015752925896457312,0.015457984803161566
1204,Cosmetology and Related Personal Grooming Services.,134608,1,Public,1,Fort Pierce,27.42416,-80.358682,21,12,21577.0,0.9122626988,23.0,1,25405.99999999998,26206.764,Indian River State College,83,-800.7636718750182,80,high,-0.03055561083013065,-0.030171446523028497
1312,"Teacher Education and Professional Development, Specific Levels and Methods.",134608,3,Public,3,Fort Pierce,27.42416,-80.358682,21,12,21577.0,0.9122626988,23.0,1,53747.00000000004,50768.652,Indian River State College,42,2978.3476562500364,24,high,0.05866509191703398,0.05703647033914288
1313,"Teacher Education and Professional Development, Specific Subject Areas.",134608,2,Public,3,Fort Pierce,27.42416,-80.358682,21,12,21577.0,0.9122626988,23.0,1,52554.000000000015,43021.31,Indian River State College,20,9532.691406250015,11,medium,0.22158069379681525,0.2073619186198689
2203,Legal Support Services.,134608,1,Public,2,Fort Pierce,27.42416,-80.358682,21,12,21577.0,0.9122626988,23.0,1,38297.000000000015,47905.754,Indian River State College,31,-9608.753906249985,10,medium,-0.2005761964429994,-0.1926920522035617
2401,"Liberal Arts and Sciences, General Studies and Humanities.",134608,3,Public,2,Fort Pierce,27.42416,-80.358682,21,12,21577.0,0.9122626988,23.0,1,40190.00000000002,43708.17,Indian River State College,1247,-3518.171874999978,36,high,-0.08049231354405573,-0.08044831878368247
2601,"Biology, General.",134608,1,Public,3,Fort Pierce,27.42416,-80.358682,21,12,21577.0,0.9122626988,23.0,1,45068.000000000015,46257.71,Indian River State College,52,-1189.7109374999854,24,high,-0.025719191749618456,-0.025161515355955864
4301,Criminal Justice and Corrections.,134608,1,Public,1,Fort Pierce,27.42416,-80.358682,21,12,21577.0,0.9122626988,23.0,1,69612.99999999997,58334.25,Indian River State College,69,11278.74999999997,19,high,0.1933469616906015,0.19033072150249572
4301,Criminal Justice and Corrections.,134608,3,Public,2,Fort Pierce,27.42416,-80.358682,21,12,21577.0,0.9122626988,23.0,1,51744.999999999985,45823.684,Indian River State College,44,5921.316406249985,10,medium,0.12921956381214206,0.12581973859262754
4301,Criminal Justice and Corrections.,134608,3,Public,3,Fort Pierce,27.42416,-80.358682,21,12,21577.0,0.9122626988,23.0,1,48072.99999999996,53059.004,Indian River State College,104,-4986.003906250036,23,high,-0.09397092932727895,-0.09306338756168064
4302,Fire Protection.,134608,1,Public,1,Fort Pierce,27.42416,-80.358682,21,12,21577.0,0.9122626988,23.0,1,62175.999999999985,62126.992,Indian River State College,27,49.00781249998545,6,medium,0.0007888328530710016,0.0007525806606706101
4302,Fire Protection.,134608,1,Public,2,Fort Pierce,27.42416,-80.358682,21,12,21577.0,0.9122626988,23.0,1,54149.99999999996,50426.63,Indian River State College,20,3723.3710937499636,2,low,0.07383739850371952,0.06909927195043011
4400,"Human Services, General.",134608,1,Public,3,Fort Pierce,27.42416,-80.358682,21,12,21577.0,0.9122626988,23.0,1,44549.000000000015,45400.05,Indian River State College,136,-851.0507812499854,5,low,-0.01874559095430495,-0.018613304125693782
4404,Public Administration.,134608,3,Public,3,Fort Pierce,27.42416,-80.358682,21,12,21577.0,0.9122626988,23.0,1,56031.999999999985,54028.21,Indian River State College,30,2003.7890624999854,7,medium,0.03708782926049457,0.035574717453282875
5106,Dental Support Services and Allied Professions.,134608,1,Public,2,Fort Pierce,27.42416,-80.358682,21,12,21577.0,0.9122626988,23.0,1,52711.99999999997,62054.156,Indian River State College,29,-9342.15625000003,10,medium,-0.1505484372773182,-0.1441658948553918
5107,Health and Medical Administrative Services.,134608,3,Public,3,Fort Pierce,27.42416,-80.358682,21,12,21577.0,0.9122626988,23.0,1,51404.00000000003,51382.383,Indian River State College,51,21.617187500029104,18,high,0.000420712047919471,0.00041138176166351177
5108,Allied Health and Medical Assisting Services.,134608,1,Public,2,Fort Pierce,27.42416,-80.358682,21,12,21577.0,0.9122626988,23.0,1,47969.00000000001,45444.973,Indian River State College,25,2524.0273437500073,22,high,0.05554029843613253,0.052757470508933604
5109,"Allied Health Diagnostic, Intervention, and Treatment Professions.",134608,1,Public,1,Fort Pierce,27.42416,-80.358682,21,12,21577.0,0.9122626988,23.0,1,65173.99999999997,59165.586,Indian River State College,21,6008.414062499971,22,high,0.10155251515377542,0.09537638867890359
5109,"Allied Health Diagnostic, Intervention, and Treatment Professions.",134608,1,Public,2,Fort Pierce,27.42416,-80.358682,21,12,21577.0,0.9122626988,23.0,1,66377.00000000004,66409.016,Indian River State College,46,-32.015624999956344,39,high,-0.0004820975691123466,-0.0004700485286207919
5109,"Allied Health Diagnostic, Intervention, and Treatment Professions.",134608,0,Public,99,Fort Pierce,27.42416,-80.358682,21,12,21577.0,0.9122626988,23.0,1,56189.0,61447.83,Indian River State College,55,-5258.828125,4,low,-0.08558200160146018,-0.08384333376397182
5115,Mental and Social Health Services and Allied Professions.,134608,1,Public,2,Fort Pierce,27.42416,-80.358682,21,12,21577.0,0.9122626988,23.0,1,40425.00000000001,37753.11,Indian River State College,21,2671.8906250000073,4,low,0.07077273022627709,0.06646854010171353
5138,"Registered Nursing, Nursing Administration, Nursing Research and Clinical Nursing.",134608,1,Public,2,Fort Pierce,27.42416,-80.358682,21,12,21577.0,0.9122626988,23.0,1,68287.00000000003,83726.75,Indian River State College,166,-15439.74999999997,58,high,-0.1844064173039079,-0.18337542894562395
5138,"Registered Nursing, Nursing Administration, Nursing Research and Clinical Nursing.",134608,3,Public,3,Fort Pierce,27.42416,-80.358682,21,12,21577.0,0.9122626988,23.0,1,99713.99999999991,87323.484,Indian River State College,92,12390.515624999913,57,high,0.14189213490142424,0.1403104865073154
5139,"Practical Nursing, Vocational Nursing and Nursing Assistants.",134608,1,Public,1,Fort Pierce,27.42416,-80.358682,21,12,21577.0,0.9122626988,23.0,1,64654.0,52618.39,Indian River State College,26,12035.609375,47,high,0.22873389383524118,0.21776632390810613
5202,"Business Administration, Management and Operations.",134608,1,Public,1,Fort Pierce,27.42416,-80.358682,21,12,21577.0,0.9122626988,23.0,1,39503.00000000001,48899.41,Indian River State College,61,-9396.410156249993,5,low,-0.19215794477326648,-0.18869714197843607
5202,"Business Administration, Management and Operations.",134608,1,Public,2,Fort Pierce,27.42416,-80.358682,21,12,21577.0,0.9122626988,23.0,1,37921.00000000003,45882.848,Indian River State College,42,-7961.847656249971,26,high,-0.17352557792182796,-0.16870827530992402
5202,"Business Administration, Management and Operations.",134608,1,Public,3,Fort Pierce,27.42416,-80.358682,21,12,21577.0,0.9122626988,23.0,1,50328.000000000044,47724.35,Indian River State College,240,2603.6484375000437,58,high,0.05455597304638692,0.05435749251219337
5203,Accounting and Related Services.,134608,1,Public,3,Fort Pierce,27.42416,-80.358682,21,12,21577.0,0.9122626988,23.0,1,61675.000000000015,60597.89,Indian River State College,60,1077.1093750000146,24,high,0.017774700800487056,0.01744835378049571
5207,Entrepreneurial and Small Business Operations.,134608,2,Public,1,Fort Pierce,27.42416,-80.358682,21,12,21577.0,0.9122626988,23.0,1,41563.99999999997,47250.38,Indian River State College,37,-5686.378906250029,4,low,-0.1203456784448742,-0.11648046470808587
1204,Cosmetology and Related Personal Grooming Services.,134714,1,"Private, for-profit",1,South Daytona,29.162159,-80.997811,21,-2,12561.0,0.9179104478,29.0,1,17842.000000000007,21186.08,International Academy,58,-3344.0800781249927,80,high,-0.1578432662292169,-0.15482859999211443
3105,"Sports, Kinesiology, and Physical Education/Fitness.",134945,1,"Private, nonprofit",5,Jacksonville,30.353227,-81.60458,11,14,46900.0,0.5307591623,26.0,1,55053.999999999956,72245.7,Jacksonville University,32,-17191.703125000044,6,medium,-0.2379616002249275,-0.22893964225352212
4501,"Social Sciences, General.",134945,1,"Private, nonprofit",3,Jacksonville,30.353227,-81.60458,11,14,46900.0,0.5307591623,26.0,1,48760.999999999985,55338.047,Jacksonville University,24,-6577.046875000015,5,low,-0.11885216856056621,-0.11261911966299558
4511,Sociology.,134945,1,"Private, nonprofit",3,Jacksonville,30.353227,-81.60458,11,14,46900.0,0.5307591623,26.0,1,53457.00000000004,51498.797,Jacksonville University,22,1958.2031250000364,12,medium,0.03802424995972367,0.035827592371886555
5009,Music.,134945,1,"Private, nonprofit",3,Jacksonville,30.353227,-81.60458,11,14,46900.0,0.5307591623,26.0,1,40009.00000000003,42756.875,Jacksonville University,27,-2747.874999999971,10,medium,-0.06426744237037835,-0.061313919736500015
5102,Communication Disorders Sciences and Services.,134945,1,"Private, nonprofit",5,Jacksonville,30.353227,-81.60458,11,14,46900.0,0.5307591623,26.0,1,65546.00000000003,66609.0,Jacksonville University,55,-1062.999999999971,8,medium,-0.015958804365775958,-0.015634588299823723
5107,Health and Medical Administrative Services.,134945,1,"Private, nonprofit",5,Jacksonville,30.353227,-81.60458,11,14,46900.0,0.5307591623,26.0,1,116255.99999999994,78350.65,Jacksonville University,27,37905.35156249994,12,medium,0.48379116597531274,0.46155769742457003
5138,"Registered Nursing, Nursing Administration, Nursing Research and Clinical Nursing.",134945,2,"Private, nonprofit",3,Jacksonville,30.353227,-81.60458,11,14,46900.0,0.5307591623,26.0,1,89190.99999999997,83029.88,Jacksonville University,347,6161.117187499971,57,high,0.07420361174558258,0.07402763186448613
5138,"Registered Nursing, Nursing Administration, Nursing Research and Clinical Nursing.",134945,2,"Private, nonprofit",5,Jacksonville,30.353227,-81.60458,11,14,46900.0,0.5307591623,26.0,1,114294.99999999994,114601.445,Jacksonville University,180,-306.4453125000582,18,high,-0.0026740091424190186,-0.0026604072377348045
5202,"Business Administration, Management and Operations.",134945,2,"Private, nonprofit",5,Jacksonville,30.353227,-81.60458,11,14,46900.0,0.5307591623,26.0,1,101213.00000000001,79536.39,Jacksonville University,54,21676.609375000015,35,high,0.2725370010464944,0.2668808777979122
5208,Finance and Financial Management Services.,134945,1,"Private, nonprofit",3,Jacksonville,30.353227,-81.60458,11,14,46900.0,0.5307591623,26.0,1,70456.00000000001,65350.2,Jacksonville University,23,5105.800781250015,15,medium,0.07812984263688488,0.07383351193579807
5213,Management Sciences and Quantitative Methods.,134945,1,"Private, nonprofit",3,Jacksonville,30.353227,-81.60458,11,14,46900.0,0.5307591623,26.0,1,61659.99999999997,76968.02,Jacksonville University,24,-15308.02343750003,3,low,-0.19888809344221414,-0.18845766355116686
1101,"Computer and Information Sciences, General.",135081,2,"Private, nonprofit",2,Fort Lauderdale,26.185869,-80.163959,12,15,21659.0,0.7867955286,28.0,1,51977.00000000004,47467.984,Keiser University-Ft Lauderdale,248,4509.015625000036,8,medium,0.09499066969809662,0.09465801447949064
1109,Computer Systems Networking and Telecommunications.,135081,2,"Private, nonprofit",3,Fort Lauderdale,26.185869,-80.163959,12,15,21659.0,0.7867955286,28.0,1,56990.99999999996,54851.3,Keiser University-Ft Lauderdale,29,2139.6992187499636,3,low,0.0390090879937962,0.03735528697490927
1205,Culinary Arts and Related Services.,135081,1,"Private, nonprofit",2,Fort Lauderdale,26.185869,-80.163959,12,15,21659.0,0.7867955286,28.0,1,40731.00000000002,38688.15,Keiser University-Ft Lauderdale,69,2042.8515625000218,6,medium,0.05280303258245122,0.05197929774050469
1304,Educational Administration and Supervision.,135081,2,"Private, nonprofit",5,Fort Lauderdale,26.185869,-80.163959,12,15,21659.0,0.7867955286,28.0,1,67066.00000000004,57372.93,Keiser University-Ft Lauderdale,32,9693.070312500044,20,high,0.16894849827778446,0.16254306879103758
1304,Educational Administration and Supervision.,135081,3,"Private, nonprofit",6,Fort Lauderdale,26.185869,-80.163959,12,15,21659.0,0.7867955286,28.0,1,80618.0,74474.3,Keiser University-Ft Lauderdale,21,6143.703125,5,low,0.08249427497532182,0.07747721483723523
1409,Computer Engineering.,135081,2,"Private, nonprofit",3,Fort Lauderdale,26.185869,-80.163959,12,15,21659.0,0.7867955286,28.0,1,51222.00000000001,74671.79,Keiser University-Ft Lauderdale,23,-23449.789062499993,13,medium,-0.3140381308243815,-0.296769291962856
2203,Legal Support Services.,135081,2,"Private, nonprofit",2,Fort Lauderdale,26.185869,-80.163959,12,15,21659.0,0.7867955286,28.0,1,47220.00000000002,43573.45,Keiser University-Ft Lauderdale,123,3646.550781250022,10,medium,0.08368744835744796,0.08302325106177641
2401,"Liberal Arts and Sciences, General Studies and Humanities.",135081,2,"Private, nonprofit",2,Fort Lauderdale,26.185869,-80.163959,12,15,21659.0,0.7867955286,28.0,1,42188.99999999996,42212.582,Keiser University-Ft Lauderdale,236,-23.58203125003638,36,high,-0.000558649343756764,-0.0005565767859113134
2601,"Biology, General.",135081,1,"Private, nonprofit",3,Fort Lauderdale,26.185869,-80.163959,12,15,21659.0,0.7867955286,28.0,1,40047.99999999999,49972.12,Keiser University-Ft Lauderdale,38,-9924.121093750007,24,high,-0.19859315307292838,-0.19240705481250356
3000,"Multi-/Interdisciplinary Studies, General.",135081,2,"Private, nonprofit",3,Fort Lauderdale,26.185869,-80.163959,12,15,21659.0,0.7867955286,28.0,1,52292.99999999998,47938.746,Keiser University-Ft Lauderdale,258,4354.253906249978,7,medium,0.09082953270689871,0.0905257368495457
3103,"Parks, Recreation, and Leisure Facilities Management.",135081,2,"Private, nonprofit",2,Fort Lauderdale,26.185869,-80.163959,12,15,21659.0,0.7867955286,28.0,1,49048.00000000003,38099.83,Keiser University-Ft Lauderdale,23,10948.17187500003,1,low,0.2873548888220878,0.271553351416061
3105,"Sports, Kinesiology, and Physical Education/Fitness.",135081,2,"Private, nonprofit",2,Fort Lauderdale,26.185869,-80.163959,12,15,21659.0,0.7867955286,28.0,1,35402.99999999997,38110.656,Keiser University-Ft Lauderdale,100,-2707.656250000029,1,low,-0.07104722186462033,-0.07032885763300968
3105,"Sports, Kinesiology, and Physical Education/Fitness.",135081,2,"Private, nonprofit",3,Fort Lauderdale,26.185869,-80.163959,12,15,21659.0,0.7867955286,28.0,1,45187.00000000004,45606.05,Keiser University-Ft Lauderdale,133,-419.0507812499636,18,high,-0.009188490870651047,-0.009121934943069787
4201,"Psychology, General.",135081,2,"Private, nonprofit",3,Fort Lauderdale,26.185869,-80.163959,12,15,21659.0,0.7867955286,28.0,1,41667.99999999997,41072.87,Keiser University-Ft Lauderdale,169,595.1289062499709,29,high,0.014489586201353497,0.014410253396387546
4201,"Psychology, General.",135081,2,"Private, nonprofit",5,Fort Lauderdale,26.185869,-80.163959,12,15,21659.0,0.7867955286,28.0,1,49097.99999999996,60533.195,Keiser University-Ft Lauderdale,42,-11435.195312500036,4,low,-0.18890784227507462,-0.18366350738854387
4228,"Clinical, Counseling and Applied Psychology.",135081,2,"Private, nonprofit",5,Fort Lauderdale,26.185869,-80.163959,12,15,21659.0,0.7867955286,28.0,1,69452.0,50386.105,Keiser University-Ft Lauderdale,20,19065.89453125,9,medium,0.3783958762813068,0.3541143118519565
4301,Criminal Justice and Corrections.,135081,2,"Private, nonprofit",2,Fort Lauderdale,26.185869,-80.163959,12,15,21659.0,0.7867955286,28.0,1,41540.00000000004,44948.56,Keiser University-Ft Lauderdale,128,-3408.5585937499636,10,medium,-0.07583243379519441,-0.07525797956739254
4301,Criminal Justice and Corrections.,135081,2,"Private, nonprofit",3,Fort Lauderdale,26.185869,-80.163959,12,15,21659.0,0.7867955286,28.0,1,52125.99999999996,51858.133,Keiser University-Ft Lauderdale,119,267.8671874999636,23,high,0.005165384347108547,0.005122772358311517
4301,Criminal Justice and Corrections.,135081,2,"Private, nonprofit",5,Fort Lauderdale,26.185869,-80.163959,12,15,21659.0,0.7867955286,28.0,1,64691.00000000004,61146.074,Keiser University-Ft Lauderdale,35,3544.9257812500364,10,medium,0.05797470772314947,0.055990338156489926
4303,Homeland Security.,135081,2,"Private, nonprofit",2,Fort Lauderdale,26.185869,-80.163959,12,15,21659.0,0.7867955286,28.0,1,57706.000000000044,54978.457,Keiser University-Ft Lauderdale,23,2727.5429687500437,1,low,0.04961112253840984,0.04688302554392639
4303,Homeland Security.,135081,2,"Private, nonprofit",3,Fort Lauderdale,26.185869,-80.163959,12,15,21659.0,0.7867955286,28.0,1,67744.00000000006,58841.188,Keiser University-Ft Lauderdale,22,8902.812500000058,3,low,0.1513023934127784,0.14256166740502962
4304,Security Science and Technology.,135081,1,"Private, nonprofit",2,Fort Lauderdale,26.185869,-80.163959,12,15,21659.0,0.7867955286,28.0,1,40374.000000000015,43288.82,Keiser University-Ft Lauderdale,80,-2914.8203124999854,1,low,-0.06733425146395841,-0.06645046452125543
4304,Security Science and Technology.,135081,2,"Private, nonprofit",3,Fort Lauderdale,26.185869,-80.163959,12,15,21659.0,0.7867955286,28.0,1,47846.999999999956,52162.926,Keiser University-Ft Lauderdale,133,-4315.925781250044,4,low,-0.08273933481701684,-0.08214002060386437
5004,Design and Applied Arts.,135081,1,"Private, nonprofit",2,Fort Lauderdale,26.185869,-80.163959,12,15,21659.0,0.7867955286,28.0,1,29280.000000000004,41986.062,Keiser University-Ft Lauderdale,51,-12706.062499999996,5,low,-0.3026257225239922,-0.2959142802595534
5100,"Health Services/Allied Health/Health Sciences, General.",135081,2,"Private, nonprofit",3,Fort Lauderdale,26.185869,-80.163959,12,15,21659.0,0.7867955286,28.0,1,54184.00000000004,52525.89,Keiser University-Ft Lauderdale,111,1658.1093750000364,15,medium,0.031567468067087844,0.031284966412765576
5107,Health and Medical Administrative Services.,135081,2,"Private, nonprofit",2,Fort Lauderdale,26.185869,-80.163959,12,15,21659.0,0.7867955286,28.0,1,36127.0,44589.324,Keiser University-Ft Lauderdale,437,-8462.32421875,15,medium,-0.18978363917862556,-0.18943887724285174
5108,Allied Health and Medical Assisting Services.,135081,2,"Private, nonprofit",2,Fort Lauderdale,26.185869,-80.163959,12,15,21659.0,0.7867955286,28.0,1,39852.00000000001,45850.875,Keiser University-Ft Lauderdale,1467,-5998.874999999993,22,high,-0.13083447153407635,-0.13077500884146134
5109,"Allied Health Diagnostic, Intervention, and Treatment Professions.",135081,1,"Private, nonprofit",2,Fort Lauderdale,26.185869,-80.163959,12,15,21659.0,0.7867955286,28.0,1,61607.999999999985,68181.375,Keiser University-Ft Lauderdale,828,-6573.375000000015,39,high,-0.09641012666582355,-0.09632607928854033
5109,"Allied Health Diagnostic, Intervention, and Treatment Professions.",135081,2,"Private, nonprofit",3,Fort Lauderdale,26.185869,-80.163959,12,15,21659.0,0.7867955286,28.0,1,82511.00000000007,59807.484,Keiser University-Ft Lauderdale,28,22703.515625000073,7,medium,0.37960994116800406,0.36286516104284167
5109,"Allied Health Diagnostic, Intervention, and Treatment Professions.",135081,0,"Private, nonprofit",5,Fort Lauderdale,26.185869,-80.163959,12,15,21659.0,0.7867955286,28.0,1,125514.0,107339.36,Keiser University-Ft Lauderdale,66,18174.640625,9,medium,0.16931944377928704,0.1665374657188779
5110,Clinical/Medical Laboratory Science/Research and Allied Professions.,135081,1,"Private, nonprofit",2,Fort Lauderdale,26.185869,-80.163959,12,15,21659.0,0.7867955286,28.0,1,61490.99999999996,48702.31,Keiser University-Ft Lauderdale,83,12788.691406249964,4,low,0.2625890183754276,0.25928758451250655
5122,Public Health.,135081,2,"Private, nonprofit",2,Fort Lauderdale,26.185869,-80.163959,12,15,21659.0,0.7867955286,28.0,1,44350.0,42770.74,Keiser University-Ft Lauderdale,181,1579.26171875,2,low,0.036923882593869625,0.03673727166205179
5122,Public Health.,135081,2,"Private, nonprofit",3,Fort Lauderdale,26.185869,-80.163959,12,15,21659.0,0.7867955286,28.0,1,52247.00000000004,52714.926,Keiser University-Ft Lauderdale,130,-467.9257812499636,12,medium,-0.008876533056153872,-0.00881049860308059
5123,Rehabilitation and Therapeutic Professions.,135081,0,"Private, nonprofit",3,Fort Lauderdale,26.185869,-80.163959,12,15,21659.0,0.7867955286,28.0,1,56790.99999999996,52088.906,Keiser University-Ft Lauderdale,33,4702.093749999964,1,low,0.09027054105210673,0.08696597644787746
5123,Rehabilitation and Therapeutic Professions.,135081,1,"Private, nonprofit",5,Fort Lauderdale,26.185869,-80.163959,12,15,21659.0,0.7867955286,28.0,1,54823.00000000002,60743.234,Keiser University-Ft Lauderdale,69,-5920.234374999978,9,medium,-0.09746327201563307,-0.09594283106663973
5131,Dietetics and Clinical Nutrition Services.,135081,2,"Private, nonprofit",3,Fort Lauderdale,26.185869,-80.163959,12,15,21659.0,0.7867955286,28.0,1,54825.00000000001,48185.89,Keiser University-Ft Lauderdale,94,6639.109375000007,4,low,0.1377811904872311,0.1362835130529882
5138,"Registered Nursing, Nursing Administration, Nursing Research and Clinical Nursing.",135081,1,"Private, nonprofit",2,Fort Lauderdale,26.185869,-80.163959,12,15,21659.0,0.7867955286,28.0,1,81721.00000000001,82940.53,Keiser University-Ft Lauderdale,772,-1219.5312499999854,58,high,-0.014703682646112609,-0.014689795191708563
5138,"Registered Nursing, Nursing Administration, Nursing Research and Clinical Nursing.",135081,2,"Private, nonprofit",3,Fort Lauderdale,26.185869,-80.163959,12,15,21659.0,0.7867955286,28.0,1,89772.99999999994,94781.77,Keiser University-Ft Lauderdale,187,-5008.773437500058,57,high,-0.05284532305995404,-0.05258821519690602
5138,"Registered Nursing, Nursing Administration, Nursing Research and Clinical Nursing.",135081,1,"Private, nonprofit",5,Fort Lauderdale,26.185869,-80.163959,12,15,21659.0,0.7867955286,28.0,1,124555.00000000003,119691.586,Keiser University-Ft Lauderdale,174,4863.414062500029,18,high,0.04063288178869636,0.04041785390001171
5202,"Business Administration, Management and Operations.",135081,2,"Private, nonprofit",2,Fort Lauderdale,26.185869,-80.163959,12,15,21659.0,0.7867955286,28.0,1,45827.99999999997,46808.65,Keiser University-Ft Lauderdale,24,-980.6484375000291,26,high,-0.020950154944324312,-0.019851451052244208
5202,"Business Administration, Management and Operations.",135081,2,"Private, nonprofit",3,Fort Lauderdale,26.185869,-80.163959,12,15,21659.0,0.7867955286,28.0,1,52190.0,56347.645,Keiser University-Ft Lauderdale,335,-4157.64453125,58,high,-0.07378559593461267,-0.07360332761490529
5202,"Business Administration, Management and Operations.",135081,2,"Private, nonprofit",5,Fort Lauderdale,26.185869,-80.163959,12,15,21659.0,0.7867955286,28.0,1,63874.99999999996,75147.36,Keiser University-Ft Lauderdale,213,-11272.359375000036,35,high,-0.1500033995705526,-0.14937633692154478
5203,Accounting and Related Services.,135081,2,"Private, nonprofit",2,Fort Lauderdale,26.185869,-80.163959,12,15,21659.0,0.7867955286,28.0,1,49543.000000000044,47356.98,Keiser University-Ft Lauderdale,77,2186.0195312500437,8,medium,0.04616045004585032,0.04552690760270595
5203,Accounting and Related Services.,135081,2,"Private, nonprofit",3,Fort Lauderdale,26.185869,-80.163959,12,15,21659.0,0.7867955286,28.0,1,59333.99999999996,61142.51,Keiser University-Ft Lauderdale,94,-1808.5117187500364,24,high,-0.02957862979311393,-0.029257110968807672
5203,Accounting and Related Services.,135081,2,"Private, nonprofit",5,Fort Lauderdale,26.185869,-80.163959,12,15,21659.0,0.7867955286,28.0,1,90616.00000000007,64791.266,Keiser University-Ft Lauderdale,20,25824.734375000073,19,high,0.3985835764417524,0.3730065725722486
1204,Cosmetology and Related Personal Grooming Services.,135142,1,"Private, for-profit",1,Hialeah,25.86695,-80.312711,21,-2,0.0,,33.0,1,17594.0,22504.682,La Belle Beauty School,130,-4910.681640625,80,high,-0.21820711437038665,-0.21658382435805937
0301,Natural Resources Conservation and Research.,135160,3,Public,1,Lake City,30.175298,-82.5679,32,9,21618.0,0.9306451613,26.0,1,23946.99999999998,32099.86,Florida Gateway College,22,-8152.859375000018,1,low,-0.25398427076442665,-0.23931162170081813
1204,Cosmetology and Related Personal Grooming Services.,135160,1,Public,1,Lake City,30.175298,-82.5679,32,9,21618.0,0.9306451613,26.0,1,19860.00000000001,31167.695,Florida Gateway College,30,-11307.695312499989,80,high,-0.3628017791859306,-0.3480001672633804
2401,"Liberal Arts and Sciences, General Studies and Humanities.",135160,3,Public,2,Lake City,30.175298,-82.5679,32,9,21618.0,0.9306451613,26.0,1,44252.99999999997,35597.242,Florida Gateway College,188,8655.75781249997,36,high,0.2431581010379351,0.24198240200762736
4301,Criminal Justice and Corrections.,135160,1,Public,1,Lake City,30.175298,-82.5679,32,9,21618.0,0.9306451613,26.0,1,50714.00000000002,44085.82,Florida Gateway College,66,6628.179687500022,19,high,0.15034720099380075,0.14787694356043773
5109,"Allied Health Diagnostic, Intervention, and Treatment Professions.",135160,1,Public,1,Lake City,30.175298,-82.5679,32,9,21618.0,0.9306451613,26.0,1,48253.999999999956,56260.125,Florida Gateway College,25,-8006.125000000044,22,high,-0.14230549612180995,-0.13517532721828746
5138,"Registered Nursing, Nursing Administration, Nursing Research and Clinical Nursing.",135160,1,Public,2,Lake City,30.175298,-82.5679,32,9,21618.0,0.9306451613,26.0,1,75046.0,72114.766,Florida Gateway College,117,2931.234375,58,high,0.04064679888502376,0.04030476814351734
5138,"Registered Nursing, Nursing Administration, Nursing Research and Clinical Nursing.",135160,3,Public,3,Lake City,30.175298,-82.5679,32,9,21618.0,0.9306451613,26.0,1,88907.00000000001,82657.76,Florida Gateway College,26,6249.242187500015,57,high,0.07560381932541324,0.07197868899904707
1204,Cosmetology and Related Personal Grooming Services.,135179,1,Public,1,Eustis,28.833446,-81.690874,22,-2,17933.0,,27.0,1,25223.000000000022,25291.209,Lake Technical College,31,-68.20898437497817,80,high,-0.0026969443974433145,-0.0025909343174225323
4301,Criminal Justice and Corrections.,135179,1,Public,1,Eustis,28.833446,-81.690874,22,-2,17933.0,,27.0,1,50581.99999999998,53163.855,Lake Technical College,30,-2581.855468750022,19,high,-0.04856411270374569,-0.04658279069585266
4706,Vehicle Maintenance and Repair Technologies/Technicians.,135179,1,Public,1,Eustis,28.833446,-81.690874,22,-2,17933.0,,27.0,1,44684.99999999996,46063.223,Lake Technical College,28,-1378.2226562500364,24,high,-0.029920239548481414,-0.028600443151711664
4805,Precision Metal Working.,135179,1,Public,1,Eustis,28.833446,-81.690874,22,-2,17933.0,,27.0,1,45651.00000000002,44071.906,Lake Technical College,26,1579.0937500000218,15,medium,0.03582993984972052,0.034111928739963826
5108,Allied Health and Medical Assisting Services.,135179,1,Public,1,Eustis,28.833446,-81.690874,22,-2,17933.0,,27.0,1,35860.000000000015,35319.95,Lake Technical College,34,540.0507812500146,33,high,0.015290247953225323,0.014749260505021044
5139,"Practical Nursing, Vocational Nursing and Nursing Assistants.",135179,1,Public,1,Eustis,28.833446,-81.690874,22,-2,17933.0,,27.0,1,54606.000000000044,52982.652,Lake Technical College,40,1623.3476562500437,47,high,0.03063922971839553,0.02973947458319308
2401,"Liberal Arts and Sciences, General Studies and Humanities.",135188,1,Public,2,Leesburg,28.828649,-81.797193,22,9,25118.0,0.911154345,23.0,1,42291.0,47626.06,Lake-Sumter State College,345,-5335.05859375,36,high,-0.11201973775025177,-0.11175228978631867
5138,"Registered Nursing, Nursing Administration, Nursing Research and Clinical Nursing.",135188,2,Public,2,Leesburg,28.828649,-81.797193,22,9,25118.0,0.911154345,23.0,1,80297.00000000004,74599.83,Lake-Sumter State College,62,5697.171875000044,58,high,0.07636977213209958,0.07502014229370188
1204,Cosmetology and Related Personal Grooming Services.,135267,1,Public,1,Fort Myers,26.647517,-81.836596,13,-2,19016.0,,26.0,1,35118.000000000015,27602.41,Fort Myers Technical College,21,7515.589843750015,80,high,0.272280203112925,0.2557209188009333
4301,Criminal Justice and Corrections.,135267,1,Public,1,Fort Myers,26.647517,-81.836596,13,-2,19016.0,,26.0,1,73378.99999999999,59998.92,Fort Myers Technical College,28,13380.078124999985,19,high,0.22300530920998296,0.213168435976433
4702,"Heating, Air Conditioning, Ventilation and Refrigeration Maintenance Technology/Technician (HAC, HACR, HVAC, HVACR).",135267,1,Public,1,Fort Myers,26.647517,-81.836596,13,-2,19016.0,,26.0,1,64718.99999999996,42935.562,Fort Myers Technical College,22,21783.437499999964,13,medium,0.5073518601276031,0.4780421876308921
4706,Vehicle Maintenance and Repair Technologies/Technicians.,135267,1,Public,1,Fort Myers,26.647517,-81.836596,13,-2,19016.0,,26.0,1,44254.99999999996,43632.54,Fort Myers Technical College,57,622.4609374999636,24,high,0.014265980180716504,0.013987944121825524
4805,Precision Metal Working.,135267,1,Public,1,Fort Myers,26.647517,-81.836596,13,-2,19016.0,,26.0,1,46510.99999999996,45317.043,Fort Myers Technical College,25,1193.9570312499636,15,medium,0.02634675506240113,0.025026659783060297
5139,"Practical Nursing, Vocational Nursing and Nursing Assistants.",135267,1,Public,1,Fort Myers,26.647517,-81.836596,13,-2,19016.0,,26.0,1,53839.00000000002,45409.664,Fort Myers Technical College,23,8429.335937500022,47,high,0.18562867864202276,0.17542102732550272
1204,Cosmetology and Related Personal Grooming Services.,135276,1,Public,1,Tallahassee,30.448534,-84.339057,12,-2,12177.0,,26.0,1,28854.000000000007,22211.717,Lively Technical College,36,6642.283203125007,80,high,0.2990441154940135,0.2891331496969907
4805,Precision Metal Working.,135276,1,Public,1,Tallahassee,30.448534,-84.339057,12,-2,12177.0,,26.0,1,49469.999999999985,44108.906,Lively Technical College,26,5361.093749999985,15,medium,0.12154220554947416,0.11571437384464485
5139,"Practical Nursing, Vocational Nursing and Nursing Assistants.",135276,1,Public,1,Tallahassee,30.448534,-84.339057,12,-2,12177.0,,26.0,1,54385.0,46049.12,Lively Technical College,28,8335.87890625,47,high,0.18102145509529355,0.17303651019584967
1204,Cosmetology and Related Personal Grooming Services.,135337,1,"Private, for-profit",1,Saint Petersburg,27.783077,-82.713964,11,-2,10398.0,0.8658536585,29.0,1,21355.999999999993,22467.217,Loraines Academy & Spa,60,-1111.2167968750073,80,high,-0.0494594771983314,-0.04855139142095712
2401,"Liberal Arts and Sciences, General Studies and Humanities.",135391,1,Public,2,Bradenton,27.43804,-82.590887,21,12,23855.0,0.8640541848,24.0,1,46790.99999999999,47170.777,State College of Florida-Manatee-Sarasota,185,-379.7773437500073,36,high,-0.008051114803184958,-0.008011449424402904
5138,"Registered Nursing, Nursing Administration, Nursing Research and Clinical Nursing.",135391,1,Public,2,Bradenton,27.43804,-82.590887,21,12,23855.0,0.8640541848,24.0,1,85535.00000000001,79156.52,State College of Florida-Manatee-Sarasota,27,6378.476562500015,58,high,0.08058055464672219,0.07687733442787527
5138,"Registered Nursing, Nursing Administration, Nursing Research and Clinical Nursing.",135391,3,Public,3,Bradenton,27.43804,-82.590887,21,12,23855.0,0.8640541848,24.0,1,84645.99999999997,90394.32,State College of Florida-Manatee-Sarasota,39,-5748.320312500029,57,high,-0.06359160943550049,-0.06166899537054226
1003,Graphic Communications.,135407,1,Public,1,Bradenton,27.447894,-82.481088,21,-2,18827.0,,26.0,1,37275.99999999999,36622.43,Manatee Technical College,20,653.5703124999927,1,low,0.01784617563817919,0.016700991214304017
1204,Cosmetology and Related Personal Grooming Services.,135407,1,Public,1,Bradenton,27.447894,-82.481088,21,-2,18827.0,,26.0,1,31647.999999999996,28421.113,Manatee Technical College,51,3226.8867187499964,80,high,0.11353836448338006,0.1110203822984103
4301,Criminal Justice and Corrections.,135407,1,Public,1,Bradenton,27.447894,-82.481088,21,-2,18827.0,,26.0,1,74620.00000000001,60800.67,Manatee Technical College,27,13819.328125000015,19,high,0.2272890693282329,0.2168436029157794
4706,Vehicle Maintenance and Repair Technologies/Technicians.,135407,1,Public,1,Bradenton,27.447894,-82.481088,21,-2,18827.0,,26.0,1,53177.000000000015,51831.926,Manatee Technical College,25,1345.0742187500146,24,high,0.025950689627599947,0.024650439073332572
4805,Precision Metal Working.,135407,1,Public,1,Bradenton,27.447894,-82.481088,21,-2,18827.0,,26.0,1,46580.99999999999,49597.75,Manatee Technical College,26,-3016.7500000000073,15,medium,-0.060824331748920206,-0.05790786361845565
5106,Dental Support Services and Allied Professions.,135407,1,Public,1,Bradenton,27.447894,-82.481088,21,-2,18827.0,,26.0,1,35280.000000000015,45449.785,Manatee Technical College,22,-10169.785156249985,17,high,-0.2237587069177046,-0.21083218602863957
5109,"Allied Health Diagnostic, Intervention, and Treatment Professions.",135407,1,Public,1,Bradenton,27.447894,-82.481088,21,-2,18827.0,,26.0,1,60814.999999999956,63390.414,Manatee Technical College,34,-2575.4140625000437,22,high,-0.04062781574451944,-0.03919035453179235
5139,"Practical Nursing, Vocational Nursing and Nursing Assistants.",135407,1,Public,1,Bradenton,27.447894,-82.481088,21,-2,18827.0,,26.0,1,58062.00000000003,58364.742,Manatee Technical College,20,-302.7421874999709,47,high,-0.005187073156725249,-0.004854220028692893
1204,Cosmetology and Related Personal Grooming Services.,135522,1,Public,1,Lakeland,27.995822,-81.892381,41,-2,16669.0,,26.0,1,27247.99999999999,26965.857,Traviss Technical College,33,282.1425781249891,80,high,0.010462955941319779,0.010079934930740728
5139,"Practical Nursing, Vocational Nursing and Nursing Assistants.",135522,1,Public,1,Lakeland,27.995822,-81.892381,41,-2,16669.0,,26.0,1,43766.00000000001,51426.066,Traviss Technical College,23,-7660.066406249993,47,high,-0.14895299099366924,-0.14076212196556895
0183,Veterinary/Animal Health Technologies/Technicians.,135717,1,Public,2,Miami,25.777717,-80.190856,11,15,18391.0,0.9677276583,22.0,1,48840.99999999996,46270.066,Miami Dade College,20,2570.9335937499636,4,low,0.055563646076866036,0.05199814143816845
1003,Graphic Communications.,135717,1,Public,2,Miami,25.777717,-80.190856,11,15,18391.0,0.9677276583,22.0,1,24972.0,37397.633,Miami Dade College,23,-12425.6328125,1,low,-0.33225720127255715,-0.31398650257015687
1101,"Computer and Information Sciences, General.",135717,1,Public,1,Miami,25.777717,-80.190856,11,15,18391.0,0.9677276583,22.0,1,49239.000000000044,49183.49,Miami Dade College,56,55.511718750043656,2,low,0.001128665751249818,0.0011062112494368212
1101,"Computer and Information Sciences, General.",135717,1,Public,2,Miami,25.777717,-80.190856,11,15,18391.0,0.9677276583,22.0,1,56697.999999999956,48875.68,Miami Dade College,27,7822.320312499956,8,medium,0.16004524873135467,0.15269008961597316
1101,"Computer and Information Sciences, General.",135717,2,Public,3,Miami,25.777717,-80.190856,11,15,18391.0,0.9677276583,22.0,1,62359.99999999997,63472.918,Miami Dade College,72,-1112.917968750029,19,high,-0.017533745168261505,-0.01727347081713103
1110,Computer/Information Technology Administration and Management.,135717,1,Public,1,Miami,25.777717,-80.190856,11,15,18391.0,0.9677276583,22.0,1,48246.00000000001,52472.215,Miami Dade College,118,-4226.214843749993,3,low,-0.08054195646847905,-0.07987093275244136
1205,Culinary Arts and Related Services.,135717,1,Public,1,Miami,25.777717,-80.190856,11,15,18391.0,0.9677276583,22.0,1,50344.00000000001,37519.16,Miami Dade College,52,12824.839843750007,6,medium,0.3418210799586255,0.3344092783357379
1205,Culinary Arts and Related Services.,135717,1,Public,2,Miami,25.777717,-80.190856,11,15,18391.0,0.9677276583,22.0,1,44370.99999999999,48504.95,Miami Dade College,22,-4133.949218750007,6,medium,-0.08522736927538095,-0.08030379162142419
1310,Special Education and Teaching.,135717,1,Public,3,Miami,25.777717,-80.190856,11,15,18391.0,0.9677276583,22.0,1,59174.00000000005,54330.58,Miami Dade College,46,4843.421875000051,6,medium,0.08914725449555579,0.08691920161176793
1312,"Teacher Education and Professional Development, Specific Levels and Methods.",135717,1,Public,3,Miami,25.777717,-80.190856,11,15,18391.0,0.9677276583,22.0,1,55275.99999999998,54045.062,Miami Dade College,45,1230.9374999999782,24,high,0.02277613241727638,0.022192239690210093
1907,"Human Development, Family Studies, and Related Services.",135717,1,Public,1,Miami,25.777717,-80.190856,11,15,18391.0,0.9677276583,22.0,1,36707.999999999985,39290.094,Miami Dade College,26,-2582.0937500000146,2,low,-0.06571869658621048,-0.0625675483753178
2203,Legal Support Services.,135717,1,Public,2,Miami,25.777717,-80.190856,11,15,18391.0,0.9677276583,22.0,1,56521.00000000002,49636.934,Miami Dade College,37,6884.066406250022,10,medium,0.13868839003215186,0.134234052516984
2401,"Liberal Arts and Sciences, General Studies and Humanities.",135717,1,Public,2,Miami,25.777717,-80.190856,11,15,18391.0,0.9677276583,22.0,1,45752.999999999985,48126.56,Miami Dade College,6114,-2373.5585937500146,36,high,-0.04931910078561609,-0.049314593071623496
2601,"Biology, General.",135717,1,Public,3,Miami,25.777717,-80.190856,11,15,18391.0,0.9677276583,22.0,1,50454.00000000004,45014.11,Miami Dade College,26,5439.890625000036,24,high,0.12084856727213736,0.11505399485469774
4301,Criminal Justice and Corrections.,135717,1,Public,1,Miami,25.777717,-80.190856,11,15,18391.0,0.9677276583,22.0,1,60899.00000000005,65773.25,Miami Dade College,79,-4874.249999999949,19,high,-0.07410687475531388,-0.07311979232478426
4304,Security Science and Technology.,135717,1,Public,1,Miami,25.777717,-80.190856,11,15,18391.0,0.9677276583,22.0,1,47662.000000000015,42917.01,Miami Dade College,28,4744.988281250015,1,low,0.11056194481446102,0.10568500336653108
4399,"Homeland Security, Law Enforcement, Firefighting and Related Protective Services, Other.",135717,1,Public,3,Miami,25.777717,-80.190856,11,15,18391.0,0.9677276583,22.0,1,60067.00000000004,52860.67,Miami Dade College,115,7206.328125000036,4,low,0.1363268356111873,0.13515631640082437
4901,Air Transportation.,135717,1,Public,2,Miami,25.777717,-80.190856,11,15,18391.0,0.9677276583,22.0,1,78725.99999999996,71521.02,Miami Dade College,23,7204.976562499956,5,low,0.10073928218877015,0.0951996668988152
5006,Film/Video and Photographic Arts.,135717,1,Public,2,Miami,25.777717,-80.190856,11,15,18391.0,0.9677276583,22.0,1,32201.99999999998,31436.572,Miami Dade College,65,765.4277343749818,4,low,0.02434832041825232,0.023941083856395103
5006,Film/Video and Photographic Arts.,135717,1,Public,3,Miami,25.777717,-80.190856,11,15,18391.0,0.9677276583,22.0,1,35402.000000000015,40104.934,Miami Dade College,45,-4702.933593749985,7,medium,-0.11726571202907804,-0.11425946868918195
5009,Music.,135717,1,Public,2,Miami,25.777717,-80.190856,11,15,18391.0,0.9677276583,22.0,1,37546.00000000001,42863.15,Miami Dade College,24,-5317.148437499993,3,low,-0.12404941380479974,-0.11754380207449067
5106,Dental Support Services and Allied Professions.,135717,1,Public,2,Miami,25.777717,-80.190856,11,15,18391.0,0.9677276583,22.0,1,50007.999999999956,65843.72,Miami Dade College,51,-15835.718750000044,10,medium,-0.24050462292578279,-0.23517086319896693
5107,Health and Medical Administrative Services.,135717,1,Public,1,Miami,25.777717,-80.190856,11,15,18391.0,0.9677276583,22.0,1,43499.999999999985,70973.25,Miami Dade College,20,-27473.250000000015,25,high,-0.38709302448457716,-0.36225336632935257
5107,Health and Medical Administrative Services.,135717,1,Public,2,Miami,25.777717,-80.190856,11,15,18391.0,0.9677276583,22.0,1,103136.99999999999,43295.754,Miami Dade College,54,59841.246093749985,15,medium,1.3821504580640076,1.3534658636460895
5108,Allied Health and Medical Assisting Services.,135717,1,Public,1,Miami,25.777717,-80.190856,11,15,18391.0,0.9677276583,22.0,1,37473.99999999999,39302.984,Miami Dade College,28,-1828.9843750000073,33,high,-0.04653550879366288,-0.04448280474601629
5108,Allied Health and Medical Assisting Services.,135717,1,Public,2,Miami,25.777717,-80.190856,11,15,18391.0,0.9677276583,22.0,1,38693.00000000002,45457.977,Miami Dade College,67,-6764.976562499978,22,high,-0.14881825092234005,-0.1464156217260818
5109,"Allied Health Diagnostic, Intervention, and Treatment Professions.",135717,1,Public,1,Miami,25.777717,-80.190856,11,15,18391.0,0.9677276583,22.0,1,66975.00000000001,66242.21,Miami Dade College,119,732.7890625000146,22,high,0.01106226758028059,0.010971009081295023
5109,"Allied Health Diagnostic, Intervention, and Treatment Professions.",135717,1,Public,2,Miami,25.777717,-80.190856,11,15,18391.0,0.9677276583,22.0,1,83387.99999999993,67926.766,Miami Dade College,187,15461.234374999927,39,high,0.22761623099141823,0.22650881184140462
5110,Clinical/Medical Laboratory Science/Research and Allied Professions.,135717,1,Public,1,Miami,25.777717,-80.190856,11,15,18391.0,0.9677276583,22.0,1,44655.999999999985,55988.113,Miami Dade College,35,-11332.113281250015,8,medium,-0.2024021281861101,-0.19547426879408653
5110,Clinical/Medical Laboratory Science/Research and Allied Professions.,135717,1,Public,2,Miami,25.777717,-80.190856,11,15,18391.0,0.9677276583,22.0,1,79084.00000000003,47099.58,Miami Dade College,40,31984.42187500003,4,low,0.6790808569476975,0.6591388905904451
5135,Somatic Bodywork and Related Therapeutic Services.,135717,1,Public,1,Miami,25.777717,-80.190856,11,15,18391.0,0.9677276583,22.0,1,36484.000000000015,37194.33,Miami Dade College,24,-710.3281249999854,25,high,-0.01909775389980876,-0.018096196794600217
5138,"Registered Nursing, Nursing Administration, Nursing Research and Clinical Nursing.",135717,1,Public,2,Miami,25.777717,-80.190856,11,15,18391.0,0.9677276583,22.0,1,88130.00000000004,68369.875,Miami Dade College,485,19760.125000000044,58,high,0.2890180068341509,0.2885524347867551
5138,"Registered Nursing, Nursing Administration, Nursing Research and Clinical Nursing.",135717,1,Public,3,Miami,25.777717,-80.190856,11,15,18391.0,0.9677276583,22.0,1,106415.00000000004,93540.32,Miami Dade College,183,12874.679687500044,57,high,0.13763775497548272,0.13695100334023022
5202,"Business Administration, Management and Operations.",135717,1,Public,1,Miami,25.777717,-80.190856,11,15,18391.0,0.9677276583,22.0,1,47193.99999999998,48845.81,Miami Dade College,1098,-1651.8085937500218,5,low,-0.03381679291028006,-0.03379543005944454
5202,"Business Administration, Management and Operations.",135717,1,Public,2,Miami,25.777717,-80.190856,11,15,18391.0,0.9677276583,22.0,1,48022.99999999996,43988.934,Miami Dade College,33,4034.0664062499636,26,high,0.09170639241918628,0.08834926511233793
5202,"Business Administration, Management and Operations.",135717,1,Public,3,Miami,25.777717,-80.190856,11,15,18391.0,0.9677276583,22.0,1,57224.99999999998,56301.234,Miami Dade College,321,923.7656249999782,58,high,0.016407555451575802,0.01636496952208175
5203,Accounting and Related Services.,135717,2,Public,2,Miami,25.777717,-80.190856,11,15,18391.0,0.9677276583,22.0,1,27076.99999999999,49741.42,Miami Dade College,22,-22664.42187500001,8,medium,-0.4556448332328661,-0.42932227114840865
5213,Management Sciences and Quantitative Methods.,135717,1,Public,1,Miami,25.777717,-80.190856,11,15,18391.0,0.9677276583,22.0,1,84483.00000000004,53704.16,Miami Dade College,36,30778.839843750044,1,low,0.5731183534795126,0.5541239773835376
0302,Environmental/Natural Resources Management and Policy.,135726,1,"Private, nonprofit",5,Coral Gables,25.72126,-80.278662,21,16,54690.0,0.4559891107,20.0,1,58938.00000000001,82359.93,University of Miami,26,-23421.929687499993,1,low,-0.2843850131534875,-0.2707490256498745
0402,Architecture.,135726,0,"Private, nonprofit",3,Coral Gables,25.72126,-80.278662,21,16,54690.0,0.4559891107,20.0,1,75633.00000000001,73975.88,University of Miami,34,1657.1171875000146,4,low,0.022400776097531137,0.021608209571738302
0904,Journalism.,135726,1,"Private, nonprofit",3,Coral Gables,25.72126,-80.278662,21,16,54690.0,0.4559891107,20.0,1,71466.0,71460.35,University of Miami,23,5.6484375,6,medium,7.904295705933961e-05,7.469641453912715e-05
0907,"Radio, Television, and Digital Communication.",135726,1,"Private, nonprofit",3,Coral Gables,25.72126,-80.278662,21,16,54690.0,0.4559891107,20.0,1,62052.999999999956,64414.58,University of Miami,40,-2361.5781250000437,7,medium,-0.03666216862302929,-0.03558554317293112
0909,"Public Relations, Advertising, and Applied Communication.",135726,1,"Private, nonprofit",3,Coral Gables,25.72126,-80.278662,21,16,54690.0,0.4559891107,20.0,1,82999.00000000004,71276.375,University of Miami,95,11722.625000000044,11,medium,0.16446718846181563,0.16270142482025932
1107,Computer Science.,135726,1,"Private, nonprofit",3,Coral Gables,25.72126,-80.278662,21,16,54690.0,0.4559891107,20.0,1,121589.00000000001,100760.34,University of Miami,43,20828.656250000015,5,low,0.20671481929119576,0.20112979174911144
1110,Computer/Information Technology Administration and Management.,135726,1,"Private, nonprofit",3,Coral Gables,25.72126,-80.278662,21,16,54690.0,0.4559891107,20.0,1,102483.99999999996,95829.92,University of Miami,28,6654.078124999956,9,medium,0.06943633047806819,0.0663734599879648
1405,Biomedical/Medical Engineering.,135726,1,"Private, nonprofit",3,Coral Gables,25.72126,-80.278662,21,16,54690.0,0.4559891107,20.0,1,98997.00000000003,99713.13,University of Miami,35,-716.1328124999709,5,low,-0.007181930727686421,-0.006936106206518766
1419,Mechanical Engineering.,135726,1,"Private, nonprofit",3,Coral Gables,25.72126,-80.278662,21,16,54690.0,0.4559891107,20.0,1,86156.00000000006,91387.234,University of Miami,24,-5231.234374999942,12,medium,-0.05724250668899774,-0.05424049715452116
1435,Industrial Engineering.,135726,1,"Private, nonprofit",3,Coral Gables,25.72126,-80.278662,21,16,54690.0,0.4559891107,20.0,1,99068.00000000004,94008.84,University of Miami,35,5059.156250000044,4,low,0.05381574805295958,0.05197373216642378
2201,Law.,135726,1,"Private, nonprofit",7,Coral Gables,25.72126,-80.278662,21,16,54690.0,0.4559891107,20.0,1,117811.0,93619.39,University of Miami,402,24191.609375,8,medium,0.25840383293992414,0.2578869068712428
2202,Legal Research and Advanced Professional Studies.,135726,2,"Private, nonprofit",5,Coral Gables,25.72126,-80.278662,21,16,54690.0,0.4559891107,20.0,1,108073.00000000007,93155.03,University of Miami,79,14917.968750000073,3,low,0.16014131013455135,0.15800827356867625
2401,"Liberal Arts and Sciences, General Studies and Humanities.",135726,1,"Private, nonprofit",3,Coral Gables,25.72126,-80.278662,21,16,54690.0,0.4559891107,20.0,1,55625.000000000015,62449.902,University of Miami,25,-6824.902343749985,12,medium,-0.109286037089104,-0.10381029704758842
2601,"Biology, General.",135726,1,"Private, nonprofit",3,Coral Gables,25.72126,-80.278662,21,16,54690.0,0.4559891107,20.0,1,51225.999999999956,65950.37,University of Miami,41,-14724.367187500044,24,high,-0.22326437009270889,-0.21689172323651548
2609,"Physiology, Pathology and Related Sciences.",135726,1,"Private, nonprofit",3,Coral Gables,25.72126,-80.278662,21,16,54690.0,0.4559891107,20.0,1,47683.00000000001,69014.75,University of Miami,23,-21331.749999999993,4,low,-0.30908972357358383,-0.29209299576816133
2609,"Physiology, Pathology and Related Sciences.",135726,1,"Private, nonprofit",5,Coral Gables,25.72126,-80.278662,21,16,54690.0,0.4559891107,20.0,1,78494.0,73815.63,University of Miami,23,4678.3671875,3,low,0.06337908393176793,0.05989389191150061
2613,"Ecology, Evolution, Systematics, and Population Biology.",135726,1,"Private, nonprofit",3,Coral Gables,25.72126,-80.278662,21,16,54690.0,0.4559891107,20.0,1,42932.00000000003,62114.434,University of Miami,22,-19182.43359374997,4,low,-0.30882409262893323,-0.29098335186221674
2613,"Ecology, Evolution, Systematics, and Population Biology.",135726,1,"Private, nonprofit",5,Coral Gables,25.72126,-80.278662,21,16,54690.0,0.4559891107,20.0,1,73546.99999999999,57935.848,University of Miami,67,15611.152343749985,2,low,0.26945583736645107,0.2651055479500226
3105,"Sports, Kinesiology, and Physical Education/Fitness.",135726,1,"Private, nonprofit",3,Coral Gables,25.72126,-80.278662,21,16,54690.0,0.4559891107,20.0,1,56288.99999999997,58343.207,University of Miami,22,-2054.207031250029,18,high,-0.03520901808071242,-0.03317499619180694
3105,"Sports, Kinesiology, and Physical Education/Fitness.",135726,2,"Private, nonprofit",5,Coral Gables,25.72126,-80.278662,21,16,54690.0,0.4559891107,20.0,1,64113.0,74447.164,University of Miami,110,-10334.1640625,6,medium,-0.13881205809027522,-0.1375565895156659
4201,"Psychology, General.",135726,1,"Private, nonprofit",3,Coral Gables,25.72126,-80.278662,21,16,54690.0,0.4559891107,20.0,1,54290.00000000001,65334.38,University of Miami,87,-11044.378906249993,29,high,-0.1690439105895207,-0.16703236791489962
4228,"Clinical, Counseling and Applied Psychology.",135726,1,"Private, nonprofit",5,Coral Gables,25.72126,-80.278662,21,16,54690.0,0.4559891107,20.0,1,62758.99999999996,76909.766,University of Miami,23,-14150.765625000036,9,medium,-0.18399179232968876,-0.1738741527766706
4504,Criminology.,135726,1,"Private, nonprofit",3,Coral Gables,25.72126,-80.278662,21,16,54690.0,0.4559891107,20.0,1,70460.99999999994,69270.266,University of Miami,32,1190.7343749999418,7,medium,0.01718968975008809,0.01653796838697655
4506,Economics.,135726,1,"Private, nonprofit",3,Coral Gables,25.72126,-80.278662,21,16,54690.0,0.4559891107,20.0,1,92998.0,75977.43,University of Miami,69,17020.5703125,8,medium,0.2240214019151041,0.22052663608302753
4509,International Relations and National Security Studies.,135726,1,"Private, nonprofit",3,Coral Gables,25.72126,-80.278662,21,16,54690.0,0.4559891107,20.0,1,84473.99999999999,69708.64,University of Miami,28,14765.359374999985,6,medium,0.21181533942729908,0.20247206123249267
4510,Political Science and Government.,135726,1,"Private, nonprofit",3,Coral Gables,25.72126,-80.278662,21,16,54690.0,0.4559891107,20.0,1,62215.99999999999,70085.94,University of Miami,68,-7869.937500000007,14,medium,-0.11228982276223397,-0.11050799424109417
4511,Sociology.,135726,1,"Private, nonprofit",3,Coral Gables,25.72126,-80.278662,21,16,54690.0,0.4559891107,20.0,1,63764.00000000004,66486.58,University of Miami,27,-2722.5781249999636,12,medium,-0.040949289341997756,-0.03906739318350728
5005,Drama/Theatre Arts and Stagecraft.,135726,1,"Private, nonprofit",3,Coral Gables,25.72126,-80.278662,21,16,54690.0,0.4559891107,20.0,1,34666.99999999997,39137.254,University of Miami,25,-4470.253906250029,11,medium,-0.11421991734417919,-0.10849696689598803
5006,Film/Video and Photographic Arts.,135726,1,"Private, nonprofit",3,Coral Gables,25.72126,-80.278662,21,16,54690.0,0.4559891107,20.0,1,52032.00000000001,55505.44,University of Miami,39,-3473.4414062499927,7,medium,-0.0625783944465466,-0.06068641369006856
5009,Music.,135726,1,"Private, nonprofit",3,Coral Gables,25.72126,-80.278662,21,16,54690.0,0.4559891107,20.0,1,29089.999999999985,55864.535,University of Miami,44,-26774.535156250015,10,medium,-0.47927607526605437,-0.466666104765238
5009,Music.,135726,1,"Private, nonprofit",5,Coral Gables,25.72126,-80.278662,21,16,54690.0,0.4559891107,20.0,1,55826.000000000015,48699.066,University of Miami,39,7126.933593750015,4,low,0.1463464111261761,0.14192180745778285
5010,"Arts, Entertainment, and Media Management.",135726,2,"Private, nonprofit",5,Coral Gables,25.72126,-80.278662,21,16,54690.0,0.4559891107,20.0,1,56105.999999999956,78791.77,University of Miami,20,-22685.773437500044,2,low,-0.2879205841901132,-0.269444795594703
5100,"Health Services/Allied Health/Health Sciences, General.",135726,1,"Private, nonprofit",3,Coral Gables,25.72126,-80.278662,21,16,54690.0,0.4559891107,20.0,1,66064.0,69278.52,University of Miami,22,-3214.5234375,15,medium,-0.04639999927827561,-0.04371947538633237
5107,Health and Medical Administrative Services.,135726,1,"Private, nonprofit",5,Coral Gables,25.72126,-80.278662,21,16,54690.0,0.4559891107,20.0,1,207995.00000000017,100772.836,University of Miami,28,107222.16406250017,12,medium,1.0639986764786504,1.0170651745891048
5112,Medicine.,135726,1,"Private, nonprofit",7,Coral Gables,25.72126,-80.278662,21,16,54690.0,0.4559891107,20.0,1,94677.99999999994,125182.73,University of Miami,249,-30504.72656250006,7,medium,-0.24368159569739006,-0.24283221194277607
5115,Mental and Social Health Services and Allied Professions.,135726,1,"Private, nonprofit",5,Coral Gables,25.72126,-80.278662,21,16,54690.0,0.4559891107,20.0,1,63911.00000000003,57881.89,University of Miami,24,6029.109375000029,12,medium,0.1041622744160325,0.09869961809616527
5123,Rehabilitation and Therapeutic Professions.,135726,1,"Private, nonprofit",6,Coral Gables,25.72126,-80.278662,21,16,54690.0,0.4559891107,20.0,1,82300.00000000003,91598.74,University of Miami,85,-9298.74218749997,8,medium,-0.1015160466774283,-0.10027475792532668
5138,"Registered Nursing, Nursing Administration, Nursing Research and Clinical Nursing.",135726,1,"Private, nonprofit",3,Coral Gables,25.72126,-80.278662,21,16,54690.0,0.4559891107,20.0,1,92554.99999999993,92689.875,University of Miami,229,-134.87500000007276,57,high,-0.0014551211769362378,-0.0014495302542391936
5138,"Registered Nursing, Nursing Administration, Nursing Research and Clinical Nursing.",135726,1,"Private, nonprofit",5,Coral Gables,25.72126,-80.278662,21,16,54690.0,0.4559891107,20.0,1,120981.99999999994,121645.59,University of Miami,236,-663.5937500000582,18,high,-0.005455140046945253,-0.005434901782229326
5138,"Registered Nursing, Nursing Administration, Nursing Research and Clinical Nursing.",135726,1,"Private, nonprofit",6,Coral Gables,25.72126,-80.278662,21,16,54690.0,0.4559891107,20.0,1,174255.00000000006,124828.18,University of Miami,74,49426.82031250006,8,medium,0.3959588326629227,0.3902661941056454
5202,"Business Administration, Management and Operations.",135726,1,"Private, nonprofit",3,Coral Gables,25.72126,-80.278662,21,16,54690.0,0.4559891107,20.0,1,66065.00000000001,81053.22,University of Miami,50,-14988.218749999985,58,high,-0.18491824237393392,-0.18072197192805772
5202,"Business Administration, Management and Operations.",135726,2,"Private, nonprofit",5,Coral Gables,25.72126,-80.278662,21,16,54690.0,0.4559891107,20.0,1,128051.99999999988,79650.625,University of Miami,195,48401.37499999988,35,high,0.6076710006983609,0.6048554531799549
5203,Accounting and Related Services.,135726,1,"Private, nonprofit",3,Coral Gables,25.72126,-80.278662,21,16,54690.0,0.4559891107,20.0,1,102343.99999999996,79521.29,University of Miami,49,22822.710937499956,24,high,0.2870012698054024,0.28033416696475827
5203,Accounting and Related Services.,135726,0,"Private, nonprofit",5,Coral Gables,25.72126,-80.278662,21,16,54690.0,0.4559891107,20.0,1,105675.00000000001,113617.91,University of Miami,63,-7942.906249999985,19,high,-0.06990892995794828,-0.06869629559969902
5208,Finance and Financial Management Services.,135726,1,"Private, nonprofit",3,Coral Gables,25.72126,-80.278662,21,16,54690.0,0.4559891107,20.0,1,110239.99999999999,83911.88,University of Miami,122,26328.117187499985,15,medium,0.31375910425380177,0.3112450230418502
5208,Finance and Financial Management Services.,135726,2,"Private, nonprofit",5,Coral Gables,25.72126,-80.278662,21,16,54690.0,0.4559891107,20.0,1,112490.99999999999,103164.96,University of Miami,43,9326.039062499985,6,medium,0.09039928845754075,0.0879568776156312
5214,Marketing.,135726,1,"Private, nonprofit",3,Coral Gables,25.72126,-80.278662,21,16,54690.0,0.4559891107,20.0,1,85934.99999999996,75806.05,University of Miami,78,10128.953124999956,17,high,0.13361669078592164,0.13181026689788658
1204,Cosmetology and Related Personal Grooming Services.,136109,1,"Private, for-profit",1,Jacksonville,30.259433,-81.527515,11,-2,23659.0,0.7439886846,25.0,1,31923.000000000004,30008.748,Paul Mitchell the School-Jacksonville,363,1914.2519531250036,80,high,0.06378979723295543,0.06364620576507722
2401,"Liberal Arts and Sciences, General Studies and Humanities.",136145,1,Public,2,Madison,30.473841,-83.420732,42,6,17842.0,,24.0,1,40261.00000000001,44806.598,North Florida College,116,-4545.597656249993,36,high,-0.10144929305106332,-0.10058701346505958
5138,"Registered Nursing, Nursing Administration, Nursing Research and Clinical Nursing.",136145,1,Public,2,Madison,30.473841,-83.420732,42,6,17842.0,,24.0,1,70310.0,76130.836,North Florida College,53,-5820.8359375,58,high,-0.07645832159624052,-0.07483671186450315
0901,Communication and Media Studies.,136172,1,Public,3,Jacksonville,30.27194,-81.509144,11,15,37074.0,0.6143506622,22.0,1,54359.999999999956,55611.516,University of North Florida,268,-1251.5156250000437,15,medium,-0.0225046127755135,-0.022432595662030836
1101,"Computer and Information Sciences, General.",136172,1,Public,3,Jacksonville,30.27194,-81.509144,11,15,37074.0,0.6143506622,22.0,1,84034.0,94374.09,University of North Florida,152,-10340.09375,19,high,-0.10956495939861674,-0.10888600905536233
1304,Educational Administration and Supervision.,136172,1,Public,5,Jacksonville,30.27194,-81.509144,11,15,37074.0,0.6143506622,22.0,1,64988.99999999995,69077.97,University of North Florida,60,-4088.968750000051,20,high,-0.059193529051186106,-0.058106724157789724
1310,Special Education and Teaching.,136172,1,Public,3,Jacksonville,30.27194,-81.509144,11,15,37074.0,0.6143506622,22.0,1,59429.000000000015,53140.18,University of North Florida,21,6288.820312500015,6,medium,0.11834397906598186,0.11114664494634617
1311,Student Counseling and Personnel Services.,136172,1,Public,5,Jacksonville,30.27194,-81.509144,11,15,37074.0,0.6143506622,22.0,1,60301.99999999996,55352.195,University of North Florida,26,4949.804687499964,9,medium,0.08942381886671379,0.08513603287169814
1312,"Teacher Education and Professional Development, Specific Levels and Methods.",136172,1,Public,3,Jacksonville,30.27194,-81.509144,11,15,37074.0,0.6143506622,22.0,1,49545.00000000003,49921.914,University of North Florida,104,-376.9140624999709,24,high,-0.007550072339535928,-0.007477156108628459
1312,"Teacher Education and Professional Development, Specific Levels and Methods.",136172,1,Public,5,Jacksonville,30.27194,-81.509144,11,15,37074.0,0.6143506622,22.0,1,54129.99999999996,55352.46,University of North Florida,22,-1222.4609375000364,7,medium,-0.022085033199885203,-0.02080918276739675
1408,Civil Engineering.,136172,1,Public,3,Jacksonville,30.27194,-81.509144,11,15,37074.0,0.6143506622,22.0,1,77498.00000000004,75078.375,University of North Florida,34,2419.6250000000437,8,medium,0.032227988418769636,0.031087723246565578
1410,"Electrical, Electronics, and Communications Engineering.",136172,1,Public,3,Jacksonville,30.27194,-81.509144,11,15,37074.0,0.6143506622,22.0,1,90943.99999999997,87944.1,University of North Florida,34,2999.898437499971,10,medium,0.03411142287203886,0.032904519513073466
1419,Mechanical Engineering.,136172,1,Public,3,Jacksonville,30.27194,-81.509144,11,15,37074.0,0.6143506622,22.0,1,85994.99999999993,83715.73,University of North Florida,85,2279.2734374999272,12,medium,0.02722634720010798,0.02689343669338095
1510,Construction Engineering Technology/Technician.,136172,1,Public,3,Jacksonville,30.27194,-81.509144,11,15,37074.0,0.6143506622,22.0,1,94692.00000000001,79519.77,University of North Florida,42,15172.226562500015,5,low,0.19079816134567965,0.18550134866823637
2301,"English Language and Literature, General.",136172,1,Public,3,Jacksonville,30.27194,-81.509144,11,15,37074.0,0.6143506622,22.0,1,42390.00000000004,44071.527,University of North Florida,93,-1681.5273437499636,11,medium,-0.03815450575684279,-0.037734547086540775
2601,"Biology, General.",136172,1,Public,3,Jacksonville,30.27194,-81.509144,11,15,37074.0,0.6143506622,22.0,1,55828.000000000044,50118.734,University of North Florida,84,5709.265625000044,24,high,0.11391480044731364,0.11250250199706803
2701,Mathematics.,136172,1,Public,3,Jacksonville,30.27194,-81.509144,11,15,37074.0,0.6143506622,22.0,1,62630.99999999995,65487.65,University of North Florida,20,-2856.648437500051,6,medium,-0.04362117904151612,-0.0408220193894871
3000,"Multi-/Interdisciplinary Studies, General.",136172,1,Public,3,Jacksonville,30.27194,-81.509144,11,15,37074.0,0.6143506622,22.0,1,49803.99999999996,52491.035,University of North Florida,96,-2687.0351562500364,7,medium,-0.051190363235389474,-0.05064745979529924
3105,"Sports, Kinesiology, and Physical Education/Fitness.",136172,1,Public,3,Jacksonville,30.27194,-81.509144,11,15,37074.0,0.6143506622,22.0,1,51606.00000000004,51082.0,University of North Florida,76,524.0000000000364,18,high,0.010258016522454805,0.010115061108669839
4301,Criminal Justice and Corrections.,136172,1,Public,3,Jacksonville,30.27194,-81.509144,11,15,37074.0,0.6143506622,22.0,1,51654.00000000001,56583.348,University of North Florida,172,-4929.347656249993,23,high,-0.08711657864777313,-0.08664929798934316
4404,Public Administration.,136172,1,Public,5,Jacksonville,30.27194,-81.509144,11,15,37074.0,0.6143506622,22.0,1,67442.0,70040.9,University of North Florida,20,-2598.8984375,10,medium,-0.03710544118475422,-0.03472439472710923
4407,Social Work.,136172,1,Public,3,Jacksonville,30.27194,-81.509144,11,15,37074.0,0.6143506622,22.0,1,47659.00000000001,51881.277,University of North Florida,39,-4222.277343749993,12,medium,-0.08138345005992108,-0.0789229215856617
4502,Anthropology.,136172,1,Public,3,Jacksonville,30.27194,-81.509144,11,15,37074.0,0.6143506622,22.0,1,48131.99999999996,41473.406,University of North Florida,33,6658.593749999964,7,medium,0.16055092532940826,0.15467358263448003
4506,Economics.,136172,1,Public,3,Jacksonville,30.27194,-81.509144,11,15,37074.0,0.6143506622,22.0,1,75014.00000000003,68235.04,University of North Florida,31,6778.960937500029,8,medium,0.09934721267310814,0.09544212439049396
4510,Political Science and Government.,136172,1,Public,3,Jacksonville,30.27194,-81.509144,11,15,37074.0,0.6143506622,22.0,1,58718.00000000005,56051.586,University of North Florida,92,2666.414062500051,14,medium,0.04757071575946523,0.04704045278019695
4511,Sociology.,136172,1,Public,3,Jacksonville,30.27194,-81.509144,11,15,37074.0,0.6143506622,22.0,1,44152.000000000015,48470.03,University of North Florida,66,-4318.031249999985,12,medium,-0.08908661988948038,-0.08762289536690514
5007,Fine and Studio Arts.,136172,1,Public,3,Jacksonville,30.27194,-81.509144,11,15,37074.0,0.6143506622,22.0,1,43803.999999999985,38061.477,University of North Florida,79,5742.523437499985,12,medium,0.15087495168691895,0.14886534037205934
5009,Music.,136172,1,Public,3,Jacksonville,30.27194,-81.509144,11,15,37074.0,0.6143506622,22.0,1,33840.99999999998,42006.086,University of North Florida,40,-8165.085937500022,10,medium,-0.1943786419341399,-0.1886704964337027
5100,"Health Services/Allied Health/Health Sciences, General.",136172,1,Public,3,Jacksonville,30.27194,-81.509144,11,15,37074.0,0.6143506622,22.0,1,53539.999999999956,56613.19,University of North Florida,161,-3073.1914062500437,15,medium,-0.05428401632045722,-0.053969488876028746
5100,"Health Services/Allied Health/Health Sciences, General.",136172,1,Public,5,Jacksonville,30.27194,-81.509144,11,15,37074.0,0.6143506622,22.0,1,55761.99999999997,68771.72,University of North Florida,20,-13009.71875000003,4,low,-0.18917251141116825,-0.17703336082307503
5107,Health and Medical Administrative Services.,136172,1,Public,3,Jacksonville,30.27194,-81.509144,11,15,37074.0,0.6143506622,22.0,1,55345.00000000001,66396.86,University of North Florida,100,-11051.859374999993,18,high,-0.16645153820575556,-0.1647685331816966
5107,Health and Medical Administrative Services.,136172,1,Public,5,Jacksonville,30.27194,-81.509144,11,15,37074.0,0.6143506622,22.0,1,84975.99999999996,77519.336,University of North Florida,28,7456.664062499956,12,medium,0.09619102088944487,0.09194798792288773
5109,"Allied Health Diagnostic, Intervention, and Treatment Professions.",136172,1,Public,3,Jacksonville,30.27194,-81.509144,11,15,37074.0,0.6143506622,22.0,1,56179.00000000002,59367.87,University of North Florida,28,-3188.871093749978,7,medium,-0.053713751815595914,-0.05134441195826158
5115,Mental and Social Health Services and Allied Professions.,136172,1,Public,5,Jacksonville,30.27194,-81.509144,11,15,37074.0,0.6143506622,22.0,1,59695.999999999956,55907.17,University of North Florida,45,3788.8281249999563,12,medium,0.06776998366991635,0.06603262107238202
5122,Public Health.,136172,1,Public,5,Jacksonville,30.27194,-81.509144,11,15,37074.0,0.6143506622,22.0,1,63366.999999999985,72237.57,University of North Florida,25,-8870.570312500015,11,medium,-0.1227971853721809,-0.11664447380135479
5123,Rehabilitation and Therapeutic Professions.,136172,0,Public,6,Jacksonville,30.27194,-81.509144,11,15,37074.0,0.6143506622,22.0,1,85171.00000000003,75562.875,University of North Florida,48,9608.12500000003,8,medium,0.1271540422462754,0.12412882340552663
5131,Dietetics and Clinical Nutrition Services.,136172,1,Public,3,Jacksonville,30.27194,-81.509144,11,15,37074.0,0.6143506622,22.0,1,54951.999999999956,56560.418,University of North Florida,78,-1608.4179687500437,4,low,-0.028437165539312404,-0.028052710761723842
5131,Dietetics and Clinical Nutrition Services.,136172,3,Public,5,Jacksonville,30.27194,-81.509144,11,15,37074.0,0.6143506622,22.0,1,66348.00000000004,68572.44,University of North Florida,20,-2224.4374999999563,2,low,-0.032439236245611895,-0.03035761893868552
5138,"Registered Nursing, Nursing Administration, Nursing Research and Clinical Nursing.",136172,2,Public,3,Jacksonville,30.27194,-81.509144,11,15,37074.0,0.6143506622,22.0,1,79454.00000000004,86157.94,University of North Florida,224,-6703.937499999956,57,high,-0.07780986516767485,-0.07750311907384398
5138,"Registered Nursing, Nursing Administration, Nursing Research and Clinical Nursing.",136172,0,Public,6,Jacksonville,30.27194,-81.509144,11,15,37074.0,0.6143506622,22.0,1,135151.0000000001,123702.82,University of North Florida,124,11448.179687500087,8,medium,0.09254582602546585,0.09181824544290787
5201,"Business/Commerce, General.",136172,1,Public,5,Jacksonville,30.27194,-81.509144,11,15,37074.0,0.6143506622,22.0,1,81375.99999999994,80380.74,University of North Florida,41,995.2578124999418,3,low,0.0123817942633368,0.012028380047474582
5202,"Business Administration, Management and Operations.",136172,1,Public,3,Jacksonville,30.27194,-81.509144,11,15,37074.0,0.6143506622,22.0,1,65768.00000000003,63349.312,University of North Florida,218,2418.687500000029,58,high,0.03818016967429645,0.03802481956037623
5202,"Business Administration, Management and Operations.",136172,1,Public,5,Jacksonville,30.27194,-81.509144,11,15,37074.0,0.6143506622,22.0,1,99022.99999999996,95784.875,University of North Florida,136,3238.1249999999563,35,high,0.03380622462575596,0.03356765555348934
5203,Accounting and Related Services.,136172,1,Public,3,Jacksonville,30.27194,-81.509144,11,15,37074.0,0.6143506622,22.0,1,73868.00000000001,77385.8,University of North Florida,103,-3517.7968749999854,24,high,-0.04545791368773038,-0.04501390547398059
5203,Accounting and Related Services.,136172,1,Public,5,Jacksonville,30.27194,-81.509144,11,15,37074.0,0.6143506622,22.0,1,110978.99999999999,83002.33,University of North Florida,33,27976.671874999985,19,high,0.3370588814432726,0.3247200515639257
5208,Finance and Financial Management Services.,136172,1,Public,3,Jacksonville,30.27194,-81.509144,11,15,37074.0,0.6143506622,22.0,1,75475.00000000004,72623.49,University of North Florida,142,2851.5078125000437,15,medium,0.039264261833319644,0.039000811267141264
5211,International Business.,136172,1,Public,3,Jacksonville,30.27194,-81.509144,11,15,37074.0,0.6143506622,22.0,1,68526.99999999997,62430.133,University of North Florida,39,6096.867187499971,7,medium,0.0976590456056059,0.09470644452633653
5214,Marketing.,136172,1,Public,3,Jacksonville,30.27194,-81.509144,11,15,37074.0,0.6143506622,22.0,1,62294.000000000044,60525.92,University of North Florida,122,1768.0781250000437,17,high,0.029211915659071382,0.02897784714176653
5401,History.,136172,1,Public,3,Jacksonville,30.27194,-81.509144,11,15,37074.0,0.6143506622,22.0,1,49611.00000000003,47459.75,University of North Florida,43,2151.250000000029,9,medium,0.045327883100944044,0.0441032129180747
1101,"Computer and Information Sciences, General.",136215,2,"Private, nonprofit",5,Fort Lauderdale,26.082288,-80.249891,21,16,31002.0,0.6566484517,24.0,1,103719.99999999996,97735.56,Nova Southeastern University,24,5984.437499999956,5,low,0.06123091070356255,0.05801973445763988
1104,Information Science/Studies.,136215,3,"Private, nonprofit",5,Fort Lauderdale,26.082288,-80.249891,21,16,31002.0,0.6566484517,24.0,1,105187.00000000001,78528.31,Nova Southeastern University,69,26658.687500000015,5,low,0.3394786752867001,0.33418275951718723
1301,"Education, General.",136215,3,"Private, nonprofit",6,Fort Lauderdale,26.082288,-80.249891,21,16,31002.0,0.6566484517,24.0,1,81299.00000000003,101192.05,Nova Southeastern University,546,-19893.04687499997,2,low,-0.1965870588582258,-0.19631076345328013
1303,Curriculum and Instruction.,136215,3,"Private, nonprofit",5,Fort Lauderdale,26.082288,-80.249891,21,16,31002.0,0.6566484517,24.0,1,57179.99999999996,64368.152,Nova Southeastern University,23,-7188.152343750036,7,medium,-0.11167249768740627,-0.10553166898368958
1304,Educational Administration and Supervision.,136215,2,"Private, nonprofit",5,Fort Lauderdale,26.082288,-80.249891,21,16,31002.0,0.6566484517,24.0,1,70069.0,80434.5,Nova Southeastern University,149,-10365.5,20,high,-0.12886883116075815,-0.12805144213666375
1310,Special Education and Teaching.,136215,3,"Private, nonprofit",5,Fort Lauderdale,26.082288,-80.249891,21,16,31002.0,0.6566484517,24.0,1,58972.00000000005,67307.46,Nova Southeastern University,40,-8335.460937499949,8,medium,-0.12384155963393191,-0.1202048141851646
1311,Student Counseling and Personnel Services.,136215,2,"Private, nonprofit",5,Fort Lauderdale,26.082288,-80.249891,21,16,31002.0,0.6566484517,24.0,1,58880.0,72025.15,Nova Southeastern University,38,-13145.1484375,9,medium,-0.18250775906288808,-0.1768227144710518
1312,"Teacher Education and Professional Development, Specific Levels and Methods.",136215,3,"Private, nonprofit",5,Fort Lauderdale,26.082288,-80.249891,21,16,31002.0,0.6566484517,24.0,1,57713.000000000044,70152.87,Nova Southeastern University,23,-12439.867187499956,7,medium,-0.177325142737951,-0.16757409974199344
1313,"Teacher Education and Professional Development, Specific Subject Areas.",136215,2,"Private, nonprofit",5,Fort Lauderdale,26.082288,-80.249891,21,16,31002.0,0.6566484517,24.0,1,64173.99999999998,67340.914,Nova Southeastern University,116,-3166.914062500022,8,medium,-0.04702808250509886,-0.046628362070451415
1313,"Teacher Education and Professional Development, Specific Subject Areas.",136215,3,"Private, nonprofit",6,Fort Lauderdale,26.082288,-80.249891,21,16,31002.0,0.6566484517,24.0,1,55150.99999999996,83303.35,Nova Southeastern University,21,-28152.351562500036,2,low,-0.3379498067539116,-0.31739668952673034
1907,"Human Development, Family Studies, and Related Services.",136215,3,"Private, nonprofit",5,Fort Lauderdale,26.082288,-80.249891,21,16,31002.0,0.6566484517,24.0,1,61759.999999999985,57496.55,Nova Southeastern University,91,4263.449218749985,1,low,0.07415139101075127,0.07331420565893396
2201,Law.,136215,2,"Private, nonprofit",7,Fort Lauderdale,26.082288,-80.249891,21,16,31002.0,0.6566484517,24.0,1,96470.00000000003,103785.664,Nova Southeastern University,470,-7315.664062499971,8,medium,-0.0704881943819761,-0.07037045936986773
2202,Legal Research and Advanced Professional Studies.,136215,2,"Private, nonprofit",5,Fort Lauderdale,26.082288,-80.249891,21,16,31002.0,0.6566484517,24.0,1,91014.00000000006,117777.86,Nova Southeastern University,53,-26763.85937499994,3,low,-0.2272401580146306,-0.22242060608117328
2601,"Biology, General.",136215,2,"Private, nonprofit",3,Fort Lauderdale,26.082288,-80.249891,21,16,31002.0,0.6566484517,24.0,1,57249.000000000015,59620.695,Nova Southeastern University,85,-2371.6953124999854,24,high,-0.039779732525238407,-0.03929332533976072
2609,"Physiology, Pathology and Related Sciences.",136215,2,"Private, nonprofit",3,Fort Lauderdale,26.082288,-80.249891,21,16,31002.0,0.6566484517,24.0,1,122808.99999999997,59851.875,Nova Southeastern University,115,62957.12499999997,4,low,1.0518822509737575,1.0428506587983462
2613,"Ecology, Evolution, Systematics, and Population Biology.",136215,2,"Private, nonprofit",5,Fort Lauderdale,26.082288,-80.249891,21,16,31002.0,0.6566484517,24.0,1,62654.99999999999,61962.438,Nova Southeastern University,34,692.5624999999927,2,low,0.011177134534127917,0.01078167400867723
3105,"Sports, Kinesiology, and Physical Education/Fitness.",136215,2,"Private, nonprofit",3,Fort Lauderdale,26.082288,-80.249891,21,16,31002.0,0.6566484517,24.0,1,55487.0,55799.04,Nova Southeastern University,38,-312.0390625,18,high,-0.005592194198012762,-0.005417999558041561
4201,"Psychology, General.",136215,2,"Private, nonprofit",3,Fort Lauderdale,26.082288,-80.249891,21,16,31002.0,0.6566484517,24.0,1,50563.00000000002,52832.145,Nova Southeastern University,45,-2269.144531249978,29,high,-0.0429500742660141,-0.04184899900304013
4228,"Clinical, Counseling and Applied Psychology.",136215,2,"Private, nonprofit",5,Fort Lauderdale,26.082288,-80.249891,21,16,31002.0,0.6566484517,24.0,1,64895.99999999994,77290.5,Nova Southeastern University,346,-12394.500000000058,9,medium,-0.1603625283831785,-0.1599809426522117
4228,"Clinical, Counseling and Applied Psychology.",136215,2,"Private, nonprofit",6,Fort Lauderdale,26.082288,-80.249891,21,16,31002.0,0.6566484517,24.0,1,99427.99999999997,100566.91,Nova Southeastern University,108,-1138.906250000029,3,low,-0.01132486115431267,-0.011220212612299605
4301,Criminal Justice and Corrections.,136215,3,"Private, nonprofit",5,Fort Lauderdale,26.082288,-80.249891,21,16,31002.0,0.6566484517,24.0,1,61713.00000000003,69383.66,Nova Southeastern University,55,-7670.656249999971,10,medium,-0.11055422363966257,-0.10830822483916831
4404,Public Administration.,136215,2,"Private, nonprofit",5,Fort Lauderdale,26.082288,-80.249891,21,16,31002.0,0.6566484517,24.0,1,71298.00000000003,88728.15,Nova Southeastern University,31,-17430.14843749997,10,medium,-0.19644440625037662,-0.188722672259131
4407,Social Work.,136215,3,"Private, nonprofit",5,Fort Lauderdale,26.082288,-80.249891,21,16,31002.0,0.6566484517,24.0,1,62201.99999999999,69500.48,Nova Southeastern University,51,-7298.476562500007,9,medium,-0.10501333118107002,-0.1026844118038936
5100,"Health Services/Allied Health/Health Sciences, General.",136215,2,"Private, nonprofit",3,Fort Lauderdale,26.082288,-80.249891,21,16,31002.0,0.6566484517,24.0,1,82726.99999999996,71257.414,Nova Southeastern University,20,11469.585937499956,15,medium,0.16095989573014766,0.15063114131262453
5100,"Health Services/Allied Health/Health Sciences, General.",136215,2,"Private, nonprofit",5,Fort Lauderdale,26.082288,-80.249891,21,16,31002.0,0.6566484517,24.0,1,85889.00000000006,80988.31,Nova Southeastern University,47,4900.687500000058,4,low,0.06051104596110776,0.05903586110487527
5100,"Health Services/Allied Health/Health Sciences, General.",136215,2,"Private, nonprofit",6,Fort Lauderdale,26.082288,-80.249891,21,16,31002.0,0.6566484517,24.0,1,114954.00000000009,102168.34,Nova Southeastern University,74,12785.656250000087,1,low,0.12514303140007677,0.12334386950000849
5102,Communication Disorders Sciences and Services.,136215,2,"Private, nonprofit",5,Fort Lauderdale,26.082288,-80.249891,21,16,31002.0,0.6566484517,24.0,1,67111.00000000004,78380.695,Nova Southeastern University,377,-11269.695312499956,8,medium,-0.14378151747146709,-0.1434717270003792
5102,Communication Disorders Sciences and Services.,136215,0,"Private, nonprofit",6,Fort Lauderdale,26.082288,-80.249891,21,16,31002.0,0.6566484517,24.0,1,96693.99999999993,114710.79,Nova Southeastern University,29,-18016.789062500073,2,low,-0.15706272452440068,-0.15040400710222152
5108,Allied Health and Medical Assisting Services.,136215,2,"Private, nonprofit",5,Fort Lauderdale,26.082288,-80.249891,21,16,31002.0,0.6566484517,24.0,1,221571.00000000003,97601.15,Nova Southeastern University,108,123969.85156250003,2,low,1.270167959569508,1.258430842154162
5109,"Allied Health Diagnostic, Intervention, and Treatment Professions.",136215,2,"Private, nonprofit",3,Fort Lauderdale,26.082288,-80.249891,21,16,31002.0,0.6566484517,24.0,1,83249.99999999997,100246.13,Nova Southeastern University,84,-16996.13281250003,7,medium,-0.16954402464870674,-0.16744204349858816
5109,"Allied Health Diagnostic, Intervention, and Treatment Professions.",136215,2,"Private, nonprofit",5,Fort Lauderdale,26.082288,-80.249891,21,16,31002.0,0.6566484517,24.0,1,129748.99999999988,113836.13,Nova Southeastern University,415,15912.867187499884,9,medium,0.13978748921232276,0.13951794511983742
5112,Medicine.,136215,0,"Private, nonprofit",6,Fort Lauderdale,26.082288,-80.249891,21,16,31002.0,0.6566484517,24.0,1,130216.99999999994,120487.33,Nova Southeastern University,373,9729.671874999942,1,low,0.08075265695082773,0.08057650805928972
5115,Mental and Social Health Services and Allied Professions.,136215,2,"Private, nonprofit",5,Fort Lauderdale,26.082288,-80.249891,21,16,31002.0,0.6566484517,24.0,1,55344.00000000003,68999.35,Nova Southeastern University,191,-13655.35156249997,12,medium,-0.1979055056790045,-0.19696611268207692
5115,Mental and Social Health Services and Allied Professions.,136215,2,"Private, nonprofit",6,Fort Lauderdale,26.082288,-80.249891,21,16,31002.0,0.6566484517,24.0,1,62582.99999999999,91039.375,Nova Southeastern University,35,-28456.375000000007,1,low,-0.3125721700088561,-0.30187338900745336
5122,Public Health.,136215,2,"Private, nonprofit",5,Fort Lauderdale,26.082288,-80.249891,21,16,31002.0,0.6566484517,24.0,1,98337.99999999996,81020.06,Nova Southeastern University,91,17317.937499999956,11,medium,0.21374875513086597,0.2113354851392241
5123,Rehabilitation and Therapeutic Professions.,136215,2,"Private, nonprofit",5,Fort Lauderdale,26.082288,-80.249891,21,16,31002.0,0.6566484517,24.0,1,73781.00000000006,75416.164,Nova Southeastern University,84,-1635.1640624999418,9,medium,-0.02168187792135416,-0.021413069281331076
5123,Rehabilitation and Therapeutic Professions.,136215,2,"Private, nonprofit",6,Fort Lauderdale,26.082288,-80.249891,21,16,31002.0,0.6566484517,24.0,1,80533.00000000004,92445.88,Nova Southeastern University,217,-11912.882812499956,8,medium,-0.12886331386614402,-0.12833617101118774
5138,"Registered Nursing, Nursing Administration, Nursing Research and Clinical Nursing.",136215,3,"Private, nonprofit",3,Fort Lauderdale,26.082288,-80.249891,21,16,31002.0,0.6566484517,24.0,1,88003.99999999999,88205.49,Nova Southeastern University,469,-201.49218750001455,57,high,-0.0022843496760008887,-0.0022805247912908995
5138,"Registered Nursing, Nursing Administration, Nursing Research and Clinical Nursing.",136215,2,"Private, nonprofit",5,Fort Lauderdale,26.082288,-80.249891,21,16,31002.0,0.6566484517,24.0,1,113591.99999999996,118072.97,Nova Southeastern University,255,-4480.968750000044,18,high,-0.037950843427065464,-0.03782217250777273
5202,"Business Administration, Management and Operations.",136215,2,"Private, nonprofit",3,Fort Lauderdale,26.082288,-80.249891,21,16,31002.0,0.6566484517,24.0,1,67851.00000000006,72023.7,Nova Southeastern University,62,-4172.703124999942,58,high,-0.05793513723888995,-0.05691128987459479
5202,"Business Administration, Management and Operations.",136215,2,"Private, nonprofit",5,Fort Lauderdale,26.082288,-80.249891,21,16,31002.0,0.6566484517,24.0,1,86083.00000000001,92414.32,Nova Southeastern University,856,-6331.320312499985,35,high,-0.06851016477847328,-0.0684526678717446
5203,Accounting and Related Services.,136215,2,"Private, nonprofit",5,Fort Lauderdale,26.082288,-80.249891,21,16,31002.0,0.6566484517,24.0,1,96451.00000000003,89300.734,Nova Southeastern University,122,7150.265625000029,19,high,0.08006950530746998,0.07942792635019155
5208,Finance and Financial Management Services.,136215,2,"Private, nonprofit",3,Fort Lauderdale,26.082288,-80.249891,21,16,31002.0,0.6566484517,24.0,1,66301.99999999999,78799.055,Nova Southeastern University,31,-12497.054687500015,15,medium,-0.1585939671111618,-0.15236003838789788
5210,Human Resources Management and Services.,136215,2,"Private, nonprofit",5,Fort Lauderdale,26.082288,-80.249891,21,16,31002.0,0.6566484517,24.0,1,67513.00000000004,86846.85,Nova Southeastern University,67,-19333.851562499956,7,medium,-0.22262006295744874,-0.2190259240691108
1312,"Teacher Education and Professional Development, Specific Levels and Methods.",136233,1,Public,3,Niceville,30.540017,-86.47456,22,9,23721.0,0.9132875858,25.0,1,51899.99999999996,49174.344,Northwest Florida State College,34,2725.6562499999636,24,high,0.05542842145198864,0.05346729692536006
2401,"Liberal Arts and Sciences, General Studies and Humanities.",136233,3,Public,2,Niceville,30.540017,-86.47456,22,9,23721.0,0.9132875858,25.0,1,46360.99999999998,45444.625,Northwest Florida State College,330,916.3749999999782,36,high,0.020164650935066097,0.020113963951334392
4301,Criminal Justice and Corrections.,136233,1,Public,1,Niceville,30.540017,-86.47456,22,9,23721.0,0.9132875858,25.0,1,52765.999999999985,53402.934,Northwest Florida State College,49,-636.9335937500146,19,high,-0.011926940167656969,-0.011649874715208293
4805,Precision Metal Working.,136233,1,Public,1,Niceville,30.540017,-86.47456,22,9,23721.0,0.9132875858,25.0,1,58333.000000000015,46968.105,Northwest Florida State College,20,11364.894531250015,15,medium,0.2419704694883125,0.22644328773722838
5109,"Allied Health Diagnostic, Intervention, and Treatment Professions.",136233,1,Public,1,Niceville,30.540017,-86.47456,22,9,23721.0,0.9132875858,25.0,1,47052.99999999997,55740.855,Northwest Florida State College,23,-8687.85546875003,22,high,-0.15586153810683265,-0.1472907706678251
5138,"Registered Nursing, Nursing Administration, Nursing Research and Clinical Nursing.",136233,1,Public,2,Niceville,30.540017,-86.47456,22,9,23721.0,0.9132875858,25.0,1,76181.00000000006,70451.555,Northwest Florida State College,72,5729.445312500058,58,high,0.08132461147115914,0.08011741299311187
5138,"Registered Nursing, Nursing Administration, Nursing Research and Clinical Nursing.",136233,3,Public,3,Niceville,30.540017,-86.47456,22,9,23721.0,0.9132875858,25.0,1,84993.00000000007,83509.69,Northwest Florida State College,48,1483.3125000000728,57,high,0.017762160827150417,0.01733956770594526
5202,"Business Administration, Management and Operations.",136233,1,Public,3,Niceville,30.540017,-86.47456,22,9,23721.0,0.9132875858,25.0,1,51534.999999999956,53891.12,Northwest Florida State College,54,-2356.1210937500437,58,high,-0.04372002374289619,-0.042812675963434216
1110,Computer/Information Technology Administration and Management.,136303,0,Public,1,Orlando,28.550422,-81.383783,11,-2,14956.0,,26.0,1,32261.99999999998,36907.234,Orange Technical College,28,-4645.234375000018,3,low,-0.12586243465987196,-0.12031058112328494
1204,Cosmetology and Related Personal Grooming Services.,136303,0,Public,1,Orlando,28.550422,-81.383783,11,-2,14956.0,,26.0,1,26467.999999999985,25033.105,Orange Technical College,47,1434.8945312499854,80,high,0.0573198771938716,0.05592248910621809
4702,"Heating, Air Conditioning, Ventilation and Refrigeration Maintenance Technology/Technician (HAC, HACR, HVAC, HVACR).",136303,0,Public,1,Orlando,28.550422,-81.383783,11,-2,14956.0,,26.0,1,39034.99999999999,36628.89,Orange Technical College,47,2406.1093749999927,13,medium,0.0656888410744761,0.06408742794341218
4706,Vehicle Maintenance and Repair Technologies/Technicians.,136303,0,Public,1,Orlando,28.550422,-81.383783,11,-2,14956.0,,26.0,1,52174.00000000004,39434.918,Orange Technical College,87,12739.082031250036,24,high,0.3230406626265853,0.31919663135539006
4805,Precision Metal Working.,136303,0,Public,1,Orlando,28.550422,-81.383783,11,-2,14956.0,,26.0,1,47406.99999999998,38769.516,Orange Technical College,20,8637.484374999978,15,medium,0.22279061875692388,0.20849420301168628
5004,Design and Applied Arts.,136303,0,Public,1,Orlando,28.550422,-81.383783,11,-2,14956.0,,26.0,1,18193.000000000007,34407.69,Orange Technical College,20,-16214.691406249993,2,low,-0.4712519423289372,-0.4410118284234416
5106,Dental Support Services and Allied Professions.,136303,0,Public,1,Orlando,28.550422,-81.383783,11,-2,14956.0,,26.0,1,34989.99999999999,31335.164,Orange Technical College,22,3654.8359374999927,17,high,0.11663688532825893,0.10989878268456724
5107,Health and Medical Administrative Services.,136303,1,Public,1,Orlando,28.550422,-81.383783,11,-2,14956.0,,26.0,1,32625.999999999996,36549.926,Orange Technical College,34,-3923.9257812500036,25,high,-0.1073579685150268,-0.10355951386543504
5108,Allied Health and Medical Assisting Services.,136303,1,Public,1,Orlando,28.550422,-81.383783,11,-2,14956.0,,26.0,1,34646.999999999985,33302.64,Orange Technical College,106,1344.3593749999854,33,high,0.040367951302659966,0.03998668101205641
5135,Somatic Bodywork and Related Therapeutic Services.,136303,1,Public,1,Orlando,28.550422,-81.383783,11,-2,14956.0,,26.0,1,37194.0,27359.805,Orange Technical College,24,9834.1953125,25,high,0.35943952907649934,0.3405891859352054
5139,"Practical Nursing, Vocational Nursing and Nursing Assistants.",136303,1,Public,1,Orlando,28.550422,-81.383783,11,-2,14956.0,,26.0,1,47836.00000000001,45510.42,Orange Technical College,22,2325.5781250000073,47,high,0.051099902597859785,0.0481478657030302
1311,Student Counseling and Personnel Services.,136330,1,"Private, nonprofit",5,West Palm Beach,26.7044,-80.05247,12,11,52817.0,0.5402097902,22.0,1,59954.00000000005,64650.785,Palm Beach Atlantic University,27,-4696.785156249949,9,medium,-0.07264854007416328,-0.06930984944772323
2601,"Biology, General.",136330,1,"Private, nonprofit",3,West Palm Beach,26.7044,-80.05247,12,11,52817.0,0.5402097902,22.0,1,56257.999999999956,48815.492,Palm Beach Atlantic University,24,7442.507812499956,24,high,0.15246200496992493,0.1444663314916162
3906,Theological and Ministerial Studies.,136330,2,"Private, nonprofit",3,West Palm Beach,26.7044,-80.05247,12,11,52817.0,0.5402097902,22.0,1,53397.99999999996,50462.855,Palm Beach Atlantic University,27,2935.1445312499636,4,low,0.05816445589504151,0.05549140667078292
4201,"Psychology, General.",136330,2,"Private, nonprofit",3,West Palm Beach,26.7044,-80.05247,12,11,52817.0,0.5402097902,22.0,1,51529.99999999996,48668.094,Palm Beach Atlantic University,61,2861.9062499999636,29,high,0.05880456844480299,0.05774548647417357
5115,Mental and Social Health Services and Allied Professions.,136330,1,"Private, nonprofit",5,West Palm Beach,26.7044,-80.05247,12,11,52817.0,0.5402097902,22.0,1,54392.99999999996,54306.438,Palm Beach Atlantic University,95,86.56249999996362,12,medium,0.0015939638831945775,0.0015768506614193276
5138,"Registered Nursing, Nursing Administration, Nursing Research and Clinical Nursing.",136330,2,"Private, nonprofit",3,West Palm Beach,26.7044,-80.05247,12,11,52817.0,0.5402097902,22.0,1,76008.00000000007,84071.29,Palm Beach Atlantic University,53,-8063.289062499927,57,high,-0.09591013950678862,-0.09387597484884844
5138,"Registered Nursing, Nursing Administration, Nursing Research and Clinical Nursing.",136330,0,"Private, nonprofit",6,West Palm Beach,26.7044,-80.05247,12,11,52817.0,0.5402097902,22.0,1,116095.00000000009,138013.77,Palm Beach Atlantic University,36,-21918.765624999913,8,medium,-0.15881579294456638,-0.15355229565320383
5202,"Business Administration, Management and Operations.",136330,2,"Private, nonprofit",3,West Palm Beach,26.7044,-80.05247,12,11,52817.0,0.5402097902,22.0,1,59081.000000000044,58946.61,Palm Beach Atlantic University,29,134.39062500004366,58,high,0.0022798703169692475,0.002183214587572717
5202,"Business Administration, Management and Operations.",136330,3,"Private, nonprofit",5,West Palm Beach,26.7044,-80.05247,12,11,52817.0,0.5402097902,22.0,1,72924.99999999997,79916.85,Palm Beach Atlantic University,42,-6991.851562500029,35,high,-0.08748907678165926,-0.08506026275239138
5210,Human Resources Management and Services.,136330,3,"Private, nonprofit",3,West Palm Beach,26.7044,-80.05247,12,11,52817.0,0.5402097902,22.0,1,60378.99999999997,56704.996,Palm Beach Atlantic University,34,3674.003906249971,5,low,0.06479153794801015,0.06249913504604603
5214,Marketing.,136330,1,"Private, nonprofit",3,West Palm Beach,26.7044,-80.05247,12,11,52817.0,0.5402097902,22.0,1,53668.000000000015,65470.973,Palm Beach Atlantic University,27,-11802.972656249985,17,high,-0.18027794879756148,-0.1719929605900928
1101,"Computer and Information Sciences, General.",136358,1,Public,2,Lake Worth,26.61256,-80.08653,21,15,21408.0,0.9218037494,23.0,1,52615.99999999998,55288.516,Palm Beach State College,23,-2672.515625000022,8,medium,-0.04833762662623522,-0.04567955869363806
1108,Computer Software and Media Applications.,136358,1,Public,2,Lake Worth,26.61256,-80.08653,21,15,21408.0,0.9218037494,23.0,1,48987.99999999998,45146.867,Palm Beach State College,20,3841.132812499978,4,low,0.08508082734838107,0.07962121290631904
1110,Computer/Information Technology Administration and Management.,136358,2,Public,2,Lake Worth,26.61256,-80.08653,21,15,21408.0,0.9218037494,23.0,1,47775.99999999998,58559.215,Palm Beach State College,43,-10783.214843750022,8,medium,-0.1841420666674275,-0.17916691047146477
1110,Computer/Information Technology Administration and Management.,136358,2,Public,3,Lake Worth,26.61256,-80.08653,21,15,21408.0,0.9218037494,23.0,1,69612.00000000004,58864.758,Palm Beach State College,70,10747.242187500044,9,medium,0.1825751534004928,0.1797743773892647
1204,Cosmetology and Related Personal Grooming Services.,136358,1,Public,1,Lake Worth,26.61256,-80.08653,21,15,21408.0,0.9218037494,23.0,1,31236.99999999998,30579.932,Palm Beach State College,80,657.0683593749818,80,high,0.021486913937442422,0.021204890248695266
1312,"Teacher Education and Professional Development, Specific Levels and Methods.",136358,1,Public,2,Lake Worth,26.61256,-80.08653,21,15,21408.0,0.9218037494,23.0,1,38686.99999999998,46352.254,Palm Beach State College,23,-7665.253906250022,4,low,-0.16536960471767828,-0.15627599226696362
1907,"Human Development, Family Studies, and Related Services.",136358,1,Public,1,Lake Worth,26.61256,-80.08653,21,15,21408.0,0.9218037494,23.0,1,38560.999999999985,40065.824,Palm Beach State College,36,-1504.8242187500146,2,low,-0.03755879850453163,-0.03631401906207129
2203,Legal Support Services.,136358,1,Public,2,Lake Worth,26.61256,-80.08653,21,15,21408.0,0.9218037494,23.0,1,51313.99999999997,44287.117,Palm Beach State College,33,7026.882812499971,10,medium,0.1586665210731599,0.15285816141004557
2401,"Liberal Arts and Sciences, General Studies and Humanities.",136358,2,Public,2,Lake Worth,26.61256,-80.08653,21,15,21408.0,0.9218037494,23.0,1,44568.999999999985,43458.58,Palm Beach State College,2852,1110.4218749999854,36,high,0.025551270264896304,0.02554578828716234
4301,Criminal Justice and Corrections.,136358,1,Public,1,Lake Worth,26.61256,-80.08653,21,15,21408.0,0.9218037494,23.0,1,78215.99999999996,58366.97,Palm Beach State College,153,19849.031249999956,19,high,0.3400730186112322,0.3379817414968027
4302,Fire Protection.,136358,1,Public,1,Lake Worth,26.61256,-80.08653,21,15,21408.0,0.9218037494,23.0,1,66688.99999999996,61372.92,Palm Beach State College,30,5316.078124999956,6,medium,0.08661927707837287,0.08308537785879694
4603,Electrical and Power Transmission Installers.,136358,1,Public,1,Lake Worth,26.61256,-80.08653,21,15,21408.0,0.9218037494,23.0,1,46153.999999999985,52189.4,Palm Beach State College,28,-6035.398437500015,5,low,-0.11564414647790534,-0.11054302662952502
4702,"Heating, Air Conditioning, Ventilation and Refrigeration Maintenance Technology/Technician (HAC, HACR, HVAC, HVACR).",136358,1,Public,1,Lake Worth,26.61256,-80.08653,21,15,21408.0,0.9218037494,23.0,1,47546.99999999999,49203.19,Palm Beach State College,32,-1656.1914062500073,13,medium,-0.03366024355159269,-0.03238406578869863
4706,Vehicle Maintenance and Repair Technologies/Technicians.,136358,1,Public,1,Lake Worth,26.61256,-80.08653,21,15,21408.0,0.9218037494,23.0,1,43464.000000000015,60308.82,Palm Beach State College,53,-16844.820312499985,24,high,-0.27930939828064616,-0.27338550629659986
4805,Precision Metal Working.,136358,1,Public,1,Lake Worth,26.61256,-80.08653,21,15,21408.0,0.9218037494,23.0,1,46609.99999999998,50519.05,Palm Beach State College,43,-3909.050781250022,15,medium,-0.07737775593164657,-0.07528716126840594
5004,Design and Applied Arts.,136358,1,Public,2,Lake Worth,26.61256,-80.08653,21,15,21408.0,0.9218037494,23.0,1,40966.0,35019.664,Palm Beach State College,24,5946.3359375,5,low,0.16979991375381287,0.1608949759807048
5106,Dental Support Services and Allied Professions.,136358,1,Public,1,Lake Worth,26.61256,-80.08653,21,15,21408.0,0.9218037494,23.0,1,51204.00000000001,43247.473,Palm Beach State College,23,7956.527343750007,17,high,0.18397670095064278,0.17385989126689003
5106,Dental Support Services and Allied Professions.,136358,1,Public,2,Lake Worth,26.61256,-80.08653,21,15,21408.0,0.9218037494,23.0,1,67712.99999999996,53226.457,Palm Beach State College,30,14486.542968749956,10,medium,0.2721680866386561,0.2610641543338924
5108,Allied Health and Medical Assisting Services.,136358,1,Public,1,Lake Worth,26.61256,-80.08653,21,15,21408.0,0.9218037494,23.0,1,34711.0,41275.254,Palm Beach State College,22,-6564.25390625,33,high,-0.15903606362203443,-0.1498485641640536
5109,"Allied Health Diagnostic, Intervention, and Treatment Professions.",136358,1,Public,1,Lake Worth,26.61256,-80.08653,21,15,21408.0,0.9218037494,23.0,1,68457.00000000001,58333.637,Palm Beach State College,144,10123.363281250015,22,high,0.1735424679599325,0.17239693219846175
5109,"Allied Health Diagnostic, Intervention, and Treatment Professions.",136358,1,Public,2,Lake Worth,26.61256,-80.08653,21,15,21408.0,0.9218037494,23.0,1,62302.999999999956,71893.18,Palm Beach State College,57,-9590.179687500044,39,high,-0.133394846759956,-0.13079505501766567
5115,Mental and Social Health Services and Allied Professions.,136358,1,Public,2,Lake Worth,26.61256,-80.08653,21,15,21408.0,0.9218037494,23.0,1,44340.000000000015,39355.61,Palm Beach State College,25,4984.390625000015,4,low,0.12665006854566116,0.12030430956246427
5135,Somatic Bodywork and Related Therapeutic Services.,136358,1,Public,1,Lake Worth,26.61256,-80.08653,21,15,21408.0,0.9218037494,23.0,1,30027.99999999998,42694.652,Palm Beach State College,25,-12666.652343750018,25,high,-0.2966800676058033,-0.28181501284694044
5138,"Registered Nursing, Nursing Administration, Nursing Research and Clinical Nursing.",136358,2,Public,2,Lake Worth,26.61256,-80.08653,21,15,21408.0,0.9218037494,23.0,1,83170.99999999997,80289.57,Palm Beach State College,227,2881.429687499971,58,high,0.035887969960294724,0.035748664739633465
5138,"Registered Nursing, Nursing Administration, Nursing Research and Clinical Nursing.",136358,2,Public,3,Lake Worth,26.61256,-80.08653,21,15,21408.0,0.9218037494,23.0,1,85209.99999999996,89896.734,Palm Beach State College,65,-4686.734375000044,57,high,-0.052134645463866924,-0.05126267017326599
5139,"Practical Nursing, Vocational Nursing and Nursing Assistants.",136358,1,Public,1,Lake Worth,26.61256,-80.08653,21,15,21408.0,0.9218037494,23.0,1,57893.00000000005,53482.5,Palm Beach State College,56,4410.500000000051,47,high,0.08246622727060349,0.08082558384033349
5202,"Business Administration, Management and Operations.",136358,2,Public,2,Lake Worth,26.61256,-80.08653,21,15,21408.0,0.9218037494,23.0,1,56658.99999999999,46483.29,Palm Beach State College,22,10175.710937499993,26,high,0.21891116447930448,0.20626468569208112
5202,"Business Administration, Management and Operations.",136358,2,Public,3,Lake Worth,26.61256,-80.08653,21,15,21408.0,0.9218037494,23.0,1,54096.0,57606.87,Palm Beach State College,292,-3510.87109375,58,high,-0.06094535299506847,-0.060768807974360434
5215,Real Estate.,136358,1,Public,1,Lake Worth,26.61256,-80.08653,21,15,21408.0,0.9218037494,23.0,1,55977.999999999956,63398.33,Palm Beach State College,49,-7420.328125000044,1,low,-0.11704296224294233,-0.11432402839788854
2401,"Liberal Arts and Sciences, General Studies and Humanities.",136400,3,Public,2,New Port Richey,28.2751,-82.646727,21,12,23149.0,0.8602089269,24.0,1,42899.000000000015,45660.23,Pasco-Hernando State College,712,-2761.2304687499854,36,high,-0.060473423817687035,-0.060410761660520375
4301,Criminal Justice and Corrections.,136400,0,Public,99,New Port Richey,28.2751,-82.646727,21,12,23149.0,0.8602089269,24.0,1,63936.0,50323.055,Pasco-Hernando State College,81,13612.9453125,4,low,0.2705111086168104,0.2670117217327641
5109,"Allied Health Diagnostic, Intervention, and Treatment Professions.",136400,1,Public,2,New Port Richey,28.2751,-82.646727,21,12,23149.0,0.8602089269,24.0,1,57323.00000000003,64461.473,Pasco-Hernando State College,58,-7138.472656249971,39,high,-0.11074014232217273,-0.1086251039291774
5109,"Allied Health Diagnostic, Intervention, and Treatment Professions.",136400,0,Public,99,New Port Richey,28.2751,-82.646727,21,12,23149.0,0.8602089269,24.0,1,61516.00000000005,57284.305,Pasco-Hernando State College,42,4231.695312500051,4,low,0.07387181070949524,0.0718210302370208
5115,Mental and Social Health Services and Allied Professions.,136400,1,Public,2,New Port Richey,28.2751,-82.646727,21,12,23149.0,0.8602089269,24.0,1,29286.000000000022,43544.535,Pasco-Hernando State College,24,-14258.535156249978,4,low,-0.3274471780462544,-0.3102746325483256
5138,"Registered Nursing, Nursing Administration, Nursing Research and Clinical Nursing.",136400,1,Public,2,New Port Richey,28.2751,-82.646727,21,12,23149.0,0.8602089269,24.0,1,78937.99999999997,80520.99,Pasco-Hernando State College,219,-1582.992187500029,58,high,-0.019659372599556357,-0.019579806361387658
5138,"Registered Nursing, Nursing Administration, Nursing Research and Clinical Nursing.",136400,1,Public,3,New Port Richey,28.2751,-82.646727,21,12,23149.0,0.8602089269,24.0,1,92672.99999999994,87021.945,Pasco-Hernando State College,38,5651.054687499942,57,high,0.06493827122809921,0.06291546973437591
5139,"Practical Nursing, Vocational Nursing and Nursing Assistants.",136400,0,Public,99,New Port Richey,28.2751,-82.646727,21,12,23149.0,0.8602089269,24.0,1,62150.000000000044,58963.023,Pasco-Hernando State College,118,3186.9765625000437,4,low,0.054050426465633926,0.053600113118272105
5202,"Business Administration, Management and Operations.",136400,1,Public,2,New Port Richey,28.2751,-82.646727,21,12,23149.0,0.8602089269,24.0,1,45891.000000000015,42141.707,Pasco-Hernando State College,26,3749.2929687500146,26,high,0.08896870186036229,0.08470273828750059
5202,"Business Administration, Management and Operations.",136400,2,Public,3,New Port Richey,28.2751,-82.646727,21,12,23149.0,0.8602089269,24.0,1,51849.00000000004,57472.926,Pasco-Hernando State College,175,-5623.925781249964,58,high,-0.09785347978725517,-0.09733909401486328
1204,Cosmetology and Related Personal Grooming Services.,136473,1,Public,1,Pensacola,30.479267,-87.200265,13,12,20605.0,0.9150442478,25.0,1,29523.000000000015,34208.24,Pensacola State College,73,-4685.238281249985,80,high,-0.13696227916589404,-0.13496166178793492
2401,"Liberal Arts and Sciences, General Studies and Humanities.",136473,1,Public,2,Pensacola,30.479267,-87.200265,13,12,20605.0,0.9150442478,25.0,1,40919.00000000001,44913.25,Pensacola State College,535,-3994.2499999999927,36,high,-0.08893255331110514,-0.08880460050835436
5106,Dental Support Services and Allied Professions.,136473,1,Public,2,Pensacola,30.479267,-87.200265,13,12,20605.0,0.9150442478,25.0,1,59103.99999999996,58094.41,Pensacola State College,31,1009.5898437499636,10,medium,0.0173784335022007,0.01669533112606324
5109,"Allied Health Diagnostic, Intervention, and Treatment Professions.",136473,1,Public,2,Pensacola,30.479267,-87.200265,13,12,20605.0,0.9150442478,25.0,1,62671.99999999996,56738.05,Pensacola State College,26,5933.949218749964,39,high,0.10458500313357491,0.09957025295394764
5138,"Registered Nursing, Nursing Administration, Nursing Research and Clinical Nursing.",136473,1,Public,2,Pensacola,30.479267,-87.200265,13,12,20605.0,0.9150442478,25.0,1,75375.99999999997,76459.78,Pensacola State College,133,-1083.781250000029,58,high,-0.014174527212632185,-0.01407185542246087
5138,"Registered Nursing, Nursing Administration, Nursing Research and Clinical Nursing.",136473,3,Public,3,Pensacola,30.479267,-87.200265,13,12,20605.0,0.9150442478,25.0,1,83371.00000000006,86472.305,Pensacola State College,37,-3101.304687499942,57,high,-0.035864716439646956,-0.03471282800925317
5202,"Business Administration, Management and Operations.",136473,1,Public,2,Pensacola,30.479267,-87.200265,13,12,20605.0,0.9150442478,25.0,1,43900.99999999997,39962.1,Pensacola State College,31,3938.898437499971,26,high,0.0985658482284673,0.09469147341083232
5202,"Business Administration, Management and Operations.",136473,1,Public,3,Pensacola,30.479267,-87.200265,13,12,20605.0,0.9150442478,25.0,1,53197.00000000004,49748.92,Pensacola State College,137,3448.0781250000364,58,high,0.06930960501342597,0.06882466102408961
5203,Accounting and Related Services.,136473,3,Public,2,Pensacola,30.479267,-87.200265,13,12,20605.0,0.9150442478,25.0,1,38283.999999999985,49061.97,Pensacola State College,20,-10777.968750000015,8,medium,-0.21968072265750677,-0.2055838681317219
1205,Culinary Arts and Related Services.,136491,1,Public,1,Clearwater,27.911922,-82.719064,13,-2,14935.0,,30.0,1,38683.99999999999,31935.25,Pinellas Technical College-Clearwater,23,6748.749999999993,6,medium,0.21132604253920018,0.19970530283388666
4706,Vehicle Maintenance and Repair Technologies/Technicians.,136491,1,Public,1,Clearwater,27.911922,-82.719064,13,-2,14935.0,,30.0,1,54124.000000000015,48676.31,Pinellas Technical College-Clearwater,37,5447.691406250015,24,high,0.11191669137682914,0.10832219643130626
4805,Precision Metal Working.,136491,1,Public,1,Clearwater,27.911922,-82.719064,13,-2,14935.0,,30.0,1,46449.00000000002,42124.43,Pinellas Technical College-Clearwater,29,4324.570312500022,15,medium,0.1026618127433852,0.09830943694462797
5139,"Practical Nursing, Vocational Nursing and Nursing Assistants.",136491,2,Public,1,Clearwater,27.911922,-82.719064,13,-2,14935.0,,30.0,1,60103.00000000002,49193.715,Pinellas Technical College-Clearwater,25,10909.285156250022,47,high,0.22176176755303595,0.2106504689588947
2401,"Liberal Arts and Sciences, General Studies and Humanities.",136516,2,Public,2,Winter Haven,28.032411,-81.711873,13,12,23968.0,0.8981884889,24.0,1,43939.99999999999,45013.676,Polk State College,756,-1073.6757812500073,36,high,-0.02385221296895812,-0.023829138160012375
4301,Criminal Justice and Corrections.,136516,2,Public,1,Winter Haven,28.032411,-81.711873,13,12,23968.0,0.8981884889,24.0,1,58911.99999999999,49344.54,Polk State College,75,9567.460937499993,19,high,0.19389097799417696,0.19114679321720962
4301,Criminal Justice and Corrections.,136516,2,Public,2,Winter Haven,28.032411,-81.711873,13,12,23968.0,0.8981884889,24.0,1,48056.00000000001,48389.434,Polk State College,39,-333.4335937499927,10,medium,-0.006890628159637297,-0.0066822984958071485
4301,Criminal Justice and Corrections.,136516,2,Public,3,Winter Haven,28.032411,-81.711873,13,12,23968.0,0.8981884889,24.0,1,55634.00000000002,51942.965,Polk State College,60,3691.035156250022,23,high,0.07105938537303465,0.06975472101219932
4901,Air Transportation.,136516,1,Public,2,Winter Haven,28.032411,-81.711873,13,12,23968.0,0.8981884889,24.0,1,83657.00000000003,57742.234,Polk State College,28,25914.76562500003,5,low,0.4488008804214208,0.4290040541330649
5107,Health and Medical Administrative Services.,136516,2,Public,1,Winter Haven,28.032411,-81.711873,13,12,23968.0,0.8981884889,24.0,1,44127.00000000001,49791.117,Polk State College,27,-5664.117187499993,25,high,-0.11375758383107665,-0.10852965525280703
5108,Allied Health and Medical Assisting Services.,136516,1,Public,2,Winter Haven,28.032411,-81.711873,13,12,23968.0,0.8981884889,24.0,1,53931.99999999999,49286.973,Polk State College,60,4645.027343749993,22,high,0.09424452534641452,0.09251417723296224
5109,"Allied Health Diagnostic, Intervention, and Treatment Professions.",136516,1,Public,1,Winter Haven,28.032411,-81.711873,13,12,23968.0,0.8981884889,24.0,1,75539.00000000004,61422.11,Polk State College,21,14116.890625000044,22,high,0.22983402505459857,0.21585619294658417
5109,"Allied Health Diagnostic, Intervention, and Treatment Professions.",136516,1,Public,2,Winter Haven,28.032411,-81.711873,13,12,23968.0,0.8981884889,24.0,1,69815.00000000001,66377.805,Polk State College,68,3437.1953125000146,39,high,0.05178229874702821,0.05096061095264095
5138,"Registered Nursing, Nursing Administration, Nursing Research and Clinical Nursing.",136516,1,Public,2,Winter Haven,28.032411,-81.711873,13,12,23968.0,0.8981884889,24.0,1,79660.00000000003,81825.3,Polk State College,151,-2165.296874999971,58,high,-0.026462438361913622,-0.026297186935092056
5138,"Registered Nursing, Nursing Administration, Nursing Research and Clinical Nursing.",136516,1,Public,3,Winter Haven,28.032411,-81.711873,13,12,23968.0,0.8981884889,24.0,1,94269.00000000006,88861.016,Polk State College,112,5407.984375000058,57,high,0.06085890800328176,0.060319957020680076
5139,"Practical Nursing, Vocational Nursing and Nursing Assistants.",136516,0,Public,99,Winter Haven,28.032411,-81.711873,13,12,23968.0,0.8981884889,24.0,1,55070.00000000004,56121.598,Polk State College,27,-1051.5976562499636,4,low,-0.018737842473606988,-0.017876712174739625
5202,"Business Administration, Management and Operations.",136516,2,Public,2,Winter Haven,28.032411,-81.711873,13,12,23968.0,0.8981884889,24.0,1,54430.999999999956,46814.72,Polk State College,28,7616.281249999956,26,high,0.16268988585988153,0.1555135554431135
5202,"Business Administration, Management and Operations.",136516,2,Public,3,Winter Haven,28.032411,-81.711873,13,12,23968.0,0.8981884889,24.0,1,52404.0,58175.637,Polk State College,329,-5771.63671875,58,high,-0.09921054661856073,-0.09896028701979535
5108,Allied Health and Medical Assisting Services.,136765,1,Public,1,Winter Haven,28.076632,-81.654463,13,-2,16062.0,,26.0,1,32113.999999999985,33585.195,Ridge Technical College,22,-1471.1953125000146,33,high,-0.043804875892814996,-0.04127427205142065
5139,"Practical Nursing, Vocational Nursing and Nursing Assistants.",136765,1,Public,1,Winter Haven,28.076632,-81.654463,13,-2,16062.0,,26.0,1,41699.999999999985,49554.16,Ridge Technical College,38,-7854.160156250015,47,high,-0.15849648407893382,-0.1535593812167617
1003,Graphic Communications.,136774,1,"Private, nonprofit",3,Sarasota,27.360931,-82.547803,13,11,51310.0,0.5492424242,20.0,1,75212.99999999993,39861.848,Ringling College of Art and Design,78,35351.15234374993,4,low,0.8868417903906962,0.8748521790206898
5004,Design and Applied Arts.,136774,1,"Private, nonprofit",3,Sarasota,27.360931,-82.547803,13,11,51310.0,0.5492424242,20.0,1,47937.000000000015,53776.223,Ringling College of Art and Design,168,-5839.222656249985,7,medium,-0.10858372655840187,-0.10798508018271369
5006,Film/Video and Photographic Arts.,136774,1,"Private, nonprofit",3,Sarasota,27.360931,-82.547803,13,11,51310.0,0.5492424242,20.0,1,41023.99999999998,45764.945,Ringling College of Art and Design,44,-4740.945312500022,7,medium,-0.10359337873403084,-0.10086779004448301
5007,Fine and Studio Arts.,136774,1,"Private, nonprofit",3,Sarasota,27.360931,-82.547803,13,11,51310.0,0.5492424242,20.0,1,36345.99999999997,37196.81,Ringling College of Art and Design,30,-850.8085937500291,12,medium,-0.02287316105642962,-0.0219399802595798
0301,Natural Resources Conservation and Research.,136950,1,"Private, nonprofit",3,Winter Park,28.592787,-81.349239,21,11,43978.0,0.58,22.0,1,63363.00000000003,54745.367,Rollins College,23,8617.63281250003,9,medium,0.15741300598067212,0.1487569239060124
0901,Communication and Media Studies.,136950,1,"Private, nonprofit",3,Winter Park,28.592787,-81.349239,21,11,43978.0,0.58,22.0,1,62086.00000000001,64366.312,Rollins College,92,-2280.3124999999927,15,medium,-0.035427111037314635,-0.03503221083147157
1101,"Computer and Information Sciences, General.",136950,1,"Private, nonprofit",3,Winter Park,28.592787,-81.349239,21,11,43978.0,0.58,22.0,1,118277.0000000001,104562.47,Rollins College,24,13714.531250000102,19,high,0.13116112706549024,0.12428255069317047
2301,"English Language and Literature, General.",136950,1,"Private, nonprofit",3,Winter Park,28.592787,-81.349239,21,11,43978.0,0.58,22.0,1,55912.00000000004,59806.742,Rollins College,29,-3894.7421874999636,11,medium,-0.065122125784574,-0.06236125534351834
4201,"Psychology, General.",136950,1,"Private, nonprofit",3,Winter Park,28.592787,-81.349239,21,11,43978.0,0.58,22.0,1,48340.00000000003,59826.023,Rollins College,43,-11486.02343749997,29,high,-0.19199042118350673,-0.1868032178963744
4228,"Clinical, Counseling and Applied Psychology.",136950,1,"Private, nonprofit",5,Winter Park,28.592787,-81.349239,21,11,43978.0,0.58,22.0,1,53922.999999999956,78157.43,Rollins College,41,-24234.429687500044,9,medium,-0.310071989117318,-0.3012215877486553
4506,Economics.,136950,1,"Private, nonprofit",3,Winter Park,28.592787,-81.349239,21,11,43978.0,0.58,22.0,1,68193.99999999999,80948.7,Rollins College,37,-12754.703125000015,8,medium,-0.157565255928861,-0.1525046388836401
4509,International Relations and National Security Studies.,136950,1,"Private, nonprofit",3,Winter Park,28.592787,-81.349239,21,11,43978.0,0.58,22.0,1,70501.99999999999,60224.04,Rollins College,25,10277.960937499985,6,medium,0.17066209934597054,0.1621111323986018
5009,Music.,136950,1,"Private, nonprofit",3,Winter Park,28.592787,-81.349239,21,11,43978.0,0.58,22.0,1,45909.99999999999,41394.297,Rollins College,31,4515.703124999993,10,medium,0.10908998257987666,0.10480193059270122
5122,Public Health.,136950,1,"Private, nonprofit",5,Winter Park,28.592787,-81.349239,21,11,43978.0,0.58,22.0,1,76051.0,82755.97,Rollins College,32,-6704.96875,11,medium,-0.08102096865369605,-0.07794917987220665
5201,"Business/Commerce, General.",136950,0,"Private, nonprofit",3,Winter Park,28.592787,-81.349239,21,11,43978.0,0.58,22.0,1,80654.00000000003,67388.9,Rollins College,73,13265.10156250003,9,medium,0.19684401837793475,0.19396870434028501
5202,"Business Administration, Management and Operations.",136950,1,"Private, nonprofit",3,Winter Park,28.592787,-81.349239,21,11,43978.0,0.58,22.0,1,61095.00000000002,72267.125,Rollins College,56,-11172.124999999978,58,high,-0.15459484516645677,-0.15151922226638542
5202,"Business Administration, Management and Operations.",136950,1,"Private, nonprofit",5,Winter Park,28.592787,-81.349239,21,11,43978.0,0.58,22.0,1,105299.0,86202.9,Rollins College,207,19096.1015625,35,high,0.2215250520415542,0.22056766148682241
5210,Human Resources Management and Services.,136950,0,"Private, nonprofit",3,Winter Park,28.592787,-81.349239,21,11,43978.0,0.58,22.0,1,72875.99999999994,70422.41,Rollins College,20,2453.593749999942,5,low,0.03484109505275449,0.032605351094266835
5210,Human Resources Management and Services.,136950,1,"Private, nonprofit",5,Winter Park,28.592787,-81.349239,21,11,43978.0,0.58,22.0,1,96438.99999999991,82235.45,Rollins College,29,14203.546874999913,7,medium,0.17271804720781628,0.16539561807289585
5211,International Business.,136950,1,"Private, nonprofit",3,Winter Park,28.592787,-81.349239,21,11,43978.0,0.58,22.0,1,69695.00000000006,67824.69,Rollins College,46,1870.3125000000582,7,medium,0.02757568916185656,0.026886491338466777
1204,Cosmetology and Related Personal Grooming Services.,137023,1,Public,1,Saint Augustine,29.924377,-81.345829,23,-2,16017.0,,27.0,1,17839.999999999993,24339.559,First Coast Technical College,29,-6499.558593750007,80,high,-0.267036830956293,-0.2557157310324473
4706,Vehicle Maintenance and Repair Technologies/Technicians.,137023,1,Public,1,Saint Augustine,29.924377,-81.345829,23,-2,16017.0,,27.0,1,53062.00000000004,47273.098,First Coast Technical College,20,5788.902343750036,24,high,0.12245659012752855,0.1145985827617992
4805,Precision Metal Working.,137023,1,Public,1,Saint Augustine,29.924377,-81.345829,23,-2,16017.0,,27.0,1,49829.00000000002,40716.723,First Coast Technical College,21,9112.277343750022,15,medium,0.22379692542251534,0.2101862520285189
5106,Dental Support Services and Allied Professions.,137023,1,Public,1,Saint Augustine,29.924377,-81.345829,23,-2,16017.0,,27.0,1,31395.000000000004,38365.484,First Coast Technical College,22,-6970.484374999996,17,high,-0.18168633834692713,-0.17119033450309432
5139,"Practical Nursing, Vocational Nursing and Nursing Assistants.",137023,1,Public,1,Saint Augustine,29.924377,-81.345829,23,-2,16017.0,,27.0,1,49411.999999999956,47041.26,First Coast Technical College,45,2370.7382812499563,47,high,0.05039699605474257,0.04910501026351
1101,"Computer and Information Sciences, General.",137032,2,"Private, nonprofit",3,Saint Leo,28.336776,-82.257801,31,12,22361.0,0.7686491935,30.0,1,81025.00000000003,71226.37,Saint Leo University,86,9798.63281250003,19,high,0.13757030155287295,0.1359110032392702
1107,Computer Science.,137032,2,"Private, nonprofit",3,Saint Leo,28.336776,-82.257801,31,12,22361.0,0.7686491935,30.0,1,72645.00000000003,75077.445,Saint Leo University,35,-2432.445312499971,5,low,-0.03239914867075241,-0.031290184311415975
1110,Computer/Information Technology Administration and Management.,137032,2,"Private, nonprofit",3,Saint Leo,28.336776,-82.257801,31,12,22361.0,0.7686491935,30.0,1,52933.99999999999,71477.25,Saint Leo University,31,-18543.250000000007,9,medium,-0.25942869934139895,-0.2492312116946603
1110,Computer/Information Technology Administration and Management.,137032,2,"Private, nonprofit",5,Saint Leo,28.336776,-82.257801,31,12,22361.0,0.7686491935,30.0,1,94011.00000000004,62810.242,Saint Leo University,44,31200.757812500044,3,low,0.4967463382701201,0.48367671724115985
1304,Educational Administration and Supervision.,137032,1,"Private, nonprofit",5,Saint Leo,28.336776,-82.257801,31,12,22361.0,0.7686491935,30.0,1,69559.99999999999,59417.32,Saint Leo University,130,10142.679687499985,20,high,0.17070240855958302,0.1694325163487148
1305,Educational/Instructional Media Design.,137032,3,"Private, nonprofit",5,Saint Leo,28.336776,-82.257801,31,12,22361.0,0.7686491935,30.0,1,70165.99999999997,63993.75,Saint Leo University,23,6172.249999999971,4,low,0.0964508252759054,0.09114703062084739
1312,"Teacher Education and Professional Development, Specific Levels and Methods.",137032,1,"Private, nonprofit",3,Saint Leo,28.336776,-82.257801,31,12,22361.0,0.7686491935,30.0,1,49634.0,49522.223,Saint Leo University,97,111.77734375,24,high,0.0022571148416718535,0.0022334652250681005
1313,"Teacher Education and Professional Development, Specific Subject Areas.",137032,3,"Private, nonprofit",5,Saint Leo,28.336776,-82.257801,31,12,22361.0,0.7686491935,30.0,1,51744.999999999985,57771.484,Saint Leo University,20,-6026.484375000015,8,medium,-0.10431589979377286,-0.09762197578291737
2401,"Liberal Arts and Sciences, General Studies and Humanities.",137032,3,"Private, nonprofit",2,Saint Leo,28.336776,-82.257801,31,12,22361.0,0.7686491935,30.0,1,52156.00000000001,45089.812,Saint Leo University,472,7066.187500000007,36,high,0.1567136146330173,0.15645313736606825
2401,"Liberal Arts and Sciences, General Studies and Humanities.",137032,3,"Private, nonprofit",3,Saint Leo,28.336776,-82.257801,31,12,22361.0,0.7686491935,30.0,1,59222.00000000005,54022.34,Saint Leo University,33,5199.660156250051,12,medium,0.09625018411437088,0.09272672066917778
2601,"Biology, General.",137032,1,"Private, nonprofit",3,Saint Leo,28.336776,-82.257801,31,12,22361.0,0.7686491935,30.0,1,55096.99999999996,51270.582,Saint Leo University,26,3826.4179687499636,24,high,0.0746318418312029,0.07105331688962081
3105,"Sports, Kinesiology, and Physical Education/Fitness.",137032,1,"Private, nonprofit",3,Saint Leo,28.336776,-82.257801,31,12,22361.0,0.7686491935,30.0,1,50423.99999999999,51330.66,Saint Leo University,57,-906.6601562500073,18,high,-0.01766313064141671,-0.01731888600003874
3906,Theological and Ministerial Studies.,137032,3,"Private, nonprofit",5,Saint Leo,28.336776,-82.257801,31,12,22361.0,0.7686491935,30.0,1,51192.999999999956,59706.902,Saint Leo University,32,-8513.902343750044,1,low,-0.14259494312287432,-0.13718866924266218
4201,"Psychology, General.",137032,2,"Private, nonprofit",3,Saint Leo,28.336776,-82.257801,31,12,22361.0,0.7686491935,30.0,1,48785.999999999985,41264.82,Saint Leo University,311,7521.179687499985,29,high,0.18226614415237521,0.18177539172142956
4301,Criminal Justice and Corrections.,137032,3,"Private, nonprofit",2,Saint Leo,28.336776,-82.257801,31,12,22361.0,0.7686491935,30.0,1,47269.00000000003,50583.89,Saint Leo University,52,-3314.890624999971,10,medium,-0.06553253583388181,-0.06411157561836704
4301,Criminal Justice and Corrections.,137032,2,"Private, nonprofit",3,Saint Leo,28.336776,-82.257801,31,12,22361.0,0.7686491935,30.0,1,60388.99999999996,51965.805,Saint Leo University,469,8423.195312499964,23,high,0.16209111670940993,0.1618197134998049
4301,Criminal Justice and Corrections.,137032,1,"Private, nonprofit",5,Saint Leo,28.336776,-82.257801,31,12,22361.0,0.7686491935,30.0,1,62657.99999999996,57080.19,Saint Leo University,267,5577.808593749964,10,medium,0.09771881376591217,0.09740474227961707
4400,"Human Services, General.",137032,3,"Private, nonprofit",3,Saint Leo,28.336776,-82.257801,31,12,22361.0,0.7686491935,30.0,1,38043.00000000002,43830.977,Saint Leo University,75,-5787.976562499978,5,low,-0.13205219268265028,-0.1301832268304291
4400,"Human Services, General.",137032,3,"Private, nonprofit",5,Saint Leo,28.336776,-82.257801,31,12,22361.0,0.7686491935,30.0,1,44950.0,53060.773,Saint Leo University,39,-8110.7734375,3,low,-0.15285818340084387,-0.14823670431013913
4407,Social Work.,137032,2,"Private, nonprofit",3,Saint Leo,28.336776,-82.257801,31,12,22361.0,0.7686491935,30.0,1,44711.00000000004,49068.28,Saint Leo University,81,-4357.281249999964,12,medium,-0.08880036428828376,-0.08765162466099867
4407,Social Work.,137032,3,"Private, nonprofit",5,Saint Leo,28.336776,-82.257801,31,12,22361.0,0.7686491935,30.0,1,62036.00000000002,57278.676,Saint Leo University,129,4757.324218750022,9,medium,0.08305576471283084,0.0824322908025892
4511,Sociology.,137032,3,"Private, nonprofit",3,Saint Leo,28.336776,-82.257801,31,12,22361.0,0.7686491935,30.0,1,50231.000000000044,46752.79,Saint Leo University,62,3478.2109375000437,12,medium,0.07439579557168892,0.0730810504473849
5107,Health and Medical Administrative Services.,137032,3,"Private, nonprofit",3,Saint Leo,28.336776,-82.257801,31,12,22361.0,0.7686491935,30.0,1,56144.99999999996,52089.055,Saint Leo University,130,4055.9453124999636,18,high,0.07786559646422771,0.07728633741756923
5202,"Business Administration, Management and Operations.",137032,3,"Private, nonprofit",2,Saint Leo,28.336776,-82.257801,31,12,22361.0,0.7686491935,30.0,1,53605.99999999997,51613.062,Saint Leo University,106,1992.937499999971,26,high,0.038613044905056175,0.03824834948760335
5202,"Business Administration, Management and Operations.",137032,1,"Private, nonprofit",3,Saint Leo,28.336776,-82.257801,31,12,22361.0,0.7686491935,30.0,1,67504.99999999997,59906.758,Saint Leo University,525,7598.242187499971,58,high,0.12683447519028546,0.12664798418288264
5202,"Business Administration, Management and Operations.",137032,1,"Private, nonprofit",5,Saint Leo,28.336776,-82.257801,31,12,22361.0,0.7686491935,30.0,1,82550.99999999997,78082.336,Saint Leo University,929,4468.664062499971,35,high,0.05723015338676414,0.05718640963845232
5203,Accounting and Related Services.,137032,3,"Private, nonprofit",3,Saint Leo,28.336776,-82.257801,31,12,22361.0,0.7686491935,30.0,1,66056.00000000006,62163.38,Saint Leo University,135,3892.621093750058,24,high,0.06261920060073646,0.06217347058108296
5203,Accounting and Related Services.,137032,3,"Private, nonprofit",5,Saint Leo,28.336776,-82.257801,31,12,22361.0,0.7686491935,30.0,1,88964.99999999993,75368.055,Saint Leo University,62,13596.945312499927,19,high,0.18040727426065592,0.17721906204516027
5210,Human Resources Management and Services.,137032,3,"Private, nonprofit",3,Saint Leo,28.336776,-82.257801,31,12,22361.0,0.7686491935,30.0,1,62121.999999999985,52198.66,Saint Leo University,92,9923.339843749985,5,low,0.19010717543411534,0.18798808187799382
5214,Marketing.,137032,3,"Private, nonprofit",3,Saint Leo,28.336776,-82.257801,31,12,22361.0,0.7686491935,30.0,1,46324.000000000015,56091.742,Saint Leo University,50,-9767.742187499985,17,high,-0.17413868435123628,-0.17018702979706202
0183,Veterinary/Animal Health Technologies/Technicians.,137078,3,Public,2,St. Petersburg,27.773264,-82.636587,11,15,22640.0,0.8076387681,26.0,1,46358.000000000015,48819.45,St Petersburg College,100,-2461.4492187499854,4,low,-0.050419438525836975,-0.04990964348720944
0183,Veterinary/Animal Health Technologies/Technicians.,137078,3,Public,3,St. Petersburg,27.773264,-82.636587,11,15,22640.0,0.8076387681,26.0,1,61428.0,52352.203,St Petersburg College,33,9075.796875,1,low,0.17336036180425787,0.16701409968244288
0302,Environmental/Natural Resources Management and Policy.,137078,3,Public,3,St. Petersburg,27.773264,-82.636587,11,15,22640.0,0.8076387681,26.0,1,48189.99999999997,49084.902,St Petersburg College,30,-894.9023437500291,3,low,-0.018231723015009266,-0.017487903926378792
1102,Computer Programming.,137078,3,Public,2,St. Petersburg,27.773264,-82.636587,11,15,22640.0,0.8076387681,26.0,1,76683.00000000001,55199.844,St Petersburg College,29,21483.156250000015,6,medium,0.3891887148684187,0.3726889522159043
1108,Computer Software and Media Applications.,137078,1,Public,2,St. Petersburg,27.773264,-82.636587,11,15,22640.0,0.8076387681,26.0,1,40278.00000000004,48293.27,St Petersburg College,29,-8015.269531249964,4,low,-0.16597073689664724,-0.15893436183889809
1110,Computer/Information Technology Administration and Management.,137078,2,Public,1,St. Petersburg,27.773264,-82.636587,11,15,22640.0,0.8076387681,26.0,1,62752.99999999999,54879.03,St Petersburg College,26,7873.968749999993,3,low,0.14347863966713137,0.13659897707225174
1110,Computer/Information Technology Administration and Management.,137078,3,Public,2,St. Petersburg,27.773264,-82.636587,11,15,22640.0,0.8076387681,26.0,1,55722.00000000002,62690.92,St Petersburg College,44,-6968.921874999978,8,medium,-0.11116317429332712,-0.10823842085588958
1110,Computer/Information Technology Administration and Management.,137078,3,Public,3,St. Petersburg,27.773264,-82.636587,11,15,22640.0,0.8076387681,26.0,1,71667.99999999994,66180.52,St Petersburg College,142,5487.476562499942,9,medium,0.08291678997797956,0.08236044499031306
1312,"Teacher Education and Professional Development, Specific Levels and Methods.",137078,3,Public,3,St. Petersburg,27.773264,-82.636587,11,15,22640.0,0.8076387681,26.0,1,52046.99999999996,55740.7,St Petersburg College,64,-3693.6992187500364,24,high,-0.06626574963213869,-0.06513721268670083
1313,"Teacher Education and Professional Development, Specific Subject Areas.",137078,1,Public,3,St. Petersburg,27.773264,-82.636587,11,15,22640.0,0.8076387681,26.0,1,51755.00000000004,50959.188,St Petersburg College,23,795.8125000000364,11,medium,0.015616663825341336,0.014757909347194072
2203,Legal Support Services.,137078,1,Public,3,St. Petersburg,27.773264,-82.636587,11,15,22640.0,0.8076387681,26.0,1,52656.99999999997,55879.297,St Petersburg College,41,-3222.296875000029,4,low,-0.0576653081768046,-0.0560193642014549
2401,"Liberal Arts and Sciences, General Studies and Humanities.",137078,3,Public,2,St. Petersburg,27.773264,-82.636587,11,15,22640.0,0.8076387681,26.0,1,43490.99999999996,47709.656,St Petersburg College,1906,-4218.656250000036,36,high,-0.08842353061388986,-0.08839365120004172
2601,"Biology, General.",137078,1,Public,3,St. Petersburg,27.773264,-82.636587,11,15,22640.0,0.8076387681,26.0,1,49403.00000000002,52695.426,St Petersburg College,38,-3292.425781249978,24,high,-0.06248029563168429,-0.060534059106721855
4301,Criminal Justice and Corrections.,137078,0,Public,99,St. Petersburg,27.773264,-82.636587,11,15,22640.0,0.8076387681,26.0,1,76867.00000000006,67591.125,St Petersburg College,29,9275.875000000058,4,low,0.13723510298134642,0.13141698303007512
4302,Fire Protection.,137078,0,Public,99,St. Petersburg,27.773264,-82.636587,11,15,22640.0,0.8076387681,26.0,1,73936.0,69727.46,St Petersburg College,23,4208.5390625,2,low,0.06035698139463749,0.05703797365778732
4399,"Homeland Security, Law Enforcement, Firefighting and Related Protective Services, Other.",137078,3,Public,3,St. Petersburg,27.773264,-82.636587,11,15,22640.0,0.8076387681,26.0,1,63161.999999999985,55384.14,St Petersburg College,73,7777.859374999985,4,low,0.14043477586233624,0.13838343548766507
4404,Public Administration.,137078,3,Public,3,St. Petersburg,27.773264,-82.636587,11,15,22640.0,0.8076387681,26.0,1,47320.00000000003,57199.035,St Petersburg College,21,-9879.03515624997,7,medium,-0.17271331814013147,-0.1622094000922822
5106,Dental Support Services and Allied Professions.,137078,1,Public,2,St. Petersburg,27.773264,-82.636587,11,15,22640.0,0.8076387681,26.0,1,63102.00000000003,67935.9,St Petersburg College,45,-4833.898437499971,10,medium,-0.07115381629856687,-0.06932970520373367
5106,Dental Support Services and Allied Professions.,137078,3,Public,3,St. Petersburg,27.773264,-82.636587,11,15,22640.0,0.8076387681,26.0,1,63700.00000000002,55734.535,St Petersburg College,39,7965.464843750022,1,low,0.14291793806872335,0.138596990064656
5107,Health and Medical Administrative Services.,137078,1,Public,1,St. Petersburg,27.773264,-82.636587,11,15,22640.0,0.8076387681,26.0,1,42416.000000000015,62077.535,St Petersburg College,32,-19661.535156249985,25,high,-0.3167254483729361,-0.3047172769663134
5107,Health and Medical Administrative Services.,137078,3,Public,2,St. Petersburg,27.773264,-82.636587,11,15,22640.0,0.8076387681,26.0,1,53013.999999999956,45178.438,St Petersburg College,40,7835.562499999956,15,medium,0.17343588963208292,0.1683427513985463
5108,Allied Health and Medical Assisting Services.,137078,1,Public,2,St. Petersburg,27.773264,-82.636587,11,15,22640.0,0.8076387681,26.0,1,57311.99999999995,52375.33,St Petersburg College,32,4936.671874999949,22,high,0.09425567441254,0.09068211156747336
5109,"Allied Health Diagnostic, Intervention, and Treatment Professions.",137078,1,Public,2,St. Petersburg,27.773264,-82.636587,11,15,22640.0,0.8076387681,26.0,1,70197.99999999999,66137.055,St Petersburg College,55,4060.9453124999854,39,high,0.061401967954093216,0.06015453712935715
5122,Public Health.,137078,3,Public,3,St. Petersburg,27.773264,-82.636587,11,15,22640.0,0.8076387681,26.0,1,59200.000000000015,54117.785,St Petersburg College,122,5082.214843750015,12,medium,0.09391025203778273,0.09315777028647443
5138,"Registered Nursing, Nursing Administration, Nursing Research and Clinical Nursing.",137078,1,Public,2,St. Petersburg,27.773264,-82.636587,11,15,22640.0,0.8076387681,26.0,1,81621.00000000006,80529.516,St Petersburg College,259,1091.4843750000582,58,high,0.013553842544921655,0.013508712624795095
5138,"Registered Nursing, Nursing Administration, Nursing Research and Clinical Nursing.",137078,3,Public,3,St. Petersburg,27.773264,-82.636587,11,15,22640.0,0.8076387681,26.0,1,91608.00000000007,94174.31,St Petersburg College,308,-2566.3124999999272,57,high,-0.02725066349701175,-0.027176461577303142
5202,"Business Administration, Management and Operations.",137078,1,Public,2,St. Petersburg,27.773264,-82.636587,11,15,22640.0,0.8076387681,26.0,1,55764.99999999996,51736.363,St Petersburg College,31,4028.6367187499636,26,high,0.07786857179831964,0.07480775469906115
5202,"Business Administration, Management and Operations.",137078,3,Public,3,St. Petersburg,27.773264,-82.636587,11,15,22640.0,0.8076387681,26.0,1,62039.999999999985,60500.066,St Petersburg College,409,1539.9335937499854,58,high,0.02545341989229456,0.02540350691142902
4702,"Heating, Air Conditioning, Ventilation and Refrigeration Maintenance Technology/Technician (HAC, HACR, HVAC, HVACR).",137087,1,Public,1,Saint Petersburg,27.761183,-82.681534,11,-2,12455.0,,29.0,1,48020.0,43584.047,Pinellas Technical College-St. Petersburg,47,4435.953125,13,medium,0.10177928492327504,0.09929803117179486
5107,Health and Medical Administrative Services.,137087,1,Public,1,Saint Petersburg,27.761183,-82.681534,11,-2,12455.0,,29.0,1,38323.000000000015,38248.836,Pinellas Technical College-St. Petersburg,28,74.16406250001455,25,high,0.0019389887478197074,0.0018534590060339526
5139,"Practical Nursing, Vocational Nursing and Nursing Assistants.",137087,1,Public,1,Saint Petersburg,27.761183,-82.681534,11,-2,12455.0,,29.0,1,56727.00000000001,52398.56,Pinellas Technical College-St. Petersburg,38,4328.441406250007,47,high,0.08260611593934752,0.08003296806286865
1102,Computer Programming.,137096,1,Public,2,Gainesville,29.681037,-82.433143,22,12,25000.0,0.8128164557,22.0,1,49154.000000000015,71147.68,Santa Fe College,23,-21993.679687499985,6,medium,-0.3091271533253399,-0.2921283672719269
1312,"Teacher Education and Professional Development, Specific Levels and Methods.",137096,1,Public,3,Gainesville,29.681037,-82.433143,22,12,25000.0,0.8128164557,22.0,1,45196.00000000002,48276.555,Santa Fe College,21,-3080.554687499978,24,high,-0.06381057445877782,-0.05992980225244821
2401,"Liberal Arts and Sciences, General Studies and Humanities.",137096,1,Public,2,Gainesville,29.681037,-82.433143,22,12,25000.0,0.8128164557,22.0,1,47029.99999999997,45564.617,Santa Fe College,1193,1465.382812499971,36,high,0.032160542608530414,0.032142057048224794
5106,Dental Support Services and Allied Professions.,137096,1,Public,2,Gainesville,29.681037,-82.433143,22,12,25000.0,0.8128164557,22.0,1,58179.00000000001,66046.29,Santa Fe College,34,-7867.289062499993,10,medium,-0.11911780622610196,-0.11490327430856315
5107,Health and Medical Administrative Services.,137096,1,Public,3,Gainesville,29.681037,-82.433143,22,12,25000.0,0.8128164557,22.0,1,61061.999999999985,56473.047,Santa Fe College,43,4588.953124999985,18,high,0.08125917369320239,0.07906371076180878
5108,Allied Health and Medical Assisting Services.,137096,1,Public,2,Gainesville,29.681037,-82.433143,22,12,25000.0,0.8128164557,22.0,1,49896.0,52675.08,Santa Fe College,29,-2779.078125,22,high,-0.052758879985049856,-0.05052215275142458
5109,"Allied Health Diagnostic, Intervention, and Treatment Professions.",137096,1,Public,1,Gainesville,29.681037,-82.433143,22,12,25000.0,0.8128164557,22.0,1,60573.99999999998,57586.55,Santa Fe College,28,2987.449218749978,22,high,0.05187755089027979,0.04958920675361977
5109,"Allied Health Diagnostic, Intervention, and Treatment Professions.",137096,1,Public,2,Gainesville,29.681037,-82.433143,22,12,25000.0,0.8128164557,22.0,1,66996.99999999997,65703.02,Santa Fe College,147,1293.976562499971,39,high,0.019694322951985095,0.019567417717311183
5138,"Registered Nursing, Nursing Administration, Nursing Research and Clinical Nursing.",137096,1,Public,2,Gainesville,29.681037,-82.433143,22,12,25000.0,0.8128164557,22.0,1,77373.99999999997,78364.55,Santa Fe College,162,-990.5468750000291,58,high,-0.012640242488482188,-0.012567531216623934
5138,"Registered Nursing, Nursing Administration, Nursing Research and Clinical Nursing.",137096,3,Public,3,Gainesville,29.681037,-82.433143,22,12,25000.0,0.8128164557,22.0,1,89675.00000000004,84203.516,Santa Fe College,79,5471.484375000044,57,high,0.06497928660564811,0.06411378104535345
5202,"Business Administration, Management and Operations.",137096,1,Public,3,Gainesville,29.681037,-82.433143,22,12,25000.0,0.8128164557,22.0,1,57645.00000000002,61457.145,Santa Fe College,87,-3812.144531249978,58,high,-0.062029314253472384,-0.06129119471835748
1101,"Computer and Information Sciences, General.",137209,1,Public,2,Sanford,28.745482,-81.308003,13,12,24900.0,0.8147863904,24.0,1,67998.0,56399.418,Seminole State College of Florida,32,11598.58203125,8,medium,0.2056507398299143,0.19785379977832546
1101,"Computer and Information Sciences, General.",137209,3,Public,3,Sanford,28.745482,-81.308003,13,12,24900.0,0.8147863904,24.0,1,76080.00000000004,83356.05,Seminole State College of Florida,152,-7276.046874999956,19,high,-0.08728877085439347,-0.08674786123092317
1102,Computer Programming.,137209,2,Public,2,Sanford,28.745482,-81.308003,13,12,24900.0,0.8147863904,24.0,1,79878.00000000004,52251.65,Seminole State College of Florida,23,27626.351562500044,6,medium,0.5287173206706555,0.4996433537928403
1110,Computer/Information Technology Administration and Management.,137209,2,Public,2,Sanford,28.745482,-81.308003,13,12,24900.0,0.8147863904,24.0,1,65360.000000000044,59690.844,Seminole State College of Florida,20,5669.156250000044,8,medium,0.09497530766601106,0.08888076700940206
1312,"Teacher Education and Professional Development, Specific Levels and Methods.",137209,2,Public,2,Sanford,28.745482,-81.308003,13,12,24900.0,0.8147863904,24.0,1,40187.00000000002,46463.207,Seminole State College of Florida,22,-6276.207031249978,4,low,-0.13507907508469566,-0.12727556875499518
1510,Construction Engineering Technology/Technician.,137209,2,Public,3,Sanford,28.745482,-81.308003,13,12,24900.0,0.8147863904,24.0,1,80202.0,82409.516,Seminole State College of Florida,35,-2207.515625,5,low,-0.02678714476426702,-0.025870269165656802
2203,Legal Support Services.,137209,2,Public,2,Sanford,28.745482,-81.308003,13,12,24900.0,0.8147863904,24.0,1,59640.99999999995,46482.93,Seminole State College of Florida,21,13158.070312499949,10,medium,0.2830731711826323,0.2658574901705015
2401,"Liberal Arts and Sciences, General Studies and Humanities.",137209,3,Public,2,Sanford,28.745482,-81.308003,13,12,24900.0,0.8147863904,24.0,1,45534.99999999999,48581.15,Seminole State College of Florida,1739,-3046.1484375000073,36,high,-0.06270227311359054,-0.06267877021644301
4301,Criminal Justice and Corrections.,137209,3,Public,2,Sanford,28.745482,-81.308003,13,12,24900.0,0.8147863904,24.0,1,55297.00000000004,48744.41,Seminole State College of Florida,32,6552.589843750036,10,medium,0.13442751328297414,0.12933089528287178
4301,Criminal Justice and Corrections.,137209,0,Public,99,Sanford,28.745482,-81.308003,13,12,24900.0,0.8147863904,24.0,1,61270.99999999996,54608.65,Seminole State College of Florida,45,6662.351562499964,4,low,0.12200176626098105,0.11887410864537142
4302,Fire Protection.,137209,0,Public,99,Sanford,28.745482,-81.308003,13,12,24900.0,0.8147863904,24.0,1,54434.0,64834.098,Seminole State College of Florida,27,-10400.09765625,2,low,-0.16041092622883804,-0.15303896176496776
5004,Design and Applied Arts.,137209,3,Public,2,Sanford,28.745482,-81.308003,13,12,24900.0,0.8147863904,24.0,1,43175.0,40755.223,Seminole State College of Florida,35,2419.77734375,5,low,0.0593734296131717,0.0573411843217386
5004,Design and Applied Arts.,137209,2,Public,3,Sanford,28.745482,-81.308003,13,12,24900.0,0.8147863904,24.0,1,51719.0,53933.492,Seminole State College of Florida,29,-2214.4921875,7,medium,-0.04105968476510494,-0.0393189481318746
5100,"Health Services/Allied Health/Health Sciences, General.",137209,3,Public,3,Sanford,28.745482,-81.308003,13,12,24900.0,0.8147863904,24.0,1,59669.00000000002,56854.125,Seminole State College of Florida,114,2814.875000000022,15,medium,0.04951047967056079,0.049081011563771766
5107,Health and Medical Administrative Services.,137209,3,Public,1,Sanford,28.745482,-81.308003,13,12,24900.0,0.8147863904,24.0,1,38734.0,51349.023,Seminole State College of Florida,32,-12615.0234375,25,high,-0.24567211979901638,-0.2363578290164794
5107,Health and Medical Administrative Services.,137209,2,Public,2,Sanford,28.745482,-81.308003,13,12,24900.0,0.8147863904,24.0,1,38887.00000000002,51116.258,Seminole State College of Florida,31,-12229.257812499978,15,medium,-0.23924399664306858,-0.2298399187345041
5108,Allied Health and Medical Assisting Services.,137209,2,Public,2,Sanford,28.745482,-81.308003,13,12,24900.0,0.8147863904,24.0,1,53360.99999999997,50837.496,Seminole State College of Florida,50,2523.503906249971,22,high,0.049638634868962646,0.04851220659557976
5109,"Allied Health Diagnostic, Intervention, and Treatment Professions.",137209,1,Public,1,Sanford,28.745482,-81.308003,13,12,24900.0,0.8147863904,24.0,1,61349.999999999956,64097.766,Seminole State College of Florida,31,-2747.7656250000437,22,high,-0.04286835271412854,-0.04118330592343756
5109,"Allied Health Diagnostic, Intervention, and Treatment Professions.",137209,2,Public,2,Sanford,28.745482,-81.308003,13,12,24900.0,0.8147863904,24.0,1,71774.99999999999,66972.91,Seminole State College of Florida,69,4802.093749999985,39,high,0.07170203622453648,0.07058347422936252
5138,"Registered Nursing, Nursing Administration, Nursing Research and Clinical Nursing.",137209,2,Public,2,Sanford,28.745482,-81.308003,13,12,24900.0,0.8147863904,24.0,1,82579.00000000004,80835.61,Seminole State College of Florida,253,1743.3906250000437,58,high,0.0215671118023293,0.021493316914083953
5202,"Business Administration, Management and Operations.",137209,3,Public,2,Sanford,28.745482,-81.308003,13,12,24900.0,0.8147863904,24.0,1,40824.99999999998,52347.76,Seminole State College of Florida,51,-11522.761718750022,26,high,-0.2201194729329331,-0.21523780219606783
5212,Management Information Systems and Services.,137209,3,Public,3,Sanford,28.745482,-81.308003,13,12,24900.0,0.8147863904,24.0,1,65553.00000000001,65573.7,Seminole State College of Florida,195,-20.703124999985448,7,medium,-0.00031572298060580895,-0.00031426012808606255
1109,Computer Systems Networking and Telecommunications.,137245,2,Public,1,Hollywood,26.031736,-80.198024,21,-2,16902.0,,28.0,1,34963.999999999985,39199.223,Sheridan Technical College,32,-4235.222656250015,1,low,-0.10804353681678794,-0.10394722780171291
1204,Cosmetology and Related Personal Grooming Services.,137245,2,Public,1,Hollywood,26.031736,-80.198024,21,-2,16902.0,,28.0,1,20311.999999999985,25813.213,Sheridan Technical College,65,-5501.212890625015,80,high,-0.21311616318102652,-0.20955169992117129
4603,Electrical and Power Transmission Installers.,137245,1,Public,1,Hollywood,26.031736,-80.198024,21,-2,16902.0,,28.0,1,34718.99999999998,36939.492,Sheridan Technical College,36,-2220.492187500022,5,low,-0.06011160565578692,-0.058119377630585896
4702,"Heating, Air Conditioning, Ventilation and Refrigeration Maintenance Technology/Technician (HAC, HACR, HVAC, HVACR).",137245,1,Public,1,Hollywood,26.031736,-80.198024,21,-2,16902.0,,28.0,1,39280.00000000001,43383.996,Sheridan Technical College,42,-4103.996093749993,13,medium,-0.09459700496195703,-0.09197086531995671
4706,Vehicle Maintenance and Repair Technologies/Technicians.,137245,1,Public,1,Hollywood,26.031736,-80.198024,21,-2,16902.0,,28.0,1,54757.99999999998,44809.117,Sheridan Technical College,59,9948.882812499978,24,high,0.22202809242747878,0.2178710736772251
5107,Health and Medical Administrative Services.,137245,2,Public,1,Hollywood,26.031736,-80.198024,21,-2,16902.0,,28.0,1,38953.00000000003,36318.17,Sheridan Technical College,36,2634.828125000029,25,high,0.07254847887356745,0.07014406609468984
5139,"Practical Nursing, Vocational Nursing and Nursing Assistants.",137245,1,Public,1,Hollywood,26.031736,-80.198024,21,-2,16902.0,,28.0,1,58084.99999999995,53985.773,Sheridan Technical College,73,4099.226562499949,47,high,0.07593160756038209,0.07482246937615494
1312,"Teacher Education and Professional Development, Specific Levels and Methods.",137281,1,Public,3,Palatka,29.647516,-81.681387,32,9,24832.0,0.8578217822,25.0,1,50390.00000000004,48914.29,Saint Johns River State College,22,1475.7109375000364,24,high,0.03016932200761323,0.028426442919186192
2401,"Liberal Arts and Sciences, General Studies and Humanities.",137281,3,Public,2,Palatka,29.647516,-81.681387,32,9,24832.0,0.8578217822,25.0,1,45213.99999999999,40932.57,Saint Johns River State College,415,4281.429687499993,36,high,0.10459713755606811,0.1043954489737924
5109,"Allied Health Diagnostic, Intervention, and Treatment Professions.",137281,1,Public,1,Palatka,29.647516,-81.681387,32,9,24832.0,0.8578217822,25.0,1,47114.999999999956,55511.523,Saint Johns River State College,26,-8396.523437500044,22,high,-0.15125730510627447,-0.1440046629948347
5109,"Allied Health Diagnostic, Intervention, and Treatment Professions.",137281,1,Public,2,Palatka,29.647516,-81.681387,32,9,24832.0,0.8578217822,25.0,1,64282.00000000003,58331.86,Saint Johns River State College,47,5950.140625000029,39,high,0.10200498816175495,0.09951823204299423
5138,"Registered Nursing, Nursing Administration, Nursing Research and Clinical Nursing.",137281,1,Public,2,Palatka,29.647516,-81.681387,32,9,24832.0,0.8578217822,25.0,1,72063.00000000004,74613.414,Saint Johns River State College,124,-2550.4140624999563,58,high,-0.03418170974408971,-0.0339129785721232
5138,"Registered Nursing, Nursing Administration, Nursing Research and Clinical Nursing.",137281,3,Public,3,Palatka,29.647516,-81.681387,32,9,24832.0,0.8578217822,25.0,1,80690.00000000001,88173.62,Saint Johns River State College,37,-7483.617187499985,57,high,-0.08487365525207131,-0.0821477175830921
5202,"Business Administration, Management and Operations.",137281,2,Public,3,Palatka,29.647516,-81.681387,32,9,24832.0,0.8578217822,25.0,1,58402.999999999985,52466.113,Saint Johns River State College,54,5936.886718749985,58,high,0.11315659475144829,0.11080818831912362
2401,"Liberal Arts and Sciences, General Studies and Humanities.",137315,1,Public,2,Avon Park,27.56974,-81.508667,23,9,20658.0,0.9552590267,23.0,1,40829.99999999998,43667.09,South Florida State College,203,-2837.089843750022,36,high,-0.06497089350130096,-0.06468364357340858
5109,"Allied Health Diagnostic, Intervention, and Treatment Professions.",137315,1,Public,2,Avon Park,27.56974,-81.508667,23,9,20658.0,0.9552590267,23.0,1,62709.00000000002,65282.56,South Florida State College,28,-2573.558593749978,39,high,-0.03942184021562483,-0.037682923567370415
5138,"Registered Nursing, Nursing Administration, Nursing Research and Clinical Nursing.",137315,1,Public,2,Avon Park,27.56974,-81.508667,23,9,20658.0,0.9552590267,23.0,1,82431.99999999993,80668.8,South Florida State College,38,1763.2031249999272,58,high,0.02185731278144747,0.021176466123429907
5138,"Registered Nursing, Nursing Administration, Nursing Research and Clinical Nursing.",137315,1,Public,3,Avon Park,27.56974,-81.508667,23,9,20658.0,0.9552590267,23.0,1,102065.99999999996,89269.15,South Florida State College,25,12796.851562499956,57,high,0.14335133454823326,0.13616876426296926
5202,"Business Administration, Management and Operations.",137315,1,Public,3,Avon Park,27.56974,-81.508667,23,9,20658.0,0.9552590267,23.0,1,44874.00000000002,50287.508,South Florida State College,38,-5413.507812499978,58,high,-0.10765114534378135,-0.10429785469584368
0301,Natural Resources Conservation and Research.,137351,1,Public,3,Tampa,28.061458,-82.413232,11,15,32495.0,0.6858996244,22.0,1,53991.00000000001,50492.945,University of South Florida,122,3498.0546875000073,9,medium,0.06927808757937579,0.06872297782790748
0402,Architecture.,137351,1,Public,5,Tampa,28.061458,-82.413232,11,15,32495.0,0.6858996244,22.0,1,70924.00000000003,76398.63,University of South Florida,50,-5474.632812499971,4,low,-0.0716587798885877,-0.07003265789881685
0901,Communication and Media Studies.,137351,1,Public,3,Tampa,28.061458,-82.413232,11,15,32495.0,0.6858996244,22.0,1,53810.000000000044,56131.555,University of South Florida,628,-2321.5546874999563,15,medium,-0.04135917311438634,-0.04130967925013867
0904,Journalism.,137351,1,Public,5,Tampa,28.061458,-82.413232,11,15,32495.0,0.6858996244,22.0,1,69612.00000000004,72636.79,University of South Florida,23,-3024.7890624999563,2,low,-0.04164265934025925,-0.039352745144092774
1101,"Computer and Information Sciences, General.",137351,1,Public,3,Tampa,28.061458,-82.413232,11,15,32495.0,0.6858996244,22.0,1,90952.99999999993,84932.35,University of South Florida,395,6020.648437499927,19,high,0.07088757495510357,0.07074285912742688
1104,Information Science/Studies.,137351,3,Public,5,Tampa,28.061458,-82.413232,11,15,32495.0,0.6858996244,22.0,1,93932.99999999996,93584.664,University of South Florida,33,348.33593749995634,5,low,0.0037221476508941904,0.003585889717403351
1105,Computer Systems Analysis.,137351,3,Public,5,Tampa,28.061458,-82.413232,11,15,32495.0,0.6858996244,22.0,1,115355.99999999996,89301.25,University of South Florida,29,26054.749999999956,3,low,0.29176243333659896,0.27939308469656576
1303,Curriculum and Instruction.,137351,3,Public,5,Tampa,28.061458,-82.413232,11,15,32495.0,0.6858996244,22.0,1,58876.99999999995,65478.902,University of South Florida,77,-6601.902343750051,7,medium,-0.10082487805142944,-0.09944107786085529
1303,Curriculum and Instruction.,137351,2,Public,6,Tampa,28.061458,-82.413232,11,15,32495.0,0.6858996244,22.0,1,84486.00000000006,92461.836,University of South Florida,51,-7975.835937499942,2,low,-0.08626084326176742,-0.08434780472556942
1304,Educational Administration and Supervision.,137351,1,Public,5,Tampa,28.061458,-82.413232,11,15,32495.0,0.6858996244,22.0,1,65844.99999999997,71324.31,University of South Florida,83,-5479.312500000029,20,high,-0.07682250705185598,-0.07585664630191069
1310,Special Education and Teaching.,137351,1,Public,5,Tampa,28.061458,-82.413232,11,15,32495.0,0.6858996244,22.0,1,58410.99999999999,62185.258,University of South Florida,40,-3774.2578125000073,8,medium,-0.06069377124526989,-0.05891143099537949
1312,"Teacher Education and Professional Development, Specific Levels and Methods.",137351,1,Public,3,Tampa,28.061458,-82.413232,11,15,32495.0,0.6858996244,22.0,1,51649.99999999997,51685.816,University of South Florida,331,-35.816406250029104,24,high,-0.0006929639258962751,-0.0006912281490661523
1312,"Teacher Education and Professional Development, Specific Levels and Methods.",137351,1,Public,5,Tampa,28.061458,-82.413232,11,15,32495.0,0.6858996244,22.0,1,59327.99999999997,64413.414,University of South Florida,58,-5085.414062500029,7,medium,-0.07894961222775242,-0.07744174473298257
1313,"Teacher Education and Professional Development, Specific Subject Areas.",137351,1,Public,3,Tampa,28.061458,-82.413232,11,15,32495.0,0.6858996244,22.0,1,52092.99999999997,53066.04,University of South Florida,154,-973.0390625000291,11,medium,-0.018336380097146603,-0.01822447550475924
1313,"Teacher Education and Professional Development, Specific Subject Areas.",137351,1,Public,5,Tampa,28.061458,-82.413232,11,15,32495.0,0.6858996244,22.0,1,57164.000000000015,61812.703,University of South Florida,73,-4648.703124999985,8,medium,-0.07520627460020962,-0.0741077314041337
1408,Civil Engineering.,137351,1,Public,3,Tampa,28.061458,-82.413232,11,15,32495.0,0.6858996244,22.0,1,84789.0,70345.69,University of South Florida,99,14443.3125,8,medium,0.205319089389808,0.20321854216860308
1408,Civil Engineering.,137351,1,Public,5,Tampa,28.061458,-82.413232,11,15,32495.0,0.6858996244,22.0,1,85379.99999999997,89704.65,University of South Florida,27,-4324.648437500029,2,low,-0.048209858829257275,-0.04599429051073462
1409,Computer Engineering.,137351,1,Public,3,Tampa,28.061458,-82.413232,11,15,32495.0,0.6858996244,22.0,1,109054.00000000004,95657.89,University of South Florida,63,13396.109375000044,13,medium,0.14004186468543137,0.1376127104012362
1410,"Electrical, Electronics, and Communications Engineering.",137351,1,Public,3,Tampa,28.061458,-82.413232,11,15,32495.0,0.6858996244,22.0,1,102274.99999999997,94224.17,University of South Florida,91,8050.828124999971,10,medium,0.08544334181764301,0.0844786678822656
1419,Mechanical Engineering.,137351,1,Public,3,Tampa,28.061458,-82.413232,11,15,32495.0,0.6858996244,22.0,1,88249.00000000003,85654.5,University of South Florida,205,2594.500000000029,12,medium,0.030290294146834422,0.030157895712390255
1435,Industrial Engineering.,137351,1,Public,3,Tampa,28.061458,-82.413232,11,15,32495.0,0.6858996244,22.0,1,90040.00000000004,85653.12,University of South Florida,71,4386.882812500044,4,low,0.051216849503525765,0.050444062403157866
2301,"English Language and Literature, General.",137351,1,Public,3,Tampa,28.061458,-82.413232,11,15,32495.0,0.6858996244,22.0,1,45177.99999999998,44412.484,University of South Florida,221,765.5156249999782,11,medium,0.017236496353959668,0.01716747063468263
2401,"Liberal Arts and Sciences, General Studies and Humanities.",137351,1,Public,3,Tampa,28.061458,-82.413232,11,15,32495.0,0.6858996244,22.0,1,59586.99999999998,53909.164,University of South Florida,248,5677.835937499978,12,medium,0.10532227750586776,0.1049534412258505
2601,"Biology, General.",137351,1,Public,3,Tampa,28.061458,-82.413232,11,15,32495.0,0.6858996244,22.0,1,49394.999999999985,51909.24,University of South Florida,650,-2514.2382812500146,24,high,-0.04843527596432052,-0.048379560352894514
2701,Mathematics.,137351,1,Public,3,Tampa,28.061458,-82.413232,11,15,32495.0,0.6858996244,22.0,1,59124.99999999995,66664.734,University of South Florida,43,-7539.734375000051,6,medium,-0.11309929373734268,-0.11004357343301592
3105,"Sports, Kinesiology, and Physical Education/Fitness.",137351,1,Public,5,Tampa,28.061458,-82.413232,11,15,32495.0,0.6858996244,22.0,1,70317.00000000001,64917.5,University of South Florida,49,5399.500000000015,6,medium,0.08317479878307105,0.08124262985011611
3801,Philosophy.,137351,1,Public,3,Tampa,28.061458,-82.413232,11,15,32495.0,0.6858996244,22.0,1,49560.99999999997,46240.863,University of South Florida,23,3320.136718749971,4,low,0.07180092418595131,0.06785261833334388
4005,Chemistry.,137351,1,Public,3,Tampa,28.061458,-82.413232,11,15,32495.0,0.6858996244,22.0,1,59941.99999999999,56773.23,University of South Florida,48,3168.7695312499927,4,low,0.05581450104365993,0.054486575661490504
4201,"Psychology, General.",137351,1,Public,3,Tampa,28.061458,-82.413232,11,15,32495.0,0.6858996244,22.0,1,47256.99999999997,51106.703,University of South Florida,670,-3849.703125000029,29,high,-0.07532677495521835,-0.07524308670817886
4201,"Psychology, General.",137351,1,Public,6,Tampa,28.061458,-82.413232,11,15,32495.0,0.6858996244,22.0,1,113606.00000000004,100004.06,University of South Florida,27,13601.937500000044,3,low,0.13601384943736705,0.12976309527604477
4301,Criminal Justice and Corrections.,137351,3,Public,5,Tampa,28.061458,-82.413232,11,15,32495.0,0.6858996244,22.0,1,70885.0,67737.55,University of South Florida,26,3147.453125,10,medium,0.04646541349966772,0.044237441670893066
4303,Homeland Security.,137351,3,Public,5,Tampa,28.061458,-82.413232,11,15,32495.0,0.6858996244,22.0,1,114398.00000000006,82459.83,University of South Florida,175,31938.17187500006,2,low,0.38731795349591697,0.38528194164326346
4400,"Human Services, General.",137351,1,Public,3,Tampa,28.061458,-82.413232,11,15,32495.0,0.6858996244,22.0,1,43976.00000000003,48515.723,University of South Florida,92,-4539.722656249971,5,low,-0.09357219490298872,-0.09252916096806084
4400,"Human Services, General.",137351,3,Public,5,Tampa,28.061458,-82.413232,11,15,32495.0,0.6858996244,22.0,1,59321.99999999997,58531.133,University of South Florida,30,790.8671874999709,3,low,0.013511906390628955,0.012960646705032376
4404,Public Administration.,137351,1,Public,5,Tampa,28.061458,-82.413232,11,15,32495.0,0.6858996244,22.0,1,62465.00000000004,74641.32,University of South Florida,24,-12176.320312499964,10,medium,-0.16313109496886571,-0.15457589480743977
4407,Social Work.,137351,3,Public,3,Tampa,28.061458,-82.413232,11,15,32495.0,0.6858996244,22.0,1,52450.99999999997,48394.652,University of South Florida,121,4056.347656249971,12,medium,0.08381809683097835,0.08313998522455765
4407,Social Work.,137351,3,Public,5,Tampa,28.061458,-82.413232,11,15,32495.0,0.6858996244,22.0,1,56830.000000000044,65152.062,University of South Florida,172,-8322.062499999956,9,medium,-0.1277329094531728,-0.12704776870316956
4501,"Social Sciences, General.",137351,1,Public,3,Tampa,28.061458,-82.413232,11,15,32495.0,0.6858996244,22.0,1,47969.00000000001,50978.387,University of South Florida,145,-3009.3867187499927,5,low,-0.05903260013607162,-0.05864607077570922
4502,Anthropology.,137351,1,Public,3,Tampa,28.061458,-82.413232,11,15,32495.0,0.6858996244,22.0,1,44282.999999999985,46398.56,University of South Florida,88,-2115.5585937500146,7,medium,-0.04559535162014679,-0.04505999032522099
4504,Criminology.,137351,3,Public,3,Tampa,28.061458,-82.413232,11,15,32495.0,0.6858996244,22.0,1,53882.99999999996,58699.723,University of South Florida,430,-4816.722656250036,7,medium,-0.0820569917247672,-0.08190512203261384
4506,Economics.,137351,1,Public,3,Tampa,28.061458,-82.413232,11,15,32495.0,0.6858996244,22.0,1,67007.0,71525.19,University of South Florida,163,-4518.1875,8,medium,-0.0631691807868382,-0.06280841045761434
4507,Geography and Cartography.,137351,1,Public,3,Tampa,28.061458,-82.413232,11,15,32495.0,0.6858996244,22.0,1,54944.000000000044,56952.082,University of South Florida,24,-2008.0820312499563,4,low,-0.035259150493358746,-0.03341002975981561
4509,International Relations and National Security Studies.,137351,1,Public,3,Tampa,28.061458,-82.413232,11,15,32495.0,0.6858996244,22.0,1,58999.00000000001,59226.5,University of South Florida,107,-227.49999999999272,6,medium,-0.003841185955610963,-0.003805302734863533
4510,Political Science and Government.,137351,1,Public,3,Tampa,28.061458,-82.413232,11,15,32495.0,0.6858996244,22.0,1,64819.99999999997,56952.082,University of South Florida,174,7867.917968749971,14,medium,0.13814978641927067,0.13741870224339428
4511,Sociology.,137351,1,Public,3,Tampa,28.061458,-82.413232,11,15,32495.0,0.6858996244,22.0,1,47378.99999999996,51085.164,University of South Florida,74,-3706.1640625000364,12,medium,-0.07254873563615731,-0.07150571374676891
5004,Design and Applied Arts.,137351,1,Public,3,Tampa,28.061458,-82.413232,11,15,32495.0,0.6858996244,22.0,1,54770.00000000001,52395.457,University of South Florida,26,2374.5429687500073,7,medium,0.04531963462660071,0.043146601791346835
5005,Drama/Theatre Arts and Stagecraft.,137351,1,Public,3,Tampa,28.061458,-82.413232,11,15,32495.0,0.6858996244,22.0,1,45671.000000000015,44126.03,University of South Florida,31,1544.9687500000146,11,medium,0.03501263780662383,0.033636379349409246
5007,Fine and Studio Arts.,137351,1,Public,3,Tampa,28.061458,-82.413232,11,15,32495.0,0.6858996244,22.0,1,38820.00000000001,39665.074,University of South Florida,98,-845.0742187499927,12,medium,-0.02130524738437321,-0.021084677117739748
5007,Fine and Studio Arts.,137351,1,Public,5,Tampa,28.061458,-82.413232,11,15,32495.0,0.6858996244,22.0,1,43971.00000000002,56683.48,University of South Florida,21,-12712.480468749978,2,low,-0.22427134614217026,-0.21063181986981377
5009,Music.,137351,1,Public,5,Tampa,28.061458,-82.413232,11,15,32495.0,0.6858996244,22.0,1,46861.99999999997,55329.395,University of South Florida,21,-8467.39453125003,4,low,-0.15303609596645146,-0.14372888892703736
5100,"Health Services/Allied Health/Health Sciences, General.",137351,3,Public,3,Tampa,28.061458,-82.413232,11,15,32495.0,0.6858996244,22.0,1,56452.000000000015,56779.734,University of South Florida,885,-327.73437499998545,15,medium,-0.005772030788933845,-0.005767367586658818
5102,Communication Disorders Sciences and Services.,137351,1,Public,3,Tampa,28.061458,-82.413232,11,15,32495.0,0.6858996244,22.0,1,51378.000000000015,56637.01,University of South Florida,171,-5259.011718749985,5,low,-0.09285468210903083,-0.09235322183727587
5102,Communication Disorders Sciences and Services.,137351,3,Public,5,Tampa,28.061458,-82.413232,11,15,32495.0,0.6858996244,22.0,1,65422.00000000002,69372.28,University of South Florida,109,-3950.281249999978,8,medium,-0.05694322254971222,-0.0564226753405579
5102,Communication Disorders Sciences and Services.,137351,1,Public,6,Tampa,28.061458,-82.413232,11,15,32495.0,0.6858996244,22.0,1,90868.99999999996,98786.31,University of South Florida,24,-7917.312500000044,2,low,-0.08014584510379455,-0.0759426994858456
5109,"Allied Health Diagnostic, Intervention, and Treatment Professions.",137351,1,Public,5,Tampa,28.061458,-82.413232,11,15,32495.0,0.6858996244,22.0,1,67543.00000000004,109868.08,University of South Florida,68,-42325.078124999956,9,medium,-0.38523544643099633,-0.3791224836626943
5112,Medicine.,137351,1,Public,7,Tampa,28.061458,-82.413232,11,15,32495.0,0.6858996244,22.0,1,97088.99999999997,92626.79,University of South Florida,268,4462.210937499971,7,medium,0.04817408638109101,0.04801992426861931
5122,Public Health.,137351,3,Public,3,Tampa,28.061458,-82.413232,11,15,32495.0,0.6858996244,22.0,1,53559.999999999956,57728.633,University of South Florida,273,-4168.632812500044,12,medium,-0.07221083558378345,-0.07198466227025531
5122,Public Health.,137351,1,Public,5,Tampa,28.061458,-82.413232,11,15,32495.0,0.6858996244,22.0,1,79273.00000000006,72658.125,University of South Florida,242,6614.875000000058,11,medium,0.09104109141269552,0.09071305600289974
5122,Public Health.,137351,1,Public,6,Tampa,28.061458,-82.413232,11,15,32495.0,0.6858996244,22.0,1,113870.00000000006,100435.21,University of South Florida,30,13434.789062500058,1,low,0.13376572754808486,0.12830834420187576
5123,Rehabilitation and Therapeutic Professions.,137351,2,Public,5,Tampa,28.061458,-82.413232,11,15,32495.0,0.6858996244,22.0,1,55073.99999999996,68845.15,University of South Florida,63,-13771.148437500036,9,medium,-0.20003077558910284,-0.19656105875417915
5123,Rehabilitation and Therapeutic Professions.,137351,1,Public,7,Tampa,28.061458,-82.413232,11,15,32495.0,0.6858996244,22.0,1,85202.00000000004,73953.53,University of South Florida,35,11248.468750000044,2,low,0.15210184773969185,0.1468956761255345
5138,"Registered Nursing, Nursing Administration, Nursing Research and Clinical Nursing.",137351,1,Public,3,Tampa,28.061458,-82.413232,11,15,32495.0,0.6858996244,22.0,1,84694.00000000004,88859.664,University of South Florida,571,-4165.664062499956,57,high,-0.0468791335917049,-0.04681655344870015
5138,"Registered Nursing, Nursing Administration, Nursing Research and Clinical Nursing.",137351,1,Public,5,Tampa,28.061458,-82.413232,11,15,32495.0,0.6858996244,22.0,1,116241.99999999999,117949.95,University of South Florida,361,-1707.9531250000146,18,high,-0.014480320506698077,-0.014447516101069575
5138,"Registered Nursing, Nursing Administration, Nursing Research and Clinical Nursing.",137351,1,Public,6,Tampa,28.061458,-82.413232,11,15,32495.0,0.6858996244,22.0,1,127777.99999999996,125207.44,University of South Florida,87,2570.5624999999563,8,medium,0.020530429751826496,0.0202861273369682
5201,"Business/Commerce, General.",137351,1,Public,3,Tampa,28.061458,-82.413232,11,15,32495.0,0.6858996244,22.0,1,64837.999999999985,64965.62,University of South Florida,229,-127.62109375001455,9,medium,-0.0019644404471381603,-0.0019568925983012536
5202,"Business Administration, Management and Operations.",137351,1,Public,3,Tampa,28.061458,-82.413232,11,15,32495.0,0.6858996244,22.0,1,60599.999999999956,70326.766,University of South Florida,144,-9726.765625000044,58,high,-0.13830816103310656,-0.13739520326300467
5202,"Business Administration, Management and Operations.",137351,1,Public,5,Tampa,28.061458,-82.413232,11,15,32495.0,0.6858996244,22.0,1,112593.99999999997,91026.09,University of South Florida,322,21567.90624999997,35,high,0.2369420169697216,0.23632924532908012
5202,"Business Administration, Management and Operations.",137351,2,Public,6,Tampa,28.061458,-82.413232,11,15,32495.0,0.6858996244,22.0,1,200931.00000000006,140409.42,University of South Florida,22,60521.57812500006,1,low,0.43103644553767634,0.40613550785376157
5203,Accounting and Related Services.,137351,3,Public,3,Tampa,28.061458,-82.413232,11,15,32495.0,0.6858996244,22.0,1,78918.00000000001,72573.23,University of South Florida,405,6344.773437500015,24,high,0.08742581442256672,0.08725241875123595
5203,Accounting and Related Services.,137351,1,Public,5,Tampa,28.061458,-82.413232,11,15,32495.0,0.6858996244,22.0,1,94391.00000000006,96184.44,University of South Florida,108,-1793.4374999999418,19,high,-0.018645817833055807,-0.018473519239343913
5208,Finance and Financial Management Services.,137351,1,Public,3,Tampa,28.061458,-82.413232,11,15,32495.0,0.6858996244,22.0,1,73933.0,79101.66,University of South Florida,463,-5168.65625,15,medium,-0.06534194724905018,-0.06523090307270167
5209,Hospitality Administration/Management.,137351,1,Public,3,Tampa,28.061458,-82.413232,11,15,32495.0,0.6858996244,22.0,1,57695.000000000015,52122.945,University of South Florida,47,5572.054687500015,7,medium,0.10690214557318459,0.10429600278150847
5211,International Business.,137351,1,Public,3,Tampa,28.061458,-82.413232,11,15,32495.0,0.6858996244,22.0,1,66141.00000000001,64695.992,University of South Florida,48,1445.0078125000146,7,medium,0.02233535283471866,0.021803955413003253
5212,Management Information Systems and Services.,137351,1,Public,3,Tampa,28.061458,-82.413232,11,15,32495.0,0.6858996244,22.0,1,83227.00000000006,79076.69,University of South Florida,201,4150.312500000058,7,medium,0.05248465295160547,0.0522499142084371
5214,Marketing.,137351,1,Public,3,Tampa,28.061458,-82.413232,11,15,32495.0,0.6858996244,22.0,1,65269.000000000015,62675.074,University of South Florida,408,2593.9257812500146,17,high,0.0413868800888314,0.04130549248651469
5401,History.,137351,1,Public,3,Tampa,28.061458,-82.413232,11,15,32495.0,0.6858996244,22.0,1,47935.99999999997,49500.176,University of South Florida,140,-1564.175781250029,9,medium,-0.031599398518550675,-0.03138383235213942
1304,Educational Administration and Supervision.,137476,1,"Private, nonprofit",5,Miami Gardens,25.922071,-80.253273,21,13,26170.0,0.7702970297,24.0,1,69390.00000000004,65117.84,St. Thomas University,70,4272.160156250044,20,high,0.0656066013015953,0.06460016974899162
1304,Educational Administration and Supervision.,137476,3,"Private, nonprofit",6,Miami Gardens,25.922071,-80.253273,21,13,26170.0,0.7702970297,24.0,1,88145.00000000003,85018.01,St. Thomas University,42,3126.992187500029,5,low,0.036780351221547616,0.03575927937653048
1312,"Teacher Education and Professional Development, Specific Levels and Methods.",137476,3,"Private, nonprofit",5,Miami Gardens,25.922071,-80.253273,21,13,26170.0,0.7702970297,24.0,1,64253.999999999956,59194.984,St. Thomas University,20,5059.015624999956,7,medium,0.08546358578205059,0.07997940983139243
2201,Law.,137476,0,"Private, nonprofit",6,Miami Gardens,25.922071,-80.253273,21,13,26170.0,0.7702970297,24.0,1,99412.0,98605.875,St. Thomas University,309,806.125,2,low,0.008175222825211987,0.00815304570631628
5115,Mental and Social Health Services and Allied Professions.,137476,3,"Private, nonprofit",5,Miami Gardens,25.922071,-80.253273,21,13,26170.0,0.7702970297,24.0,1,58658.999999999956,56507.312,St. Thomas University,20,2151.6874999999563,12,medium,0.03807803636033755,0.03563457872461184
5202,"Business Administration, Management and Operations.",137476,1,"Private, nonprofit",3,Miami Gardens,25.922071,-80.253273,21,13,26170.0,0.7702970297,24.0,1,63851.99999999996,63336.387,St. Thomas University,49,515.6132812499636,58,high,0.008140869853210655,0.007951755649777143
5202,"Business Administration, Management and Operations.",137476,2,"Private, nonprofit",5,Miami Gardens,25.922071,-80.253273,21,13,26170.0,0.7702970297,24.0,1,79954.99999999996,77087.4,St. Thomas University,87,2867.6015624999563,35,high,0.03719935580424232,0.036756701044258995
0301,Natural Resources Conservation and Research.,137546,1,"Private, nonprofit",3,DeLand,29.035475,-81.300746,13,14,52032.0,0.5486725664,20.0,1,51955.00000000001,51757.83,Stetson University,20,197.17187500000728,9,medium,0.003809508283922168,0.0035650531335403683
0901,Communication and Media Studies.,137546,1,"Private, nonprofit",3,DeLand,29.035475,-81.300746,13,14,52032.0,0.5486725664,20.0,1,58070.999999999956,53182.82,Stetson University,40,4888.179687499956,15,medium,0.09191275789394432,0.08921363730032038
1304,Educational Administration and Supervision.,137546,1,"Private, nonprofit",5,DeLand,29.035475,-81.300746,13,14,52032.0,0.5486725664,20.0,1,69259.00000000001,66412.44,Stetson University,85,2846.5625000000146,20,high,0.042861888633435784,0.042337794344937986
1313,"Teacher Education and Professional Development, Specific Subject Areas.",137546,1,"Private, nonprofit",3,DeLand,29.035475,-81.300746,13,14,52032.0,0.5486725664,20.0,1,54537.00000000002,51002.074,Stetson University,21,3534.925781250022,11,medium,0.06930945133895103,0.06509425354965805
2201,Law.,137546,0,"Private, nonprofit",5,DeLand,29.035475,-81.300746,13,14,52032.0,0.5486725664,20.0,1,66503.99999999999,75399.98,Stetson University,20,-8895.976562500015,1,low,-0.11798381071280607,-0.11041282043247465
2201,Law.,137546,1,"Private, nonprofit",7,DeLand,29.035475,-81.300746,13,14,52032.0,0.5486725664,20.0,1,96451.00000000003,92198.555,Stetson University,381,4252.445312500029,8,medium,0.046122689524942875,0.04602451951342853
3105,"Sports, Kinesiology, and Physical Education/Fitness.",137546,1,"Private, nonprofit",3,DeLand,29.035475,-81.300746,13,14,52032.0,0.5486725664,20.0,1,61973.99999999998,44681.7,Stetson University,30,17292.300781249978,18,high,0.3870108139037274,0.3712215201188765
4510,Political Science and Government.,137546,1,"Private, nonprofit",3,DeLand,29.035475,-81.300746,13,14,52032.0,0.5486725664,20.0,1,52667.000000000015,57277.2,Stetson University,34,-4610.199218749985,14,medium,-0.08048925718492206,-0.07764145000837828
5001,"Visual and Performing Arts, General.",137546,1,"Private, nonprofit",3,DeLand,29.035475,-81.300746,13,14,52032.0,0.5486725664,20.0,1,35044.999999999985,50152.875,Stetson University,28,-15107.875000000015,5,low,-0.3012364694945208,-0.2879487815276413
5009,Music.,137546,1,"Private, nonprofit",3,DeLand,29.035475,-81.300746,13,14,52032.0,0.5486725664,20.0,1,41298.0,38024.254,Stetson University,37,3273.74609375,10,medium,0.08609626113431508,0.08333105630500412
5100,"Health Services/Allied Health/Health Sciences, General.",137546,1,"Private, nonprofit",3,DeLand,29.035475,-81.300746,13,14,52032.0,0.5486725664,20.0,1,52590.99999999997,56900.668,Stetson University,37,-4309.667968750029,15,medium,-0.07574019994135939,-0.07330760688921638
5115,Mental and Social Health Services and Allied Professions.,137546,1,"Private, nonprofit",5,DeLand,29.035475,-81.300746,13,14,52032.0,0.5486725664,20.0,1,48738.999999999956,59959.86,Stetson University,34,-11220.859375000044,12,medium,-0.18713952120572402,-0.1805182988197326
5202,"Business Administration, Management and Operations.",137546,1,"Private, nonprofit",3,DeLand,29.035475,-81.300746,13,14,52032.0,0.5486725664,20.0,1,59628.999999999985,62926.742,Stetson University,70,-3297.7421875000146,58,high,-0.05240605302073131,-0.05160212316823027
5202,"Business Administration, Management and Operations.",137546,2,"Private, nonprofit",5,DeLand,29.035475,-81.300746,13,14,52032.0,0.5486725664,20.0,1,83957.99999999994,92604.97,Stetson University,44,-8646.968750000058,35,high,-0.0933747817932292,-0.09091804901498826
5203,Accounting and Related Services.,137546,1,"Private, nonprofit",3,DeLand,29.035475,-81.300746,13,14,52032.0,0.5486725664,20.0,1,78681.99999999994,65183.203,Stetson University,38,13498.796874999942,24,high,0.2070901126032987,0.20063933741037954
5203,Accounting and Related Services.,137546,3,"Private, nonprofit",5,DeLand,29.035475,-81.300746,13,14,52032.0,0.5486725664,20.0,1,90653.00000000006,89000.62,Stetson University,20,1652.3828125000582,19,high,0.018565970267587457,0.017374596810571543
5208,Finance and Financial Management Services.,137546,1,"Private, nonprofit",3,DeLand,29.035475,-81.300746,13,14,52032.0,0.5486725664,20.0,1,85032.99999999997,78594.99,Stetson University,61,6438.007812499971,15,medium,0.0819137152802452,0.08043843297999313
5214,Marketing.,137546,1,"Private, nonprofit",3,DeLand,29.035475,-81.300746,13,14,52032.0,0.5486725664,20.0,1,63706.99999999998,63595.62,Stetson University,35,111.37890624997817,17,high,0.0017513612468032674,0.001691415313570117
0901,Communication and Media Studies.,137564,1,"Private, nonprofit",3,Lakeland,28.029733,-81.918382,12,13,39372.0,0.6645474944,23.0,1,52898.999999999956,52961.234,Southeastern University,36,-62.234375000043656,15,medium,-0.0011750929851706965,-0.0011361478737943742
1304,Educational Administration and Supervision.,137564,1,"Private, nonprofit",5,Lakeland,28.029733,-81.918382,12,13,39372.0,0.6645474944,23.0,1,65848.99999999997,58709.688,Southeastern University,32,7139.312499999971,20,high,0.12160365357080075,0.1169932330212327
1310,Special Education and Teaching.,137564,3,"Private, nonprofit",5,Lakeland,28.029733,-81.918382,12,13,39372.0,0.6645474944,23.0,1,49394.999999999985,55215.8,Southeastern University,26,-5820.800781250015,8,medium,-0.10541911371186023,-0.1003643687332947
1312,"Teacher Education and Professional Development, Specific Levels and Methods.",137564,1,"Private, nonprofit",3,Lakeland,28.029733,-81.918382,12,13,39372.0,0.6645474944,23.0,1,49334.00000000001,47141.457,Southeastern University,46,2192.5429687500073,24,high,0.046509868528174125,0.045347449704564044
1313,"Teacher Education and Professional Development, Specific Subject Areas.",137564,1,"Private, nonprofit",3,Lakeland,28.029733,-81.918382,12,13,39372.0,0.6645474944,23.0,1,52697.00000000001,47260.973,Southeastern University,23,5436.027343750007,11,medium,0.11502148682568689,0.10869649846713418
2401,"Liberal Arts and Sciences, General Studies and Humanities.",137564,2,"Private, nonprofit",2,Lakeland,28.029733,-81.918382,12,13,39372.0,0.6645474944,23.0,1,46267.000000000015,44490.4,Southeastern University,35,1776.6015625000146,36,high,0.03993224661711627,0.03856543791678179
3105,"Sports, Kinesiology, and Physical Education/Fitness.",137564,1,"Private, nonprofit",3,Lakeland,28.029733,-81.918382,12,13,39372.0,0.6645474944,23.0,1,46427.000000000015,47884.88,Southeastern University,64,-1457.8789062499854,18,high,-0.030445496356046983,-0.02992699520498887
3906,Theological and Ministerial Studies.,137564,2,"Private, nonprofit",2,Lakeland,28.029733,-81.918382,12,13,39372.0,0.6645474944,23.0,1,45142.0,39923.594,Southeastern University,32,5218.40625,1,low,0.13070983245339732,0.1257541647585704
3906,Theological and Ministerial Studies.,137564,2,"Private, nonprofit",3,Lakeland,28.029733,-81.918382,12,13,39372.0,0.6645474944,23.0,1,44106.00000000003,48094.074,Southeastern University,29,-3988.074218749971,4,low,-0.08292236171572206,-0.0794068453746125
4201,"Psychology, General.",137564,2,"Private, nonprofit",3,Lakeland,28.029733,-81.918382,12,13,39372.0,0.6645474944,23.0,1,48011.0,46827.754,Southeastern University,39,1183.24609375,29,high,0.025268051423497268,0.024504102979792945
4301,Criminal Justice and Corrections.,137564,2,"Private, nonprofit",3,Lakeland,28.029733,-81.918382,12,13,39372.0,0.6645474944,23.0,1,48342.99999999999,51490.74,Southeastern University,29,-3147.7382812500073,23,high,-0.06113212562726518,-0.05854041234073119
4400,"Human Services, General.",137564,3,"Private, nonprofit",5,Lakeland,28.029733,-81.918382,12,13,39372.0,0.6645474944,23.0,1,51705.999999999985,59550.066,Southeastern University,20,-7844.066406250015,3,low,-0.1317222108996129,-0.12326963107192564
4407,Social Work.,137564,1,"Private, nonprofit",3,Lakeland,28.029733,-81.918382,12,13,39372.0,0.6645474944,23.0,1,52193.99999999997,50730.03,Southeastern University,56,1463.968749999971,12,medium,0.028858029729677544,0.02828390698326922
4407,Social Work.,137564,1,"Private, nonprofit",5,Lakeland,28.029733,-81.918382,12,13,39372.0,0.6645474944,23.0,1,61053.0,57995.66,Southeastern University,24,3057.33984375,9,medium,0.05271670044815449,0.049952040992702604
5138,"Registered Nursing, Nursing Administration, Nursing Research and Clinical Nursing.",137564,2,"Private, nonprofit",3,Lakeland,28.029733,-81.918382,12,13,39372.0,0.6645474944,23.0,1,61909.00000000001,78425.1,Southeastern University,35,-16516.101562499993,57,high,-0.21059713323211537,-0.2033887736142076
5202,"Business Administration, Management and Operations.",137564,2,"Private, nonprofit",3,Lakeland,28.029733,-81.918382,12,13,39372.0,0.6645474944,23.0,1,55826.99999999996,60638.414,Southeastern University,128,-4811.414062500036,58,high,-0.07934597460845386,-0.0787449042182302
5202,"Business Administration, Management and Operations.",137564,2,"Private, nonprofit",5,Lakeland,28.029733,-81.918382,12,13,39372.0,0.6645474944,23.0,1,76931.99999999993,82538.26,Southeastern University,90,-5606.257812500073,35,high,-0.0679231420807992,-0.067146301545339
1204,Cosmetology and Related Personal Grooming Services.,137591,1,"Private, for-profit",1,New Port Richey,28.259612,-82.728584,21,-2,10523.0,0.85,29.0,1,23095.99999999998,20667.316,Bene's Career Academy,269,2428.683593749982,80,high,0.11751325358407558,0.11713882243589875
5135,Somatic Bodywork and Related Therapeutic Services.,137591,1,"Private, for-profit",1,New Port Richey,28.259612,-82.728584,21,-2,10523.0,0.85,29.0,1,25078.000000000022,26234.121,Bene's Career Academy,28,-1156.1210937499782,25,high,-0.044069366365218604,-0.04212544506597574
1312,"Teacher Education and Professional Development, Specific Levels and Methods.",137759,2,Public,2,Tallahassee,30.443866,-84.339,12,12,23457.0,0.8177727784,22.0,1,40413.99999999999,44200.33,Tallahassee State College,30,-3786.3281250000073,4,low,-0.08566289630909855,-0.08216801557787941
2401,"Liberal Arts and Sciences, General Studies and Humanities.",137759,2,Public,2,Tallahassee,30.443866,-84.339,12,12,23457.0,0.8177727784,22.0,1,42300.0,46614.996,Tallahassee State College,1147,-4314.99609375,36,high,-0.09256669431167328,-0.09251105336122065
4301,Criminal Justice and Corrections.,137759,1,Public,1,Tallahassee,30.443866,-84.339,12,12,23457.0,0.8177727784,22.0,1,54911.999999999985,61942.703,Tallahassee State College,116,-7030.703125000015,19,high,-0.11350333082513525,-0.11253859660008075
5106,Dental Support Services and Allied Professions.,137759,1,Public,2,Tallahassee,30.443866,-84.339,12,12,23457.0,0.8177727784,22.0,1,65204.000000000044,62035.164,Tallahassee State College,23,3168.8359375000437,10,medium,0.051081285677063146,0.04827234496377742
5109,"Allied Health Diagnostic, Intervention, and Treatment Professions.",137759,1,Public,2,Tallahassee,30.443866,-84.339,12,12,23457.0,0.8177727784,22.0,1,64789.00000000003,61936.145,Tallahassee State College,39,2852.855468750029,39,high,0.04606123759141345,0.04466863274890735
5109,"Allied Health Diagnostic, Intervention, and Treatment Professions.",137759,0,Public,99,Tallahassee,30.443866,-84.339,12,12,23457.0,0.8177727784,22.0,1,58514.00000000001,51028.293,Tallahassee State College,20,7485.707031250007,4,low,0.14669718690833522,0.137283666786168
5138,"Registered Nursing, Nursing Administration, Nursing Research and Clinical Nursing.",137759,1,Public,2,Tallahassee,30.443866,-84.339,12,12,23457.0,0.8177727784,22.0,1,76269.99999999994,73412.164,Tallahassee State College,55,2857.835937499942,58,high,0.03892864314784266,0.038137776160255626
0901,Communication and Media Studies.,137847,1,"Private, nonprofit",3,Tampa,27.948455,-82.46483,11,13,75458.0,0.429463171,20.0,1,55511.999999999985,59378.91,The University of Tampa,97,-3866.9101562500146,15,medium,-0.06512261922751032,-0.06444027690778058
0909,"Public Relations, Advertising, and Applied Communication.",137847,1,"Private, nonprofit",3,Tampa,27.948455,-82.46483,11,13,75458.0,0.429463171,20.0,1,63367.99999999999,60250.47,The University of Tampa,89,3117.5312499999927,11,medium,0.051742854697707105,0.051143286308162124
1110,Computer/Information Technology Administration and Management.,137847,1,"Private, nonprofit",3,Tampa,27.948455,-82.46483,11,13,75458.0,0.429463171,20.0,1,99979.99999999997,75719.195,The University of Tampa,34,24260.80468749997,9,medium,0.32040494602951636,0.30906863188505057
1304,Educational Administration and Supervision.,137847,1,"Private, nonprofit",5,Tampa,27.948455,-82.46483,11,13,75458.0,0.429463171,20.0,1,66099.00000000003,74508.68,The University of Tampa,29,-8409.67968749997,20,high,-0.11286845670559945,-0.10808336742769575
1312,"Teacher Education and Professional Development, Specific Levels and Methods.",137847,1,"Private, nonprofit",3,Tampa,27.948455,-82.46483,11,13,75458.0,0.429463171,20.0,1,53942.000000000015,55352.406,The University of Tampa,38,-1410.4062499999854,24,high,-0.0254804866771259,-0.024686779583657968
2601,"Biology, General.",137847,1,"Private, nonprofit",3,Tampa,27.948455,-82.46483,11,13,75458.0,0.429463171,20.0,1,59431.999999999956,53300.62,The University of Tampa,60,6131.378906249956,24,high,0.11503391105828818,0.11292186571399786
2613,"Ecology, Evolution, Systematics, and Population Biology.",137847,1,"Private, nonprofit",3,Tampa,27.948455,-82.46483,11,13,75458.0,0.429463171,20.0,1,43683.000000000015,51000.516,The University of Tampa,47,-7317.515624999985,4,low,-0.1434792479120153,-0.13998140036465226
3105,"Sports, Kinesiology, and Physical Education/Fitness.",137847,1,"Private, nonprofit",3,Tampa,27.948455,-82.46483,11,13,75458.0,0.429463171,20.0,1,60364.00000000001,54682.39,The University of Tampa,127,5681.609375000007,18,high,0.10390199312907247,0.10310765142934372
4201,"Psychology, General.",137847,1,"Private, nonprofit",3,Tampa,27.948455,-82.46483,11,13,75458.0,0.429463171,20.0,1,53743.99999999996,53664.996,The University of Tampa,72,79.00390624996362,29,high,0.0014721683033750313,0.001450315148430737
4504,Criminology.,137847,1,"Private, nonprofit",3,Tampa,27.948455,-82.46483,11,13,75458.0,0.429463171,20.0,1,60741.99999999999,57700.73,The University of Tampa,118,3041.2695312499927,7,medium,0.052707643500234484,0.05226851735585086
4510,Political Science and Government.,137847,1,"Private, nonprofit",3,Tampa,27.948455,-82.46483,11,13,75458.0,0.429463171,20.0,1,58753.99999999998,59886.992,The University of Tampa,39,-1132.9921875000218,14,medium,-0.018918836062975748,-0.018346848333301927
4511,Sociology.,137847,1,"Private, nonprofit",3,Tampa,27.948455,-82.46483,11,13,75458.0,0.429463171,20.0,1,57474.0,53428.36,The University of Tampa,20,4045.640625,12,medium,0.07572084698698461,0.07086186003705133
5005,Drama/Theatre Arts and Stagecraft.,137847,1,"Private, nonprofit",3,Tampa,27.948455,-82.46483,11,13,75458.0,0.429463171,20.0,1,28708.999999999975,50206.9,The University of Tampa,21,-21497.898437500025,11,medium,-0.42818614785101017,-0.4021451207044985
5006,Film/Video and Photographic Arts.,137847,1,"Private, nonprofit",3,Tampa,27.948455,-82.46483,11,13,75458.0,0.429463171,20.0,1,42089.999999999985,45789.04,The University of Tampa,28,-3699.0390625000146,7,medium,-0.08078437849396644,-0.07722094005695593
5100,"Health Services/Allied Health/Health Sciences, General.",137847,1,"Private, nonprofit",3,Tampa,27.948455,-82.46483,11,13,75458.0,0.429463171,20.0,1,72530.99999999996,57115.855,The University of Tampa,46,15415.144531249956,15,medium,0.2698925614391629,0.26314715011685014
5100,"Health Services/Allied Health/Health Sciences, General.",137847,0,"Private, nonprofit",5,Tampa,27.948455,-82.46483,11,13,75458.0,0.429463171,20.0,1,67471.99999999999,82449.516,The University of Tampa,37,-14977.515625000015,4,low,-0.18165680551868027,-0.17582242584551638
5122,Public Health.,137847,1,"Private, nonprofit",3,Tampa,27.948455,-82.46483,11,13,75458.0,0.429463171,20.0,1,58777.0,60092.95,The University of Tampa,28,-1315.94921875,12,medium,-0.021898562740858156,-0.02093260643048203
5138,"Registered Nursing, Nursing Administration, Nursing Research and Clinical Nursing.",137847,1,"Private, nonprofit",3,Tampa,27.948455,-82.46483,11,13,75458.0,0.429463171,20.0,1,89222.99999999993,83760.53,The University of Tampa,54,5462.468749999927,57,high,0.06521530688118608,0.06386185464535124
5138,"Registered Nursing, Nursing Administration, Nursing Research and Clinical Nursing.",137847,1,"Private, nonprofit",5,Tampa,27.948455,-82.46483,11,13,75458.0,0.429463171,20.0,1,114519.99999999991,129485.125,The University of Tampa,74,-14965.125000000087,18,high,-0.11557408621260618,-0.11391249554932614
5202,"Business Administration, Management and Operations.",137847,1,"Private, nonprofit",3,Tampa,27.948455,-82.46483,11,13,75458.0,0.429463171,20.0,1,67521.0,66590.266,The University of Tampa,90,930.734375,58,high,0.013977033523809435,0.01381717745893739
5202,"Business Administration, Management and Operations.",137847,1,"Private, nonprofit",5,Tampa,27.948455,-82.46483,11,13,75458.0,0.429463171,20.0,1,107129.99999999996,100192.31,The University of Tampa,103,6937.687499999956,35,high,0.06924371068888101,0.06856737572754563
5203,Accounting and Related Services.,137847,1,"Private, nonprofit",3,Tampa,27.948455,-82.46483,11,13,75458.0,0.429463171,20.0,1,84874.99999999997,76477.36,The University of Tampa,79,8397.64062499997,24,high,0.10980557767198629,0.10834299870273349
5203,Accounting and Related Services.,137847,1,"Private, nonprofit",5,Tampa,27.948455,-82.46483,11,13,75458.0,0.429463171,20.0,1,98375.99999999999,94998.06,The University of Tampa,46,3377.9374999999854,19,high,0.035557962037383505,0.034669263666274826
5207,Entrepreneurial and Small Business Operations.,137847,1,"Private, nonprofit",3,Tampa,27.948455,-82.46483,11,13,75458.0,0.429463171,20.0,1,64033.99999999994,59778.457,The University of Tampa,44,4255.542968749942,2,low,0.07118857160406966,0.06931556805924584
5207,Entrepreneurial and Small Business Operations.,137847,1,"Private, nonprofit",5,Tampa,27.948455,-82.46483,11,13,75458.0,0.429463171,20.0,1,90975.00000000006,73982.1,The University of Tampa,21,16992.89843750006,3,low,0.22968931780269145,0.21572028636582002
5208,Finance and Financial Management Services.,137847,1,"Private, nonprofit",3,Tampa,27.948455,-82.46483,11,13,75458.0,0.429463171,20.0,1,90485.00000000001,79570.984,The University of Tampa,110,10914.015625000015,15,medium,0.13716074660537986,0.13592021311425465
5208,Finance and Financial Management Services.,137847,0,"Private, nonprofit",5,Tampa,27.948455,-82.46483,11,13,75458.0,0.429463171,20.0,1,82636.99999999993,113483.3,The University of Tampa,25,-30846.296875000073,6,medium,-0.271813541943329,-0.2581944160687972
5211,International Business.,137847,1,"Private, nonprofit",3,Tampa,27.948455,-82.46483,11,13,75458.0,0.429463171,20.0,1,75090.0,61656.508,The University of Tampa,52,13433.4921875,7,medium,0.21787630639659009,0.21315203379896544
5214,Marketing.,137847,1,"Private, nonprofit",3,Tampa,27.948455,-82.46483,11,13,75458.0,0.429463171,20.0,1,69875.99999999999,64375.035,The University of Tampa,100,5500.964843749985,17,high,0.0854518344013038,0.08458782396221327
5401,History.,137847,1,"Private, nonprofit",3,Tampa,27.948455,-82.46483,11,13,75458.0,0.429463171,20.0,1,46595.99999999998,46475.49,The University of Tampa,22,120.51171874997817,9,medium,0.002593016732189928,0.002443218382815859
1204,Cosmetology and Related Personal Grooming Services.,137865,1,Public,1,Panama City,30.203363,-85.646585,22,-2,16344.0,,28.0,1,30082.999999999996,25645.256,Tom P. Haney Technical College,45,4437.744140624996,80,high,0.17304347302905593,0.16860730171090377
4706,Vehicle Maintenance and Repair Technologies/Technicians.,137865,1,Public,1,Panama City,30.203363,-85.646585,22,-2,16344.0,,28.0,1,51617.000000000044,48296.312,Tom P. Haney Technical College,38,3320.6875000000437,24,high,0.06875654326611465,0.06661480410688421
4805,Precision Metal Working.,137865,1,Public,1,Panama City,30.203363,-85.646585,22,-2,16344.0,,28.0,1,45877.99999999996,43170.83,Tom P. Haney Technical College,24,2707.1718749999636,15,medium,0.06270836100621972,0.059419701782142564
5139,"Practical Nursing, Vocational Nursing and Nursing Assistants.",137865,1,Public,1,Panama City,30.203363,-85.646585,22,-2,16344.0,,28.0,1,49097.99999999996,53104.16,Tom P. Haney Technical College,32,-4006.1601562500364,47,high,-0.0754396669575903,-0.07257948487768806
3000,"Multi-/Interdisciplinary Studies, General.",137953,0,"Private, nonprofit",3,Jacksonville,30.311171,-81.79626,11,8,32858.0,0.7992277992,22.0,1,36114.00000000003,48513.316,Trinity Baptist College,26,-12399.31640624997,7,medium,-0.25558583343216995,-0.24333073886113296
1101,"Computer and Information Sciences, General.",138187,1,Public,2,Orlando,28.520783,-81.464275,11,15,23247.0,0.8727049583,22.0,1,44212.99999999997,68840.555,Valencia College,71,-24627.55468750003,8,medium,-0.35774776654976426,-0.3523498777328027
1102,Computer Programming.,138187,1,Public,2,Orlando,28.520783,-81.464275,11,15,23247.0,0.8727049583,22.0,1,63998.99999999995,57772.586,Valencia College,43,6226.414062499949,6,medium,0.1077745432623677,0.10486268723521
1108,Computer Software and Media Applications.,138187,1,Public,2,Orlando,28.520783,-81.464275,11,15,23247.0,0.8727049583,22.0,1,46229.99999999996,51400.76,Valencia College,44,-5170.761718750036,4,low,-0.10059698622839364,-0.0979502339820878
1110,Computer/Information Technology Administration and Management.,138187,1,Public,2,Orlando,28.520783,-81.464275,11,15,23247.0,0.8727049583,22.0,1,57409.000000000044,59085.625,Valencia College,44,-1676.6249999999563,8,medium,-0.028376191332493417,-0.027629600893090345
1205,Culinary Arts and Related Services.,138187,1,Public,2,Orlando,28.520783,-81.464275,11,15,23247.0,0.8727049583,22.0,1,41849.99999999998,41793.867,Valencia College,58,56.13281249997817,6,medium,0.0013430873062822662,0.0013174355312496192
2203,Legal Support Services.,138187,1,Public,2,Orlando,28.520783,-81.464275,11,15,23247.0,0.8727049583,22.0,1,51929.00000000003,48252.85,Valencia College,41,3676.148437500029,10,medium,0.07618510240246548,0.07401054695005611
2401,"Liberal Arts and Sciences, General Studies and Humanities.",138187,1,Public,2,Orlando,28.520783,-81.464275,11,15,23247.0,0.8727049583,22.0,1,44728.00000000001,46818.51,Valencia College,4116,-2090.5117187499927,36,high,-0.04465139198162036,-0.04464504373282143
4301,Criminal Justice and Corrections.,138187,1,Public,2,Orlando,28.520783,-81.464275,11,15,23247.0,0.8727049583,22.0,1,47004.99999999998,50334.14,Valencia College,71,-3329.140625000022,10,medium,-0.06614080589560124,-0.065142838193575
4302,Fire Protection.,138187,1,Public,2,Orlando,28.520783,-81.464275,11,15,23247.0,0.8727049583,22.0,1,61605.00000000004,53302.09,Valencia College,24,8302.910156250036,2,low,0.15577081837858942,0.14760161844284264
5006,Film/Video and Photographic Arts.,138187,1,Public,2,Orlando,28.520783,-81.464275,11,15,23247.0,0.8727049583,22.0,1,33162.00000000002,37447.42,Valencia College,49,-4285.421874999978,4,low,-0.11443836879624916,-0.11177994023181292
5009,Music.,138187,1,Public,2,Orlando,28.520783,-81.464275,11,15,23247.0,0.8727049583,22.0,1,38507.00000000003,40419.71,Valencia College,24,-1912.710937499971,3,low,-0.04732124236260741,-0.044839540757056845
5106,Dental Support Services and Allied Professions.,138187,1,Public,2,Orlando,28.520783,-81.464275,11,15,23247.0,0.8727049583,22.0,1,75094.99999999994,64086.582,Valencia College,22,11008.417968749942,10,medium,0.17177414709653263,0.1618507696725591
5109,"Allied Health Diagnostic, Intervention, and Treatment Professions.",138187,1,Public,2,Orlando,28.520783,-81.464275,11,15,23247.0,0.8727049583,22.0,1,72153.00000000001,67539.125,Valencia College,87,4613.875000000015,39,high,0.06831410682326747,0.06750120122569579
5109,"Allied Health Diagnostic, Intervention, and Treatment Professions.",138187,1,Public,3,Orlando,28.520783,-81.464275,11,15,23247.0,0.8727049583,22.0,1,89531.99999999996,62246.79,Valencia College,62,27285.210937499956,7,medium,0.43833925168579785,0.43059278712397137
5138,"Registered Nursing, Nursing Administration, Nursing Research and Clinical Nursing.",138187,1,Public,2,Orlando,28.520783,-81.464275,11,15,23247.0,0.8727049583,22.0,1,81132.99999999997,80029.05,Valencia College,270,1103.953124999971,58,high,0.013794405507843565,0.013750641597603547
5139,"Practical Nursing, Vocational Nursing and Nursing Assistants.",138187,0,Public,99,Orlando,28.520783,-81.464275,11,15,23247.0,0.8727049583,22.0,1,54862.000000000044,58644.05,Valencia College,37,-3782.0507812499563,4,low,-0.06449163608014566,-0.062420319844231825
5202,"Business Administration, Management and Operations.",138187,1,Public,2,Orlando,28.520783,-81.464275,11,15,23247.0,0.8727049583,22.0,1,46965.00000000003,50021.33,Valencia College,229,-3056.328124999971,26,high,-0.06110049931825897,-0.060865736623678134
5203,Accounting and Related Services.,138187,1,Public,2,Orlando,28.520783,-81.464275,11,15,23247.0,0.8727049583,22.0,1,48119.00000000001,59215.09,Valencia College,31,-11096.089843749993,8,medium,-0.18738618607231847,-0.1800205078628799
5209,Hospitality Administration/Management.,138187,1,Public,2,Orlando,28.520783,-81.464275,11,15,23247.0,0.8727049583,22.0,1,46639.000000000015,44060.01,Valencia College,69,2578.9882812500146,2,low,0.058533535980711295,0.05762040446815368
1312,"Teacher Education and Professional Development, Specific Levels and Methods.",138275,2,"Private, nonprofit",3,Lake Wales,27.825751,-81.599972,41,8,29095.0,0.7985915493,25.0,1,48818.99999999996,50306.453,Warner University,70,-1487.4531250000364,24,high,-0.02956783936454547,-0.029114256860827623
2401,"Liberal Arts and Sciences, General Studies and Humanities.",138275,2,"Private, nonprofit",2,Lake Wales,27.825751,-81.599972,41,8,29095.0,0.7985915493,25.0,1,42057.00000000003,47044.766,Warner University,42,-4987.765624999971,36,high,-0.10602169144083116,-0.10307838719016632
3105,"Sports, Kinesiology, and Physical Education/Fitness.",138275,1,"Private, nonprofit",3,Lake Wales,27.825751,-81.599972,41,8,29095.0,0.7985915493,25.0,1,44994.99999999996,51046.793,Warner University,33,-6051.792968750036,18,high,-0.11855383299896712,-0.1142138922424588
5202,"Business Administration, Management and Operations.",138275,1,"Private, nonprofit",3,Lake Wales,27.825751,-81.599972,41,8,29095.0,0.7985915493,25.0,1,55458.00000000003,54186.625,Warner University,84,1271.375000000029,58,high,0.023462893287781426,0.023172003888875463
5202,"Business Administration, Management and Operations.",138275,3,"Private, nonprofit",5,Lake Wales,27.825751,-81.599972,41,8,29095.0,0.7985915493,25.0,1,73819.00000000003,79075.484,Warner University,51,-5256.484374999971,35,high,-0.06647426084767465,-0.06500003664746627
5139,"Practical Nursing, Vocational Nursing and Nursing Assistants.",138284,1,Public,1,Chipley,30.77449,-85.553345,43,-2,15147.0,,25.0,1,39399.999999999985,43922.36,Florida Panhandle Technical College,60,-4522.359375000015,47,high,-0.10296257849877889,-0.10107216520626479
1312,"Teacher Education and Professional Development, Specific Levels and Methods.",138293,2,"Private, nonprofit",3,Babson Park,27.838778,-81.532315,41,8,39516.0,0.6643274854,21.0,1,44746.99999999998,46241.52,Webber International University,21,-1494.5195312500218,24,high,-0.03231986202875591,-0.030354262700785128
3105,"Sports, Kinesiology, and Physical Education/Fitness.",138293,1,"Private, nonprofit",3,Babson Park,27.838778,-81.532315,41,8,39516.0,0.6643274854,21.0,1,49068.000000000015,43596.062,Webber International University,43,5471.937500000015,18,high,0.12551448883715163,0.12212333439795955
4301,Criminal Justice and Corrections.,138293,2,"Private, nonprofit",3,Babson Park,27.838778,-81.532315,41,8,39516.0,0.6643274854,21.0,1,49223.99999999996,45037.598,Webber International University,34,4186.402343749964,23,high,0.09295350022225274,0.08966469306616702
5201,"Business/Commerce, General.",138293,2,"Private, nonprofit",3,Babson Park,27.838778,-81.532315,41,8,39516.0,0.6643274854,21.0,1,50253.00000000001,58476.84,Webber International University,25,-8223.839843749993,9,medium,-0.1406341359369637,-0.13358770997198782
1107,Computer Science.,138309,3,"Private, for-profit",3,Ocala,29.175319,-82.15319,13,12,25123.0,0.7318019398,30.0,1,84899.00000000006,76041.73,Rasmussen University-Florida,110,8857.273437500058,5,low,0.11647912058151537,0.11542563951149824
1110,Computer/Information Technology Administration and Management.,138309,2,"Private, for-profit",2,Ocala,29.175319,-82.15319,13,12,25123.0,0.7318019398,30.0,1,51540.99999999997,64851.848,Rasmussen University-Florida,46,-13310.84765625003,8,medium,-0.2052500913590735,-0.20012028606626883
1110,Computer/Information Technology Administration and Management.,138309,3,"Private, for-profit",3,Ocala,29.175319,-82.15319,13,12,25123.0,0.7318019398,30.0,1,73554.0,70545.81,Rasmussen University-Florida,65,3008.1875,9,medium,0.04264161675081707,0.04192841661629697
1304,Educational Administration and Supervision.,138309,3,"Private, for-profit",3,Ocala,29.175319,-82.15319,13,12,25123.0,0.7318019398,30.0,1,46540.99999999999,56114.32,Rasmussen University-Florida,278,-9573.320312500007,1,low,-0.17060387186704387,-0.17008066429016672
1312,"Teacher Education and Professional Development, Specific Levels and Methods.",138309,2,"Private, for-profit",1,Ocala,29.175319,-82.15319,13,12,25123.0,0.7318019398,30.0,1,35033.99999999999,39813.98,Rasmussen University-Florida,69,-4779.980468750007,1,low,-0.12005783929345659,-0.11818491987125461
1312,"Teacher Education and Professional Development, Specific Levels and Methods.",138309,1,"Private, for-profit",2,Ocala,29.175319,-82.15319,13,12,25123.0,0.7318019398,30.0,1,39402.99999999998,48389.07,Rasmussen University-Florida,404,-8986.070312500022,4,low,-0.18570454556095728,-0.1853351755640672
1409,Computer Engineering.,138309,1,"Private, for-profit",2,Ocala,29.175319,-82.15319,13,12,25123.0,0.7318019398,30.0,1,69872.99999999997,66421.94,Rasmussen University-Florida,46,3451.062499999971,1,low,0.051956667177918005,0.05065811678741173
2203,Legal Support Services.,138309,1,"Private, for-profit",2,Ocala,29.175319,-82.15319,13,12,25123.0,0.7318019398,30.0,1,45751.00000000003,54729.812,Rasmussen University-Florida,92,-8978.81249999997,10,medium,-0.16405706670381834,-0.1622283494442284
4301,Criminal Justice and Corrections.,138309,1,"Private, for-profit",2,Ocala,29.175319,-82.15319,13,12,25123.0,0.7318019398,30.0,1,56502.99999999999,50123.32,Rasmussen University-Florida,149,6379.679687499993,10,medium,0.12727967037548782,0.1264723610779782
4301,Criminal Justice and Corrections.,138309,3,"Private, for-profit",3,Ocala,29.175319,-82.15319,13,12,25123.0,0.7318019398,30.0,1,60482.99999999998,57913.81,Rasmussen University-Florida,75,2569.191406249978,23,high,0.04436232858163714,0.043734458074076915
4400,"Human Services, General.",138309,1,"Private, for-profit",2,Ocala,29.175319,-82.15319,13,12,25123.0,0.7318019398,30.0,1,46185.0,43627.21,Rasmussen University-Florida,58,2557.7890625,2,low,0.05862829659599988,0.05750854818664977
4400,"Human Services, General.",138309,3,"Private, for-profit",3,Ocala,29.175319,-82.15319,13,12,25123.0,0.7318019398,30.0,1,48799.00000000001,50336.54,Rasmussen University-Florida,70,-1537.5390624999927,5,low,-0.030545188269517666,-0.03007661284197277
5004,Design and Applied Arts.,138309,1,"Private, for-profit",2,Ocala,29.175319,-82.15319,13,12,25123.0,0.7318019398,30.0,1,37689.0,42021.39,Rasmussen University-Florida,41,-4332.390625,5,low,-0.10309964902547772,-0.10015687022936245
5107,Health and Medical Administrative Services.,138309,2,"Private, for-profit",1,Ocala,29.175319,-82.15319,13,12,25123.0,0.7318019398,30.0,1,40817.999999999985,40403.91,Rasmussen University-Florida,653,414.08984374998545,25,high,0.010248756671040433,0.010237029547768513
5107,Health and Medical Administrative Services.,138309,2,"Private, for-profit",2,Ocala,29.175319,-82.15319,13,12,25123.0,0.7318019398,30.0,1,47497.99999999997,50252.844,Rasmussen University-Florida,479,-2754.843750000029,15,medium,-0.054819658837715605,-0.05473007509306
5107,Health and Medical Administrative Services.,138309,3,"Private, for-profit",3,Ocala,29.175319,-82.15319,13,12,25123.0,0.7318019398,30.0,1,62100.00000000003,55979.04,Rasmussen University-Florida,252,6120.960937500029,18,high,0.1093438015373226,0.1089679398503322
5108,Allied Health and Medical Assisting Services.,138309,2,"Private, for-profit",1,Ocala,29.175319,-82.15319,13,12,25123.0,0.7318019398,30.0,1,36914.0,42275.71,Rasmussen University-Florida,743,-5361.7109375,33,high,-0.1268272210827324,-0.12670206602880923
5108,Allied Health and Medical Assisting Services.,138309,2,"Private, for-profit",2,Ocala,29.175319,-82.15319,13,12,25123.0,0.7318019398,30.0,1,43242.99999999998,51042.12,Rasmussen University-Florida,234,-7799.121093750022,22,high,-0.15279774677516306,-0.15222523431398505
5109,"Allied Health Diagnostic, Intervention, and Treatment Professions.",138309,1,"Private, for-profit",2,Ocala,29.175319,-82.15319,13,12,25123.0,0.7318019398,30.0,1,60038.99999999997,66485.44,Rasmussen University-Florida,83,-6446.437500000029,39,high,-0.09696014258761596,-0.09574109885123722
5110,Clinical/Medical Laboratory Science/Research and Allied Professions.,138309,2,"Private, for-profit",2,Ocala,29.175319,-82.15319,13,12,25123.0,0.7318019398,30.0,1,52743.00000000004,51841.465,Rasmussen University-Florida,42,901.5351562500364,4,low,0.017390233068592106,0.016907456891234053
5122,Public Health.,138309,3,"Private, for-profit",3,Ocala,29.175319,-82.15319,13,12,25123.0,0.7318019398,30.0,1,49031.999999999985,58919.688,Rasmussen University-Florida,48,-9887.687500000015,12,medium,-0.1678163601936961,-0.1638237131203096
5138,"Registered Nursing, Nursing Administration, Nursing Research and Clinical Nursing.",138309,1,"Private, for-profit",2,Ocala,29.175319,-82.15319,13,12,25123.0,0.7318019398,30.0,1,79954.00000000007,79815.17,Rasmussen University-Florida,2514,138.82812500007276,58,high,0.0017393701189730446,0.0017389400333689055
5138,"Registered Nursing, Nursing Administration, Nursing Research and Clinical Nursing.",138309,1,"Private, for-profit",3,Ocala,29.175319,-82.15319,13,12,25123.0,0.7318019398,30.0,1,87330.00000000006,86541.766,Rasmussen University-Florida,689,788.2343750000582,57,high,0.009108138357329224,0.009098338552002072
5139,"Practical Nursing, Vocational Nursing and Nursing Assistants.",138309,1,"Private, for-profit",1,Ocala,29.175319,-82.15319,13,12,25123.0,0.7318019398,30.0,1,58033.99999999999,56138.297,Rasmussen University-Florida,398,1895.7031249999927,47,high,0.03376844739734532,0.03370010986513808
5202,"Business Administration, Management and Operations.",138309,1,"Private, for-profit",2,Ocala,29.175319,-82.15319,13,12,25123.0,0.7318019398,30.0,1,57337.00000000001,54336.277,Rasmussen University-Florida,345,3000.7226562500073,26,high,0.055225032021726524,0.055093181843633085
5202,"Business Administration, Management and Operations.",138309,3,"Private, for-profit",3,Ocala,29.175319,-82.15319,13,12,25123.0,0.7318019398,30.0,1,76175.99999999994,65133.12,Rasmussen University-Florida,414,11042.878906249942,58,high,0.16954321734951508,0.1692153847724477
5203,Accounting and Related Services.,138309,2,"Private, for-profit",1,Ocala,29.175319,-82.15319,13,12,25123.0,0.7318019398,30.0,1,45402.99999999996,40992.73,Rasmussen University-Florida,29,4410.269531249964,5,low,0.10758662525815511,0.10302546067776708
5203,Accounting and Related Services.,138309,1,"Private, for-profit",2,Ocala,29.175319,-82.15319,13,12,25123.0,0.7318019398,30.0,1,53756.000000000044,52761.25,Rasmussen University-Florida,166,994.7500000000437,8,medium,0.01885379895283079,0.018748390217527618
5203,Accounting and Related Services.,138309,3,"Private, for-profit",3,Ocala,29.175319,-82.15319,13,12,25123.0,0.7318019398,30.0,1,62579.00000000005,59963.57,Rasmussen University-Florida,157,2615.429687500051,24,high,0.0436169773392369,0.04335672017162035
5208,Finance and Financial Management Services.,138309,3,"Private, for-profit",3,Ocala,29.175319,-82.15319,13,12,25123.0,0.7318019398,30.0,1,70838.00000000006,63907.64,Rasmussen University-Florida,45,6930.359375000058,15,medium,0.10844336150142546,0.105663289410201
5210,Human Resources Management and Services.,138309,1,"Private, for-profit",2,Ocala,29.175319,-82.15319,13,12,25123.0,0.7318019398,30.0,1,60287.99999999998,52187.707,Rasmussen University-Florida,119,8100.292968749978,1,low,0.15521457886431997,0.153934131669833
5210,Human Resources Management and Services.,138309,3,"Private, for-profit",3,Ocala,29.175319,-82.15319,13,12,25123.0,0.7318019398,30.0,1,64536.00000000002,60197.51,Rasmussen University-Florida,188,4338.488281250022,5,low,0.07207089059627514,0.07172241906345035
5212,Management Information Systems and Services.,138309,1,"Private, for-profit",2,Ocala,29.175319,-82.15319,13,12,25123.0,0.7318019398,30.0,1,57423.999999999985,60306.867,Rasmussen University-Florida,130,-2882.8671875000146,1,low,-0.047803298727770026,-0.04744767962889239
5214,Marketing.,138309,1,"Private, for-profit",2,Ocala,29.175319,-82.15319,13,12,25123.0,0.7318019398,30.0,1,51824.00000000003,52556.96,Rasmussen University-Florida,41,-732.9609374999709,1,low,-0.013946029687135026,-0.01354796741591281
5214,Marketing.,138309,3,"Private, for-profit",3,Ocala,29.175319,-82.15319,13,12,25123.0,0.7318019398,30.0,1,62985.00000000005,58872.785,Rasmussen University-Florida,52,4112.214843750051,17,high,0.0698491643097251,0.06833460543743196
0901,Communication and Media Studies.,138354,2,Public,3,Pensacola,30.549076,-87.218511,41,12,34583.0,0.6786062378,24.0,1,51352.00000000001,52311.23,University of West Florida,97,-959.2304687499927,15,medium,-0.018336989211580935,-0.018144857753972055
1101,"Computer and Information Sciences, General.",138354,2,Public,3,Pensacola,30.549076,-87.218511,41,12,34583.0,0.6786062378,24.0,1,79520.00000000006,84063.266,University of West Florida,59,-4543.265624999942,19,high,-0.05404579028926991,-0.05303389417671759
1101,"Computer and Information Sciences, General.",138354,2,Public,5,Pensacola,30.549076,-87.218511,41,12,34583.0,0.6786062378,24.0,1,110932.00000000003,82339.51,University of West Florida,33,28592.49218750003,5,low,0.3472511914038839,0.3345392481440408
1303,Curriculum and Instruction.,138354,2,Public,5,Pensacola,30.549076,-87.218511,41,12,34583.0,0.6786062378,24.0,1,60517.00000000005,61004.418,University of West Florida,74,-487.41796874994907,7,medium,-0.007989879831320296,-0.007875010571579584
1304,Educational Administration and Supervision.,138354,3,Public,5,Pensacola,30.549076,-87.218511,41,12,34583.0,0.6786062378,24.0,1,69829.00000000001,71894.07,University of West Florida,240,-2065.0703124999854,20,high,-0.02872379187217806,-0.028619291608751235
1310,Special Education and Teaching.,138354,3,Public,3,Pensacola,30.549076,-87.218511,41,12,34583.0,0.6786062378,24.0,1,47967.99999999998,52054.445,University of West Florida,45,-4086.445312500022,6,medium,-0.07850329185082548,-0.07649076837569456
1310,Special Education and Teaching.,138354,3,Public,5,Pensacola,30.549076,-87.218511,41,12,34583.0,0.6786062378,24.0,1,67666.00000000003,56906.746,University of West Florida,151,10759.25390625003,8,medium,0.18906816229704804,0.18788747806988754
1410,"Electrical, Electronics, and Communications Engineering.",138354,2,Public,3,Pensacola,30.549076,-87.218511,41,12,34583.0,0.6786062378,24.0,1,91813.00000000006,80707.12,University of West Florida,46,11105.882812500058,10,medium,0.1376072296907682,0.13416801906473755
2203,Legal Support Services.,138354,2,Public,3,Pensacola,30.549076,-87.218511,41,12,34583.0,0.6786062378,24.0,1,45338.000000000015,54404.516,University of West Florida,20,-9066.515624999985,4,low,-0.16665005690876392,-0.15595616633640266
2301,"English Language and Literature, General.",138354,2,Public,3,Pensacola,30.549076,-87.218511,41,12,34583.0,0.6786062378,24.0,1,33670.999999999985,43533.574,University of West Florida,26,-9862.574218750015,11,medium,-0.22655098727230588,-0.21568808561261457
2401,"Liberal Arts and Sciences, General Studies and Humanities.",138354,2,Public,2,Pensacola,30.549076,-87.218511,41,12,34583.0,0.6786062378,24.0,1,59239.999999999985,50755.82,University of West Florida,116,8484.179687499985,36,high,0.16715678389716668,0.16573601616107198
2601,"Biology, General.",138354,2,Public,3,Pensacola,30.549076,-87.218511,41,12,34583.0,0.6786062378,24.0,1,48576.0,46840.977,University of West Florida,30,1735.0234375,24,high,0.037040718721672146,0.03552952893346123
2701,Mathematics.,138354,2,Public,5,Pensacola,30.549076,-87.218511,41,12,34583.0,0.6786062378,24.0,1,70297.99999999997,84238.14,University of West Florida,30,-13940.14062500003,1,low,-0.16548490412504316,-0.15873343963279213
3105,"Sports, Kinesiology, and Physical Education/Fitness.",138354,2,Public,3,Pensacola,30.549076,-87.218511,41,12,34583.0,0.6786062378,24.0,1,48645.00000000003,48631.3,University of West Florida,89,13.699218750029104,18,high,0.00028169550330660483,0.000278431367219674
4201,"Psychology, General.",138354,2,Public,3,Pensacola,30.549076,-87.218511,41,12,34583.0,0.6786062378,24.0,1,45101.00000000001,47990.574,University of West Florida,53,-2889.5742187499927,29,high,-0.06021128660763203,-0.05893426134360681
4201,"Psychology, General.",138354,2,Public,5,Pensacola,30.549076,-87.218511,41,12,34583.0,0.6786062378,24.0,1,67784.99999999996,64877.52,University of West Florida,26,2907.4804687499563,4,low,0.04481491416066686,0.04266608218568327
4301,Criminal Justice and Corrections.,138354,2,Public,3,Pensacola,30.549076,-87.218511,41,12,34583.0,0.6786062378,24.0,1,46630.99999999999,52433.297,University of West Florida,52,-5802.296875000007,23,high,-0.11066053864269826,-0.10826105538086771
4407,Social Work.,138354,2,Public,3,Pensacola,30.549076,-87.218511,41,12,34583.0,0.6786062378,24.0,1,45806.00000000002,47036.016,University of West Florida,49,-1230.0156249999782,12,medium,-0.026150506344041088,-0.025543024310080566
4501,"Social Sciences, General.",138354,2,Public,3,Pensacola,30.549076,-87.218511,41,12,34583.0,0.6786062378,24.0,1,47535.00000000001,48356.457,University of West Florida,42,-821.4570312499927,5,low,-0.016987535516076627,-0.01651593876249444
5007,Fine and Studio Arts.,138354,2,Public,3,Pensacola,30.549076,-87.218511,41,12,34583.0,0.6786062378,24.0,1,42114.99999999998,39080.188,University of West Florida,22,3034.812499999978,12,medium,0.07765603734628904,0.07316985487434612
5100,"Health Services/Allied Health/Health Sciences, General.",138354,3,Public,3,Pensacola,30.549076,-87.218511,41,12,34583.0,0.6786062378,24.0,1,55704.000000000044,51718.6,University of West Florida,91,3985.3984375000437,15,medium,0.07705928461124066,0.07618926850744702
5110,Clinical/Medical Laboratory Science/Research and Allied Professions.,138354,2,Public,3,Pensacola,30.549076,-87.218511,41,12,34583.0,0.6786062378,24.0,1,65285.00000000003,53344.2,University of West Florida,26,11940.80078125003,1,low,0.223844409628947,0.2131112857606841
5115,Mental and Social Health Services and Allied Professions.,138354,2,Public,5,Pensacola,30.549076,-87.218511,41,12,34583.0,0.6786062378,24.0,1,53286.999999999985,59511.625,University of West Florida,53,-6224.625000000015,12,medium,-0.10459511061914398,-0.10237674581945826
5122,Public Health.,138354,3,Public,5,Pensacola,30.549076,-87.218511,41,12,34583.0,0.6786062378,24.0,1,111362.99999999997,68188.59,University of West Florida,32,43174.40624999997,11,medium,0.6331617045556094,0.609156326031492
5138,"Registered Nursing, Nursing Administration, Nursing Research and Clinical Nursing.",138354,2,Public,3,Pensacola,30.549076,-87.218511,41,12,34583.0,0.6786062378,24.0,1,89345.99999999993,79227.28,University of West Florida,493,10118.718749999927,57,high,0.12771760674294155,0.12751571179011154
5138,"Registered Nursing, Nursing Administration, Nursing Research and Clinical Nursing.",138354,2,Public,5,Pensacola,30.549076,-87.218511,41,12,34583.0,0.6786062378,24.0,1,104817.99999999991,118752.22,University of West Florida,52,-13934.218750000087,18,high,-0.11733859709463397,-0.1147943116325477
5201,"Business/Commerce, General.",138354,2,Public,3,Pensacola,30.549076,-87.218511,41,12,34583.0,0.6786062378,24.0,1,67651.0,62093.695,University of West Florida,23,5557.3046875,9,medium,0.08949869482773827,0.08457719521480954
5202,"Business Administration, Management and Operations.",138354,2,Public,3,Pensacola,30.549076,-87.218511,41,12,34583.0,0.6786062378,24.0,1,72805.00000000001,57173.293,University of West Florida,32,15631.707031250015,58,high,0.27340924791220356,0.2630433454248868
5202,"Business Administration, Management and Operations.",138354,2,Public,5,Pensacola,30.549076,-87.218511,41,12,34583.0,0.6786062378,24.0,1,87186.00000000004,90077.47,University of West Florida,113,-2891.4687499999563,35,high,-0.032099800206696595,-0.031818472920343385
5203,Accounting and Related Services.,138354,2,Public,3,Pensacola,30.549076,-87.218511,41,12,34583.0,0.6786062378,24.0,1,50907.999999999985,62798.688,University of West Florida,30,-11890.687500000015,24,high,-0.18934611491681277,-0.18162115910670099
5203,Accounting and Related Services.,138354,2,Public,5,Pensacola,30.549076,-87.218511,41,12,34583.0,0.6786062378,24.0,1,90113.00000000004,78263.5,University of West Florida,25,11849.500000000044,19,high,0.15140518888115206,0.14381908293997128
5209,Hospitality Administration/Management.,138354,2,Public,3,Pensacola,30.549076,-87.218511,41,12,34583.0,0.6786062378,24.0,1,38420.00000000002,53488.36,University of West Florida,26,-15068.359374999978,7,medium,-0.281712872689881,-0.26820501174809197
5401,History.,138354,2,Public,3,Pensacola,30.549076,-87.218511,41,12,34583.0,0.6786062378,24.0,1,42219.00000000003,46853.62,University of West Florida,24,-4634.621093749971,9,medium,-0.09891703107592259,-0.09372945478711009
1205,Culinary Arts and Related Services.,138479,1,Public,1,Davie,26.085022,-80.232201,21,-2,16334.0,,26.0,1,32805.0,28574.422,William T McFatter Technical College,33,4230.578125,6,medium,0.1480547233293762,0.142634833379666
4706,Vehicle Maintenance and Repair Technologies/Technicians.,138479,1,Public,1,Davie,26.085022,-80.232201,21,-2,16334.0,,26.0,1,54607.99999999998,52367.28,William T McFatter Technical College,20,2240.718749999978,24,high,0.042788525516588245,0.04004279702351254
5139,"Practical Nursing, Vocational Nursing and Nursing Assistants.",138479,1,Public,1,Davie,26.085022,-80.232201,21,-2,16334.0,,26.0,1,56485.99999999996,56468.152,William T McFatter Technical College,33,17.84765624996362,47,high,0.00031606587977796714,0.0003044955478984234
1204,Cosmetology and Related Personal Grooming Services.,138497,1,Public,1,Inverness,28.834861,-82.345563,23,-2,17183.0,,28.0,1,18934.999999999996,23475.262,Withlacoochee Technical College,27,-4540.261718750004,80,high,-0.19340622367262628,-0.18451790264908227
1512,Computer Engineering Technologies/Technicians.,138497,1,Public,1,Inverness,28.834861,-82.345563,23,-2,17183.0,,28.0,1,32373.99999999998,41479.145,Withlacoochee Technical College,24,-9105.144531250018,2,low,-0.21951138660514774,-0.20799939466714468
4301,Criminal Justice and Corrections.,138497,1,Public,1,Inverness,28.834861,-82.345563,23,-2,17183.0,,28.0,1,52651.99999999996,39280.13,Withlacoochee Technical College,29,13371.871093749964,19,high,0.3404232996705446,0.3259909602131973
4706,Vehicle Maintenance and Repair Technologies/Technicians.,138497,1,Public,1,Inverness,28.834861,-82.345563,23,-2,17183.0,,28.0,1,38167.99999999997,42367.453,Withlacoochee Technical College,27,-4199.453125000029,24,high,-0.09911979161480525,-0.09456456836019873
4805,Precision Metal Working.,138497,1,Public,1,Inverness,28.834861,-82.345563,23,-2,17183.0,,28.0,1,45279.000000000015,39535.086,Withlacoochee Technical College,22,5743.914062500015,15,medium,0.14528649492707366,0.136893306847628
1204,Cosmetology and Related Personal Grooming Services.,186274,1,"Private, for-profit",1,Boynton Beach,26.513629,-80.060233,21,-2,13637.0,0.9236947791,25.0,1,22528.999999999985,26926.873,Robert Fiance Beauty Schools,109,-4397.873046875015,80,high,-0.16332654145243983,-0.16183348975063858
0183,Veterinary/Animal Health Technologies/Technicians.,244233,2,"Private, for-profit",2,Hollywood,26.025173,-80.22004,21,6,14979.0,0.8729121278,29.0,1,43407.99999999996,41502.688,City College-Hollywood,58,1905.3124999999636,4,low,0.0459081716093678,0.04503136629315691
5107,Health and Medical Administrative Services.,244233,2,"Private, for-profit",2,Hollywood,26.025173,-80.22004,21,6,14979.0,0.8729121278,29.0,1,37580.99999999998,38011.13,City College-Hollywood,74,-430.1289062500218,15,medium,-0.011315867711029694,-0.011153181240803394
5107,Health and Medical Administrative Services.,244233,3,"Private, for-profit",3,Hollywood,26.025173,-80.22004,21,6,14979.0,0.8729121278,29.0,1,40533.999999999985,48174.227,City College-Hollywood,39,-7640.226562500015,18,high,-0.15859572862239482,-0.15380078191168156
5108,Allied Health and Medical Assisting Services.,244233,2,"Private, for-profit",2,Hollywood,26.025173,-80.22004,21,6,14979.0,0.8729121278,29.0,1,37828.00000000002,40953.03,City College-Hollywood,91,-3125.031249999978,22,high,-0.0763076908989485,-0.07544616045183468
5109,"Allied Health Diagnostic, Intervention, and Treatment Professions.",244233,2,"Private, for-profit",2,Hollywood,26.025173,-80.22004,21,6,14979.0,0.8729121278,29.0,1,51641.99999999998,52945.73,City College-Hollywood,61,-1303.7304687500218,39,high,-0.024623901818098794,-0.024180420450038483
5202,"Business Administration, Management and Operations.",244233,3,"Private, for-profit",2,Hollywood,26.025173,-80.22004,21,6,14979.0,0.8729121278,29.0,1,39172.00000000003,34116.656,City College-Hollywood,62,5055.343750000029,26,high,0.14817817176910558,0.1455595220542304
5202,"Business Administration, Management and Operations.",244233,1,"Private, for-profit",3,Hollywood,26.025173,-80.22004,21,6,14979.0,0.8729121278,29.0,1,49518.99999999998,50455.348,City College-Hollywood,39,-936.3476562500218,58,high,-0.01855794677363668,-0.01799687008756964
5106,Dental Support Services and Allied Professions.,244279,1,"Private, for-profit",1,Sarasota,27.380724,-82.425309,13,1,16256.0,0.8884615385,27.0,1,20278.000000000004,36686.754,Meridian College,20,-16408.753906249996,17,high,-0.4472664424926017,-0.41856547183932585
5108,Allied Health and Medical Assisting Services.,244279,1,"Private, for-profit",1,Sarasota,27.380724,-82.425309,13,1,16256.0,0.8884615385,27.0,1,34911.0,32664.275,Meridian College,73,2246.724609375,33,high,0.06878231898632088,0.06777761094920005
5109,"Allied Health Diagnostic, Intervention, and Treatment Professions.",244279,1,"Private, for-profit",2,Sarasota,27.380724,-82.425309,13,1,16256.0,0.8884615385,27.0,1,46150.99999999996,57806.977,Meridian College,39,-11655.976562500036,39,high,-0.20163615631925977,-0.19553993523624522
5138,"Registered Nursing, Nursing Administration, Nursing Research and Clinical Nursing.",244279,0,"Private, for-profit",2,Sarasota,27.380724,-82.425309,13,1,16256.0,0.8884615385,27.0,1,85056.99999999996,79252.22,Meridian College,44,5804.781249999956,58,high,0.07324440049194152,0.07131730715843712
5139,"Practical Nursing, Vocational Nursing and Nursing Assistants.",244279,0,"Private, for-profit",1,Sarasota,27.380724,-82.425309,13,1,16256.0,0.8884615385,27.0,1,63036.00000000001,49250.23,Meridian College,40,13785.769531250007,47,high,0.2799127922862672,0.27169284111310776
2401,"Liberal Arts and Sciences, General Studies and Humanities.",262129,1,Public,3,Sarasota,27.384925,-82.55858,13,8,44268.0,0.6169491525,20.0,1,39137.00000000001,48195.73,New College of Florida,81,-9058.730468749993,12,medium,-0.187957115301399,-0.18552566371550275
1204,Cosmetology and Related Personal Grooming Services.,362700,1,"Private, for-profit",1,Fort Myers,26.596006,-81.870312,13,-2,16015.0,0.8937875752,28.0,1,26858.999999999996,23565.031,Aveda Institute-Fort Myers,249,3293.9687499999964,80,high,0.13978206585234196,0.1392948373623053
5135,Somatic Bodywork and Related Therapeutic Services.,362700,1,"Private, for-profit",1,Fort Myers,26.596006,-81.870312,13,-2,16015.0,0.8937875752,28.0,1,32462.99999999998,28693.648,Aveda Institute-Fort Myers,54,3769.351562499982,25,high,0.1313653636870305,0.12863905979157553
1109,Computer Systems Networking and Telecommunications.,366553,1,"Private, for-profit",2,Fort Myers,26.596097,-81.877644,13,9,19031.0,0.8379160637,29.0,1,44987.0,49749.863,Southern Technical College,29,-4762.86328125,5,low,-0.09573620844592459,-0.09167744554694522
5107,Health and Medical Administrative Services.,366553,0,"Private, for-profit",1,Fort Myers,26.596097,-81.877644,13,9,19031.0,0.8379160637,29.0,1,37895.999999999985,36710.97,Southern Technical College,20,1185.0312499999854,25,high,0.03228003210893162,0.030208630889823677
5108,Allied Health and Medical Assisting Services.,366553,1,"Private, for-profit",1,Fort Myers,26.596097,-81.877644,13,9,19031.0,0.8379160637,29.0,1,32958.000000000015,37891.332,Southern Technical College,224,-4933.332031249985,33,high,-0.13019684890415925,-0.12968358012076814
5108,Allied Health and Medical Assisting Services.,366553,1,"Private, for-profit",2,Fort Myers,26.596097,-81.877644,13,9,19031.0,0.8379160637,29.0,1,34673.0,47596.273,Southern Technical College,26,-12923.2734375,22,high,-0.27151859807827,-0.25849954278650766
5109,"Allied Health Diagnostic, Intervention, and Treatment Professions.",366553,1,"Private, for-profit",2,Fort Myers,26.596097,-81.877644,13,9,19031.0,0.8379160637,29.0,1,49649.999999999985,59167.668,Southern Technical College,102,-9517.667968750015,39,high,-0.16085927154974008,-0.1592700521339547
5138,"Registered Nursing, Nursing Administration, Nursing Research and Clinical Nursing.",366553,1,"Private, for-profit",2,Fort Myers,26.596097,-81.877644,13,9,19031.0,0.8379160637,29.0,1,85126.0,82670.45,Southern Technical College,144,2455.546875,58,high,0.02970283556190439,0.029506770237069303
5110,Clinical/Medical Laboratory Science/Research and Allied Professions.,367875,1,Public,1,Tampa,27.96373,-82.461722,11,-2,13152.0,,29.0,1,46188.00000000004,43263.973,H W Brewster Technical College,31,2924.0273437500364,8,medium,0.06758573390804012,0.06492910922321281
4706,Vehicle Maintenance and Repair Technologies/Technicians.,369400,1,"Private, for-profit",1,Orlando,28.420257,-81.407041,21,3,26362.0,0.7443059019,25.0,1,49381.0,59047.94,Universal Technical Institute-Orlando,2867,-9666.94140625,24,high,-0.1637134365064722,-0.16367851861108065
4706,Vehicle Maintenance and Repair Technologies/Technicians.,369400,1,"Private, for-profit",2,Orlando,28.420257,-81.407041,21,3,26362.0,0.7443059019,25.0,1,56763.99999999997,64318.145,Universal Technical Institute-Orlando,580,-7554.144531250029,5,low,-0.11744966504093922,-0.11729567206958917
1204,Cosmetology and Related Personal Grooming Services.,369419,1,Public,1,Tampa,27.997242,-82.435933,11,-2,14686.0,,27.0,1,21334.999999999996,24080.83,Erwin Technical College,25,-2745.8300781250036,80,high,-0.11402555764135858,-0.10831234552054703
4706,Vehicle Maintenance and Repair Technologies/Technicians.,369419,1,Public,1,Tampa,27.997242,-82.435933,11,-2,14686.0,,27.0,1,40841.99999999998,46114.03,Erwin Technical College,22,-5272.031250000022,24,high,-0.11432596776062648,-0.10772136662229473
5107,Health and Medical Administrative Services.,369419,1,Public,1,Tampa,27.997242,-82.435933,11,-2,14686.0,,27.0,1,42387.00000000001,33999.63,Erwin Technical College,32,8387.371093750007,25,high,0.24669007761458814,0.23733719248481164
5109,"Allied Health Diagnostic, Intervention, and Treatment Professions.",369419,1,Public,1,Tampa,27.997242,-82.435933,11,-2,14686.0,,27.0,1,54866.99999999997,53627.086,Erwin Technical College,23,1239.914062499971,22,high,0.02312104118327511,0.02184962381285407
5110,Clinical/Medical Laboratory Science/Research and Allied Professions.,369419,1,Public,1,Tampa,27.997242,-82.435933,11,-2,14686.0,,27.0,1,58158.999999999956,36600.152,Erwin Technical College,27,21558.847656249956,8,medium,0.5890371016428689,0.5619668721809575
5139,"Practical Nursing, Vocational Nursing and Nursing Assistants.",369419,1,Public,1,Tampa,27.997242,-82.435933,11,-2,14686.0,,27.0,1,53120.99999999999,53052.223,Erwin Technical College,109,68.77734374999272,47,high,0.00129640833703864,0.0012845572033733349
5203,Accounting and Related Services.,369419,1,Public,1,Tampa,27.997242,-82.435933,11,-2,14686.0,,27.0,1,34407.999999999985,40353.113,Erwin Technical College,20,-5945.113281250015,5,low,-0.14732725179874537,-0.13787330057732433
1204,Cosmetology and Related Personal Grooming Services.,372462,1,"Private, for-profit",1,Merritt Island,28.394053,-80.70372,21,-2,11620.0,0.9301075269,29.0,1,19708.00000000001,19897.602,Academy of Cosmetology,64,-189.6015624999891,80,high,-0.009528865170228433,-0.009366584105690634
1204,Cosmetology and Related Personal Grooming Services.,378886,1,"Private, for-profit",1,Tampa,27.951358,-82.403486,11,-2,13833.0,0.9406392694,28.0,1,22422.000000000004,21590.426,Artistic Nails and Beauty Academy-Tampa,153,831.5742187500036,80,high,0.038515878620243624,0.038279025441389294
4706,Vehicle Maintenance and Repair Technologies/Technicians.,378956,1,"Private, for-profit",1,Clearwater,27.89484,-82.721372,21,-2,21490.0,0.8369047619,27.0,1,68717.99999999996,51210.383,National Aviation Academy of Tampa Bay,543,17507.617187499956,24,high,0.3418763193316044,0.3413927700799741
1204,Cosmetology and Related Personal Grooming Services.,383163,1,"Private, for-profit",1,Miami,25.764817,-80.241978,11,-2,0.0,,33.0,1,16910.00000000001,16857.303,La Belle Beauty Academy,205,52.697265625010914,80,high,0.0031260793292601867,0.0031124152820529868
5135,Somatic Bodywork and Related Therapeutic Services.,383163,1,"Private, for-profit",1,Miami,25.764817,-80.241978,11,-2,0.0,,33.0,1,21218.000000000007,26555.768,La Belle Beauty Academy,33,-5337.767578124993,25,high,-0.20100219518873616,-0.1936440390078657
1204,Cosmetology and Related Personal Grooming Services.,385132,1,"Private, for-profit",1,Melbourne,28.081445,-80.651439,13,-2,13607.0,0.8571428571,26.0,1,16636.999999999993,24099.969,The Salon Professional Academy-Melbourne,62,-7462.968750000007,80,high,-0.3096671546513938,-0.30419462251961893
0302,Environmental/Natural Resources Management and Policy.,385619,3,"Private, nonprofit",3,Boca Raton,26.391218,-80.108331,13,9,22435.0,0.7852348993,33.0,1,61850.0,49277.242,Everglades University,27,12572.7578125,3,low,0.25514329240789557,0.24341773649319048
4901,Air Transportation.,385619,3,"Private, nonprofit",3,Boca Raton,26.391218,-80.108331,13,9,22435.0,0.7852348993,33.0,1,86730.00000000001,62033.324,Everglades University,74,24696.675781250015,5,low,0.3981194961301989,0.39239579405028113
4901,Air Transportation.,385619,3,"Private, nonprofit",5,Boca Raton,26.391218,-80.108331,13,9,22435.0,0.7852348993,33.0,1,69588.99999999996,92685.45,Everglades University,26,-23096.453125000044,3,low,-0.24919178087041416,-0.23724327496191858
5122,Public Health.,385619,3,"Private, nonprofit",5,Boca Raton,26.391218,-80.108331,13,9,22435.0,0.7852348993,33.0,1,47517.99999999996,74711.74,Everglades University,54,-27193.742187500036,11,medium,-0.3639821718954616,-0.35642823236937077
5202,"Business Administration, Management and Operations.",385619,3,"Private, nonprofit",5,Boca Raton,26.391218,-80.108331,13,9,22435.0,0.7852348993,33.0,1,81771.00000000007,68172.86,Everglades University,44,13598.140625000073,35,high,0.19946560478269615,0.19421757442599405
1102,Computer Programming.,386472,3,"Private, nonprofit",3,Winter Park,28.615784,-81.312669,21,6,18321.0,0.8203449578,31.0,1,78404.00000000001,80216.4,Herzing University-Orlando,23,-1812.3984374999854,2,low,-0.022593864506546026,-0.02135143638357112
1109,Computer Systems Networking and Telecommunications.,386472,3,"Private, nonprofit",2,Winter Park,28.615784,-81.312669,21,6,18321.0,0.8203449578,31.0,1,55935.000000000015,43897.402,Herzing University-Orlando,54,12037.597656250015,5,low,0.2742211842510972,0.26853010814201583
1110,Computer/Information Technology Administration and Management.,386472,3,"Private, nonprofit",3,Winter Park,28.615784,-81.312669,21,6,18321.0,0.8203449578,31.0,1,70624.00000000006,66331.984,Herzing University-Orlando,53,4292.015625000058,9,medium,0.06470506898656397,0.06333273478708412
2203,Legal Support Services.,386472,3,"Private, nonprofit",2,Winter Park,28.615784,-81.312669,21,6,18321.0,0.8203449578,31.0,1,45713.99999999998,44595.793,Herzing University-Orlando,32,1118.2070312499782,10,medium,0.025074271737550426,0.024123618247382475
4301,Criminal Justice and Corrections.,386472,3,"Private, nonprofit",2,Winter Park,28.615784,-81.312669,21,6,18321.0,0.8203449578,31.0,1,54084.000000000044,46063.0,Herzing University-Orlando,42,8021.000000000044,10,medium,0.17413108134511524,0.1692969691466509
4301,Criminal Justice and Corrections.,386472,3,"Private, nonprofit",3,Winter Park,28.615784,-81.312669,21,6,18321.0,0.8203449578,31.0,1,69601.00000000001,56132.25,Herzing University-Orlando,100,13468.750000000015,23,high,0.23994673293872978,0.2375206120305335
5107,Health and Medical Administrative Services.,386472,3,"Private, nonprofit",1,Winter Park,28.615784,-81.312669,21,6,18321.0,0.8203449578,31.0,1,37852.999999999985,38091.69,Herzing University-Orlando,197,-238.69140625001455,25,high,-0.006266232804008556,-0.006237542538781314
5107,Health and Medical Administrative Services.,386472,3,"Private, nonprofit",2,Winter Park,28.615784,-81.312669,21,6,18321.0,0.8203449578,31.0,1,38351.999999999985,37462.383,Herzing University-Orlando,387,889.6171874999854,15,medium,0.023746946155361708,0.02369730685068862
5107,Health and Medical Administrative Services.,386472,3,"Private, nonprofit",3,Winter Park,28.615784,-81.312669,21,6,18321.0,0.8203449578,31.0,1,51097.99999999996,53204.33,Herzing University-Orlando,129,-2106.3281250000364,18,high,-0.03958941310284682,-0.03929222763622995
5108,Allied Health and Medical Assisting Services.,386472,3,"Private, nonprofit",1,Winter Park,28.615784,-81.312669,21,6,18321.0,0.8203449578,31.0,1,36188.00000000001,35726.1,Herzing University-Orlando,136,461.8984375000073,33,high,0.012928878811250995,0.012837640269899716
5108,Allied Health and Medical Assisting Services.,386472,1,"Private, nonprofit",2,Winter Park,28.615784,-81.312669,21,6,18321.0,0.8203449578,31.0,1,44890.00000000002,44816.426,Herzing University-Orlando,157,73.57421875002183,22,high,0.0016416797517307443,0.0016318840494977398
5109,"Allied Health Diagnostic, Intervention, and Treatment Professions.",386472,1,"Private, nonprofit",2,Winter Park,28.615784,-81.312669,21,6,18321.0,0.8203449578,31.0,1,57768.00000000004,64120.633,Herzing University-Orlando,102,-6352.632812499964,39,high,-0.09907314594159072,-0.09809434648790409
5138,"Registered Nursing, Nursing Administration, Nursing Research and Clinical Nursing.",386472,1,"Private, nonprofit",2,Winter Park,28.615784,-81.312669,21,6,18321.0,0.8203449578,31.0,1,86631.99999999994,80162.57,Herzing University-Orlando,322,6469.429687499942,58,high,0.08070387042581073,0.08049515673408394
5138,"Registered Nursing, Nursing Administration, Nursing Research and Clinical Nursing.",386472,1,"Private, nonprofit",3,Winter Park,28.615784,-81.312669,21,6,18321.0,0.8203449578,31.0,1,91010.00000000006,95253.24,Herzing University-Orlando,440,-4243.242187499942,57,high,-0.044546958088286244,-0.0444666702999421
5139,"Practical Nursing, Vocational Nursing and Nursing Assistants.",386472,1,"Private, nonprofit",1,Winter Park,28.615784,-81.312669,21,6,18321.0,0.8203449578,31.0,1,71753.00000000004,59199.055,Herzing University-Orlando,79,12553.945312500044,47,high,0.21206327328653837,0.2092386509837778
5202,"Business Administration, Management and Operations.",386472,3,"Private, nonprofit",2,Winter Park,28.615784,-81.312669,21,6,18321.0,0.8203449578,31.0,1,32080.999999999975,46894.523,Herzing University-Orlando,46,-14813.523437500025,26,high,-0.3158902650379456,-0.3079952354045496
5202,"Business Administration, Management and Operations.",386472,3,"Private, nonprofit",3,Winter Park,28.615784,-81.312669,21,6,18321.0,0.8203449578,31.0,1,66378.99999999997,56668.832,Herzing University-Orlando,140,9710.16796874997,58,high,0.17134935767504972,0.17018043909169892
5202,"Business Administration, Management and Operations.",386472,3,"Private, nonprofit",5,Winter Park,28.615784,-81.312669,21,6,18321.0,0.8203449578,31.0,1,70853.99999999997,68661.37,Herzing University-Orlando,218,2192.632812499971,35,high,0.03193401038042753,0.03180407507126444
5203,Accounting and Related Services.,386472,3,"Private, nonprofit",1,Winter Park,28.615784,-81.312669,21,6,18321.0,0.8203449578,31.0,1,32930.999999999985,38614.723,Herzing University-Orlando,30,-5683.722656250015,5,low,-0.14719056010959264,-0.14118546952185201
5203,Accounting and Related Services.,386472,3,"Private, nonprofit",3,Winter Park,28.615784,-81.312669,21,6,18321.0,0.8203449578,31.0,1,54344.999999999985,63330.402,Herzing University-Orlando,20,-8985.402343750015,24,high,-0.14188133994441254,-0.13277685146256227
1204,Cosmetology and Related Personal Grooming Services.,387925,1,"Private, for-profit",1,Pompano Beach,26.275351,-80.150541,13,-2,17597.0,0.7702589808,29.0,1,31544.999999999996,26284.08,Cortiva Institute,303,5260.919921874996,80,high,0.20015613657536419,0.19960067883149193
5135,Somatic Bodywork and Related Therapeutic Services.,387925,1,"Private, for-profit",1,Pompano Beach,26.275351,-80.150541,13,-2,17597.0,0.7702589808,29.0,1,30699.00000000001,25802.457,Cortiva Institute,293,4896.542968750011,25,high,0.18977041460895314,0.18922286891991577
5138,"Registered Nursing, Nursing Administration, Nursing Research and Clinical Nursing.",406024,1,"Private, for-profit",2,Saint Petersburg,27.865391,-82.648151,11,2,32673.0,0.6627957932,30.0,1,80987.99999999993,80758.4,Galen College of Nursing-Tampa Bay,1897,229.60156249992724,58,high,0.002843067308691355,0.002842101447940179
5138,"Registered Nursing, Nursing Administration, Nursing Research and Clinical Nursing.",406024,1,"Private, for-profit",3,Saint Petersburg,27.865391,-82.648151,11,2,32673.0,0.6627957932,30.0,1,91861.99999999993,90373.72,Galen College of Nursing-Tampa Bay,463,1488.2812499999272,57,high,0.0164680757922217,0.016440089422219258
5139,"Practical Nursing, Vocational Nursing and Nursing Assistants.",406024,1,"Private, for-profit",1,Saint Petersburg,27.865391,-82.648151,11,2,32673.0,0.6627957932,30.0,1,64239.99999999997,59251.805,Galen College of Nursing-Tampa Bay,565,4988.195312499971,47,high,0.0841863862005253,0.08407263034550597
5135,Somatic Bodywork and Related Therapeutic Services.,406149,1,"Private, for-profit",1,Sarasota,27.389606,-82.485901,21,-2,17000.0,0.7696335079,33.0,1,29431.999999999996,26012.37,Sarasota School of Massage Therapy,94,3419.6308593749964,25,high,0.1314617227246081,0.13003273771660304
2301,"English Language and Literature, General.",408844,0,"Private, for-profit",1,Hialeah,25.86178,-80.321846,21,9,13365.0,0.8321821438,29.0,1,21826.000000000007,30138.756,Florida National University-Main Campus,287,-8312.755859374993,2,low,-0.27581615837633244,-0.2750010031716009
2401,"Liberal Arts and Sciences, General Studies and Humanities.",408844,0,"Private, for-profit",2,Hialeah,25.86178,-80.321846,21,9,13365.0,0.8321821438,29.0,1,39258.0,36102.062,Florida National University-Main Campus,32,3155.9375,36,high,0.08741709701488662,0.08410280859816267
5106,Dental Support Services and Allied Professions.,408844,1,"Private, for-profit",1,Hialeah,25.86178,-80.321846,21,9,13365.0,0.8321821438,29.0,1,28072.99999999998,31514.045,Florida National University-Main Campus,180,-3441.044921875018,17,high,-0.10919083635266601,-0.10863541441154466
5107,Health and Medical Administrative Services.,408844,3,"Private, for-profit",1,Hialeah,25.86178,-80.321846,21,9,13365.0,0.8321821438,29.0,1,35489.00000000003,29183.61,Florida National University-Main Campus,42,6305.390625000029,25,high,0.2160593141162831,0.21006121798150215
5109,"Allied Health Diagnostic, Intervention, and Treatment Professions.",408844,1,"Private, for-profit",2,Hialeah,25.86178,-80.321846,21,9,13365.0,0.8321821438,29.0,1,57086.00000000005,56324.227,Florida National University-Main Campus,62,761.7734375000509,39,high,0.013524791799044972,0.013285777565264964
5110,Clinical/Medical Laboratory Science/Research and Allied Professions.,408844,0,"Private, for-profit",1,Hialeah,25.86178,-80.321846,21,9,13365.0,0.8321821438,29.0,1,34287.000000000015,32819.273,Florida National University-Main Campus,39,1467.7265625000146,8,medium,0.04472148249397133,0.04336938349833414
5122,Public Health.,408844,3,"Private, for-profit",2,Hialeah,25.86178,-80.321846,21,9,13365.0,0.8321821438,29.0,1,45000.999999999985,41039.316,Florida National University-Main Campus,61,3961.6835937499854,2,low,0.0965338592517747,0.09479526525146674
5122,Public Health.,408844,3,"Private, for-profit",3,Hialeah,25.86178,-80.321846,21,9,13365.0,0.8321821438,29.0,1,51212.00000000003,52784.35,Florida National University-Main Campus,45,-1572.351562499971,12,medium,-0.02978821404366799,-0.029024558423225672
5122,Public Health.,408844,3,"Private, for-profit",5,Hialeah,25.86178,-80.321846,21,9,13365.0,0.8321821438,29.0,1,64290.99999999996,60053.02,Florida National University-Main Campus,22,4237.980468749964,11,medium,0.07057064743504914,0.06649378731733531
5138,"Registered Nursing, Nursing Administration, Nursing Research and Clinical Nursing.",408844,1,"Private, for-profit",2,Hialeah,25.86178,-80.321846,21,9,13365.0,0.8321821438,29.0,1,79440.99999999994,79679.58,Florida National University-Main Campus,99,-238.5781250000582,58,high,-0.002994219229245677,-0.002963586427880922
5138,"Registered Nursing, Nursing Administration, Nursing Research and Clinical Nursing.",408844,2,"Private, for-profit",3,Hialeah,25.86178,-80.321846,21,9,13365.0,0.8321821438,29.0,1,86825.99999999994,85768.94,Florida National University-Main Campus,188,1057.0624999999418,57,high,0.012324537656770457,0.01226494701631799
5138,"Registered Nursing, Nursing Administration, Nursing Research and Clinical Nursing.",408844,3,"Private, for-profit",5,Hialeah,25.86178,-80.321846,21,9,13365.0,0.8321821438,29.0,1,101833.99999999993,105319.36,Florida National University-Main Campus,41,-3485.3593750000728,18,high,-0.0330932451135608,-0.03214866284838969
5202,"Business Administration, Management and Operations.",408844,3,"Private, for-profit",3,Hialeah,25.86178,-80.321846,21,9,13365.0,0.8321821438,29.0,1,57467.999999999985,52896.324,Florida National University-Main Campus,24,4571.675781249985,58,high,0.08642709770047646,0.08189453988040046
5202,"Business Administration, Management and Operations.",408844,3,"Private, for-profit",5,Hialeah,25.86178,-80.321846,21,9,13365.0,0.8321821438,29.0,1,68395.99999999996,68175.914,Florida National University-Main Campus,25,220.08593749995634,35,high,0.0032282066258502,0.0030664584212827545
5203,Accounting and Related Services.,408844,3,"Private, for-profit",2,Hialeah,25.86178,-80.321846,21,9,13365.0,0.8321821438,29.0,1,33133.99999999998,48822.105,Florida National University-Main Campus,39,-15688.105468750022,8,medium,-0.321332013810663,-0.31161693575621696
5203,Accounting and Related Services.,408844,3,"Private, for-profit",3,Hialeah,25.86178,-80.321846,21,9,13365.0,0.8321821438,29.0,1,63660.999999999956,51308.93,Florida National University-Main Campus,27,12352.070312499956,24,high,0.24073919272397523,0.2296756023841863
1204,Cosmetology and Related Personal Grooming Services.,409032,1,"Private, for-profit",1,Miami,25.779494,-80.249645,11,-2,0.0,,34.0,1,17598.000000000004,16803.18,Nouvelle Institute,194,794.8203125000036,80,high,0.04730178021551932,0.0470812972247851
5138,"Registered Nursing, Nursing Administration, Nursing Research and Clinical Nursing.",412173,1,"Private, nonprofit",2,West Palm Beach,26.70653,-80.121497,21,2,19834.0,0.8296703297,31.0,1,84160.00000000007,80732.76,Academy for Nursing and Health Occupations,40,3427.2421875000728,58,high,0.04245169222956269,0.041205050964992954
5139,"Practical Nursing, Vocational Nursing and Nursing Assistants.",412173,1,"Private, nonprofit",1,West Palm Beach,26.70653,-80.121497,21,2,19834.0,0.8296703297,31.0,1,42050.99999999998,62281.29,Academy for Nursing and Health Occupations,76,-20230.289062500022,47,high,-0.32482129652452585,-0.3202945965773005
5108,Allied Health and Medical Assisting Services.,417327,1,"Private, for-profit",2,Altamonte Springs,28.663604,-81.402219,21,1,14982.0,0.8646864686,31.0,1,39510.99999999997,37744.363,City College-Altamonte Springs,30,1766.636718749971,22,high,0.04680531250682325,0.044895746150246385
5109,"Allied Health Diagnostic, Intervention, and Treatment Professions.",417327,1,"Private, for-profit",2,Altamonte Springs,28.663604,-81.402219,21,1,14982.0,0.8646864686,31.0,1,50943.000000000015,54248.934,City College-Altamonte Springs,20,-3305.9335937499854,39,high,-0.06094006600216121,-0.057029557902806866
5139,"Practical Nursing, Vocational Nursing and Nursing Assistants.",419217,1,"Private, for-profit",1,Miami,25.740254,-80.213971,11,-2,23406.0,,27.0,1,68692.99999999996,64969.527,HCA Florida Mercy Hospital School of Practical Nursing,38,3723.4726562499563,47,high,0.05731106271636053,0.05552584575451199
1204,Cosmetology and Related Personal Grooming Services.,419226,1,Public,1,Ocala,29.178271,-82.147877,13,-2,16708.0,,28.0,1,27463.99999999999,23733.982,Marion Technical College,49,3730.017578124989,80,high,0.15715936381106982,0.1535085171036352
1512,Computer Engineering Technologies/Technicians.,419226,1,Public,1,Ocala,29.178271,-82.147877,13,-2,16708.0,,28.0,1,41383.00000000003,38653.043,Marion Technical College,20,2729.957031250029,2,low,0.07062722159952917,0.06609509125871106
4302,Fire Protection.,419226,1,Public,1,Ocala,29.178271,-82.147877,13,-2,16708.0,,28.0,1,58400.999999999985,58455.375,Marion Technical College,26,-54.37500000001455,6,medium,-0.0009301967526513097,-0.0008855947141880211
4805,Precision Metal Working.,419226,1,Public,1,Ocala,29.178271,-82.147877,13,-2,16708.0,,28.0,1,35952.000000000015,44621.02,Marion Technical College,37,-8669.019531249985,15,medium,-0.19428107251513385,-0.1880412317498716
5108,Allied Health and Medical Assisting Services.,419226,1,Public,1,Ocala,29.178271,-82.147877,13,-2,16708.0,,28.0,1,32403.00000000001,34403.49,Marion Technical College,33,-2000.488281249989,33,high,-0.05814783271091324,-0.056019195089496834
5109,"Allied Health Diagnostic, Intervention, and Treatment Professions.",419226,1,Public,1,Ocala,29.178271,-82.147877,13,-2,16708.0,,28.0,1,55030.000000000044,49168.85,Marion Technical College,20,5861.148437500044,22,high,0.11920450145250519,0.11155517976662145
5139,"Practical Nursing, Vocational Nursing and Nursing Assistants.",419226,1,Public,1,Ocala,29.178271,-82.147877,13,-2,16708.0,,28.0,1,54908.00000000002,52374.777,Marion Technical College,40,2533.222656250022,47,high,0.0483672253081629,0.04694686782050761
5106,Dental Support Services and Allied Professions.,423120,1,"Private, for-profit",1,Hialeah,25.848446,-80.306915,21,-2,0.0,,33.0,1,27003.99999999998,27988.76,Compu-Med Vocational Careers Corp,119,-984.7597656250182,17,high,-0.03518411583333079,-0.03489386344377481
5108,Allied Health and Medical Assisting Services.,423120,1,"Private, for-profit",1,Hialeah,25.848446,-80.306915,21,-2,0.0,,33.0,1,28753.00000000002,27657.56,Compu-Med Vocational Careers Corp,75,1095.4394531250182,33,high,0.039607233301303967,0.039046662779624014
5139,"Practical Nursing, Vocational Nursing and Nursing Assistants.",423120,1,"Private, for-profit",1,Hialeah,25.848446,-80.306915,21,-2,0.0,,33.0,1,28711.0,38784.164,Compu-Med Vocational Careers Corp,39,-10073.1640625,47,high,-0.25972363478731353,-0.2518712102665811
1402,"Aerospace, Aeronautical, and Astronautical/Space Engineering.",426314,3,"Private, nonprofit",3,Daytona Beach,29.189903,-81.048367,13,12,38662.0,0.6700304341,25.0,2,95551.99999999996,98041.85,Embry-Riddle Aeronautical University-Worldwide,286,-2489.8515625000437,5,low,-0.025395803147524258,-0.025320442934190206
1427,Systems Engineering.,426314,3,"Private, nonprofit",5,Daytona Beach,29.189903,-81.048367,13,12,38662.0,0.6700304341,25.0,2,125092.99999999997,153678.98,Embry-Riddle Aeronautical University-Worldwide,88,-28585.98437500003,4,low,-0.18601101830062786,-0.18382695575720207
4228,"Clinical, Counseling and Applied Psychology.",426314,3,"Private, nonprofit",5,Daytona Beach,29.189903,-81.048367,13,12,38662.0,0.6700304341,25.0,2,109267.99999999996,101329.56,Embry-Riddle Aeronautical University-Worldwide,32,7938.437499999956,9,medium,0.07834275905415022,0.07537251058178161
4303,Homeland Security.,426314,3,"Private, nonprofit",3,Daytona Beach,29.189903,-81.048367,13,12,38662.0,0.6700304341,25.0,2,71014.0,94620.02,Embry-Riddle Aeronautical University-Worldwide,74,-23606.0234375,3,low,-0.2494823249868739,-0.24589555640028074
4706,Vehicle Maintenance and Repair Technologies/Technicians.,426314,3,"Private, nonprofit",2,Daytona Beach,29.189903,-81.048367,13,12,38662.0,0.6700304341,25.0,2,83748.99999999996,81822.18,Embry-Riddle Aeronautical University-Worldwide,47,1926.8203124999563,5,low,0.02354887537656635,0.022974782766117266
4706,Vehicle Maintenance and Repair Technologies/Technicians.,426314,3,"Private, nonprofit",3,Daytona Beach,29.189903,-81.048367,13,12,38662.0,0.6700304341,25.0,2,87796.99999999994,81351.52,Embry-Riddle Aeronautical University-Worldwide,85,6445.476562499942,2,low,0.07922994297029745,0.07826115783476921
4901,Air Transportation.,426314,3,"Private, nonprofit",2,Daytona Beach,29.189903,-81.048367,13,12,38662.0,0.6700304341,25.0,2,83343.00000000007,97242.99,Embry-Riddle Aeronautical University-Worldwide,208,-13899.992187499927,5,low,-0.14294081120723356,-0.14232650634241262
4901,Air Transportation.,426314,3,"Private, nonprofit",3,Daytona Beach,29.189903,-81.048367,13,12,38662.0,0.6700304341,25.0,2,90495.00000000007,85505.23,Embry-Riddle Aeronautical University-Worldwide,1152,4989.773437500073,5,low,0.05835635595740806,0.05832145173168671
4901,Air Transportation.,426314,3,"Private, nonprofit",5,Daytona Beach,29.189903,-81.048367,13,12,38662.0,0.6700304341,25.0,2,113160.99999999994,114828.23,Embry-Riddle Aeronautical University-Worldwide,375,-1667.2265625000582,3,low,-0.014519309514830846,-0.014487833280932404
5202,"Business Administration, Management and Operations.",426314,3,"Private, nonprofit",2,Daytona Beach,29.189903,-81.048367,13,12,38662.0,0.6700304341,25.0,2,85869.00000000003,72257.21,Embry-Riddle Aeronautical University-Worldwide,64,13611.78906250003,26,high,0.18837966323214106,0.18517146878920812
5202,"Business Administration, Management and Operations.",426314,3,"Private, nonprofit",3,Daytona Beach,29.189903,-81.048367,13,12,38662.0,0.6700304341,25.0,2,83748.99999999996,83590.56,Embry-Riddle Aeronautical University-Worldwide,455,158.43749999995634,58,high,0.0018953993759756832,0.0018921128670380423
5202,"Business Administration, Management and Operations.",426314,3,"Private, nonprofit",5,Daytona Beach,29.189903,-81.048367,13,12,38662.0,0.6700304341,25.0,2,110335.99999999994,110567.7,Embry-Riddle Aeronautical University-Worldwide,435,-231.7031250000582,35,high,-0.002095576904026948,-0.0020917498596398167
5212,Management Information Systems and Services.,426314,3,"Private, nonprofit",5,Daytona Beach,29.189903,-81.048367,13,12,38662.0,0.6700304341,25.0,2,103031.99999999997,109934.52,Embry-Riddle Aeronautical University-Worldwide,41,-6902.523437500029,9,medium,-0.06278758684412958,-0.06099543739482844
4301,Criminal Justice and Corrections.,427991,1,Public,1,Kissimmee,28.298648,-81.349696,21,-2,17889.0,,26.0,1,59910.99999999996,53850.742,Osceola Technical College,35,6060.257812499964,19,high,0.11253805549047176,0.1086860810489143
4706,Vehicle Maintenance and Repair Technologies/Technicians.,427991,1,Public,1,Kissimmee,28.298648,-81.349696,21,-2,17889.0,,26.0,1,50433.00000000001,46293.895,Osceola Technical College,25,4139.105468750007,24,high,0.08940931651269837,0.0849294928540369
5108,Allied Health and Medical Assisting Services.,427991,1,Public,1,Kissimmee,28.298648,-81.349696,21,-2,17889.0,,26.0,1,31234.000000000007,38314.223,Osceola Technical College,58,-7080.222656249993,33,high,-0.18479358748245497,-0.18126419403840774
5004,Design and Applied Arts.,428000,1,"Private, for-profit",1,Miami,25.808818,-80.190728,11,-2,24014.0,0.1920529801,26.0,1,90812.00000000006,43616.688,Miami Ad School,92,47195.31250000006,2,low,1.082047152251075,1.0699857498210044
5108,Allied Health and Medical Assisting Services.,428170,1,"Private, for-profit",1,West Palm Beach,26.702216,-80.085966,21,1,16491.0,0.8390022676,31.0,1,33988.00000000001,31221.87,Southeastern College-West Palm Beach,207,2766.1308593750073,33,high,0.0885959404581514,0.08821304508897977
5108,Allied Health and Medical Assisting Services.,428170,1,"Private, for-profit",2,West Palm Beach,26.702216,-80.085966,21,1,16491.0,0.8390022676,31.0,1,38052.99999999998,41189.45,Southeastern College-West Palm Beach,30,-3136.449218750022,22,high,-0.07614690844961013,-0.07304026164511508
5109,"Allied Health Diagnostic, Intervention, and Treatment Professions.",428170,1,"Private, for-profit",2,West Palm Beach,26.702216,-80.085966,21,1,16491.0,0.8390022676,31.0,1,63030.000000000044,53272.566,Southeastern College-West Palm Beach,81,9757.433593750044,39,high,0.18316056935085617,0.1807911668618487
5135,Somatic Bodywork and Related Therapeutic Services.,428170,1,"Private, for-profit",1,West Palm Beach,26.702216,-80.085966,21,1,16491.0,0.8390022676,31.0,1,31789.99999999999,29762.498,Southeastern College-West Palm Beach,42,2027.501953124989,25,high,0.0681227076413995,0.06623152997536849
5138,"Registered Nursing, Nursing Administration, Nursing Research and Clinical Nursing.",428170,1,"Private, for-profit",2,West Palm Beach,26.702216,-80.085966,21,1,16491.0,0.8390022676,31.0,1,82415.00000000004,82551.414,Southeastern College-West Palm Beach,63,-136.41406249995634,58,high,-0.001652473964851489,-0.0016238102918830048
5139,"Practical Nursing, Vocational Nursing and Nursing Assistants.",428170,1,"Private, for-profit",1,West Palm Beach,26.702216,-80.085966,21,1,16491.0,0.8390022676,31.0,1,58032.99999999998,53502.24,Southeastern College-West Palm Beach,52,4530.761718749978,47,high,0.08468359201969679,0.08284737412219466
5106,Dental Support Services and Allied Professions.,430582,0,"Private, for-profit",1,Miami,25.756567,-80.36778,21,-2,4823.0,0.9303178484,34.0,1,30487.999999999993,28234.87,Praxis Institute,138,2253.1308593749927,17,high,0.07979958568793699,0.0792459721939184
5108,Allied Health and Medical Assisting Services.,430582,0,"Private, for-profit",1,Miami,25.756567,-80.36778,21,-2,4823.0,0.9303178484,34.0,1,34136.999999999985,30386.0,Praxis Institute,154,3750.9999999999854,33,high,0.12344500756927484,0.12269163841019833
5108,Allied Health and Medical Assisting Services.,430582,0,"Private, for-profit",2,Miami,25.756567,-80.36778,21,-2,4823.0,0.9303178484,34.0,1,18549.00000000001,40906.27,Praxis Institute,35,-22357.26953124999,22,high,-0.5465487268197444,-0.527841350745047
5135,Somatic Bodywork and Related Therapeutic Services.,430582,1,"Private, for-profit",1,Miami,25.756567,-80.36778,21,-2,4823.0,0.9303178484,34.0,1,27609.0,24968.469,Praxis Institute,229,2640.53125,25,high,0.10575463303091023,0.10534829850186778
1204,Cosmetology and Related Personal Grooming Services.,431558,1,Public,1,Cape Coral,26.658582,-81.976156,12,-2,16369.0,,27.0,1,32473.999999999985,23756.242,Cape Coral Technical College,31,8717.757812499985,80,high,0.36696703728197694,0.35254248888411943
5107,Health and Medical Administrative Services.,431558,1,Public,1,Cape Coral,26.658582,-81.976156,12,-2,16369.0,,27.0,1,40599.99999999998,37287.766,Cape Coral Technical College,31,3312.234374999978,25,high,0.08882898504326721,0.08533734175187097
5108,Allied Health and Medical Assisting Services.,431558,1,Public,1,Cape Coral,26.658582,-81.976156,12,-2,16369.0,,27.0,1,35134.000000000015,34613.984,Cape Coral Technical College,30,520.0156250000146,33,high,0.015023281323706743,0.014410360459713839
1204,Cosmetology and Related Personal Grooming Services.,433068,1,Public,1,Fort Walton Beach,30.46866,-86.614844,13,-2,18421.0,,28.0,1,25455.99999999998,28896.113,Okaloosa Technical College,32,-3440.113281250018,80,high,-0.11905107263966277,-0.11453742937625169
4702,"Heating, Air Conditioning, Ventilation and Refrigeration Maintenance Technology/Technician (HAC, HACR, HVAC, HVACR).",433068,0,Public,1,Fort Walton Beach,30.46866,-86.614844,13,-2,18421.0,,28.0,1,40361.999999999985,45704.227,Okaloosa Technical College,22,-5342.226562500015,13,medium,-0.11688692631510965,-0.11013437882552046
5139,"Practical Nursing, Vocational Nursing and Nursing Assistants.",433068,1,Public,1,Fort Walton Beach,30.46866,-86.614844,13,-2,18421.0,,28.0,1,45837.00000000004,50391.875,Okaloosa Technical College,40,-4554.874999999964,47,high,-0.09038907561982887,-0.08773469965468131
0301,Natural Resources Conservation and Research.,433660,1,Public,3,Fort Myers,26.463638,-81.7726,21,16,43546.0,0.5981697171,21.0,1,51264.99999999996,54017.44,Florida Gulf Coast University,60,-2752.4414062500364,9,medium,-0.05095467935161345,-0.05001914136716771
0301,Natural Resources Conservation and Research.,433660,1,Public,5,Fort Myers,26.463638,-81.7726,21,16,43546.0,0.5981697171,21.0,1,66340.00000000006,65303.98,Florida Gulf Coast University,22,1036.0195312500582,1,low,0.015864569415425234,0.014948074630621443
0302,Environmental/Natural Resources Management and Policy.,433660,1,Public,3,Fort Myers,26.463638,-81.7726,21,16,43546.0,0.5981697171,21.0,1,48942.00000000004,50504.02,Florida Gulf Coast University,34,-1562.0195312499636,3,low,-0.030928618073328685,-0.029834326194010576
0901,Communication and Media Studies.,433660,1,Public,3,Fort Myers,26.463638,-81.7726,21,16,43546.0,0.5981697171,21.0,1,56455.00000000003,57430.08,Florida Gulf Coast University,242,-975.0781249999709,15,medium,-0.016978526877112286,-0.01691735056721267
0907,"Radio, Television, and Digital Communication.",433660,1,Public,3,Fort Myers,26.463638,-81.7726,21,16,43546.0,0.5981697171,21.0,1,43420.00000000001,57835.7,Florida Gulf Coast University,29,-14415.699218749993,7,medium,-0.24925261410302973,-0.2386854809460234
1301,"Education, General.",433660,1,Public,3,Fort Myers,26.463638,-81.7726,21,16,43546.0,0.5981697171,21.0,1,55116.00000000001,58434.69,Florida Gulf Coast University,51,-3318.6914062499927,3,low,-0.05679317074129419,-0.055533647647006024
1304,Educational Administration and Supervision.,433660,3,Public,5,Fort Myers,26.463638,-81.7726,21,16,43546.0,0.5981697171,21.0,1,73909.99999999997,69206.55,Florida Gulf Coast University,20,4703.453124999971,20,high,0.067962545992871,0.06360140718891173
1310,Special Education and Teaching.,433660,1,Public,3,Fort Myers,26.463638,-81.7726,21,16,43546.0,0.5981697171,21.0,1,56466.99999999998,54845.28,Florida Gulf Coast University,24,1621.7187499999782,6,medium,0.02956897499727888,0.028018268188633965
1311,Student Counseling and Personnel Services.,433660,1,Public,5,Fort Myers,26.463638,-81.7726,21,16,43546.0,0.5981697171,21.0,1,67595.00000000004,59272.664,Florida Gulf Coast University,43,8322.335937500044,9,medium,0.14040765788297563,0.13661411933027365
1312,"Teacher Education and Professional Development, Specific Levels and Methods.",433660,1,Public,3,Fort Myers,26.463638,-81.7726,21,16,43546.0,0.5981697171,21.0,1,58114.99999999997,52696.984,Florida Gulf Coast University,112,5418.015624999971,24,high,0.10281452893859205,0.10190402966715925
1405,Biomedical/Medical Engineering.,433660,1,Public,3,Fort Myers,26.463638,-81.7726,21,16,43546.0,0.5981697171,21.0,1,91676.00000000003,75317.04,Florida Gulf Coast University,25,16358.96093750003,5,low,0.2172013284261606,0.20631852909687573
1408,Civil Engineering.,433660,1,Public,3,Fort Myers,26.463638,-81.7726,21,16,43546.0,0.5981697171,21.0,1,84451.00000000007,71248.79,Florida Gulf Coast University,58,13202.210937500073,8,medium,0.1852973378385279,0.1817583232099559
1409,Computer Engineering.,433660,1,Public,3,Fort Myers,26.463638,-81.7726,21,16,43546.0,0.5981697171,21.0,1,98649.99999999994,94445.125,Florida Gulf Coast University,72,4204.874999999942,13,medium,0.04452188506288643,0.04386099347157802
2203,Legal Support Services.,433660,1,Public,3,Fort Myers,26.463638,-81.7726,21,16,43546.0,0.5981697171,21.0,1,56695.000000000044,59722.22,Florida Gulf Coast University,87,-3027.2187499999563,4,low,-0.05068831690048281,-0.05008514987604248
2301,"English Language and Literature, General.",433660,1,Public,3,Fort Myers,26.463638,-81.7726,21,16,43546.0,0.5981697171,21.0,1,45842.000000000015,50956.617,Florida Gulf Coast University,56,-5114.617187499985,11,medium,-0.10037199229062316,-0.0983751184771242
2601,"Biology, General.",433660,1,Public,3,Fort Myers,26.463638,-81.7726,21,16,43546.0,0.5981697171,21.0,1,53351.999999999985,51541.2,Florida Gulf Coast University,66,1810.8007812499854,24,high,0.03513307429197806,0.03455582551479442
3000,"Multi-/Interdisciplinary Studies, General.",433660,1,Public,3,Fort Myers,26.463638,-81.7726,21,16,43546.0,0.5981697171,21.0,1,48879.00000000004,53782.74,Florida Gulf Coast University,137,-4903.738281249964,7,medium,-0.09117680575515674,-0.09053886179473038
3105,"Sports, Kinesiology, and Physical Education/Fitness.",433660,1,Public,3,Fort Myers,26.463638,-81.7726,21,16,43546.0,0.5981697171,21.0,1,58179.00000000001,54371.062,Florida Gulf Coast University,32,3807.9375000000073,18,high,0.07003610606285296,0.06738079190803682
4201,"Psychology, General.",433660,1,Public,3,Fort Myers,26.463638,-81.7726,21,16,43546.0,0.5981697171,21.0,1,52722.00000000003,50905.758,Florida Gulf Coast University,200,1816.242187500029,29,high,0.035678521753663935,0.035518018480163734
4301,Criminal Justice and Corrections.,433660,1,Public,3,Fort Myers,26.463638,-81.7726,21,16,43546.0,0.5981697171,21.0,1,54214.99999999996,56851.957,Florida Gulf Coast University,152,-2636.9570312500364,23,high,-0.04638287174178669,-0.046095447122975496
4304,Security Science and Technology.,433660,1,Public,3,Fort Myers,26.463638,-81.7726,21,16,43546.0,0.5981697171,21.0,1,52096.00000000001,60424.414,Florida Gulf Coast University,66,-8328.414062499993,4,low,-0.13783193749939382,-0.13556731025051844
4404,Public Administration.,433660,3,Public,5,Fort Myers,26.463638,-81.7726,21,16,43546.0,0.5981697171,21.0,1,85052.00000000003,72849.9,Florida Gulf Coast University,20,12202.10156250003,10,medium,0.16749648008045692,0.15674827475451025
4407,Social Work.,433660,1,Public,3,Fort Myers,26.463638,-81.7726,21,16,43546.0,0.5981697171,21.0,1,53706.99999999997,52078.176,Florida Gulf Coast University,66,1628.824218749971,12,medium,0.031276522157606096,0.030762637889466274
4407,Social Work.,433660,1,Public,5,Fort Myers,26.463638,-81.7726,21,16,43546.0,0.5981697171,21.0,1,61073.00000000001,65237.312,Florida Gulf Coast University,34,-4164.312499999993,9,medium,-0.06383329325529762,-0.061574794208434584
4510,Political Science and Government.,433660,1,Public,3,Fort Myers,26.463638,-81.7726,21,16,43546.0,0.5981697171,21.0,1,54824.00000000002,58162.824,Florida Gulf Coast University,47,-3338.824218749978,14,medium,-0.05740478155243429,-0.05600532360097343
5007,Fine and Studio Arts.,433660,1,Public,3,Fort Myers,26.463638,-81.7726,21,16,43546.0,0.5981697171,21.0,1,43271.000000000015,40523.848,Florida Gulf Coast University,33,2747.1523437500146,12,medium,0.06779100462160387,0.06530935610430535
5100,"Health Services/Allied Health/Health Sciences, General.",433660,1,Public,3,Fort Myers,26.463638,-81.7726,21,16,43546.0,0.5981697171,21.0,1,54005.99999999997,58600.777,Florida Gulf Coast University,163,-4594.777343750029,15,medium,-0.07840812958499227,-0.07796032693230855
5122,Public Health.,433660,1,Public,3,Fort Myers,26.463638,-81.7726,21,16,43546.0,0.5981697171,21.0,1,58119.00000000002,56603.805,Florida Gulf Coast University,81,1515.1953125000218,12,medium,0.026768435812135914,0.026422153865836566
5123,Rehabilitation and Therapeutic Professions.,433660,0,Public,6,Fort Myers,26.463638,-81.7726,21,16,43546.0,0.5981697171,21.0,1,79335.00000000003,82905.414,Florida Gulf Coast University,45,-3570.414062499971,8,medium,-0.04306611459425724,-0.041962064502086366
5138,"Registered Nursing, Nursing Administration, Nursing Research and Clinical Nursing.",433660,1,Public,3,Fort Myers,26.463638,-81.7726,21,16,43546.0,0.5981697171,21.0,1,86452.00000000007,81783.945,Florida Gulf Coast University,85,4668.054687500073,57,high,0.05707788575940221,0.05637996518520947
5202,"Business Administration, Management and Operations.",433660,1,Public,3,Fort Myers,26.463638,-81.7726,21,16,43546.0,0.5981697171,21.0,1,66349.00000000001,63510.527,Florida Gulf Coast University,188,2838.4726562500146,58,high,0.04469294737369781,0.044476851530439634
5203,Accounting and Related Services.,433660,1,Public,3,Fort Myers,26.463638,-81.7726,21,16,43546.0,0.5981697171,21.0,1,72207.0,72777.55,Florida Gulf Coast University,86,-570.546875,24,high,-0.007839600254456914,-0.007745043250985198
5203,Accounting and Related Services.,433660,3,Public,5,Fort Myers,26.463638,-81.7726,21,16,43546.0,0.5981697171,21.0,1,90903.99999999996,87381.96,Florida Gulf Coast University,21,3522.0390624999563,19,high,0.04030624884945185,0.03785494087106332
5208,Finance and Financial Management Services.,433660,1,Public,3,Fort Myers,26.463638,-81.7726,21,16,43546.0,0.5981697171,21.0,1,75767.00000000004,80512.7,Florida Gulf Coast University,104,-4745.703124999956,15,medium,-0.05894353239676992,-0.058374274245925645
5209,Hospitality Administration/Management.,433660,1,Public,3,Fort Myers,26.463638,-81.7726,21,16,43546.0,0.5981697171,21.0,1,60011.00000000002,56462.28,Florida Gulf Coast University,213,3548.718750000022,7,medium,0.06285114011400349,0.06258840205256035
5212,Management Information Systems and Services.,433660,1,Public,3,Fort Myers,26.463638,-81.7726,21,16,43546.0,0.5981697171,21.0,1,74739.00000000003,67036.1,Florida Gulf Coast University,55,7702.898437500029,7,medium,0.11490671828997036,0.1125722950273261
5214,Marketing.,433660,1,Public,3,Fort Myers,26.463638,-81.7726,21,16,43546.0,0.5981697171,21.0,1,67033.99999999997,62885.168,Florida Gulf Coast University,144,4148.832031249971,17,high,0.06597473085086902,0.06553923852192203
2301,"English Language and Literature, General.",434469,0,"Private, for-profit",1,Miami,25.771488,-80.261873,11,-2,0.0,,34.0,1,29718.999999999985,26043.545,New Professions Technical Institute,187,3675.4550781249854,2,low,0.14112729619376146,0.14044067086078815
5108,Allied Health and Medical Assisting Services.,434469,2,"Private, for-profit",1,Miami,25.771488,-80.261873,11,-2,0.0,,34.0,1,29616.999999999993,28922.361,New Professions Technical Institute,38,694.6386718749927,33,high,0.02401735681240883,0.023269225636191066
1204,Cosmetology and Related Personal Grooming Services.,438285,1,"Private, for-profit",1,Maitland,28.629921,-81.397179,21,-2,17597.0,0.7702589808,29.0,1,31544.999999999996,25745.973,Cortiva Institute,303,5799.027343749996,80,high,0.22524017333414845,0.22461510432227494
5135,Somatic Bodywork and Related Therapeutic Services.,438285,1,"Private, for-profit",1,Maitland,28.629921,-81.397179,21,-2,17597.0,0.7702589808,29.0,1,30699.00000000001,25114.238,Cortiva Institute,293,5584.761718750011,25,high,0.22237432233489357,0.22173270439988524
1204,Cosmetology and Related Personal Grooming Services.,439774,1,"Private, for-profit",1,Miami,25.759873,-80.304747,21,-2,0.0,,37.0,1,15215.999999999993,17663.758,New Concept Massage and Beauty School,93,-2447.7578125000073,80,high,-0.13857514570131946,-0.13704987803577784
5106,Dental Support Services and Allied Professions.,439792,1,"Private, for-profit",1,Orange Park,30.148278,-81.759035,21,1,18895.0,0.875,30.0,1,38908.000000000015,35507.56,Fortis College-Orange Park,53,3400.4414062500146,17,high,0.09576669140098402,0.09373556914365526
5107,Health and Medical Administrative Services.,439792,1,"Private, for-profit",1,Orange Park,30.148278,-81.759035,21,1,18895.0,0.875,30.0,1,37326.00000000003,39075.008,Fortis College-Orange Park,24,-1749.007812499971,25,high,-0.04476026776226178,-0.042412873171069614
5108,Allied Health and Medical Assisting Services.,439792,1,"Private, for-profit",1,Orange Park,30.148278,-81.759035,21,1,18895.0,0.875,30.0,1,32165.000000000004,38342.99,Fortis College-Orange Park,93,-6177.988281249996,33,high,-0.16112432958886194,-0.15935086776921023
5109,"Allied Health Diagnostic, Intervention, and Treatment Professions.",439792,1,"Private, for-profit",2,Orange Park,30.148278,-81.759035,21,1,18895.0,0.875,30.0,1,54042.99999999997,54595.316,Fortis College-Orange Park,24,-552.3164062500291,39,high,-0.01011655289512711,-0.009586003308747005
5110,Clinical/Medical Laboratory Science/Research and Allied Professions.,439792,1,"Private, for-profit",1,Orange Park,30.148278,-81.759035,21,1,18895.0,0.875,30.0,1,37792.000000000015,36692.875,Fortis College-Orange Park,30,1099.1250000000146,8,medium,0.02995472554276585,0.02873263059128741
5138,"Registered Nursing, Nursing Administration, Nursing Research and Clinical Nursing.",439792,1,"Private, for-profit",2,Orange Park,30.148278,-81.759035,21,1,18895.0,0.875,30.0,1,80097.00000000003,76673.586,Fortis College-Orange Park,52,3423.414062500029,58,high,0.044649197251457676,0.04368105627931799
4400,"Human Services, General.",441371,3,"Private, nonprofit",2,Clearwater,27.965294,-82.78558,12,4,10150.0,0.9341584543,32.0,1,29342.000000000025,31596.352,Ultimate Medical Academy,776,-2254.3515624999745,2,low,-0.07134847699237346,-0.07128148664710954
5106,Dental Support Services and Allied Professions.,441371,1,"Private, nonprofit",1,Clearwater,27.965294,-82.78558,12,4,10150.0,0.9341584543,32.0,1,32299.99999999998,30051.822,Ultimate Medical Academy,52,2248.177734374982,17,high,0.07481003030377219,0.07318790359326949
5107,Health and Medical Administrative Services.,441371,3,"Private, nonprofit",1,Clearwater,27.965294,-82.78558,12,4,10150.0,0.9341584543,32.0,1,29056.0,33501.543,Ultimate Medical Academy,1387,-4445.54296875,25,high,-0.13269666334164879,-0.13263239234350724
5107,Health and Medical Administrative Services.,441371,3,"Private, nonprofit",2,Clearwater,27.965294,-82.78558,12,4,10150.0,0.9341584543,32.0,1,30765.000000000004,34093.305,Ultimate Medical Academy,6973,-3328.3046874999964,15,medium,-0.09762341075490663,-0.09761570282682482
5108,Allied Health and Medical Assisting Services.,441371,3,"Private, nonprofit",2,Clearwater,27.965294,-82.78558,12,4,10150.0,0.9341584543,32.0,1,34529.99999999999,34472.46,Ultimate Medical Academy,226,57.539062499992724,22,high,0.0016691312698653405,0.0016626188721469027
5139,"Practical Nursing, Vocational Nursing and Nursing Assistants.",441371,1,"Private, nonprofit",1,Clearwater,27.965294,-82.78558,12,4,10150.0,0.9341584543,32.0,1,31655.000000000015,34581.22,Ultimate Medical Academy,47,-2926.2187499999854,47,high,-0.08461872819331984,-0.08255582770297515
1204,Cosmetology and Related Personal Grooming Services.,441380,1,"Private, for-profit",1,Plantation,26.122056,-80.203691,21,-2,2534.0,0.9677419355,31.0,1,19990.000000000015,22046.096,Florida Barber Academy,189,-2056.0957031249854,80,high,-0.09326348441976223,-0.09281532540792116
1205,Culinary Arts and Related Services.,441423,1,"Private, for-profit",1,Miami,25.76325,-80.290496,21,-2,9969.0,0.9317269076,35.0,1,32935.00000000003,31768.846,Florida Education Institute,52,1166.154296875029,6,medium,0.03670748090039413,0.035911542374477044
4702,"Heating, Air Conditioning, Ventilation and Refrigeration Maintenance Technology/Technician (HAC, HACR, HVAC, HVACR).",441423,1,"Private, for-profit",1,Miami,25.76325,-80.290496,21,-2,9969.0,0.9317269076,35.0,1,41244.000000000015,40447.59,Florida Education Institute,53,796.4101562500146,13,medium,0.019689928604561258,0.01927232357248924
5107,Health and Medical Administrative Services.,441423,2,"Private, for-profit",1,Miami,25.76325,-80.290496,21,-2,9969.0,0.9317269076,35.0,1,32013.000000000025,36779.375,Florida Education Institute,43,-4766.3749999999745,25,high,-0.12959369211684468,-0.12609232563409925
5108,Allied Health and Medical Assisting Services.,441423,1,"Private, for-profit",1,Miami,25.76325,-80.290496,21,-2,9969.0,0.9317269076,35.0,1,30373.000000000007,29967.992,Florida Education Institute,120,405.0078125000073,33,high,0.013514679594348692,0.013404275712834427
2201,Law.,442295,1,"Private, nonprofit",7,Naples,26.242138,-81.731358,21,18,,,,1,91005.0,87776.77,Ave Maria School of Law,109,3228.2265625,8,medium,0.03677768544088267,0.036441481751344484
4805,Precision Metal Working.,442329,1,"Private, for-profit",1,Jacksonville,30.282647,-81.560428,11,-2,20300.0,0.747530975,25.0,1,47366.99999999998,42747.418,Tulsa Welding School-Jacksonville,3411,4619.582031249978,15,medium,0.10806692546031832,0.10804796149141528
1204,Cosmetology and Related Personal Grooming Services.,443234,1,"Private, for-profit",1,Margate,26.243429,-80.199738,21,-2,12879.0,0.9647058824,28.0,1,23047.00000000002,21372.598,Hollywood Institute,71,1674.4023437500182,80,high,0.07834341761729519,0.0771613304112242
5108,Allied Health and Medical Assisting Services.,443234,1,"Private, for-profit",1,Margate,26.243429,-80.199738,21,-2,12879.0,0.9647058824,28.0,1,28345.999999999993,32405.074,Hollywood Institute,44,-4059.0742187500073,33,high,-0.12526045122900456,-0.12196479205377894
5135,Somatic Bodywork and Related Therapeutic Services.,443234,1,"Private, for-profit",1,Margate,26.243429,-80.199738,21,-2,12879.0,0.9647058824,28.0,1,31518.999999999978,27201.648,Hollywood Institute,54,4317.351562499978,25,high,0.15871654147798292,0.15542260224499402
1505,Environmental Control Technologies/Technicians.,443252,1,"Private, for-profit",1,Miami,25.780018,-80.239586,11,-2,0.0,0.9904006678,36.0,1,40093.000000000015,40944.637,South Florida Institute of Technology,621,-851.6367187499854,5,low,-0.020799713637708033,-0.020774500526260287
4701,Electrical/Electronics Maintenance and Repair Technologies/Technicians.,443252,1,"Private, for-profit",1,Miami,25.780018,-80.239586,11,-2,0.0,0.9904006678,36.0,1,44893.99999999996,34546.938,South Florida Institute of Technology,517,10347.062499999964,2,low,0.29950737312098835,0.2990591384041182
5108,Allied Health and Medical Assisting Services.,443252,1,"Private, for-profit",1,Miami,25.780018,-80.239586,11,-2,0.0,0.9904006678,36.0,1,28401.99999999998,29155.236,South Florida Institute of Technology,142,-753.2363281250182,33,high,-0.025835370348152465,-0.025662023323966898
5139,"Practical Nursing, Vocational Nursing and Nursing Assistants.",443252,1,"Private, for-profit",1,Miami,25.780018,-80.239586,11,-2,0.0,0.9904006678,36.0,1,28156.999999999993,35162.965,South Florida Institute of Technology,61,-7005.964843750007,47,high,-0.1992427224177962,-0.1956543213688219
5138,"Registered Nursing, Nursing Administration, Nursing Research and Clinical Nursing.",444334,1,"Private, for-profit",2,Miami Lakes,25.924708,-80.284567,21,1,11985.0,,36.0,1,60067.00000000004,76042.74,Advance Science International College,22,-15975.742187499964,58,high,-0.21008898059078773,-0.19795215859365312
4706,Vehicle Maintenance and Repair Technologies/Technicians.,444370,1,"Private, for-profit",1,Hialeah,25.884901,-80.323025,21,-2,8889.0,0.9276315789,33.0,1,47486.00000000002,44075.438,American Advanced Technicians Institute,73,3410.562500000022,24,high,0.077380116760044,0.07624982010288091
1204,Cosmetology and Related Personal Grooming Services.,444404,1,"Private, for-profit",1,West Palm Beach,26.710119,-80.111689,21,-2,13443.0,,30.0,1,28917.0,20881.602,The Beauty Institute,29,8035.3984375,80,high,0.38480757395209975,0.36849355097420805
1204,Cosmetology and Related Personal Grooming Services.,445212,1,"Private, for-profit",1,Oviedo,28.663679,-81.234215,21,-2,22429.0,0.7674195099,24.0,1,31080.00000000001,27843.584,Paul Mitchell the School-Orlando,832,3236.416015625011,80,high,0.11623561167417214,0.11613483791229444
4702,"Heating, Air Conditioning, Ventilation and Refrigeration Maintenance Technology/Technician (HAC, HACR, HVAC, HVACR).",445744,1,"Private, for-profit",1,Port Saint Lucie,27.3016,-80.303751,12,1,16203.0,0.868177137,29.0,1,45551.00000000002,41977.773,Fortis Institute-Port Saint Lucie,137,3573.226562500022,13,medium,0.08512186973947389,0.08452629082825035
5108,Allied Health and Medical Assisting Services.,445744,1,"Private, for-profit",1,Port Saint Lucie,27.3016,-80.303751,12,1,16203.0,0.868177137,29.0,1,31076.999999999978,35594.965,Fortis Institute-Port Saint Lucie,343,-4517.964843750022,33,high,-0.12692707700604222,-0.12662199055507747
5138,"Registered Nursing, Nursing Administration, Nursing Research and Clinical Nursing.",445744,1,"Private, for-profit",2,Port Saint Lucie,27.3016,-80.303751,12,1,16203.0,0.868177137,29.0,1,75311.00000000001,84466.6,Fortis Institute-Port Saint Lucie,103,-9155.601562499985,58,high,-0.10839315650370299,-0.10733443101681596
5139,"Practical Nursing, Vocational Nursing and Nursing Assistants.",445744,1,"Private, for-profit",1,Port Saint Lucie,27.3016,-80.303751,12,1,16203.0,0.868177137,29.0,1,53269.999999999985,54477.15,Fortis Institute-Port Saint Lucie,48,-1207.1484375000146,47,high,-0.02215880368417117,-0.02163160667800779
3906,Theological and Ministerial Studies.,446048,1,"Private, nonprofit",3,Ave Maria,26.335983,-81.438945,42,11,81806.0,0.443254818,19.0,1,42457.00000000002,57719.605,Ave Maria University,25,-15262.605468749978,4,low,-0.2644267115965183,-0.25117770036597287
4201,"Psychology, General.",446048,1,"Private, nonprofit",3,Ave Maria,26.335983,-81.438945,42,11,81806.0,0.443254818,19.0,1,49235.0,57277.7,Ave Maria University,30,-8042.69921875,29,high,-0.14041589184708736,-0.13468719464074255
5138,"Registered Nursing, Nursing Administration, Nursing Research and Clinical Nursing.",446109,0,"Private, for-profit",2,Altamonte Springs,28.66306,-81.375722,21,1,19139.0,0.8965517241,31.0,1,79722.00000000003,81776.305,Cambridge College of Healthcare & Technology,44,-2054.304687499971,58,high,-0.02512102613770935,-0.024460080568141945
5139,"Practical Nursing, Vocational Nursing and Nursing Assistants.",446109,1,"Private, for-profit",1,Altamonte Springs,28.66306,-81.375722,21,1,19139.0,0.8965517241,31.0,1,58533.00000000005,56123.688,Cambridge College of Healthcare & Technology,89,2409.312500000051,47,high,0.04292862082520951,0.04243118704031441
5106,Dental Support Services and Allied Professions.,446127,1,"Private, for-profit",1,Spring Hill,28.452699,-82.595376,22,1,16605.0,0.8771186441,28.0,1,36748.00000000003,34569.84,ATA Career Education,107,2178.160156250029,17,high,0.06300752812552662,0.06241893047193591
5107,Health and Medical Administrative Services.,446127,3,"Private, for-profit",1,Spring Hill,28.452699,-82.595376,22,1,16605.0,0.8771186441,28.0,1,42551.000000000015,32498.848,ATA Career Education,28,10052.152343750015,25,high,0.30930796224145013,0.2956642367827354
5107,Health and Medical Administrative Services.,446127,3,"Private, for-profit",2,Spring Hill,28.452699,-82.595376,22,1,16605.0,0.8771186441,28.0,1,30526.000000000007,39564.016,ATA Career Education,30,-9038.015624999993,15,medium,-0.22844030066778623,-0.21912037758046754
5108,Allied Health and Medical Assisting Services.,446127,1,"Private, for-profit",1,Spring Hill,28.452699,-82.595376,22,1,16605.0,0.8771186441,28.0,1,34110.00000000003,34758.906,ATA Career Education,103,-648.9062499999709,33,high,-0.018668776437692738,-0.018486429968034332
5108,Allied Health and Medical Assisting Services.,446127,1,"Private, for-profit",2,Spring Hill,28.452699,-82.595376,22,1,16605.0,0.8771186441,28.0,1,39008.99999999997,40549.555,ATA Career Education,35,-1540.554687500029,22,high,-0.03799190149861073,-0.036691507308209886
5109,"Allied Health Diagnostic, Intervention, and Treatment Professions.",446127,1,"Private, for-profit",2,Spring Hill,28.452699,-82.595376,22,1,16605.0,0.8771186441,28.0,1,39727.00000000002,57033.55,ATA Career Education,44,-17306.550781249978,39,high,-0.3034450870440908,-0.2954613094392531
5138,"Registered Nursing, Nursing Administration, Nursing Research and Clinical Nursing.",446127,0,"Private, for-profit",2,Spring Hill,28.452699,-82.595376,22,1,16605.0,0.8771186441,28.0,1,82629.00000000007,79270.37,ATA Career Education,91,3358.6328125000728,58,high,0.04236933587750164,0.04189097684904148
5139,"Practical Nursing, Vocational Nursing and Nursing Assistants.",446127,1,"Private, for-profit",1,Spring Hill,28.452699,-82.595376,22,1,16605.0,0.8771186441,28.0,1,56505.00000000001,51643.688,ATA Career Education,89,4861.312500000007,47,high,0.09413178522544517,0.09304103669210004
1410,"Electrical, Electronics, and Communications Engineering.",446552,1,"Private, for-profit",2,Orlando,28.44862,-81.399661,21,2,13961.0,0.9323748669,30.0,1,42764.99999999998,48563.773,Southern Technical College,57,-5798.773437500022,1,low,-0.11940533090911593,-0.11707818708892337
4701,Electrical/Electronics Maintenance and Repair Technologies/Technicians.,446552,1,"Private, for-profit",2,Orlando,28.44862,-81.399661,21,2,13961.0,0.9323748669,30.0,1,53187.0,38637.453,Southern Technical College,32,14549.546875,3,low,0.3765658887486518,0.36228895659428756
4702,"Heating, Air Conditioning, Ventilation and Refrigeration Maintenance Technology/Technician (HAC, HACR, HVAC, HVACR).",446552,1,"Private, for-profit",1,Orlando,28.44862,-81.399661,21,2,13961.0,0.9323748669,30.0,1,42084.000000000015,36908.96,Southern Technical College,325,5175.039062500015,13,medium,0.1402109116879014,0.13985217915719544
4805,Precision Metal Working.,446552,1,"Private, for-profit",2,Orlando,28.44862,-81.399661,21,2,13961.0,0.9323748669,30.0,1,40511.00000000002,39722.652,Southern Technical College,113,788.3476562500218,1,low,0.019846299522696932,0.019672363686557098
5107,Health and Medical Administrative Services.,446552,0,"Private, for-profit",2,Orlando,28.44862,-81.399661,21,2,13961.0,0.9323748669,30.0,1,28486.99999999998,34809.723,Southern Technical College,29,-6322.722656250018,15,medium,-0.1816366857813729,-0.17393614851015415
5108,Allied Health and Medical Assisting Services.,446552,1,"Private, for-profit",1,Orlando,28.44862,-81.399661,21,2,13961.0,0.9323748669,30.0,1,31874.99999999997,31856.252,Southern Technical College,384,18.748046874970896,33,high,0.0005885201718820463,0.0005872788429274017
5108,Allied Health and Medical Assisting Services.,446552,1,"Private, for-profit",2,Orlando,28.44862,-81.399661,21,2,13961.0,0.9323748669,30.0,1,32498.00000000002,39197.99,Southern Technical College,52,-6699.988281249982,22,high,-0.17092684025457652,-0.167220585999727
5139,"Practical Nursing, Vocational Nursing and Nursing Assistants.",446552,0,"Private, for-profit",1,Orlando,28.44862,-81.399661,21,2,13961.0,0.9323748669,30.0,1,29799.00000000001,47348.266,Southern Technical College,95,-17549.26562499999,47,high,-0.3706422060734139,-0.3666628924022095
1204,Cosmetology and Related Personal Grooming Services.,447014,1,"Private, for-profit",1,Ormond Beach,29.270088,-81.080155,13,1,16479.0,0.8815165877,31.0,1,22601.00000000001,22792.402,Daytona College,39,-191.4023437499891,80,high,-0.008397637987575904,-0.008143745735898945
5107,Health and Medical Administrative Services.,447014,3,"Private, for-profit",1,Ormond Beach,29.270088,-81.080155,13,1,16479.0,0.8815165877,31.0,1,39843.99999999997,35358.066,Daytona College,44,4485.933593749971,25,high,0.12687157556095952,0.12353352697523011
5108,Allied Health and Medical Assisting Services.,447014,2,"Private, for-profit",1,Ormond Beach,29.270088,-81.080155,13,1,16479.0,0.8815165877,31.0,1,31405.999999999996,33980.31,Daytona College,84,-2574.3085937500036,33,high,-0.07575883505141258,-0.07481958848366735
5135,Somatic Bodywork and Related Therapeutic Services.,447014,2,"Private, for-profit",1,Ormond Beach,29.270088,-81.080155,13,1,16479.0,0.8815165877,31.0,1,33160.00000000002,31884.55,Daytona College,24,1275.4492187500218,25,high,0.04000210721174913,0.03790424822207797
1204,Cosmetology and Related Personal Grooming Services.,447883,1,"Private, for-profit",1,Largo,27.915072,-82.749094,21,-2,13466.0,0.8905109489,29.0,1,25312.99999999999,23376.094,American Institute of Beauty,183,1936.906249999989,80,high,0.08285842240002092,0.08244499545123211
1204,Cosmetology and Related Personal Grooming Services.,447892,1,"Private, for-profit",1,Tallahassee,30.476972,-84.294583,12,-2,9861.0,0.8983050847,28.0,1,21279.0,24603.133,North Florida Cosmetology Institute,107,-3324.1328125,80,high,-0.13511014381108097,-0.13384798489151392
1204,Cosmetology and Related Personal Grooming Services.,447908,1,"Private, for-profit",1,Oakland Park,26.16627,-80.181569,21,-2,13763.0,,28.0,1,19020.999999999996,22542.615,Florida Academy of Health & Beauty,36,-3521.6152343750036,80,high,-0.15622034966932005,-0.15104287095580707
1101,"Computer and Information Sciences, General.",449038,3,"Private, for-profit",3,Tampa,27.997442,-82.35991,21,6,18178.0,0.8626386594,33.0,5,82304.00000000003,66469.72,Strayer University-Florida,426,15834.28125000003,19,high,0.23821796673391263,0.23777229410942588
1104,Information Science/Studies.,449038,3,"Private, for-profit",3,Tampa,27.997442,-82.35991,21,6,18178.0,0.8626386594,33.0,5,87412.99999999994,75044.734,Strayer University-Florida,317,12368.265624999942,5,low,0.16481190489922287,0.16437787131755488
1104,Information Science/Studies.,449038,3,"Private, for-profit",5,Tampa,27.997442,-82.35991,21,6,18178.0,0.8626386594,33.0,5,98400.99999999996,88477.52,Strayer University-Florida,213,9923.476562499956,5,low,0.11215816375680815,0.11168930641441095
1110,Computer/Information Technology Administration and Management.,449038,3,"Private, for-profit",2,Tampa,27.997442,-82.35991,21,6,18178.0,0.8626386594,33.0,5,61318.999999999985,58002.074,Strayer University-Florida,47,3316.9257812499854,8,medium,0.05718633041881357,0.05579219803723877
1110,Computer/Information Technology Administration and Management.,449038,3,"Private, for-profit",5,Tampa,27.997442,-82.35991,21,6,18178.0,0.8626386594,33.0,5,96961.00000000006,75705.26,Strayer University-Florida,55,21255.74218750006,3,low,0.28076969554934184,0.2750656312571051
1304,Educational Administration and Supervision.,449038,3,"Private, for-profit",5,Tampa,27.997442,-82.35991,21,6,18178.0,0.8626386594,33.0,5,56068.000000000015,65888.51,Strayer University-Florida,280,-9820.507812499985,20,high,-0.14904735497192265,-0.14859404584547345
4301,Criminal Justice and Corrections.,449038,3,"Private, for-profit",3,Tampa,27.997442,-82.35991,21,6,18178.0,0.8626386594,33.0,5,53915.99999999998,66855.805,Strayer University-Florida,474,-12939.804687500022,23,high,-0.19354796113791106,-0.1932278250233891
4404,Public Administration.,449038,3,"Private, for-profit",5,Tampa,27.997442,-82.35991,21,6,18178.0,0.8626386594,33.0,5,62227.00000000003,79210.44,Strayer University-Florida,185,-16983.43749999997,10,medium,-0.2144090859238086,-0.21335275797229097
5107,Health and Medical Administrative Services.,449038,3,"Private, for-profit",5,Tampa,27.997442,-82.35991,21,6,18178.0,0.8626386594,33.0,5,58849.99999999995,74535.11,Strayer University-Florida,304,-15685.109375000051,12,medium,-0.21043920786491838,-0.20985744098543355
5201,"Business/Commerce, General.",449038,3,"Private, for-profit",2,Tampa,27.997442,-82.35991,21,6,18178.0,0.8626386594,33.0,5,59020.999999999956,50626.89,Strayer University-Florida,174,8394.109374999956,2,low,0.16580337586157962,0.16492594978991415
5201,"Business/Commerce, General.",449038,3,"Private, for-profit",3,Tampa,27.997442,-82.35991,21,6,18178.0,0.8626386594,33.0,5,64016.000000000044,66313.45,Strayer University-Florida,2957,-2297.4531249999563,9,medium,-0.03464535500314374,-0.03463821790199238
5202,"Business Administration, Management and Operations.",449038,3,"Private, for-profit",5,Tampa,27.997442,-82.35991,21,6,18178.0,0.8626386594,33.0,5,76080.00000000004,68879.11,Strayer University-Florida,3047,7200.890625000044,35,high,0.10454389858318408,0.10452307542371503
5203,Accounting and Related Services.,449038,3,"Private, for-profit",2,Tampa,27.997442,-82.35991,21,6,18178.0,0.8626386594,33.0,5,55080.99999999997,47891.586,Strayer University-Florida,24,7189.414062499971,8,medium,0.1501185212759999,0.14224574878159243
5203,Accounting and Related Services.,449038,3,"Private, for-profit",3,Tampa,27.997442,-82.35991,21,6,18178.0,0.8626386594,33.0,5,66107.99999999997,60904.26,Strayer University-Florida,325,5203.738281249971,24,high,0.08544128332562886,0.08522268002703258
5203,Accounting and Related Services.,449038,3,"Private, for-profit",5,Tampa,27.997442,-82.35991,21,6,18178.0,0.8626386594,33.0,5,77492.99999999994,72050.08,Strayer University-Florida,238,5442.921874999942,19,high,0.07554359435331899,0.07526607000540546
5210,Human Resources Management and Services.,449038,3,"Private, for-profit",5,Tampa,27.997442,-82.35991,21,6,18178.0,0.8626386594,33.0,5,63742.00000000003,78134.555,Strayer University-Florida,454,-14392.55468749997,7,medium,-0.18420217207435494,-0.1838819648990651
1109,Computer Systems Networking and Telecommunications.,449083,2,"Private, for-profit",2,Miami,25.769052,-80.329161,21,1,8968.0,0.9465049929,35.0,1,46235.999999999985,46671.445,CBT Technology Institute-Main Campus,23,-435.44531250001455,5,low,-0.009330015592711662,-0.008816961539615925
1505,Environmental Control Technologies/Technicians.,449083,1,"Private, for-profit",1,Miami,25.769052,-80.329161,21,1,8968.0,0.9465049929,35.0,1,40306.999999999985,43385.613,CBT Technology Institute-Main Campus,333,-3078.6132812500146,5,low,-0.0709593122792274,-0.07078280540166938
1505,Environmental Control Technologies/Technicians.,449083,1,"Private, for-profit",2,Miami,25.769052,-80.329161,21,1,8968.0,0.9465049929,35.0,1,48101.999999999956,46207.977,CBT Technology Institute-Main Campus,42,1894.0234374999563,2,low,0.04098910141495024,0.0398511890237592
4701,Electrical/Electronics Maintenance and Repair Technologies/Technicians.,449083,1,"Private, for-profit",1,Miami,25.769052,-80.329161,21,1,8968.0,0.9465049929,35.0,1,43587.00000000003,41382.42,CBT Technology Institute-Main Campus,404,2204.578125000029,2,low,0.05327329878515065,0.0531673371451318
4701,Electrical/Electronics Maintenance and Repair Technologies/Technicians.,449083,1,"Private, for-profit",2,Miami,25.769052,-80.329161,21,1,8968.0,0.9465049929,35.0,1,48865.99999999999,45863.82,CBT Technology Institute-Main Campus,47,3002.1796874999927,3,low,0.06545856117183856,0.06386276198149686
5107,Health and Medical Administrative Services.,449083,0,"Private, for-profit",1,Miami,25.769052,-80.329161,21,1,8968.0,0.9465049929,35.0,1,41889.999999999985,37877.746,CBT Technology Institute-Main Campus,60,4012.2539062499854,25,high,0.10592641643247155,0.10398158648967148
1505,Environmental Control Technologies/Technicians.,449092,1,"Private, for-profit",2,Hialeah,25.867003,-80.302213,21,1,8968.0,0.9465049929,35.0,1,48101.999999999956,46953.996,CBT Technology Institute-Hialeah,42,1148.0039062499563,2,low,0.024449546401925225,0.023770794225142847
4701,Electrical/Electronics Maintenance and Repair Technologies/Technicians.,449092,1,"Private, for-profit",2,Hialeah,25.867003,-80.302213,21,1,8968.0,0.9465049929,35.0,1,48865.99999999999,49981.125,CBT Technology Institute-Hialeah,47,-1115.1250000000073,3,low,-0.022310922373196027,-0.02176700953396546
1204,Cosmetology and Related Personal Grooming Services.,449490,1,"Private, for-profit",1,West Palm Beach,26.63948,-80.115507,21,-2,15750.0,0.7323076923,31.0,1,24033.000000000004,26732.338,Palm Beach Academy of Health & Beauty,118,-2699.3378906249964,80,high,-0.10097649901289221,-0.10013522784726535
5135,Somatic Bodywork and Related Therapeutic Services.,449490,1,"Private, for-profit",1,West Palm Beach,26.63948,-80.115507,21,-2,15750.0,0.7323076923,31.0,1,32263.00000000003,27388.39,Palm Beach Academy of Health & Beauty,47,4874.609375000029,25,high,0.17798086210113082,0.17364190764578155
5138,"Registered Nursing, Nursing Administration, Nursing Research and Clinical Nursing.",449506,1,"Private, nonprofit",2,Miami,25.771518,-80.261299,11,1,16564.0,0.9024390244,32.0,1,36980.00000000001,81142.86,SABER College,309,-44162.85937499999,58,high,-0.5442605759171275,-0.5427841474746957
5108,Allied Health and Medical Assisting Services.,449524,1,"Private, for-profit",2,Ocala,29.189031,-82.102824,13,1,26578.0,0.7625570776,31.0,1,52604.00000000001,43984.11,Taylor College,32,8619.890625000007,22,high,0.19597738245666155,0.18854719327404224
5138,"Registered Nursing, Nursing Administration, Nursing Research and Clinical Nursing.",449524,1,"Private, for-profit",2,Ocala,29.189031,-82.102824,13,1,26578.0,0.7625570776,31.0,1,82593.0,77641.336,Taylor College,57,4951.6640625,58,high,0.06377613165345336,0.06253317014140759
1104,Information Science/Studies.,449898,3,"Private, for-profit",3,Tampa,27.982269,-82.500357,11,6,20000.0,0.7772579044,30.0,1,58915.00000000001,58548.938,South University-Tampa,130,366.0625000000073,5,low,0.006252248386232582,0.0062057365555379445
1104,Information Science/Studies.,449898,3,"Private, for-profit",5,Tampa,27.982269,-82.500357,11,6,20000.0,0.7772579044,30.0,1,78782.00000000004,82568.57,South University-Tampa,39,-3786.5703124999563,5,low,-0.04585970543233095,-0.04447319366667938
4201,"Psychology, General.",449898,3,"Private, for-profit",3,Tampa,27.982269,-82.500357,11,6,20000.0,0.7772579044,30.0,1,39694.0,45127.367,South University-Tampa,121,-5433.3671875,29,high,-0.1204007130512371,-0.11942663795256227
4301,Criminal Justice and Corrections.,449898,3,"Private, for-profit",3,Tampa,27.982269,-82.500357,11,6,20000.0,0.7772579044,30.0,1,46322.00000000002,49483.84,South University-Tampa,122,-3161.839843749978,23,high,-0.06389641252040651,-0.06338442492211607
4301,Criminal Justice and Corrections.,449898,3,"Private, for-profit",5,Tampa,27.982269,-82.500357,11,6,20000.0,0.7772579044,30.0,1,55949.999999999956,68569.69,South University-Tampa,61,-12619.687500000044,10,medium,-0.18404178231087961,-0.1807271532158474
5107,Health and Medical Administrative Services.,449898,3,"Private, for-profit",2,Tampa,27.982269,-82.500357,11,6,20000.0,0.7772579044,30.0,1,36905.000000000015,41693.504,South University-Tampa,195,-4788.503906249985,15,medium,-0.11485011950583919,-0.11431797963312573
5107,Health and Medical Administrative Services.,449898,3,"Private, for-profit",3,Tampa,27.982269,-82.500357,11,6,20000.0,0.7772579044,30.0,1,46885.00000000002,49017.207,South University-Tampa,257,-2132.207031249978,18,high,-0.043499153876528085,-0.04335300486237285
5107,Health and Medical Administrative Services.,449898,3,"Private, for-profit",5,Tampa,27.982269,-82.500357,11,6,20000.0,0.7772579044,30.0,1,65166.99999999994,62021.203,South University-Tampa,216,3145.796874999942,12,medium,0.0507213133008687,0.050512707835978866
5108,Allied Health and Medical Assisting Services.,449898,1,"Private, for-profit",2,Tampa,27.982269,-82.500357,11,6,20000.0,0.7772579044,30.0,1,50680.99999999999,46609.527,South University-Tampa,567,4071.4726562499927,22,high,0.08735279862896846,0.08723524281284857
5109,"Allied Health Diagnostic, Intervention, and Treatment Professions.",449898,1,"Private, for-profit",5,Tampa,27.982269,-82.500357,11,6,20000.0,0.7772579044,30.0,1,129131.00000000004,98460.125,South University-Tampa,210,30670.875000000044,9,medium,0.3115055460268819,0.3101816567215141
5122,Public Health.,449898,3,"Private, for-profit",3,Tampa,27.982269,-82.500357,11,6,20000.0,0.7772579044,30.0,1,45992.999999999985,49502.39,South University-Tampa,73,-3509.3906250000146,12,medium,-0.07089335647615533,-0.06985781237005692
5138,"Registered Nursing, Nursing Administration, Nursing Research and Clinical Nursing.",449898,2,"Private, for-profit",3,Tampa,27.982269,-82.500357,11,6,20000.0,0.7772579044,30.0,1,91363.00000000007,87686.414,South University-Tampa,1140,3676.5859375000728,57,high,0.041928797942170644,0.04190341872987202
5138,"Registered Nursing, Nursing Administration, Nursing Research and Clinical Nursing.",449898,3,"Private, for-profit",5,Tampa,27.982269,-82.500357,11,6,20000.0,0.7772579044,30.0,1,119307.00000000001,111234.01,South University-Tampa,2573,8072.992187500015,18,high,0.0725766548042406,0.07255917174407468
5138,"Registered Nursing, Nursing Administration, Nursing Research and Clinical Nursing.",449898,3,"Private, for-profit",8,Tampa,27.982269,-82.500357,11,6,20000.0,0.7772579044,30.0,1,120255.99999999991,110078.875,South University-Tampa,222,10177.124999999913,1,low,0.09245302516036717,0.09208472643919915
5202,"Business Administration, Management and Operations.",449898,3,"Private, for-profit",3,Tampa,27.982269,-82.500357,11,6,20000.0,0.7772579044,30.0,1,53445.00000000002,53611.188,South University-Tampa,280,-166.18749999997817,58,high,-0.003099866049413253,-0.0030904381895814985
5202,"Business Administration, Management and Operations.",449898,3,"Private, for-profit",5,Tampa,27.982269,-82.500357,11,6,20000.0,0.7772579044,30.0,1,74209.00000000004,70146.12,South University-Tampa,181,4062.8828125000437,35,high,0.057920280913624785,0.05762755553283731
1204,Cosmetology and Related Personal Grooming Services.,449959,1,"Private, for-profit",1,Tampa,28.06864,-82.574571,21,-2,22429.0,0.7674195099,24.0,1,31080.00000000001,30523.814,Paul Mitchell the School-Tampa,832,556.1855468750109,80,high,0.018221364427736822,0.018205566898791263
1204,Cosmetology and Related Personal Grooming Services.,451097,1,"Private, for-profit",1,Kissimmee,28.306092,-81.439569,13,-2,12165.0,,28.0,1,25156.999999999993,19842.518,Academy of Career Training,51,5314.482421874993,80,high,0.2678330711287282,0.26189323832669237
1313,"Teacher Education and Professional Development, Specific Subject Areas.",451103,0,"Private, for-profit",1,Miami Springs,25.810667,-80.267007,21,6,15992.0,0.6964285714,34.0,1,44558.0,31708.28,Miami Regional University,209,12849.720703125,1,low,0.4052481240882535,0.4035162274759153
5138,"Registered Nursing, Nursing Administration, Nursing Research and Clinical Nursing.",451103,1,"Private, for-profit",2,Miami Springs,25.810667,-80.267007,21,6,15992.0,0.6964285714,34.0,1,88290.00000000003,76445.125,Miami Regional University,360,11844.87500000003,58,high,0.15494611330676783,0.15459396238373013
5138,"Registered Nursing, Nursing Administration, Nursing Research and Clinical Nursing.",451103,1,"Private, for-profit",3,Miami Springs,25.810667,-80.267007,21,6,15992.0,0.6964285714,34.0,1,104988.99999999997,94183.48,Miami Regional University,26,10805.52343749997,57,high,0.11472844103741958,0.10922732277894474
5138,"Registered Nursing, Nursing Administration, Nursing Research and Clinical Nursing.",451103,2,"Private, for-profit",5,Miami Springs,25.810667,-80.267007,21,6,15992.0,0.6964285714,34.0,1,93654.00000000004,113934.85,Miami Regional University,246,-20280.851562499956,18,high,-0.1780039319345118,-0.17737466875665872
1204,Cosmetology and Related Personal Grooming Services.,451149,1,"Private, for-profit",1,Davie,26.070447,-80.251766,21,-2,20646.0,0.765051395,25.0,1,28860.999999999978,28281.975,Aveda Institute-South Florida,390,579.0253906249782,80,high,0.020473301409196547,0.020430885499699465
5135,Somatic Bodywork and Related Therapeutic Services.,451149,1,"Private, for-profit",1,Davie,26.070447,-80.251766,21,-2,20646.0,0.765051395,25.0,1,38980.99999999999,28048.396,Aveda Institute-South Florida,40,10932.603515624993,25,high,0.3897764181177077,0.37833019910353755
1204,Cosmetology and Related Personal Grooming Services.,451158,1,"Private, for-profit",1,Clearwater,28.029221,-82.739008,21,-2,22934.0,0.7272727273,25.0,1,30853.000000000022,26837.963,Aveda Institute-Tallahassee,393,4015.037109375022,80,high,0.14960290114931,0.14929569208787144
5135,Somatic Bodywork and Related Therapeutic Services.,451158,1,"Private, for-profit",1,Clearwater,28.029221,-82.739008,21,-2,22934.0,0.7272727273,25.0,1,23337.99999999999,44359.57,Aveda Institute-Tallahassee,34,-21021.57031250001,25,high,-0.47389030516773023,-0.4571234935564536
1204,Cosmetology and Related Personal Grooming Services.,451167,1,"Private, for-profit",1,Tampa,28.027145,-82.503396,21,-2,11023.0,0.7740384615,29.0,1,17937.00000000001,21689.527,Shear Excellence Hair Academy,158,-3752.527343749989,80,high,-0.1730110243656973,-0.1719863158916774
5109,"Allied Health Diagnostic, Intervention, and Treatment Professions.",454865,1,"Private, for-profit",2,Delray Beach,26.438379,-80.123788,13,2,20051.0,0.8068592058,30.0,1,57200.000000000015,63142.375,Cambridge College of Healthcare & Technology,209,-5942.374999999985,39,high,-0.09411072991790355,-0.09370853174685416
5110,Clinical/Medical Laboratory Science/Research and Allied Professions.,454865,1,"Private, for-profit",1,Delray Beach,26.438379,-80.123788,13,2,20051.0,0.8068592058,30.0,1,33456.0,42144.44,Cambridge College of Healthcare & Technology,25,-8688.44140625,8,medium,-0.20615865619140722,-0.19582914623130196
5138,"Registered Nursing, Nursing Administration, Nursing Research and Clinical Nursing.",454865,1,"Private, for-profit",2,Delray Beach,26.438379,-80.123788,13,2,20051.0,0.8068592058,30.0,1,81287.00000000004,81636.2,Cambridge College of Healthcare & Technology,23,-349.20312499995634,58,high,-0.004277552257853814,-0.004042331265840137
1204,Cosmetology and Related Personal Grooming Services.,454917,1,"Private, for-profit",1,Miami,25.761658,-80.323333,21,-2,10196.0,0.8820861678,33.0,1,16440.99999999999,17127.715,Celebrity School of Beauty,239,-686.7148437500109,80,high,-0.04009378075327994,-0.03994720502253931
1204,Cosmetology and Related Personal Grooming Services.,455479,1,"Private, for-profit",1,Pensacola,30.510415,-87.183112,13,2,14377.0,0.9012699713,27.0,1,36102.000000000015,25619.615,Fortis Institute-Pensacola,24,10482.384765625015,80,high,0.409154652391513,0.38769706364145823
4702,"Heating, Air Conditioning, Ventilation and Refrigeration Maintenance Technology/Technician (HAC, HACR, HVAC, HVACR).",455479,1,"Private, for-profit",1,Pensacola,30.510415,-87.183112,13,2,14377.0,0.9012699713,27.0,1,39532.00000000001,37648.41,Fortis Institute-Pensacola,176,1883.5898437500073,13,medium,0.050031059370970896,0.049769804395395606
5106,Dental Support Services and Allied Professions.,455479,1,"Private, for-profit",1,Pensacola,30.510415,-87.183112,13,2,14377.0,0.9012699713,27.0,1,30724.000000000022,33295.656,Fortis Institute-Pensacola,208,-2571.656249999978,17,high,-0.07723698943461967,-0.07690505443332026
5107,Health and Medical Administrative Services.,455479,0,"Private, for-profit",1,Pensacola,30.510415,-87.183112,13,2,14377.0,0.9012699713,27.0,1,29190.00000000001,30761.484,Fortis Institute-Pensacola,43,-1571.484374999989,25,high,-0.05108610351316927,-0.049705857548621855
5108,Allied Health and Medical Assisting Services.,455479,1,"Private, for-profit",1,Pensacola,30.510415,-87.183112,13,2,14377.0,0.9012699713,27.0,1,29429.000000000007,33109.5,Fortis Institute-Pensacola,432,-3680.4999999999927,33,high,-0.11116144913091387,-0.11095681253138401
5138,"Registered Nursing, Nursing Administration, Nursing Research and Clinical Nursing.",455479,1,"Private, for-profit",2,Pensacola,30.510415,-87.183112,13,2,14377.0,0.9012699713,27.0,1,80641.00000000001,66526.09,Fortis Institute-Pensacola,147,14114.906250000015,58,high,0.21217097614422933,0.2108038000506809
5108,Allied Health and Medical Assisting Services.,455831,1,"Private, for-profit",1,Greenacres,26.620478,-80.134959,21,-2,12293.0,0.9455252918,26.0,1,33314.999999999985,25911.377,Medical Institute of Palm Beach,107,7403.623046874985,33,high,0.28572866120810625,0.28305946873930077
5135,Somatic Bodywork and Related Therapeutic Services.,455831,1,"Private, for-profit",1,Greenacres,26.620478,-80.134959,21,-2,12293.0,0.9455252918,26.0,1,22663.00000000002,28734.885,Medical Institute of Palm Beach,21,-6071.884765624982,25,high,-0.21130708597407227,-0.19845600802650687
1109,Computer Systems Networking and Telecommunications.,456977,2,"Private, for-profit",2,Cutler Bay,25.590468,-80.356565,21,1,8968.0,0.9465049929,35.0,1,46235.999999999985,46921.098,CBT Technology Institute-Cutler Bay,23,-685.0976562500146,5,low,-0.01460105774313142,-0.01379815106198393
1505,Environmental Control Technologies/Technicians.,456977,1,"Private, for-profit",1,Cutler Bay,25.590468,-80.356565,21,1,8968.0,0.9465049929,35.0,1,40306.999999999985,43518.344,CBT Technology Institute-Cutler Bay,333,-3211.3437500000146,5,low,-0.07379287613628482,-0.07360932094480288
5107,Health and Medical Administrative Services.,456977,3,"Private, for-profit",1,Cutler Bay,25.590468,-80.356565,21,1,8968.0,0.9465049929,35.0,1,41889.999999999985,39688.645,CBT Technology Institute-Cutler Bay,60,2201.3554687499854,25,high,0.055465624859440205,0.054447265023850715
5138,"Registered Nursing, Nursing Administration, Nursing Research and Clinical Nursing.",457129,1,"Private, for-profit",3,Jacksonville,30.243517,-81.586421,11,6,46046.0,0.4500821918,33.0,1,96132.00000000003,87327.23,Chamberlain University-Florida,9437,8804.77343750003,57,high,0.10082506663827762,0.10081937805148838
1204,Cosmetology and Related Personal Grooming Services.,457378,1,Public,1,DeFuniak Springs,30.73209,-86.128061,32,-2,18374.0,,29.0,1,26739.99999999999,30178.447,Emerald Coast Technical College,21,-3438.447265625011,80,high,-0.11393718289613931,-0.10700785720990103
5139,"Practical Nursing, Vocational Nursing and Nursing Assistants.",457378,1,Public,1,DeFuniak Springs,30.73209,-86.128061,32,-2,18374.0,,29.0,1,48618.0,45199.04,Emerald Coast Technical College,52,3418.9609375,47,high,0.07564233683756759,0.07400216299281948
5139,"Practical Nursing, Vocational Nursing and Nursing Assistants.",457387,1,Public,1,Immokalee,26.426526,-81.425148,32,-2,22074.0,,22.0,1,43468.00000000004,48498.887,Immokalee Technical College,21,-5030.886718749964,47,high,-0.10373200415763334,-0.09742332754633175
1204,Cosmetology and Related Personal Grooming Services.,457396,1,"Private, for-profit",1,Orange Park,30.123757,-81.798803,21,-2,17261.0,0.9069767442,28.0,1,22882.000000000004,23377.367,American Academy of Cosmetology,54,-495.36718749999636,80,high,-0.021190033228586654,-0.02075026380600468
4706,Vehicle Maintenance and Repair Technologies/Technicians.,457411,1,"Private, for-profit",1,Casselberry,28.680653,-81.334196,21,-2,20566.0,0.8585858586,27.0,1,71513.00000000001,48158.973,Aviation Institute of Maintenance-Orlando,237,23354.027343750015,24,high,0.4849361615424569,0.4831459043457566
1204,Cosmetology and Related Personal Grooming Services.,457420,1,"Private, for-profit",1,Tampa,28.051825,-82.525411,21,-2,24573.0,0.7068965517,25.0,1,31668.99999999998,30614.918,Summit Salon Academy,127,1054.0820312499818,80,high,0.03443033988612774,0.0341671163050997
1204,Cosmetology and Related Personal Grooming Services.,457439,1,"Private, for-profit",1,Gainesville,29.654808,-82.416921,22,-2,16373.0,0.9225352113,25.0,1,27744.0,24914.615,Summit Salon Academy-Gainesville,84,2829.384765625,80,high,0.11356325349633588,0.11215531347196737
1204,Cosmetology and Related Personal Grooming Services.,457448,1,"Private, for-profit",1,The Villages,28.929944,-82.028094,13,-2,11723.0,0.8888888889,26.0,1,23385.00000000001,21934.42,Tenaj Salon Institute,132,1450.580078125011,80,high,0.0661325935808478,0.06564932313074506
1204,Cosmetology and Related Personal Grooming Services.,459055,1,"Private, for-profit",1,West Palm Beach,26.705541,-80.107401,21,-2,14099.0,0.8909454727,25.0,1,27010.99999999998,26721.227,Empire Beauty School-West Palm,740,289.7734374999818,80,high,0.010844316477097786,0.010833565434842237
1204,Cosmetology and Related Personal Grooming Services.,459329,1,Public,1,New Port Richey,28.271196,-82.691779,21,-2,12513.0,,24.0,1,24613.99999999999,22817.826,Fred K Marchman Technical College,31,1796.173828124989,80,high,0.07871800821845742,0.07562380191660478
4702,"Heating, Air Conditioning, Ventilation and Refrigeration Maintenance Technology/Technician (HAC, HACR, HVAC, HVACR).",459329,1,Public,1,New Port Richey,28.271196,-82.691779,21,-2,12513.0,,24.0,1,40275.00000000004,43576.73,Fred K Marchman Technical College,22,-3301.7304687499636,13,medium,-0.07576820090065545,-0.07139107857473222
4706,Vehicle Maintenance and Repair Technologies/Technicians.,459329,1,Public,1,New Port Richey,28.271196,-82.691779,21,-2,12513.0,,24.0,1,50763.00000000002,45089.727,Fred K Marchman Technical College,26,5673.273437500022,24,high,0.12582186387039085,0.11978882667060019
1204,Cosmetology and Related Personal Grooming Services.,459347,1,"Private, for-profit",1,Fort Myers,26.595568,-81.887326,13,-2,20270.0,,26.0,1,27391.999999999985,31142.916,The Salon Professional Academy-Ft Myers,27,-3750.9160156250146,80,high,-0.12044202969764,-0.1149069057272144
5106,Dental Support Services and Allied Professions.,460190,1,"Private, for-profit",1,Orlando,28.55984,-81.340421,11,1,16617.0,0.8801108801,27.0,1,33649.0,35600.4,Concorde Career Institute-Orlando,211,-1951.3984375,17,high,-0.0548139493698609,-0.054582277385569804
5107,Health and Medical Administrative Services.,460190,1,"Private, for-profit",1,Orlando,28.55984,-81.340421,11,1,16617.0,0.8801108801,27.0,1,34492.99999999997,37434.957,Concorde Career Institute-Orlando,37,-2941.957031250029,25,high,-0.07858849761184816,-0.07606442408924124
5108,Allied Health and Medical Assisting Services.,460190,1,"Private, for-profit",1,Orlando,28.55984,-81.340421,11,1,16617.0,0.8801108801,27.0,1,35960.99999999998,34422.953,Concorde Career Institute-Orlando,335,1538.0468749999782,33,high,0.04468085202959989,0.044570479487108725
5109,"Allied Health Diagnostic, Intervention, and Treatment Professions.",460190,1,"Private, for-profit",1,Orlando,28.55984,-81.340421,11,1,16617.0,0.8801108801,27.0,1,51737.00000000002,54670.812,Concorde Career Institute-Orlando,57,-2933.812499999978,22,high,-0.053663232094821676,-0.05261736539866826
5109,"Allied Health Diagnostic, Intervention, and Treatment Professions.",460190,1,"Private, for-profit",2,Orlando,28.55984,-81.340421,11,1,16617.0,0.8801108801,27.0,1,60066.00000000004,61423.57,Concorde Career Institute-Orlando,33,-1357.5703124999636,39,high,-0.02210178121514521,-0.021292693742723513
5139,"Practical Nursing, Vocational Nursing and Nursing Assistants.",460190,1,"Private, for-profit",1,Orlando,28.55984,-81.340421,11,1,16617.0,0.8801108801,27.0,1,51435.00000000002,54505.06,Concorde Career Institute-Orlando,60,-3070.058593749978,47,high,-0.05632612225284382,-0.05529196351502809
1204,Cosmetology and Related Personal Grooming Services.,460701,1,"Private, for-profit",1,Lakeland,28.053634,-81.94718,12,-2,13833.0,0.9406392694,28.0,1,22422.000000000004,23666.785,Artistic Nails and Beauty Academy-Lakeland,153,-1244.7851562499964,80,high,-0.05259629256917767,-0.05227285196397194
1204,Cosmetology and Related Personal Grooming Services.,460969,1,"Private, for-profit",1,Hialeah Gardens,25.86289,-80.323571,21,-2,0.0,0.9366666667,35.0,1,15306.999999999995,21917.15,Beauty Academy of South Florida,176,-6610.1503906250055,80,high,-0.3015971635369386,-0.3000222666512025
1204,Cosmetology and Related Personal Grooming Services.,462035,1,"Private, for-profit",1,Fort Myers,26.608576,-81.825149,13,-2,17391.0,0.7785016287,29.0,1,26824.000000000004,29789.049,Florida Academy,113,-2965.0488281249964,80,high,-0.09953486078835717,-0.09866252288896765
1505,Environmental Control Technologies/Technicians.,462035,1,"Private, for-profit",1,Fort Myers,26.608576,-81.825149,13,-2,17391.0,0.7785016287,29.0,1,59888.99999999997,37579.645,Florida Academy,64,22309.35546874997,5,low,0.5936553085327415,0.5835450788552132
5123,Rehabilitation and Therapeutic Professions.,462035,0,"Private, for-profit",1,Fort Myers,26.608576,-81.825149,13,-2,17391.0,0.7785016287,29.0,1,28874.000000000007,38187.46,Florida Academy,56,-9313.460937499993,1,low,-0.24388793360058655,-0.23903584870198996
1204,Cosmetology and Related Personal Grooming Services.,475547,1,"Private, for-profit",1,Fort Myers,26.495581,-81.792422,41,-2,20818.0,0.7741935484,24.0,1,28336.999999999985,29236.537,Paul Mitchell the School-Fort Myers,173,-899.5371093750146,80,high,-0.030767566829471352,-0.030603646924463785
5109,"Allied Health Diagnostic, Intervention, and Treatment Professions.",475714,1,"Private, for-profit",1,Miami,25.66273,-80.393361,21,1,24826.0,0.7594339623,27.0,1,73153.99999999994,68708.33,American Medical Academy,116,4445.671874999942,22,high,0.06470353734866026,0.064153582413342
5138,"Registered Nursing, Nursing Administration, Nursing Research and Clinical Nursing.",475714,1,"Private, for-profit",2,Miami,25.66273,-80.393361,21,1,24826.0,0.7594339623,27.0,1,71113.99999999997,61683.27,American Medical Academy,31,9430.73046874997,58,high,0.1528896010282362,0.1468798965438895
4603,Electrical and Power Transmission Installers.,476063,1,"Private, for-profit",1,Jacksonville,30.313564,-81.56007,11,-2,20300.0,0.747530975,25.0,1,45203.99999999997,51986.523,Tulsa Welding School-Jacksonville,30,-6782.523437500029,5,low,-0.13046695545344966,-0.1251441556378817
1204,Cosmetology and Related Personal Grooming Services.,476498,1,"Private, for-profit",1,Hialeah,25.863128,-80.306991,21,-2,0.0,,34.0,1,23711.99999999998,18339.746,Futura Career Institute,111,5372.253906249982,80,high,0.2929295683150593,0.2903081009400692
1505,Environmental Control Technologies/Technicians.,476498,1,"Private, for-profit",1,Hialeah,25.863128,-80.306991,21,-2,0.0,,34.0,1,44263.99999999998,38685.09,Futura Career Institute,69,5578.910156249978,5,low,0.14421344706147327,0.14196369671169456
1108,Computer Software and Media Applications.,476814,2,"Private, for-profit",1,Orlando,28.625257,-81.401029,21,-2,22890.0,0.6832740214,25.0,1,36774.00000000003,35508.676,Florida Institute of Recording Sound and Technology,24,1265.324218750029,1,low,0.035634227154654155,0.03376543600871126
5006,Film/Video and Photographic Arts.,476814,2,"Private, for-profit",1,Orlando,28.625257,-81.401029,21,-2,22890.0,0.6832740214,25.0,1,33668.0,32077.553,Florida Institute of Recording Sound and Technology,98,1590.447265625,1,low,0.04958131559458531,0.049068007121633395
1102,Computer Programming.,476939,0,"Private, for-profit",1,Miami,25.773542,-80.321789,21,-2,3335.0,0.9059701493,33.0,1,54866.99999999997,27853.145,FVI School of Nursing and Technology,24,27013.85546874997,2,low,0.9698673497508196,0.919003905790405
5108,Allied Health and Medical Assisting Services.,476939,1,"Private, for-profit",1,Miami,25.773542,-80.321789,21,-2,3335.0,0.9059701493,33.0,1,29753.00000000002,28297.758,FVI School of Nursing and Technology,374,1455.2421875000182,33,high,0.05142605987168328,0.05131422908551766
5139,"Practical Nursing, Vocational Nursing and Nursing Assistants.",476939,1,"Private, for-profit",1,Miami,25.773542,-80.321789,21,-2,3335.0,0.9059701493,33.0,1,26869.99999999999,32493.857,FVI School of Nursing and Technology,107,-5623.857421875011,47,high,-0.1730744783193702,-0.1714576678386882
1104,Information Science/Studies.,480569,3,"Private, nonprofit",2,Melbourne,28.065773,-80.623123,13,9,30032.0,0.7019104084,28.0,2,51538.99999999999,55601.438,Florida Institute of Technology-Online,32,-4062.4375000000073,2,low,-0.07306353365414352,-0.07029343911264196
1104,Information Science/Studies.,480569,3,"Private, nonprofit",3,Melbourne,28.065773,-80.623123,13,9,30032.0,0.7019104084,28.0,2,85906.00000000007,79321.79,Florida Institute of Technology-Online,72,6584.210937500073,5,low,0.0830063342660133,0.08177417196506273
4228,"Clinical, Counseling and Applied Psychology.",480569,3,"Private, nonprofit",3,Melbourne,28.065773,-80.623123,13,9,30032.0,0.7019104084,28.0,2,55282.000000000044,56844.258,Florida Institute of Technology-Online,88,-1562.2578124999563,3,low,-0.027483124463565736,-0.02716042926375681
4901,Air Transportation.,480569,3,"Private, nonprofit",3,Melbourne,28.065773,-80.623123,13,9,30032.0,0.7019104084,28.0,2,83242.99999999994,75519.15,Florida Institute of Technology-Online,86,7723.851562499942,5,low,0.10227673010497777,0.10104312369524864
5107,Health and Medical Administrative Services.,480569,3,"Private, nonprofit",2,Melbourne,28.065773,-80.623123,13,9,30032.0,0.7019104084,28.0,2,50488.000000000044,51283.934,Florida Institute of Technology-Online,23,-795.9335937499563,15,medium,-0.015520135410341402,-0.014666688993478979
5107,Health and Medical Administrative Services.,480569,3,"Private, nonprofit",3,Melbourne,28.065773,-80.623123,13,9,30032.0,0.7019104084,28.0,2,51752.99999999997,66156.92,Florida Institute of Technology-Online,46,-14403.92187500003,18,high,-0.21772358003922063,-0.21228202546617223
5107,Health and Medical Administrative Services.,480569,3,"Private, nonprofit",5,Melbourne,28.065773,-80.623123,13,9,30032.0,0.7019104084,28.0,2,84169.99999999993,91396.21,Florida Institute of Technology-Online,45,-7226.210937500073,12,medium,-0.07906466650397154,-0.07703775153466039
5202,"Business Administration, Management and Operations.",480569,3,"Private, nonprofit",2,Melbourne,28.065773,-80.623123,13,9,30032.0,0.7019104084,28.0,2,56183.999999999956,58367.97,Florida Institute of Technology-Online,25,-2183.9687500000437,26,high,-0.03741724779483685,-0.03554246920965996
5202,"Business Administration, Management and Operations.",480569,3,"Private, nonprofit",3,Melbourne,28.065773,-80.623123,13,9,30032.0,0.7019104084,28.0,2,72717.00000000006,69149.35,Florida Institute of Technology-Online,98,3567.648437500058,58,high,0.051593375163836094,0.05105923611766128
5202,"Business Administration, Management and Operations.",480569,3,"Private, nonprofit",5,Melbourne,28.065773,-80.623123,13,9,30032.0,0.7019104084,28.0,2,107776.00000000004,111444.984,Florida Institute of Technology-Online,584,-3668.9843749999563,35,high,-0.03292193359419596,-0.03287910797346526
5203,Accounting and Related Services.,480569,3,"Private, nonprofit",3,Melbourne,28.065773,-80.623123,13,9,30032.0,0.7019104084,28.0,2,67417.00000000001,69717.414,Florida Institute of Technology-Online,45,-2300.4140624999854,24,high,-0.03299626203056985,-0.03215036435720502
5203,Accounting and Related Services.,480569,3,"Private, nonprofit",5,Melbourne,28.065773,-80.623123,13,9,30032.0,0.7019104084,28.0,2,85593.00000000004,98759.18,Florida Institute of Technology-Online,33,-13166.179687499956,19,high,-0.13331600899441662,-0.12843566420678804
5212,Management Information Systems and Services.,480569,3,"Private, nonprofit",5,Melbourne,28.065773,-80.623123,13,9,30032.0,0.7019104084,28.0,2,107902.00000000006,108882.99,Florida Institute of Technology-Online,175,-980.9921874999418,9,medium,-0.009009599826303834,-0.008962239119503515
5214,Marketing.,480569,3,"Private, nonprofit",3,Melbourne,28.065773,-80.623123,13,9,30032.0,0.7019104084,28.0,2,62018.99999999998,65269.234,Florida Institute of Technology-Online,26,-3250.234375000022,17,high,-0.04979734182763687,-0.047409607244350956
0907,"Radio, Television, and Digital Communication.",480851,1,"Private, for-profit",1,Doral,25.783576,-80.325673,13,1,10759.0,0.7830687831,29.0,1,27725.999999999978,27342.172,Miami Media School,242,383.8281249999782,1,low,0.01403795304757509,0.01398737208892005
0909,"Public Relations, Advertising, and Applied Communication.",480851,1,"Private, for-profit",1,Doral,25.783576,-80.325673,13,1,10759.0,0.7830687831,29.0,1,27858.000000000007,32680.572,Miami Media School,44,-4822.572265624993,1,low,-0.14756694669932713,-0.1436843935304858
5138,"Registered Nursing, Nursing Administration, Nursing Research and Clinical Nursing.",481252,1,"Private, for-profit",2,Royal Palm Beach,26.68295,-80.22826,21,1,19704.0,,32.0,1,77652.99999999997,76033.17,Ultrasound Medical Institute,25,1619.828124999971,58,high,0.021304229260131348,0.02023678803597738
1204,Cosmetology and Related Personal Grooming Services.,481368,1,"Private, for-profit",1,Hallandale Beach,25.985267,-80.135621,21,-2,1003.0,,48.0,1,22105.000000000004,13675.083,Prestige Health & Beauty Sciences Academy,24,8429.916992187504,80,high,0.6164435702051343,0.5841149811502059
1204,Cosmetology and Related Personal Grooming Services.,481483,1,"Private, for-profit",1,Boca Raton,26.366888,-80.167216,21,-2,17520.0,0.8044217687,30.0,1,26581.000000000007,26111.24,Boca Beauty Academy,362,469.7597656250073,80,high,0.01799071056787937,0.01795008381811984
5135,Somatic Bodywork and Related Therapeutic Services.,481483,0,"Private, for-profit",1,Boca Raton,26.366888,-80.167216,21,-2,17520.0,0.8044217687,30.0,1,24382.999999999985,30152.01,Boca Beauty Academy,20,-5769.009765625015,25,high,-0.19133085358051366,-0.17905320273982628
0901,Communication and Media Studies.,482459,2,"Private, for-profit",3,Orlando,28.53732,-81.379188,11,6,22648.0,0.7560557866,31.0,1,51752.000000000015,62939.883,DeVry University-Florida,49,-11187.882812499985,15,medium,-0.17775506264968843,-0.17362577331262674
1105,Computer Systems Analysis.,482459,2,"Private, for-profit",3,Orlando,28.53732,-81.379188,11,6,22648.0,0.7560557866,31.0,1,71675.00000000001,77943.51,DeVry University-Florida,717,-6268.507812499985,1,low,-0.08042373237267478,-0.08034106345591528
1108,Computer Software and Media Applications.,482459,2,"Private, for-profit",2,Orlando,28.53732,-81.379188,11,6,22648.0,0.7560557866,31.0,1,38361.00000000001,58202.22,DeVry University-Florida,75,-19841.218749999993,4,low,-0.34090141537774266,-0.3360765571806051
1108,Computer Software and Media Applications.,482459,2,"Private, for-profit",3,Orlando,28.53732,-81.379188,11,6,22648.0,0.7560557866,31.0,1,47440.0,71146.59,DeVry University-Florida,170,-23706.59375,3,low,-0.3332077124212289,-0.33139586768686435
1109,Computer Systems Networking and Telecommunications.,482459,2,"Private, for-profit",2,Orlando,28.53732,-81.379188,11,6,22648.0,0.7560557866,31.0,1,58585.999999999985,60285.066,DeVry University-Florida,377,-1699.0664062500146,5,low,-0.02818386886729655,-0.028123144136002688
1109,Computer Systems Networking and Telecommunications.,482459,2,"Private, for-profit",3,Orlando,28.53732,-81.379188,11,6,22648.0,0.7560557866,31.0,1,73884.0,65849.56,DeVry University-Florida,509,8034.4375,3,low,0.12201201033036477,0.12182610175446877
1109,Computer Systems Networking and Telecommunications.,482459,1,"Private, for-profit",5,Orlando,28.53732,-81.379188,11,6,22648.0,0.7560557866,31.0,1,92609.00000000004,87407.38,DeVry University-Florida,107,5201.617187500044,1,low,0.0595100438902075,0.058954118697759496
1109,Computer Systems Networking and Telecommunications.,482459,1,"Private, for-profit",8,Orlando,28.53732,-81.379188,11,6,22648.0,0.7560557866,31.0,1,91270.99999999999,85303.32,DeVry University-Florida,48,5967.679687499985,1,low,0.06995835174572339,0.06829391921939454
1304,Educational Administration and Supervision.,482459,1,"Private, for-profit",5,Orlando,28.53732,-81.379188,11,6,22648.0,0.7560557866,31.0,1,61696.00000000003,71587.63,DeVry University-Florida,36,-9891.63281249997,20,high,-0.13817516271850774,-0.1335957403498753
1409,Computer Engineering.,482459,2,"Private, for-profit",3,Orlando,28.53732,-81.379188,11,6,22648.0,0.7560557866,31.0,1,86644.99999999993,95709.63,DeVry University-Florida,21,-9064.632812500073,13,medium,-0.0947097230041426,-0.08894975510194027
1512,Computer Engineering Technologies/Technicians.,482459,2,"Private, for-profit",3,Orlando,28.53732,-81.379188,11,6,22648.0,0.7560557866,31.0,1,79501.00000000004,68104.17,DeVry University-Florida,79,11396.828125000044,2,low,0.1673440526656436,0.16511507762405292
4301,Criminal Justice and Corrections.,482459,2,"Private, for-profit",3,Orlando,28.53732,-81.379188,11,6,22648.0,0.7560557866,31.0,1,58145.0,62135.168,DeVry University-Florida,154,-3990.16796875,23,high,-0.06421754538036814,-0.06382563387974292
5107,Health and Medical Administrative Services.,482459,2,"Private, for-profit",3,Orlando,28.53732,-81.379188,11,6,22648.0,0.7560557866,31.0,1,52470.00000000004,61841.12,DeVry University-Florida,145,-9371.121093749964,18,high,-0.15153543351103738,-0.1505432208344443
5201,"Business/Commerce, General.",482459,2,"Private, for-profit",2,Orlando,28.53732,-81.379188,11,6,22648.0,0.7560557866,31.0,1,62847.99999999997,59236.27,DeVry University-Florida,34,3611.730468749971,2,low,0.06097160569580784,0.05881435661265385
5201,"Business/Commerce, General.",482459,2,"Private, for-profit",3,Orlando,28.53732,-81.379188,11,6,22648.0,0.7560557866,31.0,1,68126.00000000003,67861.04,DeVry University-Florida,130,264.9609375000291,9,medium,0.003904463314450581,0.00387541716570271
5202,"Business Administration, Management and Operations.",482459,2,"Private, for-profit",3,Orlando,28.53732,-81.379188,11,6,22648.0,0.7560557866,31.0,1,68230.99999999994,68579.555,DeVry University-Florida,3338,-348.5546875000582,58,high,-0.00508248688823273,-0.005081573084804993
5202,"Business Administration, Management and Operations.",482459,1,"Private, for-profit",5,Orlando,28.53732,-81.379188,11,6,22648.0,0.7560557866,31.0,1,87023.99999999996,87918.85,DeVry University-Florida,2421,-894.8515625000437,35,high,-0.01017815345169641,-0.01017552760190069
5202,"Business Administration, Management and Operations.",482459,1,"Private, for-profit",8,Orlando,28.53732,-81.379188,11,6,22648.0,0.7560557866,31.0,1,88594.00000000003,84942.72,DeVry University-Florida,256,3651.281250000029,1,low,0.04298521761172177,0.04284013937842051
5203,Accounting and Related Services.,482459,2,"Private, for-profit",2,Orlando,28.53732,-81.379188,11,6,22648.0,0.7560557866,31.0,1,49810.99999999999,54999.168,DeVry University-Florida,61,-5188.167968750007,8,medium,-0.09433175374030885,-0.09263282009813797
5203,Accounting and Related Services.,482459,2,"Private, for-profit",3,Orlando,28.53732,-81.379188,11,6,22648.0,0.7560557866,31.0,1,66595.99999999999,66858.8,DeVry University-Florida,63,-262.79687500001455,24,high,-0.0039306252472856,-0.0038624449557673685
5203,Accounting and Related Services.,482459,1,"Private, for-profit",5,Orlando,28.53732,-81.379188,11,6,22648.0,0.7560557866,31.0,1,80445.00000000006,90142.87,DeVry University-Florida,818,-9697.867187499942,19,high,-0.10758330071006143,-0.10748820056254443
5203,Accounting and Related Services.,482459,1,"Private, for-profit",8,Orlando,28.53732,-81.379188,11,6,22648.0,0.7560557866,31.0,1,84386.00000000004,78734.68,DeVry University-Florida,63,5651.320312500044,1,low,0.0717767613322399,0.07053172772969889
5210,Human Resources Management and Services.,482459,1,"Private, for-profit",5,Orlando,28.53732,-81.379188,11,6,22648.0,0.7560557866,31.0,1,75225.0,73778.96,DeVry University-Florida,335,1446.0390625,7,medium,0.019599612736820402,0.019551196939194788
5210,Human Resources Management and Services.,482459,1,"Private, for-profit",8,Orlando,28.53732,-81.379188,11,6,22648.0,0.7560557866,31.0,1,66776.00000000001,76312.414,DeVry University-Florida,84,-9536.414062499985,1,low,-0.1249654355671365,-0.12341613301564441
5212,Management Information Systems and Services.,482459,1,"Private, for-profit",5,Orlando,28.53732,-81.379188,11,6,22648.0,0.7560557866,31.0,1,93641.99999999997,81617.75,DeVry University-Florida,306,12024.24999999997,9,medium,0.14732395833014228,0.14691976170969806
1108,Computer Software and Media Applications.,482936,1,Public,3,Lakeland,28.150149,-81.845995,41,11,,,,1,92070.00000000004,53180.74,Florida Polytechnic University,67,38889.261718750044,3,low,0.7312659240095822,0.7194598394173701
1409,Computer Engineering.,482936,1,Public,3,Lakeland,28.150149,-81.845995,41,11,,,,1,92109.00000000001,109893.75,Florida Polytechnic University,31,-17784.749999999985,13,medium,-0.16183586418699866,-0.15547450466881202
1410,"Electrical, Electronics, and Communications Engineering.",482936,1,Public,3,Lakeland,28.150149,-81.845995,41,11,,,,1,90085.99999999997,98739.78,Florida Polytechnic University,26,-8653.78125000003,10,medium,-0.08764229716176355,-0.08343993341680511
1419,Mechanical Engineering.,482936,1,Public,3,Lakeland,28.150149,-81.845995,41,11,,,,1,70314.0,81281.8,Florida Polytechnic University,36,-10967.796875,12,medium,-0.13493546275640206,-0.1304634110192365
5107,Health and Medical Administrative Services.,483470,1,"Private, for-profit",1,Hialeah,25.8659,-80.30405,21,-2,0.0,,34.0,1,29209.999999999978,32634.57,More Tech Institute,53,-3424.570312500022,25,high,-0.10493688992094101,-0.1027112763008479
1204,Cosmetology and Related Personal Grooming Services.,483896,1,"Private, for-profit",1,Jacksonville,30.31314,-81.677501,11,-2,17764.0,0.6702702703,30.0,1,27839.999999999993,25885.223,Parisian Spa Institute,116,1954.7773437499927,80,high,0.07551711529427431,0.07487524914662784
1204,Cosmetology and Related Personal Grooming Services.,484075,1,"Private, for-profit",1,Jacksonville,30.33211,-81.660201,11,-2,13624.0,,29.0,1,17637.999999999993,22714.178,First Coast Barber Academy,29,-5076.177734375007,80,high,-0.2234805852862929,-0.21400606438217185
5135,Somatic Bodywork and Related Therapeutic Services.,484172,1,"Private, for-profit",1,Fort Myers,26.60411,-81.851331,13,-2,9768.0,,35.0,1,27484.99999999999,25739.172,Lee Professional Institute,46,1745.828124999989,25,high,0.06782767268031964,0.06613245904114314
0904,Journalism.,484473,3,Public,3,Gainesville,29.649413,-82.339848,12,9,39127.0,0.6673828964,21.0,2,58149.99999999997,64039.906,University of Florida-Online,101,-5889.906250000029,6,medium,-0.09197243710830744,-0.09105325723822677
0907,"Radio, Television, and Digital Communication.",484473,3,Public,3,Gainesville,29.649413,-82.339848,12,9,39127.0,0.6673828964,21.0,2,62227.00000000003,64092.023,University of Florida-Online,255,-1865.023437499971,7,medium,-0.02909915052562926,-0.029000490941001947
0909,"Public Relations, Advertising, and Applied Communication.",484473,3,Public,3,Gainesville,29.649413,-82.339848,12,9,39127.0,0.6673828964,21.0,2,69600.00000000004,60710.86,University of Florida-Online,407,8889.140625000044,11,medium,0.14641763790713996,0.14612888908694224
1101,"Computer and Information Sciences, General.",484473,3,Public,3,Gainesville,29.649413,-82.339848,12,9,39127.0,0.6673828964,21.0,2,126268.00000000001,113130.92,University of Florida-Online,201,13137.078125000015,19,high,0.11612278859987867,0.11560342692144143
1419,Mechanical Engineering.,484473,3,Public,3,Gainesville,29.649413,-82.339848,12,9,39127.0,0.6673828964,21.0,2,97113.00000000004,91668.3,University of Florida-Online,287,5444.703125000044,12,medium,0.05939570506501835,0.05922016524745485
2601,"Biology, General.",484473,3,Public,3,Gainesville,29.649413,-82.339848,12,9,39127.0,0.6673828964,21.0,2,53645.000000000044,55713.066,University of Florida-Online,198,-2068.0664062499563,24,high,-0.0371199529957654,-0.036950997576624546
3103,"Parks, Recreation, and Leisure Facilities Management.",484473,3,Public,3,Gainesville,29.649413,-82.339848,12,9,39127.0,0.6673828964,21.0,2,64496.99999999995,60471.81,University of Florida-Online,64,4025.191406249949,4,low,0.0665631060134353,0.06542950494868818
3105,"Sports, Kinesiology, and Physical Education/Fitness.",484473,3,Public,3,Gainesville,29.649413,-82.339848,12,9,39127.0,0.6673828964,21.0,2,60496.99999999995,58162.6,University of Florida-Online,133,2334.398437499949,18,high,0.040135729399783916,0.03984501020150019
4201,"Psychology, General.",484473,3,Public,3,Gainesville,29.649413,-82.339848,12,9,39127.0,0.6673828964,21.0,2,57052.999999999956,55379.914,University of Florida-Online,323,1673.0859374999563,29,high,0.030211060559100274,0.03013320998964722
4302,Fire Protection.,484473,3,Public,3,Gainesville,29.649413,-82.339848,12,9,39127.0,0.6673828964,21.0,2,97838.99999999997,79639.01,University of Florida-Online,30,18199.99218749997,2,low,0.22853112673565143,0.2192074981201735
4502,Anthropology.,484473,3,Public,3,Gainesville,29.649413,-82.339848,12,9,39127.0,0.6673828964,21.0,2,47348.0,47682.0,University of Florida-Online,140,-334.0,7,medium,-0.007004739734071557,-0.006956954492517166
4504,Criminology.,484473,3,Public,3,Gainesville,29.649413,-82.339848,12,9,39127.0,0.6673828964,21.0,2,57952.999999999956,63183.516,University of Florida-Online,216,-5230.515625000044,7,medium,-0.08278291534209076,-0.08244244764880693
4507,Geography and Cartography.,484473,3,Public,3,Gainesville,29.649413,-82.339848,12,9,39127.0,0.6673828964,21.0,2,67276.00000000001,62515.63,University of Florida-Online,34,4760.371093750015,4,low,0.07614689601681503,0.07345272682539104
4511,Sociology.,484473,3,Public,3,Gainesville,29.649413,-82.339848,12,9,39127.0,0.6673828964,21.0,2,51038.99999999999,54922.91,University of Florida-Online,174,-3883.9101562500073,12,medium,-0.07071566574314224,-0.07034144074032918
5001,"Visual and Performing Arts, General.",484473,3,Public,3,Gainesville,29.649413,-82.339848,12,9,39127.0,0.6673828964,21.0,2,47545.99999999998,49552.367,University of Florida-Online,55,-2006.3671875000218,5,low,-0.0404898353273049,-0.03966725145322566
5102,Communication Disorders Sciences and Services.,484473,3,Public,3,Gainesville,29.649413,-82.339848,12,9,39127.0,0.6673828964,21.0,2,65370.00000000006,59398.4,University of Florida-Online,70,5971.601562500058,5,low,0.10053472348725831,0.09899248054458962
5122,Public Health.,484473,3,Public,3,Gainesville,29.649413,-82.339848,12,9,39127.0,0.6673828964,21.0,2,68605.00000000001,60150.633,University of Florida-Online,219,8454.367187500015,12,medium,0.14055325425841736,0.13998440122676145
5138,"Registered Nursing, Nursing Administration, Nursing Research and Clinical Nursing.",484473,3,Public,3,Gainesville,29.649413,-82.339848,12,9,39127.0,0.6673828964,21.0,2,79839.00000000003,87715.516,University of Florida-Online,266,-7876.515624999971,57,high,-0.08979615030336853,-0.08950628157605883
5202,"Business Administration, Management and Operations.",484473,3,Public,3,Gainesville,29.649413,-82.339848,12,9,39127.0,0.6673828964,21.0,2,82615.00000000006,71395.36,University of Florida-Online,422,11219.640625000058,58,high,0.1571480376766443,0.15685081553050295
5138,"Registered Nursing, Nursing Administration, Nursing Research and Clinical Nursing.",485272,1,"Private, for-profit",3,Doral,25.81071,-80.347651,13,6,29657.0,0.5829834254,27.0,1,111454.9999999999,98940.086,West Coast University-Miami,2655,12514.914062499898,57,high,0.1264898240578193,0.1264604108720296
0183,Veterinary/Animal Health Technologies/Technicians.,485342,1,Public,1,Tampa,27.990625,-82.332285,21,-2,14000.0,,24.0,1,22620.00000000002,38002.754,Aparicio-Levy Technical College,22,-15382.753906249982,1,low,-0.40477997842467167,-0.38139587454483376
1204,Cosmetology and Related Personal Grooming Services.,485379,1,"Private, for-profit",1,West Palm Beach,26.649613,-80.057435,12,-2,13244.0,0.9535315985,29.0,1,21754.00000000002,27714.17,Hollywood Institute of Beauty Careers-West Palm Beach,530,-5960.169921874982,80,high,-0.2150585761246479,-0.21474579609987718
5135,Somatic Bodywork and Related Therapeutic Services.,485379,1,"Private, for-profit",1,West Palm Beach,26.649613,-80.057435,12,-2,13244.0,0.9535315985,29.0,1,26087.000000000015,26979.592,Hollywood Institute of Beauty Careers-West Palm Beach,58,-892.5917968749854,25,high,-0.0330839622628528,-0.03245208795863916
1204,Cosmetology and Related Personal Grooming Services.,485388,1,"Private, for-profit",1,Casselberry,28.633003,-81.321511,21,-2,13244.0,0.9535315985,29.0,1,21754.00000000002,19948.941,Hollywood Institute of Beauty Careers-Casselberry,530,1805.0585937500182,80,high,0.09048392879556474,0.09035232946109492
5135,Somatic Bodywork and Related Therapeutic Services.,485388,1,"Private, for-profit",1,Casselberry,28.633003,-81.321511,21,-2,13244.0,0.9535315985,29.0,1,26087.000000000015,27026.18,Hollywood Institute of Beauty Careers-Casselberry,58,-939.1796874999854,25,high,-0.03475073792743152,-0.03408702968794228
1204,Cosmetology and Related Personal Grooming Services.,485485,1,"Private, for-profit",1,greenacres,26.64951,-80.143681,21,-2,10689.0,,35.0,1,21459.99999999999,20719.379,Latin Beauty Academy,103,740.6210937499891,80,high,0.03574533276799049,0.03539619176998443
5212,Management Information Systems and Services.,485768,0,"Private, for-profit",3,Miami,25.786495,-80.211287,11,6,18862.0,0.8390804598,33.0,1,59230.99999999997,66466.11,Atlantis University,25,-7235.109375000029,7,medium,-0.1088541129160989,-0.10340001428964436
5139,"Practical Nursing, Vocational Nursing and Nursing Assistants.",486150,1,Public,1,Vero Beach,27.678049,-80.413849,22,-2,19063.0,,31.0,1,54155.999999999985,56010.867,Treasure Coast Technical College,24,-1854.8671875000146,47,high,-0.03311620192007966,-0.03137946536432644
1204,Cosmetology and Related Personal Grooming Services.,487311,0,"Private, nonprofit",1,Jacksonville,30.20813,-81.561491,11,1,18476.0,0.8154050465,27.0,1,27451.000000000004,24577.736,Jones Technical Institute,144,2873.2636718750036,80,high,0.11690513859842522,0.11613345995089606
4706,Vehicle Maintenance and Repair Technologies/Technicians.,487311,1,"Private, nonprofit",2,Jacksonville,30.20813,-81.561491,11,1,18476.0,0.8154050465,27.0,1,53254.99999999999,41320.508,Jones Technical Institute,204,11934.492187499993,5,low,0.2888273358511255,0.28755766141367806
5135,Somatic Bodywork and Related Therapeutic Services.,487311,0,"Private, nonprofit",1,Jacksonville,30.20813,-81.561491,11,1,18476.0,0.8154050465,27.0,1,23495.999999999993,34056.582,Jones Technical Institute,65,-10560.582031250007,25,high,-0.3100893102414011,-0.3049029276736441
5109,"Allied Health Diagnostic, Intervention, and Treatment Professions.",488059,1,"Private, for-profit",1,Hialeah,25.89821,-80.35256,21,1,11370.0,,33.0,1,50760.000000000015,41072.05,Med College,40,9687.949218750015,22,high,0.2358769293101066,0.22895014034141617
5109,"Allied Health Diagnostic, Intervention, and Treatment Professions.",488059,1,"Private, for-profit",2,Hialeah,25.89821,-80.35256,21,1,11370.0,,33.0,1,61142.000000000015,60919.887,Med College,21,222.11328125001455,39,high,0.003645989728698104,0.0034242513142784792
3105,"Sports, Kinesiology, and Physical Education/Fitness.",488280,1,"Private, for-profit",1,Orlando,28.599067,-81.219818,21,-2,20206.0,0.7602739726,29.0,1,24910.000000000015,30688.35,National Personal Training Institute,129,-5778.349609374985,2,low,-0.1882913119449654,-0.1868778673643423
1204,Cosmetology and Related Personal Grooming Services.,489238,1,"Private, for-profit",1,Parkland,26.321755,-80.203872,21,-2,17520.0,0.8044217687,30.0,1,26581.000000000007,25972.535,Boca Beauty Academy-Parkland,362,608.4648437500073,80,high,0.0234272411256545,0.02337433756416497
5135,Somatic Bodywork and Related Therapeutic Services.,489238,1,"Private, for-profit",1,Parkland,26.321755,-80.203872,21,-2,17520.0,0.8044217687,30.0,1,24382.999999999985,30871.254,Boca Beauty Academy-Parkland,20,-6488.253906250015,25,high,-0.21017137580331466,-0.19668473357844146
3105,"Sports, Kinesiology, and Physical Education/Fitness.",490018,1,"Private, for-profit",1,Tampa,28.02675,-82.528321,21,-2,20206.0,0.7602739726,29.0,1,24910.000000000015,34960.863,National Personal Training Institute-Tampa,129,-10050.863281249985,2,low,-0.2874889902000905,-0.2853308993620709
5138,"Registered Nursing, Nursing Administration, Nursing Research and Clinical Nursing.",490054,1,"Private, for-profit",2,West Palm Beach,26.702663,-80.085147,21,6,,,,1,76457.00000000006,75893.79,HCI College,94,563.2109375000582,58,high,0.007421041226920996,0.007340374729956914
1204,Cosmetology and Related Personal Grooming Services.,490142,1,"Private, for-profit",1,Tallahassee,30.412845,-84.2909,12,-2,,,,1,26505.000000000015,32266.857,World Class Academy of Beauty Careers,23,-5761.857421874985,80,high,-0.178568905751844,-0.16874946869490903
1204,Cosmetology and Related Personal Grooming Services.,490391,1,"Private, for-profit",1,Miami,25.761572,-80.327707,21,-2,,,,1,16645.000000000004,30885.857,American Beauty and Trade School,34,-14240.857421874996,80,high,-0.4610802033874853,-0.4447666286559853
5108,Allied Health and Medical Assisting Services.,490975,1,"Private, for-profit",1,Cutler Bay,25.585653,-80.363995,21,1,16751.0,0.8713751169,30.0,1,34554.00000000003,35607.05,Fortis College-Cutler Bay,166,-1053.050781249971,33,high,-0.029574220783387305,-0.029408875792801964
5138,"Registered Nursing, Nursing Administration, Nursing Research and Clinical Nursing.",490975,1,"Private, for-profit",2,Cutler Bay,25.585653,-80.363995,21,1,16751.0,0.8713751169,30.0,1,85166.00000000001,76874.34,Fortis College-Cutler Bay,232,8291.656250000015,58,high,0.10785986384436634,0.10745167058958359
5139,"Practical Nursing, Vocational Nursing and Nursing Assistants.",490975,1,"Private, for-profit",1,Cutler Bay,25.585653,-80.363995,21,1,16751.0,0.8713751169,30.0,1,67954.99999999999,52518.58,Fortis College-Cutler Bay,90,15436.421874999985,47,high,0.29392307305539767,0.2905614594659549
1204,Cosmetology and Related Personal Grooming Services.,491136,1,"Private, for-profit",1,Tampa,27.941959,-82.338274,21,-2,15061.0,0.8501350135,25.0,1,27578.000000000025,25565.432,Empire Beauty School-Tampa,911,2012.5683593750255,80,high,0.07872225228448457,0.07866072178546121
1204,Cosmetology and Related Personal Grooming Services.,491145,1,"Private, for-profit",1,Lakeland,28.108318,-81.973025,12,-2,14725.0,0.8920023351,26.0,1,26761.000000000022,23830.986,Empire Beauty School-Lakeland,759,2930.013671875022,80,high,0.12294974414957639,0.12283133978374536
1204,Cosmetology and Related Personal Grooming Services.,495369,1,"Private, for-profit",1,Plantation,26.117978,-80.255003,21,-2,27361.0,0.6981132075,24.0,1,30709.999999999975,30798.736,Paul Mitchell the School-Fort Lauderdale,149,-88.73632812502547,80,high,-0.0028811678238886904,-0.002862893157046382
5138,"Registered Nursing, Nursing Administration, Nursing Research and Clinical Nursing.",495420,1,"Private, for-profit",3,Tampa,27.955614,-82.523369,11,-2,17322.0,0.8394683027,28.0,1,87377.99999999994,87207.22,Arizona College of Nursing-Tampa,70,170.7812499999418,57,high,0.001958338454635578,0.0019282967580330978
5138,"Registered Nursing, Nursing Administration, Nursing Research and Clinical Nursing.",495439,1,"Private, for-profit",3,Fort Lauderdale,26.205783,-80.138479,12,-2,17322.0,0.8394683027,28.0,1,87377.99999999994,87297.67,Arizona College of Nursing-Fort Lauderdale,70,80.32812499994179,57,high,0.0009201634278971634,0.0009060477522027245
5107,Health and Medical Administrative Services.,496973,3,"Private, nonprofit",2,Tampa,27.976414,-82.335773,21,-2,18321.0,0.8203449578,31.0,1,38351.999999999985,38633.254,Herzing University-Tampa,387,-281.25390625001455,15,medium,-0.0072800988219248585,-0.00726488090543541
5107,Health and Medical Administrative Services.,496973,3,"Private, nonprofit",3,Tampa,27.976414,-82.335773,21,-2,18321.0,0.8203449578,31.0,1,51097.99999999996,51987.07,Herzing University-Tampa,129,-889.0703125000364,18,high,-0.017101758324824554,-0.016973380720071266
5138,"Registered Nursing, Nursing Administration, Nursing Research and Clinical Nursing.",496973,1,"Private, nonprofit",2,Tampa,27.976414,-82.335773,21,-2,18321.0,0.8203449578,31.0,1,86631.99999999994,80812.25,Herzing University-Tampa,322,5819.749999999942,58,high,0.07201569069045771,0.07182944608301875
5138,"Registered Nursing, Nursing Administration, Nursing Research and Clinical Nursing.",496973,1,"Private, nonprofit",3,Tampa,27.976414,-82.335773,21,-2,18321.0,0.8203449578,31.0,1,91010.00000000006,88785.79,Herzing University-Tampa,440,2224.210937500058,57,high,0.025051429524767122,0.02500627888019524
5139,"Practical Nursing, Vocational Nursing and Nursing Assistants.",496973,1,"Private, nonprofit",1,Tampa,27.976414,-82.335773,21,-2,18321.0,0.8203449578,31.0,1,71753.00000000004,54970.645,Herzing University-Tampa,79,16782.355468750044,47,high,0.30529668356370687,0.3012302188336841
5202,"Business Administration, Management and Operations.",496973,3,"Private, nonprofit",2,Tampa,27.976414,-82.335773,21,-2,18321.0,0.8203449578,31.0,1,32080.999999999975,44879.215,Herzing University-Tampa,46,-12798.214843750025,26,high,-0.2851702038083302,-0.27804295913253146
5202,"Business Administration, Management and Operations.",496973,3,"Private, nonprofit",3,Tampa,27.976414,-82.335773,21,-2,18321.0,0.8203449578,31.0,1,66378.99999999997,56018.184,Herzing University-Tampa,140,10360.81640624997,58,high,0.18495452264906956,0.1836927917530059
5202,"Business Administration, Management and Operations.",496973,3,"Private, nonprofit",5,Tampa,27.976414,-82.335773,21,-2,18321.0,0.8203449578,31.0,1,70853.99999999997,67255.1,Herzing University-Tampa,218,3598.898437499971,35,high,0.05351115906286341,0.05329342915942573
5138,"Registered Nursing, Nursing Administration, Nursing Research and Clinical Nursing.",496991,1,"Private, for-profit",2,Pembroke Pines,25.997073,-80.337924,21,-2,32673.0,0.6627957932,30.0,1,80987.99999999993,83695.62,Galen Health Institutes-Miami Campus,1897,-2707.6171875000728,58,high,-0.03235076433493888,-0.032339773974828116
5138,"Registered Nursing, Nursing Administration, Nursing Research and Clinical Nursing.",496991,1,"Private, for-profit",3,Pembroke Pines,25.997073,-80.337924,21,-2,32673.0,0.6627957932,30.0,1,91861.99999999993,92614.16,Galen Health Institutes-Miami Campus,463,-752.1562500000728,57,high,-0.008121396128359942,-0.008107594370349329
1204,Cosmetology and Related Personal Grooming Services.,497222,1,"Private, for-profit",1,Miami Beach,25.786328,-80.144449,13,-2,13607.0,0.8571428571,26.0,1,16636.999999999993,19460.25,Salon Professional Academy-Elevate Salon Institute,62,-2823.2500000000073,80,high,-0.14507778677046837,-0.14251392800216617
4706,Vehicle Maintenance and Repair Technologies/Technicians.,498030,1,"Private, for-profit",1,Miramar,25.984525,-80.339008,21,-2,28618.0,0.7365907829,22.0,1,58514.999999999985,58995.652,Universal Technical Institute-South Florida Miramar,3298,-480.65234375001455,24,high,-0.008147250257517237,-0.00814576547662899
4706,Vehicle Maintenance and Repair Technologies/Technicians.,498030,1,"Private, for-profit",2,Miramar,25.984525,-80.339008,21,-2,28618.0,0.7365907829,22.0,1,60060.00000000003,54333.742,Universal Technical Institute-South Florida Miramar,1926,5726.257812500029,5,low,0.10539045502773063,0.10535525990446161
4805,Precision Metal Working.,498030,1,"Private, for-profit",1,Miramar,25.984525,-80.339008,21,-2,28618.0,0.7365907829,22.0,1,52935.99999999998,56994.402,Universal Technical Institute-South Florida Miramar,287,-4058.402343750022,15,medium,-0.07120703396927656,-0.07099658660210545
5138,"Registered Nursing, Nursing Administration, Nursing Research and Clinical Nursing.",498076,1,"Private, for-profit",2,Sarasota,27.342303,-82.449266,21,-2,32673.0,0.6627957932,30.0,1,80987.99999999993,81461.914,Galen Health Institutes-Sarasota,1897,-473.91406250007276,58,high,-0.00581761511442601,-0.005815638725725224
5138,"Registered Nursing, Nursing Administration, Nursing Research and Clinical Nursing.",498076,1,"Private, for-profit",3,Sarasota,27.342303,-82.449266,21,-2,32673.0,0.6627957932,30.0,1,91861.99999999993,91255.125,Galen Health Institutes-Sarasota,463,606.8749999999272,57,high,0.006650311420864606,0.006639009670836003
5138,"Registered Nursing, Nursing Administration, Nursing Research and Clinical Nursing.",498085,1,"Private, for-profit",2,Gainesville,29.630471,-82.417064,22,-2,32673.0,0.6627957932,30.0,1,80987.99999999993,80721.13,Galen Health Institutes-Gainesville,1897,266.86718749992724,58,high,0.003306038681590476,0.00330491553793691
5138,"Registered Nursing, Nursing Administration, Nursing Research and Clinical Nursing.",498085,1,"Private, for-profit",3,Gainesville,29.630471,-82.417064,22,-2,32673.0,0.6627957932,30.0,1,91861.99999999993,92469.336,Galen Health Institutes-Gainesville,463,-607.3359375000728,57,high,-0.006567971223569411,-0.0065568094050820905
5139,"Practical Nursing, Vocational Nursing and Nursing Assistants.",498085,1,"Private, for-profit",1,Gainesville,29.630471,-82.417064,22,-2,32673.0,0.6627957932,30.0,1,64239.99999999997,62842.543,Galen Health Institutes-Gainesville,565,1397.457031249971,47,high,0.022237436062141704,0.02220738799063212
5138,"Registered Nursing, Nursing Administration, Nursing Research and Clinical Nursing.",499370,1,"Private, for-profit",3,University Park,27.397535,-82.452156,21,-2,17322.0,0.8394683027,28.0,1,87377.99999999994,91823.52,Arizona College of Nursing-Sarasota,70,-4445.523437500058,57,high,-0.04841377537125244,-0.047671088657604443
5108,Allied Health and Medical Assisting Services.,499495,1,"Private, for-profit",1,Orlando,28.571233,-81.208356,21,-2,16256.0,0.8884615385,27.0,1,34911.0,34864.51,Gwinnett Institute,73,46.48828125,33,high,0.0013333983170341888,0.001313921276632657
5138,"Registered Nursing, Nursing Administration, Nursing Research and Clinical Nursing.",499495,1,"Private, for-profit",2,Orlando,28.571233,-81.208356,21,-2,16256.0,0.8884615385,27.0,1,85056.99999999996,84085.555,Gwinnett Institute,44,971.4453124999563,58,high,0.011553058264410422,0.011249092071590226
5139,"Practical Nursing, Vocational Nursing and Nursing Assistants.",499495,1,"Private, for-profit",1,Orlando,28.571233,-81.208356,21,-2,16256.0,0.8884615385,27.0,1,63036.00000000001,52078.227,Gwinnett Institute,40,10957.773437500007,47,high,0.21040988068880168,0.2042309599918032
